date,simulation,observation
2000-01-01,70.72934090276208,0.106
2000-01-02,76.04333190073494,0.108
2000-01-03,75.16982378883421,0.113
2000-01-04,73.72580659876557,0.11
2000-01-05,72.26441500215876,0.131
2000-01-06,70.81075727691127,0.128
2000-01-07,69.41076443216983,0.116
2000-01-08,68.00813749819581,0.108
2000-01-09,66.64585485743628,0.102
2000-01-10,65.3123580207902,0.101
2000-01-11,64.00538143067234,0.101
2000-01-12,62.88386008790523,0.13
2000-01-13,61.49567548758455,0.119
2000-01-14,60.266012553507366,0.107
2000-01-15,59.045759120698946,0.102
2000-01-16,57.86208115417018,0.105
2000-01-17,56.70336603276586,0.102
2000-01-18,55.56828766371817,0.098
2000-01-19,54.45617215530494,0.098
2000-01-20,53.36640978081057,0.093
2000-01-21,52.29962231882833,0.097
2000-01-22,51.252574715291956,0.1
2000-01-23,50.227204302314426,0.096
2000-01-24,49.22265491018134,0.095
2000-01-25,48.237738301122086,0.093
2000-01-26,47.27286841467076,0.097
2000-01-27,46.32736585907407,0.099
2000-01-28,45.40223651424667,0.098
2000-01-29,44.49452390938448,0.098
2000-01-30,43.66073009146726,0.094
2000-01-31,42.74817908793633,0.104
2000-02-01,41.88453960769898,0.097
2000-02-02,41.04406301198263,0.09
2000-02-03,40.22239176521747,0.089
2000-02-04,39.41720111700154,0.086
2000-02-05,38.628391218244616,0.09
2000-02-06,37.855942438445844,0.091
2000-02-07,37.166618704200395,0.106
2000-02-08,36.38535977839251,0.096
2000-02-09,35.69862177541167,0.094
2000-02-10,34.945267983902006,0.104
2000-02-11,34.35361671678682,0.096
2000-02-12,33.56318378819425,0.109
2000-02-13,32.87806244071673,0.088
2000-02-14,32.27990088015835,0.093
2000-02-15,31.60609437904454,0.108
2000-02-16,30.99652621822726,0.127
2000-02-17,30.37768954597939,0.128
2000-02-18,29.761762099456046,0.111
2000-02-19,29.13363519095999,0.096
2000-02-20,28.62576354544024,0.099
2000-02-21,27.98504920096127,0.101
2000-02-22,27.416567694926037,0.094
2000-02-23,26.865872047264986,0.094
2000-02-24,26.327140662369516,0.092
2000-02-25,25.799062706216194,0.092
2000-02-26,25.2821467487823,0.092
2000-02-27,25.137711596210444,0.284
2000-02-28,24.601047145141866,0.267
2000-02-29,23.850873628822605,0.17
2000-03-01,23.34617442463814,0.125
2000-03-02,23.03819101036358,0.136
2000-03-03,22.43624206096627,0.124
2000-03-04,21.970260923499072,0.109
2000-03-05,21.526287873437198,0.108
2000-03-06,21.093132709616874,0.088
2000-03-07,20.67236530547267,0.114
2000-03-08,20.255569073899192,0.109
2000-03-09,19.848580746869573,0.11
2000-03-10,19.450765772691337,0.113
2000-03-11,19.061246487558805,0.111
2000-03-12,18.679732719052186,0.112
2000-03-13,18.307660638466707,0.111
2000-03-14,17.94004759321754,0.108
2000-03-15,17.58116308779919,0.13
2000-03-16,17.22967559178957,0.112
2000-03-17,16.885288593432936,0.115
2000-03-18,16.547834400651393,0.108
2000-03-19,16.217177032451897,0.112
2000-03-20,15.893130496147474,0.11
2000-03-21,15.575594940991179,0.108
2000-03-22,15.264424833284568,0.107
2000-03-23,15.08444770501118,0.126
2000-03-24,14.68005477940473,0.109
2000-03-25,14.377142956454335,0.106
2000-03-26,14.087207282088773,0.103
2000-03-27,13.820940505669192,0.108
2000-03-28,13.532018482914335,0.103
2000-03-29,13.25910583227344,0.098
2000-03-30,12.993318245211794,0.098
2000-03-31,12.7331690777608,0.099
2000-04-01,12.508181650678711,0.101
2000-04-02,12.600617418837233,0.258
2000-04-03,12.419154601446948,1.2
2000-04-04,12.136841237493247,0.46
2000-04-05,11.822347683921844,0.235
2000-04-06,11.344811425155829,0.184
2000-04-07,11.089570178281837,0.16
2000-04-08,10.864301731253184,0.156
2000-04-09,10.640157913297477,0.151
2000-04-10,10.432809176395608,0.148
2000-04-11,10.57519728178372,0.192
2000-04-12,10.415955556316105,0.372
2000-04-13,9.901688947594167,0.328
2000-04-14,9.661130426040502,0.204
2000-04-15,9.459965947527095,0.176
2000-04-16,9.378567054047254,0.186
2000-04-17,9.157395863885736,0.204
2000-04-18,9.291177598636887,0.657
2000-04-19,8.922774178257042,0.428
2000-04-20,8.595603072496958,0.258
2000-04-21,8.669467705087852,0.264
2000-04-22,8.299372895279399,0.546
2000-04-23,8.087130433775831,0.317
2000-04-24,8.16989630242099,0.33
2000-04-25,7.8269907544544814,0.364
2000-04-26,7.680914221315417,0.33
2000-04-27,7.4688561962151185,0.284
2000-04-28,7.3105046906013245,0.273
2000-04-29,7.153157056943218,0.244
2000-04-30,7.004524427952291,0.238
2000-05-01,6.860587389013593,0.228
2000-05-02,6.720811568796205,0.197
2000-05-03,6.584623629342735,0.2
2000-05-04,6.451448918633334,0.209
2000-05-05,6.321699478470988,0.18
2000-05-06,6.195014867510312,0.165
2000-05-07,6.071152458808016,0.196
2000-05-08,5.950026614752988,0.171
2000-05-09,5.831533669725093,0.178
2000-05-10,5.715571099350572,0.185
2000-05-11,5.602038492358047,0.179
2000-05-12,5.490871549057518,0.183
2000-05-13,5.381997299858642,0.179
2000-05-14,5.275533109749973,0.176
2000-05-15,5.170951414082365,0.172
2000-05-16,5.0690836042031,0.163
2000-05-17,5.269232640104053,0.212
2000-05-18,4.915861314815047,0.174
2000-05-19,4.831349585828436,0.17
2000-05-20,4.833831716922688,0.19
2000-05-21,4.62160571188018,0.177
2000-05-22,4.517529202256243,0.168
2000-05-23,4.498227457303598,0.192
2000-05-24,4.34817743261388,0.169
2000-05-25,4.274720640669843,0.178
2000-05-26,4.5242518307933794,0.291
2000-05-27,4.48656201367005,0.302
2000-05-28,4.123025077865877,0.314
2000-05-29,3.9643772675357156,0.202
2000-05-30,3.8732823455130334,0.185
2000-05-31,3.8520014000167566,0.185
2000-06-01,3.7209350418921483,0.167
2000-06-02,3.708086905430802,0.156
2000-06-03,3.735096103789111,0.219
2000-06-04,3.5207097634627504,0.185
2000-06-05,3.433337436394535,0.162
2000-06-06,3.3609736621935165,0.157
2000-06-07,3.2907959344861046,0.149
2000-06-08,3.2235057268972533,0.143
2000-06-09,3.1583289276983586,0.129
2000-06-10,3.0945692819351946,0.121
2000-06-11,3.032678947375903,0.115
2000-06-12,2.972085700023718,0.115
2000-06-13,2.915201254372246,0.123
2000-06-14,2.8596409341478757,0.141
2000-06-15,2.7991938708692516,0.128
2000-06-16,2.743572000075019,0.127
2000-06-17,2.689468836754429,0.116
2000-06-18,2.6365286617447845,0.108
2000-06-19,2.584688369677716,0.099
2000-06-20,2.5360717003968576,0.108
2000-06-21,2.4844678173955086,0.105
2000-06-22,2.4405278812768656,0.112
2000-06-23,2.38820204126022,0.105
2000-06-24,2.3411983136042407,0.101
2000-06-25,2.295264806340048,0.1
2000-06-26,2.2500330318457786,0.098
2000-06-27,2.205928543911406,0.093
2000-06-28,2.1628715034118895,0.089
2000-06-29,2.1217041674289057,0.094
2000-06-30,2.0791931876887673,0.095
2000-07-01,2.0688846096165885,0.093
2000-07-02,2.363979753684734,0.14
2000-07-03,2.1553967613352225,0.097
2000-07-04,1.9630894733876294,0.09
2000-07-05,2.0566403495376617,0.093
2000-07-06,1.8879367663304463,0.088
2000-07-07,1.8347689489728738,0.081
2000-07-08,1.79576273452398,0.081
2000-07-09,1.7588493843943238,0.085
2000-07-10,1.772145017553227,0.095
2000-07-11,1.6942518262073167,0.074
2000-07-12,1.656191418572445,0.073
2000-07-13,1.6209182860809968,0.074
2000-07-14,1.5879507477348664,0.073
2000-07-15,1.5550439594007026,0.068
2000-07-16,1.5237175216642125,0.066
2000-07-17,1.4932816086889367,0.07
2000-07-18,1.4636170118549934,0.059
2000-07-19,1.4346684119767734,0.055
2000-07-20,1.4063932401560186,0.054
2000-07-21,1.3787559098277622,0.066
2000-07-22,1.3517266385124524,0.087
2000-07-23,1.32529233000844,0.075
2000-07-24,1.29939083362325,0.072
2000-07-25,1.2740371145654372,0.064
2000-07-26,1.249401908181933,0.064
2000-07-27,1.3652207809404948,0.08
2000-07-28,1.2906535557497811,0.068
2000-07-29,1.2777595852283536,0.066
2000-07-30,1.1816582312027717,0.062
2000-07-31,1.1841426918316313,0.07
2000-08-01,1.1318519406671022,0.07
2000-08-02,1.1058159245476087,0.066
2000-08-03,1.2041182137404736,0.066
2000-08-04,1.0770484392762352,0.059
2000-08-05,1.0436211872690293,0.059
2000-08-06,1.0201263829316642,0.059
2000-08-07,0.9999651276277922,0.062
2000-08-08,0.9780391246846589,0.058
2000-08-09,0.9576275177958868,0.049
2000-08-10,0.9381120444967999,0.055
2000-08-11,0.919266297548424,0.054
2000-08-12,0.9009840872568416,0.053
2000-08-13,0.8864231775537438,0.054
2000-08-14,0.8673709933567834,0.054
2000-08-15,0.8498011927660003,0.05
2000-08-16,0.8324651462730718,0.049
2000-08-17,0.8171318531846166,0.047
2000-08-18,0.9739097496465496,0.077
2000-08-19,0.8121376400894742,0.075
2000-08-20,0.7808092993752118,0.051
2000-08-21,1.0687125901432661,0.158
2000-08-22,0.7905160956072054,0.062
2000-08-23,0.7473671876761847,0.054
2000-08-24,0.7276225974937649,0.049
2000-08-25,0.712047805792083,0.047
2000-08-26,0.767237050941814,0.059
2000-08-27,0.6936625598287728,0.053
2000-08-28,0.6730789273039951,0.059
2000-08-29,0.6572916054754311,0.049
2000-08-30,0.6431330438486338,0.049
2000-08-31,0.7132126631795208,0.061
2000-09-01,0.6329668900590695,0.055
2000-09-02,0.6135380819930557,0.053
2000-09-03,0.597267486050175,0.05
2000-09-04,0.5846545162786317,0.049
2000-09-05,0.6321897788228064,0.052
2000-09-06,0.5721343888209731,0.05
2000-09-07,0.5566288631421548,0.048
2000-09-08,0.5427536437475184,0.046
2000-09-09,0.5312453224866023,0.043
2000-09-10,0.5203573853289427,0.044
2000-09-11,0.5098783495874081,0.044
2000-09-12,0.4997461857767229,0.045
2000-09-13,0.490192593089391,0.046
2000-09-14,0.8359510335080038,0.093
2000-09-15,0.8032912881290354,0.123
2000-09-16,0.5183390133152574,0.058
2000-09-17,0.569881333746026,0.056
2000-09-18,0.5578076045399831,0.096
2000-09-19,0.8387750105412924,0.23
2000-09-20,0.7901565076878391,0.08
2000-09-21,0.5707344434643437,0.062
2000-09-22,0.46794549103474553,0.057
2000-09-23,0.4429533270433935,0.051
2000-09-24,0.6981090556705826,0.073
2000-09-25,0.8422630718465411,0.138
2000-09-26,0.5685283639648828,0.112
2000-09-27,0.7987761363992912,0.191
2000-09-28,0.4871611482541885,0.128
2000-09-29,0.4349837184248093,0.1
2000-09-30,0.5575829041365657,0.116
2000-10-01,0.507740908017857,0.101
2000-10-02,0.4170873496682953,0.097
2000-10-03,0.39278916636942296,0.087
2000-10-04,0.3779559891002515,0.081
2000-10-05,0.36598687957790216,0.081
2000-10-06,0.37326662093168017,0.079
2000-10-07,0.6949943964809363,0.223
2000-10-08,0.5067954711735798,0.12
2000-10-09,0.7513379812254626,0.195
2000-10-10,0.8853078998760154,0.336
2000-10-11,0.48716845059187414,0.319
2000-10-12,0.42545300691235666,0.16
2000-10-13,0.3890181601660891,0.123
2000-10-14,0.3678115629741606,0.111
2000-10-15,0.35775692522057784,0.109
2000-10-16,0.335887449503682,0.107
2000-10-17,0.43190505864977435,0.113
2000-10-18,0.33851195802485334,0.107
2000-10-19,0.3186472064907458,0.1
2000-10-20,0.5847481941982927,0.131
2000-10-21,0.34947542875449544,0.141
2000-10-22,0.32437568005030776,0.123
2000-10-23,0.30713580928121337,0.137
2000-10-24,0.2988615451690702,0.125
2000-10-25,0.28382279330001625,0.13
2000-10-26,0.38872946592795893,0.112
2000-10-27,0.30633132095499854,0.113
2000-10-28,0.4917574949523421,0.162
2000-10-29,1.1822031497965013,0.959
2000-10-30,0.9252962403565516,1.315
2000-10-31,0.8329252072043891,0.329
2000-11-01,0.4829250031249405,0.229
2000-11-02,0.8562760009502332,0.379
2000-11-03,0.5082896034006068,0.257
2000-11-04,0.43094627706183686,0.2
2000-11-05,1.759900473668081,1.077
2000-11-06,1.7457117061487217,2.469
2000-11-07,1.73338203623746,1.64
2000-11-08,1.3639947404338295,0.734
2000-11-09,1.2159663341603801,0.424
2000-11-10,1.400149657410408,0.358
2000-11-11,1.4752551374241534,0.699
2000-11-12,0.9350007203828438,0.443
2000-11-13,0.7805665906154817,0.366
2000-11-14,0.6859644766941575,0.334
2000-11-15,0.8948671246442018,0.344
2000-11-16,0.7576726895751458,0.338
2000-11-17,0.6313062176806501,0.314
2000-11-18,0.7314674953979041,0.308
2000-11-19,0.5828873449074851,0.302
2000-11-20,0.5274803822358057,0.289
2000-11-21,1.190879083390874,0.431
2000-11-22,0.7640746059846887,0.461
2000-11-23,1.0758067286028243,0.435
2000-11-24,0.8615809885481235,0.421
2000-11-25,1.4146478718667055,0.597
2000-11-26,0.8808372023214083,0.448
2000-11-27,1.2679204926959002,0.475
2000-11-28,0.86608895167734,0.495
2000-11-29,0.7550999287376701,0.375
2000-11-30,0.7595326839955324,0.335
2000-12-01,0.6705845680783875,0.325
2000-12-02,0.6161365070714585,0.304
2000-12-03,0.9380452282970674,0.299
2000-12-04,0.7190104535670906,0.346
2000-12-05,1.1113539162248074,0.371
2000-12-06,0.8096408948862721,0.429
2000-12-07,1.959690667241582,1.086
2000-12-08,1.388687436386841,0.862
2000-12-09,1.2066509531959349,0.482
2000-12-10,1.3383102542566714,0.455
2000-12-11,1.2314255303895516,0.582
2000-12-12,1.4101401476384345,0.772
2000-12-13,1.1533163299088836,0.704
2000-12-14,1.1462735063658909,0.488
2000-12-15,0.9394208751894436,0.394
2000-12-16,0.9285914189824279,0.37
2000-12-17,0.8233279797717972,0.356
2000-12-18,0.7667488221506329,0.341
2000-12-19,1.0103463366117256,0.366
2000-12-20,0.7964663273157419,0.349
2000-12-21,0.739804258079842,0.322
2000-12-22,0.7060659278809363,0.31
2000-12-23,1.1001946532369484,0.309
2000-12-24,1.4487229526801895,0.684
2000-12-25,0.9733716541642836,0.438
2000-12-26,0.8694645292849955,0.357
2000-12-27,0.8206953130641663,0.323
2000-12-28,0.8266293197070989,0.305
2000-12-29,0.7622880352044031,0.288
2000-12-30,0.7307366539827745,0.272
2000-12-31,1.6314986287633961,0.557
2001-01-01,1.3784353941219973,0.774
2001-01-02,1.3563511575404479,0.877
2001-01-03,1.2768848774478931,0.488
2001-01-04,1.0937465037154035,0.444
2001-01-05,0.9744551923937974,0.367
2001-01-06,0.9111532540794599,0.326
2001-01-07,0.8675505174018862,0.31
2001-01-08,0.8209632200418683,0.297
2001-01-09,0.7899784355421594,0.287
2001-01-10,0.7656597058532542,0.277
2001-01-11,0.7456983342124565,0.271
2001-01-12,0.73053757979103,0.265
2001-01-13,0.7186110363323924,0.255
2001-01-14,0.70992736002672,0.257
2001-01-15,0.7016651626555866,0.259
2001-01-16,0.6957505288862939,0.26
2001-01-17,0.6906337900768076,0.254
2001-01-18,0.6869823823146888,0.251
2001-01-19,0.6834451166695208,0.244
2001-01-20,0.68051716305675,0.238
2001-01-21,0.9108359701453986,0.26
2001-01-22,0.9338699802379186,0.312
2001-01-23,1.6444199344951087,1.377
2001-01-24,1.1276769131485587,0.587
2001-01-25,0.9498341352435721,0.353
2001-01-26,0.9036413702473968,0.298
2001-01-27,0.8469788286656449,0.268
2001-01-28,0.8107460581251731,0.248
2001-01-29,0.7884098242685591,0.24
2001-01-30,0.8322437830722437,0.242
2001-01-31,0.7720689910733225,0.234
2001-02-01,1.0429014055425951,0.256
2001-02-02,1.392708428132816,0.344
2001-02-03,1.5448541968401195,0.41
2001-02-04,2.020588500208102,1.073
2001-02-05,2.02058813363958,0.876
2001-02-06,1.4008952392278846,0.685
2001-02-07,1.2255040611539618,0.411
2001-02-08,1.1176957976522155,0.329
2001-02-09,1.0356880447160906,0.289
2001-02-10,1.2002774376601977,0.303
2001-02-11,1.6111162756744122,0.297
2001-02-12,1.3509486430389812,0.564
2001-02-13,1.1157882976937072,0.349
2001-02-14,1.0267028045853506,0.317
2001-02-15,0.9664552492652633,0.301
2001-02-16,0.9178345130719001,0.286
2001-02-17,0.8795856672029617,0.277
2001-02-18,0.8493302012646742,0.271
2001-02-19,0.8248833429762807,0.275
2001-02-20,0.8050584065237527,0.268
2001-02-21,0.7891755974542543,0.273
2001-02-22,0.7783919269786542,0.266
2001-02-23,0.7670842683340547,0.269
2001-02-24,0.7620456644648024,0.26
2001-02-25,0.7504000118321348,0.263
2001-02-26,1.0540819853719974,0.319
2001-02-27,1.4172027261819569,0.31
2001-02-28,0.9867996452432164,0.284
2001-03-01,0.9074359532024345,0.265
2001-03-02,0.8609837944514622,0.255
2001-03-03,0.8323989367216099,0.247
2001-03-04,0.8077934010030987,0.241
2001-03-05,0.7884596733648592,0.235
2001-03-06,1.4389870252004586,0.346
2001-03-07,0.9762464840881883,0.336
2001-03-08,0.9023751395394078,0.294
2001-03-09,0.858803050948376,0.263
2001-03-10,0.8304478525185817,0.252
2001-03-11,0.8086313181480126,0.245
2001-03-12,0.9264295017687194,0.244
2001-03-13,0.8161855656633447,0.23
2001-03-14,0.7871569264537612,0.216
2001-03-15,0.7759503433040672,0.212
2001-03-16,0.8476866110248967,0.202
2001-03-17,0.8790655655620838,0.225
2001-03-18,1.0176470831028386,0.239
2001-03-19,0.8387705676107665,0.249
2001-03-20,0.9504879913066459,0.225
2001-03-21,1.2937423394257122,0.386
2001-03-22,1.2543771116622586,0.61
2001-03-23,0.982901626160611,0.379
2001-03-24,0.9188512278984754,0.283
2001-03-25,0.8778590950120732,0.262
2001-03-26,0.8263117768517935,0.235
2001-03-27,1.147700162960954,0.275
2001-03-28,1.1463586064544793,0.47
2001-03-29,0.9362640240484356,0.306
2001-03-30,0.8637666527245623,0.258
2001-03-31,0.8230826692438603,0.249
2001-04-01,0.792009900440073,0.236
2001-04-02,0.9177143130135664,0.247
2001-04-03,1.3091568278311339,0.321
2001-04-04,0.989732594309581,0.326
2001-04-05,1.5861720356738174,0.766
2001-04-06,1.4599504942659243,0.644
2001-04-07,1.3803761962050338,0.662
2001-04-08,1.2490552404177802,0.407
2001-04-09,1.1629875339258242,0.343
2001-04-10,1.0283607854598746,0.299
2001-04-11,0.9527398794952426,0.279
2001-04-12,0.8975606839379976,0.271
2001-04-13,0.8537177391330235,0.264
2001-04-14,0.9292163317912826,0.293
2001-04-15,0.9305045981594844,0.289
2001-04-16,0.8272930094744045,0.267
2001-04-17,0.8057383611803417,0.262
2001-04-18,0.7707380534752226,0.253
2001-04-19,0.7541610398964304,0.269
2001-04-20,0.7326186292675442,0.278
2001-04-21,0.718771981881746,0.276
2001-04-22,0.9647390025319666,0.315
2001-04-23,0.7410920673827771,0.299
2001-04-24,0.9638029769757966,0.348
2001-04-25,1.2924701031961239,0.634
2001-04-26,0.9166440410102212,0.423
2001-04-27,1.325550045975946,0.416
2001-04-28,1.0923196793750671,0.43
2001-04-29,0.938988471557749,0.366
2001-04-30,0.8753823192897289,0.307
2001-05-01,0.8310572655527125,0.274
2001-05-02,0.7975832578880862,0.272
2001-05-03,0.7684874349054049,0.253
2001-05-04,0.7448455260851068,0.236
2001-05-05,0.7250684678515803,0.226
2001-05-06,0.7091361585661765,0.219
2001-05-07,0.6958541591290723,0.215
2001-05-08,0.6852998328463772,0.21
2001-05-09,0.748791897781925,0.211
2001-05-10,0.6787856805160405,0.211
2001-05-11,0.6645341692652255,0.209
2001-05-12,0.656491932307612,0.205
2001-05-13,0.7328020717286505,0.205
2001-05-14,1.0372898882524477,0.36
2001-05-15,1.2075735069776958,0.379
2001-05-16,1.40233837933724,0.347
2001-05-17,1.438797640738715,0.529
2001-05-18,1.0176823819350578,0.32
2001-05-19,0.9131218508856939,0.259
2001-05-20,0.8520352925480315,0.238
2001-05-21,0.8048851474221077,0.234
2001-05-22,0.7669070197728092,0.234
2001-05-23,0.7360415875036239,0.229
2001-05-24,0.7108145827624263,0.197
2001-05-25,0.6900724350918657,0.196
2001-05-26,0.673549435506985,0.216
2001-05-27,0.6589055592401962,0.222
2001-05-28,0.6465445696948253,0.227
2001-05-29,0.6360634629600275,0.216
2001-05-30,0.6271588226805694,0.21
2001-05-31,0.6192730504766794,0.201
2001-06-01,0.6134770815606461,0.191
2001-06-02,0.6060159671522795,0.184
2001-06-03,0.6000831483165893,0.183
2001-06-04,0.5945558285554922,0.172
2001-06-05,0.5894116059090146,0.166
2001-06-06,0.5862851597231706,0.17
2001-06-07,0.5808374397257908,0.165
2001-06-08,0.5753076238504944,0.161
2001-06-09,0.5730313475256936,0.152
2001-06-10,0.5664907080263488,0.145
2001-06-11,0.5617411068594463,0.141
2001-06-12,0.5572301592387384,0.141
2001-06-13,0.5528578476502938,0.142
2001-06-14,0.6175259217693372,0.156
2001-06-15,0.8970755418200053,0.224
2001-06-16,0.6608058053430425,0.186
2001-06-17,0.5705242955334417,0.152
2001-06-18,0.5533770147696498,0.144
2001-06-19,0.5443396086724354,0.143
2001-06-20,0.5363654449952919,0.136
2001-06-21,0.5292768362294079,0.137
2001-06-22,0.522724528629193,0.138
2001-06-23,0.5165812126460042,0.133
2001-06-24,0.510759978830363,0.13
2001-06-25,0.5051935526346615,0.128
2001-06-26,0.4998391157769622,0.123
2001-06-27,0.49462275066154665,0.119
2001-06-28,0.4895623340776519,0.117
2001-06-29,0.48889113569251785,0.129
2001-06-30,0.4800696752058634,0.121
2001-07-01,0.4748589008396979,0.117
2001-07-02,0.4700192159150506,0.112
2001-07-03,0.4652617730897825,0.111
2001-07-04,0.4605411731957082,0.111
2001-07-05,0.45584826271192225,0.107
2001-07-06,0.596346329796603,0.23
2001-07-07,0.5793316672913154,0.157
2001-07-08,0.4709516522553992,0.13
2001-07-09,0.45340222768475347,0.125
2001-07-10,0.5524351918109298,0.174
2001-07-11,0.46063193743564085,0.123
2001-07-12,0.44290012787145827,0.116
2001-07-13,0.4337923591880746,0.116
2001-07-14,0.42545283854038507,0.109
2001-07-15,0.41908592926779403,0.104
2001-07-16,0.41316463091264577,0.105
2001-07-17,0.8409809369398409,0.254
2001-07-18,0.8545602152522767,0.432
2001-07-19,0.8063858923507005,0.184
2001-07-20,0.7895637500789924,0.16
2001-07-21,0.48995586510352335,0.148
2001-07-22,0.429463563175593,0.14
2001-07-23,0.4132537266668141,0.138
2001-07-24,0.40267713950206024,0.134
2001-07-25,0.3937615751146053,0.119
2001-07-26,0.3859068455795307,0.113
2001-07-27,0.37887605108450195,0.108
2001-07-28,0.3725035507427538,0.113
2001-07-29,0.36665931423590337,0.11
2001-07-30,0.36124022700112196,0.104
2001-07-31,0.3561667165014814,0.104
2001-08-01,0.35136129893141244,0.101
2001-08-02,0.34889891689377145,0.106
2001-08-03,0.3469405484414291,0.108
2001-08-04,0.3432506741847388,0.108
2001-08-05,0.6379369312810852,0.097
2001-08-06,0.7143518177157426,0.259
2001-08-07,0.5178971220961325,0.171
2001-08-08,0.372147348555769,0.155
2001-08-09,0.40463423586166225,0.146
2001-08-10,0.3494266830635814,0.133
2001-08-11,0.3393119104397682,0.135
2001-08-12,0.33245592276305946,0.149
2001-08-13,0.32110759653130977,0.139
2001-08-14,0.3144695141556254,0.13
2001-08-15,0.46920191791145177,0.124
2001-08-16,0.3303357142240417,0.163
2001-08-17,0.30971943349072945,0.114
2001-08-18,0.3064175557623521,0.112
2001-08-19,0.2982463535579841,0.111
2001-08-20,0.291557199648338,0.107
2001-08-21,0.2867272185017216,0.102
2001-08-22,0.28233556292492473,0.101
2001-08-23,0.27833929634550436,0.093
2001-08-24,0.2743895612309588,0.096
2001-08-25,0.27378582820835995,0.119
2001-08-26,0.2673548664639138,0.097
2001-08-27,0.26362579055521146,0.088
2001-08-28,0.2602404455361585,0.088
2001-08-29,0.2569641927206858,0.087
2001-08-30,0.27204331536863363,0.096
2001-08-31,0.256666308507613,0.088
2001-09-01,0.2512934531362939,0.087
2001-09-02,0.24788501175865213,0.092
2001-09-03,0.24806063110393695,0.091
2001-09-04,0.2413306967191925,0.077
2001-09-05,0.4226370336394698,0.097
2001-09-06,0.2619878097398886,0.085
2001-09-07,0.24256349618115008,0.082
2001-09-08,0.2356414063126555,0.079
2001-09-09,0.23129576684406633,0.077
2001-09-10,0.22713258235610073,0.075
2001-09-11,0.2234076926611424,0.072
2001-09-12,0.2893555416361745,0.089
2001-09-13,0.2597659351853402,0.088
2001-09-14,0.22766729145299744,0.076
2001-09-15,0.22154278612657663,0.073
2001-09-16,0.21688384469625832,0.069
2001-09-17,0.2115576879598582,0.071
2001-09-18,0.20931881368827412,0.072
2001-09-19,0.20600147441032685,0.074
2001-09-20,0.20269585152636813,0.076
2001-09-21,0.19712734876595384,0.07
2001-09-22,0.19402220791535843,0.073
2001-09-23,0.33651772487560355,0.091
2001-09-24,0.5388180899257513,0.231
2001-09-25,0.2399955490982279,0.113
2001-09-26,0.2095879305870614,0.087
2001-09-27,0.22667617490516034,0.093
2001-09-28,0.2656824480292862,0.098
2001-09-29,0.23157765622796997,0.128
2001-09-30,0.4172583463007962,0.172
2001-10-01,0.2197505185197302,0.147
2001-10-02,0.19391255520019227,0.099
2001-10-03,0.18597024104234472,0.089
2001-10-04,0.22443073350108098,0.084
2001-10-05,0.18576896037305576,0.092
2001-10-06,0.22925771241360027,0.079
2001-10-07,0.4389264994258636,0.111
2001-10-08,0.2765982553865398,0.136
2001-10-09,0.19420368348100756,0.1
2001-10-10,0.18169722469781477,0.087
2001-10-11,0.17295774622340207,0.08
2001-10-12,0.16749895711281804,0.079
2001-10-13,0.16299341963280212,0.079
2001-10-14,0.16064491404013645,0.079
2001-10-15,0.3855612068698614,0.268
2001-10-16,0.18559211649858504,0.137
2001-10-17,0.3646250582424052,0.128
2001-10-18,0.18743947420837773,0.169
2001-10-19,0.3979143268738604,0.148
2001-10-20,0.2084209869525172,0.195
2001-10-21,0.5752084506396327,0.834
2001-10-22,0.6292127145167256,0.562
2001-10-23,0.5215060826328445,0.402
2001-10-24,0.24287097080939432,0.221
2001-10-25,0.36693338090360267,0.182
2001-10-26,0.6383933143399988,0.797
2001-10-27,0.3502028565909785,0.301
2001-10-28,0.2334704256775348,0.213
2001-10-29,0.20675484843521513,0.191
2001-10-30,0.2624954831336986,0.187
2001-10-31,0.19937881096196705,0.17
2001-11-01,0.18258378544319429,0.163
2001-11-02,0.17228528110401822,0.167
2001-11-03,0.16425872498940644,0.167
2001-11-04,0.15782242173370234,0.167
2001-11-05,0.1533890678813177,0.168
2001-11-06,0.15698706457554085,0.175
2001-11-07,0.2764762420399534,0.196
2001-11-08,0.20807310963945694,0.214
2001-11-09,0.1606459535524444,0.168
2001-11-10,0.1511262756620384,0.162
2001-11-11,0.2316070404548403,0.191
2001-11-12,0.19146570403441168,0.228
2001-11-13,0.1560161193098341,0.189
2001-11-14,0.14768150442571257,0.182
2001-11-15,0.14297777032789163,0.184
2001-11-16,0.13925591736326934,0.161
2001-11-17,0.13614824627542663,0.158
2001-11-18,0.13350718461166838,0.16
2001-11-19,0.13125352973935903,0.157
2001-11-20,0.1292661417288013,0.154
2001-11-21,0.150176317215047,0.176
2001-11-22,0.1300113751831443,0.154
2001-11-23,0.12644436860841213,0.152
2001-11-24,0.12476162126946747,0.153
2001-11-25,0.15137361226052057,0.154
2001-11-26,0.12666620075810223,0.152
2001-11-27,0.1896407154954362,0.175
2001-11-28,0.13483930151146428,0.155
2001-11-29,0.16949405299864295,0.163
2001-11-30,0.23411118604025286,0.168
2001-12-01,0.23358738728953832,0.234
2001-12-02,0.14300606324797915,0.18
2001-12-03,0.39254921681684435,0.269
2001-12-04,0.38983373413011285,0.277
2001-12-05,0.2073624350760052,0.32
2001-12-06,0.17365286956837006,0.204
2001-12-07,0.15973780167724116,0.177
2001-12-08,0.14996213188316662,0.163
2001-12-09,0.14216018594139793,0.156
2001-12-10,0.13584574109385308,0.157
2001-12-11,0.1303811674644931,0.146
2001-12-12,0.12611093913010987,0.144
2001-12-13,0.12259847265886635,0.153
2001-12-14,0.12000332954898746,0.154
2001-12-15,0.1174110195471704,0.145
2001-12-16,0.11482335048000902,0.157
2001-12-17,0.11332586968156087,0.161
2001-12-18,0.11139151948644171,0.151
2001-12-19,0.11005594967204499,0.139
2001-12-20,0.1087786756600947,0.137
2001-12-21,0.244061839779063,0.165
2001-12-22,0.12518370431462228,0.14
2001-12-23,0.11243077530526603,0.136
2001-12-24,0.17812867135300406,0.148
2001-12-25,0.11988845914905137,0.137
2001-12-26,0.11244560760428188,0.132
2001-12-27,0.10962092368275282,0.135
2001-12-28,0.11073940664197353,0.126
2001-12-29,0.10737627301744872,0.13
2001-12-30,0.10402901710388351,0.13
2001-12-31,0.1022026261792384,0.126
2002-01-01,0.10071010542159423,0.121
2002-01-02,0.09937481165417239,0.124
2002-01-03,0.0981515062807246,0.122
2002-01-04,0.0970186986908893,0.122
2002-01-05,0.11150583072103006,0.125
2002-01-06,0.09839867654389216,0.126
2002-01-07,0.09618500428824327,0.125
2002-01-08,0.09410204975763353,0.115
2002-01-09,0.09810822514165408,0.117
2002-01-10,0.2628952496738922,0.131
2002-01-11,0.14131380822305128,0.139
2002-01-12,0.1065407265027725,0.133
2002-01-13,0.09976446037043427,0.128
2002-01-14,0.09735070893002978,0.127
2002-01-15,0.09433662338024858,0.121
2002-01-16,0.09203368543104383,0.119
2002-01-17,0.0905984209951704,0.121
2002-01-18,0.15090552118968964,0.137
2002-01-19,0.09686572145275807,0.129
2002-01-20,0.1140611390626127,0.136
2002-01-21,0.09273926608013092,0.137
2002-01-22,0.19153915548951836,0.129
2002-01-23,0.2045456751024754,0.202
2002-01-24,0.11707157731571823,0.155
2002-01-25,0.4401532016464901,0.242
2002-01-26,0.4870439304241155,0.496
2002-01-27,0.48630009723827927,0.31
2002-01-28,0.2581878207054836,0.256
2002-01-29,0.2021723593298138,0.198
2002-01-30,0.2569972733185759,0.192
2002-01-31,0.25873196797056064,0.203
2002-02-01,0.1870892413499359,0.185
2002-02-02,0.5142027498787828,0.46
2002-02-03,0.24484667018519907,0.3
2002-02-04,0.7261740700246234,0.584
2002-02-05,0.4125165731985493,0.505
2002-02-06,0.2781429285020642,0.293
2002-02-07,0.34105740989844685,0.273
2002-02-08,0.273884138506967,0.247
2002-02-09,0.22952025515406624,0.236
2002-02-10,0.34146094133424165,0.225
2002-02-11,0.34499504104025974,0.289
2002-02-12,0.23786341899868682,0.228
2002-02-13,0.4312419417149909,0.263
2002-02-14,0.25470924819850527,0.229
2002-02-15,0.2156580728191027,0.222
2002-02-16,0.1949669840390433,0.217
2002-02-17,0.1792274182319805,0.214
2002-02-18,0.17648161147110228,0.21
2002-02-19,0.6225567218948386,0.36
2002-02-20,0.3794925976230919,0.4
2002-02-21,0.35293595497215696,0.299
2002-02-22,0.5548413127497525,0.351
2002-02-23,0.35955947109039826,0.704
2002-02-24,0.6820758779356827,0.46
2002-02-25,0.833483342658883,0.827
2002-02-26,0.46553077197349485,0.683
2002-02-27,0.374760451377261,0.404
2002-02-28,0.39270160998132364,0.338
2002-03-01,0.31983392105711417,0.304
2002-03-02,0.28588690668287964,0.292
2002-03-03,0.2600829426682993,0.28
2002-03-04,0.2409413771702671,0.284
2002-03-05,0.22548412114297023,0.276
2002-03-06,0.2136639092380294,0.284
2002-03-07,0.20454618376629363,0.267
2002-03-08,0.19769782076114661,0.26
2002-03-09,0.192594993458388,0.268
2002-03-10,0.21477019499724798,0.276
2002-03-11,0.19013311275637243,0.258
2002-03-12,0.18542356052394648,0.25
2002-03-13,0.18312729372487746,0.252
2002-03-14,0.25065423470836234,0.249
2002-03-15,0.3606378128267444,0.288
2002-03-16,0.20982676036602566,0.26
2002-03-17,0.19593531448558038,0.254
2002-03-18,0.41295767131694,0.378
2002-03-19,0.23461504347499718,0.289
2002-03-20,0.2642643987449143,0.278
2002-03-21,0.22109299929374154,0.259
2002-03-22,0.21064385643004846,0.244
2002-03-23,0.20449171777831965,0.235
2002-03-24,0.20000927105371863,0.23
2002-03-25,0.19640309517042792,0.225
2002-03-26,0.19350305365913767,0.217
2002-03-27,0.19113987703242769,0.211
2002-03-28,0.189256486765735,0.209
2002-03-29,0.18770508663108226,0.204
2002-03-30,0.18641566604629367,0.202
2002-03-31,0.185321477104134,0.197
2002-04-01,0.18477631504478828,0.201
2002-04-02,0.1838258216722213,0.194
2002-04-03,0.18273503790034193,0.184
2002-04-04,0.18196110434313742,0.176
2002-04-05,0.18124300144479485,0.149
2002-04-06,0.18053986300195984,0.129
2002-04-07,0.17983747373057438,0.127
2002-04-08,0.1791384412713029,0.124
2002-04-09,0.17840312045260076,0.13
2002-04-10,0.17765750370064892,0.126
2002-04-11,0.17689086501076495,0.13
2002-04-12,0.17615536269640258,0.132
2002-04-13,0.17528151879818513,0.135
2002-04-14,0.1744337140169858,0.128
2002-04-15,0.17355027523422245,0.122
2002-04-16,0.1726441926936938,0.12
2002-04-17,0.17175992647677793,0.136
2002-04-18,0.17214919450201513,0.143
2002-04-19,0.16990342186772198,0.14
2002-04-20,0.16875642554565945,0.141
2002-04-21,0.16770331689405255,0.142
2002-04-22,0.1666367956316341,0.141
2002-04-23,0.16554837955823123,0.137
2002-04-24,0.16443797969443374,0.133
2002-04-25,0.20038547369810406,0.141
2002-04-26,0.1868461527694371,0.162
2002-04-27,0.3585390117680795,0.194
2002-04-28,0.26364531354073917,0.163
2002-04-29,0.33853949196013666,0.171
2002-04-30,0.20214179524452175,0.192
2002-05-01,0.18065947752959446,0.16
2002-05-02,0.17470020518820079,0.145
2002-05-03,0.16992758132673785,0.138
2002-05-04,0.1648879699761554,0.139
2002-05-05,0.16219896610995427,0.135
2002-05-06,0.15900590935557057,0.139
2002-05-07,0.15625447252478356,0.137
2002-05-08,0.1539993060259585,0.136
2002-05-09,0.15197721700604092,0.108
2002-05-10,0.1501153555887133,0.134
2002-05-11,0.14837608209495445,0.106
2002-05-12,0.20020539885169356,0.095
2002-05-13,0.26318238130359095,0.165
2002-05-14,0.16651421440316158,0.132
2002-05-15,0.1537731933530514,0.102
2002-05-16,0.14955030492379526,0.111
2002-05-17,0.3402954769452154,0.147
2002-05-18,0.17456537648818599,0.133
2002-05-19,0.15352554105103203,0.125
2002-05-20,0.28722470562004376,0.161
2002-05-21,0.22548394772837166,0.142
2002-05-22,0.16198945784470956,0.128
2002-05-23,0.2690318973462292,0.136
2002-05-24,0.1685362851714187,0.172
2002-05-25,0.20348635316160754,0.14
2002-05-26,0.18704982153936658,0.23
2002-05-27,0.1534397259851433,0.151
2002-05-28,0.14989403387523167,0.148
2002-05-29,0.14167896710513317,0.135
2002-05-30,0.13821927609943813,0.128
2002-05-31,0.13425129128094623,0.12
2002-06-01,0.13143969022977958,0.117
2002-06-02,0.12903965190286784,0.115
2002-06-03,0.13066561153975884,0.121
2002-06-04,0.12534880100251466,0.125
2002-06-05,0.4004642735277286,0.167
2002-06-06,0.16529750710383093,0.139
2002-06-07,0.13720479153377985,0.123
2002-06-08,0.12947991866791503,0.123
2002-06-09,0.2136571241452014,0.129
2002-06-10,0.14108394229585045,0.117
2002-06-11,0.13013751284629138,0.113
2002-06-12,0.12373305816540328,0.113
2002-06-13,0.12483268369207011,0.115
2002-06-14,0.12222160054952172,0.122
2002-06-15,0.11711942070857533,0.11
2002-06-16,0.1140845135688205,0.102
2002-06-17,0.11222437465494245,0.098
2002-06-18,0.1106090323428416,0.095
2002-06-19,0.1091260130838835,0.092
2002-06-20,0.10779459129115125,0.085
2002-06-21,0.10644908508082905,0.086
2002-06-22,0.10518923930869663,0.086
2002-06-23,0.10398101599563124,0.084
2002-06-24,0.10281586755300037,0.083
2002-06-25,0.10168437914116905,0.086
2002-06-26,0.10315962477577034,0.092
2002-06-27,0.10053081463006558,0.06
2002-06-28,0.09852259958516697,0.079
2002-06-29,0.09738032310337416,0.086
2002-06-30,0.09793949296031075,0.084
2002-07-01,0.09879771539587393,0.092
2002-07-02,0.09758893405513593,0.087
2002-07-03,0.15940534986460567,0.103
2002-07-04,0.35638344199385985,0.103
2002-07-05,0.18823469270082743,0.127
2002-07-06,0.11958566573405514,0.1
2002-07-07,0.11295855688964096,0.098
2002-07-08,0.10610071735638026,0.102
2002-07-09,0.3325342738513054,0.145
2002-07-10,0.13153151285644826,0.095
2002-07-11,0.10852472053149248,0.096
2002-07-12,0.10129019144002292,0.082
2002-07-13,0.09727076522086044,0.066
2002-07-14,0.09414501902164579,0.077
2002-07-15,0.09152234721554804,0.081
2002-07-16,0.08925883551770761,0.082
2002-07-17,0.0873183578325916,0.077
2002-07-18,0.08558346963234058,0.075
2002-07-19,0.44514070689852014,0.178
2002-07-20,0.46143177355666987,0.157
2002-07-21,0.14701498614820804,0.102
2002-07-22,0.11424954058134772,0.106
2002-07-23,0.10202870454309071,0.103
2002-07-24,0.09643231229756126,0.088
2002-07-25,0.09227307169324242,0.082
2002-07-26,0.08886326220176008,0.078
2002-07-27,0.08602287513063901,0.08
2002-07-28,0.08363003902171792,0.077
2002-07-29,0.42471122733509026,0.156
2002-07-30,0.5484196135809425,0.384
2002-07-31,0.5143289813760693,0.438
2002-08-01,0.5684479709293787,0.354
2002-08-02,0.5075094990435167,0.185
2002-08-03,0.3254324206206631,0.142
2002-08-04,0.15740765297398962,0.135
2002-08-05,0.12969131509307702,0.125
2002-08-06,0.11716613161002103,0.099
2002-08-07,0.3858208992858234,0.094
2002-08-08,0.525124641653288,0.124
2002-08-09,0.29594471434625635,0.165
2002-08-10,0.1658301271580722,0.113
2002-08-11,0.1392042728843236,0.106
2002-08-12,0.12624460368208887,0.09
2002-08-13,0.11702619393539482,0.08
2002-08-14,0.10977764716910776,0.075
2002-08-15,0.10399920992314242,0.071
2002-08-16,0.09938117338909992,0.07
2002-08-17,0.09568338344844639,0.07
2002-08-18,0.12413595773922842,0.069
2002-08-19,0.10036240160153874,0.077
2002-08-20,0.09305067577838198,0.074
2002-08-21,0.09019036098841096,0.071
2002-08-22,0.08901596037219926,0.069
2002-08-23,0.0891702599186029,0.064
2002-08-24,0.0858516346224036,0.064
2002-08-25,0.08438415325564877,0.062
2002-08-26,0.08344728042711921,0.064
2002-08-27,0.08266657953566933,0.063
2002-08-28,0.08202013957759824,0.06
2002-08-29,0.08154967284972311,0.061
2002-08-30,0.08099577640572893,0.06
2002-08-31,0.08035576869791164,0.073
2002-09-01,0.07986770715855404,0.075
2002-09-02,0.07941153195298231,0.075
2002-09-03,0.07897062938197329,0.074
2002-09-04,0.07853344508723678,0.072
2002-09-05,0.07934695203423467,0.068
2002-09-06,0.20524167230250256,0.073
2002-09-07,0.10934442289616335,0.093
2002-09-08,0.0892313766574316,0.071
2002-09-09,0.4475184860027816,0.27
2002-09-10,0.36808048605009036,0.102
2002-09-11,0.1302294059106222,0.092
2002-09-12,0.10221241852667606,0.081
2002-09-13,0.09517849238050408,0.07
2002-09-14,0.09095586065004534,0.071
2002-09-15,0.08764977148147202,0.071
2002-09-16,0.08494723864932234,0.069
2002-09-17,0.0827124073762957,0.068
2002-09-18,0.0808722800316395,0.068
2002-09-19,0.07928082943137583,0.065
2002-09-20,0.07793654640950097,0.06
2002-09-21,0.07677915823907705,0.064
2002-09-22,0.07580665964233305,0.065
2002-09-23,0.07486992449876734,0.064
2002-09-24,0.07405421507235346,0.059
2002-09-25,0.07383077805169266,0.058
2002-09-26,0.07266929203602948,0.059
2002-09-27,0.07197416374259631,0.06
2002-09-28,0.07135045240110018,0.062
2002-09-29,0.0707536153418717,0.065
2002-09-30,0.0701740753125788,0.065
2002-10-01,0.07010358359012316,0.065
2002-10-02,0.06952146522109887,0.063
2002-10-03,0.06855132326261927,0.06
2002-10-04,0.06795227374250971,0.06
2002-10-05,0.0674270036146313,0.06
2002-10-06,0.06685154344336414,0.062
2002-10-07,0.06630047429648754,0.063
2002-10-08,0.0657506881530611,0.059
2002-10-09,0.06519949820804775,0.061
2002-10-10,0.06464658523150023,0.061
2002-10-11,0.3269472672937975,0.072
2002-10-12,0.1023746854254818,0.079
2002-10-13,0.18499831719321524,0.07
2002-10-14,0.11691761186317515,0.07
2002-10-15,0.47593036623165086,0.754
2002-10-16,0.44843841142031016,0.206
2002-10-17,0.36737266990700496,0.111
2002-10-18,0.12253544504872683,0.096
2002-10-19,0.09285286553925186,0.085
2002-10-20,0.45967030991239577,0.156
2002-10-21,0.48751335237842536,0.301
2002-10-22,0.27646498867596864,0.244
2002-10-23,0.18097849409091304,0.179
2002-10-24,0.12235057081267811,0.14
2002-10-25,0.3252190036130754,0.235
2002-10-26,0.2976762962254808,0.193
2002-10-27,0.20013645294919397,0.219
2002-10-28,0.17295233481503408,0.15
2002-10-29,0.19878780020720443,0.184
2002-10-30,0.1230869682934781,0.152
2002-10-31,0.10719947528913439,0.132
2002-11-01,0.35471494431073125,0.402
2002-11-02,0.45809436242869583,0.812
2002-11-03,0.16760930785495662,0.364
2002-11-04,0.13103506206582546,0.23
2002-11-05,0.5793727622080377,0.289
2002-11-06,0.38447555196494226,1.489
2002-11-07,0.28692187743038416,0.312
2002-11-08,0.5383386177280994,0.617
2002-11-09,0.46149725493757326,0.356
2002-11-10,0.2874529874704581,0.523
2002-11-11,0.23352761019350085,0.316
2002-11-12,0.58012276715166,0.429
2002-11-13,0.6454094017431539,0.758
2002-11-14,0.4350458185511155,0.86
2002-11-15,0.4264949299880108,0.427
2002-11-16,0.4832597410272327,0.756
2002-11-17,0.31738445992300207,0.426
2002-11-18,0.2572998529967851,0.344
2002-11-19,0.2310342540269626,0.304
2002-11-20,0.35377716250725033,0.339
2002-11-21,0.3244928771640345,0.349
2002-11-22,0.2804076984004029,0.339
2002-11-23,0.35830138482486923,0.38
2002-11-24,0.23994568446273362,0.338
2002-11-25,0.20953315346573054,0.308
2002-11-26,0.19237992960761463,0.277
2002-11-27,0.21115501972207265,0.273
2002-11-28,0.18053228450320624,0.261
2002-11-29,0.16920219867021707,0.248
2002-11-30,0.5063078979295295,0.289
2002-12-01,0.4786751216134132,0.579
2002-12-02,0.29984146746191354,0.43
2002-12-03,0.4590960357660499,0.326
2002-12-04,0.3842457730818451,0.409
2002-12-05,0.28441694438396387,0.305
2002-12-06,0.30825006231237156,0.275
2002-12-07,0.2536438866966473,0.265
2002-12-08,0.22918291110641956,0.253
2002-12-09,0.21380249069531046,0.242
2002-12-10,0.20226707270195474,0.235
2002-12-11,0.19338162435163095,0.229
2002-12-12,0.2218270508568116,0.227
2002-12-13,0.39310955270383,0.241
2002-12-14,0.6385115263903127,0.257
2002-12-15,0.7403201024519713,0.734
2002-12-16,0.5759841073931504,0.613
2002-12-17,0.3956862064765995,0.377
2002-12-18,0.34231288987302094,0.306
2002-12-19,0.30955599940429135,0.281
2002-12-20,0.2838044409083335,0.268
2002-12-21,1.1890304249951833,0.625
2002-12-22,0.8446281476607518,1.115
2002-12-23,0.878884379587398,0.612
2002-12-24,0.5571037227755408,0.51
2002-12-25,0.7630917663797527,0.404
2002-12-26,1.001934145688697,0.503
2002-12-27,0.6186177536679613,0.637
2002-12-28,0.7906955548391357,0.451
2002-12-29,1.8612513576373961,0.666
2002-12-30,1.2931313004589366,0.88
2002-12-31,1.5067930767724727,0.575
2003-01-01,1.112471208530795,0.854
2003-01-02,1.715078931008668,0.827
2003-01-03,1.0733704421533263,0.924
2003-01-04,0.8722509966109199,0.666
2003-01-05,0.7571896361194258,0.528
2003-01-06,0.6703847310727832,0.474
2003-01-07,0.6049257091231887,0.435
2003-01-08,0.8137567177830488,0.421
2003-01-09,0.63552646263563,0.421
2003-01-10,0.5655519760685833,0.402
2003-01-11,0.5176963981710507,0.39
2003-01-12,0.5306250132962863,0.378
2003-01-13,0.4860516000526322,0.382
2003-01-14,0.4610767324926992,0.381
2003-01-15,0.443852105252549,0.362
2003-01-16,0.4309707790116346,0.354
2003-01-17,0.5234145741477371,0.349
2003-01-18,1.6011464545608376,0.355
2003-01-19,1.4358444117415379,0.604
2003-01-20,1.1958676238909949,0.683
2003-01-21,0.9824706404479203,0.708
2003-01-22,0.8244540016527881,0.654
2003-01-23,0.7366582167307701,0.498
2003-01-24,0.7878995234136781,0.383
2003-01-25,0.8402853749452895,0.373
2003-01-26,0.6936196707589344,0.374
2003-01-27,0.7221909106332467,0.371
2003-01-28,0.8523814317830073,0.364
2003-01-29,0.6822673684495354,0.352
2003-01-30,0.6339051580792754,0.331
2003-01-31,0.7036868906259824,0.314
2003-02-01,0.6181904637245024,0.317
2003-02-02,0.748214194864662,0.323
2003-02-03,0.7543891004253086,0.326
2003-02-04,0.6446216342808375,0.309
2003-02-05,0.60736403230492,0.288
2003-02-06,0.5884859646586817,0.288
2003-02-07,0.569129384834627,0.285
2003-02-08,0.6990301501423206,0.293
2003-02-09,0.5991722664231052,0.297
2003-02-10,0.9469219214324871,0.306
2003-02-11,0.6832269892996118,0.323
2003-02-12,0.6324906025612016,0.291
2003-02-13,0.608609039170835,0.273
2003-02-14,0.5888437455727825,0.251
2003-02-15,0.5747241052177664,0.244
2003-02-16,0.5633978964047227,0.238
2003-02-17,0.5545221070343342,0.234
2003-02-18,0.5475328095917874,0.233
2003-02-19,0.5418215866319122,0.232
2003-02-20,0.5371427873727118,0.221
2003-02-21,0.5333440917407365,0.217
2003-02-22,0.5300511491092903,0.213
2003-02-23,0.5301349754798151,0.21
2003-02-24,0.5250112729127956,0.21
2003-02-25,0.5225037604358909,0.216
2003-02-26,0.5203985861644247,0.204
2003-02-27,0.5184128488496583,0.203
2003-02-28,0.6436199967486124,0.219
2003-03-01,0.6021081853331356,0.223
2003-03-02,0.5335263542300065,0.212
2003-03-03,0.5306188763873985,0.205
2003-03-04,0.5248380306736553,0.226
2003-03-05,0.7089257216963678,0.28
2003-03-06,0.5485493736526479,0.227
2003-03-07,0.719603684488495,0.253
2003-03-08,0.6881718666916524,0.239
2003-03-09,0.5903800203892375,0.225
2003-03-10,0.5779604014916889,0.221
2003-03-11,0.5533725923938736,0.203
2003-03-12,0.5354160241274944,0.186
2003-03-13,0.5244051758998627,0.19
2003-03-14,0.5156836582957376,0.186
2003-03-15,0.5081338892935127,0.18
2003-03-16,0.5015800854318715,0.179
2003-03-17,0.49572627237811157,0.185
2003-03-18,0.4904614574279212,0.177
2003-03-19,0.4856333894985901,0.171
2003-03-20,0.48114811608751806,0.171
2003-03-21,0.47693809065498693,0.165
2003-03-22,0.4728941039979842,0.163
2003-03-23,0.4690083513010187,0.161
2003-03-24,0.4652309779238742,0.166
2003-03-25,0.46153139899140033,0.156
2003-03-26,0.4578802959332422,0.16
2003-03-27,0.45426459026757676,0.164
2003-03-28,0.4506668006179195,0.168
2003-03-29,0.447079549097827,0.166
2003-03-30,0.4434890692483043,0.161
2003-03-31,0.4420901005839652,0.166
2003-04-01,0.4615337597806185,0.177
2003-04-02,0.4382365588573001,0.167
2003-04-03,0.432129628141626,0.132
2003-04-04,0.42777006513515775,0.141
2003-04-05,0.4236569968049707,0.124
2003-04-06,0.4196371418031976,0.127
2003-04-07,0.41567996707150684,0.126
2003-04-08,0.4117478438800637,0.117
2003-04-09,0.4078680211806638,0.116
2003-04-10,0.4043790820530511,0.114
2003-04-11,0.4001984781158114,0.11
2003-04-12,0.3963136111430606,0.11
2003-04-13,0.39248474342388356,0.108
2003-04-14,0.38866826080349753,0.134
2003-04-15,0.3848587197122058,0.137
2003-04-16,0.3810548353829541,0.13
2003-04-17,0.37725613045474476,0.13
2003-04-18,0.37346252335276203,0.131
2003-04-19,0.36967618370976085,0.135
2003-04-20,0.3662609458507542,0.139
2003-04-21,0.3621530632735688,0.144
2003-04-22,0.35834957169361825,0.119
2003-04-23,0.3545847449672197,0.129
2003-04-24,0.3740968110169623,0.141
2003-04-25,0.38782802037390834,0.117
2003-04-26,0.3567617821113374,0.113
2003-04-27,0.6217530346847674,0.189
2003-04-28,0.38218349684832514,0.186
2003-04-29,0.3536146513301452,0.121
2003-04-30,0.346891498035268,0.147
2003-05-01,0.4505786697816001,0.15
2003-05-02,0.41975879980015374,0.199
2003-05-03,0.3468282735261252,0.154
2003-05-04,0.33247488646724943,0.145
2003-05-05,0.3251025335424729,0.151
2003-05-06,0.31910061405869095,0.14
2003-05-07,0.3136881616917079,0.133
2003-05-08,0.30870133390311344,0.129
2003-05-09,0.30411528725733367,0.129
2003-05-10,0.30258382632765785,0.129
2003-05-11,0.29704083662259556,0.132
2003-05-12,0.29244186545189166,0.138
2003-05-13,0.28991059883413867,0.119
2003-05-14,0.2851280056313585,0.117
2003-05-15,0.28399679525578575,0.116
2003-05-16,0.361394382730942,0.179
2003-05-17,0.32382525009488916,0.16
2003-05-18,0.3196172860374274,0.165
2003-05-19,0.4207005478324276,0.152
2003-05-20,0.31637145103080205,0.164
2003-05-21,0.30950914330534784,0.155
2003-05-22,0.2863270472288535,0.193
2003-05-23,0.27518003565603905,0.155
2003-05-24,0.2671834777959121,0.139
2003-05-25,0.26134240429871997,0.13
2003-05-26,0.25560223524796194,0.126
2003-05-27,0.2509188225499444,0.125
2003-05-28,0.24663935915831126,0.123
2003-05-29,0.24268261548469333,0.118
2003-05-30,0.23897497386801075,0.116
2003-05-31,0.23546823479362206,0.116
2003-06-01,0.34210105681645714,0.119
2003-06-02,0.24756277119623657,0.122
2003-06-03,0.23429594652000324,0.116
2003-06-04,0.22933396488628008,0.115
2003-06-05,0.22748199121435245,0.104
2003-06-06,0.2229152207019019,0.112
2003-06-07,0.22171691919483372,0.114
2003-06-08,0.24418342089535552,0.129
2003-06-09,0.22020252676080518,0.113
2003-06-10,0.29496617635992894,0.106
2003-06-11,0.22385162561817903,0.086
2003-06-12,0.21261210536336891,0.076
2003-06-13,0.20756988435379323,0.077
2003-06-14,0.20348123279347693,0.085
2003-06-15,0.19979379167543626,0.085
2003-06-16,0.19639036110968108,0.086
2003-06-17,0.19455582668645316,0.103
2003-06-18,0.19053163838552947,0.094
2003-06-19,0.1874779334225709,0.089
2003-06-20,0.1846754086180191,0.086
2003-06-21,0.18213937892588672,0.087
2003-06-22,0.5451660754096492,0.169
2003-06-23,0.39220799458348615,0.155
2003-06-24,0.21811318934125185,0.107
2003-06-25,0.1951571335094908,0.095
2003-06-26,0.18750204095957437,0.088
2003-06-27,0.30759308087624987,0.124
2003-06-28,0.19835455295775126,0.101
2003-06-29,0.2645108659551633,0.096
2003-06-30,0.5858801553448939,0.259
2003-07-01,0.5864837123694732,0.296
2003-07-02,0.5919965126930987,0.15
2003-07-03,0.26373123592562875,0.145
2003-07-04,0.21539846427568093,0.118
2003-07-05,0.20014363613808508,0.109
2003-07-06,0.18991583819770472,0.102
2003-07-07,0.18260959417273062,0.097
2003-07-08,0.17509346764245284,0.099
2003-07-09,0.1690924630081444,0.096
2003-07-10,0.16418631772484293,0.091
2003-07-11,0.15999870140938816,0.092
2003-07-12,0.15637098967360752,0.088
2003-07-13,0.1531893842219106,0.085
2003-07-14,0.15036463440795567,0.088
2003-07-15,0.14782454870909786,0.078
2003-07-16,0.19775080737214693,0.076
2003-07-17,0.15669825891206185,0.083
2003-07-18,0.1477626354136418,0.079
2003-07-19,0.144275854274272,0.078
2003-07-20,0.14207274679506288,0.081
2003-07-21,0.1416322435393463,0.088
2003-07-22,0.1373103780185189,0.081
2003-07-23,0.13535610344302773,0.079
2003-07-24,0.16962759364258762,0.07
2003-07-25,0.3081952849583017,0.122
2003-07-26,0.16367509385260084,0.076
2003-07-27,0.14306572314516477,0.07
2003-07-28,0.1376755893723259,0.065
2003-07-29,0.13884828311256278,0.086
2003-07-30,0.23763728142222307,0.097
2003-07-31,0.14683517964932077,0.086
2003-08-01,0.13456235353294974,0.081
2003-08-02,0.12974961263696536,0.077
2003-08-03,0.12657648962341891,0.069
2003-08-04,0.12388990059645483,0.061
2003-08-05,0.12151537238316573,0.061
2003-08-06,0.11937137018638903,0.072
2003-08-07,0.11742954131407655,0.07
2003-08-08,0.11563529830423948,0.071
2003-08-09,0.11396470570551437,0.073
2003-08-10,0.11778841044880563,0.077
2003-08-11,0.1120095283223788,0.085
2003-08-12,0.10959191018477064,0.078
2003-08-13,0.10812786021324684,0.068
2003-08-14,0.10679341096467877,0.062
2003-08-15,0.10550294802799426,0.067
2003-08-16,0.10424314087020152,0.064
2003-08-17,0.10361447698771387,0.07
2003-08-18,0.10185258222817538,0.071
2003-08-19,0.1006034350912688,0.07
2003-08-20,0.09941868013524552,0.056
2003-08-21,0.09827783619339774,0.054
2003-08-22,0.09712055168909328,0.048
2003-08-23,0.09596314617590544,0.051
2003-08-24,0.09482702346376128,0.054
2003-08-25,0.09370109368876138,0.054
2003-08-26,0.09264952887933608,0.058
2003-08-27,0.09149050225045106,0.058
2003-08-28,0.24594666785049155,0.09
2003-08-29,0.11449181363786251,0.068
2003-08-30,0.09813089141737487,0.06
2003-08-31,0.09449215399603277,0.06
2003-09-01,0.09178084012034395,0.056
2003-09-02,0.08968795900358305,0.047
2003-09-03,0.08784626794084184,0.042
2003-09-04,0.08618346004797287,0.045
2003-09-05,0.08562040950861592,0.045
2003-09-06,0.0836678999612592,0.049
2003-09-07,0.08199828178902978,0.048
2003-09-08,0.08096387145151365,0.049
2003-09-09,0.2547474580167641,0.049
2003-09-10,0.10547589744860389,0.066
2003-09-11,0.08935149869809002,0.057
2003-09-12,0.08391314268600185,0.052
2003-09-13,0.08129659610727373,0.049
2003-09-14,0.07921614944268514,0.051
2003-09-15,0.07740256853671698,0.054
2003-09-16,0.07578766833282707,0.044
2003-09-17,0.07433122525512695,0.048
2003-09-18,0.07300244593882896,0.049
2003-09-19,0.07179164828417105,0.048
2003-09-20,0.07281381019260123,0.049
2003-09-21,0.0699032426990079,0.05
2003-09-22,0.2304791686707915,0.069
2003-09-23,0.09221319739304625,0.053
2003-09-24,0.07646176575324128,0.051
2003-09-25,0.07275166395453907,0.057
2003-09-26,0.07050027824238506,0.063
2003-09-27,0.0700560375322617,0.068
2003-09-28,0.06720137931366287,0.074
2003-09-29,0.06559379347430863,0.07
2003-09-30,0.06427799256618891,0.074
2003-10-01,0.06310276315547798,0.07
2003-10-02,0.06202943774968162,0.064
2003-10-03,0.06105639735777266,0.054
2003-10-04,0.06047493284780966,0.052
2003-10-05,0.060452894363665154,0.05
2003-10-06,0.19741361884072717,0.057
2003-10-07,0.07858057500758993,0.065
2003-10-08,0.06499855033845783,0.057
2003-10-09,0.06187089618780598,0.063
2003-10-10,0.05995944654662125,0.052
2003-10-11,0.05839776602702116,0.044
2003-10-12,0.05703576443842471,0.045
2003-10-13,0.05582634906938864,0.071
2003-10-14,0.05473895579964807,0.065
2003-10-15,0.05374992152273218,0.065
2003-10-16,0.05284370501869529,0.065
2003-10-17,0.051994836697991396,0.071
2003-10-18,0.05120112371242847,0.076
2003-10-19,0.050717155127942545,0.077
2003-10-20,0.049961846372453635,0.079
2003-10-21,0.04910259090637042,0.079
2003-10-22,0.05032766615416959,0.099
2003-10-23,0.049544328887550775,0.098
2003-10-24,0.04728756800495663,0.115
2003-10-25,0.0487552055051157,0.108
2003-10-26,0.04615766645348219,0.096
2003-10-27,0.04533844298282194,0.1
2003-10-28,0.3775137179626111,0.129
2003-10-29,0.10355836363987507,0.126
2003-10-30,0.41085493113531574,0.141
2003-10-31,0.30868865379775745,0.174
2003-11-01,0.19817643135386231,0.117
2003-11-02,0.15177293729208624,0.121
2003-11-03,0.07983063799847184,0.106
2003-11-04,0.06695330195161675,0.099
2003-11-05,0.061428136000657156,0.107
2003-11-06,0.05742572405100224,0.111
2003-11-07,0.05430929326351689,0.11
2003-11-08,0.05186655299521393,0.106
2003-11-09,0.050461379781126706,0.107
2003-11-10,0.047801189866759304,0.106
2003-11-11,0.14542478571063883,0.126
2003-11-12,0.05995959022861904,0.114
2003-11-13,0.051124729944054155,0.103
2003-11-14,0.14773114482298777,0.12
2003-11-15,0.0606323313591177,0.112
2003-11-16,0.050016040578769405,0.109
2003-11-17,0.09563359540308143,0.104
2003-11-18,0.05275574333619725,0.1
2003-11-19,0.04708074111050762,0.106
2003-11-20,0.04599140804883205,0.102
2003-11-21,0.04414347709855923,0.102
2003-11-22,0.12185338222408308,0.106
2003-11-23,0.05356654989565517,0.103
2003-11-24,0.04488633823717878,0.103
2003-11-25,0.37018505977938043,0.13
2003-11-26,0.1439169772779594,0.231
2003-11-27,0.06489663518136214,0.136
2003-11-28,0.054189393814344136,0.11
2003-11-29,0.11116753942984671,0.116
2003-11-30,0.2367266385488334,0.127
2003-12-01,0.2800784710529795,0.152
2003-12-02,0.15443809041943116,0.122
2003-12-03,0.07827530122703966,0.112
2003-12-04,0.06528344993357012,0.102
2003-12-05,0.05971487446659054,0.098
2003-12-06,0.055198020973550664,0.097
2003-12-07,0.05181298322995099,0.095
2003-12-08,0.049135588121009766,0.098
2003-12-09,0.046938589247768066,0.101
2003-12-10,0.2631966167381943,0.09
2003-12-11,0.12423638449576092,0.156
2003-12-12,0.44174195294916097,0.197
2003-12-13,0.26754480417018295,0.209
2003-12-14,0.10284106558557657,0.143
2003-12-15,0.0784799070301306,0.115
2003-12-16,0.06983885781658887,0.107
2003-12-17,0.06394006917254638,0.105
2003-12-18,0.059430007368617886,0.094
2003-12-19,0.08800132960166787,0.096
2003-12-20,0.4743114926349229,0.58
2003-12-21,0.42175867550277457,0.218
2003-12-22,0.1373362950780716,0.137
2003-12-23,0.10697676315132172,0.119
2003-12-24,0.08508778167839567,0.111
2003-12-25,0.0766251845585753,0.104
2003-12-26,0.21366386871623796,0.13
2003-12-27,0.09611177004370522,0.11
2003-12-28,0.07730879098796915,0.105
2003-12-29,0.07032007985989147,0.098
2003-12-30,0.06568677260688471,0.094
2003-12-31,0.5057476435208768,0.186
2004-01-01,0.2955603054372447,0.31
2004-01-02,0.12731354038502635,0.178
2004-01-03,0.10121343017453031,0.135
2004-01-04,0.10733722823453977,0.124
2004-01-05,0.10881548709308517,0.133
2004-01-06,0.0913284430459171,0.125
2004-01-07,0.24758572551340324,0.123
2004-01-08,0.2190031104371301,0.16
2004-01-09,0.12599021427847665,0.136
2004-01-10,0.36190128021840917,0.142
2004-01-11,0.19895132934339801,0.153
2004-01-12,0.3036876406382749,0.147
2004-01-13,0.19300268323131578,0.15
2004-01-14,0.14742374144029688,0.138
2004-01-15,0.47312983527666413,0.24
2004-01-16,0.20476481671189145,0.239
2004-01-17,0.16350590409499766,0.165
2004-01-18,0.27616552841307745,0.153
2004-01-19,0.3125644983456078,0.183
2004-01-20,0.26373951961279657,0.191
2004-01-21,0.18130153290336906,0.167
2004-01-22,0.3431491876556134,0.213
2004-01-23,0.3458422524949776,0.212
2004-01-24,0.20382929029104657,0.2
2004-01-25,0.17141122522696473,0.172
2004-01-26,0.15453299574094395,0.157
2004-01-27,0.1663490182734106,0.145
2004-01-28,0.27767517523360297,0.16
2004-01-29,0.1649913163470659,0.14
2004-01-30,0.7538330040183004,0.267
2004-01-31,0.8274743198104745,1.272
2004-02-01,0.5890301219214552,0.416
2004-02-02,0.3597661558090315,0.293
2004-02-03,0.42133522382799643,0.238
2004-02-04,0.41363906482706947,0.291
2004-02-05,0.3513312937524924,0.244
2004-02-06,0.29290179963861945,0.223
2004-02-07,0.5456674513060834,0.233
2004-02-08,0.31470162506663235,0.214
2004-02-09,0.26384375563524576,0.195
2004-02-10,0.2363020725150083,0.19
2004-02-11,0.2159167233995749,0.182
2004-02-12,0.20514059494148787,0.179
2004-02-13,0.2542242389508165,0.179
2004-02-14,0.43573323871496794,0.206
2004-02-15,0.2544153482171001,0.217
2004-02-16,0.3427458133238645,0.206
2004-02-17,0.2580869010885161,0.197
2004-02-18,0.2262111276734226,0.199
2004-02-19,0.2076868807454482,0.193
2004-02-20,0.19660381774880337,0.187
2004-02-21,0.1884384661429156,0.177
2004-02-22,0.18221002295082236,0.17
2004-02-23,0.17750860317529593,0.167
2004-02-24,0.24480792288677838,0.173
2004-02-25,0.18462454859188726,0.169
2004-02-26,0.17704298319574427,0.168
2004-02-27,0.17292371367653542,0.157
2004-02-28,0.1706242002474901,0.154
2004-02-29,0.1691758867876518,0.155
2004-03-01,0.16809881393121281,0.15
2004-03-02,0.1673767519546472,0.153
2004-03-03,0.18776605213915526,0.162
2004-03-04,0.17072260131841294,0.156
2004-03-05,0.16842344804202927,0.156
2004-03-06,0.16915519378895266,0.153
2004-03-07,0.1677429142765147,0.15
2004-03-08,0.1669602612216589,0.15
2004-03-09,0.16688915654736863,0.145
2004-03-10,0.16750065256177546,0.145
2004-03-11,0.16643776173699587,0.146
2004-03-12,0.3127701160818309,0.157
2004-03-13,0.18751392453027485,0.148
2004-03-14,0.19465840584488817,0.161
2004-03-15,0.1749285731116903,0.152
2004-03-16,0.17131720435604184,0.142
2004-03-17,0.17170541469724668,0.139
2004-03-18,0.23275647789238355,0.144
2004-03-19,0.2075514781154595,0.157
2004-03-20,0.17785141985652728,0.147
2004-03-21,0.23642173168725544,0.144
2004-03-22,0.1797622088320573,0.145
2004-03-23,0.1726329645317138,0.144
2004-03-24,0.16945390732433815,0.13
2004-03-25,0.1669103234497698,0.126
2004-03-26,0.16499944043677414,0.127
2004-03-27,0.16349230579969404,0.126
2004-03-28,0.16205863765462167,0.12
2004-03-29,0.16077165055342038,0.126
2004-03-30,0.1595776108124436,0.124
2004-03-31,0.15921121074389588,0.122
2004-04-01,0.28350411101783723,0.127
2004-04-02,0.17535646600092275,0.123
2004-04-03,0.49783435484560296,0.144
2004-04-04,0.30123306358983143,0.147
2004-04-05,0.1925353126433308,0.14
2004-04-06,0.19848200662490031,0.153
2004-04-07,0.1744826395247009,0.139
2004-04-08,0.16607824380594963,0.101
2004-04-09,0.16388574348522494,0.092
2004-04-10,0.1587133193259529,0.084
2004-04-11,0.1557988229521501,0.078
2004-04-12,0.1534210406480355,0.088
2004-04-13,0.15130326369239117,0.094
2004-04-14,0.14940939460684308,0.082
2004-04-15,0.14771894864209797,0.076
2004-04-16,0.19578270757492702,0.101
2004-04-17,0.36839068955749316,0.108
2004-04-18,0.51611031480515,0.344
2004-04-19,0.20450442520745477,0.193
2004-04-20,0.1697400538037864,0.118
2004-04-21,0.24111713453750788,0.11
2004-04-22,0.1681901071866448,0.095
2004-04-23,0.1565072122717823,0.112
2004-04-24,0.15144156244781348,0.109
2004-04-25,0.1476196145323465,0.108
2004-04-26,0.45248813242028146,0.261
2004-04-27,0.2765033200364086,0.209
2004-04-28,0.5242356004831048,0.286
2004-04-29,0.2188290976475851,0.352
2004-04-30,0.17450025198689234,0.191
2004-05-01,0.16407088190069483,0.153
2004-05-02,0.22419569286473667,0.135
2004-05-03,0.35497104474325253,0.159
2004-05-04,0.45776368151485636,0.212
2004-05-05,0.27267792928425816,0.159
2004-05-06,0.2233212614045376,0.112
2004-05-07,0.5711819332126025,0.166
2004-05-08,0.2762981153290872,0.188
2004-05-09,0.24839282301194085,0.169
2004-05-10,0.21051632585228344,0.135
2004-05-11,0.18815588109477724,0.138
2004-05-12,0.1762835466321982,0.133
2004-05-13,0.16721071290005313,0.123
2004-05-14,0.15997841538294746,0.121
2004-05-15,0.15412856151579368,0.121
2004-05-16,0.14937045975568955,0.124
2004-05-17,0.1454774730841992,0.118
2004-05-18,0.14226952069081525,0.112
2004-05-19,0.13967477804473982,0.115
2004-05-20,0.1394155721032708,0.122
2004-05-21,0.13707153559815508,0.119
2004-05-22,0.13397172731813023,0.112
2004-05-23,0.13239392199382383,0.111
2004-05-24,0.1311038406124954,0.107
2004-05-25,0.1299487416795739,0.106
2004-05-26,0.12894977497439594,0.11
2004-05-27,0.1278900441132212,0.104
2004-05-28,0.12712042598168655,0.101
2004-05-29,0.1265376040808642,0.105
2004-05-30,0.1263908882406962,0.106
2004-05-31,0.3226131425828045,0.122
2004-06-01,0.1576408221238343,0.122
2004-06-02,0.13495455967187783,0.105
2004-06-03,0.1339216241094929,0.109
2004-06-04,0.12806297233274688,0.106
2004-06-05,0.12567249154920107,0.102
2004-06-06,0.12383874682372324,0.098
2004-06-07,0.12221392335487527,0.091
2004-06-08,0.12078121090153285,0.086
2004-06-09,0.11956499597477234,0.068
2004-06-10,0.11821028075335858,0.081
2004-06-11,0.11711987800644595,0.089
2004-06-12,0.11589578570738625,0.089
2004-06-13,0.11479465343425518,0.085
2004-06-14,0.11374771222844995,0.086
2004-06-15,0.11273014642020478,0.075
2004-06-16,0.11173822899846454,0.08
2004-06-17,0.11091946241083252,0.073
2004-06-18,0.11248216526478849,0.075
2004-06-19,0.11311995877896985,0.074
2004-06-20,0.11071223676074583,0.083
2004-06-21,0.1158137767932184,0.078
2004-06-22,0.4622089952714174,0.22
2004-06-23,0.4979498965139984,0.225
2004-06-24,0.24885330482458923,0.101
2004-06-25,0.14472496838648777,0.087
2004-06-26,0.15379708873974565,0.093
2004-06-27,0.13063163383447599,0.083
2004-06-28,0.12223821997942028,0.079
2004-06-29,0.11748800843223434,0.077
2004-06-30,0.1179319814119404,0.079
2004-07-01,0.11082511511901792,0.068
2004-07-02,0.14387132113772622,0.072
2004-07-03,0.19472634079963946,0.072
2004-07-04,0.12528229237681304,0.07
2004-07-05,0.11266746520702102,0.066
2004-07-06,0.10799785126917585,0.065
2004-07-07,0.45553044991392705,0.141
2004-07-08,0.4261892031641081,0.129
2004-07-09,0.15777261166622672,0.067
2004-07-10,0.12724913756359046,0.065
2004-07-11,0.11690160653930487,0.065
2004-07-12,0.1114318668722583,0.064
2004-07-13,0.1082997112553975,0.06
2004-07-14,0.10435890338597173,0.059
2004-07-15,0.3276649895157592,0.171
2004-07-16,0.1341662256611355,0.071
2004-07-17,0.11015773956753062,0.062
2004-07-18,0.10622013642801745,0.056
2004-07-19,0.10103813496877607,0.053
2004-07-20,0.22149134322405523,0.072
2004-07-21,0.11666948243392658,0.051
2004-07-22,0.442092411725952,0.272
2004-07-23,0.14903426525014823,0.073
2004-07-24,0.1198975894516387,0.068
2004-07-25,0.1089870971714962,0.069
2004-07-26,0.10295463982765572,0.065
2004-07-27,0.09912231618159931,0.061
2004-07-28,0.09608637304120586,0.051
2004-07-29,0.11674744428049544,0.06
2004-07-30,0.09845196122746197,0.051
2004-07-31,0.09424612326110475,0.052
2004-08-01,0.09163422789917694,0.061
2004-08-02,0.0898532569208497,0.06
2004-08-03,0.0928726613666513,0.06
2004-08-04,0.08682520355363538,0.06
2004-08-05,0.32488059919267204,0.301
2004-08-06,0.11953586695014279,0.075
2004-08-07,0.09658947655042524,0.064
2004-08-08,0.09669319419502657,0.064
2004-08-09,0.5544565045167865,1.006
2004-08-10,0.5681193325135753,1.777
2004-08-11,0.5497263846266613,0.327
2004-08-12,0.5383982576167826,0.875
2004-08-13,0.5759615187133088,0.77
2004-08-14,0.5195107462694787,0.118
2004-08-15,0.2270904032828966,0.085
2004-08-16,0.157486526539872,0.077
2004-08-17,0.25942187321544574,0.092
2004-08-18,0.31081915564188317,0.993
2004-08-19,0.16408283407508958,0.14
2004-08-20,0.3998900183625685,0.261
2004-08-21,0.17006852783706408,0.123
2004-08-22,0.40549633150369757,0.149
2004-08-23,0.3667982688429703,2.491
2004-08-24,0.5061401689783289,1.673
2004-08-25,0.2522745063260405,0.497
2004-08-26,0.20355174338879944,0.164
2004-08-27,0.17005173051827982,0.141
2004-08-28,0.15405821820681773,0.122
2004-08-29,0.14498614298205348,0.117
2004-08-30,0.13408041240830226,0.117
2004-08-31,0.1262514822014273,0.115
2004-09-01,0.12050444575271561,0.112
2004-09-02,0.11601370140896756,0.096
2004-09-03,0.11244290766855232,0.096
2004-09-04,0.10964093517699201,0.094
2004-09-05,0.10742895112634228,0.093
2004-09-06,0.10569541959968723,0.094
2004-09-07,0.10442991844751366,0.092
2004-09-08,0.10318887589470292,0.09
2004-09-09,0.10245163101351158,0.09
2004-09-10,0.10327303832619186,0.09
2004-09-11,0.17877946600842404,0.09
2004-09-12,0.21674866437405318,0.089
2004-09-13,0.1230772935772561,0.089
2004-09-14,0.11463706830881572,0.088
2004-09-15,0.10817955914938122,0.086
2004-09-16,0.219675169849137,0.085
2004-09-17,0.12442480006402183,0.085
2004-09-18,0.11189653663948781,0.084
2004-09-19,0.1085898656579591,0.084
2004-09-20,0.10572898442534082,0.082
2004-09-21,0.10456164261817534,0.082
2004-09-22,0.10594413314277501,0.08
2004-09-23,0.10224167970858744,0.08
2004-09-24,0.1003745398582446,0.079
2004-09-25,0.10121822729065814,0.079
2004-09-26,0.09880643759116998,0.079
2004-09-27,0.09794227048639435,0.079
2004-09-28,0.09733309675621223,0.078
2004-09-29,0.09832954262235748,0.077
2004-09-30,0.20434111698001778,0.077
2004-10-01,0.11476473755321018,0.076
2004-10-02,0.10369245569252285,0.075
2004-10-03,0.43501220537085433,0.076
2004-10-04,0.14705779753886447,0.077
2004-10-05,0.11518527812230353,0.077
2004-10-06,0.10869705514239442,0.075
2004-10-07,0.10446990464433074,0.07
2004-10-08,0.10167693049570403,0.063
2004-10-09,0.09934380855019435,0.063
2004-10-10,0.09738428358613777,0.062
2004-10-11,0.09572479099890807,0.062
2004-10-12,0.3022851664597819,0.106
2004-10-13,0.4610864813910754,0.589
2004-10-14,0.21141008607698275,0.142
2004-10-15,0.3271647204029034,0.135
2004-10-16,0.16972493259046698,0.121
2004-10-17,0.13522330114943437,0.103
2004-10-18,0.1170879376641358,0.088
2004-10-19,0.4522018470688628,0.163
2004-10-20,0.3905281599105009,0.935
2004-10-21,0.5244814523112923,1.735
2004-10-22,0.20741398580613812,0.681
2004-10-23,0.5667078141231554,1.486
2004-10-24,0.4295730578201541,0.602
2004-10-25,0.2208543201240185,0.244
2004-10-26,0.18060020051361003,0.189
2004-10-27,0.2802987960932973,0.191
2004-10-28,0.3003138011945949,0.198
2004-10-29,0.19754749281073364,0.188
2004-10-30,0.17432213463761975,0.169
2004-10-31,0.15544256802321615,0.159
2004-11-01,0.14707786409206136,0.151
2004-11-02,0.13942924978126978,0.149
2004-11-03,0.17996866564393443,0.151
2004-11-04,0.1357637929520952,0.149
2004-11-05,0.12912237590569767,0.141
2004-11-06,0.12220693917352998,0.142
2004-11-07,0.1174751552085774,0.145
2004-11-08,0.11382600609989448,0.143
2004-11-09,0.11084724918792986,0.14
2004-11-10,0.1076710910428795,0.135
2004-11-11,0.10553352067005227,0.132
2004-11-12,0.1040549958631395,0.128
2004-11-13,0.10285846077452682,0.121
2004-11-14,0.10186973004382031,0.123
2004-11-15,0.1010747737614968,0.127
2004-11-16,0.10054670377310491,0.123
2004-11-17,0.12148558683905504,0.13
2004-11-18,0.45592408259591477,0.475
2004-11-19,0.39718592758846805,0.239
2004-11-20,0.17989801331556826,0.173
2004-11-21,0.13634234947669877,0.168
2004-11-22,0.12180347625185126,0.148
2004-11-23,0.11774951205563904,0.135
2004-11-24,0.11372501851343478,0.132
2004-11-25,0.18006930293849494,0.131
2004-11-26,0.1358756608974447,0.136
2004-11-27,0.12666237915807488,0.131
2004-11-28,0.15893774707995795,0.135
2004-11-29,0.12627623268138682,0.125
2004-11-30,0.11820060100679929,0.127
2004-12-01,0.113705858030586,0.124
2004-12-02,0.11106027153068662,0.118
2004-12-03,0.10872956159738001,0.116
2004-12-04,0.10490375440755761,0.115
2004-12-05,0.10278027906052814,0.115
2004-12-06,0.10107425499716957,0.115
2004-12-07,0.0996983868254279,0.113
2004-12-08,0.09842472496312851,0.11
2004-12-09,0.09734232352055441,0.112
2004-12-10,0.09638194212327604,0.124
2004-12-11,0.0955535851510443,0.143
2004-12-12,0.09471377280198864,0.143
2004-12-13,0.09395991498353833,0.145
2004-12-14,0.0933879984610799,0.145
2004-12-15,0.09314441005299219,0.145
2004-12-16,0.09834918128519701,0.148
2004-12-17,0.14151666898340726,0.147
2004-12-18,0.09960082790003144,0.149
2004-12-19,0.11403045566180399,0.138
2004-12-20,0.16153035329511115,0.148
2004-12-21,0.14228881239632962,0.142
2004-12-22,0.10336907536196947,0.144
2004-12-23,0.09704403039537354,0.143
2004-12-24,0.1356925131749263,0.141
2004-12-25,0.12836524768409,0.131
2004-12-26,0.10099195178842864,0.13
2004-12-27,0.2871342612807309,0.152
2004-12-28,0.2652454442779758,0.147
2004-12-29,0.14610163183818523,0.137
2004-12-30,0.13974344430209504,0.133
2004-12-31,0.12249080875329957,0.135
2005-01-01,0.23556494569792558,0.147
2005-01-02,0.14102626992232223,0.134
2005-01-03,0.12208164027212595,0.13
2005-01-04,0.11911763786468176,0.131
2005-01-05,0.13192598679409992,0.133
2005-01-06,0.11073747185992515,0.124
2005-01-07,0.16239967955735712,0.134
2005-01-08,0.11885616561422496,0.127
2005-01-09,0.10637048885317381,0.125
2005-01-10,0.10078250579113025,0.123
2005-01-11,0.09877329223046563,0.12
2005-01-12,0.09437416511953232,0.11
2005-01-13,0.09130224132145966,0.11
2005-01-14,0.08931803340485592,0.103
2005-01-15,0.08750595117272883,0.102
2005-01-16,0.08598766495718074,0.103
2005-01-17,0.13513767600310017,0.109
2005-01-18,0.13102700041974089,0.105
2005-01-19,0.09385751694441147,0.103
2005-01-20,0.14009563324955718,0.113
2005-01-21,0.09441359772150036,0.114
2005-01-22,0.08793459923154219,0.104
2005-01-23,0.0856469845770775,0.097
2005-01-24,0.08459171056738155,0.098
2005-01-25,0.0832468488803153,0.099
2005-01-26,0.08893170074706142,0.101
2005-01-27,0.10897795645414228,0.104
2005-01-28,0.097115855424742,0.114
2005-01-29,0.0838937693550183,0.105
2005-01-30,0.08106079413142799,0.099
2005-01-31,0.09914512306186084,0.102
2005-02-01,0.08196908604099452,0.082
2005-02-02,0.07934090006026039,0.073
2005-02-03,0.07747283407466089,0.074
2005-02-04,0.07622504447394585,0.076
2005-02-05,0.07658605980061318,0.078
2005-02-06,0.0744156095728332,0.077
2005-02-07,0.07336185958269786,0.096
2005-02-08,0.072565339340054,0.105
2005-02-09,0.15005711961651486,0.103
2005-02-10,0.08321033469155624,0.111
2005-02-11,0.2615509116878103,0.13
2005-02-12,0.209090140454471,0.167
2005-02-13,0.09857228394459999,0.155
2005-02-14,0.08342226639956514,0.126
2005-02-15,0.07911273222643152,0.108
2005-02-16,0.07721857232877018,0.102
2005-02-17,0.07530336311992368,0.103
2005-02-18,0.07224469619181594,0.104
2005-02-19,0.07054642464173505,0.1
2005-02-20,0.0700537335155402,0.1
2005-02-21,0.13568251799646613,0.102
2005-02-22,0.12133717832294173,0.104
2005-02-23,0.20512541000234852,0.109
2005-02-24,0.30143165049610543,0.184
2005-02-25,0.20341882967604938,0.169
2005-02-26,0.1306764816926274,0.151
2005-02-27,0.11035370548420073,0.124
2005-02-28,0.14659614765707432,0.121
2005-03-01,0.21341766994960115,0.13
2005-03-02,0.15195260130880817,0.154
2005-03-03,0.12187948410270497,0.133
2005-03-04,0.10642137223779695,0.127
2005-03-05,0.16161557921890612,0.131
2005-03-06,0.10733706873995233,0.121
2005-03-07,0.09548625537752237,0.135
2005-03-08,0.08907564020874645,0.118
2005-03-09,0.08446998987738578,0.129
2005-03-10,0.08035288828723515,0.125
2005-03-11,0.07855100658470705,0.119
2005-03-12,0.07482564525389471,0.117
2005-03-13,0.07261730862278121,0.124
2005-03-14,0.09778528861438537,0.131
2005-03-15,0.07450759700059592,0.127
2005-03-16,0.0721470048370307,0.128
2005-03-17,0.06925516407388359,0.124
2005-03-18,0.0679624468810638,0.125
2005-03-19,0.0669738723431259,0.122
2005-03-20,0.06613984001255668,0.123
2005-03-21,0.09126624864911242,0.111
2005-03-22,0.0722612890470498,0.122
2005-03-23,0.06800055512374183,0.107
2005-03-24,0.06619723568272401,0.106
2005-03-25,0.06480555169473085,0.103
2005-03-26,0.18598491453462263,0.125
2005-03-27,0.08163597878198114,0.12
2005-03-28,0.069553482757081,0.11
2005-03-29,0.1416961356391176,0.107
2005-03-30,0.09204365142282986,0.111
2005-03-31,0.07256392143282238,0.104
2005-04-01,0.06865944625343627,0.102
2005-04-02,0.06665695624273647,0.1
2005-04-03,0.06530992025054523,0.1
2005-04-04,0.063890113248705,0.098
2005-04-05,0.06485326767641134,0.097
2005-04-06,0.13148284822582326,0.111
2005-04-07,0.07384086899811225,0.1
2005-04-08,0.06498439660556524,0.085
2005-04-09,0.06281163665802161,0.077
2005-04-10,0.06149620329859036,0.076
2005-04-11,0.060421452112672094,0.076
2005-04-12,0.05951334356925648,0.076
2005-04-13,0.09309447178074311,0.086
2005-04-14,0.06456928889457451,0.084
2005-04-15,0.2858290242384663,0.106
2005-04-16,0.0905605602287184,0.093
2005-04-17,0.21724683932116565,0.099
2005-04-18,0.08698155695341318,0.102
2005-04-19,0.17112230385924107,0.092
2005-04-20,0.08379890220206779,0.089
2005-04-21,0.07067260071591076,0.082
2005-04-22,0.06656989683148538,0.081
2005-04-23,0.06383673782915282,0.079
2005-04-24,0.061648696448491636,0.08
2005-04-25,0.06228063364881366,0.077
2005-04-26,0.1724682034352535,0.094
2005-04-27,0.07775562245839704,0.084
2005-04-28,0.06359055312299744,0.079
2005-04-29,0.12226478367790275,0.078
2005-04-30,0.07356753677473304,0.101
2005-05-01,0.06269167190619408,0.084
2005-05-02,0.06286476024541042,0.076
2005-05-03,0.06046731954903418,0.072
2005-05-04,0.0565939911095607,0.074
2005-05-05,0.05514715450410131,0.076
2005-05-06,0.2137376300702183,0.097
2005-05-07,0.07733249453795951,0.079
2005-05-08,0.06440943745913694,0.074
2005-05-09,0.06070155799942472,0.067
2005-05-10,0.056488864587082334,0.066
2005-05-11,0.05469938959364712,0.066
2005-05-12,0.053379192249323554,0.065
2005-05-13,0.05227387228877662,0.068
2005-05-14,0.05132408876223221,0.068
2005-05-15,0.05146276954168425,0.07
2005-05-16,0.05342616390185325,0.074
2005-05-17,0.04946456690901258,0.066
2005-05-18,0.048624014377108636,0.064
2005-05-19,0.048084547619744816,0.064
2005-05-20,0.04773925043632403,0.068
2005-05-21,0.1936260786317791,0.083
2005-05-22,0.07221107117359021,0.073
2005-05-23,0.057512079837207485,0.063
2005-05-24,0.05421587027154136,0.062
2005-05-25,0.05091925791077138,0.059
2005-05-26,0.04936833315810206,0.061
2005-05-27,0.04817182505767026,0.062
2005-05-28,0.0471575856636307,0.054
2005-05-29,0.046867225025122,0.05
2005-05-30,0.04576972965917923,0.05
2005-05-31,0.04589816168909371,0.064
2005-06-01,0.09301428474064148,0.07
2005-06-02,0.0541934095758646,0.062
2005-06-03,0.07247190156717875,0.103
2005-06-04,0.054992299991742946,0.072
2005-06-05,0.05117892793625323,0.062
2005-06-06,0.048220006336601555,0.057
2005-06-07,0.0465496721072737,0.053
2005-06-08,0.045223027258335505,0.05
2005-06-09,0.04410602771561811,0.05
2005-06-10,0.04316453378792085,0.05
2005-06-11,0.042318549462377494,0.052
2005-06-12,0.04398939445248728,0.053
2005-06-13,0.04121441940607718,0.053
2005-06-14,0.04066644482265811,0.049
2005-06-15,0.044713607818871966,0.066
2005-06-16,0.04101100499009647,0.05
2005-06-17,0.0390180172552419,0.049
2005-06-18,0.03843408405871099,0.05
2005-06-19,0.038840079807953364,0.048
2005-06-20,0.03767700279953533,0.046
2005-06-21,0.037214011476575846,0.044
2005-06-22,0.03682614502549493,0.044
2005-06-23,0.03821604836228876,0.041
2005-06-24,0.18564661157935888,0.088
2005-06-25,0.05986798190573109,0.057
2005-06-26,0.04546285149612748,0.052
2005-06-27,0.04231294083414457,0.049
2005-06-28,0.3765083301501901,0.165
2005-06-29,0.09218329881496762,0.066
2005-06-30,0.058194214448528785,0.056
2005-07-01,0.05037593863214733,0.055
2005-07-02,0.04637176395572588,0.056
2005-07-03,0.04381743830583755,0.054
2005-07-04,0.04202886421764244,0.054
2005-07-05,0.21411170505424565,0.079
2005-07-06,0.06911772139368479,0.057
2005-07-07,0.04891907976041627,0.053
2005-07-08,0.04424689027804437,0.05
2005-07-09,0.041830826793223364,0.046
2005-07-10,0.03999488513933263,0.042
2005-07-11,0.03850159136294885,0.041
2005-07-12,0.037280244752279514,0.038
2005-07-13,0.03624617559328284,0.039
2005-07-14,0.20460632403271875,0.045
2005-07-15,0.0613648817167704,0.041
2005-07-16,0.045164616653665515,0.046
2005-07-17,0.04153503343386648,0.049
2005-07-18,0.0416707178603566,0.056
2005-07-19,0.03823212232961171,0.049
2005-07-20,0.036707212017035334,0.045
2005-07-21,0.03555299541788186,0.046
2005-07-22,0.034689493489176576,0.05
2005-07-23,0.03394898048964059,0.055
2005-07-24,0.38065513615890295,0.133
2005-07-25,0.12239854741202445,0.071
2005-07-26,0.05790811511580291,0.06
2005-07-27,0.3926681480391686,0.112
2005-07-28,0.42604876835690625,0.695
2005-07-29,0.10721334282073108,0.09
2005-07-30,0.06983959342032187,0.07
2005-07-31,0.05986929538083868,0.061
2005-08-01,0.054308042576457646,0.058
2005-08-02,0.0500126950155691,0.051
2005-08-03,0.04662517682310024,0.051
2005-08-04,0.048186052266706324,0.048
2005-08-05,0.04287717915114933,0.052
2005-08-06,0.040147154666761754,0.054
2005-08-07,0.03866361405287793,0.057
2005-08-08,0.0375364570044346,0.055
2005-08-09,0.03680585007860984,0.052
2005-08-10,0.035915656194464206,0.053
2005-08-11,0.08732140907703409,0.054
2005-08-12,0.0487440968172613,0.06
2005-08-13,0.38625554878889806,0.253
2005-08-14,0.12830741545231372,0.066
2005-08-15,0.06239170287378115,0.06
2005-08-16,0.05223847245788665,0.056
2005-08-17,0.04818455116720739,0.057
2005-08-18,0.4372878296608947,0.845
2005-08-19,0.4169461064158415,0.245
2005-08-20,0.15784174372154505,0.08
2005-08-21,0.39408949934761167,0.073
2005-08-22,0.1396801026637298,0.406
2005-08-23,0.12334232743821065,0.087
2005-08-24,0.12343830733470847,0.142
2005-08-25,0.0898051550007046,0.086
2005-08-26,0.07362804018247016,0.077
2005-08-27,0.0662968434816749,0.072
2005-08-28,0.061028572447454486,0.071
2005-08-29,0.05692811787035261,0.068
2005-08-30,0.05368525766026389,0.069
2005-08-31,0.055342121729454,0.07
2005-09-01,0.049551078180916454,0.066
2005-09-02,0.04758511516739988,0.062
2005-09-03,0.04631047609524778,0.066
2005-09-04,0.04675016920482309,0.066
2005-09-05,0.04473292354613073,0.067
2005-09-06,0.04400679953314684,0.065
2005-09-07,0.043532546561908574,0.065
2005-09-08,0.0439719827181846,0.068
2005-09-09,0.1468252407662507,0.073
2005-09-10,0.2712733865772828,0.136
2005-09-11,0.08130662334193478,0.083
2005-09-12,0.05985704750366752,0.075
2005-09-13,0.05524941482967441,0.062
2005-09-14,0.05359881823930427,0.063
2005-09-15,0.3862191177182986,0.142
2005-09-16,0.0974442628771052,0.081
2005-09-17,0.06573188124670722,0.07
2005-09-18,0.05937043222688404,0.066
2005-09-19,0.056031692311208976,0.071
2005-09-20,0.05356083208857665,0.069
2005-09-21,0.0516042674718295,0.07
2005-09-22,0.05004264609720734,0.069
2005-09-23,0.05183579188613914,0.073
2005-09-24,0.04861073436367516,0.07
2005-09-25,0.05045201020248279,0.072
2005-09-26,0.047184678461719275,0.071
2005-09-27,0.04584341166195913,0.068
2005-09-28,0.12076122282451585,0.074
2005-09-29,0.3480150691124253,0.135
2005-09-30,0.16541157739799406,0.111
2005-10-01,0.07519336611220252,0.082
2005-10-02,0.06267256150753324,0.074
2005-10-03,0.0583501814888056,0.073
2005-10-04,0.05545763833675863,0.071
2005-10-05,0.053198394573903116,0.071
2005-10-06,0.05138420431024172,0.073
2005-10-07,0.049870674637552855,0.072
2005-10-08,0.1819341232871593,0.095
2005-10-09,0.06768500256387368,0.079
2005-10-10,0.05469677347340064,0.076
2005-10-11,0.14464915979070797,0.084
2005-10-12,0.17690940161739216,0.081
2005-10-13,0.07221931504046093,0.073
2005-10-14,0.059463242089070605,0.071
2005-10-15,0.05555721213157857,0.071
2005-10-16,0.05314760830272907,0.074
2005-10-17,0.051269683959466496,0.073
2005-10-18,0.267249362178445,0.091
2005-10-19,0.11328046363410761,0.091
2005-10-20,0.14069015247516584,0.081
2005-10-21,0.27227566977281237,0.153
2005-10-22,0.08753359843095478,0.098
2005-10-23,0.4419255987964806,0.276
2005-10-24,0.4739788209965685,0.88
2005-10-25,0.44158189486484606,0.235
2005-10-26,0.16921050509126323,0.144
2005-10-27,0.09700514847557974,0.118
2005-10-28,0.08422819540311836,0.106
2005-10-29,0.07530995668516223,0.099
2005-10-30,0.1331028609292938,0.108
2005-10-31,0.08077598844489871,0.103
2005-11-01,0.3091184030810701,0.118
2005-11-02,0.18147936254716776,0.127
2005-11-03,0.0981223673756007,0.129
2005-11-04,0.08512092716367804,0.104
2005-11-05,0.18042122074667571,0.09
2005-11-06,0.23424264881264545,0.154
2005-11-07,0.11204855321594039,0.119
2005-11-08,0.5030858509205655,0.277
2005-11-09,0.24887579009754307,0.197
2005-11-10,0.13150563752710137,0.131
2005-11-11,0.132344973289446,0.124
2005-11-12,0.10535009592403387,0.105
2005-11-13,0.09426449319822607,0.1
2005-11-14,0.09017242276979236,0.096
2005-11-15,0.08161037784267264,0.094
2005-11-16,0.07660062813105016,0.092
2005-11-17,0.07301260813335134,0.08
2005-11-18,0.07024749642861758,0.076
2005-11-19,0.06808191698730115,0.077
2005-11-20,0.06638885427583593,0.08
2005-11-21,0.06504486311980245,0.082
2005-11-22,0.06397840028566398,0.079
2005-11-23,0.06318845917507342,0.079
2005-11-24,0.08063530070029808,0.081
2005-11-25,0.06691787661986603,0.083
2005-11-26,0.07794749302776759,0.085
2005-11-27,0.0656161408842425,0.083
2005-11-28,0.12154385915423992,0.131
2005-11-29,0.07148408387215231,0.084
2005-11-30,0.07391032617179666,0.084
2005-12-01,0.31409707129532183,0.099
2005-12-02,0.2954891292516619,0.132
2005-12-03,0.12167127449021949,0.135
2005-12-04,0.10035540239713113,0.107
2005-12-05,0.10601108943962267,0.1
2005-12-06,0.09040605804804387,0.09
2005-12-07,0.13786164588701807,0.087
2005-12-08,0.09303534097857914,0.084
2005-12-09,0.0851179361432717,0.076
2005-12-10,0.07963629775663499,0.076
2005-12-11,0.0762598931865659,0.077
2005-12-12,0.0733671888465899,0.074
2005-12-13,0.0713507906795229,0.081
2005-12-14,0.06953744699229691,0.081
2005-12-15,0.06818236595498696,0.083
2005-12-16,0.06701286704019514,0.079
2005-12-17,0.06608073733789262,0.075
2005-12-18,0.06532981259254744,0.076
2005-12-19,0.06465691237444793,0.072
2005-12-20,0.06410395536218368,0.068
2005-12-21,0.06425825041998284,0.068
2005-12-22,0.06322260591967688,0.07
2005-12-23,0.06279783003057479,0.067
2005-12-24,0.06239659712252937,0.071
2005-12-25,0.06220550879411556,0.067
2005-12-26,0.09738857238824866,0.074
2005-12-27,0.13365839646630676,0.078
2005-12-28,0.11060248587999065,0.083
2005-12-29,0.15426384437406923,0.074
2005-12-30,0.3326539342701313,0.407
2005-12-31,0.10482545027351496,0.244
2006-01-01,0.07807921069018872,0.129
2006-01-02,0.0737807965687523,0.1
2006-01-03,0.06978417244811128,0.093
2006-01-04,0.06813594008430258,0.086
2006-01-05,0.06587191029005969,0.084
2006-01-06,0.06673134481540374,0.082
2006-01-07,0.08207985118759316,0.085
2006-01-08,0.06741070592915925,0.081
2006-01-09,0.1027197240398958,0.089
2006-01-10,0.257964617400377,0.128
2006-01-11,0.10492464646880315,0.108
2006-01-12,0.08446346580650768,0.093
2006-01-13,0.0804038761438436,0.092
2006-01-14,0.08718404682994658,0.086
2006-01-15,0.07722069841084024,0.086
2006-01-16,0.2902454254367099,0.147
2006-01-17,0.12071901348657263,0.137
2006-01-18,0.11546142714186149,0.121
2006-01-19,0.17281866230526308,0.111
2006-01-20,0.10728362026920109,0.105
2006-01-21,0.09388091171952123,0.09
2006-01-22,0.0863252630986189,0.088
2006-01-23,0.08075117085027492,0.086
2006-01-24,0.07652300030435642,0.084
2006-01-25,0.0728643304149324,0.083
2006-01-26,0.07013919477502341,0.088
2006-01-27,0.08024662845920383,0.098
2006-01-28,0.06974474295431704,0.093
2006-01-29,0.06676896423886687,0.082
2006-01-30,0.0649800311783975,0.078
2006-01-31,0.06357810292226394,0.08
2006-02-01,0.062423842984592914,0.081
2006-02-02,0.06146161369857566,0.082
2006-02-03,0.06065634856386395,0.078
2006-02-04,0.06003399280823768,0.08
2006-02-05,0.05934424409600124,0.081
2006-02-06,0.058782252960370165,0.08
2006-02-07,0.1371168266953474,0.088
2006-02-08,0.0691338685959019,0.082
2006-02-09,0.06156421120587799,0.077
2006-02-10,0.05990932964484066,0.076
2006-02-11,0.16809149330327391,0.077
2006-02-12,0.13931475445755065,0.106
2006-02-13,0.07399847111170384,0.092
2006-02-14,0.33286416835139,0.17
2006-02-15,0.1115039206005173,0.206
2006-02-16,0.0858984784976989,0.132
2006-02-17,0.07641283946601353,0.103
2006-02-18,0.07212548494171264,0.093
2006-02-19,0.06878377129575637,0.088
2006-02-20,0.08969421976940442,0.082
2006-02-21,0.15931503363758107,0.085
2006-02-22,0.1426874342820598,0.087
2006-02-23,0.49385234491500546,0.159
2006-02-24,0.1794313817605898,0.211
2006-02-25,0.2264500670545245,0.142
2006-02-26,0.14543586611295503,0.12
2006-02-27,0.2135800408645142,0.126
2006-02-28,0.13680361633803528,0.123
2006-03-01,0.11727676674644621,0.108
2006-03-02,0.10573834883745035,0.109
2006-03-03,0.09739195081906526,0.11
2006-03-04,0.09024667995159376,0.11
2006-03-05,0.08446650571139049,0.106
2006-03-06,0.08012708258319831,0.104
2006-03-07,0.29085394999517866,0.156
2006-03-08,0.30922809756996006,0.19
2006-03-09,0.18632657961692384,0.18
2006-03-10,0.3048251931079619,0.213
2006-03-11,0.1644392876868431,0.184
2006-03-12,0.1375408193435075,0.15
2006-03-13,0.1466103162158037,0.141
2006-03-14,0.18365361300988414,0.154
2006-03-15,0.12860072487098406,0.152
2006-03-16,0.13712018609493262,0.148
2006-03-17,0.11540923913811127,0.145
2006-03-18,0.10522308326652732,0.143
2006-03-19,0.09887844457132501,0.147
2006-03-20,0.09358051743087636,0.144
2006-03-21,0.08954447359891696,0.137
2006-03-22,0.08641549739316526,0.134
2006-03-23,0.2042502032567329,0.138
2006-03-24,0.1988910704849978,0.203
2006-03-25,0.16940405778999412,0.188
2006-03-26,0.16910663704883563,0.195
2006-03-27,0.1253728541043458,0.223
2006-03-28,0.14180207781050513,0.179
2006-03-29,0.38623848301261615,0.236
2006-03-30,0.21707133988699176,0.31
2006-03-31,0.16203792279125206,0.22
2006-04-01,0.1456306319752477,0.207
2006-04-02,0.24668329842622547,0.193
2006-04-03,0.1502112789033528,0.161
2006-04-04,0.13069782123105386,0.145
2006-04-05,0.12042868163279091,0.139
2006-04-06,0.11324322998863667,0.141
2006-04-07,0.1158681071470039,0.146
2006-04-08,0.1081484736005997,0.144
2006-04-09,0.13618061987072103,0.142
2006-04-10,0.10475294699704046,0.14
2006-04-11,0.1379250521720434,0.149
2006-04-12,0.10285161135434391,0.143
2006-04-13,0.09705521781629949,0.138
2006-04-14,0.09461915738267733,0.133
2006-04-15,0.09279621108950693,0.125
2006-04-16,0.09141175110968033,0.121
2006-04-17,0.09126020422477918,0.119
2006-04-18,0.11141780266901896,0.125
2006-04-19,0.1280020950617645,0.144
2006-04-20,0.2458231319271692,0.167
2006-04-21,0.11677979053523142,0.136
2006-04-22,0.10094801497241208,0.125
2006-04-23,0.09686577428819018,0.121
2006-04-24,0.09444316243601887,0.12
2006-04-25,0.09263773127580002,0.118
2006-04-26,0.09117181008943581,0.115
2006-04-27,0.0899501771925417,0.117
2006-04-28,0.08892277108290886,0.12
2006-04-29,0.08845940093516963,0.124
2006-04-30,0.18409329628241325,0.131
2006-05-01,0.10212988654400927,0.132
2006-05-02,0.09249711160760743,0.115
2006-05-03,0.09068142787292652,0.107
2006-05-04,0.08874796696990196,0.108
2006-05-05,0.08752034813701683,0.103
2006-05-06,0.09042872239155764,0.107
2006-05-07,0.11872935822661153,0.12
2006-05-08,0.14064941420862848,0.121
2006-05-09,0.09743685998079527,0.105
2006-05-10,0.09120334622194605,0.107
2006-05-11,0.0888361187861992,0.106
2006-05-12,0.08947780258940612,0.113
2006-05-13,0.11854154800052247,0.116
2006-05-14,0.09228942192005576,0.114
2006-05-15,0.23650438361646514,0.128
2006-05-16,0.10870264020214782,0.11
2006-05-17,0.21312810923116723,0.136
2006-05-18,0.13029672969701347,0.121
2006-05-19,0.27556302321500953,0.15
2006-05-20,0.12547429136368635,0.141
2006-05-21,0.4471287433368896,0.3
2006-05-22,0.32156743349530575,0.246
2006-05-23,0.34798336968513494,0.148
2006-05-24,0.1524005818076275,0.187
2006-05-25,0.22770359953407138,0.145
2006-05-26,0.13344176731073162,0.155
2006-05-27,0.11521132737278332,0.138
2006-05-28,0.10736107987734665,0.118
2006-05-29,0.10423253532833814,0.112
2006-05-30,0.09722275416771917,0.113
2006-05-31,0.09379421590135602,0.097
2006-06-01,0.09036713691447298,0.097
2006-06-02,0.08781517448917357,0.093
2006-06-03,0.08578317429351348,0.093
2006-06-04,0.08411728236868275,0.091
2006-06-05,0.08268973184606249,0.084
2006-06-06,0.08148761886637343,0.081
2006-06-07,0.08045289784470441,0.082
2006-06-08,0.0795480020708946,0.092
2006-06-09,0.07875931763074216,0.092
2006-06-10,0.0780660392066342,0.092
2006-06-11,0.07853980764489041,0.091
2006-06-12,0.08848731000569035,0.104
2006-06-13,0.0958114300670073,0.111
2006-06-14,0.08206260249069712,0.106
2006-06-15,0.07910814434343112,0.098
2006-06-16,0.07769929731104197,0.093
2006-06-17,0.07657586028412727,0.094
2006-06-18,0.07584523689400516,0.093
2006-06-19,0.07522870785514414,0.09
2006-06-20,0.07646272916244355,0.089
2006-06-21,0.07342760643829097,0.084
2006-06-22,0.07249070861387809,0.083
2006-06-23,0.071806827455274,0.083
2006-06-24,0.07114747400856397,0.084
2006-06-25,0.07053176854100676,0.083
2006-06-26,0.07301992817579643,0.081
2006-06-27,0.06984080133406488,0.083
2006-06-28,0.06879059848929645,0.081
2006-06-29,0.06816344099141401,0.079
2006-06-30,0.06758241843684178,0.078
2006-07-01,0.06728916457605515,0.08
2006-07-02,0.06746832048031648,0.081
2006-07-03,0.06595877341454101,0.081
2006-07-04,0.06530270531033454,0.08
2006-07-05,0.06884290987808211,0.083
2006-07-06,0.06756727251846897,0.081
2006-07-07,0.06433308563854993,0.081
2006-07-08,0.06317524632760255,0.079
2006-07-09,0.06242179395509213,0.077
2006-07-10,0.0651776186569253,0.074
2006-07-11,0.061556502510409575,0.07
2006-07-12,0.06068864561022481,0.066
2006-07-13,0.06007327791292343,0.071
2006-07-14,0.059486291923941254,0.074
2006-07-15,0.05890111162135934,0.078
2006-07-16,0.05831622930266357,0.08
2006-07-17,0.057731400179546186,0.076
2006-07-18,0.05714678109564239,0.071
2006-07-19,0.057158648204975064,0.072
2006-07-20,0.056058123781906596,0.078
2006-07-21,0.05608965568404947,0.082
2006-07-22,0.406677678345871,0.214
2006-07-23,0.11065703680048186,0.118
2006-07-24,0.07758380352383677,0.087
2006-07-25,0.07052350693711239,0.068
2006-07-26,0.25612324948079135,0.095
2006-07-27,0.09865045089391887,0.079
2006-07-28,0.0747048101479692,0.07
2006-07-29,0.07306525160258177,0.073
2006-07-30,0.06544633664219633,0.073
2006-07-31,0.06679579365573891,0.069
2006-08-01,0.061939517349700754,0.077
2006-08-02,0.24563974717587472,0.238
2006-08-03,0.08582829104837547,0.078
2006-08-04,0.06707008858662948,0.069
2006-08-05,0.062382023123444694,0.068
2006-08-06,0.09562726304995038,0.091
2006-08-07,0.06746415512769892,0.07
2006-08-08,0.06463801404164643,0.071
2006-08-09,0.059218592891594785,0.069
2006-08-10,0.05672548840857577,0.06
2006-08-11,0.05500215935223262,0.055
2006-08-12,0.19343051746305912,0.067
2006-08-13,0.08173409240514862,0.084
2006-08-14,0.06190282172669614,0.059
2006-08-15,0.05840210712196151,0.056
2006-08-16,0.05749139172096363,0.054
2006-08-17,0.4005787342749911,0.267
2006-08-18,0.2944020666737398,0.529
2006-08-19,0.12340634646698535,0.082
2006-08-20,0.1631271558132109,0.102
2006-08-21,0.08457090828574036,0.116
2006-08-22,0.07149243189602217,0.066
2006-08-23,0.4096871583781292,0.3
2006-08-24,0.12787012306600104,0.088
2006-08-25,0.1600513564177611,0.079
2006-08-26,0.08511791641760859,0.072
2006-08-27,0.12874776119524653,0.074
2006-08-28,0.0799628076965984,0.072
2006-08-29,0.1531631036439414,0.134
2006-08-30,0.09935878094947273,0.068
2006-08-31,0.10760145307334475,0.079
2006-09-01,0.07544421550276774,0.072
2006-09-02,0.13839341071035388,0.082
2006-09-03,0.0766723071106136,0.068
2006-09-04,0.06762369309528274,0.063
2006-09-05,0.062231335785278286,0.062
2006-09-06,0.05934521744358776,0.062
2006-09-07,0.05716134735049119,0.057
2006-09-08,0.05541499125172542,0.056
2006-09-09,0.053993215105366414,0.057
2006-09-10,0.05283252312928017,0.061
2006-09-11,0.05219744307071563,0.06
2006-09-12,0.0530954299133945,0.064
2006-09-13,0.1139415649615786,0.07
2006-09-14,0.07985182142086628,0.11
2006-09-15,0.06026967393175303,0.058
2006-09-16,0.05650498962008966,0.313
2006-09-17,0.054773492127782986,0.068
2006-09-18,0.05472462583470273,0.072
2006-09-19,0.052117149826923684,0.065
2006-09-20,0.05099103135328897,0.062
2006-09-21,0.05113743532631608,0.06
2006-09-22,0.3882492813712261,0.263
2006-09-23,0.10497528085107667,0.079
2006-09-24,0.06972750969920552,0.079
2006-09-25,0.06178512417489435,0.076
2006-09-26,0.05828397042282206,0.073
2006-09-27,0.05654751173371619,0.068
2006-09-28,0.05430782134289986,0.07
2006-09-29,0.3843855834232956,0.245
2006-09-30,0.4283796571480994,0.209
2006-10-01,0.19884834381814345,0.146
2006-10-02,0.09039812402640623,0.087
2006-10-03,0.074527787494783,0.077
2006-10-04,0.06827313520265318,0.063
2006-10-05,0.18731023674707473,0.086
2006-10-06,0.19148433382291058,0.099
2006-10-07,0.08234559877258496,0.079
2006-10-08,0.0688574069558051,0.073
2006-10-09,0.1032486487171042,0.075
2006-10-10,0.0675372745869041,0.081
2006-10-11,0.2772579878780932,0.16
2006-10-12,0.08949044982281842,0.088
2006-10-13,0.0674399211369639,0.09
2006-10-14,0.062285291560750675,0.086
2006-10-15,0.05934735731787637,0.083
2006-10-16,0.05714856453225878,0.086
2006-10-17,0.05531622599323023,0.089
2006-10-18,0.13268857822258107,0.099
2006-10-19,0.36742449922705417,0.127
2006-10-20,0.13784959146116252,0.224
2006-10-21,0.14840186624389481,0.129
2006-10-22,0.43087095197103026,0.23
2006-10-23,0.12817295813673266,0.119
2006-10-24,0.09098158879022478,0.097
2006-10-25,0.4647596237096279,0.62
2006-10-26,0.3222272472969439,0.172
2006-10-27,0.12424899043739983,0.119
2006-10-28,0.09453027746799696,0.108
2006-10-29,0.08475200871559786,0.114
2006-10-30,0.07956218841786948,0.111
2006-10-31,0.07471848757725505,0.107
2006-11-01,0.06942652503463609,0.107
2006-11-02,0.0661443630887139,0.101
2006-11-03,0.063623790671043,0.095
2006-11-04,0.061636017694588305,0.089
2006-11-05,0.06003713581765833,0.091
2006-11-06,0.05879192063575191,0.092
2006-11-07,0.05814493560655553,0.086
2006-11-08,0.05764052009201062,0.092
2006-11-09,0.05634201816770065,0.098
2006-11-10,0.14212973694280556,0.106
2006-11-11,0.0819177106299893,0.101
2006-11-12,0.0639993492913771,0.1
2006-11-13,0.05994605553242366,0.121
2006-11-14,0.14384413844548,0.116
2006-11-15,0.07074544420610572,0.115
2006-11-16,0.06320675543853302,0.1
2006-11-17,0.17497085864525772,0.133
2006-11-18,0.07521822611240182,0.122
2006-11-19,0.12107475638176478,0.119
2006-11-20,0.07112926412108628,0.121
2006-11-21,0.06552055802145146,0.115
2006-11-22,0.41486097957475637,0.328
2006-11-23,0.22995194014119802,0.287
2006-11-24,0.495201689485516,0.23
2006-11-25,0.23242006337835186,0.348
2006-11-26,0.1299651007221835,0.167
2006-11-27,0.11546329972822827,0.136
2006-11-28,0.09862130349702448,0.125
2006-11-29,0.0896767008790361,0.113
2006-11-30,0.10442198469741415,0.108
2006-12-01,0.08653693433449876,0.11
2006-12-02,0.15527467899788117,0.101
2006-12-03,0.09222213069385397,0.108
2006-12-04,0.25187261256786064,0.105
2006-12-05,0.14197433273702223,0.143
2006-12-06,0.21664024450651967,0.12
2006-12-07,0.20328052035512512,0.123
2006-12-08,0.1204860458607874,0.109
2006-12-09,0.10364497552929966,0.098
2006-12-10,0.35962539490693035,0.098
2006-12-11,0.14833718007079838,0.176
2006-12-12,0.11499915487839182,0.121
2006-12-13,0.10082732800046341,0.117
2006-12-14,0.11079024403534174,0.113
2006-12-15,0.3511659160416794,0.128
2006-12-16,0.15191726274409637,0.122
2006-12-17,0.12154844141405104,0.115
2006-12-18,0.10960505325908644,0.108
2006-12-19,0.10105674515114024,0.097
2006-12-20,0.09469418189322383,0.096
2006-12-21,0.08989826279505844,0.092
2006-12-22,0.08622283212090534,0.097
2006-12-23,0.08249424599602175,0.099
2006-12-24,0.0799524277318213,0.101
2006-12-25,0.077994425847978,0.098
2006-12-26,0.07647289971891237,0.103
2006-12-27,0.07568480676904626,0.096
2006-12-28,0.07504945696655448,0.094
2006-12-29,0.4157758631584565,0.146
2006-12-30,0.5004882429921335,0.378
2006-12-31,0.46955435058063566,0.267
2007-01-01,0.3172364946183084,0.19
2007-01-02,0.21074476548608972,0.147
2007-01-03,0.38416092571509436,0.162
2007-01-04,0.21769781383543477,0.156
2007-01-05,0.18318916430731022,0.134
2007-01-06,0.25638505131971173,0.129
2007-01-07,0.3672554598763408,0.161
2007-01-08,0.36141442607605795,0.224
2007-01-09,0.7415915516742912,0.369
2007-01-10,0.6179641244431103,0.297
2007-01-11,0.7330266265914832,0.639
2007-01-12,0.40436121734784214,0.278
2007-01-13,0.3878462379644252,0.193
2007-01-14,0.30426422624821753,0.159
2007-01-15,0.4132616701196286,0.153
2007-01-16,0.47469509261159776,0.197
2007-01-17,1.089081397718031,0.317
2007-01-18,0.8931964014281827,1.182
2007-01-19,0.6391884708118456,0.323
2007-01-20,0.6244113705723526,0.263
2007-01-21,0.6230888534295147,0.229
2007-01-22,0.44479683264416425,0.206
2007-01-23,0.45520644362615376,0.194
2007-01-24,0.51409654345256,0.224
2007-01-25,0.3758613524822718,0.201
2007-01-26,0.32739297288547275,0.191
2007-01-27,0.29648997588249376,0.182
2007-01-28,0.27259832490043256,0.18
2007-01-29,0.254478129658777,0.176
2007-01-30,0.2405653556821151,0.172
2007-01-31,0.22998431573753048,0.175
2007-02-01,0.22199837120412372,0.167
2007-02-02,0.21594327305995548,0.158
2007-02-03,0.21153930621762096,0.157
2007-02-04,0.2084007137957863,0.159
2007-02-05,0.2062149377201685,0.166
2007-02-06,0.20476693397956086,0.161
2007-02-07,0.20431727170763356,0.16
2007-02-08,0.22732990361729022,0.165
2007-02-09,0.5598232508704952,0.233
2007-02-10,1.1179249378304459,1.46
2007-02-11,1.0107047746148345,1.222
2007-02-12,0.654243719832732,0.556
2007-02-13,0.7606710577743946,0.355
2007-02-14,0.5367947953113008,0.31
2007-02-15,0.7825030677657002,0.268
2007-02-16,0.910483513621251,0.525
2007-02-17,0.5958664534913573,0.356
2007-02-18,0.510229540965399,0.287
2007-02-19,0.8019304589193167,0.323
2007-02-20,0.729776847946175,0.371
2007-02-21,0.8995879620061177,0.385
2007-02-22,1.1396268710844308,0.517
2007-02-23,1.1612998966395223,0.969
2007-02-24,0.8417737463580801,0.725
2007-02-25,0.6860383129588152,0.407
2007-02-26,1.0143080329032983,0.328
2007-02-27,0.8553601608527296,0.469
2007-02-28,0.8426938210298611,0.42
2007-03-01,0.6579099594492275,0.357
2007-03-02,1.4171895651016546,0.629
2007-03-03,0.8371932542889081,0.599
2007-03-04,1.375367282436611,0.635
2007-03-05,0.9632819166337603,0.504
2007-03-06,0.7945869800852698,0.394
2007-03-07,0.6954788443809536,0.345
2007-03-08,0.7058612131686808,0.322
2007-03-09,0.6168350518702246,0.311
2007-03-10,0.5703601985166047,0.31
2007-03-11,0.5363140038310882,0.306
2007-03-12,0.5101073195142813,0.295
2007-03-13,0.48994528010643645,0.265
2007-03-14,0.4744177119172545,0.259
2007-03-15,0.46374950117616975,0.263
2007-03-16,0.4572619569622084,0.252
2007-03-17,0.45234600319333906,0.252
2007-03-18,0.49271801438841106,0.258
2007-03-19,0.5190367914065062,0.254
2007-03-20,0.4631901742766481,0.243
2007-03-21,0.45709668364197054,0.24
2007-03-22,0.45215593449750635,0.232
2007-03-23,0.44609786029898885,0.227
2007-03-24,0.4427517393562395,0.219
2007-03-25,0.4408231638399081,0.215
2007-03-26,0.4395285314764917,0.211
2007-03-27,0.43856861607985376,0.208
2007-03-28,0.6121835887104373,0.222
2007-03-29,0.4629407932618876,0.25
2007-03-30,0.44619646564110166,0.211
2007-03-31,0.4428519980418785,0.194
2007-04-01,0.441052377615213,0.332
2007-04-02,0.44034649047521285,0.201
2007-04-03,0.43833610011841784,0.181
2007-04-04,0.4370209695099444,0.234
2007-04-05,0.435809758709105,0.176
2007-04-06,0.43460883391450883,0.174
2007-04-07,0.43338743941980845,0.173
2007-04-08,0.43212331003940907,0.166
2007-04-09,0.4308038594381956,0.165
2007-04-10,0.42941789523162177,0.158
2007-04-11,0.4279578545913646,0.158
2007-04-12,0.4264192519363337,0.155
2007-04-13,0.4248035370060339,0.153
2007-04-14,0.42309355189123093,0.155
2007-04-15,0.4213032613615787,0.154
2007-04-16,0.41942988978356954,0.143
2007-04-17,0.41747437774080226,0.136
2007-04-18,0.41543840197838866,0.129
2007-04-19,0.41332406723303255,0.127
2007-04-20,0.41113387650752975,0.12
2007-04-21,0.40887055993678073,0.119
2007-04-22,0.40686164128649277,0.12
2007-04-23,0.4229583212981504,0.128
2007-04-24,0.40891782644787344,0.127
2007-04-25,0.40312706798036024,0.124
2007-04-26,0.4013717493895009,0.118
2007-04-27,0.39657119891577775,0.113
2007-04-28,0.39328589833962707,0.115
2007-04-29,0.39023007995044406,0.115
2007-04-30,0.3871268077490001,0.113
2007-05-01,0.3840824043980791,0.105
2007-05-02,0.3810387666685408,0.105
2007-05-03,0.3779984622235406,0.105
2007-05-04,0.3749528015667233,0.107
2007-05-05,0.3718976075898774,0.107
2007-05-06,0.3688796862180328,0.105
2007-05-07,0.3668236884381721,0.105
2007-05-08,0.3645611408157526,0.107
2007-05-09,0.6642256541979225,0.166
2007-05-10,0.4049437204293033,0.122
2007-05-11,0.48930670601687415,0.158
2007-05-12,0.382056505186438,0.12
2007-05-13,0.7674791567534801,0.366
2007-05-14,0.7408849509535056,0.265
2007-05-15,0.7178644828580062,0.174
2007-05-16,0.6540253442591415,0.204
2007-05-17,0.41484543391714934,0.17
2007-05-18,0.38019140108019783,0.137
2007-05-19,0.36880755265511384,0.125
2007-05-20,0.3572369172429615,0.116
2007-05-21,0.34881461871093217,0.114
2007-05-22,0.34164420306692916,0.103
2007-05-23,0.33535297281249554,0.107
2007-05-24,0.32990768511651886,0.11
2007-05-25,0.3251426989586817,0.112
2007-05-26,0.40530585998370927,0.12
2007-05-27,0.699605450413302,0.269
2007-05-28,0.684539297913963,0.225
2007-05-29,0.372116030856583,0.141
2007-05-30,0.33691726930803634,0.131
2007-05-31,0.3573755926618455,0.144
2007-06-01,0.3248515089698173,0.118
2007-06-02,0.3150165683728165,0.117
2007-06-03,0.3083574351569435,0.115
2007-06-04,0.3023758482874931,0.104
2007-06-05,0.2971698038389202,0.102
2007-06-06,0.29248013794040717,0.1
2007-06-07,0.2881874159052434,0.102
2007-06-08,0.28421551153688906,0.103
2007-06-09,0.2804992649070438,0.104
2007-06-10,0.27698780282893337,0.106
2007-06-11,0.27382398248509193,0.111
2007-06-12,0.2710196153333626,0.109
2007-06-13,0.6046190636822784,0.165
2007-06-14,0.6909668082009357,0.337
2007-06-15,0.7534841088053247,1.285
2007-06-16,0.7188468766798328,0.422
2007-06-17,0.713599631774108,0.229
2007-06-18,0.5513095943303251,0.22
2007-06-19,0.7502705889214571,0.959
2007-06-20,0.5734389696264088,1.073
2007-06-21,0.5024434365634681,0.363
2007-06-22,0.9873111629442529,1.97
2007-06-23,0.8351986927123001,0.504
2007-06-24,1.9697396568288739,0.7
2007-06-25,2.5789596509172577,4.255
2007-06-26,1.7565577534126775,1.576
2007-06-27,1.5105827578859186,0.565
2007-06-28,1.6805152116722464,0.418
2007-06-29,1.241633922297769,0.409
2007-06-30,1.7337597003610599,0.505
2007-07-01,1.2882843374466728,0.734
2007-07-02,1.6213198543728653,0.786
2007-07-03,2.091404730016074,0.951
2007-07-04,1.9826791884035249,1.09
2007-07-05,1.7635302622675988,0.807
2007-07-06,1.2820151207449226,0.524
2007-07-07,1.0880181241537894,0.404
2007-07-08,0.9573403561655371,0.372
2007-07-09,0.8700490908476701,0.384
2007-07-10,0.7711213170767635,0.349
2007-07-11,0.7063184094619082,0.325
2007-07-12,0.7705536249719636,0.381
2007-07-13,1.1199100139666494,0.603
2007-07-14,0.8429087249211842,0.418
2007-07-15,1.3706798802301254,0.541
2007-07-16,0.9351579078128303,0.438
2007-07-17,0.923943602822574,0.396
2007-07-18,0.8069159336588857,0.347
2007-07-19,0.7279238789315827,0.321
2007-07-20,1.5194622401252753,1.554
2007-07-21,1.2962481089126054,1.383
2007-07-22,1.0062390013184528,0.558
2007-07-23,0.7922357599471967,0.433
2007-07-24,0.7598693899483253,0.363
2007-07-25,0.7707147328146089,0.373
2007-07-26,2.1466193549090664,2.556
2007-07-27,1.4300492618662168,0.816
2007-07-28,1.1339435876016306,0.462
2007-07-29,0.971877902229303,0.386
2007-07-30,0.8924812005753993,0.361
2007-07-31,0.8347742422100749,0.377
2007-08-01,0.7915034079278899,0.381
2007-08-02,0.7550960210147459,0.359
2007-08-03,0.7276777673299664,0.333
2007-08-04,0.7064795170902485,0.298
2007-08-05,0.6900961505039542,0.294
2007-08-06,0.7078489448892505,0.304
2007-08-07,0.6753666089569628,0.283
2007-08-08,0.6649342595462382,0.262
2007-08-09,0.6583312199858969,0.258
2007-08-10,0.6534217600610769,0.253
2007-08-11,0.6502365196789468,0.248
2007-08-12,0.6468990580334306,0.241
2007-08-13,0.7730432034506084,0.256
2007-08-14,0.8535453106647674,0.289
2007-08-15,0.7239968268857454,0.27
2007-08-16,0.6669020036517593,0.233
2007-08-17,0.6593483102998023,0.218
2007-08-18,0.7962266090027131,0.257
2007-08-19,0.674203239322595,0.266
2007-08-20,0.6550643598371334,0.221
2007-08-21,0.6493715067058817,0.204
2007-08-22,0.6454490188789074,0.193
2007-08-23,0.6420478151132931,0.181
2007-08-24,0.6389477771656655,0.177
2007-08-25,0.6360457965816377,0.175
2007-08-26,0.633268133895279,0.164
2007-08-27,0.6305581297832659,0.162
2007-08-28,0.6285606099245111,0.164
2007-08-29,0.6252418576057749,0.162
2007-08-30,0.6224511291741992,0.161
2007-08-31,0.6196778309675876,0.15
2007-09-01,0.6168108130711706,0.144
2007-09-02,0.6175029874526231,0.148
2007-09-03,0.6112006875763399,0.14
2007-09-04,0.6077809170147325,0.137
2007-09-05,0.6045524463960522,0.142
2007-09-06,0.6012898734607168,0.142
2007-09-07,0.597878053531256,0.14
2007-09-08,0.594400937467016,0.142
2007-09-09,0.590842795937935,0.14
2007-09-10,0.5871897496899732,0.131
2007-09-11,0.5834577565908659,0.117
2007-09-12,0.5796464713899264,0.119
2007-09-13,0.575762037273224,0.12
2007-09-14,0.571800272959124,0.118
2007-09-15,0.567770596502592,0.116
2007-09-16,0.5642446096424223,0.117
2007-09-17,0.5627280166204754,0.125
2007-09-18,0.5558137864296088,0.108
2007-09-19,0.7111934746061609,0.118
2007-09-20,0.5714422706632185,0.141
2007-09-21,0.5542205141809448,0.13
2007-09-22,0.5447295082418346,0.119
2007-09-23,0.8090865632286245,0.145
2007-09-24,0.5731098964409702,0.187
2007-09-25,0.545086184790854,0.132
2007-09-26,0.533006167292427,0.112
2007-09-27,0.5286149341252295,0.113
2007-09-28,0.5223552129026864,0.12
2007-09-29,0.5137890939688753,0.117
2007-09-30,0.5076641466380833,0.11
2007-10-01,0.5021447945299475,0.132
2007-10-02,0.4968292440632112,0.136
2007-10-03,0.4916632083895722,0.138
2007-10-04,0.4865465292374321,0.132
2007-10-05,0.481547417210179,0.14
2007-10-06,0.4766209112456684,0.142
2007-10-07,0.47174984482059346,0.144
2007-10-08,0.6009964778403704,0.125
2007-10-09,0.521254732839567,0.161
2007-10-10,0.47233420850330377,0.135
2007-10-11,0.461631142311532,0.139
2007-10-12,0.4549625061935624,0.14
2007-10-13,0.4493488468113472,0.138
2007-10-14,0.4433566256255232,0.14
2007-10-15,0.4384508523952439,0.141
2007-10-16,0.6917140740179939,0.176
2007-10-17,0.46353192285695033,0.145
2007-10-18,0.43517206207700604,0.138
2007-10-19,0.42636328919039257,0.2
2007-10-20,0.41983193440723543,0.13
2007-10-21,0.4138686183471984,0.129
2007-10-22,0.4082420982990927,0.133
2007-10-23,0.4028763831783669,0.124
2007-10-24,0.3977181959780611,0.13
2007-10-25,0.3927340097586241,0.125
2007-10-26,0.3881700179805595,0.129
2007-10-27,0.3837454219086341,0.133
2007-10-28,0.5012496000488933,0.155
2007-10-29,0.3917625006704392,0.137
2007-10-30,0.3761432262063588,0.13
2007-10-31,0.3697571225645615,0.126
2007-11-01,0.36448913485257106,0.128
2007-11-02,0.35952169132018946,0.127
2007-11-03,0.3547463997803338,0.125
2007-11-04,0.35012493147041884,0.127
2007-11-05,0.3456339519091356,0.136
2007-11-06,0.341231123475668,0.156
2007-11-07,0.3369779782565096,0.153
2007-11-08,0.3607897948619529,0.14
2007-11-09,0.33377769975424987,0.12
2007-11-10,0.3277990384120519,0.12
2007-11-11,0.3222805105622811,0.122
2007-11-12,0.36711047550738146,0.124
2007-11-13,0.321238991359388,0.119
2007-11-14,0.3125963476382903,0.12
2007-11-15,0.3077210358015135,0.112
2007-11-16,0.30338961322630853,0.12
2007-11-17,0.5039036051476279,0.125
2007-11-18,0.7026727988205987,0.422
2007-11-19,0.6929932978070883,0.281
2007-11-20,0.6859804180177234,0.252
2007-11-21,0.4206967903368417,0.211
2007-11-22,0.3397132408742453,0.168
2007-11-23,0.31239208161395327,0.146
2007-11-24,0.328760196539733,0.142
2007-11-25,0.2980682643093993,0.14
2007-11-26,0.2882903579111447,0.131
2007-11-27,0.2818200529958248,0.127
2007-11-28,0.2757601428375165,0.132
2007-11-29,0.26974630623443896,0.13
2007-11-30,0.43512948161496084,0.157
2007-12-01,0.35345810120732335,0.144
2007-12-02,0.3953020556703833,0.196
2007-12-03,0.29789068691433135,0.156
2007-12-04,0.27130343244052546,0.141
2007-12-05,0.38416304347108776,0.167
2007-12-06,0.5310965786516043,0.201
2007-12-07,0.29962586749554154,0.221
2007-12-08,0.6267444563761857,0.434
2007-12-09,0.4084076038795012,0.308
2007-12-10,0.2941781630297207,0.215
2007-12-11,0.27194475750619757,0.168
2007-12-12,0.26036344413961093,0.147
2007-12-13,0.2512429626239392,0.126
2007-12-14,0.24365361779111544,0.131
2007-12-15,0.23697866081692737,0.131
2007-12-16,0.23125338674342988,0.127
2007-12-17,0.22629570128849805,0.119
2007-12-18,0.2217751703158049,0.116
2007-12-19,0.21776744773526072,0.113
2007-12-20,0.21410308995249372,0.114
2007-12-21,0.21073383618663583,0.125
2007-12-22,0.23759643636056527,0.121
2007-12-23,0.20964359775276198,0.113
2007-12-24,0.5415212226389822,0.296
2007-12-25,0.3462066327279964,0.331
2007-12-26,0.2256405978704321,0.182
2007-12-27,0.20913392885695,0.156
2007-12-28,0.48194372619059667,0.289
2007-12-29,0.35433938493600226,0.335
2007-12-30,0.2460402931696483,0.215
2007-12-31,0.22642573542912517,0.175
2008-01-01,0.21884290811729354,0.163
2008-01-02,0.20775211193670948,0.156
2008-01-03,0.20099794185346237,0.15
2008-01-04,0.3432505419677041,0.174
2008-01-05,0.222160945570636,0.164
2008-01-06,0.3739809588397647,0.174
2008-01-07,0.2342306767560747,0.18
2008-01-08,0.35879489605819914,0.201
2008-01-09,0.24572448333489025,0.201
2008-01-10,0.2869261734872733,0.195
2008-01-11,0.8453543300945904,1.577
2008-01-12,0.7384742405188282,0.646
2008-01-13,0.498207295341375,0.395
2008-01-14,1.005272340388959,0.4
2008-01-15,1.4963724360469424,2.284
2008-01-16,1.1503975977737704,1.109
2008-01-17,1.4533075035659007,0.833
2008-01-18,1.088050656856202,0.711
2008-01-19,1.3111753573975635,0.635
2008-01-20,1.4988487715822303,0.813
2008-01-21,1.1760679448220124,0.987
2008-01-22,0.8657093810623566,0.568
2008-01-23,0.7253042850959154,0.471
2008-01-24,0.6250873399482468,0.394
2008-01-25,0.547936080401364,0.362
2008-01-26,0.48987209231186685,0.353
2008-01-27,0.44448208411571505,0.338
2008-01-28,0.40891240787386923,0.33
2008-01-29,0.42262633317438525,0.327
2008-01-30,0.48660240513682596,0.32
2008-01-31,0.7974905296360428,0.372
2008-02-01,0.591593764210575,0.358
2008-02-02,0.4812042581956553,0.32
2008-02-03,0.8090947263680943,0.345
2008-02-04,1.0130402793240476,0.386
2008-02-05,0.9031172006159989,0.529
2008-02-06,0.6518742700558986,0.388
2008-02-07,0.572990784899953,0.328
2008-02-08,0.5222777208711114,0.317
2008-02-09,0.4835016759208969,0.294
2008-02-10,0.45386039686375135,0.278
2008-02-11,0.429904413156459,0.269
2008-02-12,0.41193780162076715,0.262
2008-02-13,0.397234771334446,0.256
2008-02-14,0.38669455370587813,0.252
2008-02-15,0.3779513202067072,0.245
2008-02-16,0.3716624945546947,0.235
2008-02-17,0.36693570476577586,0.238
2008-02-18,0.36365250243535724,0.235
2008-02-19,0.3608984511663623,0.236
2008-02-20,0.35900646286231486,0.234
2008-02-21,0.35770657420680185,0.23
2008-02-22,0.3567728900807995,0.224
2008-02-23,0.3561320511567903,0.221
2008-02-24,0.3559481053574883,0.219
2008-02-25,0.4717548245549464,0.223
2008-02-26,0.3720132730455904,0.218
2008-02-27,0.3612102758690315,0.205
2008-02-28,0.3590875402484705,0.198
2008-02-29,0.5061460964331304,0.224
2008-03-01,0.3783735315090212,0.211
2008-03-02,0.36410532529150796,0.203
2008-03-03,0.3612085832945553,0.2
2008-03-04,0.3590371303689314,0.187
2008-03-05,0.357192310320717,0.189
2008-03-06,0.3559665075679779,0.201
2008-03-07,0.3542412832314759,0.191
2008-03-08,0.3540984977587469,0.19
2008-03-09,0.46258904588869276,0.19
2008-03-10,0.47443943463828175,0.261
2008-03-11,0.43542098024175646,0.212
2008-03-12,0.36993771461859676,0.194
2008-03-13,0.35830185607898285,0.177
2008-03-14,0.3539504639818722,0.172
2008-03-15,0.7217960455893115,0.406
2008-03-16,0.7260144738383343,0.686
2008-03-17,0.42913586549924654,0.294
2008-03-18,0.37052449257581754,0.224
2008-03-19,0.36006758194762567,0.2
2008-03-20,0.3867701458998138,0.205
2008-03-21,0.37535243616467284,0.198
2008-03-22,0.42944836146716986,0.183
2008-03-23,0.3878980940350536,0.191
2008-03-24,0.36639083256939997,0.186
2008-03-25,0.5396042821531258,0.189
2008-03-26,0.42563060843170836,0.193
2008-03-27,0.5779945943655569,0.189
2008-03-28,0.6014202944603402,0.22
2008-03-29,0.6224373802708586,0.211
2008-03-30,0.5033230575408897,0.202
2008-03-31,0.4753526108129846,0.184
2008-04-01,0.42576984937861434,0.174
2008-04-02,0.40338914247893864,0.168
2008-04-03,0.38523871426916695,0.164
2008-04-04,0.37253799207968025,0.163
2008-04-05,0.407567464097912,0.175
2008-04-06,0.36194803638550826,0.176
2008-04-07,0.3490983213309092,0.171
2008-04-08,0.34001300792431216,0.163
2008-04-09,0.3334209796439271,0.163
2008-04-10,0.3309020571057505,0.169
2008-04-11,0.4085500209469069,0.188
2008-04-12,0.33421970756742825,0.172
2008-04-13,0.3215335088448091,0.164
2008-04-14,0.3177215400045885,0.168
2008-04-15,0.4138175558774583,0.183
2008-04-16,0.3983920437648837,0.19
2008-04-17,0.3241900024584757,0.18
2008-04-18,0.312652143427552,0.172
2008-04-19,0.30800058528389335,0.169
2008-04-20,0.30508594423231866,0.165
2008-04-21,0.30013305090959175,0.158
2008-04-22,0.2972783424012285,0.151
2008-04-23,0.33578413226376713,0.16
2008-04-24,0.35593965068791517,0.211
2008-04-25,0.3020510989808267,0.158
2008-04-26,0.2928843893636885,0.151
2008-04-27,0.4922123800049139,0.219
2008-04-28,0.3162971215821932,0.185
2008-04-29,0.5932494866176926,0.298
2008-04-30,0.44115665963386486,0.35
2008-05-01,0.31615772582498747,0.244
2008-05-02,0.29728061449519666,0.174
2008-05-03,0.28901255251183394,0.157
2008-05-04,0.2854282631942171,0.154
2008-05-05,0.27793818656676966,0.145
2008-05-06,0.2731119893019276,0.138
2008-05-07,0.26896413053406687,0.141
2008-05-08,0.26521267863396525,0.14
2008-05-09,0.2617660858607499,0.138
2008-05-10,0.2585584101024181,0.132
2008-05-11,0.2555406574743872,0.131
2008-05-12,0.25267302001316194,0.137
2008-05-13,0.24992420641864732,0.134
2008-05-14,0.24726909225165905,0.139
2008-05-15,0.24469071407889634,0.141
2008-05-16,0.24393631123321702,0.137
2008-05-17,0.24018100587096325,0.138
2008-05-18,0.23732780322340322,0.136
2008-05-19,0.23485063039272674,0.14
2008-05-20,0.23245844389746695,0.134
2008-05-21,0.2300926003551356,0.13
2008-05-22,0.22774156469816115,0.129
2008-05-23,0.22806481347432953,0.131
2008-05-24,0.22333305088241423,0.13
2008-05-25,0.23898381780775135,0.141
2008-05-26,0.5677208414619712,0.206
2008-05-27,0.5511775972983383,0.216
2008-05-28,0.3089408267070881,0.196
2008-05-29,0.47818928259170973,0.217
2008-05-30,0.26959629305473437,0.168
2008-05-31,0.2454726567441959,0.142
2008-06-01,0.2334107999200017,0.148
2008-06-02,0.5578613480692332,0.173
2008-06-03,0.27134778489166383,0.261
2008-06-04,0.23165033546072922,0.159
2008-06-05,0.22148714559101088,0.134
2008-06-06,0.21796719656899957,0.135
2008-06-07,0.21033593429202896,0.132
2008-06-08,0.20526020753799212,0.124
2008-06-09,0.201173724745087,0.117
2008-06-10,0.19757306653706666,0.113
2008-06-11,0.19504915300917874,0.111
2008-06-12,0.1919327017878859,0.112
2008-06-13,0.18969461590898037,0.108
2008-06-14,0.18710433729549125,0.11
2008-06-15,0.18514265180837483,0.115
2008-06-16,0.18142524564363186,0.121
2008-06-17,0.17941368238840277,0.119
2008-06-18,0.1804949678416716,0.145
2008-06-19,0.17515642036712717,0.164
2008-06-20,0.1737901795663956,0.132
2008-06-21,0.2283082172492787,0.128
2008-06-22,0.180172096090423,0.109
2008-06-23,0.17273324120579936,0.1
2008-06-24,0.16942904306927242,0.098
2008-06-25,0.16671376082036415,0.1
2008-06-26,0.24058033394505435,0.114
2008-06-27,0.1758680516947665,0.106
2008-06-28,0.1663864164499776,0.102
2008-06-29,0.18705323882061997,0.118
2008-06-30,0.16664960067066023,0.104
2008-07-01,0.16325173161339662,0.103
2008-07-02,0.16079018050590568,0.101
2008-07-03,0.15740639092802428,0.103
2008-07-04,0.15552888618610353,0.094
2008-07-05,0.1550727319017289,0.099
2008-07-06,0.24046588994587684,0.14
2008-07-07,0.1660312771266583,0.119
2008-07-08,0.15132263158769024,0.101
2008-07-09,0.2348039007199012,0.12
2008-07-10,0.1637973830364924,0.125
2008-07-11,0.15407018362481262,0.114
2008-07-12,0.14547196726157816,0.107
2008-07-13,0.14103278496916696,0.101
2008-07-14,0.13810033205450445,0.097
2008-07-15,0.13554414554804498,0.09
2008-07-16,0.24835778568142966,0.095
2008-07-17,0.15219872199134254,0.128
2008-07-18,0.14067141224207924,0.107
2008-07-19,0.13487439310256202,0.106
2008-07-20,0.13046955646058592,0.093
2008-07-21,0.12773617454616337,0.092
2008-07-22,0.12538514879074167,0.092
2008-07-23,0.12324558342140496,0.089
2008-07-24,0.12126767909513578,0.085
2008-07-25,0.11943313224286162,0.087
2008-07-26,0.11767660023183311,0.086
2008-07-27,0.11603131873825166,0.086
2008-07-28,0.11966185634108384,0.089
2008-07-29,0.11392504994782933,0.095
2008-07-30,0.11151967599139478,0.077
2008-07-31,0.2905088500558121,0.105
2008-08-01,0.190881257689537,0.082
2008-08-02,0.12954917059037432,0.085
2008-08-03,0.11961902308793107,0.075
2008-08-04,0.11543152132080288,0.074
2008-08-05,0.11701995437222837,0.08
2008-08-06,0.10985357635320167,0.077
2008-08-07,0.11074329199037221,0.075
2008-08-08,0.10493856944049719,0.074
2008-08-09,0.28324514943322826,0.111
2008-08-10,0.1283408415706997,0.087
2008-08-11,0.45128616692379975,0.082
2008-08-12,0.16405630618737266,0.166
2008-08-13,0.12579317068762,0.112
2008-08-14,0.11378055872463012,0.078
2008-08-15,0.1084511968359323,0.073
2008-08-16,0.4529272938334307,0.149
2008-08-17,0.3105848368416303,0.141
2008-08-18,0.13929672701793694,0.099
2008-08-19,0.11469939092058487,0.086
2008-08-20,0.10787852086262509,0.079
2008-08-21,0.17199752475203509,0.098
2008-08-22,0.11186038671598655,0.077
2008-08-23,0.1039235238637051,0.073
2008-08-24,0.09822418123411966,0.072
2008-08-25,0.09497716857629651,0.072
2008-08-26,0.0924226639426548,0.072
2008-08-27,0.09024655516464773,0.074
2008-08-28,0.08834777283833863,0.067
2008-08-29,0.08667343747352789,0.073
2008-08-30,0.08517876542569208,0.073
2008-08-31,0.11849601251349767,0.081
2008-09-01,0.43071405975118593,0.15
2008-09-02,0.4357398155642123,0.171
2008-09-03,0.3339331539993969,0.161
2008-09-04,0.3495711275449622,0.113
2008-09-05,0.6003498891396523,0.808
2008-09-06,0.6181650637355735,0.508
2008-09-07,0.5505125748100025,0.266
2008-09-08,0.544257206037779,0.166
2008-09-09,0.294863895016958,0.236
2008-09-10,0.1906109185045637,0.161
2008-09-11,0.16298571576936513,0.127
2008-09-12,0.1489632536927036,0.117
2008-09-13,0.13446789517211669,0.11
2008-09-14,0.12438194588810718,0.103
2008-09-15,0.11647935004395484,0.094
2008-09-16,0.11113267394297054,0.096
2008-09-17,0.1052840764836383,0.097
2008-09-18,0.10112631233455695,0.096
2008-09-19,0.09787669925371459,0.091
2008-09-20,0.09526755270564978,0.089
2008-09-21,0.09321106788251131,0.092
2008-09-22,0.18205104541695974,0.102
2008-09-23,0.10419122283554286,0.089
2008-09-24,0.09465570578140277,0.085
2008-09-25,0.09205116921453353,0.083
2008-09-26,0.09040173060627735,0.088
2008-09-27,0.08923747588937692,0.096
2008-09-28,0.08809247310113351,0.098
2008-09-29,0.08961528344519505,0.1
2008-09-30,0.12461547563475682,0.12
2008-10-01,0.2587365422884369,0.136
2008-10-02,0.1126663656385747,0.119
2008-10-03,0.09560439902519957,0.1
2008-10-04,0.4334793744112101,0.14
2008-10-05,0.23026732846765635,0.198
2008-10-06,0.11724661764426175,0.119
2008-10-07,0.11923118464794938,0.11
2008-10-08,0.10121141402929718,0.1
2008-10-09,0.09630651744681809,0.096
2008-10-10,0.09322937792692676,0.092
2008-10-11,0.09283735275318383,0.097
2008-10-12,0.08897053668129629,0.102
2008-10-13,0.08735826622345118,0.106
2008-10-14,0.11277126712001255,0.124
2008-10-15,0.16271870651629752,0.141
2008-10-16,0.09745355744207389,0.112
2008-10-17,0.0891187488499838,0.115
2008-10-18,0.08658850218253974,0.112
2008-10-19,0.08489629868002192,0.107
2008-10-20,0.2053796954009933,0.129
2008-10-21,0.10024412656569666,0.12
2008-10-22,0.08804813446125163,0.107
2008-10-23,0.08628776578419432,0.117
2008-10-24,0.08336993717608127,0.116
2008-10-25,0.4175319269253053,0.145
2008-10-26,0.16187520783644224,0.192
2008-10-27,0.10055084576992851,0.14
2008-10-28,0.09137070535716128,0.129
2008-10-29,0.08783902790367704,0.124
2008-10-30,0.08625482155991651,0.129
2008-10-31,0.0830100373603451,0.125
2008-11-01,0.4318779636114054,0.283
2008-11-02,0.4650055054247468,0.348
2008-11-03,0.2110609109938748,0.224
2008-11-04,0.16432929800070728,0.2
2008-11-05,0.12321360409197915,0.178
2008-11-06,0.13077621793893432,0.177
2008-11-07,0.11201192382733167,0.178
2008-11-08,0.23140532884548864,0.183
2008-11-09,0.6333307971168606,1.201
2008-11-10,0.6054358775882049,0.569
2008-11-11,0.2539701110234611,0.31
2008-11-12,0.18644229262462303,0.221
2008-11-13,0.22732249673350988,0.193
2008-11-14,0.16897932878495903,0.188
2008-11-15,0.14963406711671748,0.174
2008-11-16,0.13591252130547912,0.165
2008-11-17,0.16781622043612648,0.17
2008-11-18,0.13003960064696463,0.169
2008-11-19,0.11883898499162664,0.165
2008-11-20,0.11177455876597102,0.158
2008-11-21,0.10778339074315059,0.156
2008-11-22,0.15731615048365918,0.15
2008-11-23,0.23237944882925646,0.183
2008-11-24,0.17345641227353525,0.168
2008-11-25,0.12891815850514743,0.151
2008-11-26,0.11804943231743373,0.159
2008-11-27,0.2066070832908697,0.178
2008-11-28,0.13029914544794366,0.16
2008-11-29,0.11656655626318967,0.153
2008-11-30,0.11075160394948431,0.15
2008-12-01,0.12318534347834365,0.147
2008-12-02,0.10997274138289753,0.146
2008-12-03,0.366072377563388,0.146
2008-12-04,0.20330426118007877,0.208
2008-12-05,0.16060821101720268,0.18
2008-12-06,0.13584665213535788,0.153
2008-12-07,0.1264641460515942,0.147
2008-12-08,0.42097897473296186,0.215
2008-12-09,0.19090226118396353,0.194
2008-12-10,0.15518041627628654,0.172
2008-12-11,0.14130531027549117,0.162
2008-12-12,0.33471646101333785,0.16
2008-12-13,0.6954501257896345,0.549
2008-12-14,0.28774060996006745,0.364
2008-12-15,0.22287787853636984,0.217
2008-12-16,0.21121181071663914,0.187
2008-12-17,0.18480207278030575,0.161
2008-12-18,0.24968660387779648,0.159
2008-12-19,0.21689542788878852,0.156
2008-12-20,0.17612778688827854,0.151
2008-12-21,0.16014172650010286,0.147
2008-12-22,0.14895528926495655,0.14
2008-12-23,0.14068865742853867,0.138
2008-12-24,0.1343130411156618,0.141
2008-12-25,0.12930370534941824,0.13
2008-12-26,0.1253624141658133,0.126
2008-12-27,0.12227092692320271,0.129
2008-12-28,0.11982803823330528,0.131
2008-12-29,0.11790863698783689,0.131
2008-12-30,0.11639741182518051,0.129
2008-12-31,0.11520150027812957,0.131
2009-01-01,0.11442081997948288,0.128
2009-01-02,0.11350488153603767,0.129
2009-01-03,0.1128471607956707,0.129
2009-01-04,0.182301716325659,0.135
2009-01-05,0.12244766008295165,0.132
2009-01-06,0.11656815187650037,0.129
2009-01-07,0.11547254372911209,0.133
2009-01-08,0.11333677914666958,0.13
2009-01-09,0.11236374008141602,0.131
2009-01-10,0.11167223014537007,0.134
2009-01-11,0.26529053750895965,0.14
2009-01-12,0.4228790797863379,0.28
2009-01-13,0.18260281113824864,0.221
2009-01-14,0.18411366064631934,0.177
2009-01-15,0.2779924901235309,0.188
2009-01-16,0.26050759045349825,0.19
2009-01-17,0.3910196280771951,0.203
2009-01-18,0.6977666789970547,0.201
2009-01-19,0.3707669215118144,0.512
2009-01-20,0.28225228404623764,0.243
2009-01-21,0.751364584089305,0.272
2009-01-22,0.5679332755172188,0.719
2009-01-23,0.432814151889007,0.437
2009-01-24,0.4602328370226294,0.272
2009-01-25,0.33201448921123977,0.268
2009-01-26,0.2866265163520375,0.217
2009-01-27,0.7287707588104877,0.25
2009-01-28,0.3825520645748695,0.391
2009-01-29,0.3116924908854568,0.263
2009-01-30,0.2765868588093871,0.231
2009-01-31,0.2508847835077612,0.214
2009-02-01,0.23444060499491629,0.208
2009-02-02,0.49407580523712274,0.243
2009-02-03,0.29658259849767626,0.239
2009-02-04,0.4883182434353515,0.229
2009-02-05,0.46781119320375075,0.246
2009-02-06,0.3341570298032273,0.232
2009-02-07,0.2895593294824673,0.216
2009-02-08,0.3671858047286173,0.22
2009-02-09,1.1738507814220043,0.607
2009-02-10,0.7082413528433524,1.065
2009-02-11,0.4853692518248164,0.458
2009-02-12,0.7141582942011737,0.356
2009-02-13,0.479438238298664,0.402
2009-02-14,0.4056885241504216,0.327
2009-02-15,0.3632762726094855,0.317
2009-02-16,0.3310720770738292,0.284
2009-02-17,0.31446726681455267,0.272
2009-02-18,0.3734787130222705,0.27
2009-02-19,0.30705151914538004,0.262
2009-02-20,0.28637923987952524,0.256
2009-02-21,0.2706760237642627,0.254
2009-02-22,0.26013570108516876,0.249
2009-02-23,0.2516032467447924,0.249
2009-02-24,0.24523180486593243,0.239
2009-02-25,0.2403964013179482,0.24
2009-02-26,0.23760481466090547,0.242
2009-02-27,0.23410964586979435,0.24
2009-02-28,0.2320402269451244,0.237
2009-03-01,0.23060595540323103,0.234
2009-03-02,0.22995179932246101,0.233
2009-03-03,0.5000711408017496,0.29
2009-03-04,0.27141583493702415,0.256
2009-03-05,0.24927581389200318,0.233
2009-03-06,0.24069807179360994,0.226
2009-03-07,0.3143983968864824,0.236
2009-03-08,0.43223004512301494,0.256
2009-03-09,0.614739382847866,0.246
2009-03-10,0.37960191162875684,0.228
2009-03-11,0.3349987113976005,0.202
2009-03-12,0.3135035194963349,0.193
2009-03-13,0.2977888910198084,0.194
2009-03-14,0.2850203040379981,0.191
2009-03-15,0.2750347209523846,0.185
2009-03-16,0.2670711351556052,0.182
2009-03-17,0.26068533938523036,0.179
2009-03-18,0.2555516367745697,0.18
2009-03-19,0.25137186057600136,0.178
2009-03-20,0.24796594051587073,0.176
2009-03-21,0.24515501445380483,0.175
2009-03-22,0.24280855130261844,0.171
2009-03-23,0.24091805583714845,0.172
2009-03-24,0.24042627190602645,0.169
2009-03-25,0.24006482322074665,0.181
2009-03-26,0.23713458576184837,0.174
2009-03-27,0.2598025348805593,0.174
2009-03-28,0.23986676566037965,0.172
2009-03-29,0.23559688718427513,0.162
2009-03-30,0.23368394721390862,0.164
2009-03-31,0.23214626848320602,0.157
2009-04-01,0.23071725406218208,0.15
2009-04-02,0.22934848560988066,0.15
2009-04-03,0.22801663126746433,0.153
2009-04-04,0.22670528658559655,0.15
2009-04-05,0.22540412456297435,0.149
2009-04-06,0.22427854423503757,0.153
2009-04-07,0.22457885053559903,0.147
2009-04-08,0.22488090982706457,0.154
2009-04-09,0.221592694421613,0.16
2009-04-10,0.2512883708130752,0.165
2009-04-11,0.2247967424774683,0.154
2009-04-12,0.21989035472684026,0.149
2009-04-13,0.21739547764018105,0.147
2009-04-14,0.21709424034998842,0.15
2009-04-15,0.21498213834576585,0.146
2009-04-16,0.21286136225043734,0.144
2009-04-17,0.21005033682474808,0.134
2009-04-18,0.20821550760108049,0.129
2009-04-19,0.20650074105267924,0.13
2009-04-20,0.20480088149947445,0.131
2009-04-21,0.20311506921253483,0.124
2009-04-22,0.20143423578365305,0.121
2009-04-23,0.19975515223064108,0.131
2009-04-24,0.1980745325929619,0.135
2009-04-25,0.19640029626847633,0.13
2009-04-26,0.2098556790419537,0.129
2009-04-27,0.40485366940056633,0.171
2009-04-28,0.26740201062609387,0.148
2009-04-29,0.21214261380612492,0.147
2009-04-30,0.20461480101903923,0.142
2009-05-01,0.1979080324147417,0.133
2009-05-02,0.19530872343230948,0.132
2009-05-03,0.19386096171061817,0.128
2009-05-04,0.1899942108656715,0.137
2009-05-05,0.1856518324179428,0.133
2009-05-06,0.18330601523625573,0.126
2009-05-07,0.1815068744781727,0.131
2009-05-08,0.17800841739367537,0.12
2009-05-09,0.17564684408610728,0.115
2009-05-10,0.17361549965409542,0.115
2009-05-11,0.17167611138779967,0.112
2009-05-12,0.16981306801272897,0.108
2009-05-13,0.16938346083971897,0.111
2009-05-14,0.4266255287390864,0.135
2009-05-15,0.30431178131850817,0.175
2009-05-16,0.19571351455675287,0.133
2009-05-17,0.1823195117810572,0.129
2009-05-18,0.174348736936827,0.122
2009-05-19,0.25264127623433297,0.142
2009-05-20,0.19802260451184225,0.134
2009-05-21,0.17609728719555162,0.119
2009-05-22,0.1677903669736918,0.117
2009-05-23,0.1632760293893168,0.112
2009-05-24,0.15960750140094107,0.11
2009-05-25,0.16029462797597552,0.112
2009-05-26,0.15456433291938204,0.109
2009-05-27,0.15150909753535763,0.109
2009-05-28,0.14866124664605224,0.103
2009-05-29,0.14643629406268194,0.099
2009-05-30,0.14439735534717188,0.096
2009-05-31,0.1424778396701457,0.098
2009-06-01,0.14065176384416697,0.096
2009-06-02,0.13890101449241476,0.094
2009-06-03,0.13721142940977707,0.096
2009-06-04,0.1355741226610227,0.09
2009-06-05,0.48858447044871517,0.161
2009-06-06,0.3266459241331011,0.16
2009-06-07,0.5684640139545882,0.507
2009-06-08,0.5246097487473496,0.178
2009-06-09,0.320365568505909,0.129
2009-06-10,0.19001728098466333,0.123
2009-06-11,0.1616007395555024,0.114
2009-06-12,0.1522905551639267,0.109
2009-06-13,0.14597900941180028,0.109
2009-06-14,0.14187598956724518,0.107
2009-06-15,0.40507481719404487,0.164
2009-06-16,0.1724495113461126,0.117
2009-06-17,0.14847991646889622,0.123
2009-06-18,0.13804717241174239,0.111
2009-06-19,0.13785485481362242,0.101
2009-06-20,0.13017419891491763,0.098
2009-06-21,0.12643712534737558,0.093
2009-06-22,0.12501747755437057,0.1
2009-06-23,0.12142959085184245,0.095
2009-06-24,0.11921014054697017,0.094
2009-06-25,0.11731121340805784,0.094
2009-06-26,0.11564502555611593,0.092
2009-06-27,0.1140225796634316,0.096
2009-06-28,0.11256801283715849,0.096
2009-06-29,0.11116386987189768,0.093
2009-06-30,0.10985237493216977,0.085
2009-07-01,0.10856979938351563,0.083
2009-07-02,0.349378004263763,0.07
2009-07-03,0.4820027803415477,0.253
2009-07-04,0.16831916789826978,0.108
2009-07-05,0.13440910889516447,0.095
2009-07-06,0.4618563981047183,0.166
2009-07-07,0.27230332760109577,0.108
2009-07-08,0.1498343687113697,0.09
2009-07-09,0.13197414000071048,0.088
2009-07-10,0.12391179001779451,0.087
2009-07-11,0.26603412694344875,0.106
2009-07-12,0.13760104774826756,0.094
2009-07-13,0.24615623219137767,0.152
2009-07-14,0.22977784638873391,0.116
2009-07-15,0.13656599127618482,0.098
2009-07-16,0.4913802252918322,0.202
2009-07-17,0.5213482922829903,0.291
2009-07-18,0.2492943182547164,0.134
2009-07-19,0.3932694115605699,0.167
2009-07-20,0.1859690445943741,0.118
2009-07-21,0.15683658450689433,0.122
2009-07-22,0.13869223147543475,0.107
2009-07-23,0.12994130696613196,0.108
2009-07-24,0.12372167933308693,0.099
2009-07-25,0.11674683589521485,0.094
2009-07-26,0.16408090321790017,0.106
2009-07-27,0.12340677572387383,0.11
2009-07-28,0.11434347281569612,0.091
2009-07-29,0.48615708480635794,0.437
2009-07-30,0.4774527701887185,0.208
2009-07-31,0.18668024559906934,0.148
2009-08-01,0.3352822662873255,0.196
2009-08-02,0.16085252986224954,0.141
2009-08-03,0.13692859024156048,0.119
2009-08-04,0.47300851506548836,0.157
2009-08-05,0.1771756704188096,0.329
2009-08-06,0.6758251631269402,1.019
2009-08-07,0.5687242419013067,0.83
2009-08-08,0.23911573888146817,0.247
2009-08-09,0.1889746767522643,0.183
2009-08-10,0.16993082813832933,0.156
2009-08-11,0.1809430862154376,0.141
2009-08-12,0.1539532379971688,0.152
2009-08-13,0.14164464083179648,0.141
2009-08-14,0.133333521318162,0.135
2009-08-15,0.12684065617497076,0.138
2009-08-16,0.1218146317964429,0.136
2009-08-17,0.11752022606704583,0.132
2009-08-18,0.11418061137360092,0.131
2009-08-19,0.11150251529148116,0.126
2009-08-20,0.10963814581112571,0.122
2009-08-21,0.10956814746399277,0.12
2009-08-22,0.10631378680003993,0.12
2009-08-23,0.10496444691702242,0.117
2009-08-24,0.10519182402766344,0.115
2009-08-25,0.15454375566604042,0.124
2009-08-26,0.1149112282579826,0.12
2009-08-27,0.10704631131497838,0.113
2009-08-28,0.10804349780195503,0.108
2009-08-29,0.10389316735192075,0.104
2009-08-30,0.10399433544657448,0.108
2009-08-31,0.10186262930077894,0.109
2009-09-01,0.1194720613641715,0.12
2009-09-02,0.46101546245025793,0.23
2009-09-03,0.29385469693569666,0.181
2009-09-04,0.14009509856621652,0.123
2009-09-05,0.1201363707767837,0.114
2009-09-06,0.1164662106503255,0.115
2009-09-07,0.11071010929154758,0.112
2009-09-08,0.10817344024911901,0.107
2009-09-09,0.10516603755078269,0.098
2009-09-10,0.10306990320817226,0.099
2009-09-11,0.10133549095143066,0.098
2009-09-12,0.09985166088239285,0.099
2009-09-13,0.09856164541540148,0.1
2009-09-14,0.09742321476716932,0.1
2009-09-15,0.09640823615786916,0.098
2009-09-16,0.09547310844116556,0.095
2009-09-17,0.09461290186776242,0.096
2009-09-18,0.09380652755791201,0.097
2009-09-19,0.09304118679605593,0.099
2009-09-20,0.09230414673303529,0.099
2009-09-21,0.09162941762292266,0.101
2009-09-22,0.09090753438592104,0.101
2009-09-23,0.09020780542597144,0.098
2009-09-24,0.08952321805611856,0.097
2009-09-25,0.08883682767992213,0.099
2009-09-26,0.08815760145805848,0.097
2009-09-27,0.08748426478388077,0.096
2009-09-28,0.08679745033795214,0.093
2009-09-29,0.08611450531166083,0.093
2009-09-30,0.08544396537771215,0.091
2009-10-01,0.08473340276505952,0.089
2009-10-02,0.08440786645307452,0.091
2009-10-03,0.08466022190854411,0.095
2009-10-04,0.08275820559707277,0.097
2009-10-05,0.09736619383531246,0.099
2009-10-06,0.4345027985496424,0.193
2009-10-07,0.25870860605001944,0.127
2009-10-08,0.11620394957465802,0.104
2009-10-09,0.15754793928723537,0.112
2009-10-10,0.10347678359910624,0.104
2009-10-11,0.09413069837394965,0.099
2009-10-12,0.09012696830701097,0.09
2009-10-13,0.08718388822062768,0.095
2009-10-14,0.10751079215881298,0.096
2009-10-15,0.09022870135534493,0.11
2009-10-16,0.08388980903904869,0.096
2009-10-17,0.08146684604863273,0.094
2009-10-18,0.07967834881044517,0.098
2009-10-19,0.0781426179212248,0.106
2009-10-20,0.23410520606570004,0.116
2009-10-21,0.09801871397104275,0.118
2009-10-22,0.0827728275496816,0.105
2009-10-23,0.12603496419155283,0.119
2009-10-24,0.08688995678674852,0.122
2009-10-25,0.07904529646303526,0.107
2009-10-26,0.07785736103916742,0.117
2009-10-27,0.0748636302305554,0.112
2009-10-28,0.07321761836544334,0.113
2009-10-29,0.07189158625105195,0.104
2009-10-30,0.16942912615295913,0.108
2009-10-31,0.4158288850516005,0.117
2009-11-01,0.4359226229652942,0.4
2009-11-02,0.23888207787595195,0.169
2009-11-03,0.1308704053378776,0.17
2009-11-04,0.10073855707663312,0.156
2009-11-05,0.09068057995676362,0.138
2009-11-06,0.11519945790563339,0.138
2009-11-07,0.08706421318387719,0.143
2009-11-08,0.08085071798783076,0.134
2009-11-09,0.07711185857072313,0.126
2009-11-10,0.07480501993169295,0.137
2009-11-11,0.11825022444653284,0.136
2009-11-12,0.4171516113462596,0.414
2009-11-13,0.4766761015430066,0.415
2009-11-14,0.21086226569715497,0.357
2009-11-15,0.29761338886051364,0.22
2009-11-16,0.15200989639644225,0.268
2009-11-17,0.1446334570265373,0.206
2009-11-18,0.17801249174028058,0.2
2009-11-19,0.13308124192787618,0.175
2009-11-20,0.10335169391235952,0.162
2009-11-21,0.23548577191049413,0.179
2009-11-22,0.16620239400375783,0.19
2009-11-23,0.5084942304253544,0.608
2009-11-24,0.5719284917243376,0.467
2009-11-25,0.2076091973922929,0.423
2009-11-26,0.1542230820349867,0.254
2009-11-27,0.2946428511318911,0.219
2009-11-28,0.4883382068092089,0.322
2009-11-29,0.5385645146641227,0.621
2009-11-30,0.2528469413231505,0.427
2009-12-01,0.3918771278095133,0.32
2009-12-02,0.36176301070454897,0.398
2009-12-03,0.2341328071419049,0.339
2009-12-04,0.475912116182866,0.327
2009-12-05,0.9207971500957228,0.642
2009-12-06,0.5715919442988541,1.26
2009-12-07,0.5183314157544964,0.517
2009-12-08,0.4694752461578437,0.403
2009-12-09,0.6672915976795002,0.488
2009-12-10,0.3782675223894481,0.462
2009-12-11,0.31042861811889416,0.34
2009-12-12,0.2726066442857413,0.301
2009-12-13,0.3299517471678613,0.292
2009-12-14,0.4908563425057429,0.334
2009-12-15,0.2939180465638252,0.331
2009-12-16,0.4908845012605224,0.366
2009-12-17,0.30088138221273975,0.327
2009-12-18,0.25523283281639575,0.275
2009-12-19,0.26066067118744435,0.27
2009-12-20,0.24795783737296073,0.268
2009-12-21,0.21785815781848114,0.266
2009-12-22,0.20346571887323117,0.257
2009-12-23,0.3483286350886368,0.251
2009-12-24,0.4381350039671061,0.258
2009-12-25,0.3779764225931131,0.266
2009-12-26,0.2754169842244213,0.477
2009-12-27,0.26924709056556795,0.425
2009-12-28,0.23773177854074973,0.322
2009-12-29,0.7138374628673808,0.488
2009-12-30,0.3615593808590475,0.599
2009-12-31,0.2953015505635375,0.36
2010-01-01,0.2682305927463016,0.297
2010-01-02,0.4800342961506052,0.288
2010-01-03,0.30994167175602294,0.262
2010-01-04,0.27270878395637477,0.256
2010-01-05,0.35347776885309046,0.264
2010-01-06,0.3298903514245781,0.252
2010-01-07,0.272242598047766,0.232
2010-01-08,0.2558059724472557,0.226
2010-01-09,0.2422949786059585,0.228
2010-01-10,0.4881099602656507,0.249
2010-01-11,0.4632740294382412,0.262
2010-01-12,0.3691059437454022,0.268
2010-01-13,0.3582511437898297,0.261
2010-01-14,0.3898154285807117,0.252
2010-01-15,0.8845192104414663,0.899
2010-01-16,0.7922099161198782,1.494
2010-01-17,0.5081757372093437,0.524
2010-01-18,0.43142910933594025,0.376
2010-01-19,0.3876764847345155,0.33
2010-01-20,0.3546747179104292,0.303
2010-01-21,0.7179777147875692,0.312
2010-01-22,1.3038918834090074,1.162
2010-01-23,0.7194436182689136,0.564
2010-01-24,0.6898463113166197,0.42
2010-01-25,0.5441500719684024,0.35
2010-01-26,0.48053785360821155,0.322
2010-01-27,0.4361081556081535,0.323
2010-01-28,0.493976340302047,0.327
2010-01-29,0.4097522650929031,0.321
2010-01-30,0.37743261815198936,0.3
2010-01-31,0.35563967709687316,0.291
2010-02-01,0.34344525298279743,0.278
2010-02-02,0.4137330045252071,0.294
2010-02-03,0.49935069101970225,0.3
2010-02-04,0.7274431898557698,0.331
2010-02-05,0.4864806355059505,0.549
2010-02-06,0.42448649757929896,0.342
2010-02-07,0.396007563696609,0.313
2010-02-08,0.37655415540686205,0.3
2010-02-09,0.36281623828263393,0.284
2010-02-10,0.34876535283443655,0.271
2010-02-11,0.33666208320464097,0.263
2010-02-12,0.32901895969120193,0.259
2010-02-13,0.38898495224438945,0.266
2010-02-14,0.34164494559368835,0.267
2010-02-15,0.5252437676024713,0.287
2010-02-16,0.3902050590859078,0.279
2010-02-17,0.40238684833148747,0.267
2010-02-18,0.6438392439492227,0.282
2010-02-19,0.45098914636014703,0.303
2010-02-20,0.411919529897312,0.275
2010-02-21,0.7031063823151273,0.298
2010-02-22,0.47538454405617486,0.277
2010-02-23,0.6551475200494088,0.292
2010-02-24,0.4901699209924938,0.363
2010-02-25,1.205175578525447,0.47
2010-02-26,0.8653166612053231,0.852
2010-02-27,0.8635214713113085,0.489
2010-02-28,0.6542977340308196,0.4
2010-03-01,0.5778962621214215,0.314
2010-03-02,0.5284021360339539,0.284
2010-03-03,0.4905713436804878,0.275
2010-03-04,0.46077869593630155,0.268
2010-03-05,0.4499176135505758,0.262
2010-03-06,0.4242044474788041,0.257
2010-03-07,0.4043348083426323,0.253
2010-03-08,0.39214691058430484,0.25
2010-03-09,0.38289510670249294,0.243
2010-03-10,0.37561991451187293,0.241
2010-03-11,0.3732615357036151,0.242
2010-03-12,0.3756869142170714,0.241
2010-03-13,0.36221370300556804,0.236
2010-03-14,0.35956063184787007,0.237
2010-03-15,0.35574645927867293,0.249
2010-03-16,0.35351207995574435,0.239
2010-03-17,0.35166869136123946,0.234
2010-03-18,0.3516515490049254,0.233
2010-03-19,0.5580421284501108,0.277
2010-03-20,0.5933763017949987,0.287
2010-03-21,0.423041825824184,0.25
2010-03-22,0.4051587083153247,0.245
2010-03-23,0.4953108081910443,0.245
2010-03-24,0.7643190459381158,0.29
2010-03-25,0.6365467693397814,0.33
2010-03-26,0.5131477244780418,0.261
2010-03-27,0.4675798325579089,0.234
2010-03-28,0.48460635071447306,0.223
2010-03-29,0.8384420205876746,0.338
2010-03-30,1.041984970071859,0.4
2010-03-31,0.665251793823897,0.357
2010-04-01,0.6511200603955744,0.284
2010-04-02,0.6912246037557949,0.279
2010-04-03,0.8842796597399623,0.323
2010-04-04,0.6417553055921915,0.322
2010-04-05,0.5659182523289408,0.257
2010-04-06,0.5244614138555647,0.248
2010-04-07,0.4996134776755416,0.219
2010-04-08,0.4663387615061117,0.214
2010-04-09,0.4451472272587898,0.212
2010-04-10,0.42869779544151143,0.211
2010-04-11,0.41553863289801146,0.217
2010-04-12,0.40494054094044657,0.213
2010-04-13,0.3963693311055192,0.224
2010-04-14,0.389408445427829,0.222
2010-04-15,0.3836239991808886,0.197
2010-04-16,0.37884947810492725,0.191
2010-04-17,0.37483649812032677,0.191
2010-04-18,0.37212717854876737,0.192
2010-04-19,0.36934031972516823,0.184
2010-04-20,0.36587797052459214,0.181
2010-04-21,0.36341384063894766,0.177
2010-04-22,0.3612057182425143,0.177
2010-04-23,0.35913599224008025,0.179
2010-04-24,0.36078002390771835,0.186
2010-04-25,0.3569438121212942,0.188
2010-04-26,0.35350347433508555,0.179
2010-04-27,0.3514748472635535,0.174
2010-04-28,0.3495754557407935,0.175
2010-04-29,0.46632318260374395,0.209
2010-04-30,0.6631984241750206,0.306
2010-05-01,0.39503830202216156,0.216
2010-05-02,0.36368051557071773,0.188
2010-05-03,0.3569465518855518,0.183
2010-05-04,0.35042630536698155,0.177
2010-05-05,0.3460464800143685,0.174
2010-05-06,0.3426255670309659,0.179
2010-05-07,0.4071532965280883,0.179
2010-05-08,0.35057636395530073,0.192
2010-05-09,0.3381258898749259,0.184
2010-05-10,0.3337610644433992,0.173
2010-05-11,0.3378504571247579,0.172
2010-05-12,0.3271588220652709,0.172
2010-05-13,0.3232909926636336,0.171
2010-05-14,0.32019035010170693,0.169
2010-05-15,0.31726669412746894,0.166
2010-05-16,0.3144328936851403,0.163
2010-05-17,0.3121247662034472,0.162
2010-05-18,0.3089811135443866,0.164
2010-05-19,0.3062492792728509,0.157
2010-05-20,0.30357647206828414,0.158
2010-05-21,0.30092246374404275,0.153
2010-05-22,0.29827838395501316,0.153
2010-05-23,0.2956396377371423,0.156
2010-05-24,0.29300306067727566,0.147
2010-05-25,0.29036643345763014,0.142
2010-05-26,0.29181354404575743,0.146
2010-05-27,0.2858390442190569,0.138
2010-05-28,0.28309999036786443,0.132
2010-05-29,0.46720082091307297,0.173
2010-05-30,0.3056069092635644,0.139
2010-05-31,0.2858879866024628,0.129
2010-06-01,0.2832177878328896,0.151
2010-06-02,0.2759863831255681,0.142
2010-06-03,0.2718858636579213,0.133
2010-06-04,0.2683019989543655,0.127
2010-06-05,0.6408258110375193,0.359
2010-06-06,0.6256620408173436,0.421
2010-06-07,0.513038493966769,0.199
2010-06-08,0.3141356650998573,0.228
2010-06-09,0.37048804613772324,0.184
2010-06-10,0.2886396643048268,0.172
2010-06-11,0.27328868330653283,0.153
2010-06-12,0.265841106208496,0.145
2010-06-13,0.5307933395713735,0.225
2010-06-14,0.29373868043750057,0.167
2010-06-15,0.26426864517820486,0.145
2010-06-16,0.25552499028389664,0.143
2010-06-17,0.24953605477312968,0.137
2010-06-18,0.2463208385196669,0.146
2010-06-19,0.24012085831924734,0.14
2010-06-20,0.23588086391438626,0.135
2010-06-21,0.2321708029133486,0.131
2010-06-22,0.2287646989437422,0.131
2010-06-23,0.2255952025056038,0.129
2010-06-24,0.2226196279826676,0.124
2010-06-25,0.21978387923119552,0.125
2010-06-26,0.217075808563913,0.126
2010-06-27,0.2144638696396258,0.123
2010-06-28,0.2125499968815105,0.117
2010-06-29,0.20952699283789186,0.12
2010-06-30,0.20706274669367353,0.117
2010-07-01,0.2059272460531205,0.118
2010-07-02,0.20248032222354684,0.118
2010-07-03,0.20007493440840554,0.116
2010-07-04,0.1977944999237132,0.115
2010-07-05,0.195547223834455,0.111
2010-07-06,0.19332231926994706,0.103
2010-07-07,0.1911315811954234,0.103
2010-07-08,0.18893721427192736,0.103
2010-07-09,0.1867568073575986,0.097
2010-07-10,0.18459971877024742,0.097
2010-07-11,0.18401692629305139,0.093
2010-07-12,0.2537662172895077,0.113
2010-07-13,0.2896546779081266,0.136
2010-07-14,0.33255152808035204,0.143
2010-07-15,0.22735727918839188,0.121
2010-07-16,0.2025977136079414,0.112
2010-07-17,0.19164758715158844,0.108
2010-07-18,0.18414200281129164,0.106
2010-07-19,0.1803767020268604,0.104
2010-07-20,0.17557627149000915,0.102
2010-07-21,0.1712442290741612,0.099
2010-07-22,0.5204708017667243,0.254
2010-07-23,0.30703617700556285,0.12
2010-07-24,0.1945613648222545,0.108
2010-07-25,0.17803764712416853,0.105
2010-07-26,0.17326054693175277,0.106
2010-07-27,0.16675197462457003,0.105
2010-07-28,0.16238597196674695,0.103
2010-07-29,0.1586835307909147,0.1
2010-07-30,0.22101707423750436,0.118
2010-07-31,0.1649338690579948,0.111
2010-08-01,0.1559690560002165,0.104
2010-08-02,0.15201677100911998,0.1
2010-08-03,0.2848370137335709,0.107
2010-08-04,0.16993787218399728,0.127
2010-08-05,0.1531137050775971,0.101
2010-08-06,0.14796628250126034,0.099
2010-08-07,0.14582664146435312,0.1
2010-08-08,0.14159805075752877,0.097
2010-08-09,0.24931089692490857,0.125
2010-08-10,0.15469268448232762,0.112
2010-08-11,0.14272190669929766,0.102
2010-08-12,0.33691485495446977,0.184
2010-08-13,0.3058847285559284,0.132
2010-08-14,0.16674894964624237,0.112
2010-08-15,0.14730305052339218,0.103
2010-08-16,0.1430970503410269,0.102
2010-08-17,0.13659709723017088,0.107
2010-08-18,0.1342345720152333,0.109
2010-08-19,0.25180851814585486,0.122
2010-08-20,0.17649843175007804,0.12
2010-08-21,0.18627309432667957,0.14
2010-08-22,0.44669189461723297,0.152
2010-08-23,0.17886289939043032,0.15
2010-08-24,0.1445898282781464,0.111
2010-08-25,0.4327821390334128,0.129
2010-08-26,0.1763267050199392,0.171
2010-08-27,0.14196079498215852,0.117
2010-08-28,0.13382526085317656,0.109
2010-08-29,0.12944576437522776,0.108
2010-08-30,0.12387616836549539,0.098
2010-08-31,0.12015987301638802,0.09
2010-09-01,0.11708940986726699,0.089
2010-09-02,0.11444639752796468,0.09
2010-09-03,0.11213592785475099,0.089
2010-09-04,0.11009022258708283,0.092
2010-09-05,0.10825884335187957,0.091
2010-09-06,0.4776161029936141,0.249
2010-09-07,0.46570610006607055,0.161
2010-09-08,0.16263702479861697,0.117
2010-09-09,0.15179119516559944,0.109
2010-09-10,0.20584895306315493,0.129
2010-09-11,0.13238414610897467,0.116
2010-09-12,0.12026822599638376,0.104
2010-09-13,0.11576743628804437,0.104
2010-09-14,0.11431474137546963,0.106
2010-09-15,0.11000989096232468,0.101
2010-09-16,0.10548364468966769,0.103
2010-09-17,0.10253050468497653,0.1
2010-09-18,0.10192421653084931,0.098
2010-09-19,0.09899308354887813,0.101
2010-09-20,0.09723791166045925,0.103
2010-09-21,0.09550826122498239,0.101
2010-09-22,0.09546055370085862,0.099
2010-09-23,0.43861211723516474,0.194
2010-09-24,0.24728535538552945,0.12
2010-09-25,0.12260496574628431,0.101
2010-09-26,0.10781331417434185,0.1
2010-09-27,0.10291856170994136,0.102
2010-09-28,0.14673110252699492,0.104
2010-09-29,0.23676093025736586,0.144
2010-09-30,0.11891858187670903,0.117
2010-10-01,0.44819575268947665,0.321
2010-10-02,0.5130836113584847,0.18
2010-10-03,0.5271097530742043,0.514
2010-10-04,0.1881675599986955,0.225
2010-10-05,0.18172003336753856,0.163
2010-10-06,0.13945154218629977,0.142
2010-10-07,0.12754011225177336,0.126
2010-10-08,0.11782904072461427,0.122
2010-10-09,0.11094558234358098,0.118
2010-10-10,0.1054610255323007,0.117
2010-10-11,0.10101310062542475,0.109
2010-10-12,0.09737845020612128,0.106
2010-10-13,0.09438668631806475,0.104
2010-10-14,0.09191143450815158,0.104
2010-10-15,0.16976546126690198,0.13
2010-10-16,0.10123741710163786,0.111
2010-10-17,0.09168600181946447,0.116
2010-10-18,0.09863036490834401,0.124
2010-10-19,0.15631649052876992,0.135
2010-10-20,0.0975261213664322,0.116
2010-10-21,0.08973877743125318,0.115
2010-10-22,0.10969984237726532,0.118
2010-10-23,0.09618556057936029,0.123
2010-10-24,0.0883079359591386,0.118
2010-10-25,0.0929515224886254,0.12
2010-10-26,0.12459361754114438,0.138
2010-10-27,0.09141677156376679,0.127
2010-10-28,0.08536288075060008,0.123
2010-10-29,0.08307016442569976,0.135
2010-10-30,0.08146065006927558,0.144
2010-10-31,0.0956655384584459,0.148
2010-11-01,0.08256719517855503,0.129
2010-11-02,0.24867235294026133,0.156
2010-11-03,0.20762917396699335,0.166
2010-11-04,0.1403495588364457,0.147
2010-11-05,0.13768716814962967,0.155
2010-11-06,0.09413110274432449,0.148
2010-11-07,0.14415906539623655,0.146
2010-11-08,0.42914247378133386,0.267
2010-11-09,0.2687403380311752,0.218
2010-11-10,0.356387738890539,0.194
2010-11-11,0.1876892011817014,0.321
2010-11-12,0.12573679373850932,0.202
2010-11-13,0.11161996909197662,0.175
2010-11-14,0.10330075297591457,0.162
2010-11-15,0.09745394108710993,0.152
2010-11-16,0.09209930738953445,0.147
2010-11-17,0.15799624290181255,0.158
2010-11-18,0.11619102004191825,0.154
2010-11-19,0.09325501815777915,0.15
2010-11-20,0.08730039305524932,0.146
2010-11-21,0.10493078494696302,0.145
2010-11-22,0.08701077502017988,0.147
2010-11-23,0.08135664395901569,0.141
2010-11-24,0.07921964956083062,0.138
2010-11-25,0.07710516537950676,0.135
2010-11-26,0.09283943162921976,0.132
2010-11-27,0.08838149948905868,0.133
2010-11-28,0.07740019100780243,0.131
2010-11-29,0.1559218478900452,0.131
2010-11-30,0.30739081832599446,0.137
2010-12-01,0.17532003136778349,0.133
2010-12-02,0.17868672231851418,0.128
2010-12-03,0.22313109376936435,0.126
2010-12-04,0.2275679271221929,0.151
2010-12-05,0.12650171498884039,0.139
2010-12-06,0.1074892877255317,0.125
2010-12-07,0.09986643135354914,0.119
2010-12-08,0.09318216839152844,0.119
2010-12-09,0.08843866167095936,0.121
2010-12-10,0.08448069916545539,0.285
2010-12-11,0.08127252531377699,0.315
2010-12-12,0.0788221171972802,0.191
2010-12-13,0.08360218471141626,0.173
2010-12-14,0.07854284955797514,0.157
2010-12-15,0.07595074166902012,0.152
2010-12-16,0.1903158150990597,0.195
2010-12-17,0.09007706533385876,0.168
2010-12-18,0.07834796598790493,0.142
2010-12-19,0.07496938064764251,0.127
2010-12-20,0.07318211967142838,0.122
2010-12-21,0.07203105843974687,0.121
2010-12-22,0.09663251633298015,0.12
2010-12-23,0.0749126685564681,0.118
2010-12-24,0.07151415591456652,0.116
2010-12-25,0.07005561598922404,0.112
2010-12-26,0.06895440432289929,0.114
2010-12-27,0.2535894495560336,0.145
2010-12-28,0.09568323585065522,0.157
2010-12-29,0.08288947855167611,0.15
2010-12-30,0.07471396649311843,0.146
2010-12-31,0.07202338760164625,0.147
2011-01-01,0.07178647325620317,0.15
2011-01-02,0.06873950171804552,0.14
2011-01-03,0.06738293619496576,0.133
2011-01-04,0.0684685588657004,0.134
2011-01-05,0.15126341863619464,0.164
2011-01-06,0.08433149252760376,0.148
2011-01-07,0.3237795596994531,0.206
2011-01-08,0.1205734443626857,0.237
2011-01-09,0.09474016204877866,0.159
2011-01-10,0.2000083307676347,0.159
2011-01-11,0.21743550481626778,0.161
2011-01-12,0.24057449970498182,0.176
2011-01-13,0.37298213505122857,0.259
2011-01-14,0.18288942520020712,0.268
2011-01-15,0.14242535538645731,0.181
2011-01-16,0.29307335362931863,0.191
2011-01-17,0.15877719273003213,0.176
2011-01-18,0.13205835594547702,0.156
2011-01-19,0.11838691941436204,0.149
2011-01-20,0.10833631625324051,0.137
2011-01-21,0.10042697579914915,0.133
2011-01-22,0.09403360794938234,0.137
2011-01-23,0.08901091285586338,0.136
2011-01-24,0.08715107185258586,0.14
2011-01-25,0.11363492990269915,0.145
2011-01-26,0.08783755915520042,0.142
2011-01-27,0.08245866330407221,0.132
2011-01-28,0.07970498195217439,0.13
2011-01-29,0.07765007113318509,0.13
2011-01-30,0.07601532257883048,0.131
2011-01-31,0.0753278856526078,0.13
2011-02-01,0.07370230732170424,0.131
2011-02-02,0.0727787293004363,0.135
2011-02-03,0.08205022516729675,0.132
2011-02-04,0.073698451716216,0.133
2011-02-05,0.23460822892315747,0.154
2011-02-06,0.0939319940901587,0.138
2011-02-07,0.07871200978625453,0.132
2011-02-08,0.09704879830320652,0.138
2011-02-09,0.09622401981446956,0.139
2011-02-10,0.16568596132060132,0.146
2011-02-11,0.18841112713930575,0.152
2011-02-12,0.11077704793537714,0.15
2011-02-13,0.22319624618398115,0.168
2011-02-14,0.12590997316141886,0.163
2011-02-15,0.2310547801675236,0.187
2011-02-16,0.1293393913807121,0.171
2011-02-17,0.11103967291184058,0.146
2011-02-18,0.43132827488653674,0.153
2011-02-19,0.38838530243819114,0.5
2011-02-20,0.1960016811017918,0.252
2011-02-21,0.19350515987355574,0.21
2011-02-22,0.2819669501344632,0.187
2011-02-23,0.24131575064399785,0.213
2011-02-24,0.16984859373106956,0.211
2011-02-25,0.6662768200966949,0.339
2011-02-26,0.30240305344767554,0.442
2011-02-27,0.506353533839822,0.369
2011-02-28,0.28020372722316794,0.278
2011-03-01,0.22264381285664891,0.228
2011-03-02,0.19462006587898487,0.209
2011-03-03,0.1760687535203772,0.197
2011-03-04,0.15869716987354765,0.194
2011-03-05,0.1873897506978942,0.193
2011-03-06,0.15123497057987786,0.187
2011-03-07,0.1387544490784572,0.185
2011-03-08,0.13055163249902418,0.187
2011-03-09,0.12419256506951466,0.195
2011-03-10,0.1192303748025853,0.196
2011-03-11,0.11540663854511427,0.186
2011-03-12,0.12473123335858889,0.191
2011-03-13,0.11390333673996342,0.19
2011-03-14,0.11087324969028735,0.182
2011-03-15,0.10909029408389291,0.181
2011-03-16,0.1077877263586866,0.188
2011-03-17,0.10668826081110676,0.171
2011-03-18,0.10590420995245424,0.161
2011-03-19,0.105316949775418,0.158
2011-03-20,0.1048699222794041,0.158
2011-03-21,0.10452523048644903,0.16
2011-03-22,0.10425357681888621,0.153
2011-03-23,0.10403193166521466,0.153
2011-03-24,0.1038422123210145,0.155
2011-03-25,0.10367027813814081,0.156
2011-03-26,0.10350522549549822,0.155
2011-03-27,0.10333838382218026,0.155
2011-03-28,0.10316323885131072,0.158
2011-03-29,0.10506716083437355,0.173
2011-03-30,0.18480247862730528,0.166
2011-03-31,0.11563325685892101,0.163
2011-04-01,0.10785763148687133,0.155
2011-04-02,0.10604212567309336,0.152
2011-04-03,0.12636202613172037,0.156
2011-04-04,0.11453415256558531,0.147
2011-04-05,0.1067221399250711,0.15
2011-04-06,0.10487186510813688,0.142
2011-04-07,0.10374038469723915,0.141
2011-04-08,0.10278519995487788,0.137
2011-04-09,0.10192918640248559,0.136
2011-04-10,0.10114485015530043,0.135
2011-04-11,0.1004174716673953,0.134
2011-04-12,0.0997217378069915,0.131
2011-04-13,0.09905630651270574,0.133
2011-04-14,0.09841002227196555,0.129
2011-04-15,0.09783085890235356,0.128
2011-04-16,0.09715291519158459,0.127
2011-04-17,0.09652260596187308,0.125
2011-04-18,0.09589614619148203,0.12
2011-04-19,0.09526648453001889,0.118
2011-04-20,0.09463229327211255,0.118
2011-04-21,0.09399209571977309,0.12
2011-04-22,0.09334502209457908,0.117
2011-04-23,0.09617035944905523,0.134
2011-04-24,0.09235928264883922,0.121
2011-04-25,0.09138973294223558,0.115
2011-04-26,0.0906835673737481,0.113
2011-04-27,0.08999515106109673,0.105
2011-04-28,0.08930227081555767,0.108
2011-04-29,0.0886018653580924,0.105
2011-04-30,0.08789479710118614,0.104
2011-05-01,0.08718158214564047,0.1
2011-05-02,0.0864619749045856,0.101
2011-05-03,0.08573688825028522,0.1
2011-05-04,0.085006603431374,0.099
2011-05-05,0.08436819393108684,0.1
2011-05-06,0.08414861281839492,0.103
2011-05-07,0.4307525848451877,0.17
2011-05-08,0.15721062956310727,0.134
2011-05-09,0.10818791804093282,0.122
2011-05-10,0.09727108508666123,0.112
2011-05-11,0.0929690192049403,0.106
2011-05-12,0.09006675440274262,0.105
2011-05-13,0.09081879267080237,0.106
2011-05-14,0.08536583361288838,0.101
2011-05-15,0.08363647324190085,0.102
2011-05-16,0.08189163897678901,0.104
2011-05-17,0.08003918525453758,0.104
2011-05-18,0.08043708889819562,0.108
2011-05-19,0.07769269205387389,0.101
2011-05-20,0.07647047925528537,0.096
2011-05-21,0.07666980277858693,0.096
2011-05-22,0.0748298645571844,0.094
2011-05-23,0.0790781316674947,0.108
2011-05-24,0.07332307968111706,0.091
2011-05-25,0.07205036253944601,0.09
2011-05-26,0.11299596437859934,0.095
2011-05-27,0.07991658809927955,0.091
2011-05-28,0.07513263789267739,0.091
2011-05-29,0.12458121590745821,0.093
2011-05-30,0.22430266418626166,0.143
2011-05-31,0.09884456266709556,0.099
2011-06-01,0.08319935118108661,0.092
2011-06-02,0.078642224331213,0.088
2011-06-03,0.07565110285790178,0.087
2011-06-04,0.07323123607669622,0.086
2011-06-05,0.07116922028372169,0.088
2011-06-06,0.06940586310369626,0.093
2011-06-07,0.06958680809334042,0.093
2011-06-08,0.07024230330619355,0.099
2011-06-09,0.06638929059789943,0.087
2011-06-10,0.0864928458166055,0.097
2011-06-11,0.07021078297606535,0.086
2011-06-12,0.4179699343665599,0.198
2011-06-13,0.161344139428023,0.109
2011-06-14,0.09117784119219764,0.088
2011-06-15,0.08009861827296148,0.086
2011-06-16,0.07525402764170401,0.082
2011-06-17,0.07565157815923447,0.082
2011-06-18,0.0713068819268286,0.085
2011-06-19,0.06673003922440159,0.082
2011-06-20,0.19261088077326047,0.107
2011-06-21,0.08414902271345528,0.095
2011-06-22,0.07421546362543549,0.101
2011-06-23,0.06741854450783037,0.085
2011-06-24,0.1742839464100249,0.093
2011-06-25,0.08118002369080297,0.084
2011-06-26,0.069315970598914,0.078
2011-06-27,0.0661232822129685,0.076
2011-06-28,0.06342017829198239,0.074
2011-06-29,0.061436031268751363,0.065
2011-06-30,0.05996805177721067,0.069
2011-07-01,0.05843986518409619,0.067
2011-07-02,0.057241969754793634,0.067
2011-07-03,0.05621031530802517,0.071
2011-07-04,0.05530193765129484,0.07
2011-07-05,0.05744780506256733,0.068
2011-07-06,0.055190696460439816,0.074
2011-07-07,0.05752256528780391,0.11
2011-07-08,0.3380161228194591,0.147
2011-07-09,0.09380765131201715,0.079
2011-07-10,0.1890801254203224,0.112
2011-07-11,0.08229138059100194,0.08
2011-07-12,0.06824197002307258,0.076
2011-07-13,0.0637347055629237,0.071
2011-07-14,0.060711243851256994,0.068
2011-07-15,0.18402790120801998,0.071
2011-07-16,0.1784863368261663,0.146
2011-07-17,0.08632974907021716,0.09
2011-07-18,0.06897858839547186,0.082
2011-07-19,0.06788329794312463,0.083
2011-07-20,0.06190332581747303,0.075
2011-07-21,0.05790880764917303,0.073
2011-07-22,0.056160575990381004,0.07
2011-07-23,0.054038679346969744,0.069
2011-07-24,0.05258032667051942,0.069
2011-07-25,0.051541303557194836,0.071
2011-07-26,0.05037924844181394,0.069
2011-07-27,0.04948849270363713,0.066
2011-07-28,0.04872441443518367,0.064
2011-07-29,0.04804387864522241,0.064
2011-07-30,0.04743509653523838,0.063
2011-07-31,0.046881080456939665,0.064
2011-08-01,0.04637357517236599,0.063
2011-08-02,0.04589511385237778,0.064
2011-08-03,0.05007913717097498,0.067
2011-08-04,0.10550966666068445,0.083
2011-08-05,0.0564323022837903,0.073
2011-08-06,0.05073269489195149,0.072
2011-08-07,0.12225079072360226,0.081
2011-08-08,0.060604944967554364,0.075
2011-08-09,0.05258920859066369,0.067
2011-08-10,0.05375430859989335,0.068
2011-08-11,0.04975672931750317,0.073
2011-08-12,0.04853810789807069,0.079
2011-08-13,0.045890748222824004,0.077
2011-08-14,0.04474491957119468,0.075
2011-08-15,0.04608808854716609,0.075
2011-08-16,0.04333559633157807,0.073
2011-08-17,0.04244836979763364,0.067
2011-08-18,0.041930610328292164,0.064
2011-08-19,0.04128482762406744,0.059
2011-08-20,0.04097847360474789,0.059
2011-08-21,0.04031134963546869,0.061
2011-08-22,0.039866912782337026,0.062
2011-08-23,0.039430170934083804,0.061
2011-08-24,0.2811266882524321,0.07
2011-08-25,0.0773197339255004,0.086
2011-08-26,0.39391908501013284,0.148
2011-08-27,0.10157859866454245,0.084
2011-08-28,0.0651678012847194,0.073
2011-08-29,0.05760170916476013,0.07
2011-08-30,0.052838342687672776,0.074
2011-08-31,0.04962786284707079,0.067
2011-09-01,0.04709363688742848,0.063
2011-09-02,0.045032853599041585,0.06
2011-09-03,0.043596055116191315,0.06
2011-09-04,0.044712724020243434,0.063
2011-09-05,0.07040282581548393,0.066
2011-09-06,0.04822868126181701,0.063
2011-09-07,0.04589992737127949,0.061
2011-09-08,0.0420762401155645,0.062
2011-09-09,0.04019881092986248,0.064
2011-09-10,0.151355252782346,0.08
2011-09-11,0.08513440954718948,0.07
2011-09-12,0.05204328935767058,0.062
2011-09-13,0.04656226167641183,0.057
2011-09-14,0.04397610009077269,0.056
2011-09-15,0.04268325816346873,0.058
2011-09-16,0.04436259939935195,0.059
2011-09-17,0.040750514758013855,0.067
2011-09-18,0.041271209707926006,0.069
2011-09-19,0.03839236510601917,0.063
2011-09-20,0.04135131018446059,0.065
2011-09-21,0.03677498373205969,0.062
2011-09-22,0.03565955484346326,0.059
2011-09-23,0.03508370592309203,0.059
2011-09-24,0.03593935235650676,0.062
2011-09-25,0.03634129373141789,0.066
2011-09-26,0.034077349140718124,0.061
2011-09-27,0.03355656977988766,0.059
2011-09-28,0.033216689083576896,0.057
2011-09-29,0.0329072658778533,0.055
2011-09-30,0.032610788570749415,0.052
2011-10-01,0.03232199948567009,0.052
2011-10-02,0.03208283904073417,0.053
2011-10-03,0.03176686498508082,0.054
2011-10-04,0.03148933568942928,0.053
2011-10-05,0.08924463835481047,0.063
2011-10-06,0.1056404787098647,0.066
2011-10-07,0.04702676158319376,0.06
2011-10-08,0.1994367803608276,0.072
2011-10-09,0.06049624581990219,0.076
2011-10-10,0.04469342322676895,0.063
2011-10-11,0.1357094186845266,0.063
2011-10-12,0.06571432224613122,0.075
2011-10-13,0.046697991828883234,0.063
2011-10-14,0.0421358785548249,0.059
2011-10-15,0.03950495653186209,0.059
2011-10-16,0.03748477400711305,0.059
2011-10-17,0.07578455311394153,0.062
2011-10-18,0.04167749137684677,0.061
2011-10-19,0.03678037397933224,0.057
2011-10-20,0.03502668347498608,0.058
2011-10-21,0.03372416896050883,0.057
2011-10-22,0.03270344332702686,0.058
2011-10-23,0.03187639169079437,0.06
2011-10-24,0.031966653850220995,0.06
2011-10-25,0.10546411684522639,0.08
2011-10-26,0.1604472145268332,0.085
2011-10-27,0.1016031380567486,0.101
2011-10-28,0.04755788622477496,0.08
2011-10-29,0.09747995765935334,0.077
2011-10-30,0.046577720961920185,0.084
2011-10-31,0.0404115279773198,0.085
2011-11-01,0.03695146825977301,0.082
2011-11-02,0.06499043024793938,0.081
2011-11-03,0.1846987949908598,0.092
2011-11-04,0.18732521451367934,0.148
2011-11-05,0.06120141001247484,0.106
2011-11-06,0.04540123406219799,0.096
2011-11-07,0.04417467357469204,0.099
2011-11-08,0.03943219096419856,0.098
2011-11-09,0.03764468840792834,0.097
2011-11-10,0.03491430888446006,0.095
2011-11-11,0.034214775433647544,0.094
2011-11-12,0.032725177483500005,0.091
2011-11-13,0.03150725983063181,0.096
2011-11-14,0.03098431864641243,0.087
2011-11-15,0.0301845808394724,0.092
2011-11-16,0.02966808274032419,0.102
2011-11-17,0.02924405260694552,0.099
2011-11-18,0.028881367384523994,0.088
2011-11-19,0.02878992170338449,0.088
2011-11-20,0.02830446220389274,0.089
2011-11-21,0.05108361116715277,0.091
2011-11-22,0.03948611519401923,0.093
2011-11-23,0.031064500815844876,0.086
2011-11-24,0.06324175390566486,0.083
2011-11-25,0.034401105397156656,0.082
2011-11-26,0.07052250403954038,0.086
2011-11-27,0.03566882762874263,0.101
2011-11-28,0.031592950630499425,0.097
2011-11-29,0.15232444380316626,0.115
2011-11-30,0.13088067621382413,0.101
2011-12-01,0.04660852769751985,0.09
2011-12-02,0.037328406669582974,0.083
2011-12-03,0.03391242344370655,0.089
2011-12-04,0.09798507531450706,0.088
2011-12-05,0.21421083732087065,0.092
2011-12-06,0.17514170353841188,0.109
2011-12-07,0.07449514644449855,0.11
2011-12-08,0.19223830420229887,0.124
2011-12-09,0.08334134255570008,0.107
2011-12-10,0.04798005436612818,0.096
2011-12-11,0.35078872872081907,0.164
2011-12-12,0.4560933386663349,0.161
2011-12-13,0.1683809128186724,0.165
2011-12-14,0.21659630669332935,0.113
2011-12-15,0.08931365544367416,0.121
2011-12-16,0.0695039641451326,0.101
2011-12-17,0.06049361610239408,0.093
2011-12-18,0.05459028760497758,0.092
2011-12-19,0.15444118828649933,0.103
2011-12-20,0.2210384542800345,0.108
2011-12-21,0.07836355292151494,0.112
2011-12-22,0.0592158166504771,0.101
2011-12-23,0.3313695900913534,0.148
2011-12-24,0.09408670810029196,0.112
2011-12-25,0.06505748391827494,0.1
2011-12-26,0.057342981556194966,0.1
2011-12-27,0.05416505625254158,0.101
2011-12-28,0.05147668474118096,0.097
2011-12-29,0.22398422503186347,0.121
2011-12-30,0.24209372107649393,0.123
2011-12-31,0.08862518286359998,0.111
2012-01-01,0.23133458447339927,0.133
2012-01-02,0.2796062604878228,0.117
2012-01-03,0.2650093551064115,0.162
2012-01-04,0.3789915966954572,0.141
2012-01-05,0.15135696212687086,0.139
2012-01-06,0.11706167560945024,0.108
2012-01-07,0.09878152101717719,0.1
2012-01-08,0.08767588973634542,0.096
2012-01-09,0.07943350964246321,0.095
2012-01-10,0.07316476456970818,0.099
2012-01-11,0.06768408675415996,0.1
2012-01-12,0.06358066813991396,0.099
2012-01-13,0.06043768441815878,0.098
2012-01-14,0.05793786451315951,0.098
2012-01-15,0.056103940262077066,0.097
2012-01-16,0.054670779055136176,0.095
2012-01-17,0.05397920060257121,0.091
2012-01-18,0.05381995397658219,0.103
2012-01-19,0.23040210531353453,0.112
2012-01-20,0.17623212880949907,0.132
2012-01-21,0.08081410514534042,0.108
2012-01-22,0.06936314507766037,0.099
2012-01-23,0.18375451450786698,0.095
2012-01-24,0.1507397841046287,0.124
2012-01-25,0.2348543698554458,0.108
2012-01-26,0.11420334951917263,0.118
2012-01-27,0.13171038317241804,0.106
2012-01-28,0.09544668188893653,0.098
2012-01-29,0.08636063769222431,0.096
2012-01-30,0.07996022345407434,0.093
2012-01-31,0.07505287983867974,0.089
2012-02-01,0.07112621636286079,0.087
2012-02-02,0.06822399478821561,0.086
2012-02-03,0.06595644942539917,0.083
2012-02-04,0.3458256159670398,0.091
2012-02-05,0.10617562584532428,0.099
2012-02-06,0.07637911964811138,0.098
2012-02-07,0.07025611043091103,0.086
2012-02-08,0.06759873954978708,0.086
2012-02-09,0.16368492291750866,0.088
2012-02-10,0.09165166146222146,0.087
2012-02-11,0.07991642815392673,0.087
2012-02-12,0.07855595751748974,0.091
2012-02-13,0.074129723211447,0.113
2012-02-14,0.06980943054549933,0.109
2012-02-15,0.06761361881910083,0.098
2012-02-16,0.0660046575099175,0.091
2012-02-17,0.06477470137503044,0.093
2012-02-18,0.08360093033413152,0.096
2012-02-19,0.06672074651249509,0.091
2012-02-20,0.06416045718349347,0.092
2012-02-21,0.0631439009409177,0.094
2012-02-22,0.0635269986769071,0.095
2012-02-23,0.06181773239179241,0.09
2012-02-24,0.06122795635017328,0.092
2012-02-25,0.06072439335935738,0.086
2012-02-26,0.060755842104270034,0.086
2012-02-27,0.09482711789235193,0.089
2012-02-28,0.06558842013762486,0.088
2012-02-29,0.06202425611736627,0.083
2012-03-01,0.061016819291829734,0.082
2012-03-02,0.06186299018968075,0.081
2012-03-03,0.10702705647200901,0.082
2012-03-04,0.362789335982298,0.163
2012-03-05,0.10255148645847838,0.099
2012-03-06,0.12213714633561368,0.088
2012-03-07,0.10369230617112271,0.104
2012-03-08,0.07477819254870172,0.084
2012-03-09,0.06937821782750865,0.083
2012-03-10,0.06670316739229626,0.082
2012-03-11,0.06467702417048271,0.081
2012-03-12,0.06308191546060377,0.079
2012-03-13,0.06165326618678841,0.078
2012-03-14,0.06055657583882821,0.078
2012-03-15,0.05951909918944529,0.078
2012-03-16,0.058892767407433,0.081
2012-03-17,0.39537919171995733,0.096
2012-03-18,0.17485706284592062,0.159
2012-03-19,0.0818415386184012,0.1
2012-03-20,0.06990652434538033,0.087
2012-03-21,0.0663004142743209,0.084
2012-03-22,0.06385760591997237,0.08
2012-03-23,0.06193635525866576,0.082
2012-03-24,0.06038494995140861,0.08
2012-03-25,0.05901774971200987,0.08
2012-03-26,0.05789046530825524,0.08
2012-03-27,0.05693091912969303,0.074
2012-03-28,0.05609897936250255,0.075
2012-03-29,0.05536866759118503,0.075
2012-03-30,0.05471820108012616,0.077
2012-03-31,0.05412852920841321,0.078
2012-04-01,0.05358746440276859,0.077
2012-04-02,0.05310518057509418,0.078
2012-04-03,0.4503165698037812,0.206
2012-04-04,0.5266530511100754,0.77
2012-04-05,0.466291247514551,0.209
2012-04-06,0.32166881681210596,0.145
2012-04-07,0.12957880835438224,0.117
2012-04-08,0.10113504187763418,0.111
2012-04-09,0.22953666927679964,0.142
2012-04-10,0.10662659720504856,0.119
2012-04-11,0.09250596305298801,0.11
2012-04-12,0.14330655669829392,0.135
2012-04-13,0.09034257342293917,0.11
2012-04-14,0.07957021641814165,0.101
2012-04-15,0.07398849773357509,0.096
2012-04-16,0.2157679452053752,0.106
2012-04-17,0.19525495129897666,0.132
2012-04-18,0.6334892729197479,0.657
2012-04-19,0.5682906111520838,0.405
2012-04-20,0.879030101671016,0.621
2012-04-21,0.4494502763817009,0.417
2012-04-22,0.4551305686067739,0.298
2012-04-23,0.34080304943061573,0.231
2012-04-24,0.2798514423152365,0.185
2012-04-25,0.8030426372475389,0.513
2012-04-26,0.9035347075770872,0.392
2012-04-27,0.47776187438365003,0.421
2012-04-28,0.8597955459081261,0.291
2012-04-29,1.206933923243888,1.784
2012-04-30,0.6850390993522777,0.515
2012-05-01,0.6239410622374318,0.369
2012-05-02,0.4606723489236744,0.289
2012-05-03,0.6664682790537704,0.294
2012-05-04,0.4319926764764168,0.257
2012-05-05,0.3606981606097725,0.221
2012-05-06,0.31381694989047904,0.202
2012-05-07,0.4671218891279712,0.219
2012-05-08,0.30391863841438393,0.199
2012-05-09,0.8247479305369554,0.57
2012-05-10,0.5529191676687433,0.473
2012-05-11,0.3411349207804492,0.261
2012-05-12,0.293591726698505,0.208
2012-05-13,0.268880095050562,0.198
2012-05-14,0.2674365613658201,0.192
2012-05-15,0.2533919698777314,0.187
2012-05-16,0.2272991348146005,0.186
2012-05-17,0.21954952693226562,0.183
2012-05-18,0.2373192930280704,0.189
2012-05-19,0.21480679501870842,0.179
2012-05-20,0.20902133655628755,0.181
2012-05-21,0.2058892745642968,0.199
2012-05-22,0.20383070161780273,0.177
2012-05-23,0.20250480949208352,0.159
2012-05-24,0.20172775333274967,0.157
2012-05-25,0.2013618045047398,0.148
2012-05-26,0.2012985443968235,0.145
2012-05-27,0.2014522559457227,0.144
2012-05-28,0.20177149173754882,0.14
2012-05-29,0.20253379249385564,0.137
2012-05-30,0.2053684964467241,0.146
2012-05-31,0.20611674585732048,0.147
2012-06-01,0.20386734173583304,0.143
2012-06-02,0.4568184908917004,0.165
2012-06-03,0.5838620483599977,0.272
2012-06-04,0.2692326707708809,0.169
2012-06-05,0.23828932839232556,0.155
2012-06-06,0.32205952874501836,0.158
2012-06-07,0.5906544171203802,0.342
2012-06-08,0.38375177310283975,0.22
2012-06-09,0.25689971988127575,0.162
2012-06-10,0.2380244648680679,0.145
2012-06-11,0.23113690510516685,0.141
2012-06-12,0.22680820194986706,0.136
2012-06-13,0.22414218921650217,0.132
2012-06-14,0.5728758249282017,0.252
2012-06-15,0.6278068646559579,0.335
2012-06-16,0.35965918066515545,0.228
2012-06-17,0.3490986370117084,0.184
2012-06-18,0.26347158591467257,0.168
2012-06-19,0.24727856093739817,0.141
2012-06-20,0.3064963110794012,0.135
2012-06-21,0.3005737323066832,0.149
2012-06-22,0.24726030641320187,0.151
2012-06-23,0.48964005961014984,0.162
2012-06-24,0.26500911798356297,0.185
2012-06-25,0.2375245330296194,0.137
2012-06-26,0.23012466100341697,0.127
2012-06-27,0.22744306790394128,0.124
2012-06-28,0.5599334548319511,0.332
2012-06-29,0.32266121885191257,0.16
2012-06-30,0.258675073474197,0.138
2012-07-01,0.23249803809350122,0.129
2012-07-02,0.38092494206987093,0.153
2012-07-03,0.4081007725601113,0.15
2012-07-04,0.32117881185187297,0.162
2012-07-05,0.6759688612213146,0.532
2012-07-06,1.0776067196158794,1.887
2012-07-07,0.8381094498688331,0.602
2012-07-08,0.7651971295526019,0.43
2012-07-09,1.2414706073025992,0.666
2012-07-10,1.3451453988899242,1.816
2012-07-11,0.8141253741261926,0.55
2012-07-12,0.6833590559194311,0.365
2012-07-13,0.6873695542731016,0.33
2012-07-14,0.5742800198342519,0.305
2012-07-15,0.49858140426703285,0.282
2012-07-16,0.6067186458898822,0.318
2012-07-17,0.4536421878092001,0.294
2012-07-18,0.5071839474052467,0.301
2012-07-19,0.5622781735420128,0.317
2012-07-20,0.44223483573078604,0.335
2012-07-21,0.3833056596167229,0.296
2012-07-22,0.35928792801499787,0.281
2012-07-23,0.3425717077781276,0.271
2012-07-24,0.3297010568956575,0.267
2012-07-25,0.3196864199131204,0.265
2012-07-26,0.3119061039697523,0.255
2012-07-27,0.3058800061253092,0.248
2012-07-28,0.3012270214427535,0.245
2012-07-29,0.30515278061215345,0.249
2012-07-30,0.3570995488091755,0.242
2012-07-31,0.3058722414559917,0.26
2012-08-01,0.2969217329020164,0.23
2012-08-02,0.3481600834381184,0.247
2012-08-03,0.3027747775178917,0.226
2012-08-04,0.29747710427783036,0.224
2012-08-05,0.46796291946641994,0.284
2012-08-06,0.31887615899753224,0.233
2012-08-07,0.3017544828699814,0.216
2012-08-08,0.2967431703215025,0.208
2012-08-09,0.29410413578503786,0.199
2012-08-10,0.2920176398129181,0.196
2012-08-11,0.29023208350793245,0.196
2012-08-12,0.28913757925474204,0.194
2012-08-13,0.2873455402960427,0.19
2012-08-14,0.2859031171425414,0.192
2012-08-15,0.6209538643777243,0.288
2012-08-16,0.3341752430418424,0.198
2012-08-17,0.30257559374786536,0.193
2012-08-18,0.29401649734477997,0.187
2012-08-19,0.2902098773009724,0.186
2012-08-20,0.28713560764660856,0.183
2012-08-21,0.5351401558675457,0.279
2012-08-22,0.3183198625384362,0.202
2012-08-23,0.29680862843613187,0.204
2012-08-24,0.48974016952522975,0.279
2012-08-25,0.6482340582714042,0.396
2012-08-26,0.3390612428013798,0.347
2012-08-27,0.4417183426267671,0.323
2012-08-28,0.3174860364821361,0.33
2012-08-29,0.4556995559228665,0.42
2012-08-30,0.3129378636747541,0.308
2012-08-31,0.2926764637065368,0.267
2012-09-01,0.2849547427107409,0.259
2012-09-02,0.27963296852524044,0.263
2012-09-03,0.2751674145069161,0.247
2012-09-04,0.2712781987591676,0.236
2012-09-05,0.2678336783987966,0.22
2012-09-06,0.26473577282572197,0.209
2012-09-07,0.2619082986303072,0.204
2012-09-08,0.2592916570428062,0.212
2012-09-09,0.25684256326102217,0.206
2012-09-10,0.25644350764101326,0.206
2012-09-11,0.25318323482454025,0.196
2012-09-12,0.2546838877515807,0.2
2012-09-13,0.24852418533196546,0.193
2012-09-14,0.24597855656398035,0.186
2012-09-15,0.24388143548485594,0.185
2012-09-16,0.24274222483662355,0.182
2012-09-17,0.2399421092106666,0.182
2012-09-18,0.23821247099644835,0.167
2012-09-19,0.23846956093748886,0.168
2012-09-20,0.23591818421919045,0.174
2012-09-21,0.28864887017546875,0.198
2012-09-22,0.2396964028160012,0.174
2012-09-23,0.5777646525280941,0.252
2012-09-24,0.6423236262489656,1.055
2012-09-25,0.631657714729815,0.368
2012-09-26,0.5119280355166953,0.34
2012-09-27,0.2915451301122232,0.261
2012-09-28,0.26109471927767536,0.224
2012-09-29,0.2494283919650324,0.209
2012-09-30,0.25744025561659784,0.21
2012-10-01,0.23975548767081678,0.202
2012-10-02,0.32184824033673276,0.219
2012-10-03,0.24185518642727832,0.204
2012-10-04,0.29340759006460504,0.209
2012-10-05,0.25081124547511424,0.219
2012-10-06,0.22696468510865334,0.203
2012-10-07,0.2208324605846862,0.191
2012-10-08,0.2158303717693722,0.204
2012-10-09,0.21140092846645592,0.218
2012-10-10,0.20783030961765664,0.191
2012-10-11,0.5675178037975949,0.686
2012-10-12,0.527818182203562,0.546
2012-10-13,0.25278634669109584,0.289
2012-10-14,0.22002204478717827,0.243
2012-10-15,0.3909789970319446,0.278
2012-10-16,0.4645377204023052,0.294
2012-10-17,0.3887772849096188,0.44
2012-10-18,0.2514872657656638,0.345
2012-10-19,0.23021324675196242,0.278
2012-10-20,0.21859853051571518,0.254
2012-10-21,0.3027742552264253,0.254
2012-10-22,0.2211049943488885,0.26
2012-10-23,0.22556415652105705,0.248
2012-10-24,0.20676962355093767,0.26
2012-10-25,0.19775910959024437,0.272
2012-10-26,0.1952360603483675,0.247
2012-10-27,0.1899368596710326,0.237
2012-10-28,0.19419695700044254,0.243
2012-10-29,0.18623879010136687,0.26
2012-10-30,0.18049842545585318,0.271
2012-10-31,0.4544294037433244,0.356
2012-11-01,0.21392622145595136,0.35
2012-11-02,0.18580767868611772,0.286
2012-11-03,0.18275082503508228,0.279
2012-11-04,0.1875397234081391,0.269
2012-11-05,0.17657652767567647,0.254
2012-11-06,0.17356877668770826,0.251
2012-11-07,0.1692351564869964,0.262
2012-11-08,0.16631777699925912,0.261
2012-11-09,0.1841746591755087,0.267
2012-11-10,0.16660004296680356,0.254
2012-11-11,0.16235477555409847,0.242
2012-11-12,0.20454350103468658,0.25
2012-11-13,0.16453349206315024,0.247
2012-11-14,0.15823152101298682,0.253
2012-11-15,0.15535392815218532,0.257
2012-11-16,0.44883007345861514,0.304
2012-11-17,0.1910160096384115,0.369
2012-11-18,0.1625407479493803,0.305
2012-11-19,0.22181069885103982,0.303
2012-11-20,0.5845360080040131,0.402
2012-11-21,0.990618562615018,2.0
2012-11-22,1.3672703873991698,1.312
2012-11-23,0.8946534318903807,0.705
2012-11-24,2.610521897545532,2.017
2012-11-25,1.7967467927371867,2.599
2012-11-26,1.9344755863045922,0.94
2012-11-27,1.5074472745831524,0.929
2012-11-28,1.0339319137703977,0.601
2012-11-29,0.8199973313219494,0.516
2012-11-30,0.710895255944325,0.477
2012-12-01,0.608514561288612,0.449
2012-12-02,0.9171892800010822,0.456
2012-12-03,0.6827481587131113,0.499
2012-12-04,0.6468547263616798,0.487
2012-12-05,0.5343431941664402,0.441
2012-12-06,1.1254659378348513,0.492
2012-12-07,0.6719100071215035,0.547
2012-12-08,0.5803314699060761,0.433
2012-12-09,0.51392242464431,0.411
2012-12-10,0.47048300109385033,0.385
2012-12-11,0.43837808504647197,0.371
2012-12-12,0.4125940060032936,0.365
2012-12-13,0.395477203223842,0.359
2012-12-14,1.5690604619222837,1.522
2012-12-15,1.0268027017835402,0.703
2012-12-16,0.8153113197690064,0.498
2012-12-17,0.6656218030289047,0.435
2012-12-18,0.5953092495633346,0.394
2012-12-19,2.3238455219636798,1.161
2012-12-20,2.6517174454371917,4.218
2012-12-21,2.218732150784493,1.508
2012-12-22,2.366836315934121,2.226
2012-12-23,1.9121438147843077,0.896
2012-12-24,2.156493219450829,1.323
2012-12-25,1.6114229079072477,0.802
2012-12-26,1.6089379781532667,0.834
2012-12-27,1.590686903167714,0.695
2012-12-28,1.1990445327773862,0.808
2012-12-29,1.6189848430289748,0.976
2012-12-30,1.1624134715599046,0.687
2012-12-31,1.2784777343672884,0.657
2013-01-01,1.0296940371279626,0.584
2013-01-02,0.9308921041481781,0.544
2013-01-03,0.8616421360341537,0.519
2013-01-04,0.8104889179487312,0.511
2013-01-05,0.7715511731207341,0.497
2013-01-06,0.7421549782427632,0.481
2013-01-07,0.7193382167879558,0.476
2013-01-08,0.8035232002992251,0.472
2013-01-09,0.730350506190455,0.458
2013-01-10,0.7116487500061531,0.448
2013-01-11,0.6987682950509132,0.434
2013-01-12,0.6959372402079446,0.417
2013-01-13,0.8611214285188962,0.41
2013-01-14,1.0468788154024753,0.437
2013-01-15,0.8294843230828512,0.401
2013-01-16,0.7849714086107991,0.387
2013-01-17,0.7687340708661279,0.381
2013-01-18,1.0022534871708928,0.387
2013-01-19,0.8331216913861045,0.383
2013-01-20,1.2761381706982087,0.383
2013-01-21,0.9890366950195627,0.386
2013-01-22,0.8923770208753635,0.372
2013-01-23,0.8507039054784696,0.37
2013-01-24,0.8211324340410274,0.361
2013-01-25,1.875367921590227,0.375
2013-01-26,1.8958738095107135,1.737
2013-01-27,1.3494167335594809,2.126
2013-01-28,1.187016064491054,0.724
2013-01-29,1.2041095188558875,0.593
2013-01-30,1.1538737985921486,0.527
2013-01-31,1.0378273884590383,0.483
2013-02-01,0.9794851455810796,0.444
2013-02-02,0.9272944838939741,0.408
2013-02-03,0.8924996902168827,0.408
2013-02-04,0.9908702013075552,0.416
2013-02-05,1.00979070106027,0.411
2013-02-06,0.9061130281015357,0.383
2013-02-07,0.8715996524881169,0.371
2013-02-08,0.8875155894448603,0.363
2013-02-09,1.0387002683156126,0.369
2013-02-10,1.596390829049541,0.687
2013-02-11,1.1049173068090279,0.521
2013-02-12,1.0051879665281234,0.418
2013-02-13,2.0297353054272564,0.769
2013-02-14,1.4564046289040438,1.534
2013-02-15,1.1890738231873634,0.591
2013-02-16,1.096219421139737,0.482
2013-02-17,1.033684512674908,0.441
2013-02-18,0.9848668938393907,0.423
2013-02-19,0.9555679787849852,0.406
2013-02-20,0.9156010201771543,0.385
2013-02-21,0.8896974086048687,0.381
2013-02-22,0.8695443575955553,0.37
2013-02-23,0.8552886788464376,0.364
2013-02-24,0.8481982186982004,0.36
2013-02-25,0.8301467276779032,0.357
2013-02-26,0.8197620963964236,0.351
2013-02-27,0.8115591798807043,0.346
2013-02-28,0.805825645895728,0.349
2013-03-01,0.7990084383356161,0.348
2013-03-02,0.7936666822108756,0.347
2013-03-03,0.7889170348081052,0.346
2013-03-04,0.7843948243745588,0.348
2013-03-05,0.7801047641045837,0.343
2013-03-06,0.8262331472587511,0.35
2013-03-07,0.9431806346349602,0.388
2013-03-08,0.8098215219476316,0.373
2013-03-09,1.1250422970857203,0.436
2013-03-10,0.8630475036492418,0.467
2013-03-11,0.8277569037306644,0.37
2013-03-12,0.7993519055524779,0.347
2013-03-13,0.7915612087470739,0.33
2013-03-14,0.7816933231000162,0.325
2013-03-15,1.2622760376997018,0.399
2013-03-16,1.5690548899483936,0.987
2013-03-17,1.2408995760972485,0.655
2013-03-18,1.0466966058816993,0.469
2013-03-19,1.0996402634057416,0.402
2013-03-20,0.996912329848452,0.394
2013-03-21,1.0535609849190242,0.344
2013-03-22,1.5075098775672935,0.374
2013-03-23,1.522667387773217,0.426
2013-03-24,1.1440373547096556,0.428
2013-03-25,1.0384869754033172,0.46
2013-03-26,0.9734461107974751,0.463
2013-03-27,0.9229319889065002,0.414
2013-03-28,0.8821549519869243,0.387
2013-03-29,0.8491440023760228,0.376
2013-03-30,0.8220587824320462,0.361
2013-03-31,0.7998147139391435,0.352
2013-04-01,0.7815044387609363,0.342
2013-04-02,0.7660361576372491,0.336
2013-04-03,0.7529998216289684,0.321
2013-04-04,0.7418696482044481,0.314
2013-04-05,0.7322140630247549,0.307
2013-04-06,0.7237164258739733,0.306
2013-04-07,0.7161187046133956,0.307
2013-04-08,0.7092175435245585,0.307
2013-04-09,0.7028550466855555,0.306
2013-04-10,0.6968973741563739,0.302
2013-04-11,0.6925193489192508,0.306
2013-04-12,0.7298635697435668,0.315
2013-04-13,0.7095361471241273,0.314
2013-04-14,0.6835626126142437,0.301
2013-04-15,0.6757773870487803,0.291
2013-04-16,0.6694344401862653,0.283
2013-04-17,0.6636419277138822,0.281
2013-04-18,0.6582633710440762,0.272
2013-04-19,0.6535109087357878,0.267
2013-04-20,0.6473316844861559,0.267
2013-04-21,0.6419527360050477,0.272
2013-04-22,0.6366545146220758,0.272
2013-04-23,0.6313931057418944,0.265
2013-04-24,0.626139407497803,0.262
2013-04-25,0.621572952018034,0.263
2013-04-26,0.6159743508773036,0.265
2013-04-27,0.6124477505324492,0.257
2013-04-28,0.6074724015833302,0.256
2013-04-29,0.5999922282124278,0.233
2013-04-30,0.5944645717558753,0.218
2013-05-01,0.5891095690065292,0.207
2013-05-02,0.5837568509446813,0.208
2013-05-03,0.5783963318458988,0.211
2013-05-04,0.5742971680928275,0.217
2013-05-05,0.5677439745786901,0.214
2013-05-06,0.5622327988905047,0.211
2013-05-07,0.5579801933940739,0.203
2013-05-08,0.5528362254461,0.207
2013-05-09,0.627795737667185,0.256
2013-05-10,0.5581544184882026,0.22
2013-05-11,0.6094603074882496,0.233
2013-05-12,0.5483360546506684,0.212
2013-05-13,0.5355233109717183,0.212
2013-05-14,0.8949051222166574,0.434
2013-05-15,0.8656593488453365,0.322
2013-05-16,0.9087078203476878,0.47
2013-05-17,0.6199065851608262,0.325
2013-05-18,0.5471026084202602,0.261
2013-05-19,0.5297229343693899,0.239
2013-05-20,0.5164849141726905,0.225
2013-05-21,0.5060939381896001,0.217
2013-05-22,0.49697931554870106,0.213
2013-05-23,0.5665703444634629,0.23
2013-05-24,0.49614365001354144,0.212
2013-05-25,0.480127879488091,0.202
2013-05-26,0.47172270260443433,0.204
2013-05-27,0.4965713259606931,0.205
2013-05-28,0.624164301180585,0.259
2013-05-29,0.8179644713995977,0.359
2013-05-30,0.5068432421890142,0.285
2013-05-31,0.4671005037735434,0.23
2013-06-01,0.4544022616696281,0.214
2013-06-02,0.44523923919629843,0.209
2013-06-03,0.43718541135795275,0.197
2013-06-04,0.4298585849574717,0.192
2013-06-05,0.4231009731610432,0.192
2013-06-06,0.41680145606888835,0.186
2013-06-07,0.4108723845805858,0.187
2013-06-08,0.40524383995284163,0.188
2013-06-09,0.3998601483098895,0.189
2013-06-10,0.39467695426861027,0.189
2013-06-11,0.3897985959909551,0.192
2013-06-12,0.41635586203168573,0.201
2013-06-13,0.5136720607151178,0.218
2013-06-14,0.4845634595701804,0.214
2013-06-15,0.39979669130812545,0.203
2013-06-16,0.382713044705654,0.191
2013-06-17,0.3745625818111292,0.193
2013-06-18,0.36784333532355923,0.182
2013-06-19,0.3668792994247212,0.185
2013-06-20,0.6283816175489728,0.245
2013-06-21,0.3973179266023625,0.211
2013-06-22,0.38205608985917877,0.212
2013-06-23,0.3591695938129182,0.208
2013-06-24,0.3489594624177892,0.187
2013-06-25,0.3419241116050817,0.188
2013-06-26,0.3357341458815814,0.183
2013-06-27,0.3382619033464641,0.186
2013-06-28,0.3292468853037852,0.2
2013-06-29,0.320213854912963,0.183
2013-06-30,0.315128243321743,0.179
2013-07-01,0.3106077952828437,0.171
2013-07-02,0.30904625851037304,0.173
2013-07-03,0.30243742841744875,0.17
2013-07-04,0.29812064962754986,0.163
2013-07-05,0.29416148012426746,0.16
2013-07-06,0.29031459759642214,0.154
2013-07-07,0.28654725523222097,0.146
2013-07-08,0.28284733832913767,0.143
2013-07-09,0.27920691358093597,0.153
2013-07-10,0.27561984212474755,0.149
2013-07-11,0.2720812694678245,0.146
2013-07-12,0.268587350668113,0.146
2013-07-13,0.26531450486268215,0.145
2013-07-14,0.26173919923358957,0.146
2013-07-15,0.2583477939820508,0.143
2013-07-16,0.2550063333323758,0.148
2013-07-17,0.25170085481468996,0.151
2013-07-18,0.24842921734402815,0.137
2013-07-19,0.24519057849190265,0.134
2013-07-20,0.24225261187993885,0.139
2013-07-21,0.23889462284630786,0.147
2013-07-22,0.48850589486571117,0.143
2013-07-23,0.6967130389834016,1.422
2013-07-24,0.635287598611244,0.306
2013-07-25,0.5987072933702444,0.193
2013-07-26,0.2998507517364494,0.163
2013-07-27,0.6157536728116489,0.448
2013-07-28,0.3914724774645573,0.268
2013-07-29,0.2785255362683229,0.198
2013-07-30,0.2548422198899869,0.166
2013-07-31,0.3618643045003943,0.206
2013-08-01,0.25979230738372194,0.171
2013-08-02,0.24245064989275555,0.162
2013-08-03,0.23684140598965867,0.155
2013-08-04,0.38188148475805905,0.176
2013-08-05,0.24577158764377868,0.184
2013-08-06,0.22419770389238527,0.154
2013-08-07,0.2163857420091676,0.15
2013-08-08,0.21284443604925643,0.147
2013-08-09,0.20596075533323147,0.149
2013-08-10,0.20144854917416974,0.149
2013-08-11,0.1975456913326079,0.148
2013-08-12,0.19404432216814485,0.144
2013-08-13,0.19147255681448655,0.144
2013-08-14,0.19089885438045998,0.145
2013-08-15,0.3008525682519771,0.164
2013-08-16,0.2024162051843473,0.166
2013-08-17,0.18978561671774657,0.147
2013-08-18,0.18421396961617725,0.14
2013-08-19,0.18053838600202599,0.133
2013-08-20,0.1773247077145165,0.13
2013-08-21,0.17438274957658778,0.127
2013-08-22,0.17460260815668763,0.133
2013-08-23,0.17997614044367904,0.14
2013-08-24,0.24058830654722085,0.147
2013-08-25,0.17781687331974733,0.14
2013-08-26,0.1686212450705517,0.133
2013-08-27,0.1648355738650576,0.13
2013-08-28,0.16182569619613685,0.124
2013-08-29,0.15909819817401252,0.124
2013-08-30,0.15656868197622759,0.132
2013-08-31,0.15418742840804572,0.13
2013-09-01,0.151935731950845,0.13
2013-09-02,0.14978774837713163,0.129
2013-09-03,0.14772757666025743,0.135
2013-09-04,0.1457333957674937,0.136
2013-09-05,0.14527506283886504,0.131
2013-09-06,0.14604888266622665,0.134
2013-09-07,0.14073724307647978,0.127
2013-09-08,0.1383650461749503,0.129
2013-09-09,0.17487167011765717,0.134
2013-09-10,0.1430060680887735,0.124
2013-09-11,0.14583067868441257,0.126
2013-09-12,0.1403188267923646,0.135
2013-09-13,0.1899463757852143,0.14
2013-09-14,0.14107502028904179,0.133
2013-09-15,0.13470459455813258,0.13
2013-09-16,0.13058956193257146,0.126
2013-09-17,0.13048345562878447,0.129
2013-09-18,0.12581168635413706,0.122
2013-09-19,0.15006718222339918,0.137
2013-09-20,0.12721980974945607,0.124
2013-09-21,0.12267166146524784,0.126
2013-09-22,0.12008602336266637,0.125
2013-09-23,0.11786188748259582,0.132
2013-09-24,0.11582182336134574,0.131
2013-09-25,0.11537750362256702,0.129
2013-09-26,0.11226194137385358,0.123
2013-09-27,0.11043011958797622,0.124
2013-09-28,0.10878773933389187,0.124
2013-09-29,0.10721820162654738,0.123
2013-09-30,0.10570161101947656,0.12
2013-10-01,0.4433416232326969,0.132
2013-10-02,0.1898545520705477,0.246
2013-10-03,0.2770026772453375,0.178
2013-10-04,0.1525693303056008,0.171
2013-10-05,0.12276667098651863,0.142
2013-10-06,0.1152702390086437,0.133
2013-10-07,0.11058807194969617,0.134
2013-10-08,0.10680962997165096,0.13
2013-10-09,0.10541044268254167,0.128
2013-10-10,0.4348044306392574,0.232
2013-10-11,0.30279937941854,0.229
2013-10-12,0.4976146481497546,0.485
2013-10-13,0.5360728839673589,0.394
2013-10-14,0.45192475543764127,0.314
2013-10-15,0.1737902958350531,0.204
2013-10-16,0.4496946769826948,0.378
2013-10-17,0.17858765787672376,0.241
2013-10-18,0.22543707160106996,0.198
2013-10-19,0.30893028488626656,0.351
2013-10-20,0.26954802371482833,0.271
2013-10-21,0.5364105581385358,0.676
2013-10-22,0.4022880997936114,0.473
2013-10-23,0.19897701356314945,0.322
2013-10-24,0.33300375024235745,0.229
2013-10-25,0.18044644550952965,0.27
2013-10-26,0.2877469459933476,0.251
2013-10-27,0.6172388272148528,0.291
2013-10-28,0.30634563548503624,0.739
2013-10-29,0.19876879184338678,0.308
2013-10-30,0.17312254298951268,0.239
2013-10-31,0.15681598533026037,0.225
2013-11-01,0.525688316808768,0.314
2013-11-02,0.22619368870514184,0.305
2013-11-03,0.1765015644748421,0.253
2013-11-04,0.19056639485368196,0.229
2013-11-05,0.19227912341347486,0.231
2013-11-06,0.5899788778134026,0.41
2013-11-07,0.25581625657440266,0.347
2013-11-08,0.3327746768345985,0.287
2013-11-09,0.2951156155975431,0.299
2013-11-10,0.2510929054779386,0.259
2013-11-11,0.2884394475607701,0.287
2013-11-12,0.20835714462107716,0.264
2013-11-13,0.21347337243538955,0.251
2013-11-14,0.1806301315279602,0.235
2013-11-15,0.16597323740438588,0.228
2013-11-16,0.15551209809851085,0.226
2013-11-17,0.1473699903845171,0.226
2013-11-18,0.14379269971477227,0.229
2013-11-19,0.19178089034116674,0.221
2013-11-20,0.30546375898515454,0.269
2013-11-21,0.17027611867860212,0.23
2013-11-22,0.15017514826505962,0.217
2013-11-23,0.14285140461316362,0.221
2013-11-24,0.13791101695315133,0.217
2013-11-25,0.1340752357950128,0.216
2013-11-26,0.13106960639123647,0.209
2013-11-27,0.12867048616807306,0.205
2013-11-28,0.12676842289299226,0.205
2013-11-29,0.12604211086017844,0.207
2013-11-30,0.12409397745302245,0.203
2013-12-01,0.12302570112542618,0.196
2013-12-02,0.12219191775688898,0.195
2013-12-03,0.12150895583397821,0.201
2013-12-04,0.12090059191691502,0.196
2013-12-05,0.12192695970980394,0.188
2013-12-06,0.12102454144675269,0.183
2013-12-07,0.11954268219550461,0.189
2013-12-08,0.11900031335512948,0.19
2013-12-09,0.11856323275248723,0.179
2013-12-10,0.11813824154726887,0.181
2013-12-11,0.11771051336764463,0.187
2013-12-12,0.20554055453710485,0.19
2013-12-13,0.14212581499717478,0.2
2013-12-14,0.12387126576733865,0.195
2013-12-15,0.12186460206289751,0.196
2013-12-16,0.11964736914787545,0.192
2013-12-17,0.11826879549057968,0.18
2013-12-18,0.34475533686420035,0.245
2013-12-19,0.18747245492761638,0.219
2013-12-20,0.13761197074872253,0.199
2013-12-21,0.20561063904250462,0.205
2013-12-22,0.13515038716223743,0.205
2013-12-23,0.5313270547926008,0.566
2013-12-24,0.31184330904321245,0.549
2013-12-25,0.17309746072163942,0.289
2013-12-26,0.3256859777886356,0.257
2013-12-27,0.19353772221386675,0.252
2013-12-28,0.1686778654308638,0.219
2013-12-29,0.15999798587204694,0.203
2013-12-30,0.21813603305447107,0.214
2013-12-31,0.21094585932947515,0.214
2014-01-01,0.551606850512742,0.322
2014-01-02,0.2813086812233483,0.323
2014-01-03,0.601951732089136,0.27
2014-01-04,0.3575497868827072,0.526
2014-01-05,0.4399314911312471,0.358
2014-01-06,0.33146956008299183,0.323
2014-01-07,0.26982041727753797,0.277
2014-01-08,1.0757982338572936,0.86
2014-01-09,0.7223423709605941,0.858
2014-01-10,0.5565878887934272,0.42
2014-01-11,0.3928813123949908,0.361
2014-01-12,0.7843813685318172,0.539
2014-01-13,0.4411969628161846,0.497
2014-01-14,0.6104770206727721,0.399
2014-01-15,1.175888277393175,1.233
2014-01-16,0.6664748942394404,0.945
2014-01-17,0.5409162209563659,0.489
2014-01-18,0.5149857598450344,0.428
2014-01-19,0.41393892603976684,0.384
2014-01-20,0.3646222590714505,0.355
2014-01-21,0.7773903836632888,0.421
2014-01-22,0.549751612964677,0.455
2014-01-23,0.5872620676277338,0.432
2014-01-24,1.0396407799992313,0.709
2014-01-25,0.8902565330558606,0.768
2014-01-26,1.1674965679513392,1.123
2014-01-27,0.9251656993726366,0.608
2014-01-28,0.9994264529349239,0.724
2014-01-29,0.729843892327043,0.576
2014-01-30,1.0312020369250428,0.693
2014-01-31,1.5869165309950903,1.232
2014-02-01,1.035454864094347,0.891
2014-02-02,0.7885879732628647,0.593
2014-02-03,0.6821318385979317,0.514
2014-02-04,0.6830325787378307,0.481
2014-02-05,0.9072495083433163,0.57
2014-02-06,1.3620399676421333,0.783
2014-02-07,1.0591997043164432,0.68
2014-02-08,1.0098744269979263,0.66
2014-02-09,0.7769993435605459,0.567
2014-02-10,0.7874009476492114,0.489
2014-02-11,1.3951907026660884,0.955
2014-02-12,1.1540264414626435,0.781
2014-02-13,0.8412596654109215,0.567
2014-02-14,1.0537197283245476,0.558
2014-02-15,0.897929948256214,0.506
2014-02-16,0.7440582206171201,0.457
2014-02-17,0.6868740546288687,0.445
2014-02-18,0.6304366804371254,0.428
2014-02-19,0.5930031523372266,0.42
2014-02-20,0.5690335634012519,0.434
2014-02-21,0.5360984639464502,0.414
2014-02-22,0.5178158254967011,0.392
2014-02-23,0.5047979557847703,0.382
2014-02-24,0.5007362855619233,0.38
2014-02-25,0.4969792381560367,0.374
2014-02-26,0.76625330241699,0.379
2014-02-27,0.5760785455773481,0.399
2014-02-28,0.5314691014239104,0.368
2014-03-01,0.5247457827770601,0.358
2014-03-02,0.8482356295055794,0.434
2014-03-03,0.6053259018250058,0.402
2014-03-04,0.5646613975421871,0.361
2014-03-05,0.5523979937930373,0.331
2014-03-06,0.6525895689519889,0.33
2014-03-07,0.566117015799406,0.337
2014-03-08,0.5456751520686725,0.318
2014-03-09,0.534372196829856,0.31
2014-03-10,0.5259489865212944,0.295
2014-03-11,0.519353185869389,0.296
2014-03-12,0.5141462976138205,0.287
2014-03-13,0.5100020801318776,0.283
2014-03-14,0.5066669782957772,0.281
2014-03-15,0.5039418341514517,0.28
2014-03-16,0.5016667718946544,0.277
2014-03-17,0.49971924774845045,0.272
2014-03-18,0.584130947187937,0.307
2014-03-19,0.5097928368925203,0.277
2014-03-20,0.5238005684024863,0.286
2014-03-21,0.5047058865569891,0.262
2014-03-22,0.5247818440177084,0.256
2014-03-23,0.62891413921483,0.305
2014-03-24,0.5973882131602509,0.272
2014-03-25,0.5144893668577422,0.286
2014-03-26,0.5021441472517493,0.264
2014-03-27,0.5593549493028249,0.272
2014-03-28,0.5022391488458383,0.263
2014-03-29,0.49282118777922984,0.246
2014-03-30,0.4883768369899548,0.243
2014-03-31,0.6456257945548098,0.3
2014-04-01,0.5049381531902594,0.271
2014-04-02,0.4870753988070879,0.258
2014-04-03,0.4815404740081425,0.249
2014-04-04,0.4770261594135259,0.234
2014-04-05,0.47549637696063723,0.233
2014-04-06,0.53226221339916,0.239
2014-04-07,0.5828696148630527,0.325
2014-04-08,0.4840160477257628,0.249
2014-04-09,0.46965245122175314,0.231
2014-04-10,0.4637910307237388,0.228
2014-04-11,0.459082712647789,0.22
2014-04-12,0.45485977212058937,0.222
2014-04-13,0.45066649628328614,0.223
2014-04-14,0.44673952717507315,0.214
2014-04-15,0.4429531707975994,0.205
2014-04-16,0.4392644457432364,0.212
2014-04-17,0.4356461989926873,0.211
2014-04-18,0.4320754619905048,0.222
2014-04-19,0.428957720280788,0.219
2014-04-20,0.4253643889307981,0.214
2014-04-21,0.4953222336665394,0.217
2014-04-22,0.45062379414545156,0.249
2014-04-23,0.4896466707637214,0.234
2014-04-24,0.42952593172227976,0.219
2014-04-25,0.4872345129377249,0.226
2014-04-26,0.424260131245344,0.235
2014-04-27,0.4125872789035044,0.202
2014-04-28,0.4064410587402543,0.203
2014-04-29,0.4013393740262564,0.199
2014-04-30,0.39732994755509765,0.202
2014-05-01,0.3920724336750916,0.196
2014-05-02,0.38740664817305487,0.183
2014-05-03,0.3831461537713208,0.186
2014-05-04,0.3790559290793781,0.19
2014-05-05,0.5834190138622778,0.224
2014-05-06,0.40156510050510263,0.207
2014-05-07,0.3811193552889544,0.191
2014-05-08,0.5966136943523829,0.247
2014-05-09,0.4497448077995571,0.208
2014-05-10,0.5332403488330553,0.219
2014-05-11,0.4695335051676365,0.224
2014-05-12,0.4558708542753857,0.249
2014-05-13,0.4324817771315546,0.253
2014-05-14,0.37555844376160014,0.195
2014-05-15,0.36244140248687506,0.176
2014-05-16,0.35444083114592767,0.177
2014-05-17,0.3476874688197904,0.179
2014-05-18,0.34165959336102203,0.176
2014-05-19,0.33808104696198765,0.172
2014-05-20,0.33269932476896197,0.167
2014-05-21,0.6610778732224825,0.221
2014-05-22,0.6557748223309421,0.312
2014-05-23,0.3766169444228007,0.209
2014-05-24,0.5983765966002829,0.264
2014-05-25,0.36745649676927566,0.204
2014-05-26,0.34228546815678623,0.187
2014-05-27,0.6429330470403689,0.239
2014-05-28,0.47231359844091086,0.356
2014-05-29,0.3558799055590331,0.305
2014-05-30,0.3325464037414809,0.237
2014-05-31,0.3214677042370149,0.211
2014-06-01,0.3135019119242022,0.194
2014-06-02,0.3065125039663513,0.193
2014-06-03,0.40520867655068865,0.192
2014-06-04,0.3143148349586383,0.234
2014-06-05,0.2961739762769061,0.195
2014-06-06,0.2929849611000336,0.185
2014-06-07,0.3320213751129492,0.223
2014-06-08,0.2932080677643176,0.2
2014-06-09,0.284058674726709,0.194
2014-06-10,0.27550855426776305,0.186
2014-06-11,0.27006265299348975,0.18
2014-06-12,0.2658411335441619,0.177
2014-06-13,0.2622646030498763,0.171
2014-06-14,0.2593715658461285,0.164
2014-06-15,0.2550850593684893,0.166
2014-06-16,0.2518918418262087,0.164
2014-06-17,0.24860409958121787,0.152
2014-06-18,0.24555638317598977,0.151
2014-06-19,0.2426067102052294,0.154
2014-06-20,0.2397269596705283,0.151
2014-06-21,0.2369052127548722,0.151
2014-06-22,0.2341321813238785,0.15
2014-06-23,0.2317098930119679,0.151
2014-06-24,0.22881869525810528,0.147
2014-06-25,0.22605153588304663,0.148
2014-06-26,0.22791032287514917,0.146
2014-06-27,0.27759472442260125,0.186
2014-06-28,0.22981945148619237,0.159
2014-06-29,0.22285275256315926,0.159
2014-06-30,0.21765077117762024,0.156
2014-07-01,0.21436663251322494,0.146
2014-07-02,0.21103465132380145,0.132
2014-07-03,0.20802610600666863,0.132
2014-07-04,0.4462526106870207,0.152
2014-07-05,0.23862631040077728,0.17
2014-07-06,0.21421584514938588,0.138
2014-07-07,0.20723045944070864,0.134
2014-07-08,0.2801808299280334,0.162
2014-07-09,0.21275144085626232,0.135
2014-07-10,0.201881936569495,0.125
2014-07-11,0.1968761946828663,0.125
2014-07-12,0.1966374519637844,0.129
2014-07-13,0.18974043779147182,0.133
2014-07-14,0.1860224497243565,0.129
2014-07-15,0.182883091934492,0.125
2014-07-16,0.18081164277397943,0.124
2014-07-17,0.1777473626927916,0.121
2014-07-18,0.23388049440035732,0.126
2014-07-19,0.5328687281375301,0.292
2014-07-20,0.23129982078054628,0.167
2014-07-21,0.19533589719865083,0.138
2014-07-22,0.1858370667468903,0.131
2014-07-23,0.1797449428011214,0.127
2014-07-24,0.17469009979504638,0.12
2014-07-25,0.1703058785337266,0.117
2014-07-26,0.16829281651749042,0.119
2014-07-27,0.1631893209257827,0.12
2014-07-28,0.159916739207372,0.112
2014-07-29,0.15706783742779057,0.12
2014-07-30,0.15445331426146905,0.124
2014-07-31,0.15341860880326674,0.142
2014-08-01,0.2308655189261725,0.178
2014-08-02,0.16424872008578847,0.148
2014-08-03,0.15319124317470784,0.132
2014-08-04,0.14919800275326472,0.125
2014-08-05,0.21880933002347244,0.136
2014-08-06,0.1580887415046615,0.136
2014-08-07,0.14811732083790047,0.127
2014-08-08,0.4917100458950322,0.222
2014-08-09,0.37773599801238444,0.157
2014-08-10,0.5772843533438332,0.785
2014-08-11,0.531346797284409,0.228
2014-08-12,0.2348459273605032,0.178
2014-08-13,0.17867522882854062,0.167
2014-08-14,0.1660468488470643,0.159
2014-08-15,0.185708040790694,0.157
2014-08-16,0.15983965670154845,0.148
2014-08-17,0.1513553374621556,0.152
2014-08-18,0.14451778269202398,0.148
2014-08-19,0.1389258623805887,0.141
2014-08-20,0.13575519652748913,0.143
2014-08-21,0.1319386118603461,0.143
2014-08-22,0.12970651816514503,0.142
2014-08-23,0.12640990319054338,0.14
2014-08-24,0.1263431935885702,0.135
2014-08-25,0.4593217997639508,0.219
2014-08-26,0.16936425061762786,0.169
2014-08-27,0.14108334271627723,0.15
2014-08-28,0.130302600823792,0.154
2014-08-29,0.1284486592069153,0.15
2014-08-30,0.122821398864681,0.143
2014-08-31,0.12107485204850905,0.144
2014-09-01,0.1189901421986999,0.144
2014-09-02,0.11485317279587169,0.139
2014-09-03,0.11269672632752971,0.134
2014-09-04,0.11089240827372536,0.125
2014-09-05,0.10927557187548403,0.124
2014-09-06,0.10906084330500564,0.128
2014-09-07,0.1064408815889824,0.13
2014-09-08,0.10498182146967032,0.121
2014-09-09,0.10368783818303154,0.122
2014-09-10,0.10245336019787557,0.126
2014-09-11,0.1012599485272389,0.12
2014-09-12,0.1000992851134412,0.119
2014-09-13,0.09896521659339629,0.123
2014-09-14,0.09886729333974438,0.12
2014-09-15,0.09686848813763302,0.126
2014-09-16,0.09576161826085856,0.13
2014-09-17,0.09478570744301747,0.132
2014-09-18,0.09364080572224077,0.13
2014-09-19,0.09319476979850755,0.127
2014-09-20,0.09177076069548164,0.128
2014-09-21,0.09047672158276568,0.123
2014-09-22,0.0894297813401797,0.124
2014-09-23,0.09105060032011433,0.123
2014-09-24,0.08765672207152336,0.126
2014-09-25,0.08643025621425895,0.129
2014-09-26,0.08541115789135986,0.122
2014-09-27,0.08441968539096262,0.117
2014-09-28,0.08344452789190616,0.116
2014-09-29,0.0849377901694059,0.115
2014-09-30,0.08175316527376972,0.118
2014-10-01,0.0815120405270998,0.116
2014-10-02,0.0796607894297044,0.113
2014-10-03,0.09467973275904361,0.115
2014-10-04,0.09266229764072811,0.128
2014-10-05,0.2469316816384143,0.119
2014-10-06,0.21145534726719512,0.188
2014-10-07,0.10442068843041269,0.138
2014-10-08,0.27839273490208793,0.213
2014-10-09,0.11185896067622465,0.159
2014-10-10,0.09189797893657864,0.141
2014-10-11,0.0859002181591041,0.132
2014-10-12,0.08431993168112767,0.129
2014-10-13,0.47486911868321113,0.65
2014-10-14,0.45498046776619167,0.423
2014-10-15,0.4925113871044369,0.339
2014-10-16,0.36200956388951633,0.306
2014-10-17,0.2074102533864768,0.221
2014-10-18,0.12172442724605737,0.195
2014-10-19,0.10789994245432878,0.178
2014-10-20,0.20406090828795317,0.176
2014-10-21,0.11403430750296614,0.181
2014-10-22,0.09890334260928596,0.157
2014-10-23,0.090444644399865,0.155
2014-10-24,0.1571354123760765,0.168
2014-10-25,0.09466339748375366,0.159
2014-10-26,0.08487824447734074,0.159
2014-10-27,0.08081685651521518,0.161
2014-10-28,0.07889866590441465,0.164
2014-10-29,0.09702022185453174,0.169
2014-10-30,0.07756704729983971,0.166
2014-10-31,0.07422055715256246,0.168
2014-11-01,0.22952212521992713,0.179
2014-11-02,0.1128989844314779,0.211
2014-11-03,0.08177481622246403,0.191
2014-11-04,0.07622206054707532,0.163
2014-11-05,0.07354019981666486,0.157
2014-11-06,0.341542031729926,0.163
2014-11-07,0.3671063217153918,0.331
2014-11-08,0.3891977850062948,0.361
2014-11-09,0.14329141301860243,0.241
2014-11-10,0.11063234356317067,0.194
2014-11-11,0.2151070901987472,0.202
2014-11-12,0.16656115418594894,0.23
2014-11-13,0.16808018031186897,0.208
2014-11-14,0.3244769333058673,0.418
2014-11-15,0.14641586306588789,0.265
2014-11-16,0.46634506379411006,0.28
2014-11-17,0.1693110815825757,0.416
2014-11-18,0.12602414276099544,0.26
2014-11-19,0.11174785726117648,0.218
2014-11-20,0.10268325528729579,0.2
2014-11-21,0.5133578775217216,0.368
2014-11-22,0.4365713312385108,0.349
2014-11-23,0.2263794830782795,0.453
2014-11-24,0.16257960532870164,0.294
2014-11-25,0.18667021305467424,0.251
2014-11-26,0.25126475663066283,0.249
2014-11-27,0.15870435116591333,0.258
2014-11-28,0.161616382460361,0.242
2014-11-29,0.13174343906180913,0.232
2014-11-30,0.11946407040745237,0.223
2014-12-01,0.11139613347237802,0.215
2014-12-02,0.10463912714317894,0.206
2014-12-03,0.09952726807376289,0.201
2014-12-04,0.09609054111971249,0.204
2014-12-05,0.09242613746692113,0.193
2014-12-06,0.10477069484858358,0.189
2014-12-07,0.11286068463948205,0.201
2014-12-08,0.0943140321096262,0.202
2014-12-09,0.16220821656866205,0.208
2014-12-10,0.4262577150945271,0.217
2014-12-11,0.7816223605763231,0.844
2014-12-12,0.45843832611299284,0.996
2014-12-13,0.2519791689131745,0.362
2014-12-14,0.25712028728611147,0.292
2014-12-15,0.22804516486789708,0.261
2014-12-16,0.5256562913564602,0.353
2014-12-17,0.2661806207543791,0.382
2014-12-18,0.32314672486346785,0.317
2014-12-19,0.22366660653990178,0.289
2014-12-20,0.19418765391021262,0.256
2014-12-21,0.17541509546095332,0.249
2014-12-22,0.16118142941977492,0.247
2014-12-23,0.17860468297258372,0.243
2014-12-24,0.15222343135834066,0.236
2014-12-25,0.1427881325492566,0.224
2014-12-26,0.7458242453664577,0.312
2014-12-27,0.6226858374759625,0.418
2014-12-28,0.33966803682470986,0.302
2014-12-29,0.22531111611395216,0.263
2014-12-30,0.19732594782664054,0.244
2014-12-31,0.1829311440232568,0.39
2015-01-01,0.1825869458934312,0.831
2015-01-02,0.16760466771499763,0.388
2015-01-03,0.4141914511326647,0.389
2015-01-04,0.2332793221754916,0.316
2015-01-05,0.19975900203877842,0.317
2015-01-06,0.18885304266865105,0.295
2015-01-07,0.18208879956660237,0.28
2015-01-08,0.17605488869940827,0.279
2015-01-09,0.19866879620193817,0.278
2015-01-10,0.1800978260973,0.268
2015-01-11,0.17106212615503213,0.257
2015-01-12,0.5630144187012164,0.342
2015-01-13,0.34822900460607165,0.334
2015-01-14,0.446800991898536,0.335
2015-01-15,0.29849473659777515,0.364
2015-01-16,0.25578963321580855,0.301
2015-01-17,0.23087354955677253,0.275
2015-01-18,0.2152923176623677,0.26
2015-01-19,0.20036493534126681,0.257
2015-01-20,0.4580361700509181,0.27
2015-01-21,0.5617216796373927,0.416
2015-01-22,0.31962134019685556,0.353
2015-01-23,0.27758596188051754,0.321
2015-01-24,0.24777112406539498,0.298
2015-01-25,0.23473285810370784,0.284
2015-01-26,0.21572434557008224,0.27
2015-01-27,0.2090863353417952,0.264
2015-01-28,0.36820959188234187,0.293
2015-01-29,0.5384377771428216,0.313
2015-01-30,0.36166784519971723,0.32
2015-01-31,0.2901180021018383,0.311
2015-02-01,0.25769955249573195,0.279
2015-02-02,0.2402329512650735,0.263
2015-02-03,0.2298471668605561,0.257
2015-02-04,0.21796672314495585,0.247
2015-02-05,0.25015656660542235,0.249
2015-02-06,0.2149072847601594,0.241
2015-02-07,0.20478398651515456,0.243
2015-02-08,0.19852985561740416,0.24
2015-02-09,0.19378674305517835,0.233
2015-02-10,0.18995193810260966,0.231
2015-02-11,0.18696771451536204,0.234
2015-02-12,0.18476940141251869,0.234
2015-02-13,0.18436457848140655,0.243
2015-02-14,0.18163003600525224,0.238
2015-02-15,0.1811487844373174,0.23
2015-02-16,0.37631385133070744,0.312
2015-02-17,0.20542638163348273,0.245
2015-02-18,0.1908489287549873,0.238
2015-02-19,0.39055409424601384,0.322
2015-02-20,0.22741137090151092,0.277
2015-02-21,0.20582986171880077,0.256
2015-02-22,0.7104929664473285,0.528
2015-02-23,0.5020892594016679,0.442
2015-02-24,0.33580654646315755,0.326
2015-02-25,0.3083019067586187,0.289
2015-02-26,0.36378656343496124,0.303
2015-02-27,0.28886108290084295,0.28
2015-02-28,0.3312704395088677,0.285
2015-03-01,0.4802028794050803,0.295
2015-03-02,0.33319607145675867,0.26
2015-03-03,0.2860077676603826,0.246
2015-03-04,0.26445082828070976,0.263
2015-03-05,0.24883028548762745,0.25
2015-03-06,0.23651781608493594,0.239
2015-03-07,0.22669848311024007,0.239
2015-03-08,0.22332591581636624,0.24
2015-03-09,0.2164915292239521,0.243
2015-03-10,0.2078617072294608,0.23
2015-03-11,0.20434908952809694,0.229
2015-03-12,0.3146289114740219,0.246
2015-03-13,0.21468698053717078,0.237
2015-03-14,0.20193752127875406,0.224
2015-03-15,0.1981432430295299,0.22
2015-03-16,0.19547475347008117,0.214
2015-03-17,0.19396010562442173,0.209
2015-03-18,0.19157601015441034,0.203
2015-03-19,0.18996735373764362,0.208
2015-03-20,0.18853950771279301,0.206
2015-03-21,0.18727006397720528,0.201
2015-03-22,0.18610001114756247,0.214
2015-03-23,0.18500014421990643,0.227
2015-03-24,0.18468331284501932,0.214
2015-03-25,0.42786238116467934,0.236
2015-03-26,0.21632375884663815,0.242
2015-03-27,0.19324987153296522,0.211
2015-03-28,0.21333919283233285,0.211
2015-03-29,0.4246858913285852,0.309
2015-03-30,0.43928986214676335,0.313
2015-03-31,0.3049825879282153,0.273
2015-04-01,0.31386691372604714,0.243
2015-04-02,0.25840830370919465,0.233
2015-04-03,0.35297933850863045,0.264
2015-04-04,0.25379513663946074,0.241
2015-04-05,0.23178310749268125,0.222
2015-04-06,0.21953956226073854,0.211
2015-04-07,0.21012598431042837,0.204
2015-04-08,0.20249308778767539,0.199
2015-04-09,0.1962324599412193,0.203
2015-04-10,0.1925825652314464,0.203
2015-04-11,0.18688879933693467,0.2
2015-04-12,0.19461632027573017,0.203
2015-04-13,0.18389648393519578,0.196
2015-04-14,0.179937328239196,0.202
2015-04-15,0.17784661783067426,0.196
2015-04-16,0.17469496167526294,0.198
2015-04-17,0.17246269754246035,0.192
2015-04-18,0.17051574294448774,0.188
2015-04-19,0.16877623565043623,0.191
2015-04-20,0.16711538796473902,0.187
2015-04-21,0.16558066973597751,0.186
2015-04-22,0.16412656982916168,0.186
2015-04-23,0.16273162617165066,0.183
2015-04-24,0.1613804537032268,0.181
2015-04-25,0.17590768417749814,0.184
2015-04-26,0.16438639690703172,0.175
2015-04-27,0.16134321303638108,0.182
2015-04-28,0.1619954664819579,0.179
2015-04-29,0.1578333987935626,0.182
2015-04-30,0.15586093781907728,0.178
2015-05-01,0.1543699941530261,0.173
2015-05-02,0.4887844704479019,0.2
2015-05-03,0.20248040512719695,0.285
2015-05-04,0.47429004215692827,0.261
2015-05-05,0.20957190474019669,0.241
2015-05-06,0.17746991207783872,0.204
2015-05-07,0.2866943360443432,0.223
2015-05-08,0.26735407609879447,0.22
2015-05-09,0.17953734211986497,0.192
2015-05-10,0.16553853884456915,0.183
2015-05-11,0.15966154204506391,0.175
2015-05-12,0.15506731029624776,0.17
2015-05-13,0.1512904788120894,0.167
2015-05-14,0.14806820785187577,0.167
2015-05-15,0.1452623980542449,0.158
2015-05-16,0.14279345393861445,0.158
2015-05-17,0.2853021826195159,0.175
2015-05-18,0.2267946361790625,0.213
2015-05-19,0.16082618349220465,0.187
2015-05-20,0.14799579161301368,0.168
2015-05-21,0.14324054955181936,0.162
2015-05-22,0.1399206388348626,0.165
2015-05-23,0.13713755201403505,0.167
2015-05-24,0.13466627919804977,0.161
2015-05-25,0.1324673944106076,0.161
2015-05-26,0.1304939855778609,0.157
2015-05-27,0.1297321361844967,0.155
2015-05-28,0.2047393608720874,0.162
2015-05-29,0.19968565957407913,0.218
2015-05-30,0.21320396046644868,0.177
2015-05-31,0.1469323726309359,0.176
2015-06-01,0.26933599316909657,0.184
2015-06-02,0.15299230821648171,0.167
2015-06-03,0.1368018502581375,0.152
2015-06-04,0.13148205057184278,0.151
2015-06-05,0.12777219583994487,0.149
2015-06-06,0.1246747858902556,0.145
2015-06-07,0.12200859466316621,0.137
2015-06-08,0.12095007899995923,0.133
2015-06-09,0.1177107280269517,0.137
2015-06-10,0.11573649409908121,0.14
2015-06-11,0.11403083066862549,0.145
2015-06-12,0.4835866809021654,0.267
2015-06-13,0.499392328318574,0.332
2015-06-14,0.2978736912171365,0.183
2015-06-15,0.15434296117889434,0.161
2015-06-16,0.13441608858149268,0.157
2015-06-17,0.12742640709773218,0.154
2015-06-18,0.12241675747805582,0.145
2015-06-19,0.11836995934482179,0.143
2015-06-20,0.1155766827282688,0.153
2015-06-21,0.11676870395044638,0.161
2015-06-22,0.14926540624191778,0.178
2015-06-23,0.11683533051250167,0.145
2015-06-24,0.11097942181068492,0.141
2015-06-25,0.10807438358653315,0.138
2015-06-26,0.10767438894444335,0.139
2015-06-27,0.1070339962474877,0.142
2015-06-28,0.10232051009979766,0.144
2015-06-29,0.10045265837321914,0.142
2015-06-30,0.09898864704850648,0.135
2015-07-01,0.09770401376312887,0.13
2015-07-02,0.09656494981269653,0.123
2015-07-03,0.33715251420139913,0.165
2015-07-04,0.13070401364697026,0.15
2015-07-05,0.10766725235619068,0.141
2015-07-06,0.10483730109271158,0.139
2015-07-07,0.1016017193044291,0.138
2015-07-08,0.09775062721735477,0.135
2015-07-09,0.09491943279110429,0.126
2015-07-10,0.09302025243258868,0.127
2015-07-11,0.09433790925652734,0.131
2015-07-12,0.09108474735843348,0.136
2015-07-13,0.09086054935557043,0.129
2015-07-14,0.09105577979907005,0.126
2015-07-15,0.08655430633615209,0.126
2015-07-16,0.08517848033577037,0.123
2015-07-17,0.0841029136750772,0.123
2015-07-18,0.08877165547176431,0.129
2015-07-19,0.08293065333173481,0.136
2015-07-20,0.08288260723299118,0.136
2015-07-21,0.08089218208398961,0.134
2015-07-22,0.08004505064465808,0.12
2015-07-23,0.0786587474014632,0.122
2015-07-24,0.08213793820170898,0.132
2015-07-25,0.07733567570236873,0.123
2015-07-26,0.40107810907263775,0.191
2015-07-27,0.12569037424474783,0.151
2015-07-28,0.0935614620138714,0.139
2015-07-29,0.08654038486966262,0.131
2015-07-30,0.0878311191825882,0.139
2015-07-31,0.08050867448364768,0.127
2015-08-01,0.12167281934168772,0.143
2015-08-02,0.08573166850243365,0.129
2015-08-03,0.07979296060153843,0.124
2015-08-04,0.07769561367412123,0.122
2015-08-05,0.07577379776783622,0.122
2015-08-06,0.07330147393376217,0.125
2015-08-07,0.0716775691686168,0.126
2015-08-08,0.07029351015413876,0.122
2015-08-09,0.06906316389865698,0.125
2015-08-10,0.06857383860182802,0.117
2015-08-11,0.06696920013874796,0.118
2015-08-12,0.06595907797215823,0.115
2015-08-13,0.27178106098734267,0.15
2015-08-14,0.14255955520906652,0.171
2015-08-15,0.08573509281283215,0.137
2015-08-16,0.07682950457225689,0.132
2015-08-17,0.07314405735084274,0.128
2015-08-18,0.07394896566534886,0.126
2015-08-19,0.07168531220991896,0.125
2015-08-20,0.06643111910498123,0.126
2015-08-21,0.06445785753429005,0.125
2015-08-22,0.06361475768190297,0.13
2015-08-23,0.06547488922579132,0.126
2015-08-24,0.08539841934672435,0.131
2015-08-25,0.32766276566252,0.165
2015-08-26,0.10085530409801156,0.167
2015-08-27,0.07585176093030643,0.139
2015-08-28,0.07007975977379981,0.127
2015-08-29,0.06632022539843212,0.128
2015-08-30,0.22442265796699493,0.123
2015-08-31,0.1656895551516242,0.18
2015-09-01,0.08410692321761633,0.123
2015-09-02,0.07560412638822456,0.174
2015-09-03,0.06774522680905931,0.118
2015-09-04,0.0662932114736729,0.11
2015-09-05,0.06209300302010758,0.109
2015-09-06,0.059893248839809364,0.104
2015-09-07,0.05817182892700588,0.103
2015-09-08,0.05681571424900503,0.104
2015-09-09,0.055493293229297705,0.089
2015-09-10,0.05440586878685033,0.083
2015-09-11,0.19810860640927153,0.091
2015-09-12,0.07731709021178775,0.117
2015-09-13,0.06314991187353829,0.102
2015-09-14,0.15784829266760841,0.113
2015-09-15,0.07286574464471365,0.112
2015-09-16,0.06135941236843382,0.099
2015-09-17,0.05829933241593279,0.095
2015-09-18,0.05604443831656282,0.096
2015-09-19,0.05408032156054115,0.096
2015-09-20,0.05417796092043466,0.096
2015-09-21,0.12382412582055856,0.114
2015-09-22,0.06317145867921915,0.1
2015-09-23,0.0557086994368191,0.093
2015-09-24,0.05277300134580197,0.092
2015-09-25,0.05121658174088329,0.092
2015-09-26,0.049983907026263326,0.094
2015-09-27,0.04893618359799306,0.094
2015-09-28,0.04804542887900506,0.093
2015-09-29,0.04721734877320638,0.092
2015-09-30,0.046499537484362204,0.091
2015-10-01,0.04588513373104355,0.094
2015-10-02,0.04524632805353562,0.094
2015-10-03,0.04468819633647047,0.098
2015-10-04,0.05710747488095675,0.101
2015-10-05,0.39024557381642133,0.174
2015-10-06,0.4249345285583011,0.193
2015-10-07,0.1496247107997372,0.13
2015-10-08,0.07613635866307152,0.111
2015-10-09,0.06442984611138075,0.108
2015-10-10,0.05948612767705466,0.104
2015-10-11,0.05591266639988305,0.105
2015-10-12,0.0531207896084707,0.126
2015-10-13,0.050747545654014785,0.115
2015-10-14,0.04897120873554407,0.114
2015-10-15,0.04728176400513803,0.112
2015-10-16,0.04594865946694681,0.11
2015-10-17,0.044909216341932096,0.108
2015-10-18,0.04426959478200233,0.111
2015-10-19,0.04314654657437728,0.112
2015-10-20,0.3617009729737188,0.127
2015-10-21,0.08537947984548402,0.145
2015-10-22,0.056092668428142235,0.121
2015-10-23,0.05109858242682286,0.118
2015-10-24,0.0815917741114401,0.122
2015-10-25,0.0521390256245554,0.12
2015-10-26,0.04752521987207396,0.131
2015-10-27,0.378774199024287,0.145
2015-10-28,0.4208557302888316,0.449
2015-10-29,0.4319391280797209,0.176
2015-10-30,0.12040879874363802,0.225
2015-10-31,0.08166699873212466,0.16
2015-11-01,0.07219091611036806,0.149
2015-11-02,0.06548516904399651,0.144
2015-11-03,0.06184196549262627,0.144
2015-11-04,0.08353490078239546,0.142
2015-11-05,0.14012505509841047,0.169
2015-11-06,0.26520906476038325,0.179
2015-11-07,0.16837975929019572,0.229
2015-11-08,0.1274526807595702,0.172
2015-11-09,0.1128260171987582,0.171
2015-11-10,0.07390494056929701,0.155
2015-11-11,0.06530084983962414,0.149
2015-11-12,0.07428082544936784,0.144
2015-11-13,0.06043808609816891,0.14
2015-11-14,0.3803375234691739,0.19
2015-11-15,0.09966927161971376,0.177
2015-11-16,0.10258411056954135,0.163
2015-11-17,0.12273334120771094,0.161
2015-11-18,0.17832321048103963,0.162
2015-11-19,0.08543674851788087,0.153
2015-11-20,0.1926469672203897,0.156
2015-11-21,0.08737703873605829,0.152
2015-11-22,0.0719016557889676,0.143
2015-11-23,0.23464889047241788,0.163
2015-11-24,0.14227005629333705,0.17
2015-11-25,0.08470846324642457,0.158
2015-11-26,0.07351699355934721,0.151
2015-11-27,0.16782895543572154,0.163
2015-11-28,0.1878167568936828,0.168
2015-11-29,0.24492857316475242,0.183
2015-11-30,0.4047910272767141,0.279
2015-12-01,0.1431668208212424,0.211
2015-12-02,0.2373251840254914,0.181
2015-12-03,0.2860123738702608,0.207
2015-12-04,0.1406951932273718,0.18
2015-12-05,0.1143170978481433,0.16
2015-12-06,0.12755391256106885,0.156
2015-12-07,0.14541511389776324,0.153
2015-12-08,0.11813523683996592,0.152
2015-12-09,0.09705951715671048,0.14
2015-12-10,0.1940416101082496,0.151
2015-12-11,0.12432562463983314,0.141
2015-12-12,0.577905450460743,0.382
2015-12-13,0.3689839272257065,0.271
2015-12-14,0.2373726927519418,0.212
2015-12-15,0.2872939649213553,0.211
2015-12-16,0.17913280081109864,0.193
2015-12-17,0.2012954068570133,0.182
2015-12-18,0.15418438689009684,0.165
2015-12-19,0.136044448424407,0.163
2015-12-20,0.21452907771272922,0.163
2015-12-21,0.24144994776080606,0.164
2015-12-22,0.4436254608015244,0.243
2015-12-23,0.20950910765585487,0.213
2015-12-24,0.5145188167836302,0.303
2015-12-25,0.4440872183731902,0.254
2015-12-26,0.4509571644952052,0.289
2015-12-27,0.2694022282097145,0.278
2015-12-28,0.22180060440113195,0.219
2015-12-29,0.1940483854119872,0.191
2015-12-30,0.6955967062109057,0.322
2015-12-31,0.5160638743870847,0.362
2016-01-01,0.5559869459864673,0.299
2016-01-02,0.39702253088533646,0.297
2016-01-03,0.7647920004319883,0.499
2016-01-04,0.5394043121447895,0.385
2016-01-05,0.41208977011320114,0.343
2016-01-06,1.0143984225002736,0.348
2016-01-07,0.8659517809424729,1.679
2016-01-08,0.5126085842210726,0.495
2016-01-09,0.5635012056906662,0.379
2016-01-10,0.42463465598608463,0.321
2016-01-11,0.5293387972220035,0.283
2016-01-12,0.378687401596419,0.285
2016-01-13,0.45842566236343324,0.267
2016-01-14,0.34599856948529056,0.253
2016-01-15,0.30235666238541875,0.248
2016-01-16,0.44618548216984194,0.238
2016-01-17,0.3163611191169405,0.243
2016-01-18,0.281349401472489,0.244
2016-01-19,0.2620298826054727,0.227
2016-01-20,0.24777226013960937,0.227
2016-01-21,0.3099593105930724,0.227
2016-01-22,0.4928141255027732,0.3
2016-01-23,0.482208009897672,0.284
2016-01-24,0.33920810299320536,0.281
2016-01-25,0.3063625666397042,0.261
2016-01-26,0.340048758900582,0.255
2016-01-27,0.29994999490126256,0.248
2016-01-28,0.380052549037178,0.237
2016-01-29,0.5696599986622005,0.266
2016-01-30,0.36829726995523016,0.259
2016-01-31,0.37053305960530003,0.246
2016-02-01,0.3238252732536957,0.231
2016-02-02,0.309405785063164,0.222
2016-02-03,0.2979483609103266,0.211
2016-02-04,0.2787711803847908,0.214
2016-02-05,0.6733217650197525,0.239
2016-02-06,1.21596919418529,0.937
2016-02-07,1.253407286946009,0.7
2016-02-08,1.066855308539917,0.672
2016-02-09,0.7179520458873061,0.445
2016-02-10,0.6103134960237028,0.337
2016-02-11,0.5421406686028515,0.294
2016-02-12,0.48952715816781883,0.282
2016-02-13,0.4471649429749417,0.274
2016-02-14,0.4174285802310021,0.258
2016-02-15,0.38966667934501303,0.242
2016-02-16,0.5308640400410655,0.244
2016-02-17,1.1765018096677535,0.447
2016-02-18,0.6419231728774529,0.428
2016-02-19,0.7014129248469737,0.35
2016-02-20,0.9138007762832087,0.424
2016-02-21,0.774585177222186,0.513
2016-02-22,0.6122547719960015,0.389
2016-02-23,0.5488025309974669,0.323
2016-02-24,0.5043135921117341,0.292
2016-02-25,0.4701611575032906,0.278
2016-02-26,0.44347473226302614,0.276
2016-02-27,0.4226201347597491,0.272
2016-02-28,0.4063617109151474,0.262
2016-02-29,0.5755427380278588,0.261
2016-03-01,0.49150947350406804,0.29
2016-03-02,0.4433245561088207,0.284
2016-03-03,1.030158913673911,0.299
2016-03-04,0.74517272139946,0.536
2016-03-05,0.5870673924879958,0.395
2016-03-06,0.5188653568243741,0.343
2016-03-07,0.48116764643269067,0.32
2016-03-08,1.5949687352786175,0.31
2016-03-09,1.1791519502340013,1.168
2016-03-10,0.7775860212238328,0.633
2016-03-11,0.6669929452427364,0.43
2016-03-12,0.6089089768880557,0.358
2016-03-13,0.5658761290614494,0.325
2016-03-14,0.5319840894420123,0.312
2016-03-15,0.505350646427089,0.305
2016-03-16,0.48437617188588056,0.299
2016-03-17,0.46902425959139415,0.298
2016-03-18,0.45507630390611886,0.298
2016-03-19,0.4448140361343402,0.301
2016-03-20,0.4368488299958814,0.285
2016-03-21,0.4306084099941417,0.282
2016-03-22,0.42570525853996843,0.281
2016-03-23,0.42183511212479236,0.279
2016-03-24,0.4198267527995765,0.28
2016-03-25,0.41637893504230794,0.277
2016-03-26,0.5413474261391839,0.325
2016-03-27,0.7991536244188302,0.479
2016-03-28,0.8149530343525516,0.807
2016-03-29,0.7633089737260673,0.441
2016-03-30,0.5513687329475986,0.361
2016-03-31,0.5104915983936748,0.322
2016-04-01,0.6400140168038083,0.304
2016-04-02,0.5721272434307583,0.318
2016-04-03,0.7421976558801341,0.321
2016-04-04,0.6121376521749305,0.314
2016-04-05,0.5535031503928978,0.296
2016-04-06,0.6450085162746383,0.298
2016-04-07,0.5497396314275792,0.279
2016-04-08,0.5895222385488154,0.284
2016-04-09,0.5349090975102447,0.286
2016-04-10,0.5021832701395073,0.273
2016-04-11,0.5666936390649276,0.272
2016-04-12,0.5023470973491547,0.284
2016-04-13,0.4874861499252141,0.265
2016-04-14,0.46442932857585495,0.261
2016-04-15,0.8408666047978344,0.422
2016-04-16,0.58573648814831,0.401
2016-04-17,0.48044254019410987,0.302
2016-04-18,0.45971471748820686,0.272
2016-04-19,0.44850771647128646,0.255
2016-04-20,0.4399950863619494,0.242
2016-04-21,0.4329245919481264,0.227
2016-04-22,0.42695637896608146,0.221
2016-04-23,0.42408651743708975,0.22
2016-04-24,0.41829960580941605,0.217
2016-04-25,0.41694079282566243,0.227
2016-04-26,0.411331808981669,0.217
2016-04-27,0.5218440940306993,0.241
2016-04-28,0.5718197219246354,0.287
2016-04-29,0.4304086373308604,0.238
2016-04-30,0.4140525507961124,0.223
2016-05-01,0.40600719921901607,0.215
2016-05-02,0.42483712257717454,0.232
2016-05-03,0.40301282584879256,0.21
2016-05-04,0.39685744885369123,0.206
2016-05-05,0.3925729255217883,0.205
2016-05-06,0.38874650481179346,0.2
2016-05-07,0.38534890920939124,0.199
2016-05-08,0.38181841277548184,0.195
2016-05-09,0.380196865502035,0.188
2016-05-10,0.7330622389923157,0.312
2016-05-11,0.6047300584201282,0.271
2016-05-12,0.41184553548826375,0.212
2016-05-13,0.38701848177025305,0.193
2016-05-14,0.37898402337606923,0.189
2016-05-15,0.3731857343809282,0.186
2016-05-16,0.3681054099439663,0.184
2016-05-17,0.4034669490534151,0.183
2016-05-18,0.37390830017957344,0.21
2016-05-19,0.3616743021513225,0.182
2016-05-20,0.3600847025335644,0.183
2016-05-21,0.35400755617487345,0.187
2016-05-22,0.34728234419077586,0.172
2016-05-23,0.3435961671085267,0.166
2016-05-24,0.33965663089683734,0.161
2016-05-25,0.33966711918360987,0.172
2016-05-26,0.3331772924101763,0.172
2016-05-27,0.32954914422873094,0.166
2016-05-28,0.32629492923162556,0.164
2016-05-29,0.32312166967485717,0.164
2016-05-30,0.31998919937987697,0.158
2016-05-31,0.3195882556015281,0.15
2016-06-01,0.31407049136442283,0.153
2016-06-02,0.31076863683113903,0.152
2016-06-03,0.30769956019793937,0.159
2016-06-04,0.3046578435382899,0.166
2016-06-05,0.30162910023334666,0.162
2016-06-06,0.298608850622748,0.159
2016-06-07,0.29568436918120383,0.156
2016-06-08,0.2925981242603418,0.152
2016-06-09,0.28960386450062175,0.148
2016-06-10,0.6230603532102397,0.176
2016-06-11,0.4626352828768393,0.226
2016-06-12,0.428761914141574,0.199
2016-06-13,0.5301005447445979,0.23
2016-06-14,0.6862649850197242,0.69
2016-06-15,0.7423526282143985,1.215
2016-06-16,0.5624985040340277,0.455
2016-06-17,0.3582081099294627,0.276
2016-06-18,0.32175449605621387,0.223
2016-06-19,0.42043036239936116,0.221
2016-06-20,0.33800630965635886,0.275
2016-06-21,0.3025813105268728,0.205
2016-06-22,0.2902503909167979,0.188
2016-06-23,0.281534335659679,0.184
2016-06-24,0.27532463645563615,0.178
2016-06-25,0.6115986650869232,0.366
2016-06-26,0.39450710625358726,0.328
2016-06-27,0.2863403703830699,0.216
2016-06-28,0.378527888484691,0.229
2016-06-29,0.6603584787499324,1.165
2016-06-30,0.5356901822893457,0.366
2016-07-01,0.32289585934438286,0.264
2016-07-02,0.35345842045904813,0.238
2016-07-03,0.2904677300660297,0.211
2016-07-04,0.27695265999025354,0.2
2016-07-05,0.26454172219098326,0.199
2016-07-06,0.25639543613186955,0.187
2016-07-07,0.42691637717060865,0.215
2016-07-08,0.34183260101357765,0.218
2016-07-09,0.3997147986501531,0.358
2016-07-10,0.27061690941527367,0.236
2016-07-11,0.25982951318159403,0.226
2016-07-12,0.30686016681779815,0.279
2016-07-13,0.24808638475625286,0.216
2016-07-14,0.23674152268168494,0.197
2016-07-15,0.2313232707610174,0.187
2016-07-16,0.226027499571938,0.182
2016-07-17,0.22177769370229053,0.179
2016-07-18,0.21805141822239205,0.181
2016-07-19,0.21470131703518608,0.177
2016-07-20,0.2120401744652254,0.168
2016-07-21,0.21002007044387522,0.157
2016-07-22,0.20635755548664725,0.171
2016-07-23,0.20372645996111124,0.177
2016-07-24,0.20135855529901037,0.172
2016-07-25,0.19908848062393572,0.17
2016-07-26,0.19699412711958744,0.173
2016-07-27,0.19475731950784902,0.165
2016-07-28,0.1954527651138576,0.173
2016-07-29,0.19676276880471497,0.185
2016-07-30,0.18917939224584113,0.17
2016-07-31,0.1866591120370081,0.161
2016-08-01,0.18926107486440832,0.165
2016-08-02,0.1852550513191616,0.178
2016-08-03,0.18114556616269817,0.169
2016-08-04,0.18031281474728056,0.165
2016-08-05,0.17705453276269462,0.16
2016-08-06,0.17502341032794275,0.152
2016-08-07,0.17323174848296924,0.152
2016-08-08,0.17127493768854574,0.149
2016-08-09,0.1696692736286844,0.147
2016-08-10,0.1717146322247522,0.145
2016-08-11,0.16604952248595242,0.147
2016-08-12,0.16386710427362786,0.15
2016-08-13,0.16196405380615403,0.139
2016-08-14,0.16012828794419673,0.131
2016-08-15,0.15830721489986024,0.139
2016-08-16,0.15649621779702816,0.133
2016-08-17,0.15469553893050722,0.131
2016-08-18,0.1537659213566309,0.134
2016-08-19,0.34149866744074786,0.193
2016-08-20,0.18119448812160788,0.156
2016-08-21,0.23127800414381913,0.168
2016-08-22,0.1677105656939342,0.157
2016-08-23,0.15748608381670576,0.141
2016-08-24,0.3363554192360182,0.159
2016-08-25,0.3304116018671738,0.21
2016-08-26,0.18170155595239246,0.163
2016-08-27,0.403650888811172,0.221
2016-08-28,0.19124044144767882,0.159
2016-08-29,0.16347727970536896,0.144
2016-08-30,0.15516566063754955,0.135
2016-08-31,0.14963182225213284,0.132
2016-09-01,0.14766870354937947,0.128
2016-09-02,0.14141651424959562,0.134
2016-09-03,0.2639077524425383,0.163
2016-09-04,0.1560303617600861,0.143
2016-09-05,0.1408792127546994,0.141
2016-09-06,0.13604986481988196,0.139
2016-09-07,0.1326529406498871,0.136
2016-09-08,0.12987259239375815,0.128
2016-09-09,0.28055332969935315,0.136
2016-09-10,0.19545082567987299,0.2
2016-09-11,0.14222307656361532,0.136
2016-09-12,0.1330356575665429,0.135
2016-09-13,0.1286932867496257,0.132
2016-09-14,0.12521994185318802,0.129
2016-09-15,0.21074711102520619,0.134
2016-09-16,0.13865990156832433,0.185
2016-09-17,0.12482615943048948,0.138
2016-09-18,0.12210801798961995,0.133
2016-09-19,0.11932628206611696,0.136
2016-09-20,0.11550217483756904,0.133
2016-09-21,0.11396720059503433,0.134
2016-09-22,0.11103369590853121,0.136
2016-09-23,0.1091277045367801,0.132
2016-09-24,0.11995097877906319,0.141
2016-09-25,0.11021484507615406,0.132
2016-09-26,0.1099927102945617,0.129
2016-09-27,0.10547234347099135,0.121
2016-09-28,0.10435891052425364,0.13
2016-09-29,0.10213018663375738,0.126
2016-09-30,0.10115097356995062,0.128
2016-10-01,0.43278493475257285,0.211
2016-10-02,0.15210712412361166,0.135
2016-10-03,0.1152625015352385,0.122
2016-10-04,0.10807748761597105,0.117
2016-10-05,0.1042936278239912,0.113
2016-10-06,0.11051894626727027,0.11
2016-10-07,0.1030726799713844,0.119
2016-10-08,0.09913012444254961,0.113
2016-10-09,0.09655497852487033,0.114
2016-10-10,0.0951717501638627,0.113
2016-10-11,0.15044583308062842,0.129
2016-10-12,0.28861256911191946,0.133
2016-10-13,0.12183740213728485,0.143
2016-10-14,0.1008498601434062,0.124
2016-10-15,0.14923629040318712,0.123
2016-10-16,0.10475796614465371,0.14
2016-10-17,0.17164693424467728,0.134
2016-10-18,0.12800536613436414,0.134
2016-10-19,0.09827456854203846,0.113
2016-10-20,0.09269015136594164,0.107
2016-10-21,0.0893356480170915,0.108
2016-10-22,0.08758754835343521,0.107
2016-10-23,0.08475705661828915,0.107
2016-10-24,0.08285160432301854,0.119
2016-10-25,0.08121675499837243,0.124
2016-10-26,0.07976199830152629,0.122
2016-10-27,0.07844814764496624,0.113
2016-10-28,0.0772447409348838,0.122
2016-10-29,0.0766218472506771,0.131
2016-10-30,0.07518175293880769,0.128
2016-10-31,0.07418753491244678,0.128
2016-11-01,0.07346615258135755,0.123
2016-11-02,0.07233015315525496,0.124
2016-11-03,0.07152352557103367,0.117
2016-11-04,0.07086017873348158,0.132
2016-11-05,0.06973781157312893,0.136
2016-11-06,0.10149156270158936,0.143
2016-11-07,0.0735783453581397,0.141
2016-11-08,0.39651902460148425,0.169
2016-11-09,0.14032015927266892,0.19
2016-11-10,0.11634469434995763,0.172
2016-11-11,0.2639830706922444,0.152
2016-11-12,0.10383767577830728,0.208
2016-11-13,0.10445968198644862,0.164
2016-11-14,0.08154966663070012,0.158
2016-11-15,0.07614381110067232,0.163
2016-11-16,0.07321555367355909,0.167
2016-11-17,0.0933202649931445,0.192
2016-11-18,0.07253462986607016,0.183
2016-11-19,0.40067208270130433,0.227
2016-11-20,0.31403625025229837,0.267
2016-11-21,0.5805353589033286,1.948
2016-11-22,0.51109163984903,0.743
2016-11-23,0.48103311623121053,0.347
2016-11-24,0.2193894472535111,0.26
2016-11-25,0.12551499002058839,0.224
2016-11-26,0.10721986162227565,0.207
2016-11-27,0.09751674656746011,0.196
2016-11-28,0.0904050133378655,0.193
2016-11-29,0.08504418837880366,0.186
2016-11-30,0.08097067672535999,0.189
2016-12-01,0.07667613793205351,0.184
2016-12-02,0.0745142995375251,0.18
2016-12-03,0.07137811409032291,0.188
2016-12-04,0.06932909099915341,0.174
2016-12-05,0.06785938650148705,0.174
2016-12-06,0.06685312135592322,0.18
2016-12-07,0.06692956531821136,0.179
2016-12-08,0.06535199485098331,0.18
2016-12-09,0.09815050853296091,0.166
2016-12-10,0.28631852070100045,0.209
2016-12-11,0.09900084366232763,0.185
2016-12-12,0.10200552210692079,0.173
2016-12-13,0.13324456046126726,0.169
2016-12-14,0.08601402992184491,0.163
2016-12-15,0.07743764780744823,0.156
2016-12-16,0.0735029049698065,0.146
2016-12-17,0.07119729890928807,0.14
2016-12-18,0.06854335149029153,0.14
2016-12-19,0.0677545542771985,0.141
2016-12-20,0.07138399593823064,0.139
2016-12-21,0.06577839642054212,0.138
2016-12-22,0.06422443713641608,0.135
2016-12-23,0.1085044469914677,0.138
2016-12-24,0.07006571417349453,0.138
2016-12-25,0.10810345242979245,0.14
2016-12-26,0.07048817864258641,0.137
2016-12-27,0.06555755697216155,0.132
2016-12-28,0.06354043122428414,0.128
2016-12-29,0.06228351067974673,0.13
2016-12-30,0.061581995006340415,0.134
2016-12-31,0.15050711196644465,0.141
2017-01-01,0.29592552732685234,0.215
2017-01-02,0.10257288597636498,0.159
2017-01-03,0.07938494821999303,0.153
2017-01-04,0.07333214490670666,0.157
2017-01-05,0.06986185223721314,0.142
2017-01-06,0.06857377654933286,0.145
2017-01-07,0.0647743242274129,0.142
2017-01-08,0.06281951654352082,0.144
2017-01-09,0.14864932863027205,0.161
2017-01-10,0.0756094665618531,0.152
2017-01-11,0.06592677607367273,0.143
2017-01-12,0.12781509910719413,0.145
2017-01-13,0.07334763300255981,0.148
2017-01-14,0.13965962877890373,0.144
2017-01-15,0.24964710889242867,0.154
2017-01-16,0.15820687577258896,0.189
2017-01-17,0.09427876359257162,0.19
2017-01-18,0.08319028524593508,0.173
2017-01-19,0.0767237476041844,0.163
2017-01-20,0.07137229421024353,0.154
2017-01-21,0.06809827393550652,0.148
2017-01-22,0.06492438079490408,0.155
2017-01-23,0.06280408255421037,0.16
2017-01-24,0.06137992604275618,0.149
2017-01-25,0.059215187185817114,0.148
2017-01-26,0.057844668789359656,0.155
2017-01-27,0.18184985653922944,0.167
2017-01-28,0.11724630961145086,0.169
2017-01-29,0.2418192413941837,0.197
2017-01-30,0.1527968951885861,0.215
2017-01-31,0.35468058784388024,0.213
2017-02-01,0.20567410677140446,0.287
2017-02-02,0.1277253492186077,0.283
2017-02-03,0.15141309086238797,0.235
2017-02-04,0.11213116895888676,0.211
2017-02-05,0.09813473391470784,0.189
2017-02-06,0.4161243936358707,0.186
2017-02-07,0.16117665217055843,0.226
2017-02-08,0.12195308366387408,0.227
2017-02-09,0.108461492641924,0.203
2017-02-10,0.1714556496383312,0.185
2017-02-11,0.33046510377580274,0.211
2017-02-12,0.29762637919352236,0.322
2017-02-13,0.16493195969910887,0.26
2017-02-14,0.14110157925104835,0.221
2017-02-15,0.469464919940634,0.343
2017-02-16,0.20403014581937812,0.286
2017-02-17,0.1578203215811462,0.241
2017-02-18,0.13828589329581412,0.222
2017-02-19,0.12475872614357124,0.215
2017-02-20,0.11466006101739142,0.21
2017-02-21,0.10846866397433075,0.21
2017-02-22,0.4026856493316298,0.233
2017-02-23,0.19023227224990744,0.263
2017-02-24,0.1597543909050225,0.213
2017-02-25,0.13760167386103397,0.211
2017-02-26,0.12816039784302066,0.212
2017-02-27,0.25893799848812676,0.24
2017-02-28,0.1818152089021524,0.22
2017-03-01,0.43737149430044114,0.255
2017-03-02,0.20301484387284724,0.248
2017-03-03,0.5789628514785832,0.43
2017-03-04,0.25935999782543756,0.357
2017-03-05,0.5389789917834483,0.415
2017-03-06,0.2777013453956843,0.336
2017-03-07,0.4754892993985495,0.294
2017-03-08,0.27605672658726615,0.29
2017-03-09,0.22953297706998982,0.246
2017-03-10,0.20336764081399317,0.236
2017-03-11,0.18876865835124232,0.236
2017-03-12,0.17021577564513166,0.23
2017-03-13,0.15642404020617462,0.228
2017-03-14,0.14685024391984178,0.219
2017-03-15,0.1395212947219799,0.218
2017-03-16,0.1338720293038135,0.227
2017-03-17,0.13023895390744417,0.22
2017-03-18,0.14169375054785502,0.232
2017-03-19,0.26000286340809703,0.237
2017-03-20,0.32346961835142546,0.313
2017-03-21,0.18132437247789782,0.243
2017-03-22,0.2846901920656295,0.246
2017-03-23,0.18287058345776921,0.235
2017-03-24,0.16409158196041246,0.211
2017-03-25,0.1544809557876759,0.212
2017-03-26,0.1477272560530515,0.227
2017-03-27,0.14250705089263796,0.216
2017-03-28,0.21215839084373186,0.212
2017-03-29,0.14803518938744864,0.213
2017-03-30,0.13811344250134894,0.208
2017-03-31,0.13468807822437578,0.202
2017-04-01,0.13231509195381197,0.197
2017-04-02,0.13060724738683965,0.195
2017-04-03,0.1292221889964832,0.19
2017-04-04,0.12820145039262348,0.189
2017-04-05,0.12731282763766844,0.187
2017-04-06,0.12662201152137306,0.182
2017-04-07,0.12605401784386155,0.181
2017-04-08,0.12557227623721218,0.18
2017-04-09,0.12515046982479597,0.178
2017-04-10,0.12476815201531959,0.17
2017-04-11,0.12440934067382667,0.171
2017-04-12,0.1243049344439924,0.174
2017-04-13,0.12378535831828237,0.168
2017-04-14,0.12482338670906065,0.167
2017-04-15,0.12314875595179361,0.161
2017-04-16,0.12380071314184367,0.162
2017-04-17,0.12269845599584395,0.159
2017-04-18,0.12184793269093004,0.15
2017-04-19,0.12266016928976828,0.148
2017-04-20,0.12102391727495619,0.15
2017-04-21,0.12045144079969845,0.149
2017-04-22,0.11989994492613533,0.153
2017-04-23,0.11939788363558061,0.151
2017-04-24,0.11890999116298562,0.149
2017-04-25,0.17217485762189438,0.159
2017-04-26,0.1316945094224492,0.157
2017-04-27,0.12544727749145787,0.151
2017-04-28,0.12034531041654818,0.151
2017-04-29,0.11867146542721385,0.151
2017-04-30,0.11972999047723173,0.151
2017-05-01,0.1165370344580588,0.151
2017-05-02,0.11530199341945853,0.143
2017-05-03,0.11427302984802433,0.137
2017-05-04,0.11331544517014347,0.133
2017-05-05,0.11286756058155649,0.136
2017-05-06,0.11153694028794717,0.142
2017-05-07,0.11060545669164201,0.142
2017-05-08,0.10972363673893551,0.136
2017-05-09,0.108851683750239,0.138
2017-05-10,0.10798324158709652,0.142
2017-05-11,0.10831243231727528,0.141
2017-05-12,0.11071345854356715,0.149
2017-05-13,0.1637420575403618,0.15
2017-05-14,0.11729458797958102,0.146
2017-05-15,0.11188311389468938,0.151
2017-05-16,0.11036850263626682,0.152
2017-05-17,0.45301302821028533,0.295
2017-05-18,0.4859214916751641,0.208
2017-05-19,0.16988305502082943,0.193
2017-05-20,0.2157871314711695,0.184
2017-05-21,0.13679578622529429,0.159
2017-05-22,0.12355519239865836,0.147
2017-05-23,0.11759192266326236,0.144
2017-05-24,0.11313775854650154,0.136
2017-05-25,0.10947852400437533,0.132
2017-05-26,0.10675771158064672,0.127
2017-05-27,0.1039569337076657,0.128
2017-05-28,0.10333484467683621,0.131
2017-05-29,0.16865795682216042,0.159
2017-05-30,0.11085480064271992,0.138
2017-05-31,0.10296311553217777,0.133
2017-06-01,0.09989306013922113,0.126
2017-06-02,0.2495089905556007,0.166
2017-06-03,0.12002848870216545,0.148
2017-06-04,0.10558330474353418,0.137
2017-06-05,0.40500720311661165,0.185
2017-06-06,0.25722241016049197,0.211
2017-06-07,0.1408574464314513,0.154
2017-06-08,0.11661889555993843,0.158
2017-06-09,0.11181416046031258,0.137
2017-06-10,0.10338817537145446,0.139
2017-06-11,0.09927192128971261,0.132
2017-06-12,0.09677652666447965,0.129
2017-06-13,0.09395023517829347,0.13
2017-06-14,0.09183048276331016,0.122
2017-06-15,0.08987481952692199,0.121
2017-06-16,0.08829260581736284,0.115
2017-06-17,0.08690806250440071,0.112
2017-06-18,0.0856694243492807,0.112
2017-06-19,0.08454731002412184,0.107
2017-06-20,0.08351162015666963,0.104
2017-06-21,0.08255888610015953,0.108
2017-06-22,0.08172140485658776,0.11
2017-06-23,0.08089076374418148,0.109
2017-06-24,0.07996488319985878,0.112
2017-06-25,0.07916372152924689,0.107
2017-06-26,0.07882956281247085,0.1
2017-06-27,0.4304324269828143,0.154
2017-06-28,0.4614915567409908,0.232
2017-06-29,0.2391168813247726,0.168
2017-06-30,0.1209656020166052,0.131
2017-07-01,0.1032232515968751,0.118
2017-07-02,0.0965242645448294,0.111
2017-07-03,0.09181426213688428,0.108
2017-07-04,0.08798205875460034,0.108
2017-07-05,0.084860745591306,0.103
2017-07-06,0.085680499776324,0.107
2017-07-07,0.08032064304683245,0.1
2017-07-08,0.07814959464096412,0.1
2017-07-09,0.0773695129785256,0.101
2017-07-10,0.07811266132916046,0.104
2017-07-11,0.3717070816501102,0.219
2017-07-12,0.11607146064130931,0.125
2017-07-13,0.08815414963642382,0.107
2017-07-14,0.08242337926092527,0.101
2017-07-15,0.0792261211710674,0.105
2017-07-16,0.0767871286014232,0.112
2017-07-17,0.07476364562390449,0.105
2017-07-18,0.07307264793477197,0.107
2017-07-19,0.15602302379947533,0.105
2017-07-20,0.10526649989584602,0.17
2017-07-21,0.3663156291316842,0.162
2017-07-22,0.26295637162911434,0.196
2017-07-23,0.21910181419281974,0.169
2017-07-24,0.11129698688737641,0.132
2017-07-25,0.0951831995763132,0.119
2017-07-26,0.1734366655937145,0.158
2017-07-27,0.10209946286049794,0.13
2017-07-28,0.16533607104593834,0.148
2017-07-29,0.2169736143748536,0.163
2017-07-30,0.1394874759964838,0.215
2017-07-31,0.12797750748943598,0.158
2017-08-01,0.09783003900142917,0.125
2017-08-02,0.2397844285361345,0.165
2017-08-03,0.1077064162210743,0.135
2017-08-04,0.08920416151810959,0.104
2017-08-05,0.0835223025917202,0.104
2017-08-06,0.08266590085987427,0.103
2017-08-07,0.2077994046514847,0.11
2017-08-08,0.4876800956034837,1.078
2017-08-09,0.4534677714578955,0.622
2017-08-10,0.18857719173377732,0.183
2017-08-11,0.11020662796161318,0.137
2017-08-12,0.09537635491073594,0.123
2017-08-13,0.08885715902017353,0.118
2017-08-14,0.08425073551648357,0.114
2017-08-15,0.08032966907230334,0.108
2017-08-16,0.3214736239382109,0.136
2017-08-17,0.11153237934230514,0.185
2017-08-18,0.0909142817799497,0.131
2017-08-19,0.0821434192476197,0.117
2017-08-20,0.07795706528164711,0.112
2017-08-21,0.07515682022216007,0.113
2017-08-22,0.07316456403906117,0.113
2017-08-23,0.07228689270611316,0.112
2017-08-24,0.07008303690325499,0.106
2017-08-25,0.06884668945593427,0.105
2017-08-26,0.06786113300674673,0.105
2017-08-27,0.0670246100565562,0.102
2017-08-28,0.06630092627742448,0.102
2017-08-29,0.06622814070627271,0.102
2017-08-30,0.15959657237882233,0.152
2017-08-31,0.08376494796760395,0.136
2017-09-01,0.07364948173450298,0.112
2017-09-02,0.06901130843396974,0.109
2017-09-03,0.09626508535755553,0.112
2017-09-04,0.10098779956567273,0.112
2017-09-05,0.11297623389832588,0.146
2017-09-06,0.08110494394736806,0.12
2017-09-07,0.09167298727932947,0.121
2017-09-08,0.07830866219843231,0.136
2017-09-09,0.07586636344753392,0.123
2017-09-10,0.07310164029367318,0.113
2017-09-11,0.06962624529119632,0.11
2017-09-12,0.23229514277093388,0.154
2017-09-13,0.09259271469232766,0.122
2017-09-14,0.07460117830352765,0.109
2017-09-15,0.07121575710009945,0.106
2017-09-16,0.06953435646041863,0.108
2017-09-17,0.1620527217347366,0.128
2017-09-18,0.10277396758279066,0.116
2017-09-19,0.07479758916778302,0.11
2017-09-20,0.0714344639699799,0.106
2017-09-21,0.20129727837119757,0.149
2017-09-22,0.08652651360532464,0.121
2017-09-23,0.07157063558378149,0.113
2017-09-24,0.42060429960819856,0.217
2017-09-25,0.3033301037000295,0.466
2017-09-26,0.1053404579982208,0.151
2017-09-27,0.4179554868832556,0.265
2017-09-28,0.18426179386670669,0.251
2017-09-29,0.10254237043235216,0.172
2017-09-30,0.26419428145199186,0.164
2017-10-01,0.11301295044008368,0.19
2017-10-02,0.09225152342826491,0.148
2017-10-03,0.08396884352914363,0.133
2017-10-04,0.20925003663573724,0.145
2017-10-05,0.09403489599837532,0.138
2017-10-06,0.07892725536214353,0.124
2017-10-07,0.07685674526182554,0.129
2017-10-08,0.07153937089790505,0.12
2017-10-09,0.06861382299998836,0.121
2017-10-10,0.06653589430438346,0.123
2017-10-11,0.06742742451138634,0.129
2017-10-12,0.06374740480651234,0.119
2017-10-13,0.06240723002281652,0.121
2017-10-14,0.06143859550758331,0.122
2017-10-15,0.06079727159202854,0.116
2017-10-16,0.059966973811886995,0.108
2017-10-17,0.05944628506085014,0.103
2017-10-18,0.059953719428107566,0.105
2017-10-19,0.19111262048631938,0.157
2017-10-20,0.16123223834561803,0.15
2017-10-21,0.07895966489273107,0.134
2017-10-22,0.06799134888777951,0.12
2017-10-23,0.06453105678379457,0.127
2017-10-24,0.07811831213601904,0.13
2017-10-25,0.06475904666164702,0.132
2017-10-26,0.06198175700973237,0.137
2017-10-27,0.060461301716669504,0.128
2017-10-28,0.059272691601691095,0.132
2017-10-29,0.058242481093098826,0.134
2017-10-30,0.05784237177938878,0.129
2017-10-31,0.05678298402649305,0.129
2017-11-01,0.05599492467721578,0.133
2017-11-02,0.0553272174703584,0.131
2017-11-03,0.38820296670283216,0.139
2017-11-04,0.162643513798708,0.215
2017-11-05,0.07837688175031295,0.142
2017-11-06,0.06729747523001729,0.14
2017-11-07,0.15458967614733315,0.138
2017-11-08,0.074537087846596,0.142
2017-11-09,0.06484512415617688,0.141
2017-11-10,0.09013427425254399,0.138
2017-11-11,0.06528081582590227,0.147
2017-11-12,0.05988735419702687,0.14
2017-11-13,0.06695483131627061,0.128
2017-11-14,0.05875519932030411,0.125
2017-11-15,0.05675526869392307,0.138
2017-11-16,0.05531844997634371,0.137
2017-11-17,0.05399913382971595,0.141
2017-11-18,0.05298922509484786,0.139
2017-11-19,0.05347219088637024,0.141
2017-11-20,0.05278210348103462,0.141
2017-11-21,0.10256277533381644,0.147
2017-11-22,0.11439446243639807,0.149
2017-11-23,0.06177717246520021,0.146
2017-11-24,0.05521288008709773,0.14
2017-11-25,0.053431346440877804,0.135
2017-11-26,0.22579576100164597,0.152
2017-11-27,0.10483285015444993,0.175
2017-11-28,0.06348827676400186,0.143
2017-11-29,0.05727924496956553,0.139
2017-11-30,0.0750461654715002,0.141
2017-12-01,0.0563869418132864,0.131
2017-12-02,0.05296647064749752,0.128
2017-12-03,0.051312382885387364,0.132
2017-12-04,0.05006241322392827,0.131
2017-12-05,0.04893669777590164,0.135
2017-12-06,0.05466274687810968,0.136
2017-12-07,0.17179614355447925,0.153
2017-12-08,0.0652677020065622,0.145
2017-12-09,0.05362924591285435,0.141
2017-12-10,0.1263495756272403,0.153
2017-12-11,0.059931820812746686,0.144
2017-12-12,0.0998907401918031,0.149
2017-12-13,0.19605223351276646,0.183
2017-12-14,0.082927391443553,0.199
2017-12-15,0.05830145464243988,0.166
2017-12-16,0.05359547007941839,0.152
2017-12-17,0.0941143219240578,0.153
2017-12-18,0.05568630126023417,0.144
2017-12-19,0.05022566916117557,0.143
2017-12-20,0.04854515421695914,0.132
2017-12-21,0.046825168271954404,0.143
2017-12-22,0.04579613668057472,0.146
2017-12-23,0.04463010796099965,0.143
2017-12-24,0.04380581343894676,0.145
2017-12-25,0.3748740413101475,0.252
2017-12-26,0.4868180711022236,0.597
2017-12-27,0.40669618313393974,1.122
2017-12-28,0.2023789508961333,0.267
2017-12-29,0.5208158820777852,0.825
2017-12-30,0.3655587378121527,1.095
2017-12-31,0.21124015860656964,0.386
2018-01-01,0.16638548875846274,0.287
2018-01-02,0.35644178060392434,0.384
2018-01-03,0.2165669693908132,0.343
2018-01-04,0.20592938741304057,0.316
2018-01-05,0.5446976579073716,0.764
2018-01-06,0.22083836725218497,0.354
2018-01-07,0.16223784234790975,0.264
2018-01-08,0.13903486353868894,0.244
2018-01-09,0.2801726367108023,0.245
2018-01-10,0.1724554232909611,0.28
2018-01-11,0.13489053393475678,0.241
2018-01-12,0.11871182189775664,0.236
2018-01-13,0.10736575580373986,0.239
2018-01-14,0.37774538779064126,0.262
2018-01-15,0.36463553162430157,0.438
2018-01-16,0.27390756458287535,0.345
2018-01-17,0.42582149515597223,0.382
2018-01-18,0.34425609544362407,0.455
2018-01-19,0.21436668844409223,0.345
2018-01-20,0.22632718546579256,0.293
2018-01-21,0.4941974717401255,0.409
2018-01-22,0.35111815528219253,0.414
2018-01-23,0.4607990018283151,0.386
2018-01-24,0.45653873689171726,0.942
2018-01-25,0.28570084760049513,0.381
2018-01-26,0.2330616407381114,0.306
2018-01-27,0.21062589178104923,0.286
2018-01-28,0.18558760499411261,0.273
2018-01-29,0.34636247664096614,0.303
2018-01-30,0.3019854948487262,0.283
2018-01-31,0.2393190220552052,0.283
2018-02-01,0.19842926568615646,0.267
2018-02-02,0.2607968973859464,0.258
2018-02-03,0.35512495750329265,0.301
2018-02-04,0.22283678316354308,0.27
2018-02-05,0.19899345756760248,0.258
2018-02-06,0.18072573950294232,0.261
2018-02-07,0.1670115953045251,0.249
2018-02-08,0.6804336298073327,0.484
2018-02-09,0.29165183756627755,0.426
2018-02-10,0.37186003066484363,0.341
2018-02-11,0.265124113727392,0.307
2018-02-12,0.22750711768340315,0.276
2018-02-13,0.3994438939698089,0.304
2018-02-14,0.5923127403188071,0.439
2018-02-15,0.32827376933212526,0.357
2018-02-16,0.27533370949663866,0.289
2018-02-17,0.25130581752652725,0.273
2018-02-18,0.30263032681387,0.271
2018-02-19,0.3315238493790152,0.276
2018-02-20,0.2587795297601778,0.271
2018-02-21,0.23135140308975724,0.258
2018-02-22,0.21460163949678346,0.25
2018-02-23,0.20367837165158414,0.245
2018-02-24,0.19498808906013917,0.24
2018-02-25,0.18859689012207234,0.231
2018-02-26,0.18546308263639466,0.231
2018-02-27,0.2017184750544384,0.232
2018-02-28,0.353271614582627,0.233
2018-03-01,0.23308146157105675,0.241
2018-03-02,0.20414690196200538,0.238
2018-03-03,0.29483074212424165,0.238
2018-03-04,0.223529167185945,0.289
2018-03-05,0.4166387951835612,0.328
2018-03-06,0.2551340863078117,0.33
2018-03-07,0.3528858940318148,0.273
2018-03-08,0.2587807379766693,0.277
2018-03-09,0.8158863548932247,0.612
2018-03-10,0.45568888322765894,0.755
2018-03-11,1.0293992306040884,0.636
2018-03-12,1.3743552168687898,2.242
2018-03-13,0.7255529582946076,0.705
2018-03-14,0.6718821784344853,0.431
2018-03-15,0.6705242788379747,0.393
2018-03-16,0.6484875933247116,0.358
2018-03-17,0.887290078970284,0.349
2018-03-18,0.5799838070769265,0.357
2018-03-19,0.5029211237871368,0.349
2018-03-20,0.4455456163277239,0.326
2018-03-21,0.39970786800632097,0.314
2018-03-22,0.37964789855333797,0.322
2018-03-23,0.3761501741325062,0.336
2018-03-24,0.3345681101811767,0.307
2018-03-25,0.3155677279678127,0.295
2018-03-26,0.5072709216651292,0.305
2018-03-27,0.35597171342947737,0.324
2018-03-28,0.33498275684092965,0.301
2018-03-29,0.6749270335936866,0.363
2018-03-30,1.3823132322270635,1.087
2018-03-31,1.0430177862315495,1.064
2018-04-01,1.8522302014755587,0.63
2018-04-02,1.5290738435242917,1.631
2018-04-03,1.3508749074359854,1.007
2018-04-04,1.2185942580984521,0.758
2018-04-05,0.9170760510803946,0.534
2018-04-06,0.7895459139207606,0.465
2018-04-07,0.7025355869019339,0.438
2018-04-08,0.6426240584699913,0.416
2018-04-09,1.623490203264738,0.538
2018-04-10,1.1637002995473742,1.724
2018-04-11,0.8145401971298385,0.618
2018-04-12,1.30811109458462,0.678
2018-04-13,0.8575772249667356,0.847
2018-04-14,0.7404131517907111,0.531
2018-04-15,0.6902367016528935,0.48
2018-04-16,0.6219320605520594,0.444
2018-04-17,0.5858057476795311,0.424
2018-04-18,0.5493952714666023,0.408
2018-04-19,0.5248087554352876,0.4
2018-04-20,0.5062608639937379,0.396
2018-04-21,0.4984027064788155,0.401
2018-04-22,0.48213023210039874,0.4
2018-04-23,0.47365047282692535,0.385
2018-04-24,0.7665604707124444,0.465
2018-04-25,0.5200776177898779,0.42
2018-04-26,0.4818315798846955,0.392
2018-04-27,0.7259037333199122,0.451
2018-04-28,0.5482852010217301,0.408
2018-04-29,0.4987454002495241,0.377
2018-04-30,0.4873331126244785,0.353
2018-05-01,0.8143239944239659,0.34
2018-05-02,0.8433698165908802,0.56
2018-05-03,0.6251456383749154,0.385
2018-05-04,0.580047532757176,0.351
2018-05-05,0.5564608272690039,0.312
2018-05-06,0.5389136146648513,0.296
2018-05-07,0.5250961589504871,0.29
2018-05-08,0.5141481501608107,0.278
2018-05-09,0.5353261520519222,0.275
2018-05-10,0.5049028076378039,0.245
2018-05-11,0.4963742767716523,0.234
2018-05-12,0.6050545356343703,0.24
2018-05-13,0.5042742206403868,0.239
2018-05-14,0.49019010874489705,0.223
2018-05-15,0.4850954579585218,0.217
2018-05-16,0.4814198998778164,0.21
2018-05-17,0.4783064449342649,0.207
2018-05-18,0.47556208531557753,0.204
2018-05-19,0.47308110607028725,0.204
2018-05-20,0.47078463025859746,0.2
2018-05-21,0.4686111292218233,0.198
2018-05-22,0.4665125288873606,0.194
2018-05-23,0.46445144740489275,0.19
2018-05-24,0.6801901886659882,0.192
2018-05-25,0.49530965289887524,0.242
2018-05-26,0.47164413271917643,0.202
2018-05-27,0.4662691445051498,0.196
2018-05-28,0.46155975773382285,0.197
2018-05-29,0.6878985275040944,0.19
2018-05-30,0.49451325748852104,0.241
2018-05-31,0.465595839041935,0.2
2018-06-01,0.5118476863875365,0.19
2018-06-02,0.4745244242254062,0.222
2018-06-03,0.45611578067998093,0.189
2018-06-04,0.4499014069771116,0.187
2018-06-05,0.44492189384154385,0.184
2018-06-06,0.4405591435681825,0.177
2018-06-07,0.5464675474361905,0.192
2018-06-08,0.45171490825700833,0.195
2018-06-09,0.43763773686539226,0.181
2018-06-10,0.4318244467728883,0.178
2018-06-11,0.4294068488315595,0.178
2018-06-12,0.42304138949735937,0.174
2018-06-13,0.41965478857032024,0.172
2018-06-14,0.41494237674347056,0.169
2018-06-15,0.41136207378668704,0.161
2018-06-16,0.4077022350998353,0.164
2018-06-17,0.4039339027492106,0.164
2018-06-18,0.40036617619876474,0.166
2018-06-19,0.3968708842287137,0.163
2018-06-20,0.39341739953508825,0.163
2018-06-21,0.3899827234446837,0.159
2018-06-22,0.38655973442604347,0.152
2018-06-23,0.3831426583539311,0.156
2018-06-24,0.37972759766014197,0.157
2018-06-25,0.3763118442438394,0.147
2018-06-26,0.37289359922728715,0.137
2018-06-27,0.36947177475743576,0.138
2018-06-28,0.3660458382813924,0.132
2018-06-29,0.3626156885884129,0.132
2018-06-30,0.35918155704537363,0.132
2018-07-01,0.3557441162864822,0.133
2018-07-02,0.3523036861612357,0.13
2018-07-03,0.34886123844609934,0.13
2018-07-04,0.3454175210717504,0.129
2018-07-05,0.34197388402554535,0.13
2018-07-06,0.3385312122605797,0.13
2018-07-07,0.33509055647083286,0.129
2018-07-08,0.33165308605672117,0.128
2018-07-09,0.3282196059059261,0.123
2018-07-10,0.32479143900474355,0.125
2018-07-11,0.32136956753120033,0.124
2018-07-12,0.3179782436173906,0.126
2018-07-13,0.3151193510241493,0.128
2018-07-14,0.31120611875132853,0.13
2018-07-15,0.30777032199942383,0.121
2018-07-16,0.30446823152185665,0.126
2018-07-17,0.3010335979054241,0.126
2018-07-18,0.297676208589824,0.129
2018-07-19,0.29433863140519084,0.119
2018-07-20,0.29365370250525696,0.116
2018-07-21,0.28800579324591735,0.118
2018-07-22,0.28444622391703267,0.112
2018-07-23,0.2811455125905137,0.117
2018-07-24,0.27788555827990247,0.113
2018-07-25,0.2746457023440829,0.11
2018-07-26,0.27420897044417286,0.113
2018-07-27,0.27367843887957327,0.116
2018-07-28,0.27176297529847043,0.115
2018-07-29,0.268633958443582,0.117
2018-07-30,0.30976691029631814,0.123
2018-07-31,0.2673945213178953,0.118
2018-08-01,0.2592416248764441,0.102
2018-08-02,0.25463622419782145,0.1
2018-08-03,0.2506048036687503,0.1
2018-08-04,0.2468212376959062,0.291
2018-08-05,0.2432199112348661,0.104
2018-08-06,0.23976723505962919,0.1
2018-08-07,0.23643711228332687,0.097
2018-08-08,0.23322706339136992,0.096
2018-08-09,0.2302086956808023,0.102
2018-08-10,0.29452881723881363,0.174
2018-08-11,0.34517757667123883,0.124
2018-08-12,0.2475567809344995,0.133
2018-08-13,0.23299533334200961,0.107
2018-08-14,0.22623584039998507,0.106
2018-08-15,0.40868024460691044,0.109
2018-08-16,0.2467826967771026,0.145
2018-08-17,0.22555786647363824,0.1
2018-08-18,0.2184973825489472,0.093
2018-08-19,0.21329756787012213,0.097
2018-08-20,0.20875069368920826,0.094
2018-08-21,0.20466033675329998,0.094
2018-08-22,0.5504123482481136,0.152
2018-08-23,0.33752002140994714,0.162
2018-08-24,0.2922674813876799,0.126
2018-08-25,0.22097673157597555,0.106
2018-08-26,0.5430107519407352,0.207
2018-08-27,0.24942066762960302,0.117
2018-08-28,0.2136458757854585,0.111
2018-08-29,0.20349608246207257,0.103
2018-08-30,0.19684319854556978,0.096
2018-08-31,0.1913064890750651,0.094
2018-09-01,0.18650454015035095,0.092
2018-09-02,0.18227713349643712,0.091
2018-09-03,0.1797568833931518,0.1
2018-09-04,0.17529509193136103,0.099
2018-09-05,0.17203211111635683,0.098
2018-09-06,0.2667650674960002,0.126
2018-09-07,0.1835607217180911,0.109
2018-09-08,0.2326011390671951,0.133
2018-09-09,0.1782264327769427,0.106
2018-09-10,0.17129023949354466,0.104
2018-09-11,0.17953283469887538,0.107
2018-09-12,0.16656598598908662,0.115
2018-09-13,0.16181855914116902,0.099
2018-09-14,0.1605188632142199,0.1
2018-09-15,0.15532588042000844,0.1
2018-09-16,0.15586229726034623,0.098
2018-09-17,0.15000145018798713,0.097
2018-09-18,0.14810297204035114,0.09
2018-09-19,0.19241519623827058,0.087
2018-09-20,0.4898479742597189,0.178
2018-09-21,0.34515563311975495,0.148
2018-09-22,0.18306948701309214,0.119
2018-09-23,0.16006121298770895,0.104
2018-09-24,0.1527213517915616,0.091
2018-09-25,0.14769404932493313,0.093
2018-09-26,0.14349524844687506,0.095
2018-09-27,0.13986487420244692,0.091
2018-09-28,0.13667529118259342,0.085
2018-09-29,0.13384448132604246,0.088
2018-09-30,0.13130415122521388,0.097
2018-10-01,0.13002972026366558,0.092
2018-10-02,0.1269614868221052,0.089
2018-10-03,0.12488977261032938,0.091
2018-10-04,0.12302409494736409,0.089
2018-10-05,0.45452700715635325,0.116
2018-10-06,0.19463405105822412,0.163
2018-10-07,0.13837541561236658,0.102
2018-10-08,0.1291468330171111,0.094
2018-10-09,0.12494457261066912,0.091
2018-10-10,0.12166253967833039,0.091
2018-10-11,0.11884331391046435,0.089
2018-10-12,0.11823007342846899,0.096
2018-10-13,0.22430304891315447,0.087
2018-10-14,0.4680716449583709,0.189
2018-10-15,0.27749095848345284,0.135
2018-10-16,0.14657747017400755,0.11
2018-10-17,0.12847687292869053,0.104
2018-10-18,0.12208917843045354,0.106
2018-10-19,0.11756000962745357,0.096
2018-10-20,0.11380982910765336,0.097
2018-10-21,0.11061803424132552,0.104
2018-10-22,0.10785283692089893,0.099
2018-10-23,0.10544249500594756,0.093
2018-10-24,0.1033092584936723,0.095
2018-10-25,0.10232195099033706,0.1
2018-10-26,0.09977787003161113,0.109
2018-10-27,0.09988519055672503,0.106
2018-10-28,0.09765689878680119,0.1
2018-10-29,0.09641220443555144,0.102
2018-10-30,0.09419000593280522,0.103
2018-10-31,0.09336104463483172,0.112
2018-11-01,0.09160469154072642,0.118
2018-11-02,0.09038147396251645,0.114
2018-11-03,0.08926504887330951,0.115
2018-11-04,0.08819548587789672,0.117
2018-11-05,0.08711362575816431,0.122
2018-11-06,0.0880108820274249,0.119
2018-11-07,0.1384465966828016,0.14
2018-11-08,0.0927707261361374,0.129
2018-11-09,0.2657125433525411,0.143
2018-11-10,0.16546618684892692,0.133
2018-11-11,0.10164025758109829,0.118
2018-11-12,0.09192209835431185,0.125
2018-11-13,0.08839853907059118,0.125
2018-11-14,0.08571217752263233,0.126
2018-11-15,0.08349137527071464,0.124
2018-11-16,0.08226233710268428,0.124
2018-11-17,0.08008962263134622,0.124
2018-11-18,0.07835019533839037,0.125
2018-11-19,0.09067962379374526,0.122
2018-11-20,0.32374322127056543,0.147
2018-11-21,0.10970923548212658,0.138
2018-11-22,0.08616544005362241,0.127
2018-11-23,0.08083994368296073,0.127
2018-11-24,0.07854070830198197,0.129
2018-11-25,0.0826612477708455,0.127
2018-11-26,0.0757176295992554,0.121
2018-11-27,0.36666975945361646,0.16
2018-11-28,0.16753983945034695,0.165
2018-11-29,0.0925401272096986,0.147
2018-11-30,0.08120810596122538,0.135
2018-12-01,0.23148973515059618,0.15
2018-12-02,0.09764010876374263,0.156
2018-12-03,0.17775155052479036,0.158
2018-12-04,0.19351072908196754,0.136
2018-12-05,0.17793363281932423,0.174
2018-12-06,0.37931088714319566,0.162
2018-12-07,0.21674842245008685,0.265
2018-12-08,0.3117263725310134,0.232
2018-12-09,0.12866325700610368,0.182
2018-12-10,0.1027976078031691,0.149
2018-12-11,0.0935301584512162,0.142
2018-12-12,0.08711149785042656,0.136
2018-12-13,0.08203977832928235,0.134
2018-12-14,0.07794389147005493,0.133
2018-12-15,0.41547948091069387,0.199
2018-12-16,0.16961350963548272,0.196
2018-12-17,0.09743892917594849,0.156
2018-12-18,0.47236549023302477,0.349
2018-12-19,0.24420565748606413,0.275
2018-12-20,0.5286124164205384,0.267
2018-12-21,0.3112691544601461,1.019
2018-12-22,0.4270681448672953,0.318
2018-12-23,0.42420914984233293,0.9
2018-12-24,0.2129985639820493,0.329
2018-12-25,0.17103649381633879,0.208
2018-12-26,0.1500801209346369,0.182
2018-12-27,0.13407730425478878,0.166
2018-12-28,0.12173675459095987,0.152
2018-12-29,0.142158179751937,0.145
2018-12-30,0.11387510668742683,0.144
2018-12-31,0.10444641341849989,0.146
2019-01-01,0.09821910532019668,0.14
2019-01-02,0.09341273963417417,0.134
2019-01-03,0.08963234469950952,0.135
2019-01-04,0.08665260289540792,0.134
2019-01-05,0.08430453648396552,0.137
2019-01-06,0.08246018020432588,0.141
2019-01-07,0.08323779902737845,0.139
2019-01-08,0.08005551511972292,0.14
2019-01-09,0.0789484433948286,0.139
2019-01-10,0.07910573886147527,0.138
2019-01-11,0.0968107877484749,0.142
2019-01-12,0.08779287397854496,0.153
2019-01-13,0.08217718520064052,0.143
2019-01-14,0.07951000964308477,0.139
2019-01-15,0.0786054298525937,0.137
2019-01-16,0.14135990721131053,0.15
2019-01-17,0.08691570707693536,0.135
2019-01-18,0.18039420182006166,0.15
2019-01-19,0.09556362979015877,0.154
2019-01-20,0.0870409832661079,0.131
2019-01-21,0.2061601107488308,0.155
2019-01-22,0.14041012284961651,0.151
2019-01-23,0.10374754339929428,0.147
2019-01-24,0.11197054800220702,0.138
2019-01-25,0.09676073859288112,0.138
2019-01-26,0.2593085320812643,0.162
2019-01-27,0.12429733272586733,0.174
2019-01-28,0.10520459941861555,0.136
2019-01-29,0.26460490684888965,0.167
2019-01-30,0.13260818500902766,0.143
2019-01-31,0.11281254343003053,0.133
2019-02-01,0.1069928700844958,0.141
2019-02-02,0.09899566590071393,0.135
2019-02-03,0.42073201405814104,0.17
2019-02-04,0.1600089727959053,0.25
2019-02-05,0.19043038400386242,0.177
2019-02-06,0.4869952660163904,0.229
2019-02-07,0.26042200860083803,0.476
2019-02-08,0.222244813617326,0.289
2019-02-09,0.4295275851779465,0.215
2019-02-10,0.23430075438427866,0.325
2019-02-11,0.18576528494359634,0.192
2019-02-12,0.16431148983973093,0.154
2019-02-13,0.14893168898406203,0.155
2019-02-14,0.1369290092319153,0.144
2019-02-15,0.12738587056789874,0.169
2019-02-16,0.11984914835282141,0.158
2019-02-17,0.11487628222212154,0.149
2019-02-18,0.11047718925187323,0.146
2019-02-19,0.10698976599904193,0.147
2019-02-20,0.10296596121886795,0.152
2019-02-21,0.10040972088037649,0.147
2019-02-22,0.0985271012593965,0.134
2019-02-23,0.09709699617581283,0.133
2019-02-24,0.09598712687462106,0.141
2019-02-25,0.09507690354060548,0.138
2019-02-26,0.09435373698087557,0.134
2019-02-27,0.09376709718721109,0.136
2019-02-28,0.11318617044756578,0.14
2019-03-01,0.09698198266408867,0.142
2019-03-02,0.09684235189257477,0.139
2019-03-03,0.21623891497292608,0.174
2019-03-04,0.11119965254704942,0.139
2019-03-05,0.4463820170479941,0.369
2019-03-06,0.37920827587072087,0.494
2019-03-07,0.2218588161378136,0.213
2019-03-08,0.2520914242257886,0.186
2019-03-09,0.6718796266357551,0.225
2019-03-10,0.41990587857594386,0.88
2019-03-11,0.26383364241080404,0.271
2019-03-12,0.8100733041807944,0.741
2019-03-13,0.5976155461113221,0.449
2019-03-14,0.37049241273667644,0.37
2019-03-15,0.6036634224477931,0.268
2019-03-16,0.6256052510493875,0.544
2019-03-17,0.3878614418083037,0.382
2019-03-18,0.3306182801037668,0.249
2019-03-19,0.281571170520662,0.198
2019-03-20,0.24990825084432872,0.177
2019-03-21,0.22563930649787486,0.17
2019-03-22,0.2065446437221152,0.167
2019-03-23,0.19158567756801714,0.157
2019-03-24,0.18008376358216535,0.158
2019-03-25,0.17080012268839884,0.166
2019-03-26,0.1637221797525681,0.161
2019-03-27,0.15828027613349968,0.167
2019-03-28,0.15411172308372942,0.164
2019-03-29,0.15094613607366866,0.162
2019-03-30,0.1485658251731008,0.163
2019-03-31,0.14679459491524988,0.16
2019-04-01,0.1469475941328184,0.171
2019-04-02,0.1465795793042768,0.174
2019-04-03,0.14430075351901447,0.169
2019-04-04,0.14573135943520463,0.166
2019-04-05,0.1433427286069177,0.167
2019-04-06,0.14294128997823538,0.164
2019-04-07,0.1428177020870023,0.161
2019-04-08,0.14270322008106578,0.151
2019-04-09,0.14263473430559584,0.143
2019-04-10,0.14257667594008505,0.141
2019-04-11,0.14251394362122635,0.139
2019-04-12,0.14243637469220216,0.137
2019-04-13,0.14233757558179425,0.139
2019-04-14,0.14220894981901774,0.141
2019-04-15,0.14204965290152832,0.14
2019-04-16,0.14185602587466212,0.139
2019-04-17,0.1416263664035518,0.138
2019-04-18,0.14135952210045272,0.135
2019-04-19,0.14105517941511303,0.132
2019-04-20,0.14071274963294908,0.132
2019-04-21,0.14033304755333548,0.131
2019-04-22,0.13991650719280546,0.137
2019-04-23,0.13946389245206495,0.135
2019-04-24,0.1409528326428824,0.127
2019-04-25,0.28791188323292805,0.245
2019-04-26,0.23050407480914117,0.153
2019-04-27,0.22597836450745995,0.179
2019-04-28,0.16080086760675555,0.143
2019-04-29,0.15110406032383047,0.134
2019-04-30,0.1472438779301635,0.137
2019-05-01,0.1445425854533105,0.137
2019-05-02,0.24391612471276217,0.209
2019-05-03,0.15795992180813198,0.171
2019-05-04,0.14568897004168807,0.161
2019-05-05,0.1418701020735061,0.161
2019-05-06,0.13961302767150735,0.18
2019-05-07,0.1959466130844269,0.181
2019-05-08,0.2666370964482955,0.282
2019-05-09,0.19944300789625,0.209
2019-05-10,0.3694539997132218,0.31
2019-05-11,0.17782362121657988,0.183
2019-05-12,0.15262149136379097,0.162
2019-05-13,0.14582739222127203,0.148
2019-05-14,0.14152557824094972,0.147
2019-05-15,0.13805031114877198,0.138
2019-05-16,0.13520733663305246,0.148
2019-05-17,0.13309323348723584,0.165
2019-05-18,0.13067545501662445,0.168
2019-05-19,0.1285769158041697,0.159
2019-05-20,0.12705481542862704,0.147
2019-05-21,0.1253279245681845,0.136
2019-05-22,0.12390307536889292,0.136
2019-05-23,0.12259596122074239,0.125
2019-05-24,0.12136883037522009,0.121
2019-05-25,0.1202217112127356,0.118
2019-05-26,0.12095441253943726,0.119
2019-05-27,0.12056898838190094,0.122
2019-05-28,0.11859066098314265,0.117
2019-05-29,0.11709184783374475,0.114
2019-05-30,0.1149915226942114,0.112
2019-05-31,0.1138755820095937,0.108
2019-06-01,0.11286130046366159,0.102
2019-06-02,0.11456005438068621,0.112
2019-06-03,0.11128663201213759,0.109
2019-06-04,0.21006948353106517,0.139
2019-06-05,0.12605106251130394,0.113
2019-06-06,0.11568820917070194,0.103
2019-06-07,0.31191749990753415,0.127
2019-06-08,0.14475211906234906,0.15
2019-06-09,0.15309838457111716,0.122
2019-06-10,0.5676814678028386,0.732
2019-06-11,0.6361436653038753,2.055
2019-06-12,0.7912991352626266,2.616
2019-06-13,0.7241490370502726,2.121
2019-06-14,0.649787744657779,0.603
2019-06-15,0.6145113572725459,0.293
2019-06-16,0.5715013578736821,0.234
2019-06-17,0.5384319284583644,0.189
2019-06-18,0.31957830677018284,0.186
2019-06-19,0.2014204006520457,0.176
2019-06-20,0.175799230013552,0.166
2019-06-21,0.16242772352146675,0.163
2019-06-22,0.15262849731274955,0.159
2019-06-23,0.1467877797838435,0.156
2019-06-24,0.26519980940447596,0.16
2019-06-25,0.16255659709944192,0.201
2019-06-26,0.13933708418417595,0.153
2019-06-27,0.13305666950911796,0.139
2019-06-28,0.1291889109054379,0.136
2019-06-29,0.12618211762155493,0.14
2019-06-30,0.12375482969738029,0.141
2019-07-01,0.12177313302057044,0.123
2019-07-02,0.12014025598023666,0.12
2019-07-03,0.1187789281072993,0.119
2019-07-04,0.11762792348431421,0.122
2019-07-05,0.12164103063176775,0.122
2019-07-06,0.1177084910584176,0.14
2019-07-07,0.11518253715958462,0.119
2019-07-08,0.11489089214980233,0.113
2019-07-09,0.11426236167742947,0.11
2019-07-10,0.1134522318139372,0.106
2019-07-11,0.11659084435238105,0.111
2019-07-12,0.11225765803748851,0.105
2019-07-13,0.19363801302074948,0.145
2019-07-14,0.12504117541109533,0.114
2019-07-15,0.11674205541740332,0.105
2019-07-16,0.11442793437058048,0.092
2019-07-17,0.11457102837458588,0.091
2019-07-18,0.11173201690215354,0.089
2019-07-19,0.18746853811259528,0.108
2019-07-20,0.12805204741093992,0.1
2019-07-21,0.11564045293850858,0.091
2019-07-22,0.1125842378016745,0.085
2019-07-23,0.3007881788852674,0.107
2019-07-24,0.13890856436906188,0.109
2019-07-25,0.12004583180638188,0.083
2019-07-26,0.1180530539009966,0.086
2019-07-27,0.4713653183141341,0.155
2019-07-28,0.45676039687138537,0.178
2019-07-29,0.16796095626273055,0.111
2019-07-30,0.4796888966029126,0.147
2019-07-31,0.17972854402985455,0.145
2019-08-01,0.14101082121564418,0.097
2019-08-02,0.13064360774980716,0.091
2019-08-03,0.12435799805250713,0.089
2019-08-04,0.32476984257377983,0.15
2019-08-05,0.14679292576147804,0.112
2019-08-06,0.12495280239127154,0.098
2019-08-07,0.11834569522786846,0.091
2019-08-08,0.4739209190999639,0.234
2019-08-09,0.4419903130429955,0.21
2019-08-10,0.1727641540102395,0.128
2019-08-11,0.13814921294904023,0.109
2019-08-12,0.12687061789016577,0.096
2019-08-13,0.12223005410117693,0.093
2019-08-14,0.474610748507563,0.619
2019-08-15,0.30768438283779503,0.156
2019-08-16,0.5426155274354809,0.735
2019-08-17,0.20275547531201416,0.228
2019-08-18,0.15817994244359973,0.135
2019-08-19,0.14530062379153383,0.113
2019-08-20,0.13514368854476255,0.103
2019-08-21,0.12768557124781046,0.104
2019-08-22,0.1218553077398814,0.102
2019-08-23,0.11714503598501494,0.099
2019-08-24,0.11332095698546638,0.094
2019-08-25,0.11019610259770371,0.084
2019-08-26,0.10762501970698198,0.091
2019-08-27,0.1069246446342668,0.09
2019-08-28,0.14020440832435374,0.099
2019-08-29,0.11085400785792578,0.09
2019-08-30,0.1059148290314488,0.092
2019-08-31,0.1059205090833675,0.095
2019-09-01,0.10218783812785769,0.092
2019-09-02,0.10048371348046513,0.091
2019-09-03,0.10156056143414814,0.09
2019-09-04,0.10069272034734994,0.091
2019-09-05,0.09731236696587414,0.081
2019-09-06,0.09661628162873306,0.083
2019-09-07,0.09533897704565053,0.083
2019-09-08,0.09491773488452233,0.086
2019-09-09,0.09702695620009026,0.095
2019-09-10,0.09382089215188325,0.085
2019-09-11,0.09313775627372634,0.082
2019-09-12,0.09189970991442564,0.083
2019-09-13,0.09099034892590603,0.079
2019-09-14,0.090296988812044,0.076
2019-09-15,0.4255031765689044,0.138
2019-09-16,0.13754978275268576,0.115
2019-09-17,0.10637809878604279,0.089
2019-09-18,0.10029454186066741,0.086
2019-09-19,0.09710559426340892,0.08
2019-09-20,0.09460809141233638,0.084
2019-09-21,0.0956057998977134,0.084
2019-09-22,0.25726017488627323,0.146
2019-09-23,0.2592029242435904,0.104
2019-09-24,0.4741289588270205,0.249
2019-09-25,0.4067393268580046,0.139
2019-09-26,0.1675901582334342,0.152
2019-09-27,0.1444640679128061,0.121
2019-09-28,0.48757094283731217,0.601
2019-09-29,0.5073916179885335,0.836
2019-09-30,0.6036240663359586,1.363
2019-10-01,0.5520535495842905,1.114
2019-10-02,0.21753465245644515,0.266
2019-10-03,0.4321612914622913,0.255
2019-10-04,0.20330774018103814,0.266
2019-10-05,0.5601677388574746,0.605
2019-10-06,0.2504281608907788,0.835
2019-10-07,0.1854522792743502,0.262
2019-10-08,0.1571607728098027,0.207
2019-10-09,0.14419554825347922,0.18
2019-10-10,0.135271079315575,0.163
2019-10-11,0.23294795320202288,0.185
2019-10-12,0.32461478268944655,0.166
2019-10-13,0.256894504536247,0.529
2019-10-14,0.6230578200787893,1.572
2019-10-15,0.3477056773003514,0.94
2019-10-16,0.20671661101617414,0.339
2019-10-17,0.1825589370862271,0.245
2019-10-18,0.19103528905559275,0.226
2019-10-19,0.1646423185081041,0.211
2019-10-20,0.1797537184980797,0.192
2019-10-21,0.152466598891092,0.191
2019-10-22,0.14132193654319106,0.198
2019-10-23,0.21861551041390806,0.216
2019-10-24,0.3193524346092193,0.248
2019-10-25,0.8535638027244273,0.792
2019-10-26,0.8786584019744356,2.826
2019-10-27,0.6181337520938714,0.645
2019-10-28,0.3496713677482035,0.364
2019-10-29,0.29036173730850984,0.303
2019-10-30,0.2543161559680271,0.28
2019-10-31,0.528006103002015,0.281
2019-11-01,0.3912680555122134,0.398
2019-11-02,0.5295523919819013,0.645
2019-11-03,0.43299171652373053,0.391
2019-11-04,0.39331563793243873,0.378
2019-11-05,0.38592166365277264,0.398
2019-11-06,1.0995540644343669,0.605
2019-11-07,1.6253810128212542,3.692
2019-11-08,1.1695444167313203,2.089
2019-11-09,1.0365067528548886,0.662
2019-11-10,1.5273787427288876,0.834
2019-11-11,1.3275181806112366,2.026
2019-11-12,0.9245007935975168,1.01
2019-11-13,0.9377912358694872,0.579
2019-11-14,2.374121514217295,3.301
2019-11-15,1.699759095841108,1.538
2019-11-16,1.4198431698126615,0.777
2019-11-17,1.1522590451580477,0.674
2019-11-18,0.8848108315446425,0.584
2019-11-19,0.7621422654096636,0.516
2019-11-20,0.6681531832731004,0.48
2019-11-21,0.9823752512663716,0.475
2019-11-22,0.8580101717832215,0.549
2019-11-23,0.9686598462298602,0.705
2019-11-24,0.754165880065231,0.587
2019-11-25,1.0677333056681932,0.642
2019-11-26,1.092774099766494,0.656
2019-11-27,1.1762796651608023,0.894
2019-11-28,1.1158889783406776,0.955
2019-11-29,0.8310292389387127,0.567
2019-11-30,0.7410069373547203,0.477
2019-12-01,0.6718615594690651,0.447
2019-12-02,0.6251498298464567,0.419
2019-12-03,0.5844282023376326,0.407
2019-12-04,0.5577293693610358,0.398
2019-12-05,0.7030256056084948,0.397
2019-12-06,0.6865640502662949,0.424
2019-12-07,1.0204680678366185,0.434
2019-12-08,0.7137607571854975,0.478
2019-12-09,0.6939175881934639,0.384
2019-12-10,1.232047642332905,0.642
2019-12-11,0.9646047631203437,0.529
2019-12-12,1.7808238088384891,2.192
2019-12-13,1.1753092049367646,0.837
2019-12-14,1.285399273406146,0.597
2019-12-15,1.3231385485799254,0.781
2019-12-16,1.0005484768145032,0.557
2019-12-17,0.8989016605109756,0.471
2019-12-18,1.1978635868268002,0.488
2019-12-19,1.1843603164529162,0.729
2019-12-20,2.013670833384398,2.465
2019-12-21,1.4973450219913444,1.069
2019-12-22,1.1476875010796166,0.627
2019-12-23,1.262585842244996,0.521
2019-12-24,1.0414250440048753,0.523
2019-12-25,0.9396973376130142,0.459
2019-12-26,1.1743425745815983,0.543
2019-12-27,0.9388987456099714,0.472
2019-12-28,0.8670987785546364,0.447
2019-12-29,0.8225904546156352,0.432
2019-12-30,0.7888002320625175,0.415
2019-12-31,0.7626642400471129,0.399
2020-01-01,0.74249371873797,0.388
2020-01-02,0.7397582424198458,0.39
2020-01-03,0.7163027624283356,0.372
2020-01-04,0.706143596793026,0.364
2020-01-05,0.6991329800469409,0.362
2020-01-06,0.7024675941143571,0.356
2020-01-07,0.7400531346564513,0.359
2020-01-08,1.7193654490977315,0.894
2020-01-09,1.2314875565047145,0.793
2020-01-10,0.9749715711532402,0.422
2020-01-11,1.8913800033677275,0.855
2020-01-12,1.2986222600035873,1.099
2020-01-13,1.275745356423028,0.557
2020-01-14,1.5040279950569604,0.616
2020-01-15,1.152732971205185,0.502
2020-01-16,1.1264561108300235,0.447
2020-01-17,1.1617149693698914,0.436
2020-01-18,1.0133154326647125,0.394
2020-01-19,0.9518889734811381,0.373
2020-01-20,0.9094394348723106,0.368
2020-01-21,0.8762530004992599,0.366
2020-01-22,0.853204226218385,0.364
2020-01-23,0.8270508689563856,0.363
2020-01-24,0.8137199305209935,0.367
2020-01-25,0.7964160542182672,0.365
2020-01-26,1.133723391473024,0.431
2020-01-27,0.9107447830539468,0.391
2020-01-28,0.8563857382329197,0.362
2020-01-29,0.8430776881449583,0.352
2020-01-30,0.8130650678197511,0.345
2020-01-31,0.8122444128590988,0.354
2020-02-01,1.3278480987807335,0.371
2020-02-02,1.1697068889038373,0.47
2020-02-03,1.0173697548726237,0.376
2020-02-04,0.9372388048649155,0.335
2020-02-05,0.8958069279664618,0.32
2020-02-06,0.8660751837402897,0.326
2020-02-07,0.8827010461491532,0.332
2020-02-08,1.1699566991730495,0.337
2020-02-09,1.8841878046193121,1.509
2020-02-10,1.9663358004700913,1.024
2020-02-11,1.3542120384806517,0.537
2020-02-12,1.8439304267269965,0.548
2020-02-13,1.3361496927995125,0.697
2020-02-14,1.2087442917278504,0.448
2020-02-15,3.312045575461753,1.793
2020-02-16,2.576401826325193,3.068
2020-02-17,2.234039718303889,0.868
2020-02-18,2.190837432873479,0.717
2020-02-19,1.7474645098630437,0.622
2020-02-20,1.805895199525549,0.667
2020-02-21,1.7047415048021075,0.544
2020-02-22,2.577012161981191,0.925
2020-02-23,2.490332312390305,2.047
2020-02-24,1.9248421208609119,1.994
2020-02-25,1.8369675867061057,0.808
2020-02-26,1.7142606525685011,0.659
2020-02-27,1.5021171227751549,0.582
2020-02-28,2.4219929783105414,1.651
2020-02-29,1.78990658883863,1.339
2020-03-01,1.5109883189757427,0.676
2020-03-02,1.3781545264160806,0.581
2020-03-03,1.2955541104967787,0.52
2020-03-04,1.2260422559869153,0.496
2020-03-05,1.1740802396198553,0.485
2020-03-06,1.1326019701640988,0.464
2020-03-07,1.2440067957355971,0.473
2020-03-08,1.1387834079450248,0.467
2020-03-09,1.3451652625947645,0.473
2020-03-10,1.1675177493332223,0.456
2020-03-11,1.2586105788485258,0.456
2020-03-12,1.1647860999877608,0.438
2020-03-13,1.260236470407398,0.429
2020-03-14,1.3679563966631243,0.433
2020-03-15,1.266662398503495,0.491
2020-03-16,1.1718267246587561,0.411
2020-03-17,1.1459258784092845,0.399
2020-03-18,1.1323425591539984,0.4
2020-03-19,1.088340848076593,0.383
2020-03-20,1.0679392027938128,0.38
2020-03-21,1.0527882643625068,0.374
2020-03-22,1.0404869269867256,0.367
2020-03-23,1.03025078838432,0.359
2020-03-24,1.0215929341000396,0.355
2020-03-25,1.0141361881826356,0.347
2020-03-26,1.0076304042221003,0.336
2020-03-27,1.0016972721342026,0.331
2020-03-28,0.9962946355461283,0.323
2020-03-29,0.9912832764844741,0.318
2020-03-30,1.0113495032046833,0.325
2020-03-31,0.9870115341684331,0.322
2020-04-01,0.9799098617167497,0.322
2020-04-02,0.9745677558034682,0.323
2020-04-03,0.9694472757390088,0.312
2020-04-04,0.9643631821163995,0.303
2020-04-05,0.9597545496404853,0.3
2020-04-06,0.9541580120343909,0.288
2020-04-07,0.9488880420075456,0.283
2020-04-08,0.9435705559319751,0.276
2020-04-09,0.9381571129352856,0.27
2020-04-10,0.9326371867326145,0.267
2020-04-11,0.9270064259508904,0.266
2020-04-12,0.9346179044537574,0.266
2020-04-13,0.9201495986858852,0.253
2020-04-14,0.9126992798822539,0.245
2020-04-15,0.9059529206289237,0.244
2020-04-16,0.8992864665625364,0.242
2020-04-17,0.8940246482229068,0.237
2020-04-18,0.8867056992963449,0.236
2020-04-19,0.8792971391521417,0.248
2020-04-20,0.8724778024331384,0.239
2020-04-21,0.8656744667280133,0.228
2020-04-22,0.8588298445168916,0.22
2020-04-23,0.8519373532548464,0.217
2020-04-24,0.8449963571141621,0.215
2020-04-25,0.8380076531271808,0.215
2020-04-26,0.831062193454729,0.218
2020-04-27,0.8239319912080693,0.216
2020-04-28,1.018273811709,0.244
2020-04-29,0.8438403159852229,0.24
2020-04-30,0.818105869179522,0.229
2020-05-01,0.8055402702610545,0.219
2020-05-02,0.7948865718983393,0.207
2020-05-03,0.7862490354832993,0.202
2020-05-04,0.7779726596823479,0.198
2020-05-05,0.7699050497792522,0.194
2020-05-06,0.7619848285874948,0.191
2020-05-07,0.7541799472191197,0.188
2020-05-08,0.7464735400522808,0.191
2020-05-09,0.7438417678413237,0.19
2020-05-10,0.7317588948873238,0.203
2020-05-11,0.7237774504030493,0.189
2020-05-12,0.7162511591778361,0.192
2020-05-13,0.7088019501629215,0.183
2020-05-14,0.7013906058087016,0.18
2020-05-15,0.6940104037694453,0.178
2020-05-16,0.6866591444970946,0.178
2020-05-17,0.6793358316036028,0.177
2020-05-18,0.6720415152953481,0.177
2020-05-19,0.6648034168837011,0.175
2020-05-20,0.6575333515001416,0.175
2020-05-21,0.6518901962372062,0.171
2020-05-22,0.6432847254386999,0.177
2020-05-23,0.6360659219682517,0.168
2020-05-24,0.6288701751699353,0.176
2020-05-25,0.621771417816919,0.173
2020-05-26,0.6147147081285675,0.172
2020-05-27,0.6076935547548991,0.17
2020-05-28,0.6007085085326137,0.168
2020-05-29,0.5937619016132508,0.178
2020-05-30,0.5868519059788236,0.178
2020-05-31,0.5799803916739187,0.171
2020-06-01,0.5731503911092989,0.167
2020-06-02,0.5674650097242394,0.163
2020-06-03,0.5620184936550591,0.162
2020-06-04,0.608846581596925,0.173
2020-06-05,0.5612131473745102,0.184
2020-06-06,0.5521732730933911,0.171
2020-06-07,0.5394135983706041,0.172
2020-06-08,0.5307407570288403,0.163
2020-06-09,0.5267208784075624,0.162
2020-06-10,0.6115710673571784,0.176
2020-06-11,0.6443952924778388,0.224
2020-06-12,0.5323295771973365,0.171
2020-06-13,0.5120096965144921,0.163
2020-06-14,0.8401867599200404,0.289
2020-06-15,0.6503915332038992,0.22
2020-06-16,0.5252838480911417,0.175
2020-06-17,0.7690130887012807,0.177
2020-06-18,0.8262313103569218,0.349
2020-06-19,0.5379510224350508,0.185
2020-06-20,0.5440376767758778,0.178
2020-06-21,0.49208025418148105,0.179
2020-06-22,0.47506100969347975,0.161
2020-06-23,0.4635658674727776,0.154
2020-06-24,0.453649122410505,0.15
2020-06-25,0.44473070929890496,0.152
2020-06-26,0.4414728010017623,0.159
2020-06-27,0.4318769066808465,0.16
2020-06-28,0.42458264553338,0.156
2020-06-29,0.4157571754929998,0.154
2020-06-30,0.4094568945283609,0.153
2020-07-01,0.4071980084464802,0.156
2020-07-02,0.39856054073545694,0.167
2020-07-03,0.3929756037105792,0.159
2020-07-04,0.38704746216842034,0.159
2020-07-05,0.38261823930596545,0.15
2020-07-06,0.37646779749956516,0.143
2020-07-07,0.6994899213555891,0.185
2020-07-08,0.7557659426058737,0.236
2020-07-09,0.613297876385177,0.238
2020-07-10,0.5244593557625024,0.245
2020-07-11,0.40315609340758946,0.185
2020-07-12,0.38100820204748337,0.175
2020-07-13,0.3696845504973433,0.174
2020-07-14,0.36073367559793246,0.17
2020-07-15,0.3524845636778903,0.174
2020-07-16,0.3451263665546091,0.169
2020-07-17,0.33852045277405685,0.156
2020-07-18,0.3651927948504137,0.162
2020-07-19,0.33502502613820806,0.157
2020-07-20,0.3264560373051469,0.148
2020-07-21,0.320397028703407,0.149
2020-07-22,0.31496694856062485,0.151
2020-07-23,0.31086037823955337,0.15
2020-07-24,0.3079687937225201,0.152
2020-07-25,0.5090156010451056,0.22
2020-07-26,0.3321276079758526,0.163
2020-07-27,0.30871648572839017,0.173
2020-07-28,0.2971204472992593,0.153
2020-07-29,0.29100756922109644,0.145
2020-07-30,0.28579888656174957,0.147
2020-07-31,0.2857886685647433,0.153
2020-08-01,0.27695866004286684,0.146
2020-08-02,0.27227032066246254,0.143
2020-08-03,0.2681624931050157,0.141
2020-08-04,0.2643745388018643,0.115
2020-08-05,0.2605092001135044,0.112
2020-08-06,0.2574986739896295,0.109
2020-08-07,0.25319673109702984,0.109
2020-08-08,0.24963652180032334,0.106
2020-08-09,0.24619347942564404,0.105
2020-08-10,0.24283475650861677,0.109
2020-08-11,0.23962379133082184,0.111
2020-08-12,0.23629934725489846,0.11
2020-08-13,0.23310874819199612,0.11
2020-08-14,0.22993726771891884,0.108
2020-08-15,0.2918726260614289,0.113
2020-08-16,0.5865441894720781,0.188
2020-08-17,0.3467549065875884,0.134
2020-08-18,0.25373301795958236,0.125
2020-08-19,0.4717158100616487,0.17
2020-08-20,0.2628080298978944,0.116
2020-08-21,0.23575700852154682,0.107
2020-08-22,0.343019336160237,0.117
2020-08-23,0.2418877905404335,0.109
2020-08-24,0.5801894312826015,0.181
2020-08-25,0.5068443045643395,0.335
2020-08-26,0.25975325711757147,0.124
2020-08-27,0.40680518002718397,0.15
2020-08-28,0.6338160402997779,0.469
2020-08-29,0.35880372489806417,0.155
2020-08-30,0.25493835277310717,0.12
2020-08-31,0.23369667812242242,0.115
2020-09-01,0.22224661147121752,0.114
2020-09-02,0.30979507724285377,0.12
2020-09-03,0.2217087508914187,0.12
2020-09-04,0.20637771328614302,0.112
2020-09-05,0.1990546243675823,0.109
2020-09-06,0.1936865783843627,0.11
2020-09-07,0.18905437601890365,0.11
2020-09-08,0.1842050658426472,0.112
2020-09-09,0.18037005278226687,0.11
2020-09-10,0.1769805991785223,0.105
2020-09-11,0.17449703588904422,0.094
2020-09-12,0.1711621499152049,0.094
2020-09-13,0.16850938665831383,0.095
2020-09-14,0.1660675736046663,0.1
2020-09-15,0.16377672069843105,0.099
2020-09-16,0.1615727084847088,0.095
2020-09-17,0.15946757378631737,0.09
2020-09-18,0.15743606644872735,0.088
2020-09-19,0.15546501573442867,0.09
2020-09-20,0.15354442561333795,0.088
2020-09-21,0.15166513311095317,0.088
2020-09-22,0.15063103651765236,0.088
2020-09-23,0.22936434283185353,0.104
2020-09-24,0.1921306256195634,0.108
2020-09-25,0.1577978414499922,0.089
2020-09-26,0.15092102438533317,0.086
2020-09-27,0.1474326519975582,0.083
2020-09-28,0.14783293934566366,0.086
2020-09-29,0.14226898680368688,0.085
2020-09-30,0.2659989832728134,0.114
2020-10-01,0.1566602346275798,0.098
2020-10-02,0.26219669774388704,0.102
2020-10-03,0.5156316406734138,0.295
2020-10-04,0.3774905364456393,0.134
2020-10-05,0.20855600098849658,0.115
2020-10-06,0.1632193452798658,0.106
2020-10-07,0.4887402038890716,0.136
2020-10-08,0.19321427603583566,0.157
2020-10-09,0.1593177367605518,0.11
2020-10-10,0.28125489973736784,0.136
2020-10-11,0.16510600545423723,0.112
2020-10-12,0.15342398955908698,0.11
2020-10-13,0.14281955094260435,0.112
2020-10-14,0.1367946675671738,0.102
2020-10-15,0.1327276330085951,0.097
2020-10-16,0.12880323916751935,0.1
2020-10-17,0.12514781100836025,0.102
2020-10-18,0.12209101207663528,0.104
2020-10-19,0.1754037747734956,0.111
2020-10-20,0.12793854931590526,0.116
2020-10-21,0.2651626516168245,0.14
2020-10-22,0.13779839326594917,0.124
2020-10-23,0.12267230179405736,0.114
2020-10-24,0.47834274895197126,0.966
2020-10-25,0.4638222824503676,0.242
2020-10-26,0.19662378975631192,0.154
2020-10-27,0.31835812806885766,0.197
2020-10-28,0.16283539374878744,0.158
2020-10-29,0.18618529733873537,0.143
2020-10-30,0.14172983524945842,0.13
2020-10-31,0.25170511330085477,0.145
2020-11-01,0.29391832480525204,0.14
2020-11-02,0.18070917477510917,0.153
2020-11-03,0.145559080192998,0.132
2020-11-04,0.13385514190595477,0.114
2020-11-05,0.12735691371542568,0.109
2020-11-06,0.12138205908593995,0.113
2020-11-07,0.11778294698663057,0.116
2020-11-08,0.2083321003622119,0.124
2020-11-09,0.12885883802775333,0.124
2020-11-10,0.11553025300860771,0.119
2020-11-11,0.12740330989168777,0.119
2020-11-12,0.13902785826387515,0.119
2020-11-13,0.11681630046127699,0.119
2020-11-14,0.1316545821956698,0.122
2020-11-15,0.1627995017095695,0.13
2020-11-16,0.11874573139176242,0.125
2020-11-17,0.1089485612514985,0.115
2020-11-18,0.14955876520395353,0.118
2020-11-19,0.11150828012771204,0.117
2020-11-20,0.16814190383109223,0.127
2020-11-21,0.15308263653073964,0.125
2020-11-22,0.11224695245818934,0.121
2020-11-23,0.10513517025707382,0.124
2020-11-24,0.10434134203492527,0.125
2020-11-25,0.12471221951475012,0.129
2020-11-26,0.10204930337056613,0.141
2020-11-27,0.09756375190665911,0.122
2020-11-28,0.10094201385410717,0.12
2020-11-29,0.10310832581594254,0.12
2020-11-30,0.09532796872608622,0.123
2020-12-01,0.09224678251912811,0.127
2020-12-02,0.11906559416264272,0.133
2020-12-03,0.33993405875254384,0.193
2020-12-04,0.5450671438097682,1.026
2020-12-05,0.3773871173028697,0.424
2020-12-06,0.17377035374318323,0.222
2020-12-07,0.14152481028264677,0.181
2020-12-08,0.3060334200850554,0.19
2020-12-09,0.16186683521673353,0.186
2020-12-10,0.34220631711461075,0.198
2020-12-11,0.2060761780499586,0.241
2020-12-12,0.22940744854238768,0.203
2020-12-13,0.5747166051059169,0.803
2020-12-14,0.2521822564390957,0.366
2020-12-15,0.19784489446524875,0.225
2020-12-16,0.27622454517964046,0.2
2020-12-17,0.316794833397724,0.208
2020-12-18,0.4676638321658939,0.31
2020-12-19,0.24595753263991524,0.29
2020-12-20,0.3313550499924188,0.219
2020-12-21,0.5990367513387652,0.515
2020-12-22,0.6611634158930172,0.599
2020-12-23,1.1708886297405496,2.675
2020-12-24,0.8343158477226517,0.836
2020-12-25,0.4613686294213645,0.378
2020-12-26,1.186654859399737,0.918
2020-12-27,0.6896001209830596,1.144
2020-12-28,0.57577671398318,0.418
2020-12-29,0.6433200443853266,0.433
2020-12-30,0.4436352024702882,0.338
2020-12-31,0.3836126135531031,0.295
2021-01-01,0.33882072623507486,0.28
2021-01-02,0.5423080397885862,0.291
2021-01-03,0.4454028806785397,0.311
2021-01-04,0.3462056690098159,0.304
2021-01-05,0.3040965821338182,0.291
2021-01-06,0.2747641321638359,0.275
2021-01-07,0.2601400653009273,0.265
2021-01-08,0.24140095765172132,0.256
2021-01-09,0.2283628645304246,0.247
2021-01-10,0.2199892992374227,0.247
2021-01-11,0.6152935579774945,0.287
2021-01-12,0.339134387929586,0.284
2021-01-13,1.4118952665180329,1.015
2021-01-14,1.473811628948076,2.494
2021-01-15,1.640556291268499,1.014
2021-01-16,1.3540130316672132,1.722
2021-01-17,0.8510242702892706,0.637
2021-01-18,1.7018208414163274,0.668
2021-01-19,1.6648611213278495,1.343
2021-01-20,1.771027724069514,1.549
2021-01-21,1.1164909625738109,1.167
2021-01-22,0.9237544879819322,0.617
2021-01-23,1.0669768461035802,0.515
2021-01-24,0.872180292024294,0.458
2021-01-25,0.7272543231417021,0.409
2021-01-26,1.024133520728362,0.499
2021-01-27,2.0959444038001687,1.091
2021-01-28,1.9748608436869297,2.728
2021-01-29,1.4410812336559229,1.46
2021-01-30,1.0586730149482513,0.666
2021-01-31,0.9145662346715088,0.537
2021-02-01,1.9310495347201257,0.638
2021-02-02,2.0463800586604077,2.822
2021-02-03,1.492112018612389,1.199
2021-02-04,1.7490747837248226,0.922
2021-02-05,1.526990170038721,0.867
2021-02-06,2.166023277916697,1.855
2021-02-07,1.504881199045398,1.144
2021-02-08,1.333304492694953,0.669
2021-02-09,1.1365447971470826,0.57
2021-02-10,1.0162110797757546,0.458
2021-02-11,0.9273462236242624,0.426
2021-02-12,0.8613128639622054,0.403
2021-02-13,0.8106248959327319,0.393
2021-02-14,1.2150096275964537,0.462
2021-02-15,1.0044588907403278,0.467
2021-02-16,0.961591711630404,0.443
2021-02-17,0.9472699365866122,0.432
2021-02-18,1.0445715278909333,0.453
2021-02-19,0.9051528317491555,0.397
2021-02-20,0.8395331595028611,0.382
2021-02-21,0.821379349358668,0.354
2021-02-22,0.8423176173484257,0.353
2021-02-23,0.7918385551593042,0.341
2021-02-24,0.7707600186372656,0.322
2021-02-25,0.7563361760565515,0.306
2021-02-26,0.7452218123862794,0.298
2021-02-27,0.7373892515315386,0.29
2021-02-28,0.732456746082613,0.286
2021-03-01,0.7279168746522636,0.28
2021-03-02,0.7251300363672666,0.274
2021-03-03,0.7246679294500368,0.269
2021-03-04,0.724059945093393,0.271
2021-03-05,0.7216553924129298,0.265
2021-03-06,0.7210948308642088,0.257
2021-03-07,0.7209798308405129,0.259
2021-03-08,0.735127938223469,0.252
2021-03-09,0.976340873428516,0.279
2021-03-10,1.0672214493877328,0.335
2021-03-11,1.1187188695398969,0.351
2021-03-12,1.2662143022417034,0.354
2021-03-13,1.0377694575882759,0.358
2021-03-14,1.0132093382281762,0.291
2021-03-15,0.9376554569160559,0.269
2021-03-16,0.8907907144189237,0.258
2021-03-17,0.8533801819554615,0.245
2021-03-18,0.8356413776284531,0.242
2021-03-19,0.8109742965086835,0.242
2021-03-20,0.792495194731928,0.238
2021-03-21,0.7791146255439999,0.238
2021-03-22,0.768239471847807,0.235
2021-03-23,0.7591524878254793,0.233
2021-03-24,0.7514496287716835,0.235
2021-03-25,0.7450304386877349,0.233
2021-03-26,0.7886358438653861,0.242
2021-03-27,0.742490932395401,0.224
2021-03-28,0.7333030166779932,0.222
2021-03-29,0.727466178749149,0.214
2021-03-30,0.7226556666227718,0.213
2021-03-31,0.7181840017461266,0.203
2021-04-01,0.7139015497134666,0.196
2021-04-02,0.7097378647380252,0.203
2021-04-03,0.7056424336665613,0.201
2021-04-04,0.7016030081212208,0.2
2021-04-05,0.6975149366881446,0.191
2021-04-06,0.6935872000999275,0.189
2021-04-07,0.6893134534146088,0.189
2021-04-08,0.686782893525152,0.189
2021-04-09,0.6813628837354796,0.188
2021-04-10,0.6769227136242981,0.186
2021-04-11,0.6726232470831605,0.181
2021-04-12,0.6678069782284779,0.171
2021-04-13,0.6632629728369643,0.153
2021-04-14,0.6586747498753562,0.151
2021-04-15,0.6540652635906111,0.147
2021-04-16,0.6493025864776938,0.149
2021-04-17,0.6445142446682077,0.149
2021-04-18,0.6396683106801895,0.151
2021-04-19,0.6347631411327281,0.155
2021-04-20,0.6298174434317105,0.154
2021-04-21,0.6247920043684478,0.14
2021-04-22,0.6197297256428858,0.137
2021-04-23,0.6146232614079488,0.141
2021-04-24,0.609474993649416,0.139
2021-04-25,0.6042881986930584,0.137
2021-04-26,0.5990667538165804,0.139
2021-04-27,0.6108449566129243,0.145
2021-04-28,0.5941071556853763,0.138
2021-04-29,0.5884278000746929,0.137
2021-04-30,0.5813097966001327,0.136
2021-05-01,0.5753880884881185,0.137
2021-05-02,0.5693712353980681,0.133
2021-05-03,0.9204606221770752,0.249
2021-05-04,0.933048088558112,0.181
2021-05-05,0.6161364352827017,0.152
2021-05-06,0.5779230524437078,0.141
2021-05-07,0.9026985077454962,0.145
2021-05-08,0.8491297489750571,0.398
2021-05-09,0.5976046743668821,0.185
2021-05-10,0.5661653183218264,0.158
2021-05-11,0.7214518338191456,0.208
2021-05-12,0.5665999839380333,0.165
2021-05-13,0.5395809181097923,0.147
2021-05-14,0.5279875981211252,0.142
2021-05-15,0.5480481444576666,0.158
2021-05-16,0.5201194007325175,0.147
2021-05-17,0.5378305076401712,0.15
2021-05-18,0.5065889770107385,0.134
2021-05-19,0.4961521126338083,0.132
2021-05-20,0.7335705117693786,0.168
2021-05-21,0.8132333732372786,0.272
2021-05-22,0.5308835854276399,0.182
2021-05-23,0.6046267000361536,0.179
2021-05-24,0.5526506158567426,0.17
2021-05-25,0.4949437937672952,0.152
2021-05-26,0.5003532003149003,0.157
2021-05-27,0.47314351939587185,0.145
2021-05-28,0.4619107839718892,0.135
2021-05-29,0.45310755468356556,0.132
2021-05-30,0.4452646821526888,0.123
2021-05-31,0.43810505636444824,0.125
2021-06-01,0.43148371399635627,0.13
2021-06-02,0.4263582588905394,0.126
2021-06-03,0.4195584988890155,0.121
2021-06-04,0.41391038775557965,0.128
2021-06-05,0.40858495232415915,0.13
2021-06-06,0.4038135040009818,0.131
2021-06-07,0.3985635994426775,0.132
2021-06-08,0.3936041966349571,0.127
2021-06-09,0.38884562113382865,0.128
2021-06-10,0.3841844644841287,0.125
2021-06-11,0.37960170865097914,0.126
2021-06-12,0.3750855439137923,0.122
2021-06-13,0.37062774365279244,0.121
2021-06-14,0.3662216091002273,0.12
2021-06-15,0.36186239142210436,0.122
2021-06-16,0.36042651731463116,0.121
2021-06-17,0.35795579764062174,0.135
2021-06-18,0.5745734204081049,0.173
2021-06-19,0.383247421020573,0.149
2021-06-20,0.35427259481829426,0.153
2021-06-21,0.3466673869739364,0.157
2021-06-22,0.33999876871301116,0.152
2021-06-23,0.3345336335903482,0.14
2021-06-24,0.33505811346905356,0.14
2021-06-25,0.32912030962138966,0.161
2021-06-26,0.3204141817357717,0.149
2021-06-27,0.31564121537113216,0.155
2021-06-28,0.3480432343514,0.159
2021-06-29,0.3159623915203905,0.161
2021-06-30,0.3080231329422075,0.151
2021-07-01,0.3028811709322264,0.149
2021-07-02,0.2992164747433577,0.147
2021-07-03,0.2978366106106048,0.203
2021-07-04,0.5642169751142215,0.19
2021-07-05,0.5383745964649836,0.212
2021-07-06,0.33115124290883113,0.178
2021-07-07,0.3427875358416242,0.178
2021-07-08,0.30113744458089137,0.157
2021-07-09,0.2948934534888724,0.168
2021-07-10,0.2831383871024147,0.158
2021-07-11,0.2832970243683402,0.163
2021-07-12,0.2734702949268994,0.169
2021-07-13,0.2658841386773396,0.163
2021-07-14,0.2609357689886471,0.159
2021-07-15,0.25653674286643113,0.159
2021-07-16,0.25243051994641946,0.154
2021-07-17,0.2485491139377174,0.153
2021-07-18,0.24485160120433028,0.152
2021-07-19,0.24130513362345743,0.148
2021-07-20,0.24104160212581194,0.143
2021-07-21,0.2348724659550122,0.136
2021-07-22,0.23157889470517165,0.124
2021-07-23,0.22822533271393522,0.127
2021-07-24,0.22512710915962703,0.135
2021-07-25,0.22210552609621126,0.137
2021-07-26,0.22037073642463678,0.133
2021-07-27,0.2196142811443255,0.152
2021-07-28,0.32666732824173533,0.176
2021-07-29,0.2936481636126131,0.163
2021-07-30,0.373302275703101,0.205
2021-07-31,0.2417024061015838,0.16
2021-08-01,0.2217727880253169,0.148
2021-08-02,0.2143124576090901,0.136
2021-08-03,0.2093297155776402,0.136
2021-08-04,0.20425974058506796,0.137
2021-08-05,0.4532173237549218,0.2
2021-08-06,0.2382079500346651,0.174
2021-08-07,0.2101507763666855,0.154
2021-08-08,0.47249653481429515,0.258
2021-08-09,0.2351830834659542,0.158
2021-08-10,0.2050318311730758,0.139
2021-08-11,0.19661513389089985,0.137
2021-08-12,0.19087961267464149,0.133
2021-08-13,0.18605352074848852,0.129
2021-08-14,0.18182873989988474,0.122
2021-08-15,0.17851976484443702,0.125
2021-08-16,0.1756201301774059,0.124
2021-08-17,0.17151738181062723,0.11
2021-08-18,0.16848937783139054,0.107
2021-08-19,0.16604798199561382,0.102
2021-08-20,0.16337765209447153,0.096
2021-08-21,0.16361336852390826,0.103
2021-08-22,0.16153401261180705,0.106
2021-08-23,0.15669413554245054,0.097
2021-08-24,0.15401612322649597,0.089
2021-08-25,0.15181306223425084,0.089
2021-08-26,0.14976789323402803,0.093
2021-08-27,0.14771381103069714,0.093
2021-08-28,0.14572822072989033,0.09
2021-08-29,0.14377968248001313,0.086
2021-08-30,0.1422514301825483,0.089
2021-08-31,0.14035327138090384,0.089
2021-09-01,0.13815326458662594,0.086
2021-09-02,0.13628407392645397,0.083
2021-09-03,0.13447148876529016,0.089
2021-09-04,0.13267713968970193,0.089
2021-09-05,0.13090936982033596,0.09
2021-09-06,0.12915846467939848,0.088
2021-09-07,0.12742801689879726,0.091
2021-09-08,0.12584531526778092,0.092
2021-09-09,0.12557006659507064,0.09
2021-09-10,0.12335852411280232,0.097
2021-09-11,0.12079302206710847,0.099
2021-09-12,0.11995972189871942,0.103
2021-09-13,0.11791648309706514,0.1
2021-09-14,0.4469262364607522,0.156
2021-09-15,0.16168590902206975,0.111
2021-09-16,0.1301043221056542,0.106
2021-09-17,0.12329032663944217,0.106
2021-09-18,0.11969488685953024,0.105
2021-09-19,0.11914347112783673,0.11
2021-09-20,0.11351840952418317,0.104
2021-09-21,0.11070237712536764,0.099
2021-09-22,0.10838085186501972,0.096
2021-09-23,0.10626098713179391,0.099
2021-09-24,0.10431648689111388,0.107
2021-09-25,0.10251468313116684,0.111
2021-09-26,0.3154945731626928,0.113
2021-09-27,0.13027668625898928,0.154
2021-09-28,0.44247890669733775,0.155
2021-09-29,0.15333531515572585,0.131
2021-09-30,0.4524983257311937,0.203
2021-10-01,0.1574448140874452,0.186
2021-10-02,0.3920581413511045,0.255
2021-10-03,0.15574314595393485,0.16
2021-10-04,0.5066046505744404,0.639
2021-10-05,0.4872762315689764,0.339
2021-10-06,0.17125976966984444,0.162
2021-10-07,0.13192720360754667,0.147
2021-10-08,0.1207580454650911,0.155
2021-10-09,0.11359834923921716,0.153
2021-10-10,0.10790853365059058,0.144
2021-10-11,0.10324470200691055,0.139
2021-10-12,0.10301452268198903,0.145
2021-10-13,0.09648499707063686,0.142
2021-10-14,0.09504958778816106,0.144
2021-10-15,0.09123382231139764,0.153
2021-10-16,0.09027931992608342,0.147
2021-10-17,0.08811122960603193,0.151
2021-10-18,0.1478763556378117,0.153
2021-10-19,0.13462265987293484,0.18
2021-10-20,0.09495448053575008,0.167
2021-10-21,0.088465810548472,0.148
2021-10-22,0.08594118986533138,0.147
2021-10-23,0.08395597969782258,0.145
2021-10-24,0.08537514785539908,0.148
2021-10-25,0.08132400080481643,0.136
2021-10-26,0.07956039484241596,0.137
2021-10-27,0.07832582407410826,0.143
2021-10-28,0.10700839329211263,0.145
2021-10-29,0.17038619824535225,0.154
2021-10-30,0.3131573078491132,0.255
2021-10-31,0.4668524572641591,0.525
2021-11-01,0.2679170336046207,0.192
2021-11-02,0.12696756836406595,0.16
2021-11-03,0.10635551374563842,0.15
2021-11-04,0.09747188036756875,0.153
2021-11-05,0.09190304329914194,0.151
2021-11-06,0.08803155693696862,0.157
2021-11-07,0.08396258267607273,0.154
2021-11-08,0.0811617819850759,0.155
2021-11-09,0.07854433102371623,0.151
2021-11-10,0.07651985151822813,0.156
2021-11-11,0.07477973821413707,0.164
2021-11-12,0.07430365228497016,0.164
2021-11-13,0.07188273338117558,0.178
2021-11-14,0.07061634766815553,0.165
2021-11-15,0.06977891549173207,0.163
2021-11-16,0.06876157773076028,0.16
2021-11-17,0.06778115200830914,0.167
2021-11-18,0.06696961206136538,0.172
2021-11-19,0.0662183644818458,0.191
2021-11-20,0.06551024248070728,0.166
2021-11-21,0.06482930851770223,0.157
2021-11-22,0.06416978313398986,0.154
2021-11-23,0.0635301255314593,0.154
2021-11-24,0.06290529481275303,0.161
2021-11-25,0.1037153415165006,0.158
2021-11-26,0.4169398862909059,0.283
2021-11-27,0.31968818195781,0.325
2021-11-28,0.132837165127741,0.198
2021-11-29,0.08560747824078266,0.191
2021-11-30,0.07800778155004895,0.193
2021-12-01,0.10892617400498965,0.208
2021-12-02,0.11031801136699396,0.186
2021-12-03,0.09842906937752835,0.204
2021-12-04,0.22863265687831033,0.233
2021-12-05,0.09511835355954323,0.205
2021-12-06,0.24988959223095591,0.243
2021-12-07,0.22879238493353696,0.252
2021-12-08,0.4251116344059439,0.463
2021-12-09,0.269440056094651,0.425
2021-12-10,0.12846521569428673,0.28
2021-12-11,0.13229345763704384,0.224
2021-12-12,0.10392138769976485,0.197
2021-12-13,0.2512548021571767,0.224
2021-12-14,0.11517268265697518,0.219
2021-12-15,0.0946562714489778,0.194
2021-12-16,0.08677004318999919,0.188
2021-12-17,0.09470302986076314,0.186
2021-12-18,0.08120091269856371,0.189
2021-12-19,0.07982977136570359,0.191
2021-12-20,0.07350900168559656,0.163
2021-12-21,0.07048015459492239,0.156
2021-12-22,0.13149893471620916,0.161
2021-12-23,0.09016284162476618,0.164
2021-12-24,0.2545865672664999,0.187
2021-12-25,0.49460844473701104,0.469
2021-12-26,0.25249417718033496,0.889
2021-12-27,0.4412537630448905,0.291
2021-12-28,0.2857351404094049,0.802
2021-12-29,0.2906055863899233,0.405
2021-12-30,0.18132775255314632,0.271
2021-12-31,0.14792697681902373,0.223
2022-01-01,0.4955324577800452,0.254
2022-01-02,0.36837437113188537,0.45
2022-01-03,0.21707382344292547,0.339
2022-01-04,0.1753747853169184,0.248
2022-01-05,0.15407806337668792,0.212
2022-01-06,0.29188386375770464,0.225
2022-01-07,0.232308671916912,0.21
2022-01-08,0.4381917278167407,0.312
2022-01-09,0.21750197255082834,0.268
2022-01-10,0.21199241769415755,0.225
2022-01-11,0.1704449380669275,0.208
2022-01-12,0.15097959503241568,0.194
2022-01-13,0.1383184894740242,0.189
2022-01-14,0.12833995572897397,0.191
2022-01-15,0.12067036022949858,0.197
2022-01-16,0.11420956285446837,0.193
2022-01-17,0.10965986977775091,0.183
2022-01-18,0.10575370377912079,0.188
2022-01-19,0.10321046274087116,0.181
2022-01-20,0.10062391202682237,0.184
2022-01-21,0.09893721839894831,0.184
2022-01-22,0.0978664076629274,0.18
2022-01-23,0.09678311166424355,0.179
2022-01-24,0.09608388885004326,0.181
2022-01-25,0.09558364040972128,0.178
2022-01-26,0.09530037620528048,0.176
2022-01-27,0.09501213341765882,0.184
2022-01-28,0.0947663667973745,0.176
2022-01-29,0.09462168370660885,0.173
2022-01-30,0.14439678384133384,0.181
2022-01-31,0.10201320063956405,0.194
2022-02-01,0.09736842572053256,0.19
2022-02-02,0.09637765200175875,0.177
2022-02-03,0.23269829466098726,0.192
2022-02-04,0.12853962260007218,0.191
2022-02-05,0.3828214007097698,0.22
2022-02-06,0.14891028716605348,0.25
2022-02-07,0.11405126773900391,0.19
2022-02-08,0.10954345617157839,0.183
2022-02-09,0.10545926879077425,0.178
2022-02-10,0.10232959688937797,0.181
2022-02-11,0.10057843414571224,0.17
2022-02-12,0.1231107653581588,0.194
2022-02-13,0.20098394160252955,0.194
2022-02-14,0.22840087308590412,0.191
2022-02-15,0.28072759888720933,0.224
2022-02-16,0.2652693258809692,0.222
2022-02-17,0.7206275909975102,0.412
2022-02-18,0.5275577641148765,0.866
2022-02-19,0.8153168972395797,0.625
2022-02-20,1.1862800439444077,2.025
2022-02-21,0.6664676374210001,0.697
2022-02-22,0.4764822438535702,0.379
2022-02-23,0.5284000349844117,0.315
2022-02-24,0.3924899303276572,0.285
2022-02-25,0.32763568392772546,0.255
2022-02-26,0.28743527986961237,0.245
2022-02-27,0.27119200339365174,0.244
2022-02-28,0.7225930901275421,0.344
2022-03-01,0.408155683590418,0.304
2022-03-02,0.6100933233714132,0.406
2022-03-03,0.9545587108633881,0.475
2022-03-04,0.5226701203626328,1.037
2022-03-05,0.41574081115967154,0.406
2022-03-06,0.3554914682927273,0.342
2022-03-07,0.3171489732361403,0.326
2022-03-08,0.28791431378635407,0.312
2022-03-09,0.2650768485422894,0.305
2022-03-10,0.24727029152026286,0.3
2022-03-11,0.30780944695066526,0.313
2022-03-12,0.24587996928129854,0.309
2022-03-13,0.22958750650136742,0.304
2022-03-14,0.22017674378556237,0.284
2022-03-15,0.21328361236133375,0.29
2022-03-16,0.5510576145636,0.472
2022-03-17,0.3246078037922952,0.357
2022-03-18,0.22941660595047553,0.311
2022-03-19,0.21493635682769857,0.308
2022-03-20,0.21039624924989936,0.299
2022-03-21,0.20681001143872696,0.29
2022-03-22,0.20447784366466829,0.289
2022-03-23,0.2027814365647656,0.284
2022-03-24,0.20155690412422472,0.268
2022-03-25,0.20068354561217508,0.263
2022-03-26,0.20006727409355676,0.26
2022-03-27,0.19964152877563413,0.255
2022-03-28,0.1993584275774214,0.252
2022-03-29,0.19916494946683855,0.246
2022-03-30,0.2019527338418479,0.241
2022-03-31,0.20087234384896166,0.232
2022-04-01,0.20044677545785483,0.228
2022-04-02,0.1992566045120566,0.222
2022-04-03,0.3416193624495938,0.238
2022-04-04,0.2195721474327429,0.243
2022-04-05,0.20650686574040786,0.231
2022-04-06,0.32110665916187175,0.277
2022-04-07,0.22294083651844243,0.251
2022-04-08,0.20859147494488184,0.244
2022-04-09,0.205165197023322,0.231
2022-04-10,0.20311693401475514,0.223
2022-04-11,0.20195009185884172,0.224
2022-04-12,0.2016425502512748,0.226
2022-04-13,0.20064798504475018,0.229
2022-04-14,0.19757727527661703,0.223
2022-04-15,0.1962498430495718,0.198
2022-04-16,0.19513378934724068,0.196
2022-04-17,0.1941014277319251,0.191
2022-04-18,0.19302524832107867,0.196
2022-04-19,0.19202044925283013,0.18
2022-04-20,0.19094616704064635,0.174
2022-04-21,0.1898965104506707,0.167
2022-04-22,0.1888377569912178,0.163
2022-04-23,0.18776358890842948,0.16
2022-04-24,0.18667121332583694,0.154
2022-04-25,0.18558690337649808,0.157
2022-04-26,0.18442824429243898,0.154
2022-04-27,0.18327096563093956,0.169
2022-04-28,0.1820941642338075,0.162
2022-04-29,0.18089602230348065,0.161
2022-04-30,0.17975870188024232,0.163
2022-05-01,0.17844552715620593,0.168
2022-05-02,0.17750300014030934,0.166
2022-05-03,0.17807840754975054,0.165
2022-05-04,0.17581283710218334,0.16
2022-05-05,0.1734030645869794,0.157
2022-05-06,0.20171117539884512,0.163
2022-05-07,0.1779851889091244,0.158
2022-05-08,0.17363162153236342,0.15
2022-05-09,0.1715737563499032,0.142
2022-05-10,0.17342111904971738,0.138
2022-05-11,0.5012152408757388,0.307
2022-05-12,0.21468401554842031,0.155
2022-05-13,0.18251160928764365,0.15
2022-05-14,0.1753599899589778,0.149
2022-05-15,0.33633603489584996,0.174
2022-05-16,0.1951182930412348,0.163
2022-05-17,0.17923759219595997,0.16
2022-05-18,0.24688370830020917,0.171
2022-05-19,0.17951268194678083,0.151
2022-05-20,0.16949206845610765,0.147
2022-05-21,0.16435589702130138,0.148
2022-05-22,0.1607756970082724,0.147
2022-05-23,0.15874483405470372,0.145
2022-05-24,0.1557682481754879,0.139
2022-05-25,0.15281719763814347,0.134
2022-05-26,0.15327039354027183,0.137
2022-05-27,0.14862038312299522,0.131
2022-05-28,0.14648062011090315,0.13
2022-05-29,0.14577279222276873,0.128
2022-05-30,0.14571969335258236,0.133
2022-05-31,0.14302364741480975,0.129
2022-06-01,0.14024894210615949,0.131
2022-06-02,0.13832358259145403,0.134
2022-06-03,0.13679914617356678,0.13
2022-06-04,0.43436135086326866,0.15
2022-06-05,0.3295667516169059,0.268
2022-06-06,0.17220521300412495,0.146
2022-06-07,0.15499308606208204,0.136
2022-06-08,0.14728730348845623,0.14
2022-06-09,0.1415001196297348,0.131
2022-06-10,0.1377335722244838,0.126
2022-06-11,0.13465260131318924,0.125
2022-06-12,0.13185655631019166,0.12
2022-06-13,0.12941607271365568,0.113
2022-06-14,0.12722857731439802,0.111
2022-06-15,0.12523880048568425,0.108
2022-06-16,0.12340753878099235,0.104
2022-06-17,0.12171460955275713,0.105
2022-06-18,0.19467469985641084,0.119
2022-06-19,0.13281086785312615,0.112
2022-06-20,0.1242556314704463,0.105
2022-06-21,0.12109731455415561,0.102
2022-06-22,0.11871379012072951,0.097
2022-06-23,0.11672568712390084,0.097
2022-06-24,0.11474014162188244,0.098
2022-06-25,0.11320274306079474,0.095
2022-06-26,0.11167121941970379,0.09
2022-06-27,0.11360223781429159,0.096
2022-06-28,0.11422831407165074,0.095
2022-06-29,0.10753044698512791,0.097
2022-06-30,0.10773641764852612,0.095
2022-07-01,0.1064334521691299,0.099
2022-07-02,0.10642684573232326,0.1
2022-07-03,0.10220252155037181,0.095
2022-07-04,0.10068545143376727,0.087
2022-07-05,0.099475223804024,0.086
2022-07-06,0.09830914961141267,0.088
2022-07-07,0.09715971044098086,0.085
2022-07-08,0.09602426571244614,0.083
2022-07-09,0.09490121298362529,0.08
2022-07-10,0.09378961406209006,0.081
2022-07-11,0.09268694648030856,0.075
2022-07-12,0.0915952119526885,0.072
2022-07-13,0.0905102401447437,0.065
2022-07-14,0.08943515946324604,0.067
2022-07-15,0.0883675110404316,0.067
2022-07-16,0.08730830719847217,0.073
2022-07-17,0.08625744527388193,0.07
2022-07-18,0.08521372764272103,0.068
2022-07-19,0.08417813225704998,0.065
2022-07-20,0.08331372071513245,0.065
2022-07-21,0.08235389395266414,0.062
2022-07-22,0.08393152300594739,0.07
2022-07-23,0.08443694671027034,0.068
2022-07-24,0.08205409993025058,0.073
2022-07-25,0.07895903324720425,0.07
2022-07-26,0.07869134951594926,0.062
2022-07-27,0.08070243255588294,0.062
2022-07-28,0.07565376041473196,0.064
2022-07-29,0.0748593465941437,0.063
2022-07-30,0.26522376907706147,0.083
2022-07-31,0.10246701636212383,0.087
2022-08-01,0.08480703229782939,0.064
2022-08-02,0.07962690690726279,0.067
2022-08-03,0.07684191052475843,0.063
2022-08-04,0.07463438183129795,0.07
2022-08-05,0.07272750656187953,0.06
2022-08-06,0.07103806189591697,0.065
2022-08-07,0.06953232126344944,0.061
2022-08-08,0.06817138215122161,0.056
2022-08-09,0.06692663731543848,0.054
2022-08-10,0.06577646514334837,0.053
2022-08-11,0.0647030641131288,0.053
2022-08-12,0.06369230642615416,0.049
2022-08-13,0.0627329112403048,0.053
2022-08-14,0.061815865653710965,0.054
2022-08-15,0.06093593631821806,0.054
2022-08-16,0.4217268558542263,0.085
2022-08-17,0.2742522805143384,0.088
2022-08-18,0.10080271196369539,0.067
2022-08-19,0.07933309654686597,0.065
2022-08-20,0.07339320325834214,0.062
2022-08-21,0.06959539927995698,0.062
2022-08-22,0.07072479422793257,0.063
2022-08-23,0.06441508000522642,0.065
2022-08-24,0.06479418796452593,0.07
2022-08-25,0.06315337288900438,0.071
2022-08-26,0.05879547854758446,0.066
2022-08-27,0.057142901482420974,0.063
2022-08-28,0.05591350952641275,0.063
2022-08-29,0.05485261904259552,0.062
2022-08-30,0.0538747822915434,0.06
2022-08-31,0.05299071573469386,0.06
2022-09-01,0.05217663955596627,0.06
2022-09-02,0.05142134392791121,0.063
2022-09-03,0.05071668527319955,0.065
2022-09-04,0.1897417331804549,0.076
2022-09-05,0.20459241702405104,0.101
2022-09-06,0.08133056089452943,0.085
2022-09-07,0.06862760341457412,0.075
2022-09-08,0.06369490426168022,0.081
2022-09-09,0.05926372206033898,0.08
2022-09-10,0.05523402881407735,0.07
2022-09-11,0.05420773142742651,0.074
2022-09-12,0.05357895100539689,0.085
2022-09-13,0.05015852916451161,0.092
2022-09-14,0.04873949168754468,0.093
2022-09-15,0.04765319432661687,0.086
2022-09-16,0.046711712867181523,0.086
2022-09-17,0.04587441488940141,0.081
2022-09-18,0.04513516598588346,0.074
2022-09-19,0.04444203107721663,0.08
2022-09-20,0.04379427834706443,0.084
2022-09-21,0.043198568000632806,0.083
2022-09-22,0.05390216536646934,0.088
2022-09-23,0.04610883356462759,0.086
2022-09-24,0.04444100400530079,0.082
2022-09-25,0.04443509547663074,0.086
2022-09-26,0.04294308773925686,0.087
2022-09-27,0.04186898609264926,0.087
2022-09-28,0.04360885666791537,0.09
2022-09-29,0.043117960952320594,0.093
2022-09-30,0.37538891607900765,0.185
2022-10-01,0.0879634134455157,0.102
2022-10-02,0.0565589218886601,0.092
2022-10-03,0.05063139495317587,0.09
2022-10-04,0.049456348841895356,0.101
2022-10-05,0.1640666895410657,0.128
2022-10-06,0.061822967126152366,0.109
2022-10-07,0.2406402080084813,0.178
2022-10-08,0.07351194472335826,0.115
2022-10-09,0.08683448699232398,0.114
2022-10-10,0.055642504700812986,0.108
2022-10-11,0.04968384391797679,0.112
2022-10-12,0.04718443757956313,0.114
2022-10-13,0.04446643020755766,0.113
2022-10-14,0.22356744883784696,0.13
2022-10-15,0.08653356704693861,0.138
2022-10-16,0.14291851143837866,0.131
2022-10-17,0.06164828707569473,0.115
2022-10-18,0.05066409197253022,0.111
2022-10-19,0.4040117414638893,0.115
2022-10-20,0.5061447008848682,1.064
2022-10-21,0.496843752111934,0.349
2022-10-22,0.5087895969453455,0.167
2022-10-23,0.5658809897737813,0.795
2022-10-24,0.4929373090100976,0.23
2022-10-25,0.19711669952767957,0.165
2022-10-26,0.32346687050711004,0.152
2022-10-27,0.14609053424974186,0.191
2022-10-28,0.20915044987526496,0.154
2022-10-29,0.11920632317289694,0.183
2022-10-30,0.13048926020554746,0.163
2022-10-31,0.4780547625714735,0.493
2022-11-01,0.3120493470419839,0.302
2022-11-02,0.2203271172627662,0.198
2022-11-03,0.14172811027898274,0.172
2022-11-04,0.11944361553506572,0.157
2022-11-05,0.11095061529252685,0.154
2022-11-06,0.21734841573628097,0.189
2022-11-07,0.2892222205778859,0.209
2022-11-08,0.13973550492520975,0.187
2022-11-09,0.11338736714284411,0.165
2022-11-10,0.10191264969315941,0.151
2022-11-11,0.09401074202926968,0.149
2022-11-12,0.08795292251740444,0.152
2022-11-13,0.08320778938469907,0.154
2022-11-14,0.19991689949140407,0.155
2022-11-15,0.37015862726409887,0.413
2022-11-16,0.7569892826103981,0.522
2022-11-17,0.9381177507160448,2.028
2022-11-18,0.6943574511517786,0.63
2022-11-19,0.4898827062639465,0.282
2022-11-20,0.3209522578962109,0.253
2022-11-21,1.209465775443842,1.515
2022-11-22,1.0733177322886962,1.689
2022-11-23,0.9876568297560308,1.459
2022-11-24,0.9951775436936828,0.635
2022-11-25,0.5550924327375875,0.359
2022-11-26,0.8467066817465805,0.346
2022-11-27,0.5141765068020075,0.312
2022-11-28,0.41950753057368595,0.247
2022-11-29,0.36334398821177777,0.212
2022-11-30,0.32053949940002996,0.201
2022-12-01,0.2869455549694709,0.202
2022-12-02,0.2620675219052142,0.199
2022-12-03,0.43388563821496384,0.199
2022-12-04,0.37689236048658586,0.218
2022-12-05,0.29288464345594356,0.208
2022-12-06,0.2601253077667247,0.19
2022-12-07,0.2424222649966844,0.19
2022-12-08,0.2299371060671005,0.188
2022-12-09,0.2201386184012523,0.187
2022-12-10,0.21317053328936383,0.184
2022-12-11,0.2076692782335334,0.185
2022-12-12,0.20382274053181082,0.18
2022-12-13,0.20123342492199012,0.18
2022-12-14,0.19939149521413643,0.179
2022-12-15,0.19829547769230088,0.175
2022-12-16,0.19774082489758973,0.173
2022-12-17,0.20001207859834533,0.172
2022-12-18,0.5892639620920875,0.221
2022-12-19,0.9327538362076829,0.515
2022-12-20,0.4693770312961725,0.708
2022-12-21,0.37931152571833243,0.27
2022-12-22,0.4449021709518554,0.236
2022-12-23,1.0868166098295522,1.071
2022-12-24,0.5790514827778831,0.408
2022-12-25,0.4737225140411091,0.281
2022-12-26,0.4177860705575514,0.227
2022-12-27,0.9786702575054695,0.297
2022-12-28,1.0066041642513162,0.933
2022-12-29,0.6249305967535023,0.395
2022-12-30,1.0164163616873563,0.288
2022-12-31,1.0384972800908427,1.053
2023-01-01,0.7472750028300705,0.5
2023-01-02,0.6979475421236639,0.304
2023-01-03,1.2193528846951507,0.668
2023-01-04,0.7440752377971849,0.684
2023-01-05,0.8971105727143581,0.375
2023-01-06,0.7895932706910497,0.346
2023-01-07,1.099559096903682,0.897
2023-01-08,1.131071507086182,1.348
2023-01-09,1.284191299918788,0.583
2023-01-10,1.6771292130016362,2.351
2023-01-11,1.8229959230325197,1.546
2023-01-12,1.188926525439741,1.309
2023-01-13,1.9331088173409936,0.83
2023-01-14,1.244471736208677,1.892
2023-01-15,1.0245098591912778,0.799
2023-01-16,0.8881134051946403,0.58
2023-01-17,0.7982948699217087,0.405
2023-01-18,0.7269695821138366,0.365
2023-01-19,0.6670046776487688,0.347
2023-01-20,0.623192992629776,0.33
2023-01-21,0.5928297066345006,0.314
2023-01-22,0.5642520108673909,0.314
2023-01-23,0.5436826381005295,0.298
2023-01-24,0.5287746154124798,0.29
2023-01-25,0.5307604374529479,0.307
2023-01-26,0.5176421976132926,0.314
2023-01-27,0.5047706638497532,0.308
2023-01-28,0.4999595053178135,0.309
2023-01-29,0.5073695319883594,0.302
2023-01-30,0.49679247921697633,0.295
2023-01-31,0.49488205252599865,0.29
2023-02-01,0.4946588373026919,0.279
2023-02-02,0.4946255316361642,0.273
2023-02-03,0.4950726596037286,0.262
2023-02-04,0.49549083014457157,0.257
2023-02-05,0.49608844283684567,0.253
2023-02-06,0.49670463583910524,0.252
2023-02-07,0.49740667644903336,0.247
2023-02-08,0.49781005260474087,0.244
2023-02-09,0.49820966388985494,0.243
2023-02-10,0.4984987387306501,0.244
2023-02-11,0.4986582725684496,0.242
2023-02-12,0.49867597902183974,0.24
2023-02-13,0.49859230512435354,0.23
2023-02-14,0.4982643062357284,0.224
2023-02-15,0.5005289079990325,0.227
2023-02-16,0.49755917160855656,0.228
2023-02-17,0.4980338934370809,0.227
2023-02-18,0.49588698511843926,0.23
2023-02-19,0.4945555695376897,0.217
2023-02-20,0.49331784960503766,0.219
2023-02-21,0.4936874162810713,0.218
2023-02-22,0.5047641751489849,0.22
2023-02-23,0.49204561609349085,0.211
2023-02-24,0.4891308991354965,0.208
2023-02-25,0.487178170361896,0.219
2023-02-26,0.4846279356079724,0.204
2023-02-27,0.49114245875839635,0.196
2023-02-28,0.5092615109855223,0.199
2023-03-01,0.5058562712844658,0.198
2023-03-02,0.4825742757330887,0.192
2023-03-03,0.47707702965764004,0.187
2023-03-04,0.4734020991181335,0.187
2023-03-05,0.4703057487460971,0.189
2023-03-06,0.4668016019498042,0.189
2023-03-07,0.46342185150409865,0.184
2023-03-08,0.5282629410551224,0.186
2023-03-09,0.8471988648126562,0.374
2023-03-10,0.82600213700384,0.614
2023-03-11,0.9792559408582747,0.416
2023-03-12,0.8744162218776567,0.548
2023-03-13,1.1196015557667363,0.44
2023-03-14,0.9076251109889053,0.389
2023-03-15,0.9682947979415484,0.316
2023-03-16,0.7698034058262244,0.308
2023-03-17,0.7035046222105031,0.275
2023-03-18,0.9283016897270442,0.308
2023-03-19,0.7158461379725108,0.277
2023-03-20,1.043574800917856,0.3
2023-03-21,0.9088707466133128,0.321
2023-03-22,0.9969240770643213,0.315
2023-03-23,0.8572964968231537,0.299
2023-03-24,0.9041707571492827,0.284
2023-03-25,0.7662131903757258,0.261
2023-03-26,0.6780661743362237,0.256
2023-03-27,0.6368085285890555,0.243
2023-03-28,0.7708719162926395,0.267
2023-03-29,1.073309963155997,0.318
2023-03-30,1.3473908169789415,0.437
2023-03-31,1.1545751010893273,1.116
2023-04-01,0.8969574283669643,0.44
2023-04-02,0.781669743630677,0.335
2023-04-03,0.7160797641533668,0.299
2023-04-04,0.6675048460947884,0.289
2023-04-05,1.0117626816140195,0.314
2023-04-06,0.7192900685114304,0.313
2023-04-07,0.6535962017829093,0.288
2023-04-08,0.6175916529302873,0.279
2023-04-09,0.7550864414070967,0.292
2023-04-10,0.7976393839638349,0.338
2023-04-11,0.9453257035989373,0.347
2023-04-12,0.954935083352561,0.34
2023-04-13,0.7418729043557543,0.308
2023-04-14,1.3743818396211362,0.629
2023-04-15,0.8635166126990573,0.417
2023-04-16,0.7613097393535375,0.331
2023-04-17,0.705132410107127,0.273
2023-04-18,0.664373098479222,0.254
2023-04-19,0.6322420327899507,0.24
2023-04-20,0.7741905384339272,0.244
2023-04-21,0.6357752214982879,0.288
2023-04-22,0.8953262451461157,0.274
2023-04-23,0.6849988700341144,0.323
2023-04-24,0.6123033465745216,0.261
2023-04-25,0.5875734313756557,0.247
2023-04-26,0.5709767177661644,0.24
2023-04-27,0.7943108327453215,0.293
2023-04-28,0.583035762057568,0.267
2023-04-29,1.0502689429008818,1.289
2023-04-30,0.7077078293117426,0.663
2023-05-01,0.6306429092420455,0.338
2023-05-02,0.6020564776572975,0.276
2023-05-03,0.582284813684807,0.252
2023-05-04,0.5723010898137287,0.249
2023-05-05,0.5731072560545487,0.265
2023-05-06,0.567850176562999,0.267
2023-05-07,0.5455366705992173,0.247
2023-05-08,0.7403285282128571,0.309
2023-05-09,0.5677652203001211,0.287
2023-05-10,0.6352487611027122,0.292
2023-05-11,0.8915703970399804,1.044
2023-05-12,0.6291332588797665,0.343
2023-05-13,0.5844593086178065,0.267
2023-05-14,0.5642136726682542,0.264
2023-05-15,0.5507419652266609,0.261
2023-05-16,0.5367006781314315,0.254
2023-05-17,0.5261349909299747,0.256
2023-05-18,0.5173509998024244,0.25
2023-05-19,0.5098735210292822,0.249
2023-05-20,0.503357877425158,0.25
2023-05-21,0.49762962291796914,0.251
2023-05-22,0.4925107622783605,0.245
2023-05-23,0.487860007998896,0.243
2023-05-24,0.48366943257606343,0.23
2023-05-25,0.4795577955534455,0.226
2023-05-26,0.4757319786043542,0.22
2023-05-27,0.47206457632276294,0.218
2023-05-28,0.4685056396325557,0.213
2023-05-29,0.4650213421702878,0.211
2023-05-30,0.46240635176921613,0.207
2023-05-31,0.4582592358625205,0.207
2023-06-01,0.454794194869331,0.204
2023-06-02,0.4513961634331392,0.201
2023-06-03,0.44799769884612267,0.194
2023-06-04,0.4445870843872749,0.187
2023-06-05,0.44115914896878766,0.182
2023-06-06,0.43771080933768064,0.179
2023-06-07,0.434240185539195,0.179
2023-06-08,0.43074695436828137,0.178
2023-06-09,0.4272289307550734,0.176
2023-06-10,0.42368816044925284,0.172
2023-06-11,0.420153868543195,0.169
2023-06-12,0.6884350651238015,0.271
2023-06-13,0.4534685779187776,0.205
2023-06-14,0.42504636514107097,0.193
2023-06-15,0.41682796459197896,0.185
2023-06-16,0.4109759673384026,0.18
2023-06-17,0.4946678331827802,0.177
2023-06-18,0.7965541787576285,0.766
2023-06-19,0.7974985362762207,0.277
2023-06-20,0.8009789126604427,0.717
2023-06-21,0.4739269160182682,0.211
2023-06-22,0.4309095414931975,0.19
2023-06-23,0.4150395337981718,0.165
2023-06-24,0.40446988412788315,0.166
2023-06-25,0.39563332830600445,0.165
2023-06-26,0.38789198713523176,0.152
2023-06-27,0.3810545718154456,0.155
2023-06-28,0.37609604388459417,0.161
2023-06-29,0.36938197614150314,0.155
2023-06-30,0.3648580026828142,0.157
2023-07-01,0.35937557235880335,0.154
2023-07-02,0.3553856944563921,0.147
2023-07-03,0.36049533523604865,0.148
2023-07-04,0.34747523177982415,0.14
2023-07-05,0.34249691768509605,0.14
2023-07-06,0.3385420893301798,0.141
2023-07-07,0.33597186889060476,0.131
2023-07-08,0.6736211936961903,0.398
2023-07-09,0.3817126279511958,0.157
2023-07-10,0.35110267925254673,0.163
2023-07-11,0.5424252929001075,0.456
2023-07-12,0.3609543343290647,0.16
2023-07-13,0.3372474662686699,0.143
2023-07-14,0.5127525029419707,0.286
2023-07-15,0.35160165983446645,0.157
2023-07-16,0.33150704174111206,0.151
2023-07-17,0.3210937862502041,0.141
2023-07-18,0.35493573843159915,0.15
2023-07-19,0.3201445767464731,0.158
2023-07-20,0.30673838655437685,0.142
2023-07-21,0.34829755320573424,0.143
2023-07-22,0.6004104883093878,0.253
2023-07-23,0.716891146586096,0.976
2023-07-24,0.6649483297195065,0.566
2023-07-25,0.3573987614102224,0.18
2023-07-26,0.6936183375104192,0.393
2023-07-27,0.37195867448649483,0.287
2023-07-28,0.3274830622820816,0.177
2023-07-29,0.31188674619635387,0.158
2023-07-30,0.32346466150027775,0.159
2023-07-31,0.3008326428772696,0.165
2023-08-01,0.6297425843789589,0.404
2023-08-02,0.4821206188257382,0.806
2023-08-03,0.3244235087850451,0.212
2023-08-04,0.47967243748494587,0.178
2023-08-05,0.414879900943208,0.622
2023-08-06,0.3136778670011595,0.221
2023-08-07,0.29293733116455245,0.179
2023-08-08,0.2817533652453076,0.172
2023-08-09,0.2729340155997616,0.164
2023-08-10,0.26550189859382245,0.158
2023-08-11,0.2591335221883485,0.157
2023-08-12,0.25857828438020786,0.166
2023-08-13,0.3325835531661217,0.171
2023-08-14,0.260827575039405,0.176
2023-08-15,0.24747954808648573,0.16
2023-08-16,0.2420202855189594,0.151
2023-08-17,0.23776942362920273,0.145
2023-08-18,0.25796118912111404,0.156
2023-08-19,0.23714536488103535,0.147
2023-08-20,0.23147059816399396,0.141
2023-08-21,0.22945282688049917,0.144
2023-08-22,0.22437550300943795,0.143
2023-08-23,0.22130592348469197,0.149
2023-08-24,0.21808083944851378,0.143
2023-08-25,0.2171752199101372,0.146
2023-08-26,0.21427436169960304,0.148
2023-08-27,0.2104294075842338,0.147
2023-08-28,0.20763494309890507,0.147
2023-08-29,0.20602779085001094,0.15
2023-08-30,0.20358049368396228,0.152
2023-08-31,0.20286524960850308,0.141
2023-09-01,0.19855447664602796,0.137
2023-09-02,0.19613580814083395,0.132
2023-09-03,0.1939247025379714,0.133
2023-09-04,0.19175635522853693,0.124
2023-09-05,0.1896107075010473,0.123
2023-09-06,0.18748216787011357,0.122
2023-09-07,0.1853718725960222,0.118
2023-09-08,0.18327617161596693,0.131
2023-09-09,0.1812042800128386,0.128
2023-09-10,0.18074044070565123,0.132
2023-09-11,0.5249908139619558,0.191
2023-09-12,0.5206050388008235,0.488
2023-09-13,0.23252514980318062,0.152
2023-09-14,0.19982704736860013,0.147
2023-09-15,0.1888292273511521,0.147
2023-09-16,0.18293747089991336,0.141
2023-09-17,0.5299773153854455,0.382
2023-09-18,0.44416029984335575,0.708
2023-09-19,0.23710744159734784,0.211
2023-09-20,0.38752670943921086,0.502
2023-09-21,0.21309149957524323,0.212
2023-09-22,0.20775786301909896,0.192
2023-09-23,0.23114526201895091,0.171
2023-09-24,0.18579777739992373,0.18
2023-09-25,0.443749918532349,0.159
2023-09-26,0.21059330006204205,0.824
2023-09-27,0.17915522291395683,0.218
2023-09-28,0.23449804712509928,0.187
2023-09-29,0.17895116349430001,0.168
2023-09-30,0.2850954489714476,0.187
2023-10-01,0.21188461748271328,0.219
2023-10-02,0.30581941361537385,0.241
2023-10-03,0.19002945932318585,0.235
2023-10-04,0.17060050314887076,0.177
2023-10-05,0.1773439199974906,0.179
2023-10-06,0.16150367162421206,0.167
2023-10-07,0.15554518522473307,0.165
2023-10-08,0.15119701957264522,0.165
2023-10-09,0.14753562901348405,0.16
2023-10-10,0.14533831502307,0.171
2023-10-11,0.3158133724160189,0.279
2023-10-12,0.5293007327957604,0.588
2023-10-13,0.5378861032966451,1.972
2023-10-14,0.28360738909331873,0.457
2023-10-15,0.1798145984201445,0.244
2023-10-16,0.16236366174213354,0.227
2023-10-17,0.15449168673522928,0.222
2023-10-18,0.5566862138933067,1.212
2023-10-19,0.8103757475081586,1.858
2023-10-20,1.5341039405025751,4.942
2023-10-21,1.0428544528734298,2.889
2023-10-22,0.8999742263982381,1.076
2023-10-23,0.8751925454774049,0.684
2023-10-24,0.8323930148456712,0.702
2023-10-25,0.8509765417778586,0.485
2023-10-26,0.5910268382278967,0.626
2023-10-27,0.3841044126922452,0.463
2023-10-28,0.8163406436764776,1.042
2023-10-29,0.4653750117704005,0.675
2023-10-30,1.0883460136681093,1.932
2023-10-31,0.7929646305683481,1.117
2023-11-01,0.9726599451723309,1.168
2023-11-02,1.0541014122774535,2.096
2023-11-03,0.658248430383883,0.958
2023-11-04,1.1592806586236897,1.68
2023-11-05,0.6907372183472913,0.974
2023-11-06,0.5689964659217992,0.581
2023-11-07,0.7524355788488499,0.49
2023-11-08,0.5891869485549124,0.562
2023-11-09,0.4955306770739974,0.49
2023-11-10,0.4407280264131881,0.449
2023-11-11,0.4051221174805676,0.418
2023-11-12,0.756554551171519,0.442
2023-11-13,0.6482764010749235,0.599
2023-11-14,0.4872932647150606,0.447
2023-11-15,0.4304041539917767,0.404
2023-11-16,0.3999958040691764,0.394
2023-11-17,1.0647453203507997,0.591
2023-11-18,0.5816879457148728,0.864
2023-11-19,0.502953251104336,0.479
2023-11-20,0.5013184073938826,0.42
2023-11-21,0.4520130551267849,0.389
2023-11-22,0.41218622403024224,0.376
2023-11-23,0.40301502541861595,0.368
2023-11-24,0.3745018269118643,0.358
2023-11-25,0.36046517847284565,0.348
2023-11-26,1.2776452058008765,0.628
2023-11-27,1.2846980498489584,2.493
2023-11-28,0.8062952230228406,0.739
2023-11-29,0.6451529844451033,0.484
2023-11-30,0.5753583922557577,0.433
2023-12-01,0.5281304141761758,0.4
2023-12-02,0.5300025894836099,0.384
2023-12-03,2.020744149481116,0.847
2023-12-04,2.602762960691546,4.18
2023-12-05,1.833394201626894,2.916
2023-12-06,1.7735894501013634,1.141
2023-12-07,2.4147576131916524,2.604
2023-12-08,2.194215051712831,1.917
2023-12-09,2.0932746242701934,2.748
2023-12-10,1.6596960504066478,1.601
2023-12-11,2.12207814824222,1.198
2023-12-12,1.974700131961257,2.183
2023-12-13,1.421884727030405,1.423
2023-12-14,1.2112987337317291,0.878
2023-12-15,1.0754057899289815,0.684
2023-12-16,0.9723079375879358,0.616
2023-12-17,0.8926784931786405,0.588
2023-12-18,1.247765127417473,0.582
2023-12-19,0.9486234370553068,0.627
2023-12-20,0.8672165224893369,0.562
2023-12-21,0.9144730127196667,0.529
2023-12-22,0.8316612446721037,0.498
2023-12-23,0.9181863798568963,0.489
2023-12-24,0.8086114481530511,0.49
2023-12-25,0.8075014134085186,0.461
2023-12-26,1.9826416269200742,0.633
2023-12-27,2.1013460254289904,3.279
2023-12-28,2.0727024666311884,2.584
2023-12-29,1.6340706102561642,1.013
2023-12-30,2.463804038511411,1.377
2023-12-31,2.390584918120106,2.281
