date,simulation,observation
2000-01-01,74.03954715596277,2.56
2000-01-02,77.73021249825071,0.529
2000-01-03,76.88503480626815,0.419
2000-01-04,75.10523370523165,0.677
2000-01-05,73.57704423460652,0.411
2000-01-06,72.09687058132086,0.305
2000-01-07,70.65343340623527,0.244
2000-01-08,69.2327934712521,0.215
2000-01-09,67.84530083197768,0.172
2000-01-10,66.48643749187771,0.146
2000-01-11,65.15507193638138,0.142
2000-01-12,63.87016914952817,0.142
2000-01-13,62.60087184392708,0.163
2000-01-14,61.33172802203094,0.14
2000-01-15,60.101096306020345,0.126
2000-01-16,58.89743657549643,0.125
2000-01-17,57.718175532726434,0.122
2000-01-18,56.56327881434169,0.126
2000-01-19,55.43256551661378,0.121
2000-01-20,54.321989539507044,0.118
2000-01-21,53.263619642991344,0.121
2000-01-22,52.221746878175104,0.133
2000-01-23,51.143189348053,0.127
2000-01-24,50.114527897405786,0.121
2000-01-25,49.11032331340453,0.12
2000-01-26,48.12673952339603,0.116
2000-01-27,47.163291965253535,0.113
2000-01-28,46.304760656276024,0.118
2000-01-29,45.31231930613933,0.143
2000-01-30,44.398329980848445,0.121
2000-01-31,43.50838129400543,0.123
2000-02-01,43.217295654520115,0.251
2000-02-02,41.87689758929269,0.797
2000-02-03,40.99640575630907,0.248
2000-02-04,40.16497026874129,0.195
2000-02-05,39.35479744742627,0.18
2000-02-06,38.632628267679934,0.175
2000-02-07,37.998985902217505,0.297
2000-02-08,37.110320599541865,0.302
2000-02-09,36.325877799996036,0.248
2000-02-10,35.735833685629046,0.344
2000-02-11,34.91010607745011,0.249
2000-02-12,34.370584338264266,0.483
2000-02-13,33.526837991959226,0.331
2000-02-14,32.894030028603005,0.267
2000-02-15,32.24627072255609,0.287
2000-02-16,31.563743727606603,0.311
2000-02-17,30.92487730911057,0.23
2000-02-18,30.296936038427795,0.248
2000-02-19,29.67885175316269,0.205
2000-02-20,29.085586647358696,0.164
2000-02-21,28.496539490638554,0.151
2000-02-22,27.923609491764772,0.14
2000-02-23,27.363659200619043,0.129
2000-02-24,27.593592953190356,1.83
2000-02-25,26.739081910866947,8.8
2000-02-26,25.86316435065114,2.18
2000-02-27,25.373911254668158,0.492
2000-02-28,24.812741355000362,0.427
2000-02-29,24.604362944336646,0.84
2000-03-01,23.90209054073664,1.51
2000-03-02,23.68217294811288,0.682
2000-03-03,22.93644215739859,7.21
2000-03-04,22.43930204119958,6.56
2000-03-05,21.978099578517387,2.11
2000-03-06,21.530288101867075,0.303
2000-03-07,21.09357534420973,0.228
2000-03-08,20.667144769745047,0.198
2000-03-09,20.250534754938585,0.197
2000-03-10,19.843266494699197,0.176
2000-03-11,19.444923856919942,0.152
2000-03-12,19.055187562991694,0.131
2000-03-13,18.67374642340027,0.124
2000-03-14,18.300343930177554,0.114
2000-03-15,17.934674530775084,0.105
2000-03-16,17.57657712093903,0.105
2000-03-17,17.225827913341924,0.103
2000-03-18,16.882235670799105,0.096
2000-03-19,16.545624710245132,0.092
2000-03-20,16.215826426754024,0.097
2000-03-21,15.892684977239494,0.099
2000-03-22,15.57603696162817,0.102
2000-03-23,15.269758871720848,0.097
2000-03-24,14.962118348730021,0.111
2000-03-25,14.677304865470532,0.121
2000-03-26,14.374819274262252,0.113
2000-03-27,14.087983376371833,0.104
2000-03-28,13.810061159634726,0.094
2000-03-29,13.5334942357994,0.11
2000-03-30,13.261795670469663,0.103
2000-03-31,12.997544445194416,0.095
2000-04-01,12.75891644496053,0.112
2000-04-02,12.941960956782776,0.176
2000-04-03,12.739567227953634,0.566
2000-04-04,12.381789801083134,7.56
2000-04-05,11.829508139783723,6.42
2000-04-06,11.563939601347897,0.401
2000-04-07,11.325338242419672,0.252
2000-04-08,11.275911132673384,0.231
2000-04-09,10.892985878809329,0.255
2000-04-10,10.65983971482766,0.175
2000-04-11,10.689540273949259,0.289
2000-04-12,10.665230213087806,0.541
2000-04-13,10.29926493229145,4.25
2000-04-14,10.296001216860557,3.63
2000-04-15,9.78536885500382,8.99
2000-04-16,9.54065718903253,5.78
2000-04-17,9.514072976112107,2.28
2000-04-18,9.263361266403809,2.63
2000-04-19,8.96983478939802,3.27
2000-04-20,8.847523491934329,2.2
2000-04-21,8.60291720582695,1.4
2000-04-22,8.413908667849551,0.453
2000-04-23,8.238648346261387,0.291
2000-04-24,8.081307375336785,0.242
2000-04-25,8.455897244906044,0.337
2000-04-26,7.8144567933859825,4.8
2000-04-27,7.6151107591163125,1.01
2000-04-28,7.801015611121933,2.29
2000-04-29,7.353657752156179,9.45
2000-04-30,7.3553968946641595,9.67
2000-05-01,7.058710160209575,9.98
2000-05-02,6.899969952014203,8.21
2000-05-03,6.755565988257386,3.66
2000-05-04,6.616250544900364,0.642
2000-05-05,6.4810307104673015,0.249
2000-05-06,6.350250913512912,0.216
2000-05-07,6.221758548995353,0.185
2000-05-08,6.096690499068877,0.166
2000-05-09,5.974378536074469,0.152
2000-05-10,5.893974499174608,0.143
2000-05-11,5.973058335104544,0.531
2000-05-12,5.650099251792905,0.265
2000-05-13,5.521475741470361,0.191
2000-05-14,5.410133805840984,0.154
2000-05-15,5.301719639799662,0.146
2000-05-16,5.196162622046385,0.124
2000-05-17,5.0951224800822015,0.111
2000-05-18,5.180660964827906,0.312
2000-05-19,4.9144613192454525,0.334
2000-05-20,5.001978575079477,0.215
2000-05-21,4.727369222789002,0.42
2000-05-22,4.617452884559711,0.24
2000-05-23,4.526313847395069,0.182
2000-05-24,4.82357039259912,0.384
2000-05-25,4.381870846841478,0.69
2000-05-26,4.866906069031026,4.79
2000-05-27,4.9865778771091716,9.7
2000-05-28,4.889875757282017,9.75
2000-05-29,4.543019171673882,9.79
2000-05-30,4.0704781984300125,6.47
2000-05-31,3.9512229381033217,1.04
2000-06-01,3.853493236754628,0.366
2000-06-02,3.765913243524893,0.274
2000-06-03,3.6830865168573506,0.223
2000-06-04,3.603848196252786,0.183
2000-06-05,3.527729561671853,0.163
2000-06-06,3.4559756609337056,0.174
2000-06-07,3.3834787572309244,0.155
2000-06-08,3.3146170654512384,0.136
2000-06-09,3.2483785301287704,0.132
2000-06-10,3.1828369091713125,0.111
2000-06-11,3.1194802512476283,0.094
2000-06-12,3.0577090075315847,0.088
2000-06-13,2.997399690256557,0.086
2000-06-14,2.9384707284944263,0.089
2000-06-15,2.880847165041956,0.092
2000-06-16,2.8244760507157616,0.091
2000-06-17,2.769304778805045,0.081
2000-06-18,2.71528814777351,0.071
2000-06-19,2.662386507794725,0.065
2000-06-20,2.6940741331290607,0.098
2000-06-21,2.5697098624692787,0.144
2000-06-22,2.514030065123382,0.101
2000-06-23,2.464070316786358,0.09
2000-06-24,2.415732276644533,0.074
2000-06-25,2.368473432961946,0.065
2000-06-26,2.3222341036513745,0.065
2000-06-27,2.2769475372431045,0.066
2000-06-28,2.2326131531677316,0.067
2000-06-29,2.2741684386574867,0.068
2000-06-30,2.1566339145194813,0.083
2000-07-01,2.108753646969924,0.095
2000-07-02,2.1737092624402634,0.086
2000-07-03,2.049790147075614,0.121
2000-07-04,2.413329722372644,0.165
2000-07-05,1.9933989827753518,0.214
2000-07-06,1.9254547471984778,0.125
2000-07-07,1.88379964269264,0.1
2000-07-08,1.9705271445072123,0.134
2000-07-09,2.406730460691972,0.599
2000-07-10,2.3916078164356733,1.93
2000-07-11,1.8227594161626803,1.98
2000-07-12,1.7841210019061156,0.303
2000-07-13,1.6953268373048112,0.187
2000-07-14,1.6548231033257814,0.187
2000-07-15,1.61926406038314,0.132
2000-07-16,1.5853782324469188,0.104
2000-07-17,1.5527298017952769,0.095
2000-07-18,1.5211696611734449,0.086
2000-07-19,1.4905778482501517,0.084
2000-07-20,1.4608626635778648,0.082
2000-07-21,1.4319484817997357,0.074
2000-07-22,1.4038413327711121,0.072
2000-07-23,1.3763368901726782,0.066
2000-07-24,1.3494508762260948,0.074
2000-07-25,1.323213034049214,0.086
2000-07-26,1.297557552021142,0.071
2000-07-27,1.2724552232269777,0.064
2000-07-28,1.2483710409593651,0.063
2000-07-29,1.2264843949050304,0.085
2000-07-30,1.2003957312210232,0.148
2000-07-31,1.1771518532662675,0.082
2000-08-01,1.1545121154767808,0.072
2000-08-02,1.1339615676704247,0.07
2000-08-03,1.1305797532749462,0.092
2000-08-04,1.0907387168512357,0.13
2000-08-05,1.068459856151832,0.093
2000-08-06,1.0478544837007042,0.07
2000-08-07,1.0277808965735753,0.065
2000-08-08,1.3669441319506543,0.082
2000-08-09,1.0162476138130252,0.098
2000-08-10,0.9718742911876062,0.102
2000-08-11,0.9513207932816474,0.098
2000-08-12,0.9329257174134311,0.089
2000-08-13,0.9150400395303074,0.069
2000-08-14,0.8974719424137138,0.063
2000-08-15,0.8802675977777635,0.064
2000-08-16,0.8635250396995968,0.065
2000-08-17,0.8478858323657744,0.064
2000-08-18,0.8325486394925458,0.071
2000-08-19,0.8147653910766347,0.073
2000-08-20,0.7992033524517562,0.068
2000-08-21,0.7837165176417166,0.07
2000-08-22,0.768676402907219,0.074
2000-08-23,0.7539347576879296,0.068
2000-08-24,0.7394746642191773,0.06
2000-08-25,0.7253280215959381,0.058
2000-08-26,0.7114277853549488,0.056
2000-08-27,0.6980938180684123,0.056
2000-08-28,1.162323928765309,0.11
2000-08-29,0.7137304645358999,0.09
2000-08-30,0.6676456575864549,0.071
2000-08-31,0.8153141888650919,0.072
2000-09-01,0.6559651462088714,0.109
2000-09-02,0.629966444463241,0.121
2000-09-03,0.6157556639938342,0.086
2000-09-04,0.6028969434720817,0.072
2000-09-05,0.5907973259475672,0.061
2000-09-06,0.5786802264289904,0.055
2000-09-07,0.5670624906614081,0.054
2000-09-08,0.5841951050871392,0.055
2000-09-09,0.5498786107309809,0.112
2000-09-10,0.5371188016669272,0.108
2000-09-11,0.5261020330288033,0.082
2000-09-12,0.5155226752383504,0.07
2000-09-13,0.505264803376076,0.06
2000-09-14,0.4958571437064924,0.055
2000-09-15,1.0685943179996367,0.407
2000-09-16,1.0493169954262507,1.39
2000-09-17,0.5231981718321774,0.274
2000-09-18,1.039152519259013,0.227
2000-09-19,1.0772936569774676,6.16
2000-09-20,0.7361020547496091,5.8
2000-09-21,0.4771110644307343,1.04
2000-09-22,0.4459561061005379,0.274
2000-09-23,0.43291883525023944,0.208
2000-09-24,0.48671154715896464,0.209
2000-09-25,0.5786534892738122,0.267
2000-09-26,0.42474228224511434,0.321
2000-09-27,0.4852278261907065,0.231
2000-09-28,0.4023979531815959,0.26
2000-09-29,0.38651805955443175,0.256
2000-09-30,0.37667023236605673,0.214
2000-10-01,0.3840639449312718,0.187
2000-10-02,0.36283236326358204,0.206
2000-10-03,0.35394793722972295,0.179
2000-10-04,0.34643696310183464,0.141
2000-10-05,0.33985224261533886,0.124
2000-10-06,0.33266572405572276,0.118
2000-10-07,0.7695761974877542,0.224
2000-10-08,0.35846865339923395,0.385
2000-10-09,0.917065583766385,3.28
2000-10-10,0.9473969255836839,9.0
2000-10-11,0.9926000734295158,8.7
2000-10-12,0.9079408112949191,9.71
2000-10-13,0.3810389036425889,3.15
2000-10-14,0.332495626202093,0.482
2000-10-15,0.39675793224642214,0.305
2000-10-16,0.44377548337496286,0.721
2000-10-17,0.41238595445616627,1.03
2000-10-18,0.500974721340466,0.828
2000-10-19,0.32559334183388156,3.18
2000-10-20,0.9545359866712411,5.31
2000-10-21,0.4642966751930597,9.59
2000-10-22,0.3291336880897759,6.87
2000-10-23,0.31063173638540537,1.81
2000-10-24,0.28927711452139954,1.02
2000-10-25,0.27688470302328316,0.425
2000-10-26,0.38289037466877646,0.281
2000-10-27,0.4178492976323393,0.304
2000-10-28,0.6105050258810083,3.53
2000-10-29,1.2510563212231258,10.1
2000-10-30,1.1245676577438737,10.0
2000-10-31,0.9846368175547072,9.97
2000-11-01,0.4494490161842456,8.91
2000-11-02,1.201026939487771,9.09
2000-11-03,0.515844834419474,8.96
2000-11-04,0.4222223977838108,2.42
2000-11-05,1.3037345570619467,3.08
2000-11-06,1.222051426859622,10.1
2000-11-07,0.7778429430697776,10.0
2000-11-08,0.5294191535296932,9.11
2000-11-09,0.46226893634429234,3.22
2000-11-10,0.4230445479432427,0.891
2000-11-11,0.728203199568347,0.667
2000-11-12,0.4247374391963285,1.62
2000-11-13,0.37278067740811005,0.945
2000-11-14,0.3435093956037894,0.578
2000-11-15,0.7345041852923618,0.392
2000-11-16,0.3948487133661958,7.32
2000-11-17,0.3372507319276702,9.75
2000-11-18,0.3729499366180703,3.78
2000-11-19,0.5991351617649389,5.85
2000-11-20,0.36644220026659474,7.26
2000-11-21,0.5133151928362292,3.5
2000-11-22,0.44907322199120175,2.89
2000-11-23,0.5688439500134127,4.0
2000-11-24,0.3979284456006203,3.27
2000-11-25,0.6333765802481631,2.79
2000-11-26,0.3898377268973262,3.56
2000-11-27,1.197136204506831,3.51
2000-11-28,0.559169290260489,9.49
2000-11-29,0.4291253636814928,7.84
2000-11-30,0.9555668512268709,2.16
2000-12-01,0.9410969874678389,8.31
2000-12-02,0.5314665194329585,7.33
2000-12-03,0.550169512359479,1.95
2000-12-04,0.5938961031352009,1.15
2000-12-05,0.45294277331909555,0.916
2000-12-06,0.4131349953619742,0.639
2000-12-07,1.0541849575219537,3.36
2000-12-08,0.671101066089065,9.28
2000-12-09,0.6802462764339324,6.4
2000-12-10,1.1808598440706595,9.21
2000-12-11,0.7073408257572282,8.92
2000-12-12,1.0381914362366218,6.45
2000-12-13,0.6193828348194644,8.48
2000-12-14,0.5423274928167817,2.38
2000-12-15,0.4867840846682234,0.898
2000-12-16,0.4501292380105737,0.558
2000-12-17,0.4252459364222889,0.463
2000-12-18,0.7934242537286279,0.61
2000-12-19,0.47404840165871115,2.19
2000-12-20,0.42453194351243645,1.35
2000-12-21,0.4015925050479475,0.718
2000-12-22,0.38463212711054895,0.503
2000-12-23,0.6098316296729982,0.438
2000-12-24,1.1004149759701602,5.79
2000-12-25,0.5446759519246742,9.84
2000-12-26,0.47145913904049663,4.96
2000-12-27,0.5047190538153998,1.49
2000-12-28,0.438715029087812,1.07
2000-12-29,0.4150552021023368,0.474
2000-12-30,0.3984019669367657,0.311
2000-12-31,0.6662636232900708,0.455
2001-01-01,0.5301101566971961,5.49
2001-01-02,0.7031527349269698,6.15
2001-01-03,0.9595771156642269,3.16
2001-01-04,1.2159506923693717,9.3
2001-01-05,0.7694206477017445,9.81
2001-01-06,0.6154699476938601,7.95
2001-01-07,0.5509109251639043,2.42
2001-01-08,0.5106893240868549,0.804
2001-01-09,0.4800327691990259,0.557
2001-01-10,0.456180381918109,0.479
2001-01-11,0.4365402732824281,0.359
2001-01-12,0.42124370484926027,0.302
2001-01-13,0.40912351626371496,0.276
2001-01-14,0.3994842629941465,0.259
2001-01-15,0.3917780821204728,0.243
2001-01-16,0.38562159579716365,0.214
2001-01-17,0.3806543241420756,0.205
2001-01-18,0.37662182423313795,0.209
2001-01-19,0.37361775882818976,0.2
2001-01-20,0.3955656716190748,0.198
2001-01-21,0.5513813628872833,0.615
2001-01-22,0.5487630088396903,1.07
2001-01-23,0.9260516449762028,5.32
2001-01-24,0.7011177016472988,9.45
2001-01-25,0.6053990396012504,7.25
2001-01-26,1.3149712668533646,5.68
2001-01-27,0.666540770164505,10.1
2001-01-28,0.5735829766651436,4.48
2001-01-29,0.5306346170377327,0.944
2001-01-30,0.8093937873363952,1.67
2001-01-31,0.5591214508803732,3.95
2001-02-01,0.788523511696993,4.14
2001-02-02,1.0003557508575158,6.44
2001-02-03,1.1858978352099039,9.64
2001-02-04,1.841925421861773,9.9
2001-02-05,1.2798624856196763,9.95
2001-02-06,1.0698753741756852,9.71
2001-02-07,2.3660107953642022,7.31
2001-02-08,2.0261826121580033,9.91
2001-02-09,1.2362089417549338,9.94
2001-02-10,1.2260398991347286,6.83
2001-02-11,0.9941137428457424,2.1
2001-02-12,2.1177039706663594,7.35
2001-02-13,1.22184040410962,9.98
2001-02-14,0.9755646876570622,4.98
2001-02-15,0.8698647970898562,1.53
2001-02-16,0.7924475971840684,0.936
2001-02-17,0.7319695359324024,0.596
2001-02-18,0.6846049531815803,0.482
2001-02-19,0.6471796967871214,0.422
2001-02-20,0.6179922646794602,0.382
2001-02-21,0.5952828395958607,0.356
2001-02-22,0.5781151980466205,0.349
2001-02-23,0.5736871886724947,0.33
2001-02-24,0.6234273896742388,0.287
2001-02-25,0.5665123005581223,0.275
2001-02-26,0.881988552654444,0.399
2001-02-27,0.8742650025329798,0.436
2001-02-28,1.4279911318169067,6.9
2001-03-01,0.8138500122274243,10.1
2001-03-02,0.907590084012704,8.34
2001-03-03,0.7369796871927692,4.86
2001-03-04,0.6897987050641381,7.55
2001-03-05,0.6590581450171936,2.02
2001-03-06,0.9945424900765786,1.01
2001-03-07,0.7157668856145453,2.74
2001-03-08,1.533774375445297,7.18
2001-03-09,1.0938766655330643,8.74
2001-03-10,0.8431964340430199,3.15
2001-03-11,1.2076856380592274,3.38
2001-03-12,1.1844230848644242,6.18
2001-03-13,0.876204070561067,4.8
2001-03-14,0.8011484076660266,1.22
2001-03-15,0.794258457397227,0.867
2001-03-16,1.5131708883158115,3.46
2001-03-17,1.8733017878048628,9.98
2001-03-18,1.067835526491706,10.0
2001-03-19,0.9270431763741154,5.91
2001-03-20,1.8897446872117167,1.93
2001-03-21,1.2735259626501072,9.45
2001-03-22,1.8709265078402997,8.06
2001-03-23,1.829355570416041,9.13
2001-03-24,1.2115146337500535,9.62
2001-03-25,1.0681196562076847,5.35
2001-03-26,0.9821974147765695,2.29
2001-03-27,1.2017634181242594,4.85
2001-03-28,1.2333503565243875,7.08
2001-03-29,0.9688432992999885,2.34
2001-03-30,0.8856652967908256,0.941
2001-03-31,0.8521534004201887,0.647
2001-04-01,0.803927017616943,0.58
2001-04-02,1.0151325111907628,0.653
2001-04-03,1.036285823978952,0.654
2001-04-04,0.8541041856256694,0.924
2001-04-05,1.19123579064192,3.29
2001-04-06,0.9159660132428616,1.98
2001-04-07,0.8404630429870713,1.26
2001-04-08,1.7374765377476062,4.26
2001-04-09,1.0015826323927801,8.45
2001-04-10,0.9247395215660915,1.68
2001-04-11,0.853498754583147,0.647
2001-04-12,0.818492879710846,0.484
2001-04-13,0.7915915054104591,0.379
2001-04-14,1.1362481050927393,0.444
2001-04-15,0.9363226902553874,0.975
2001-04-16,0.826180710445424,0.736
2001-04-17,0.8012229056813261,0.394
2001-04-18,0.7749916700351434,0.409
2001-04-19,0.7806114416235768,0.41
2001-04-20,0.7572806108493776,0.384
2001-04-21,0.7376654497838496,0.337
2001-04-22,0.7296593110866466,0.332
2001-04-23,0.7179369724790112,0.326
2001-04-24,0.7116789653963327,0.34
2001-04-25,0.7057055945322875,0.353
2001-04-26,0.7281592062986455,0.415
2001-04-27,0.8107912966767536,0.363
2002-01-10,0.142182204876288,0.136
2002-01-11,0.059494532439713865,0.184
2002-01-12,0.052693472061515145,0.155
2002-02-05,0.28534962759788113,8.85
2002-02-06,0.10912839139080203,3.23
2002-02-07,0.12544835714768815,0.774
2002-03-05,0.06567189599959358,0.266
2002-03-06,0.06224303177143337,0.241
2002-03-07,0.059520720611837254,0.203
2002-04-07,0.0508880663483618,0.13
2002-04-08,0.050603942308712256,0.116
2002-04-09,0.05037530608368772,0.104
2002-04-19,0.05717431457487397,0.142
2002-04-20,0.05032429798444128,0.103
2002-04-21,0.04912311370950201,0.091
2002-04-22,0.04842285813726739,0.087
2002-04-23,0.04780851723859874,0.084
2002-04-24,0.047258827968903766,0.086
2002-04-25,0.05553936281745375,0.085
2002-04-26,0.10580960148828497,0.177
2002-04-27,0.1207277879611271,0.147
2002-04-28,0.14948928724266933,0.257
2002-04-29,0.10672410978613264,0.212
2002-04-30,0.16659020773104533,0.365
2002-05-01,0.06304995844118298,0.243
2002-05-02,0.05355893862266452,0.136
2002-05-03,0.17656125604261821,0.201
2002-05-04,0.06197742282059432,0.194
2002-05-05,0.05226985157866321,0.119
2002-05-06,0.05200881516169609,0.118
2002-05-07,0.0483431201733369,0.157
2002-05-08,0.04689034566957458,0.123
2002-05-09,0.045813388149953345,0.106
2002-05-10,0.044900437017186975,0.103
2002-05-11,0.044133819572028256,0.101
2002-05-12,0.0443972482529395,0.113
2002-05-13,0.3031908923346575,0.171
2002-05-14,0.06728884792923136,0.263
2002-05-15,0.047728960508426316,0.148
2002-05-16,0.045109729473962586,0.102
2002-05-17,0.06374883875455759,0.107
2002-05-18,0.04442029127742946,0.154
2002-05-19,0.04222510011617759,0.111
2002-05-20,0.23131904091438607,0.108
2002-05-21,0.33153543443860517,0.17
2002-05-22,0.06948075244938066,0.265
2002-05-23,0.0493216173472891,0.169
2002-05-24,0.045373814527164616,0.148
2002-05-25,0.08089071065368121,0.127
2002-05-26,0.3051375853656977,0.253
2002-05-27,0.06691306051608972,0.313
2002-05-28,0.04692502401301768,0.176
2002-05-29,0.043775288464140125,0.137
2002-05-30,0.042651083405471316,0.111
2002-05-31,0.040917094173966766,0.112
2002-06-01,0.039903615245279835,0.101
2002-06-02,0.040024867615816,0.094
2002-06-03,0.03875811834655759,0.092
2002-06-04,0.03884427254700903,0.086
2002-06-05,0.6026992570740672,0.836
2002-06-06,0.45055717520294586,1.35
2002-06-07,0.07660264559879934,0.293
2002-06-08,0.04619221876803237,0.21
2002-06-09,0.04377213951823949,0.207
2002-06-10,0.13756577759473376,0.185
2002-06-11,0.18484295504419151,0.186
2002-06-12,0.055431222089521545,0.281
2002-06-13,0.043134217435318103,0.171
2002-06-14,0.04229322707398671,0.148
2002-06-15,0.040701853504259,0.157
2002-06-16,0.0380595184798779,0.125
2002-06-17,0.04980752058468877,0.116
2002-06-18,0.03936997889951589,0.131
2002-06-19,0.03567649161637645,0.16
2002-06-20,0.03481958967996127,0.115
2002-06-21,0.03473860204003814,0.094
2002-06-22,0.03377816217989579,0.096
2002-06-23,0.03330973284109666,0.103
2002-06-24,0.032927086621752824,0.104
2002-06-25,0.03254945870871093,0.097
2002-06-26,0.032186047567841755,0.092
2002-06-27,0.03185307541532735,0.095
2002-06-28,0.03153842631277456,0.1
2002-06-29,0.031231360454135392,0.101
2002-06-30,0.032221518347184785,0.09
2002-07-01,0.03238593163336019,0.086
2002-07-02,0.4302661533654146,0.092
2002-07-03,0.06607921679602717,0.1
2002-07-04,0.03959516911882762,0.111
2002-07-05,0.03527156539110643,0.116
2002-07-06,0.03299594469802275,0.122
2002-07-07,0.03213188409075195,0.12
2002-07-08,0.1969308404577826,0.115
2002-07-09,0.09916712608948293,0.127
2002-07-10,0.46439629214663647,0.184
2002-07-11,0.0751345854311199,0.266
2002-07-12,0.043960044659526146,0.251
2002-07-13,0.038118164530214944,0.191
2002-07-14,0.03584548984779664,0.157
2002-07-15,0.03415765152957604,0.139
2002-07-16,0.032786374103832075,0.083
2002-07-17,0.03165059807754916,0.07
2002-07-18,0.03072977876755255,0.064
2002-07-19,0.029933871530247694,0.061
2002-07-20,0.029314903480610027,0.06
2002-07-21,0.02867650917125742,0.058
2002-07-22,0.02818418749592156,0.059
2002-07-23,0.027842556995573645,0.06
2002-07-24,0.027348086912682666,0.059
2002-07-25,0.026988705518900674,0.058
2002-07-26,0.02666491576644609,0.057
2002-07-27,0.026364836950021096,0.057
2002-07-28,0.04450932643811601,0.057
2002-07-29,0.030007148617466766,0.057
2002-07-30,0.5371921982161484,1.92
2002-07-31,0.4156421147520822,8.18
2002-08-01,0.061945548835781655,2.84
2002-08-02,0.03341118241924842,0.452
2002-08-03,0.528746468433161,1.95
2002-08-04,0.5649499131000798,8.5
2002-08-05,0.3099036846567638,9.42
2002-08-06,0.06228066667052015,6.92
2002-08-07,0.042227635000863496,1.96
2002-08-08,0.10815683969961831,0.456
2002-08-09,0.5089862873347663,5.31
2002-08-10,0.1529449282837234,8.09
2002-08-11,0.05109255176871236,3.02
2002-08-12,0.04009076601275241,0.77
2002-08-13,0.036633113503091244,0.169
2002-08-14,0.034266495280155844,0.091
2002-08-15,0.03240079620908946,0.076
2002-08-16,0.03088913115323615,0.072
2002-08-17,0.030276764406117526,0.076
2002-08-18,0.028805895190272688,0.076
2002-08-19,0.027885445685096547,0.073
2002-08-20,0.027510169728664022,0.067
2002-08-21,0.026698516261610582,0.064
2002-08-22,0.02621842147641915,0.068
2002-08-23,0.025834978170254347,0.064
2002-08-24,0.025527631355498924,0.061
2002-08-25,0.025345522537756484,0.064
2002-08-26,0.024964677542034238,0.062
2002-08-27,0.024721156131979102,0.063
2002-08-28,0.024513028386568304,0.066
2002-08-29,0.024319460199475368,0.059
2002-08-30,0.024159290213555264,0.057
2002-08-31,0.02396313500615501,0.055
2002-09-01,0.023793679772270628,0.054
2002-09-02,0.023630272907789008,0.054
2002-09-03,0.023467698414986846,0.055
2002-09-04,0.023307206496723142,0.059
2002-09-05,0.023226207193085206,0.058
2002-09-06,0.1362637850249979,0.058
2002-09-07,0.03515945549001864,0.076
2002-09-08,0.028169101558390978,0.092
2002-09-09,0.6000462953584939,6.58
2002-09-10,0.5905422067251592,5.77
2002-09-11,0.07716689046673209,1.24
2002-09-12,0.03705170352123769,0.286
2002-09-13,0.031959866801154195,0.131
2002-09-14,0.029863803993000197,0.115
2002-09-15,0.028317820663935934,0.106
2002-09-16,0.02707365111370993,0.103
2002-09-17,0.026059623126537108,0.076
2002-09-18,0.025228210586185833,0.067
2002-09-19,0.024541113137161504,0.064
2002-09-20,0.023968968966186024,0.065
2002-09-21,0.02348816505689904,0.073
2002-09-22,0.02309739665682553,0.085
2002-09-23,0.02273398745017704,0.079
2002-09-24,0.022421133377530697,0.065
2002-09-25,0.022774641700964465,0.063
2002-09-26,0.021940698433111493,0.064
2002-09-27,0.02168391547916561,0.065
2002-09-28,0.021480801346569517,0.063
2002-09-29,0.02128262701975991,0.063
2002-09-30,0.021097954370710385,0.064
2002-10-01,0.020991832186245264,0.066
2002-10-20,0.027859213025689007,0.072
2002-10-21,0.3967425843119889,0.172
2002-10-22,0.23223422216285827,0.388
2002-11-19,0.05618242313914592,0.313
2002-11-20,0.3923670372139604,0.317
2002-11-21,0.5182256969721455,13.4
2002-11-22,0.4006213436949092,23.2
2002-11-23,0.3218033702179545,18.8
2002-11-24,0.13766585726156902,9.4
2002-11-25,0.10483817022338794,6.02
2002-11-26,0.09054346974752124,4.75
2002-11-27,0.10000747236783142,0.911
2002-11-28,0.21789081602930402,0.492
2002-11-29,0.09601831406439285,0.484
2002-11-30,0.3006098565110875,0.437
2002-12-01,0.26023456750963475,6.28
2002-12-02,0.20284396719890732,9.21
2002-12-03,0.11576730316305038,6.35
2002-12-04,0.4558143657387242,12.2
2002-12-05,0.15201808160077257,17.5
2002-12-06,0.11992226476734838,7.62
2002-12-07,0.10328296014827078,1.48
2002-12-08,0.09182701152769983,0.561
2002-12-09,0.08423377509677832,0.332
2002-12-10,0.07850621709835075,0.268
2002-12-11,0.07417929562462178,0.235
2002-12-12,0.13321135120273875,0.222
2002-12-13,0.08129578658778658,0.213
2002-12-14,0.67252897343552,0.345
2002-12-15,0.8596691920036853,33.3
2002-12-16,0.25823320410967476,24.2
2002-12-17,0.18365859177664118,6.35
2002-12-18,0.15800451230989063,1.21
2002-12-19,0.14147460973515225,0.665
2002-12-20,0.35503175759115574,0.729
2002-12-21,1.144687529088165,8.52
2002-12-22,0.8247152607594896,73.3
2002-12-23,0.39577609430959926,32.6
2002-12-24,0.3384063911097133,11.9
2002-12-25,0.6578888196015785,14.4
2002-12-26,0.7649388814936088,32.5
2002-12-27,0.352039902624411,34.8
2002-12-28,0.9502648213517121,10.3
2002-12-29,0.8636759463594343,42.6
2002-12-30,1.848609397513372,82.9
2002-12-31,1.9155566556918135,109.0
2003-01-01,1.9583679734051664,121.0
2003-01-02,1.7111871522462951,102.0
2003-01-03,1.4274750940830472,41.2
2003-01-04,0.84983730376088,12.3
2003-01-05,0.6283348166004525,3.26
2003-01-06,0.5392873018414333,1.84
2003-01-07,0.4934614605290037,2.6
2003-01-08,0.7169652912139951,2.6
2003-01-09,0.5042695082725477,2.21
2003-01-10,0.4256742582345843,2.97
2003-01-11,0.3790687074718447,5.72
2003-01-12,0.35005906447463986,4.32
2003-01-13,0.328288558440889,3.4
2003-01-14,0.3115586051103895,2.94
2003-01-15,0.30085015705099294,1.55
2003-01-16,0.29019116438729087,1.16
2003-01-17,0.28385569819584566,0.485
2003-01-18,0.5594631761762175,0.403
2003-01-19,0.5649589314277319,1.86
2003-01-20,0.6452606371895482,10.1
2003-01-21,0.9263807781252985,9.44
2003-01-22,0.523131596337078,11.5
2003-01-23,0.4441803248765926,3.89
2003-01-24,0.422454502794149,3.19
2003-01-25,0.39374924335183215,2.11
2003-01-26,0.37599636530003155,1.48
2003-01-27,0.4161612413445939,1.07
2003-01-28,0.371779169893187,1.27
2003-01-29,0.35664035721402104,1.29
2003-01-30,0.6911951726013004,1.11
2003-01-31,0.9877550535006,0.708
2003-02-01,0.5897736125512575,21.5
2003-02-02,0.48038539089160726,44.7
2003-02-03,0.4425648954058865,50.6
2003-02-04,0.41932868911839993,20.7
2003-02-05,0.4010643639734714,5.84
2003-02-06,0.39928204851811,0.704
2003-02-07,0.37729983321555227,0.474
2003-02-08,0.5698713463777235,0.432
2003-02-09,0.7402974469129133,8.29
2003-02-10,0.6892987909845542,8.28
2003-02-11,0.6736302397781827,9.25
2003-02-12,0.5045881762274539,10.9
2003-02-13,0.4613431094877818,5.19
2003-02-14,0.4380881768818684,1.16
2003-02-15,0.4203138531773065,1.02
2003-02-16,0.4063821638987973,0.51
2003-02-17,0.3953856384531377,0.385
2003-02-18,0.38669272108337094,0.36
2003-02-19,0.3798011339558598,0.355
2003-02-20,0.37433224130107207,0.335
2003-02-21,0.370282850312256,0.305
2003-02-22,0.3664818786426762,0.305
2003-02-23,0.36368003527251663,0.304
2003-02-24,0.36121611984273616,0.294
2003-02-25,0.35921717604571135,0.297
2003-02-26,0.35749922021497726,0.299
2003-02-27,0.3560100310151317,0.276
2003-02-28,0.42626122045402015,0.309
2003-03-01,0.3607039436828949,0.348
2003-03-02,0.35363071083013625,0.332
2003-03-03,0.3520222337861918,0.28
2003-03-04,0.35039279202834045,0.275
2003-03-05,0.564940073849188,0.364
2003-03-06,0.366500695834678,0.523
2003-03-07,0.4920899314802483,0.574
2003-03-08,0.36009088542501266,0.495
2003-03-09,0.3481112992545566,0.406
2003-03-10,0.34513845663921033,0.344
2003-03-11,0.3429055463364363,0.323
2003-03-12,0.3408410020289589,0.275
2003-03-13,0.3387455486305922,0.246
2003-03-14,0.33672216176030767,0.255
2003-03-15,0.33469131256038376,0.232
2003-03-16,0.3326753987187811,0.227
2003-03-17,0.3306276840307833,0.231
2003-03-18,0.32857458071256745,0.221
2003-03-19,0.3264901080365317,0.25
2003-03-20,0.32438124051525974,0.273
2003-03-21,0.3222476715589456,0.259
2003-03-22,0.3200749423257058,0.246
2003-03-23,0.3178736115189723,0.245
2003-03-24,0.31564168024802197,0.238
2003-03-25,0.31337856885943816,0.22
2003-03-26,0.31108510035023934,0.217
2003-03-27,0.3087624069224366,0.21
2003-03-28,0.3064120669486176,0.211
2003-03-29,0.30403415098836434,0.213
2003-03-30,0.30163169501704773,0.158
2003-03-31,0.29920524961880784,0.121
2003-04-01,0.3674969671288676,0.172
2003-04-02,0.30145742372698653,0.137
2003-04-03,0.2939964035750146,0.113
2003-04-04,0.29081646723130994,0.111
2003-04-05,0.2879976922543033,0.109
2003-04-06,0.2852439548330932,0.106
2003-04-07,0.28252405171723566,0.105
2003-04-08,0.27983041407539616,0.103
2003-04-09,0.27716656492705155,0.105
2003-04-10,0.28141664614280204,0.121
2003-04-11,0.27367165448937614,0.124
2003-04-12,0.27045300369187425,0.109
2003-04-13,0.2675691062270142,0.101
2003-04-14,0.26475487173068357,0.097
2003-04-15,0.2619847506237009,0.096
2003-04-16,0.25924961769518085,0.097
2003-04-17,0.256543120022484,0.089
2003-04-18,0.25386039892778195,0.092
2003-04-19,0.2511990460679839,0.091
2003-04-20,0.24856773471661578,0.092
2003-04-21,0.24592326248273544,0.099
2003-04-22,0.24330563033723449,0.091
2003-04-23,0.2407018488534362,0.098
2003-04-24,0.23814081407746787,0.097
2003-04-25,0.3174590042349112,0.154
2003-04-26,0.2419515113747007,0.28
2003-04-27,0.29665310902927794,0.22
2003-04-28,0.23777280702406145,0.282
2003-04-29,0.23008445480208845,0.134
2003-04-30,0.26022939136437234,0.107
2003-05-01,0.24072693963264807,0.192
2003-05-02,0.24591664146768086,0.182
2003-05-03,0.22090266058011915,0.169
2003-05-04,0.21616710182153442,0.112
2003-05-05,0.21308170925947403,0.105
2003-05-06,0.2102309004938554,0.099
2003-05-07,0.20748880319372626,0.095
2003-05-08,0.20483531298647015,0.094
2003-05-09,0.20224117890939153,0.094
2003-05-10,0.19971036344868978,0.091
2003-05-11,0.19742553149167108,0.094
2003-05-12,0.5179490507073978,0.228
2003-05-13,0.2220957224031134,0.185
2003-05-14,0.19774918000470285,0.125
2003-05-15,0.19243347990621415,0.113
2003-05-16,0.20571129325881926,0.117
2003-05-17,0.19040520479874093,0.122
2003-05-18,0.18514696960712643,0.125
2003-05-19,0.21294256496284864,0.122
2003-05-20,0.1822902076968173,0.128
2003-05-21,0.17854158271891485,0.124
2003-05-22,0.1742042727639347,0.119
2003-05-23,0.1716951229035137,0.118
2003-05-24,0.42288932585473316,0.127
2003-05-25,0.19049509233796572,0.178
2003-05-26,0.1708111778666068,0.191
2003-05-27,0.16656150492574642,0.187
2003-05-28,0.16363260644158584,0.168
2003-05-29,0.16096806211034856,0.139
2003-05-30,0.15846079468406582,0.121
2003-05-31,0.15608439975326274,0.119
2003-06-01,0.6752858856470753,0.12
2003-06-02,0.1968449858661405,0.142
2003-06-03,0.15908980243878418,0.16
2003-06-04,0.15340483098734867,0.162
2003-06-05,0.1496845470029902,0.145
2003-06-06,0.14707634655895468,0.121
2003-06-07,0.14455247345725075,0.114
2003-06-08,0.1421529921698667,0.111
2003-06-09,0.13984363138444672,0.108
2003-06-10,0.13769381118533394,0.106
2003-06-11,0.13565984825836092,0.102
2003-06-12,0.133702423449066,0.093
2003-06-13,0.13180771473019723,0.085
2003-06-14,0.12996617220230863,0.081
2003-06-15,0.12817025029373635,0.078
2003-06-16,0.126879969437075,0.076
2003-06-17,0.282825288721528,4.55
2003-06-18,0.139832341058393,6.95
2003-06-19,0.12753824344597034,1.09
2003-06-20,0.12423300659717637,0.17
2003-06-21,0.12177733838014555,0.087
2003-06-22,0.17345559952572218,0.091
2003-06-23,0.12452110658833565,0.214
2003-06-24,0.11858169050965248,0.172
2003-06-25,0.11614507778110332,0.084
2003-06-26,0.11379019311640129,0.074
2003-06-27,0.11190288815165776,0.076
2003-06-28,0.10984502562549486,0.08
2003-06-29,0.11103227154474557,0.083
2003-06-30,0.10780948065801672,0.085
2003-07-01,0.27230992614907923,0.497
2003-07-02,0.1574220766636894,0.869
2003-07-03,0.10939649312510803,0.883
2003-07-04,0.10335213925288363,0.606
2003-07-05,0.10149833103657405,0.214
2003-07-06,0.09932330236266639,0.11
2003-07-07,0.0975934895260965,0.092
2003-07-08,0.09599394654111797,0.078
2003-07-09,0.09447474556921578,0.071
2003-07-10,0.09302150939135319,0.071
2003-07-11,0.09162198370804002,0.069
2003-07-12,0.090269107939104,0.064
2003-07-13,0.08895568311636944,0.061
2003-07-14,0.08767625717680437,0.061
2003-07-15,0.0864288886094988,0.061
2003-07-16,0.3394447542190883,0.074
2003-07-17,0.10807312379969525,0.313
2003-07-18,0.08922521467214307,0.503
2003-07-19,0.08659173592739904,0.166
2003-07-20,0.08396700336860628,0.329
2003-07-21,0.08219810890500816,0.168
2003-07-22,0.08064600301073682,0.091
2003-07-23,0.07952531181569764,0.082
2003-07-24,0.07837646880727782,0.084
2003-07-25,0.09215804833551697,0.076
2003-07-26,0.3369217111775916,0.109
2003-07-27,0.10065764036460711,0.597
2003-07-28,0.0814870041933344,0.264
2003-07-29,0.08074157808175299,0.099
2003-07-30,0.07581795062470405,0.1
2003-07-31,0.07411579875830586,0.083
2003-08-01,0.07197426653325936,0.071
2003-08-02,0.07043318899076012,0.068
2003-08-03,0.06906536106095555,0.064
2003-08-04,0.06780402748530914,0.06
2003-08-05,0.06662744137122649,0.058
2003-08-06,0.0655206945813672,0.059
2003-08-07,0.0644713132546119,0.06
2003-08-08,0.0634694863128106,0.06
2003-08-09,0.06250737328577798,0.058
2003-08-10,0.06458810095222599,0.061
2003-08-11,0.060855221490762286,0.077
2003-08-12,0.05981274252224901,0.06
2003-08-13,0.0589484967820403,0.057
2003-08-14,0.05811186906176945,0.055
2003-08-15,0.05730734641345017,0.054
2003-08-16,0.05648852431475977,0.055
2003-08-17,0.05569652056913526,0.055
2003-08-18,0.055255350364216166,0.057
2003-08-19,0.05417009679693007,0.054
2003-08-20,0.05339564630908283,0.052
2003-08-21,0.05264875292075028,0.052
2003-08-22,0.05192797963914565,0.054
2003-08-23,0.05118777316402481,0.051
2003-08-24,0.05046945045365867,0.051
2003-08-25,0.04976073940826828,0.05
2003-08-26,0.04906568872213296,0.052
2003-08-27,0.04837020663200511,0.054
2003-08-28,0.4288273278227796,0.113
2003-08-29,0.08188947264140128,0.169
2003-08-30,0.05384726943561538,0.112
2003-08-31,0.05026994923038261,0.086
2003-09-01,0.04867575204636487,0.078
2003-09-02,0.0473785430544927,0.076
2003-09-03,0.04623719618529074,0.08
2003-09-04,0.045212028470758225,0.08
2003-09-05,0.044323819930728384,0.081
2003-09-06,0.04345928920050717,0.085
2003-09-07,0.04263035810552914,0.092
2003-09-08,0.04188333511094973,0.094
2003-09-09,0.04163494102488588,0.097
2003-09-10,0.04063308464821894,0.101
2003-09-11,0.04072604772163476,0.168
2003-09-12,0.039365387763777605,0.19
2003-09-13,0.03866815212358457,0.175
2003-09-14,0.03808512764436694,0.16
2003-09-15,0.03752230734235548,0.149
2003-09-16,0.036973386638239826,0.122
2003-09-17,0.0364363927643647,0.09
2003-09-18,0.03590982807820269,0.081
2003-09-19,0.03539284331314513,0.08
2003-09-20,0.034894707579326785,0.081
2003-09-21,0.03438539348460088,0.082
2003-09-22,0.3488701273109796,0.132
2003-09-23,0.0617181950361517,0.141
2003-09-24,0.039599890741975,0.075
2003-09-25,0.03669383100886708,0.06
2003-09-26,0.036064180475604043,0.063
2003-09-27,0.03589045386418935,0.063
2003-09-28,0.03357061285994237,0.061
2003-09-29,0.03327372625979636,0.064
2003-09-30,0.031988653646952706,0.063
2003-10-01,0.03153722919497865,0.063
2003-10-02,0.03065679024273313,0.064
2003-10-03,0.030003773673127634,0.065
2003-10-04,0.029550583659913122,0.06
2003-10-05,0.029136039443767667,0.058
2003-10-06,0.028972999329898306,0.059
2003-10-07,0.02885763405204718,0.06
2003-10-08,0.02767721167982447,0.063
2003-10-09,0.027216807542341293,0.059
2003-10-10,0.026952063873588235,0.058
2003-10-11,0.02642664384044626,0.059
2003-10-12,0.026035983909465543,0.058
2003-10-13,0.025661031595799876,0.058
2003-10-14,0.0252939599759839,0.056
2003-10-15,0.02493384446525424,0.059
2003-10-16,0.024579538143505275,0.059
2003-10-17,0.024231137008120532,0.061
2003-10-18,0.023888592270760935,0.063
2003-10-19,0.023550563243407173,0.066
2003-10-20,0.023218439832162718,0.066
2003-10-21,0.2526129607694495,0.082
2003-10-22,0.050383783937409124,0.128
2003-10-23,0.02756974663288188,0.104
2003-10-24,0.025027890983541336,0.072
2003-10-25,0.024396766600640798,0.069
2003-10-26,0.023355058429688998,0.077
2003-10-27,0.022658638780592568,0.076
2003-10-28,0.02231106195391911,0.071
2003-10-29,0.16745299540908729,0.102
2003-10-30,0.4416609468831574,0.145
2003-10-31,0.10166634393014891,0.263
2003-11-01,0.038816127699012395,0.138
2003-11-02,0.1715642129584931,0.128
2003-11-03,0.03945584680006807,0.164
2003-11-04,0.0278535164463558,0.11
2003-11-05,0.02547663143310456,0.087
2003-11-06,0.024076856530344255,0.082
2003-11-07,0.022904152945405477,0.075
2003-11-08,0.021959439750518266,0.07
2003-11-09,0.02125596224987684,0.072
2003-11-10,0.020532284080077623,0.076
2003-11-11,0.02547906672383936,0.075
2003-11-12,0.022033431802626572,0.096
2003-11-13,0.020682485914932505,0.12
2003-11-14,0.01951784451284448,0.136
2003-11-15,0.018984892156472085,0.133
2003-11-16,0.018562022276123167,0.083
2003-11-17,0.3501397494167022,0.133
2003-11-18,0.04629257151152429,0.251
2003-11-19,0.02345165737900964,0.107
2003-11-20,0.35032073223687127,0.097
2003-11-21,0.5283695816689623,0.371
2003-11-22,0.6355059794767346,2.64
2003-11-23,0.7603326948293455,18.4
2003-11-24,0.6798588812169886,11.8
2003-11-25,0.6802521829254622,1.48
2003-11-26,0.6466434026509563,1.89
2003-11-27,0.20988543844775803,1.12
2003-11-28,0.08311569345558582,0.262
2003-11-29,0.10451708825964892,0.157
2003-11-30,0.19176822571182875,0.149
2003-12-01,0.19849632912482248,0.34
2003-12-02,0.07311929622642172,0.299
2003-12-03,0.05585469189787885,0.187
2003-12-04,0.049215993258438506,0.144
2003-12-05,0.044600872275121585,0.126
2003-12-06,0.04087453824473376,0.113
2003-12-07,0.038007528428530134,0.101
2003-12-08,0.03581612297423309,0.099
2003-12-09,0.034084325280078424,0.096
2003-12-10,0.2295748892096634,0.099
2003-12-11,0.14741818022233186,0.223
2003-12-12,0.2447235070935506,0.183
2003-12-13,0.14622388849529933,0.575
2003-12-14,0.05854152354322455,0.485
2003-12-15,0.04798548831841683,0.213
2003-12-16,0.04409593312746847,0.146
2003-12-17,0.04137681060708919,0.124
2003-12-18,0.03926187512911567,0.116
2003-12-19,0.03776765067201102,0.11
2003-12-20,0.2359473836934508,0.193
2003-12-21,0.05296135209540619,0.424
2003-12-22,0.11616909465125373,0.221
2003-12-23,0.06872965366051952,0.227
2003-12-24,0.04259416842318497,0.232
2003-12-25,0.03942267880292478,0.19
2003-12-26,0.1281798599264428,0.186
2003-12-27,0.49069466541837925,0.31
2003-12-28,0.08853094137601136,2.3
2003-12-29,0.47556734824906216,4.48
2003-12-30,0.11081284008580591,5.01
2003-12-31,0.4639804003188559,1.51
2004-01-01,0.20908609616635734,1.75
2004-01-02,0.1114688347719722,1.9
2004-01-03,0.14738230374774886,0.577
2004-01-04,0.0930894082806229,0.404
2004-01-05,0.08243424954346791,0.323
2004-01-06,0.07536308942870913,0.315
2004-01-07,0.2800533669315844,0.284
2004-01-08,0.3641381083834707,3.78
2004-01-09,0.12400007134762851,5.52
2004-01-10,0.3626351065072744,2.12
2004-01-11,0.24712382509904854,3.06
2004-01-12,0.676487505108382,12.8
2004-01-13,0.2104309674022155,17.6
2004-01-14,0.30631309016895214,7.82
2004-01-15,0.30992907317639706,2.63
2004-01-16,0.16636297819176304,1.63
2004-01-17,0.13742693062706976,1.12
2004-01-18,0.12120358292459685,0.352
2004-01-19,0.1998216614780963,0.287
2004-01-20,0.41880678929495635,0.461
2004-01-21,0.2439740075244529,1.78
2004-01-22,0.44139798558176474,4.41
2004-01-23,0.4479867980642575,8.93
2004-01-24,0.2022928614253473,14.7
2004-01-25,0.16427022777859132,12.5
2004-01-26,0.14537401413134843,8.81
2004-01-27,0.26349941616248035,4.88
2004-01-28,0.41549504892536654,2.22
2004-01-29,0.1766111892504329,1.46
2004-01-30,0.48191395458435465,2.0
2004-01-31,0.5611612364329862,14.0
2004-02-01,0.6439678176555301,30.3
2004-02-02,0.27335412605373877,25.5
2004-02-03,0.21926353886868696,5.22
2004-02-04,0.1915758119505471,1.66
2004-02-05,0.1806852571540579,0.644
2004-02-06,0.6334807550700677,1.23
2004-02-07,0.2851793528733624,3.02
2004-02-08,0.19744712075756743,2.53
2004-02-09,0.17495367489147387,0.882
2004-02-10,0.16112139812618168,0.322
2004-02-11,0.1514165099411456,0.278
2004-02-12,0.14253997853194364,0.244
2004-02-13,0.14112059668207727,0.227
2004-02-14,0.1323539965136098,0.23
2004-02-15,0.13068608019665395,0.222
2004-02-16,0.1269142675841474,0.202
2004-02-17,0.2824516216901903,0.27
2004-02-18,0.1427223529892897,0.308
2004-02-19,0.12813577987356514,0.276
2004-02-20,0.12526356797175947,0.228
2004-02-21,0.12368761466509742,0.212
2004-02-22,0.12273115854963564,0.189
2004-02-23,0.1219092266358856,0.164
2004-02-24,0.31821529524861203,0.226
2004-02-25,0.1399708139980271,0.261
2004-02-26,0.1255363778246057,0.209
2004-02-27,0.12377955634096632,0.19
2004-02-28,0.12299677122156538,0.17
2004-02-29,0.1224672311768921,0.15
2004-03-01,0.12205579928957713,0.134
2004-03-02,0.1217213613829837,0.141
2004-03-03,0.12169247949210023,0.144
2004-03-04,0.12179300574373253,0.153
2004-03-05,0.1214632531768205,0.147
2004-03-06,0.12113255870712679,0.146
2004-03-07,0.12100437051226012,0.154
2004-03-08,0.12036733861414677,0.133
2004-03-09,0.12012122749796302,0.12
2004-03-10,0.11986067153494004,0.144
2004-03-11,0.12040718641995019,0.463
2004-03-12,0.4192522590859498,1.9
2004-03-13,0.16909695847959874,1.65
2004-03-14,0.12787721926890955,0.434
2004-03-15,0.12315036681304306,0.232
2004-03-16,0.1212480649519856,0.205
2004-03-17,0.1201673429155329,0.175
2004-03-18,0.11926471622766033,0.158
2004-03-19,0.18408882587227654,0.19
2004-03-20,0.12419666198171475,0.172
2004-03-21,0.1190004580528015,0.147
2004-03-22,0.11792412386178007,0.135
2004-03-23,0.11694834976005815,0.143
2004-03-24,0.15297301447944558,0.152
2004-03-25,0.11783616752291569,0.14
2004-03-26,0.11404612560664225,0.125
2004-03-27,0.11290062823253823,0.124
2004-03-28,0.11208744904437641,0.123
2004-03-29,0.11130825621277737,0.121
2004-03-30,0.11053080474960561,0.122
2004-03-31,0.11008491144364516,0.122
2004-04-01,0.1521619275080218,0.117
2004-04-02,0.1132239764015523,0.152
2004-04-03,0.14296763028567705,0.126
2004-04-04,0.128018282121246,0.148
2004-04-05,0.19396085578694683,0.197
2004-04-06,0.11723577126858231,0.197
2004-04-07,0.10917687998729936,0.155
2004-04-08,0.12380097530788303,0.125
2004-04-09,0.1084405438943203,0.121
2004-04-10,0.10557255952230081,0.131
2004-04-11,0.10401198487859385,0.114
2004-04-12,0.10278103391266134,0.107
2004-04-13,0.10144115968605459,0.103
2004-04-14,0.10027705957631729,0.099
2004-04-15,0.09920111742788768,0.096
2004-04-16,0.09813507420921275,0.094
2004-04-17,0.09852236340014732,0.094
2004-04-18,0.3779763745893618,0.225
2004-04-19,0.12008735906217545,0.299
2004-04-20,0.09952774524553681,0.152
2004-04-21,0.09695977315440252,0.159
2004-04-22,0.09477903434770764,0.149
2004-04-23,0.09342036495958972,0.112
2004-04-24,0.09219686730818831,0.102
2004-04-25,0.0910499907865428,0.096
2004-04-26,0.08998796344934548,0.094
2004-04-27,0.22361719329992497,0.1
2004-04-28,0.10186595203976828,0.354
2004-04-29,0.09302041964678681,0.16
2004-04-30,0.0894368115095111,0.133
2004-05-01,0.08765734147994478,0.121
2004-05-02,0.08626649573988839,0.105
2004-05-03,0.4824283719495701,0.402
2004-05-04,0.6776082899448022,6.46
2004-05-05,0.2186170138792915,11.0
2004-05-06,0.10235969970579473,1.98
2004-05-07,0.5426046584772433,0.552
2004-05-08,0.12851854283614766,7.94
2004-05-09,0.10409528215461118,6.21
2004-05-10,0.09168913014203373,1.51
2004-05-11,0.08794469912198029,0.297
2004-05-12,0.08522369882696823,0.206
2004-05-13,0.08293409938655821,0.17
2004-05-14,0.08096447595156855,0.136
2004-05-15,0.07924977306536303,0.117
2004-05-16,0.07773830293789341,0.105
2004-05-17,0.07638931785734214,0.1
2004-05-18,0.07517089548528666,0.097
2004-05-19,0.07405478343030794,0.093
2004-05-20,0.0736450212234199,0.101
2004-05-21,0.07226538886994133,0.113
2004-05-22,0.07115580787619136,0.088
2004-05-23,0.07027453998575071,0.08
2004-05-24,0.06943805784791411,0.089
2004-05-25,0.06863266881088624,0.13
2004-05-26,0.15583441347228033,0.089
2004-05-27,0.07667904299448369,0.185
2004-05-28,0.06987034245183964,0.119
2004-05-29,0.06884355104039674,0.115
2004-05-30,0.0670106166646155,0.148
2004-05-31,0.2766200553368796,0.127
2004-06-01,0.1248386438162328,0.284
2004-06-02,0.07478653342383774,0.176
2004-06-03,0.0706180943800884,0.108
2004-06-04,0.06713693503027514,0.097
2004-06-05,0.065375858049732,0.085
2004-06-06,0.06391515829363284,0.077
2004-06-07,0.06262835627689038,0.073
2004-06-08,0.06147704699039304,0.068
2004-06-09,0.06043779517193493,0.131
2004-06-10,0.05947993324195174,0.079
2004-06-11,0.05859273393473965,0.066
2004-06-12,0.05793408762469171,0.062
2004-06-13,0.05698875443160627,0.06
2004-06-14,0.05623240916082695,0.072
2004-06-15,0.05551479714148631,0.143
2004-06-16,0.054822202693468144,0.08
2004-06-17,0.05415549675103856,0.064
2004-06-18,0.053689501146561555,0.059
2004-06-19,0.05292602443064804,0.058
2004-06-20,0.05323264256345986,0.065
2004-06-21,0.05297945720275663,0.146
2004-06-22,0.2967854546194664,0.108
2004-06-23,0.0737493423686099,0.236
2004-06-24,0.055789539444189656,0.101
2004-06-25,0.0531992899439804,0.075
2004-06-26,0.05182726905379552,0.07
2004-06-27,0.16835315829061323,0.093
2004-06-28,0.06196207442594993,0.168
2004-06-29,0.052730590125291694,0.079
2004-07-05,0.04553650307528864,0.063
2004-07-06,0.04478312149743409,0.06
2004-07-07,0.62422272150226,0.259
2004-07-08,0.6583120893919078,1.19
2004-07-09,0.2000270412776849,1.28
2004-07-10,0.07030649641747405,0.584
2004-07-11,0.05775204042200368,0.213
2004-07-12,0.05389879901386078,0.094
2004-07-13,0.051243212215460236,0.079
2004-07-14,0.04983637753770001,0.088
2004-07-15,0.047924962789430994,0.088
2004-07-16,0.045518586358374455,0.09
2004-07-17,0.21716366811700558,0.112
2004-07-18,0.06132586179102479,0.167
2004-07-19,0.047767069648887224,0.093
2004-07-20,0.045417298271107145,0.082
2004-07-21,0.04370020924071831,0.098
2004-07-22,0.043222393458278385,0.076
2004-07-23,0.04142588813369785,0.07
2004-07-24,0.04047634811852235,0.063
2004-07-25,0.03967356878299832,0.061
2004-07-26,0.039144890966314745,0.064
2004-07-27,0.038347659924528134,0.067
2004-07-28,0.03776741822987871,0.06
2004-07-31,0.03629988080787542,0.059
2004-08-01,0.03586710699494286,0.06
2004-08-02,0.03553039730243583,0.06
2004-08-03,0.03518324894266121,0.063
2004-08-04,0.03467592062513349,0.062
2004-08-05,0.034320741197767304,0.061
2004-08-06,0.0339240459779232,0.06
2004-08-07,0.033559824164062585,0.059
2004-08-08,0.03348141021269485,0.057
2004-08-09,0.6051628466844408,0.099
2004-08-10,0.20189696724482323,0.413
2004-08-11,0.057567332197192074,0.348
2004-08-12,0.04310919059949179,0.155
2004-08-13,0.04017220742953421,0.126
2004-08-14,0.037890840732799656,0.108
2004-08-15,0.03638853142322166,0.074
2004-08-16,0.03528746680213252,0.066
2004-08-17,0.5952777343412455,0.207
2004-08-18,0.6400044435839829,2.0
2004-08-19,0.102716407994397,5.19
2004-08-20,0.05024890594523757,4.96
2004-08-21,0.04285799595867757,3.86
2004-08-22,0.2598094847043513,2.78
2004-08-23,0.3221171384730109,3.86
2004-08-24,0.07549077468139483,2.54
2004-08-25,0.14712085059212757,1.38
2004-08-26,0.05258018092651596,0.849
2004-08-27,0.17933944354163484,1.32
2004-08-28,0.05282619584833028,4.87
2004-08-29,0.041547805260198994,4.8
2004-08-30,0.03880856493812441,4.15
2004-08-31,0.0367786439311383,3.55
2004-09-01,0.03526297596655488,2.92
2004-09-02,0.034032356423350875,1.35
2004-09-03,0.03301989434436692,0.088
2004-09-04,0.032180368260352074,0.069
2004-09-05,0.03147819305044795,0.066
2004-09-06,0.030884320404535492,0.065
2004-09-07,0.03037672112644869,0.062
2004-09-08,0.029936691131861815,0.06
2004-09-09,0.029568342704311842,0.059
2004-09-10,0.029312795355661527,0.068
2004-09-11,0.02890893491604887,0.063
2004-09-12,0.030768437202534,0.059
2004-09-13,0.0692775506898418,0.036
2004-09-14,0.03349719048230892,0.032
2004-09-15,0.030160622253450935,0.024
2004-09-16,0.029346012109588364,0.019
2004-09-17,0.03092102388404617,0.019
2004-09-18,0.030031177664092884,0.03
2004-09-19,0.028004505947421297,0.027
2004-09-20,0.02773285593940243,0.022
2004-09-21,0.02720644833076139,0.019
2004-09-22,0.02717078865976266,0.025
2004-09-23,0.026853932136186597,0.045
2004-09-24,0.026337195535349158,0.089
2004-09-25,0.026114859037230174,0.129
2004-09-26,0.025868292432870525,0.184
2004-09-27,0.025573460304795598,0.49
2004-09-28,0.02533595231735996,0.698
2004-09-29,0.025115943845938026,0.687
2004-09-30,0.025821243579301763,0.884
2004-10-01,0.025393355406099334,1.1
2004-10-02,0.22481266057732552,1.87
2004-10-03,0.2912172590777512,4.25
2004-10-04,0.05055867213795876,5.8
2004-10-05,0.03158101268251557,6.22
2004-10-06,0.028953462316926897,6.43
2004-10-07,0.02763894805422629,4.31
2004-10-08,0.026655418008211924,0.151
2004-10-09,0.02583318250680266,0.065
2004-10-10,0.02514470140597395,0.059
2004-10-11,0.024891408694956582,0.058
2004-10-12,0.04019614401788815,0.06
2004-10-13,0.590884707938649,0.306
2004-10-14,0.3848236438863694,2.51
2004-10-15,0.3568871533403398,1.91
2004-10-16,0.10434193153408998,0.92
2004-10-17,0.04011422471352045,0.85
2004-10-18,0.0321375724485086,0.402
2004-10-19,0.31743413202357385,0.133
2004-10-20,0.31211653129992684,0.467
2004-10-21,0.05553872964965149,2.28
2004-10-22,0.03422741881283793,0.558
2004-10-23,0.22994342042356603,0.211
2004-10-24,0.21518594078034037,0.435
2004-10-25,0.05156227226246826,1.35
2004-10-26,0.036902943127466684,1.06
2004-10-27,0.03438710428654209,0.458
2004-10-28,0.3649710188763092,0.372
2004-10-29,0.058993333672276306,0.655
2004-10-30,0.0350379327976114,0.194
2004-10-31,0.03136637048806848,0.13
2004-11-01,0.17275753296710702,0.12
2004-11-02,0.04343778379301537,0.138
2004-11-03,0.031733849115488696,0.117
2004-11-04,0.029309535725821883,0.1
2004-11-05,0.02792509137303831,0.091
2004-11-06,0.026995324457802877,0.088
2004-11-07,0.026368522272129068,0.088
2004-11-08,0.03354432303287831,0.078
2004-11-09,0.14962291865693325,0.108
2004-11-10,0.03632820511969768,0.154
2004-11-11,0.027264098811891038,0.108
2004-11-12,0.02596092855967735,0.102
2004-11-13,0.025082023458088184,0.088
2004-11-14,0.02451815331152776,0.099
2004-11-15,0.024067451470759418,0.095
2004-11-16,0.02369019987684772,0.079
2004-11-17,0.05782217090870284,0.082
2004-11-18,0.5926486303961134,1.83
2004-11-19,0.3553730883799585,4.34
2004-11-20,0.05646900444399802,0.748
2004-11-21,0.033011045833642345,0.203
2004-11-22,0.02958466474494335,0.161
2004-11-23,0.028031366144574788,0.134
2004-11-24,0.02686751323716386,0.116
2004-11-25,0.026069428348584032,0.107
2004-11-26,0.025586573208725986,0.102
2004-11-27,0.03291436370254946,0.106
2004-11-28,0.025688796723858168,0.108
2004-11-29,0.02425686666544211,0.102
2004-11-30,0.023710713722266966,0.097
2004-12-01,0.023301799767522172,0.091
2004-12-02,0.02295802124245766,0.086
2004-12-03,0.02267581309643741,0.083
2004-12-04,0.022401130354743674,0.082
2004-12-05,0.022172278762142266,0.082
2004-12-06,0.0219656447021285,0.081
2004-12-07,0.021774979079558773,0.081
2004-12-08,0.021594535118706286,0.081
2004-12-15,0.02056678985773592,0.083
2004-12-16,0.08975713917505505,0.096
2004-12-17,0.58868623134849,6.6
2004-12-18,0.6469487460145477,8.2
2004-12-19,0.1375217958366511,6.05
2004-12-20,0.048007965674188954,1.83
2004-12-21,0.3833978774243103,0.27
2004-12-22,0.10092116976940992,1.18
2004-12-23,0.05051385280326133,1.17
2004-12-24,0.043511162058323324,0.377
2004-12-25,0.03800681731151084,0.236
2004-12-26,0.03468877984103207,0.173
2004-12-27,0.5964644391170123,0.193
2004-12-28,0.09177657951543751,2.09
2004-12-29,0.05013129688508316,0.768
2004-12-30,0.0427654918421472,0.269
2004-12-31,0.03856886210588436,0.225
2005-01-01,0.03663722504521309,0.202
2005-01-02,0.033389916455393284,0.179
2005-01-03,0.031130206483916508,0.147
2005-01-04,0.06581661820053566,0.157
2005-01-05,0.03299464159696048,0.151
2005-01-06,0.029379300898880863,0.132
2005-01-07,0.030260642602910417,0.129
2005-01-08,0.02751301507045196,0.14
2005-01-09,0.026786213736497737,0.117
2005-01-10,0.2013866942580316,0.191
2005-01-11,0.05239288327072757,0.185
2005-01-12,0.03018539933224651,0.171
2005-01-13,0.027718148841740523,0.145
2005-01-14,0.026931783745649994,0.124
2005-01-15,0.026360130620362975,0.123
2005-01-16,0.025814875114610187,0.108
2005-01-17,0.1584333692403903,0.135
2005-01-18,0.039384160906958766,0.141
2005-01-19,0.028001577261626037,0.116
2005-01-20,0.02673839721255527,0.109
2005-01-21,0.025989795797119276,0.105
2005-01-22,0.025543992836540203,0.096
2005-01-23,0.025244881695820776,0.09
2005-01-24,0.04653226940264142,0.101
2005-01-25,0.03454586691917543,0.118
2005-01-26,0.025841843913920023,0.102
2005-01-27,0.08192620124379421,0.126
2005-01-28,0.04972521950725613,0.168
2005-01-29,0.02788540953181023,0.178
2005-01-30,0.025686731576997815,0.216
2005-01-31,0.05468375458157905,0.168
2005-02-01,0.028088891099820247,0.172
2005-02-02,0.025709471237897352,0.156
2005-02-03,0.02506687466614524,0.155
2005-02-04,0.02462650688929832,0.149
2005-02-05,0.024341478633148658,0.157
2005-02-06,0.02391505640909595,0.162
2005-02-07,0.0236075409554624,0.152
2005-02-08,0.02336534822102177,0.149
2005-02-09,0.023278378351255877,0.135
2005-02-10,0.1824369696197919,0.184
2005-02-11,0.04405940685593889,0.38
2005-02-12,0.08579835149291692,0.334
2005-02-13,0.10569083646849768,0.5
2005-02-14,0.0373086456542525,0.29
2005-02-15,0.02777140217286892,0.198
2005-02-16,0.026122461060719786,0.152
2005-02-17,0.025289987248419687,0.139
2005-02-18,0.024528805639222304,0.139
2005-02-19,0.023786786515778327,0.134
2005-02-20,0.023280829262670954,0.122
2005-02-21,0.16204271900019016,0.14
2005-02-22,0.05981813301674231,0.22
2005-02-23,0.0824325485746702,0.211
2005-02-24,0.13196424938429202,0.326
2005-02-25,0.033237886568780926,0.368
2005-02-26,0.025164620024400737,0.332
2005-02-27,0.024158717958334904,0.271
2005-02-28,0.03435805871823347,0.216
2005-03-01,0.2970361143547315,0.392
2005-03-02,0.3712137278664386,5.53
2005-03-03,0.056265925404946376,11.2
2005-03-04,0.1035170336475334,8.23
2005-03-05,0.05194004883907717,5.48
2005-03-06,0.03332424820091521,1.83
2005-03-07,0.03085688649689188,0.372
2005-03-08,0.028415350417612614,0.263
2005-03-09,0.026547634263984096,0.229
2005-03-10,0.025801415887943397,0.214
2005-03-11,0.0753372045428834,0.217
2005-03-12,0.02904084023057875,0.205
2005-03-13,0.024610607944681902,0.177
2005-03-14,0.02348920245442503,0.154
2005-03-15,0.022764084371162306,0.153
2005-03-16,0.022287573402045943,0.134
2005-03-17,0.021688516884452815,0.123
2005-03-18,0.02127314505266542,0.121
2005-03-19,0.020921975813800557,0.119
2005-03-20,0.020622495229481105,0.115
2005-03-21,0.02058014940360767,0.119
2005-03-22,0.05225054008930831,0.157
2005-03-23,0.023981612594475173,0.129
2005-03-24,0.02166981982156446,0.116
2005-03-25,0.020634925892303743,0.112
2005-03-26,0.02048696991928064,0.109
2005-03-27,0.019947704182366126,0.106
2005-03-28,0.019656204434503256,0.107
2005-03-29,0.5259679506385789,0.226
2005-03-30,0.07600400317229575,0.501
2005-03-31,0.02999424197959788,0.231
2005-04-01,0.02528562467155683,0.165
2005-04-02,0.023735986951503713,0.146
2005-04-03,0.022654816562058505,0.138
2005-04-04,0.021974661539346796,0.118
2005-04-05,0.02108666902372736,0.118
2005-04-06,0.02111373856383509,0.109
2005-04-07,0.31526026906420146,0.21
2005-04-08,0.044948036911131195,0.181
2005-04-09,0.023405954607422712,0.119
2005-04-10,0.02108319064677412,0.106
2005-04-11,0.02031643441278163,0.103
2005-04-12,0.021446670594381285,0.11
2005-04-13,0.026934823259774934,0.153
2005-04-14,0.05869971155744788,0.154
2005-04-15,0.2167083373882505,0.215
2005-04-16,0.036611098334161436,0.225
2005-04-17,0.2588291621248969,0.192
2005-04-18,0.04320665605565426,0.354
2005-04-19,0.026276633966796095,0.197
2005-04-20,0.022606388465119844,0.141
2005-04-21,0.021380908688781,0.115
2005-04-22,0.020509666785826483,0.106
2005-04-23,0.01981630751426605,0.102
2005-04-24,0.18729033551150306,0.114
2005-04-25,0.12822445065414537,0.252
2005-04-26,0.033289018019189966,0.162
2005-04-27,0.06161852199370847,0.204
2005-04-28,0.027046350186728855,0.155
2005-04-29,0.022997225164021168,0.116
2005-04-30,0.02184498119206976,0.107
2005-05-01,0.022327266667841784,0.102
2005-05-02,0.021256032458726,0.132
2005-05-03,0.019474971012129843,0.126
2005-05-04,0.018846664854997985,0.099
2005-05-05,0.018246987490866725,0.091
2005-05-06,0.01912277041522616,0.082
2005-05-07,0.017864482661510982,0.095
2005-05-08,0.01822518933850363,0.087
2005-05-09,0.017676300662503645,0.083
2005-05-10,0.01781476982908918,0.094
2005-05-11,0.016685944520789812,0.084
2005-05-12,0.01646427636626392,0.074
2005-05-13,0.01630234364166083,0.068
2005-05-14,0.016158624264244772,0.064
2005-05-15,0.016019954807336173,0.067
2005-05-16,0.04932922776613244,0.081
2005-05-17,0.02041642299063836,0.098
2005-05-18,0.017941636106169168,0.074
2005-05-19,0.01957278253353621,0.072
2005-05-20,0.017042827539354034,0.093
2005-05-21,0.017049732827818704,0.078
2005-05-22,0.016146372498228947,0.072
2005-05-23,0.01581397615336345,0.068
2005-05-24,0.015590872634588903,0.069
2005-05-25,0.015332549088675314,0.065
2005-05-26,0.015138930614568183,0.066
2005-05-27,0.014963078815657928,0.064
2005-05-28,0.014799272734317689,0.062
2005-05-29,0.04044306289377207,0.061
2005-05-30,0.15801519667880393,0.287
2005-05-31,0.0319400938591233,0.134
2005-06-01,0.02332844980207097,0.087
2005-06-02,0.020120801003404555,0.095
2005-06-03,0.020407186944575592,0.088
2005-06-04,0.018120212572347884,0.096
2005-06-05,0.017082968141990753,0.071
2005-06-06,0.016367807431790976,0.071
2005-06-07,0.015826238759464546,0.065
2005-06-08,0.015379346435486375,0.064
2005-06-09,0.015004900213684261,0.062
2005-06-10,0.014688677411387824,0.067
2005-06-11,0.014420676141611534,0.066
2005-06-12,0.014179488128178482,0.064
2005-06-13,0.013974579354182847,0.068
2005-06-14,0.014176867272434024,0.064
2005-06-15,0.015269097278841508,0.074
2005-06-16,0.013618420433753161,0.065
2005-06-17,0.013327669111437141,0.064
2005-06-18,0.013184314793199581,0.062
2005-06-19,0.013193048222821288,0.058
2005-06-20,0.012978270610135465,0.061
2005-06-21,0.012815350709333212,0.059
2005-06-22,0.012696326052170727,0.061
2005-06-23,0.012581843031946281,0.061
2005-06-24,0.027339664956454256,0.07
2005-06-25,0.01635291596232948,0.109
2005-06-26,0.01501132894840155,0.074
2005-06-27,0.014359010325303671,0.065
2005-06-28,0.014391555137902414,0.06
2005-06-29,0.01956182716252303,0.073
2005-06-30,0.014211813334762064,0.079
2005-07-01,0.013006543239494461,0.093
2005-07-02,0.01248988425710876,0.066
2005-07-03,0.012742802263933123,0.061
2005-07-04,0.01318161754213082,0.067
2005-07-05,0.04789156997528754,0.068
2005-07-06,0.018768530111857425,0.098
2005-07-07,0.014974278864355565,0.072
2005-07-08,0.013741041059900046,0.066
2005-07-09,0.013092625738961743,0.061
2005-07-10,0.012654434022805585,0.057
2005-07-11,0.012267380763740112,0.057
2005-07-12,0.011942393980872223,0.051
2005-07-13,0.011759523791397433,0.052
2005-07-14,0.011439881494639573,0.054
2005-07-15,0.011229983255888221,0.055
2005-07-16,0.011048061585592768,0.051
2005-07-17,0.010884966732297859,0.053
2005-07-18,0.010985737381932656,0.053
2005-07-19,0.010614267347934745,0.049
2005-07-20,0.010473377726800787,0.051
2005-07-21,0.010353221645226897,0.052
2005-07-22,0.010252329292845107,0.053
2005-07-23,0.010621896815162884,0.054
2005-07-24,0.5712285901076514,0.098
2005-07-25,0.06123305465107038,0.171
2005-07-26,0.105780130505389,0.107
2005-07-27,0.02741204851699925,0.108
2005-07-28,0.019679030078603842,0.101
2005-07-29,0.016699000993738698,0.076
2005-07-30,0.0853927356215506,0.084
2005-07-31,0.02262681756822485,0.07
2005-08-01,0.016619295878547737,0.08
2005-08-02,0.015308906357812565,0.143
2005-08-03,0.01360062007637432,0.082
2005-08-04,0.014514301046601853,0.067
2005-08-05,0.012531125273300366,0.079
2005-08-06,0.011797673678225366,0.083
2005-08-07,0.011401176110241882,0.066
2005-08-08,0.0110880650343155,0.059
2005-08-09,0.010830461941429802,0.079
2005-08-10,0.010616424280665348,0.083
2005-08-11,0.01102833902989151,0.082
2005-08-12,0.01076424129382372,0.082
2005-08-13,0.012701114379857483,0.083
2005-08-14,0.010712971230166644,0.091
2005-08-15,0.010078725950839649,0.096
2005-08-16,0.009847745990647378,0.091
2005-08-17,0.009755243450058602,0.084
2005-08-18,0.16966711040509674,0.093
2005-08-19,0.5610921728032567,0.83
2005-08-20,0.0719540510446457,0.879
2005-08-21,0.023891790268712052,0.161
2005-08-22,0.2550450032623235,0.165
2005-08-23,0.03855767294535556,0.231
2005-08-24,0.19741348679951107,0.166
2005-08-25,0.03605422231791368,0.329
2005-08-26,0.02123532905777185,0.254
2005-08-27,0.018403918749076854,0.14
2005-08-28,0.01678416971982734,0.11
2005-08-29,0.015540527199912054,0.101
2005-08-30,0.014554479158835926,0.097
2005-08-31,0.013772075806828802,0.097
2005-09-01,0.013148597493399871,0.093
2005-09-02,0.012651831409715583,0.086
2005-09-03,0.012257912129629614,0.09
2005-09-04,0.23926884485894553,0.106
2005-09-05,0.03232385582442696,0.207
2005-09-06,0.016143151165475083,0.16
2005-09-07,0.014258256689303597,0.112
2005-09-08,0.013558300213738819,0.102
2005-09-09,0.018020622301681843,0.097
2005-09-10,0.2628163900113445,0.325
2005-09-11,0.03472885862361433,0.243
2005-09-12,0.016720452746612015,0.134
2005-09-13,0.014605367180565041,0.11
2005-09-14,0.016027313822213257,0.107
2005-09-15,0.38681377269440453,0.235
2005-09-16,0.04545864212482665,0.287
2005-09-17,0.01920589371331112,0.154
2005-09-18,0.01621334664180538,0.116
2005-09-19,0.015139741725176892,0.102
2005-09-20,0.01438526830527488,0.099
2005-09-21,0.013790831569588878,0.097
2005-09-22,0.013313658110032387,0.096
2005-09-23,0.04700980536692547,0.106
2005-09-24,0.017064761357139854,0.138
2005-09-25,0.014474453702958108,0.111
2005-09-26,0.015359636938430699,0.102
2005-09-27,0.01333196354978332,0.103
2005-09-28,0.24627339122752415,0.13
2005-09-29,0.19838849650855658,0.357
2005-09-30,0.03268276284303918,0.371
2005-10-01,0.019654688569424657,0.231
2005-10-02,0.016471227908523577,0.171
2005-10-03,0.015453358700213303,0.129
2005-10-04,0.014685377706837241,0.114
2005-10-05,0.014101735610599754,0.108
2005-10-06,0.013625299872435161,0.103
2005-10-07,0.013246243201989708,0.105
2005-10-08,0.013505482171155304,0.105
2005-10-09,0.012721632639141429,0.106
2005-10-10,0.012490174426979373,0.104
2005-10-11,0.012390524672225069,0.101
2005-10-12,0.41225534087577326,0.142
2005-10-13,0.13729033706809735,0.396
2005-10-14,0.028229009167029945,0.221
2005-10-15,0.018888138326113024,0.144
2005-10-16,0.017103339783513007,0.128
2005-10-17,0.015936309790491005,0.12
2005-10-18,0.29755062063090293,0.12
2005-10-19,0.4112808104384976,0.297
2005-10-20,0.17421448083997793,0.464
2005-10-21,0.23883851868757827,0.364
2005-10-22,0.040029399695683594,0.256
2005-10-23,0.3989711681032112,0.186
2005-10-24,0.2810585630220794,0.411
2005-10-25,0.04809184701953306,0.432
2005-10-26,0.026550280379595198,0.231
2005-10-27,0.02448815431613333,0.167
2005-10-28,0.10773963195135357,0.151
2005-10-29,0.029560811511868762,0.167
2005-10-30,0.1306955826747087,0.152
2005-10-31,0.4341169711532454,0.436
2005-11-01,0.22421729342469074,0.638
2005-11-02,0.32890203185830175,0.442
2005-11-03,0.07082739825022007,0.546
2005-11-04,0.04509816528062812,0.265
2005-11-05,0.038355232973735505,0.178
2005-11-06,0.34854225336772093,0.219
2005-11-07,0.0589016520010547,0.307
2005-11-08,0.03702517380584917,0.2
2005-11-09,0.03002486392611787,0.18
2005-11-10,0.027468144294216356,0.153
2005-11-11,0.05817224170006304,0.155
2005-11-12,0.028830519414618137,0.157
2005-11-13,0.025217603351480263,0.142
2005-11-14,0.10096078022438128,0.131
2005-11-15,0.03000861693741193,0.165
2005-11-16,0.02379366668900819,0.17
2005-11-17,0.022594007113148053,0.139
2005-11-18,0.021897153088750634,0.128
2005-11-19,0.02144096205287492,0.122
2005-11-20,0.021027471816525124,0.119
2005-11-21,0.020785716632585376,0.118
2005-11-22,0.02052931413325733,0.116
2005-11-23,0.020331605355302644,0.116
2005-11-24,0.044014851885406964,0.124
2005-11-25,0.02285670332738077,0.141
2005-11-26,0.021206425098008533,0.128
2005-11-27,0.020560814635899285,0.121
2005-11-28,0.020368932717018902,0.121
2005-11-29,0.020259953650178648,0.118
2005-11-30,0.05602855965718117,0.119
2005-12-01,0.1158961186195711,0.155
2005-12-02,0.23321355724056428,0.195
2005-12-03,0.04017104929408977,0.238
2005-12-04,0.024722803214968857,0.175
2005-12-05,0.02335262414675564,0.149
2005-12-06,0.022402371136728688,0.14
2005-12-07,0.14550829463402074,0.141
2005-12-08,0.03249449030229121,0.163
2005-12-09,0.023767019888676577,0.141
2005-12-10,0.022584493335765284,0.129
2005-12-11,0.022087266990914733,0.124
2005-12-12,0.02154059240695216,0.123
2005-12-13,0.021190929719593663,0.123
2005-12-14,0.020896625544208913,0.122
2005-12-15,0.020660420736185642,0.121
2005-12-16,0.020443539554969362,0.119
2005-12-17,0.020260398088104755,0.114
2005-12-18,0.020420869642307715,0.113
2005-12-19,0.019994171350470092,0.117
2005-12-20,0.01983065219454972,0.116
2005-12-21,0.019766451190664933,0.122
2005-12-22,0.019573527956908057,0.115
2005-12-23,0.019509526748675565,0.117
2005-12-24,0.019434828660720486,0.118
2005-12-25,0.019240889070488727,0.114
2005-12-26,0.019237541174448116,0.109
2005-12-27,0.02186101733964843,0.109
2005-12-28,0.01960052868503728,0.11
2005-12-29,0.048877136086874495,0.107
2005-12-30,0.5479284210928177,0.514
2005-12-31,0.13433760588748558,0.494
2006-01-01,0.05392782148293337,0.319
2006-01-02,0.027838992265890237,0.247
2006-01-03,0.07835980226068902,0.221
2006-01-04,0.028125380874997392,0.218
2006-01-05,0.02324611138757518,0.18
2006-01-06,0.09080009528974049,0.166
2006-01-07,0.027733797101962596,0.182
2006-01-08,0.2521274735762142,0.264
2006-01-09,0.0401741221343567,0.359
2006-01-10,0.02555191449335522,0.233
2006-01-11,0.022433935081388707,0.212
2006-01-12,0.021285491312937267,0.177
2006-01-13,0.020517846267842126,0.17
2006-01-14,0.019988897311939428,0.17
2006-01-15,0.019475850848737125,0.164
2006-01-16,0.15179519919347742,0.171
2006-02-22,0.028660236402504535,0.104
2006-02-23,0.20223896919181522,0.186
2006-02-24,0.03932780760884169,0.215
2006-02-25,0.02537830612141436,0.137
2006-02-26,0.02260885212216008,0.098
2006-02-27,0.10256633341656046,0.089
2006-02-28,0.027063812833920932,0.142
2006-03-01,0.02038155519062456,0.117
2006-03-02,0.018959146002794733,0.093
2006-03-03,0.018078671186803924,0.077
2006-03-04,0.017384153279502337,0.066
2006-03-05,0.01682935974324576,0.07
2006-03-06,0.016445943238771785,0.067
2006-03-07,0.31672787705277144,0.12
2006-03-08,0.3377488011299636,0.485
2006-03-09,0.1513143599670618,0.89
2006-03-10,0.04134439351669875,0.673
2006-03-11,0.028391297035067868,0.249
2006-03-12,0.02509882929392851,0.16
2006-03-13,0.023067286863009785,0.12
2006-03-14,0.02237088487179571,0.117
2006-03-15,0.020298325370618753,0.111
2006-03-16,0.019285158225071233,0.098
2006-03-17,0.018438198772799452,0.095
2006-03-18,0.017789228121315146,0.087
2006-03-19,0.0172670221126622,0.078
2006-03-20,0.01684466593271322,0.08
2006-03-21,0.0165005926392323,0.076
2006-03-22,0.016218148132518363,0.07
2006-03-23,0.03754073180806789,0.071
2006-03-24,0.03241260439020889,0.082
2006-03-25,0.02047393303643172,0.115
2006-03-26,0.018789223236360668,0.102
2006-03-27,0.01739057240865906,0.097
2006-03-28,0.0385534001572967,0.101
2006-03-29,0.21204427141937465,0.108
2006-03-30,0.03406613152619695,0.176
2006-03-31,0.07837183121158028,0.111
2006-04-01,0.226369755983322,0.155
2006-04-02,0.038637944266555195,0.24
2006-04-03,0.022266014353250863,0.16
2006-04-04,0.02004940831807876,0.108
2006-04-05,0.018929289246818106,0.089
2006-04-06,0.018143017781569896,0.079
2006-04-07,0.01776918750687988,0.078
2006-04-08,0.01787853650318435,0.078
2006-04-09,0.5821212935059886,0.624
2006-04-10,0.11953479768530144,2.21
2006-04-11,0.16181959759440742,0.349
2006-04-12,0.038125282140893196,0.224
2006-04-13,0.02667922149122022,0.154
2006-04-14,0.025547793595806396,0.143
2006-04-15,0.024320591098699187,0.122
2006-04-16,0.021112243029728948,0.113
2006-04-17,0.019854464848081323,0.094
2006-04-18,0.019150459724102425,0.087
2006-04-19,0.01834566808820461,0.082
2006-04-20,0.017964582251022713,0.083
2006-04-21,0.017656618404173412,0.076
2006-04-22,0.017242322938893977,0.07
2006-04-23,0.028341498395918954,0.078
2006-04-24,0.017329084156010338,0.086
2006-04-25,0.01651709156457354,0.084
2006-04-26,0.016091979951328442,0.078
2006-04-27,0.015928640742624588,0.071
2006-04-28,0.015796970954653558,0.067
2006-04-29,0.016162962885312562,0.063
2006-04-30,0.2751810766353202,0.077
2006-05-01,0.03949522065390309,0.237
2006-05-02,0.02140446043131282,0.099
2006-05-03,0.01922700389780892,0.085
2006-05-04,0.018353364204051006,0.072
2006-05-05,0.017707035048522585,0.065
2006-05-06,0.31456705973926175,0.115
2006-05-07,0.04607726734375369,0.145
2006-05-08,0.2632043578685614,0.288
2006-05-09,0.04249901900044624,0.151
2006-05-10,0.0244172670557505,0.111
2006-05-11,0.021712112356586464,0.086
2006-05-12,0.02104165654251857,0.07
2006-05-13,0.19399274119816348,0.136
2006-05-14,0.03380776203809756,0.123
2006-05-15,0.020654239648280417,0.072
2006-05-16,0.020774176903481108,0.082
2006-05-17,0.02946311275574611,0.101
2006-05-18,0.02106443052972635,0.106
2006-05-19,0.33495094298198475,0.092
2006-05-20,0.06201803735503042,0.287
2006-05-21,0.2453272960918368,0.226
2006-05-22,0.07853988867294434,0.247
2006-05-23,0.02921448590714668,0.162
2006-05-24,0.4179366053067875,0.185
2006-05-25,0.233778446631714,0.477
2006-05-26,0.045648649192352335,0.659
2006-05-27,0.16380067785704186,0.352
2006-05-28,0.03885841020054491,0.278
2006-05-29,0.11678396271686205,0.311
2006-05-30,0.034637445118292746,0.295
2006-05-31,0.02639511005407493,0.139
2006-06-01,0.024197032794217165,0.099
2006-06-02,0.02268127425611103,0.084
2006-06-03,0.021538432769391606,0.082
2006-06-04,0.02073642765213988,0.067
2006-06-05,0.0199184160276071,0.064
2006-06-06,0.019337529639273605,0.062
2006-06-07,0.01891474072689467,0.058
2006-06-08,0.018509445621729882,0.051
2006-06-09,0.018208983977963337,0.05
2006-06-10,0.017966172773551163,0.043
2006-06-11,0.017766845679437458,0.042
2006-06-12,0.020765743306088557,0.046
2006-06-13,0.26031531524931756,0.152
2006-06-14,0.04009749255411793,0.144
2006-06-15,0.022632089841885476,0.075
2006-06-16,0.02055701694311129,0.062
2006-06-17,0.01977396237447601,0.048
2006-06-18,0.0192054821443036,0.045
2006-06-19,0.018761949525759172,0.049
2006-06-20,0.019128872939072637,0.048
2006-06-21,0.01810428081069469,0.046
2006-06-22,0.017802976574395467,0.044
2006-06-23,0.018384362820480237,0.041
2006-06-24,0.017442547110481533,0.043
2006-06-25,0.021902574321879167,0.049
2006-06-26,0.01920846732169903,0.075
2006-06-27,0.017069612193092693,0.073
2006-06-28,0.01682989188405153,0.05
2006-06-29,0.016708404000955766,0.046
2006-06-30,0.01662066351860462,0.041
2006-07-01,0.01649465163986307,0.038
2006-07-02,0.01639057307170386,0.037
2006-07-03,0.016289911833462258,0.041
2006-07-04,0.016608105264152233,0.046
2006-07-05,0.19272392728573112,0.204
2006-07-06,0.029529955676286697,0.104
2006-07-07,0.016996979108419095,0.064
2006-07-08,0.017890174030227746,0.043
2006-07-09,0.015817731659838637,0.045
2006-07-10,0.018089767344670445,0.05
2006-07-11,0.015611516688032668,0.06
2006-07-12,0.015366790660934352,0.052
2006-07-13,0.015247189598254145,0.046
2006-07-14,0.015135443742501559,0.038
2006-07-15,0.01502324924621181,0.036
2006-07-16,0.01490897242496537,0.036
2006-07-17,0.014794522953786063,0.039
2006-07-18,0.014677418281153938,0.04
2006-07-19,0.014949211652283051,0.04
2006-07-20,0.014463561748098597,0.043
2006-07-21,0.015399349774714176,0.041
2006-07-22,0.014530213834969798,0.052
2006-07-23,0.014098920583627538,0.042
2006-07-24,0.01395915850537281,0.039
2006-07-25,0.014116050080232817,0.04
2006-07-26,0.015226912682463794,0.041
2006-07-27,0.015009581065181573,0.055
2006-07-28,0.013581825786241437,0.052
2006-07-29,0.013382154697186548,0.049
2006-07-30,0.013235655137378836,0.044
2006-07-31,0.014939181295398677,0.039
2006-08-01,0.013089917593541204,0.044
2006-08-02,0.013871869857092612,0.051
2006-08-03,0.012844343783326531,0.042
2006-08-04,0.012588891718677478,0.038
2006-08-05,0.012455845067358216,0.042
2006-08-06,0.012946693476930575,0.04
2006-08-07,0.012973062636674708,0.043
2006-08-08,0.01234398414834976,0.041
2006-08-09,0.011994674055773886,0.04
2006-08-10,0.01182986135600765,0.036
2006-08-11,0.013280632628178126,0.035
2006-08-12,0.135181423267526,0.037
2006-08-13,0.10468943913315086,0.083
2006-08-14,0.026769400999887172,0.245
2006-08-15,0.018808798727261256,0.114
2006-08-16,0.08212813112671837,0.07
2006-08-17,0.04678357084849444,0.08
2006-08-18,0.019556570419407483,0.11
2006-08-19,0.016741134678267842,0.148
2006-08-20,0.015380385384182547,0.103
2006-08-21,0.015032648438555785,0.072
2006-08-22,0.01353894644211406,0.065
2006-08-23,0.4928668166406824,0.075
2006-08-24,0.119122878025313,0.225
2006-08-25,0.028559611129808406,0.456
2006-08-26,0.019019165506772528,0.092
2006-08-27,0.06826925411232412,0.082
2006-08-28,0.022318950603086102,0.094
2006-08-29,0.018278661039195686,0.107
2006-08-30,0.015673014870721674,0.07
2006-08-31,0.01466070836347376,0.061
2006-09-01,0.01392027048594506,0.05
2006-09-02,0.014129060609540146,0.05
2006-09-03,0.012896018190241694,0.052
2006-09-04,0.012463918869347229,0.052
2006-09-05,0.012139601606642732,0.044
2006-09-06,0.011874459738233766,0.039
2006-09-07,0.011653352898866081,0.039
2006-09-08,0.011466125313984868,0.043
2006-09-09,0.011308238241081724,0.042
2006-09-10,0.01116935460751442,0.042
2006-09-11,0.0126603138521643,0.043
2006-09-12,0.196786376728907,0.059
2006-09-13,0.43893583689783655,0.464
2006-09-14,0.05116334822550538,1.32
2006-09-15,0.02139509173780206,0.665
2006-09-16,0.017717513322361093,0.107
2006-09-17,0.016234821187034777,0.059
2006-09-18,0.015144445430554425,0.053
2006-09-19,0.014273716174160187,0.035
2006-09-20,0.013575083227166315,0.037
2006-09-21,0.027400193698258437,0.043
2006-09-22,0.56970477738681,0.261
2006-09-23,0.0629190560337816,0.793
2006-09-24,0.025860565299877326,0.137
2006-09-25,0.10650515455854702,0.091
2006-09-26,0.02648318659071097,0.21
2006-09-27,0.019147641968262186,0.113
2006-09-28,0.30321344781059034,0.294
2006-09-29,0.18601574911972746,0.319
2006-09-30,0.03473543369801853,0.277
2006-10-01,0.07008566409247241,0.173
2006-10-02,0.024997465208673565,0.118
2006-10-03,0.02014464209993619,0.077
2006-10-04,0.018076889896189136,0.064
2006-10-05,0.10574665688826304,0.063
2006-10-06,0.5655505662794593,0.6
2006-10-07,0.06454940815448104,0.818
2006-10-08,0.02619974876199367,0.109
2006-10-09,0.022938289175280603,0.074
2006-10-10,0.12232998646689724,0.068
2006-10-11,0.06851094926725992,0.098
2006-10-12,0.024064252979386195,0.102
2006-10-13,0.019525894259466558,0.071
2006-10-14,0.01807836207608848,0.067
2006-10-15,0.01713803531156456,0.056
2006-10-16,0.016431739951952563,0.058
2006-10-17,0.016951318081909625,0.06
2006-10-18,0.019940861517215913,0.064
2006-10-19,0.05611795473207297,0.069
2006-10-20,0.021216762006081018,0.076
2006-10-21,0.017460965757519403,0.067
2006-10-22,0.3805916277062038,0.086
2006-10-23,0.6034137172078776,0.248
2006-10-24,0.11239294592086828,0.666
2006-10-25,0.10441400371193622,0.241
2006-10-26,0.03352639372973,0.126
2006-10-27,0.026256948039014627,0.089
2006-10-28,0.02348956591996051,0.07
2006-10-29,0.021757331987492683,0.064
2006-10-30,0.020420175004159328,0.062
2006-10-31,0.019365544454851513,0.062
2006-11-01,0.018525381867737743,0.059
2006-11-02,0.017869324737972227,0.067
2006-11-03,0.017347671277125387,0.074
2006-11-04,0.01694329771156155,0.073
2006-11-05,0.016601538024541656,0.071
2006-11-06,0.016356525057445302,0.069
2006-11-07,0.01612857431350855,0.076
2006-11-08,0.016158906707764504,0.08
2006-11-09,0.015847351928008,0.065
2006-11-10,0.3744996767145073,0.068
2006-11-11,0.046397997223357204,0.199
2006-11-12,0.021733781485780382,0.096
2006-11-13,0.018953200367171186,0.07
2006-11-14,0.03482223254260371,0.065
2006-11-15,0.02044739628418875,0.072
2006-11-16,0.28310628208750205,0.149
2006-11-17,0.5958436107006941,0.575
2006-11-18,0.07853194586991717,1.07
2006-11-19,0.09450619300791357,0.163
2006-11-20,0.07206961664854793,0.099
2006-11-21,0.03237112337824777,0.097
2006-11-22,0.3418558128825029,0.104
2006-11-23,0.05534221264147563,0.287
2006-11-24,0.15820023361195346,0.153
2006-11-25,0.20475768344424886,0.191
2006-11-26,0.06381292210322745,0.163
2006-11-27,0.04109080337582588,0.112
2006-11-28,0.07184146460057747,0.121
2006-11-29,0.03624479917477355,0.113
2006-11-30,0.0316637390247071,0.085
2006-12-01,0.21349647596636143,0.098
2006-12-02,0.3609519163687611,0.186
2006-12-03,0.12006108142656785,0.737
2006-12-04,0.05814732483173243,0.295
2006-12-05,0.1792273685296312,0.227
2006-12-06,0.6429118310538462,0.208
2006-12-07,0.3886070832044796,3.63
2006-12-08,0.13940531041473958,4.2
2006-12-09,0.07028397067027205,2.11
2006-12-10,0.1491059449111285,0.225
2006-12-11,0.16079574593355295,0.209
2006-12-12,0.06647651736216839,0.18
2006-12-13,0.05342457446769112,0.128
2006-12-14,0.04760194598783522,0.102
2006-12-15,0.2557429049559587,0.091
2006-12-16,0.060480633330896476,0.172
2006-12-17,0.043094065395700605,0.131
2006-12-18,0.03920081182204552,0.106
2006-12-19,0.036965491304063625,0.093
2006-12-20,0.03517627849153443,0.087
2006-12-21,0.033865245000936246,0.081
2006-12-22,0.032846452869498576,0.081
2006-12-23,0.031961805379357014,0.08
2006-12-24,0.031371370344922,0.071
2006-12-25,0.03093550517705366,0.069
2006-12-26,0.030927343285933474,0.067
2006-12-27,0.030709849936685137,0.055
2006-12-28,0.030248828824949763,0.068
2006-12-29,0.26909206423995696,0.063
2006-12-30,0.3800471740618093,0.229
2006-12-31,0.31656271671484176,0.426
2007-01-01,0.22678546132186378,1.75
2007-01-02,0.08095246720774048,3.44
2007-01-03,0.1650890538270317,2.92
2007-01-04,0.07425861757268497,2.54
2007-01-05,0.06346207395054179,1.52
2007-01-06,0.711953965144366,8.16
2007-01-07,0.27857279850706634,14.7
2007-01-08,0.12365204294120855,8.26
2007-01-09,0.27808238633038734,2.14
2007-01-10,0.14938264237076324,1.51
2007-01-11,0.24002158785381147,1.72
2007-01-12,0.12587975788515984,3.33
2007-01-13,0.10275671209500047,2.82
2007-01-14,0.08897463445431625,2.1
2007-01-15,0.08146497422999426,1.23
2007-01-16,0.17474934816450657,0.74
2007-01-17,0.7603763986919402,1.7
2007-01-18,0.3425396798252011,11.3
2007-01-19,0.18588438976146557,13.8
2007-01-20,0.14301659599248703,13.6
2007-01-21,0.13702735286650303,12.1
2007-01-22,0.24283112325747758,11.2
2007-01-23,0.21654542321089093,6.01
2007-01-24,0.13141482797928328,0.654
2007-01-25,0.11207159335206332,0.367
2007-01-26,0.10349921794367319,0.281
2007-01-27,0.09262868501519941,0.192
2007-01-28,0.08627373847843718,0.123
2007-01-29,0.08176034361066112,0.1
2007-01-30,0.07794025257044312,0.09
2007-01-31,0.0751621536860861,0.084
2007-02-01,0.07306732675082214,0.083
2007-02-02,0.07149949168778276,0.078
2007-02-03,0.07035441388432168,0.075
2007-02-04,0.06951800535821913,0.068
2007-02-05,0.06907160018899047,0.073
2007-02-06,0.06853252461028864,0.069
2007-02-07,0.30704508831687705,0.073
2007-02-08,0.30368986171083834,0.23
2007-02-09,0.24316559649442546,0.558
2007-02-10,0.49766399152388213,7.28
2007-02-11,0.3163701895694764,20.0
2007-02-12,0.5724348232033262,26.5
2007-02-13,1.0351572285279522,23.5
2007-02-14,0.6744517548891442,43.0
2007-02-15,0.3127822187033173,11.4
2007-02-16,0.2496509689131692,1.43
2007-02-17,0.21595948667064332,0.507
2007-02-18,0.19078250857842038,0.333
2007-02-19,0.17405457417973375,0.28
2007-02-20,0.5256813197885101,0.259
2007-02-21,0.2133027593408451,0.87
2007-02-22,0.3406273434598886,0.488
2007-02-23,0.47541243830789764,0.648
2007-02-24,0.8552312818324769,5.1
2007-02-25,0.39543572700244284,27.5
2007-02-26,0.46014221143587075,14.7
2007-02-27,0.4826707207905188,5.52
2007-02-28,0.7784129171454719,8.36
2007-03-01,0.3569325076892206,7.48
2007-03-02,0.9315819766449382,4.08
2007-03-03,0.4002627071797482,9.32
2007-03-04,0.5876142770369954,2.01
2007-03-05,0.7014617111297772,1.16
2007-03-06,0.41782864524198077,2.12
2007-03-07,0.3309899961381205,1.03
2007-03-08,0.34558494504236503,0.452
2007-03-09,0.2834287862316817,0.364
2007-03-10,0.25573281808515813,0.27
2007-03-11,0.2360521978025945,0.233
2007-03-12,0.22085942181301604,0.21
2007-03-13,0.2091396068758817,0.171
2007-03-14,0.20017047915557948,0.159
2007-03-15,0.19340298705965542,0.161
2007-03-16,0.18814190834095967,0.155
2007-03-17,0.185863413563332,0.133
2007-03-18,0.1822994034296373,0.143
2007-03-19,0.18091084324978746,0.136
2007-03-20,0.17942747146724988,0.122
2007-03-21,0.17735434833782068,0.111
2007-03-22,0.1770400458120006,0.123
2007-03-23,0.17678878661073294,0.121
2007-03-24,0.17658081440607573,0.104
2007-03-25,0.17650567180840165,0.096
2007-03-26,0.17660871165337913,0.096
2007-03-27,0.17678733627487375,0.097
2007-03-28,0.17701735630138657,0.097
2007-03-29,0.2263464988683093,0.101
2007-03-30,0.2755500767298096,0.131
2007-03-31,0.18677222036573862,0.112
2007-04-01,0.18000980779018358,0.084
2007-04-02,0.17931002114495614,0.079
2007-04-03,0.17911509451729285,0.074
2007-04-04,0.17887900739696327,0.076
2007-04-05,0.17866408122153177,0.081
2007-04-06,0.17843403048193063,0.082
2007-04-07,0.17817422626356325,0.076
2007-04-08,0.17787899900312862,0.07
2007-04-09,0.17754654236057454,0.067
2007-04-10,0.17717331271215614,0.068
2007-04-11,0.17675801761397644,0.066
2007-04-12,0.17629930064932103,0.064
2007-04-13,0.17579630474894875,0.067
2007-04-14,0.1752514829392134,0.069
2007-04-15,0.17466090719091745,0.066
2007-04-16,0.17402974127888354,0.083
2007-04-17,0.17335761000369415,0.078
2007-04-18,0.17264656368274853,0.082
2007-04-19,0.1718950933237108,0.063
2007-04-20,0.17110726026272882,0.056
2007-04-21,0.17028404161526278,0.062
2007-04-22,0.1694272659486111,0.055
2007-04-23,0.1687047007919234,0.057
2007-04-24,0.16762418258038816,0.057
2007-04-25,0.16800048224572822,0.058
2007-04-26,0.16588834520457446,0.072
2007-04-27,0.16468498111659516,0.062
2007-04-28,0.1636400598412383,0.058
2007-04-29,0.16258216908610684,0.056
2007-04-30,0.1615014217800546,0.057
2007-05-01,0.1604000761871248,0.058
2007-05-02,0.15927655285660977,0.053
2007-05-03,0.15813477089985356,0.058
2007-05-04,0.1569750793885567,0.055
2007-05-05,0.15579858878727237,0.057
2007-05-06,0.1729070845630511,0.05
2007-05-07,0.2787595224011951,0.126
2007-05-08,0.16650944112083094,0.076
2007-05-09,0.15755290384209478,0.056
2007-05-10,0.25465711805689456,0.07
2007-05-11,0.22424971048305659,0.105
2007-05-12,0.1615473587048516,0.113
2007-05-13,0.4035463346278728,0.189
2007-05-14,0.20314432571065638,0.17
2007-05-15,0.15653423809930853,0.108
2007-05-16,0.2678370431223087,0.088
2007-05-17,0.15863407996347173,0.176
2007-05-18,0.14777851201647216,0.098
2007-05-19,0.1446284775689413,0.07
2007-05-20,0.14231307148820507,0.057
2007-05-21,0.14154525840578155,0.059
2007-05-22,0.13841744804331318,0.058
2007-05-23,0.13657459785480894,0.053
2007-05-24,0.13490191436841129,0.052
2007-05-25,0.1333161241049604,0.053
2007-05-26,0.19269490579766962,0.057
2007-05-27,0.728812827106576,0.502
2007-05-28,0.747706293125187,4.65
2007-05-29,0.6603959723620811,1.51
2007-05-30,0.18695759954872848,0.38
2007-05-31,0.14591456993879948,0.165
2007-06-01,0.13874525009033958,0.107
2007-06-02,0.13467310407986996,0.083
2007-06-03,0.1313398274413572,0.069
2007-06-04,0.12845312363884479,0.069
2007-06-05,0.125926095078027,0.063
2007-06-06,0.12369222576425433,0.062
2007-06-07,0.12364332555860622,0.068
2007-06-08,0.12006587471703706,0.068
2007-06-09,0.11815492164740404,0.066
2007-06-10,0.11657096971967543,0.055
2007-06-11,0.11508471103806507,0.055
2007-06-12,0.11367532703895858,0.06
2007-06-13,0.12117216304298628,0.055
2007-06-14,0.6666279509704565,0.18
2007-06-15,0.16073559472703058,0.238
2007-06-16,0.2384690173993338,0.094
2007-06-17,0.1280076307936993,0.106
2007-06-18,0.11569051119012724,0.076
2007-06-19,0.18671814394327896,0.071
2007-06-20,0.1178368644287712,0.101
2007-06-21,0.11200942353905241,0.062
2007-06-22,0.1088824370411226,0.069
2007-06-23,0.1570918922720012,0.069
2007-06-24,0.32819902152385905,0.103
2007-06-25,0.12838739477984248,0.176
2007-06-26,0.10898156550541978,0.126
2007-06-27,0.19949241378381088,0.098
2007-06-28,0.1132878985429375,0.086
2007-06-29,0.10660177593509178,0.079
2007-06-30,0.3152104584248318,0.1
2007-07-01,0.1191816150358246,0.198
2007-07-02,0.3042164962602737,0.126
2007-07-03,0.1774515740266096,0.19
2007-07-04,0.10950003151069684,0.315
2007-07-05,0.10147760055082716,0.118
2007-07-06,0.09737565331695014,0.08
2007-07-07,0.0949283995022147,0.065
2007-07-08,0.09306453236418852,0.058
2007-07-09,0.09247053388101215,0.071
2007-07-10,0.08953540732812224,0.278
2007-07-11,0.08794967491002921,0.096
2007-07-12,0.08660444234925307,0.064
2007-07-13,0.08536496783794045,0.057
2007-07-14,0.08530863008760921,0.051
2007-07-15,0.084101015932058,0.055
2007-07-16,0.08221110913245656,0.062
2007-07-17,0.08150035373179682,0.052
2007-07-18,0.08064091161062675,0.057
2007-07-19,0.08193546257704867,0.098
2007-07-20,0.6391298366749832,1.09
2007-07-21,0.12886930659496787,1.1
2007-07-22,0.08821756051491948,0.129
2007-07-23,0.4673631505823687,0.123
2007-07-24,0.1143958768028398,0.212
2007-07-25,0.08621767671859333,0.109
2007-07-26,0.08433258218652243,0.074
2007-07-27,0.07972924080246102,0.085
2007-07-28,0.6434201073860812,0.105
2007-07-29,0.1372921262923855,0.459
2007-07-30,0.08745345926112891,0.22
2007-07-31,0.08096167374689879,0.089
2007-08-01,0.07797190319586603,0.07
2007-08-02,0.07563054212619648,0.065
2007-08-03,0.07360878144945548,0.058
2007-08-04,0.07187328226296508,0.053
2007-08-05,0.070353743456758,0.05
2007-08-06,0.06900600307986891,0.05
2007-08-07,0.07941310085160208,0.048
2007-08-08,0.06996881833534044,0.045
2007-08-09,0.06798449046671458,0.044
2007-08-10,0.0665977286049468,0.047
2007-08-11,0.06537854494143869,0.048
2007-08-12,0.06445296494885142,0.046
2007-08-13,0.0654894780864605,0.044
2007-08-14,0.25337427525364603,0.059
2007-08-15,0.18846025030940391,0.188
2007-08-16,0.07689422492961624,0.137
2007-08-17,0.06666553371616166,0.088
2007-08-18,0.0649472847375119,0.059
2007-08-19,0.19901460496704962,0.065
2007-08-20,0.07433614511514729,0.08
2007-08-21,0.06441643635531681,0.083
2007-08-22,0.06356133633386332,0.064
2007-08-23,0.060410620003342165,0.063
2007-08-24,0.05832556804769884,0.062
2007-08-25,0.057143180375138436,0.055
2007-08-26,0.05614092532984814,0.053
2007-08-27,0.055230687213637976,0.048
2007-08-28,0.05439215117535647,0.048
2007-08-29,0.05361049046689819,0.047
2007-08-30,0.052876036499258997,0.055
2007-08-31,0.052183940066061585,0.08
2007-09-01,0.05150777411374469,0.065
2007-09-02,0.05150541466917442,0.048
2007-09-03,0.05028683914842765,0.048
2007-09-04,0.049633376101350206,0.052
2007-09-05,0.049036702789800525,0.047
2007-09-06,0.04845507376949174,0.047
2007-09-07,0.04788297238241458,0.046
2007-09-08,0.04731700541633051,0.046
2007-09-09,0.046759877709743984,0.045
2007-09-10,0.04620930952403114,0.044
2007-09-11,0.04566455896100476,0.043
2007-09-12,0.045126010625069636,0.044
2007-09-13,0.04459142186185077,0.043
2007-09-14,0.04406083688079053,0.044
2007-09-15,0.04353710094251362,0.042
2007-09-16,0.0430283265458003,0.042
2007-09-17,0.04259349465669036,0.046
2007-09-18,0.042002604892019395,0.044
2007-09-19,0.041856881736004485,0.043
2007-09-20,0.04117559671093971,0.043
2007-09-21,0.0404820808199613,0.043
2007-09-22,0.039984914909948426,0.043
2007-09-23,0.31812948351756165,0.043
2007-09-24,0.06419506494459087,0.078
2007-09-25,0.046584441211054185,0.104
2007-09-26,0.04245522318488283,0.057
2007-09-27,0.0408920025074391,0.048
2007-09-28,0.45360390141190515,0.083
2007-09-29,0.07426791943298944,0.135
2007-09-30,0.046493777914448524,0.104
2007-10-01,0.40597669801713965,0.102
2007-10-02,0.07217942987854357,0.195
2007-10-03,0.04501169743754018,0.099
2007-10-04,0.04130936093803212,0.069
2007-10-05,0.03960714417331332,0.059
2007-10-06,0.03827377741920967,0.053
2007-10-07,0.03714242506684415,0.051
2007-10-08,0.03691660167765718,0.051
2007-10-09,0.6070333587662139,0.345
2007-10-10,0.4892835769711999,0.696
2007-10-11,0.07783402702468853,0.149
2007-10-12,0.045478248411287205,0.089
2007-10-13,0.04096274995374974,0.072
2007-10-14,0.038862129348067466,0.066
2007-10-15,0.03740861884983463,0.062
2007-10-16,0.16205441370043933,0.061
2007-10-17,0.046630689142252046,0.092
2007-10-18,0.03717403174192579,0.084
2007-10-19,0.035278853162148745,0.062
2007-10-20,0.03412947584288202,0.055
2007-10-21,0.033192163283485045,0.055
2007-10-22,0.032376273707175565,0.054
2007-10-23,0.03167758716221166,0.053
2007-10-24,0.031052274233686415,0.052
2007-10-25,0.03072193488833216,0.05
2007-10-26,0.030030724589176234,0.051
2007-10-27,0.029581133522904195,0.051
2007-10-28,0.2140951904653576,0.057
2007-10-29,0.0450777058264123,0.098
2007-10-30,0.03200040251821095,0.072
2007-10-31,0.030296694078697287,0.057
2007-11-01,0.029562297002496213,0.055
2007-11-02,0.02887821571702514,0.055
2007-11-03,0.0283249529158567,0.054
2007-11-04,0.027834777322934864,0.056
2007-11-05,0.02740907030624976,0.055
2007-11-06,0.02698324001357626,0.055
2007-11-07,0.026605740901240564,0.054
2007-11-08,0.18863756240409993,0.063
2007-11-09,0.04004821001440867,0.105
2007-11-10,0.028544509149423233,0.067
2007-11-11,0.027178422295749436,0.057
2007-11-12,0.03456244426631417,0.058
2007-11-13,0.02658531188962709,0.062
2007-11-14,0.025442042396322508,0.064
2007-11-15,0.025020495461385444,0.058
2007-11-16,0.024596811497037907,0.057
2007-11-17,0.024402987572889234,0.056
2007-11-18,0.5810590641719866,0.086
2007-11-19,0.600535854132346,0.305
2007-11-20,0.3783485901653506,0.663
2007-11-21,0.10661270024803639,0.382
2007-11-22,0.04086152566885656,0.252
2007-11-23,0.033859587132457555,0.132
2007-11-24,0.031326625336738044,0.086
2007-11-25,0.0298940842198512,0.074
2007-11-26,0.02804150666926605,0.068
2007-11-27,0.027134966115690023,0.079
2007-11-28,0.05069785856609081,0.079
2007-11-29,0.02759484756093865,0.082
2007-11-30,0.4300271643504315,0.11
2007-12-01,0.05906329667312289,0.348
2007-12-02,0.2869124956653254,0.232
2007-12-03,0.05327298934527318,0.199
2007-12-04,0.07445770022096607,0.113
2007-12-05,0.09963812193902491,0.1
2007-12-06,0.2714006743627601,0.14
2007-12-07,0.058021588303427116,0.204
2007-12-08,0.31944107655305737,0.269
2007-12-09,0.15785716161215704,0.311
2007-12-10,0.054964888644184945,0.179
2007-12-11,0.0425653437973039,0.116
2007-12-12,0.038291781140163655,0.084
2007-12-13,0.03516830455447991,0.067
2007-12-14,0.03266598955646551,0.063
2007-12-15,0.03071543349515226,0.059
2007-12-16,0.02922535900481225,0.052
2007-12-17,0.027914418784810838,0.065
2007-12-18,0.02690972560627678,0.072
2007-12-19,0.02610680183746201,0.073
2007-12-20,0.025522646630302674,0.068
2007-12-21,0.024931996685179782,0.07
2007-12-22,0.02461159656462507,0.071
2007-12-23,0.024233522292649492,0.068
2007-12-24,0.03857505162369214,0.069
2007-12-25,0.3906227054246323,0.21
2007-12-26,0.055255490581249796,0.224
2007-12-27,0.029868296783804062,0.132
2007-12-28,0.29461311542755675,0.124
2007-12-29,0.04982252484724905,0.27
2007-12-30,0.031049489228330195,0.161
2007-12-31,0.029448400861288308,0.118
2008-01-01,0.12904120159754157,0.15
2008-01-02,0.03767973197032487,0.257
2008-01-03,0.02979524051543239,0.155
2008-01-04,0.2412562220724295,0.14
2008-01-05,0.04863582864241315,0.258
2008-01-06,0.03326737995133061,0.17
2008-01-07,0.0343309239582434,0.138
2008-01-08,0.25565303408978135,0.158
2008-01-09,0.05179260990556963,0.254
2008-01-10,0.5350053369636785,0.177
2008-01-11,0.4513105530593052,5.69
2008-01-12,0.09236757697504558,4.91
2008-01-13,0.05984506158524686,0.641
2008-01-14,0.3161813592033897,0.234
2008-01-15,0.47339739110193024,1.82
2008-01-16,0.10512061367326868,4.0
2008-01-17,0.2352219684316351,0.823
2008-01-18,0.11671898712622723,0.406
2008-01-19,0.09512631172244802,0.359
2008-01-20,0.0652734599161247,0.255
2008-01-21,0.24652064946321212,0.513
2008-01-22,0.07890245837129854,0.695
2008-01-23,0.05992839687299931,0.304
2008-01-24,0.05252055965286651,0.212
2008-01-25,0.04817631351231896,0.149
2008-01-26,0.044874453150489275,0.123
2008-01-27,0.042357785278347784,0.107
2008-01-28,0.04030434809079275,0.114
2008-01-29,0.22767701008356997,0.119
2008-01-30,0.05614253025434687,0.182
2008-01-31,0.17556094719019652,0.154
2008-02-01,0.055383828563825316,0.162
2008-02-02,0.044432093150819744,0.131
2008-02-03,0.07478217846752995,0.113
2008-02-04,0.1743593694926119,0.118
2008-02-05,0.122573289743641,0.135
2008-02-06,0.05809938047488614,0.129
2008-02-07,0.05010592589023493,0.1
2008-02-08,0.046983335053718475,0.089
2008-02-09,0.044660599026314717,0.098
2008-02-10,0.042901768856459126,0.095
2008-02-11,0.0415444789865282,0.089
2008-02-12,0.04044733063106692,0.076
2008-02-13,0.03954156268690517,0.08
2008-02-14,0.03893261154257589,0.074
2008-02-15,0.038309529455924536,0.072
2008-02-16,0.03793063110886582,0.075
2008-02-17,0.03755980347713866,0.066
2008-02-18,0.03731346363733155,0.086
2008-02-19,0.03710305407686195,0.068
2008-02-20,0.03688411264959978,0.088
2008-02-21,0.0367414743607164,0.073
2008-02-22,0.03659664701003375,0.071
2008-02-23,0.036470401132219214,0.048
2008-02-24,0.09307976315484347,0.071
2008-02-25,0.09947626981202455,0.09
2008-02-26,0.04326412798532774,0.112
2008-02-27,0.038632346022523044,0.092
2008-02-28,0.0378062615519791,0.079
2008-02-29,0.06512186943721639,0.079
2008-03-01,0.039982999396831316,0.082
2008-03-02,0.03760555321579304,0.071
2008-03-03,0.03704560858093479,0.067
2008-03-04,0.036871385041829616,0.069
2008-03-05,0.03627033218365389,0.063
2008-03-06,0.036366136421414647,0.068
2008-03-07,0.03613526610605251,0.068
2008-03-08,0.11796139992503998,0.069
2008-03-09,0.4599609649669543,0.089
2008-03-10,0.3886027501853212,0.616
2008-03-11,0.07190299952125187,0.348
2008-03-12,0.04532768010389831,0.169
2008-03-13,0.13714810800440572,0.133
2008-03-14,0.09820559734054943,0.161
2008-03-15,0.38365387079036317,0.236
2008-03-16,0.07819629388975122,0.822
2008-03-17,0.050416908701775384,0.391
2008-03-18,0.045783997778167364,0.209
2008-03-19,0.043428842383003416,0.157
2008-03-20,0.2795212946265605,0.187
2008-03-21,0.15459719137092748,0.304
2008-03-22,0.058145273447859136,0.25
2008-03-23,0.08836585647477332,0.336
2008-03-24,0.05064931403020107,0.331
2008-03-25,0.04484772205026661,0.23
2008-03-26,0.47647529534429345,4.25
2008-03-27,0.0876741288221893,14.8
2008-03-28,0.24022099189483057,12.0
2008-03-29,0.3259370654102512,11.2
2008-03-30,0.10092542016655827,7.01
2008-03-31,0.07549643955225924,2.26
2008-04-01,0.06651265970197119,0.316
2008-04-02,0.06045878350355712,0.224
2008-04-03,0.05558398327936606,0.189
2008-04-04,0.05264101645494498,0.158
2008-04-05,0.12812021346042773,0.15
2008-04-06,0.1854467597542783,0.215
2008-04-07,0.06009638808833792,0.183
2008-04-08,0.04806174462081523,0.161
2008-04-09,0.04532139904626201,0.144
2008-04-10,0.04439876176496442,0.122
2008-04-11,0.043513422123785846,0.112
2008-04-12,0.0422206401306312,0.108
2008-04-13,0.2618017645995707,0.17
2008-04-14,0.06092244964880049,0.148
2008-04-15,0.18426523985241802,0.13
2008-04-16,0.0558721318889503,0.171
2008-04-17,0.045000976058602024,0.119
2008-04-18,0.043102246617701,0.105
2008-04-19,0.042437199256529536,0.1
2008-04-20,0.0419216056612237,0.092
2008-04-21,0.0400632151090501,0.093
2008-04-22,0.03943561194331638,0.085
2008-04-23,0.08753857347655862,0.093
2008-04-24,0.07061841667656804,0.161
2008-04-25,0.04380992456883946,0.126
2008-04-26,0.04105427658466429,0.091
2008-04-27,0.04065057931542779,0.077
2008-04-28,0.041077845119131845,0.077
2008-04-29,0.4338585424622745,0.18
2008-04-30,0.18221750247054172,0.454
2008-05-01,0.14224894807051397,0.286
2008-05-02,0.054672255451236475,0.208
2008-05-03,0.045351777819894946,0.146
2008-05-04,0.043076545192576386,0.112
2008-05-05,0.041611388554538206,0.093
2008-05-06,0.040444960355435995,0.083
2008-05-07,0.03948412118060712,0.076
2008-05-08,0.038684687485836936,0.07
2008-05-09,0.03804257410988465,0.067
2008-05-10,0.03744199287835391,0.063
2008-05-11,0.0369473694532548,0.06
2008-05-12,0.03651449884213338,0.058
2008-05-13,0.036190473410685396,0.054
2008-05-14,0.03595363470427677,0.054
2008-05-15,0.18709962600343108,0.073
2008-05-16,0.05043544472916646,0.105
2008-05-17,0.0421720180807665,0.081
2008-05-18,0.03829911428800582,0.088
2008-05-19,0.03723038762302157,0.071
2008-05-20,0.036460994164626365,0.058
2008-05-21,0.0358125399994397,0.055
2008-05-22,0.03524929771157638,0.053
2008-05-23,0.034929956630898165,0.054
2008-05-24,0.6042571849181212,0.116
2008-05-25,0.650869094279453,1.78
2008-05-26,0.7360283886993199,17.4
2008-05-27,0.7493562716401985,19.0
2008-05-28,0.6558386259068145,9.83
2008-05-29,0.4569799575157656,2.88
2008-05-30,0.12652797743281177,3.64
2008-05-31,0.09084478442809064,0.774
2008-06-01,0.0790239675765598,0.238
2008-06-02,0.19940736913801266,0.197
2008-06-03,0.14029537539316003,0.246
2008-06-04,0.07192456373745791,0.296
2008-06-05,0.06195761169098049,0.238
2008-06-06,0.3547715127558359,0.262
2008-06-07,0.08022670869437154,0.359
2008-06-08,0.055565118428757984,0.18
2008-06-09,0.051292207379155186,0.118
2008-06-10,0.04906508255599529,0.098
2008-06-11,0.24588455064882264,0.098
2008-06-12,0.06551722729643542,0.186
2008-06-13,0.04985208841788147,0.138
2008-06-14,0.04741472195415297,0.087
2008-06-15,0.046082503922694064,0.073
2008-06-16,0.045197420474469056,0.07
2008-06-17,0.04439565943834229,0.065
2008-06-18,0.04388489228588354,0.061
2008-06-19,0.04330054795962214,0.061
2008-06-20,0.043550050206436035,0.056
2008-06-21,0.0428386714900299,0.053
2008-06-22,0.04233409349962011,0.058
2008-06-23,0.04209053095907862,0.055
2008-06-24,0.041891219902825405,0.051
2008-06-25,0.04171346971158266,0.05
2008-06-26,0.04270274439418379,0.048
2008-06-27,0.04160680599349014,0.05
2008-06-28,0.04125539164329702,0.064
2008-06-29,0.04109465442315103,0.048
2008-06-30,0.040944128789413274,0.046
2008-07-01,0.040821395256232254,0.044
2008-07-02,0.04107763535771122,0.044
2008-07-03,0.040882630435367814,0.044
2008-07-04,0.04080106265669421,0.043
2008-07-05,0.04044222764260325,0.042
2008-07-06,0.11651905359024595,0.042
2008-07-07,0.33207101971183894,0.107
2008-07-08,0.09117606303905533,0.3
2008-07-09,0.615737861014004,0.272
2008-07-10,0.11772773759496616,0.636
2008-07-11,0.23734362983304264,0.198
2008-07-12,0.06904511761349869,0.154
2008-07-13,0.053364585680446906,0.11
2008-07-14,0.04979817865390694,0.075
2008-07-15,0.047594164968403956,0.064
2008-07-16,0.04588688699160862,0.059
2008-07-17,0.04478572283593452,0.056
2008-07-18,0.04360561078479209,0.054
2008-07-19,0.042759955528735856,0.052
2008-07-20,0.04151969427175927,0.049
2008-07-21,0.040801802363785354,0.046
2008-07-22,0.040207083292580784,0.047
2008-07-23,0.03969640073657262,0.044
2008-07-24,0.039256025071683874,0.048
2008-07-25,0.03883790264828539,0.046
2008-07-26,0.03857555989791112,0.048
2008-07-27,0.03877274177542772,0.047
2008-07-28,0.14622502519358727,0.044
2008-07-29,0.04863010889363741,0.061
2008-07-30,0.04044066703820765,0.06
2008-07-31,0.03960824354764444,0.044
2008-08-01,0.038507843548284584,0.038
2008-08-02,0.03817868121496435,0.039
2008-08-03,0.05471219275555755,0.041
2008-08-04,0.041015440908061286,0.056
2008-08-05,0.04055106496735904,0.05
2008-08-06,0.14859991824909402,0.087
2008-08-07,0.05092139225857674,0.073
2008-08-08,0.04092386890656718,0.082
2008-08-09,0.041047594610681276,0.055
2008-08-10,0.04050552604548185,0.042
2008-08-11,0.6035904752729578,0.134
2008-08-12,0.23836279592047252,0.359
2008-08-13,0.06118752610488568,0.309
2008-08-14,0.04502541481667969,0.095
2008-08-15,0.041549032764551665,0.053
2008-08-16,0.07075113620409708,0.04
2008-08-17,0.22284684628550475,0.049
2008-08-18,0.05705579735449399,0.128
2008-08-19,0.043698203560561005,0.126
2008-08-20,0.04171222328314128,0.064
2008-08-21,0.0393496850965251,0.054
2008-08-22,0.037264982157705615,0.054
2008-08-23,0.03666396786806369,0.041
2008-08-24,0.035685551640138154,0.034
2008-08-25,0.034630057617608366,0.029
2008-08-26,0.03398849394158458,0.027
2008-08-27,0.03345112522211407,0.027
2008-08-28,0.03298701828461023,0.026
2008-08-29,0.03255380180015573,0.025
2008-08-30,0.03220863179785072,0.023
2008-08-31,0.03220355937600871,0.023
2008-09-01,0.3596508776255026,0.024
2008-09-02,0.06178365352696789,0.059
2008-09-03,0.037232085509494174,0.113
2008-09-04,0.035744356815072896,0.057
2008-09-05,0.2397460970227237,0.039
2008-09-06,0.20875705038068434,0.067
2008-09-07,0.05211867717541492,0.073
2008-09-08,0.0388351194481016,0.066
2008-09-09,0.03742880050055933,0.044
2008-09-10,0.03478238340981019,0.037
2008-09-11,0.033825624079555895,0.035
2008-09-12,0.0334172828434368,0.031
2008-09-13,0.031748486068777906,0.029
2008-09-14,0.030994564529611867,0.028
2008-09-15,0.030389245124619726,0.028
2008-09-16,0.02986839598140812,0.033
2008-09-17,0.029410246706825946,0.026
2008-09-18,0.029003714923008947,0.024
2008-09-19,0.028630456361624614,0.023
2008-09-20,0.028291980300103072,0.023
2008-09-21,0.027976438012236014,0.023
2008-09-22,0.028149082529595446,0.023
2008-09-23,0.02817182080207844,0.025
2008-09-24,0.027977822075541305,0.024
2008-09-25,0.026917985666647697,0.027
2008-09-26,0.026682488008161958,0.025
2008-09-27,0.02637854531265398,0.025
2008-09-28,0.02611866350718881,0.024
2008-09-29,0.026759999678596835,0.023
2008-09-30,0.11316146088008543,0.031
2008-10-01,0.03439385273771441,0.031
2008-10-02,0.028386108608293294,0.031
2008-10-03,0.027144353630906354,0.028
2008-10-04,0.2519598462524163,0.028
2008-10-05,0.3139538813598791,0.057
2008-10-06,0.05466755429437468,0.308
2008-10-07,0.03451134186950872,0.065
2008-10-08,0.031026347279958327,0.038
2008-10-09,0.029416742449943013,0.03
2008-10-10,0.02822294537187764,0.026
2008-10-11,0.02722177768990726,0.027
2008-10-12,0.026317683774075007,0.026
2008-10-13,0.025617872046614382,0.026
2008-10-14,0.025409278828826654,0.026
2008-10-15,0.024800834811734666,0.027
2008-10-16,0.024133373437361036,0.026
2008-10-17,0.023616217828322125,0.025
2008-10-18,0.023256065281413624,0.025
2008-10-19,0.022930962370912644,0.025
2008-10-20,0.4840987120751545,0.041
2008-10-21,0.06188089364817876,0.096
2008-10-22,0.02999118954612567,0.059
2008-10-23,0.03008487302333597,0.035
2008-10-24,0.02657605576368109,0.03
2008-10-25,0.058783590901657,0.031
2008-10-26,0.11939237440565088,0.039
2008-10-27,0.03383505974225217,0.075
2008-10-28,0.1632106112377756,0.052
2008-10-29,0.037540696838488596,0.041
2008-10-30,0.14390148204661085,0.046
2008-10-31,0.03581645169850523,0.04
2008-11-01,0.5909993487909883,0.139
2008-11-02,0.29069522065072123,0.42
2008-11-03,0.13222853865727427,0.126
2008-11-04,0.03971896165712639,0.096
2008-11-05,0.031080377031419377,0.075
2008-11-06,0.04796030757274138,0.06
2008-11-07,0.029662460932696578,0.069
2008-11-08,0.2822092477952431,0.075
2008-11-09,0.09970969723477009,0.083
2008-11-10,0.6197783245147271,4.15
2008-11-11,0.5928807212792432,6.53
2008-11-12,0.08285835847440563,0.954
2008-11-13,0.04366744700583896,0.145
2008-11-14,0.035801718532972225,0.102
2008-11-15,0.032774746503418904,0.079
2008-11-16,0.04197615450689046,0.072
2008-11-17,0.07242052801805934,0.069
2008-11-18,0.034835341785607536,0.063
2008-11-19,0.03017019809675379,0.06
2008-11-20,0.028549800555907234,0.056
2008-11-21,0.02800843845568596,0.051
2008-11-22,0.026102311433918356,0.047
2008-11-23,0.4585458624842185,0.154
2008-11-24,0.07233841225294697,0.173
2008-11-25,0.039900346316615896,0.101
2008-11-26,0.03484740271461074,0.075
2008-11-27,0.47299197673105564,0.087
2008-11-28,0.4983366558155536,2.95
2008-11-29,0.2179786629393355,5.94
2008-11-30,0.18579079251238215,1.81
2008-12-01,0.07116388943802408,0.488
2008-12-02,0.08050975151259034,0.257
2008-12-03,0.21106432598638372,0.194
2008-12-04,0.08660644721166161,0.206
2008-12-05,0.2380860528619268,0.385
2008-12-06,0.06861138590356425,0.814
2008-12-07,0.05126974676688356,0.331
2008-12-08,0.07761473685919211,0.191
2008-12-09,0.047009876504193304,0.174
2008-12-10,0.04518321731736877,0.154
2008-12-11,0.03997481634357874,0.127
2008-12-12,0.03873748803559668,0.106
2008-12-13,0.44914703384106774,0.169
2008-12-14,0.07556762661993298,0.322
2008-12-15,0.04542263449932251,0.208
2008-12-16,0.04218859184863463,0.157
2008-12-17,0.03877447421862753,0.135
2008-12-18,0.037689349693205226,0.117
2008-12-19,0.03607778177246539,0.104
2008-12-20,0.03482855141039591,0.096
2008-12-21,0.03404241179987301,0.085
2008-12-22,0.03345110120032197,0.078
2008-12-23,0.03307745939445434,0.073
2008-12-24,0.03262137935015934,0.071
2008-12-25,0.03232552560175815,0.064
2008-12-26,0.032110770349309335,0.056
2008-12-27,0.03203603490367867,0.054
2008-12-28,0.031793663511016396,0.052
2008-12-29,0.03165972462195278,0.049
2008-12-30,0.03160131992215936,0.047
2008-12-31,0.03150424702939259,0.048
2009-01-01,0.03138714460632521,0.045
2009-01-02,0.03133382933563776,0.044
2009-01-03,0.03123527390476535,0.047
2009-01-04,0.10627062528649547,0.042
2009-01-05,0.03791188603061572,0.048
2009-01-06,0.032267425653027516,0.047
2009-01-07,0.03165158424230858,0.045
2009-01-08,0.031377281591284244,0.045
2009-01-09,0.03121707422878533,0.045
2009-01-10,0.030999820055256307,0.046
2009-01-11,0.030916012023776286,0.044
2009-01-12,0.10122177821708307,0.056
2009-01-13,0.03714425800264579,0.073
2009-01-14,0.032003426686690435,0.062
2009-01-15,0.07774954589055905,0.06
2009-01-16,0.09248336588772098,0.068
2009-01-17,0.337315472546453,0.096
2009-01-18,0.5271617265939664,0.252
2009-01-19,0.08374056962604633,5.59
2009-01-20,0.04591512497078442,4.5
2009-01-21,0.20955991623208742,0.586
2009-01-22,0.7539594724244297,0.798
2009-01-23,0.621638040172958,37.4
2009-01-24,0.5520337517913602,15.4
2009-01-25,0.43549060304086384,11.0
2009-01-26,0.1885707961628654,8.57
2009-01-27,0.20221074977650008,2.36
2009-01-28,0.27474081601206257,1.72
2009-01-29,0.1475418279401018,2.31
2009-01-30,0.12112981512046714,0.674
2009-01-31,0.10522359431476143,0.335
2009-02-01,0.47388825164417575,0.249
2009-02-02,0.6685326015005882,0.28
2009-02-03,0.2159461599287002,0.316
2009-02-04,0.5668637308346461,0.28
2009-02-05,0.6188301429672447,19.6
2009-02-06,0.4679372702052087,51.8
2009-02-07,0.24218056457580903,58.9
2009-02-08,0.41843006202665894,31.1
2009-02-09,1.3641957772797637,37.2
2009-02-10,1.0375410330692025,91.0
2009-02-11,0.672493745072327,33.4
2009-02-12,1.0602676418345518,8.16
2009-02-13,0.4693372208092054,17.1
2009-02-14,0.35873900826767796,9.69
2009-02-15,0.3112104199157024,2.49
2009-02-16,0.2654591886558275,1.03
2009-02-17,0.23858802649228872,0.7
2009-02-18,0.21321512051806887,0.43
2009-02-19,0.1957985721806412,0.334
2009-02-20,0.17690989046015657,0.28
2009-02-21,0.16545422770842058,0.243
2009-02-22,0.1572691611813702,0.216
2009-02-23,0.1529181512929432,0.193
2009-02-24,0.14730594402164834,0.174
2009-02-25,0.14274731065673732,0.16
2009-02-26,0.14029299032364106,0.152
2009-02-27,0.1387132136026332,0.143
2009-02-28,0.13776755198385668,0.131
2009-03-01,0.1372906518677458,0.125
2009-03-02,0.13727117299763902,0.114
2009-03-03,0.7148373957195203,0.162
2009-03-04,0.20389101042851562,0.555
2009-03-05,0.16190331692648993,0.271
2009-03-06,0.1554339379612559,0.173
2009-03-07,0.1539787494878241,0.136
2009-03-08,0.263976538608008,0.153
2009-03-09,0.30111758152012685,0.13
2009-03-10,0.19664347006823088,0.141
2009-03-11,0.1782134969405136,0.112
2009-03-12,0.17181460932857623,0.104
2009-03-13,0.16706438575999927,0.103
2009-03-14,0.16353014130801125,0.121
2009-03-15,0.16080399540846596,0.096
2009-03-16,0.1586978491243216,0.078
2009-03-17,0.1570667703578186,0.073
2009-03-18,0.1558092969762059,0.072
2009-03-19,0.1548246304321425,0.071
2009-03-20,0.15406363454109165,0.068
2009-03-21,0.15346623374551208,0.067
2009-03-22,0.15294419730843398,0.063
2009-03-23,0.22829183775508144,0.075
2009-03-24,0.2610383018782719,0.081
2009-03-25,0.16471000451848875,0.118
2009-03-26,0.15582541692768748,0.084
2009-03-27,0.15455972913820376,0.072
2009-03-28,0.18838408688122996,0.086
2009-03-29,0.15627344055899417,0.079
2009-03-30,0.153060879053359,0.064
2009-03-31,0.15203727699330105,0.058
2009-04-01,0.15122972299687493,0.058
2009-04-02,0.1504828081977495,0.05
2009-04-03,0.14977236530650762,0.054
2009-04-04,0.14907848435611343,0.053
2009-04-05,0.14839575228222185,0.05
2009-04-06,0.14771036713877594,0.052
2009-04-07,0.14840545314879652,0.052
2009-04-08,0.1464043910457575,0.064
2009-04-09,0.14560287973409894,0.056
2009-04-10,0.14618867764152824,0.053
2009-04-11,0.14538607472874812,0.061
2009-04-12,0.1435524685909529,0.076
2009-04-13,0.14262763020183836,0.059
2009-04-14,0.24954183734858712,0.072
2009-04-15,0.1524941371324244,0.095
2009-04-16,0.5299829388701072,0.285
2009-04-17,0.18641760264848783,0.25
2009-04-18,0.14653862943042775,0.167
2009-04-19,0.14185702161912322,0.102
2009-04-20,0.13998939182928027,0.078
2009-04-21,0.1383940314013663,0.068
2009-04-22,0.13695521491388624,0.061
2009-04-23,0.13560567332236584,0.06
2009-04-24,0.13433599860021522,0.059
2009-04-25,0.13309257885231165,0.056
2009-04-26,0.13191798366037322,0.055
2009-04-27,0.1534026444066142,0.058
2009-04-28,0.13320862563840533,0.064
2009-04-29,0.13024411179330206,0.06
2009-04-30,0.12877074960306895,0.054
2009-05-01,0.12735513358359138,0.049
2009-05-02,0.1260541974993342,0.043
2009-05-03,0.12479494513946661,0.036
2009-05-04,0.12358322665668513,0.035
2009-05-05,0.12238128980711636,0.036
2009-05-06,0.12120196746476648,0.035
2009-05-07,0.1209245598275634,0.034
2009-05-08,0.11980979624209286,0.038
2009-05-09,0.11780787023723578,0.039
2009-05-10,0.11662626953335704,0.034
2009-05-11,0.11549698043887457,0.032
2009-05-12,0.11443176886502351,0.029
2009-05-13,0.1133855617549857,0.03
2009-05-14,0.11418070951887846,0.041
2009-05-15,0.14345873142590576,0.061
2009-05-16,0.11543523378498893,0.056
2009-05-17,0.11882856065813893,0.069
2009-05-18,0.11106927678962325,0.07
2009-05-19,0.10824672767143376,0.038
2009-05-20,0.10663146177949058,0.036
2009-05-21,0.10532217142018686,0.033
2009-05-22,0.1040727901521628,0.032
2009-05-23,0.10285705971650061,0.03
2009-05-24,0.10167664049824865,0.028
2009-05-25,0.4806671514326625,0.036
2009-05-26,0.13361204419922165,0.117
2009-05-27,0.1064039079409495,0.126
2009-05-28,0.10207369668872643,0.045
2009-05-29,0.09994848794893882,0.037
2009-05-30,0.09815765993871528,0.032
2009-05-31,0.09653212820477064,0.028
2009-06-01,0.09503201103148014,0.03
2009-06-02,0.09363193130527847,0.029
2009-06-03,0.09231319244216725,0.027
2009-06-04,0.09119999873841247,0.028
2009-06-05,0.11447304723346562,0.028
2009-06-06,0.6080842052744618,0.038
2009-06-07,0.13810902484629575,0.104
2009-06-08,0.2514585144356879,0.155
2009-06-09,0.10886704304194689,0.075
2009-06-10,0.11876443636185854,0.085
2009-06-11,0.09591783275637154,0.066
2009-06-12,0.09160761590965857,0.049
2009-06-13,0.08915594634999892,0.037
2009-06-14,0.08675224426663916,0.034
2009-06-15,0.4902044058380307,0.359
2009-06-16,0.12098145563054329,0.653
2009-06-17,0.09192690916063266,0.209
2009-06-18,0.08713006072021791,0.077
2009-06-19,0.08446905869843747,0.05
2009-06-20,0.0822807975186852,0.041
2009-06-21,0.08036232751223715,0.038
2009-06-22,0.0786829508291478,0.036
2009-06-23,0.07718820043515542,0.034
2009-06-24,0.07583891474863015,0.033
2009-06-25,0.07468473279757663,0.032
2009-06-26,0.07545023315255737,0.048
2009-06-27,0.1893116515976834,0.1
2009-06-28,0.08039809699228577,0.153
2009-06-29,0.07112401527507375,0.087
2009-06-30,0.0695762280353079,0.045
2009-07-01,0.06864486851890832,0.036
2009-07-02,0.06870968954490111,0.033
2009-07-03,0.06702559847922579,0.035
2009-07-04,0.0664847059362452,0.036
2009-07-05,0.06565548222160662,0.031
2009-07-06,0.0668636399175893,0.03
2009-07-07,0.3131572211142599,0.042
2009-07-08,0.08572116563419195,0.054
2009-07-09,0.06733474124799801,0.044
2009-07-10,0.06466349536207093,0.032
2009-07-11,0.08777243580722438,0.031
2009-07-12,0.06644197876768124,0.034
2009-07-13,0.06349540556558918,0.042
2009-07-14,0.06504723252193302,0.032
2009-07-15,0.06111288252945148,0.081
2009-07-16,0.6212523584818114,0.217
2009-07-17,0.31447447911006066,0.251
2009-07-18,0.08453141063368223,0.29
2009-07-19,0.06541692789955816,0.124
2009-07-20,0.06210193167531278,0.056
2009-07-21,0.06027120163185561,0.041
2009-07-22,0.058260442640136835,0.036
2009-07-23,0.05792090845079919,0.034
2009-07-24,0.10415066350818898,0.037
2009-07-25,0.06137859167998803,0.031
2009-07-26,0.05928827484648267,0.029
2009-07-27,0.05649348495404872,0.03
2009-07-28,0.05445483591232344,0.04
2009-07-29,0.2326433213066429,0.045
2009-07-30,0.07004130227150102,0.045
2009-07-31,0.05516816729405647,0.062
2009-08-01,0.11892204224695317,0.053
2009-08-02,0.05938581913212221,0.062
2009-08-03,0.05360746970233623,0.071
2009-08-04,0.05225019958403716,0.044
2009-08-05,0.05044060914788826,0.035
2009-08-06,0.3698769757718512,0.04
2009-08-07,0.07716071756398513,0.071
2009-08-08,0.053949863041501914,0.114
2009-08-09,0.05061809777663307,0.061
2009-08-10,0.049013798843991825,0.041
2009-08-11,0.04768098348068564,0.035
2009-08-12,0.04799941151502603,0.033
2009-08-13,0.04564299929197817,0.033
2009-08-14,0.04468027921895965,0.032
2009-08-15,0.04388307479350324,0.032
2009-08-16,0.043158700608362535,0.032
2009-08-17,0.04249276703824911,0.03
2009-08-18,0.041872996703606495,0.029
2009-08-19,0.041289715646810735,0.028
2009-08-20,0.040741201498392214,0.028
2009-08-21,0.040735218919885935,0.028
2009-08-22,0.03972951668542579,0.026
2009-08-23,0.03920755127494293,0.026
2009-08-24,0.03872657369839659,0.024
2009-08-25,0.038396522666498505,0.024
2009-08-26,0.038138289597387964,0.023
2009-08-27,0.03737576017640485,0.023
2009-08-28,0.039196498019321825,0.027
2009-08-29,0.03659782135698746,0.025
2009-08-30,0.03604130921304343,0.027
2009-08-31,0.03560580845460666,0.025
2009-09-01,0.03546468912300025,0.024
2009-09-02,0.26687588859982,0.025
2009-09-03,0.05557074664954145,0.031
2009-09-04,0.03900122716426704,0.054
2009-09-05,0.03675002164946383,0.055
2009-09-06,0.035700513938938944,0.059
2009-09-07,0.03485863294056397,0.055
2009-09-08,0.03407086202473205,0.041
2009-09-09,0.03339130765743186,0.029
2009-09-10,0.032775870902602824,0.024
2009-09-11,0.032212393559454364,0.023
2009-09-12,0.03169065709599455,0.023
2009-09-13,0.031202189839398646,0.023
2009-09-14,0.0316385392021438,0.023
2009-09-15,0.5903183550522282,0.028
2009-09-16,0.07927790017939898,0.119
2009-09-17,0.0404168579426114,0.076
2009-09-18,0.03585168242019987,0.041
2009-09-19,0.03576237352645134,0.032
2009-09-20,0.03284374543463364,0.034
2009-09-21,0.03163936940784978,0.04
2009-09-22,0.03068949948559006,0.032
2009-09-23,0.029871303503918926,0.028
2009-09-24,0.02915907477742634,0.026
2009-09-25,0.028535056386211337,0.026
2009-09-26,0.027977437486712664,0.026
2009-09-27,0.027476539865078215,0.026
2009-09-28,0.027017907002276353,0.026
2009-09-29,0.026596047744201892,0.026
2009-09-30,0.026202001661839724,0.026
2009-10-01,0.02583033618674671,0.026
2009-10-02,0.025478193759293652,0.025
2009-10-03,0.025951183324870182,0.026
2009-10-04,0.025520844782980907,0.026
2009-10-05,0.21033665993177456,0.037
2009-10-06,0.04229446475812268,0.041
2009-10-07,0.5348199954965872,0.065
2009-10-08,0.0692760494635713,0.11
2009-10-09,0.10915357948823144,0.089
2009-10-10,0.03730799339405447,0.057
2009-10-11,0.030999658419371065,0.048
2009-10-12,0.028679358273977062,0.039
2009-10-13,0.027460195559369464,0.033
2009-10-14,0.026208369644289263,0.03
2009-10-15,0.025323031532298337,0.029
2009-10-16,0.02457349777502301,0.028
2009-10-17,0.023855285262769116,0.026
2009-10-18,0.023286405938183954,0.025
2009-10-19,0.022848846241314436,0.026
2009-10-20,0.04957477740069578,0.027
2009-10-21,0.11834779197662089,0.033
2009-10-22,0.03206915881111877,0.048
2009-10-23,0.026096610396685226,0.045
2009-10-24,0.024230698328692003,0.035
2009-10-25,0.022919031829063196,0.035
2009-10-26,0.02279769485068443,0.034
2009-10-27,0.02170541595265853,0.03
2009-10-28,0.021305510670970317,0.029
2009-10-29,0.020844738451040873,0.029
2009-10-30,0.0209535184727046,0.03
2009-10-31,0.020980403456198997,0.03
2009-11-01,0.3765264604663862,0.067
2009-11-02,0.10942276304353918,0.144
2009-11-03,0.16276952966443156,0.078
2009-11-04,0.03697857556903277,0.088
2009-11-05,0.026313937926565265,0.053
2009-11-06,0.14810421332130833,0.041
2009-11-07,0.21651689464081672,0.056
2009-11-08,0.041384276018871215,0.115
2009-11-09,0.02731673250609411,0.098
2009-11-10,0.025298958043045494,0.052
2009-11-11,0.027553634347506767,0.042
2009-11-12,0.575279319613949,0.058
2009-11-13,0.6254925116940816,1.66
2009-11-14,0.7279938299958534,3.71
2009-11-15,0.693588388516631,5.26
2009-11-16,0.2929874260406963,1.99
2009-11-17,0.0858793665296213,0.304
2009-11-18,0.06170315536005287,0.108
2009-11-19,0.0549010667418288,0.079
2009-11-20,0.0481129369663643,0.06
2009-11-21,0.35670222193163825,0.065
2009-11-22,0.21124778453477974,0.214
2009-11-23,0.18358276019127226,0.162
2009-11-24,0.11396093080478484,0.114
2009-11-25,0.05971229374961098,0.115
2009-11-26,0.04967204477943587,0.106
2009-11-27,0.35390897592948306,0.126
2009-11-28,0.6985230036497794,0.493
2009-11-29,0.821802317682565,8.44
2009-11-30,0.6579418866573877,18.8
2009-12-01,0.20384532365006597,12.9
2009-12-02,0.923203338967173,11.2
2009-12-03,0.5191083013620253,20.9
2009-12-04,0.39920095814296547,12.6
2009-12-05,0.5850559261824374,2.74
2009-12-06,0.3843725344454412,5.15
2009-12-07,0.3351905633129008,2.63
2009-12-08,0.2528333889835319,1.25
2009-12-09,0.1931502026577387,0.407
2009-12-10,0.1631597025430643,0.218
2009-12-11,0.14220121520246376,0.156
2009-12-12,0.12883075494193788,0.116
2009-12-13,0.11647238222481307,0.094
2009-12-14,0.10408777079490053,0.092
2009-12-15,0.09647025026691781,0.084
2009-12-16,0.21377063597480478,0.083
2009-12-17,0.5024044028997312,0.099
2009-12-18,0.1763085597731841,0.147
2009-12-19,0.14182803380262243,0.131
2009-12-20,0.12021968551887877,0.132
2009-12-21,0.7672713594713165,0.197
2009-12-22,0.22662526975115488,1.25
2009-12-23,0.8373448406210318,3.41
2009-12-24,0.35050004366697896,27.7
2009-12-25,0.2379495694445819,21.3
2009-12-26,0.20570844836761462,6.45
2009-12-27,0.17774963181265785,1.85
2009-12-28,0.16185415636414682,0.567
2009-12-29,0.9797664712156313,5.74
2009-12-30,0.8986647382043597,18.0
2009-12-31,0.3586182669163467,12.6
2010-01-01,0.27844242159077964,2.96
2010-01-02,0.2431352323991084,0.698
2010-01-03,0.21829403187002336,0.308
2010-01-04,0.19781260744143003,0.234
2010-01-05,0.3395069601457174,0.199
2010-01-06,0.3299529582620022,0.187
2010-01-07,0.24322349484199865,0.151
2010-01-08,0.22322017036498276,0.121
2010-01-09,0.30677851424756136,0.111
2010-01-10,0.2821989340108404,0.124
2010-01-11,0.21067335358475173,0.15
2010-01-12,0.20806091740271532,0.151
2010-01-13,0.6456128619516558,0.178
2010-01-14,0.5445202551709317,11.3
2010-01-15,0.29347945255915225,14.6
2010-01-16,0.7591414347911642,10.4
2010-01-17,0.3422226668896639,18.3
2010-01-18,0.28294265143598923,9.23
2010-01-19,0.2558321892568686,2.23
2010-01-20,0.2372519148574082,0.556
2010-01-21,0.28659630350174975,0.315
2010-01-22,0.5855400663238823,0.694
2010-01-23,0.2903827020863943,3.31
2010-01-24,0.46657212470020815,2.03
2010-01-25,0.2864711974081254,1.32
2010-01-26,0.25183091212618264,0.701
2010-01-27,0.2809176479151414,0.387
2010-01-28,0.6180207556964692,0.397
2010-01-29,0.32770520767618894,2.5
2010-01-30,0.2702943158483667,2.23
2010-01-31,0.2510740876101255,0.522
2010-02-01,0.2674141721972367,0.276
2010-02-02,0.2992328038648053,0.274
2010-02-03,0.250839321773774,0.282
2010-02-04,0.42323817649799567,0.293
2010-02-05,0.26709321645984785,0.544
2010-02-06,0.24468576379053514,0.467
2010-02-07,0.2715048038324669,0.318
2010-02-08,0.24128170447013006,0.292
2010-02-09,0.22730185705743056,0.246
2010-02-10,0.2424670844121418,0.2
2010-02-11,0.28481891474798854,0.165
2010-02-12,0.23480839300946918,0.175
2010-02-13,0.22668726961895871,0.171
2010-02-14,0.21957078505153899,0.178
2010-02-15,0.3288802235584673,0.178
2010-02-16,1.0511250799401037,22.2
2010-02-17,0.476268939528315,23.3
2010-02-18,0.8269507577147661,10.7
2010-02-19,0.4174397791853576,14.7
2010-02-20,0.37736433348830606,9.88
2010-02-21,1.450261315903806,7.25
2010-02-22,1.1043663588919364,55.4
2010-02-23,0.8551694768852283,31.9
2010-02-24,0.98745673777978,17.9
2010-02-25,1.3273657155713683,26.6
2010-02-26,0.7889561619752823,25.2
2010-02-27,1.6739947181663741,8.01
2010-02-28,1.4565706933448248,53.5
2010-03-01,0.8302153986466055,32.8
2010-03-02,0.6917838109350576,8.15
2010-03-03,0.6076719841431146,2.01
2010-03-04,0.5440309701417881,0.759
2010-03-05,0.49284103517728656,0.452
2010-03-06,0.45295543508520336,0.349
2010-03-07,0.42188398543555017,0.276
2010-03-08,0.39759220848433685,0.244
2010-03-09,0.3788075021906706,0.218
2010-03-10,0.3641976391058611,0.213
2010-03-11,0.35571733593071747,0.174
2010-03-12,0.40132836950323203,0.166
2010-03-13,0.3553746138519876,0.151
2010-03-14,0.345710331122635,0.14
2010-03-15,0.3394983338300917,0.133
2010-03-16,0.3351935381917519,0.127
2010-03-17,0.33205004205079625,0.123
2010-03-18,0.3307669820773277,0.119
2010-03-19,0.3895590202328592,0.149
2010-03-20,0.3423305370310409,0.187
2010-03-21,0.3320843883731213,0.152
2010-03-22,0.3302396524020835,0.12
2010-03-23,0.329049898716294,0.113
2010-03-24,0.48682896369532397,0.165
2010-03-25,0.5555111178922627,0.433
2010-03-26,0.35343023447901334,0.389
2010-03-27,0.4032681883399046,0.233
2010-03-28,0.414557090309422,0.193
2010-03-29,0.7305450717537417,0.798
2010-03-30,0.6015549240763529,4.29
2010-03-31,0.42402150727851273,3.53
2010-04-01,0.5515438909813395,1.23
2010-04-02,0.549137456889778,1.82
2010-04-03,0.5232182391016656,1.38
2010-04-04,0.43241290310275426,0.645
2010-04-05,0.4051235388412798,0.331
2010-04-06,0.3892883016615138,0.265
2010-04-07,0.3781655712002964,0.213
2010-04-08,0.367090716732568,0.174
2010-04-09,0.35892373681839784,0.153
2010-04-10,0.35226860707774615,0.135
2010-04-11,0.34676974042692993,0.123
2010-04-12,0.3421688885380796,0.113
2010-04-13,0.33826859143140675,0.074
2010-04-14,0.33491085537090814,0.061
2010-04-15,0.3319717290862297,0.058
2010-04-16,0.3293509996891189,0.052
2010-04-17,0.3269697465628734,0.051
2010-04-18,0.32476506611123995,0.05
2010-04-19,0.32269298570433935,0.045
2010-04-20,0.32070751647184204,0.043
2010-04-21,0.31878368009395913,0.04
2010-04-22,0.3168966057486713,0.038
2010-04-23,0.31502780510896267,0.037
2010-04-24,0.3133875450793478,0.036
2010-04-25,0.3118028186178552,0.035
2010-04-26,0.30943678633949073,0.035
2010-04-27,0.30750273049007704,0.028
2010-04-28,0.3055708474499202,0.028
2010-04-29,0.3062857368673346,0.028
2010-04-30,0.3183581277113547,0.036
2010-05-01,0.8397923724300415,0.058
2010-05-02,0.5158352094529509,0.735
2010-05-03,0.32491699123510975,0.428
2010-05-04,0.30768531579607145,0.154
2010-05-05,0.3023062947262601,0.115
2010-05-06,0.298140455513169,0.103
2010-05-07,0.29455930686430193,0.098
2010-05-08,0.29154842580329343,0.085
2010-05-09,0.28791042095091496,0.082
2010-05-10,0.2847810505465369,0.08
2010-05-11,0.2819229352131135,0.079
2010-05-12,0.27940808676637796,0.073
2010-05-13,0.2764957342354875,0.071
2010-05-14,0.2738811926980116,0.067
2010-05-15,0.2713282091590633,0.065
2010-05-16,0.6767327968119837,0.103
2010-05-17,0.3017342082603165,0.221
2010-05-18,0.2700561324437727,0.101
2010-05-19,0.26473526747756954,0.063
2010-05-20,0.26155968752917547,0.055
2010-05-21,0.25866328909702846,0.05
2010-05-22,0.2558754839552877,0.047
2010-05-23,0.2531703272514159,0.048
2010-05-24,0.25052892268821225,0.047
2010-05-25,0.24793810976351097,0.043
2010-05-26,0.24796288893189444,0.043
2010-05-27,0.24305310493497154,0.051
2010-05-28,0.24038891466008483,0.052
2010-05-29,0.24022786869190116,0.049
2010-05-30,0.23559104501046402,0.053
2010-05-31,0.23302529587671844,0.049
2010-06-01,0.3684218554530966,0.063
2010-06-02,0.241926117098542,0.098
2010-06-03,0.23007105625532753,0.056
2010-06-04,0.2263872343397606,0.044
2010-06-05,0.2804358717519329,0.054
2010-06-06,0.22866829521474435,0.061
2010-06-07,0.23595435095503783,0.067
2010-06-08,0.222121780212632,0.067
2010-06-09,0.2172550278662317,0.072
2010-06-10,0.21530598950914867,0.054
2010-06-11,0.21083391187378522,0.046
2010-06-12,0.20781523411270966,0.044
2010-06-13,0.20503613306188662,0.048
2010-06-14,0.2027268489710757,0.05
2010-06-15,0.1998262526141016,0.038
2010-06-16,0.1973157557289522,0.035
2010-06-17,0.19488588140718746,0.035
2010-06-18,0.19262348270739482,0.036
2010-06-19,0.1905499468931589,0.035
2010-06-20,0.1879097604185376,0.035
2010-06-21,0.18563150730900668,0.035
2010-06-22,0.1834015950923609,0.037
2010-06-23,0.1811991077973137,0.034
2010-06-24,0.17902057357784304,0.035
2010-06-25,0.1768640282072075,0.033
2010-06-26,0.1747279955790818,0.035
2010-06-27,0.17261134582454427,0.033
2010-06-28,0.17187347087455856,0.032
2010-06-29,0.1685155322136026,0.037
2010-06-30,0.1663748760460575,0.036
2010-07-01,0.16433021482278531,0.035
2010-07-02,0.1623171335157781,0.034
2010-07-03,0.16028568510494878,0.034
2010-07-04,0.15828749170747144,0.032
2010-07-05,0.15630945441623395,0.032
2010-07-06,0.15437295695378062,0.032
2010-07-07,0.15241417603927673,0.034
2010-07-08,0.15047023250418387,0.033
2010-07-09,0.14855616614990497,0.031
2010-07-10,0.14665951290460777,0.03
2010-07-11,0.14644155024733557,0.029
2010-07-12,0.14516866523634153,0.029
2010-07-13,0.14142884215225238,0.03
2010-07-14,0.1595214293521622,0.032
2010-07-15,0.14226811400046438,0.034
2010-07-16,0.13814665187263392,0.038
2010-07-17,0.1357968114016405,0.032
2010-07-18,0.13367286984278992,0.03
2010-07-19,0.13164767917202466,0.03
2010-07-20,0.12969878541063753,0.028
2010-07-21,0.12785888666252856,0.025
2010-07-22,0.12687936822928245,0.025
2010-07-23,0.12425181292954045,0.025
2010-07-24,0.12261673687433086,0.025
2010-07-25,0.12078032929337632,0.026
2010-07-26,0.11937424525186478,0.028
2010-07-27,0.1179961599676006,0.029
2010-07-28,0.11584278363855506,0.029
2010-07-29,0.11421095362126771,0.029
2010-07-30,0.11332686156133887,0.029
2010-07-31,0.11119035014970206,0.029
2010-08-01,0.10957971904507426,0.029
2010-08-02,0.10811918315498634,0.029
2010-08-03,0.10659547950809174,0.029
2010-08-04,0.13779192093127374,0.032
2010-08-05,0.10928889543482023,0.031
2010-08-06,0.10735259307636393,0.033
2010-08-07,0.10405684751034633,0.032
2010-08-08,0.10157245243099265,0.035
2010-08-09,0.34624711853111406,0.042
2010-08-10,0.13716135758916578,0.064
2010-08-11,0.10333256435285025,0.068
2010-08-12,0.09953151936933677,0.074
2010-08-13,0.36517242110561854,0.43
2010-08-14,0.12010354595008037,0.279
2010-08-15,0.09917226129148556,0.443
2010-08-16,0.09543970270347758,0.226
2010-08-17,0.09413466173669273,0.045
2010-08-18,0.09096656712324565,0.038
2010-08-19,0.08888757235977784,0.037
2010-08-20,0.08712328578647079,0.035
2010-08-21,0.08571500413636693,0.034
2010-08-22,0.6521583204525785,0.166
2010-08-23,0.2643096574487376,0.291
2010-08-24,0.10413676282905406,1.46
2010-08-25,0.6606783506175185,4.05
2010-08-26,0.6923315443454024,6.24
2010-08-27,0.16185364433752775,6.29
2010-08-28,0.10138523232010041,2.98
2010-08-29,0.09286476445573336,0.838
2010-08-30,0.08780721640764089,0.153
2010-08-31,0.0844507712062985,0.061
2010-09-01,0.08165839863759672,0.045
2010-09-02,0.07926650758778521,0.039
2010-09-03,0.07720408715229364,0.038
2010-09-04,0.07536839739401925,0.038
2010-09-05,0.07375094559450707,0.038
2010-09-06,0.3915455600057944,0.046
2010-09-07,0.10106206849165553,0.073
2010-09-08,0.07872746877924232,0.129
2010-09-09,0.07452669469321212,0.08
2010-09-10,0.07147344471585633,0.059
2010-09-11,0.06981788439340122,0.048
2010-09-12,0.06824261976522673,0.043
2010-09-13,0.06691824214293361,0.041
2010-09-14,0.12431446597745845,0.051
2010-09-15,0.06913744063241778,0.043
2010-09-16,0.06444070440287873,0.042
2010-09-17,0.06264993701422589,0.042
2010-09-18,0.06169054875255113,0.04
2010-09-19,0.06082133847694221,0.037
2010-09-20,0.05997568324785694,0.037
2010-09-21,0.05917011167771415,0.032
2010-09-22,0.0584094238618302,0.032
2010-09-23,0.17283892192003136,0.058
2010-09-24,0.0688305205070449,0.058
2010-09-25,0.059557999840494084,0.056
2010-09-26,0.35612752462101144,0.05
2010-09-27,0.0834548389959934,0.07
2010-09-28,0.06215111995592717,0.099
2010-09-29,0.49706217826455773,0.088
2010-09-30,0.09488589573180227,0.25
2010-10-01,0.41438300905755865,0.671
2010-10-02,0.46236145757302094,1.25
2010-10-03,0.3035580906086406,2.16
2010-10-04,0.08937002512580608,1.69
2010-10-05,0.36129345300273397,0.874
2010-10-06,0.09425061535967577,0.596
2010-10-07,0.06889691081326003,0.891
2010-10-08,0.0635875787498847,0.283
2010-10-09,0.06036499704917793,0.081
2010-10-10,0.0578347154597157,0.059
2010-10-11,0.05565347445808791,0.052
2010-10-12,0.05385425383610688,0.044
2010-10-13,0.05233123890670861,0.041
2010-10-14,0.05115520255086757,0.041
2010-10-15,0.05122469595515414,0.041
2010-10-16,0.04936291914304122,0.046
2010-10-17,0.0482042289962397,0.051
2010-10-18,0.06982199057317105,0.047
2010-10-19,0.2298679499620208,0.076
2010-10-20,0.06282807603772197,0.188
2010-10-21,0.04941539077514676,0.096
2010-10-22,0.5799909801427867,0.088
2010-10-23,0.09287913090757917,0.254
2010-10-24,0.054030680604527793,0.447
2010-10-25,0.04936750005887318,0.114
2010-10-26,0.28487441159931515,0.081
2010-10-27,0.06702703215736777,0.16
2010-10-28,0.04952488574458451,0.115
2010-10-29,0.04878777471824356,0.083
2010-10-30,0.04593865134146936,0.067
2010-10-31,0.04499681057720444,0.064
2010-11-01,0.043606456095980725,0.064
2010-11-02,0.04251298638352357,0.057
2010-11-03,0.04174807133965652,0.052
2010-11-04,0.04108183762472206,0.05
2010-11-05,0.4657280811808024,0.059
2010-11-06,0.07605331972595988,0.118
2010-11-07,0.04667458819164741,0.11
2010-11-08,0.3043704456858421,0.09
2010-11-09,0.22056910832005955,0.199
2010-11-10,0.10948633519165389,0.272
2010-11-11,0.09838068723104336,0.147
2010-11-12,0.1470440707346343,0.325
2010-11-13,0.07023935415288074,0.155
2010-11-14,0.2835474598324681,0.14
2010-11-15,0.0723043624305669,0.226
2010-11-16,0.05336504463294282,0.129
2010-11-17,0.08941715966691495,0.096
2010-11-18,0.07673927084980384,0.084
2010-11-19,0.05026454246572615,0.088
2010-11-20,0.04588806965631576,0.077
2010-11-21,0.04380580517429646,0.073
2010-11-22,0.04216106045040928,0.068
2010-11-23,0.04073956959233472,0.064
2010-11-24,0.03962629496472511,0.059
2010-11-25,0.03859428362788398,0.056
2010-11-26,0.03778207653626428,0.052
2010-11-27,0.03709472706238578,0.049
2010-11-28,0.03653458889130213,0.049
2010-11-29,0.2690689033324424,0.051
2010-11-30,0.5494071331282914,0.07
2010-12-01,0.3545276795052566,0.131
2010-12-02,0.1289903359378967,0.112
2010-12-03,0.12772075029160282,0.109
2010-12-04,0.2578915818693443,0.163
2010-12-05,0.07456898202980537,1.21
2010-12-06,0.05706852041773367,1.27
2010-12-07,0.05188525260573555,0.276
2010-12-08,0.048327743624004986,0.13
2010-12-09,0.045436915584525485,0.099
2010-12-10,0.04314160346433615,0.133
2010-12-11,0.04128975847790082,4.42
2010-12-12,0.03984273702580504,3.82
2010-12-13,0.03878974347688162,0.665
2010-12-14,0.03756730798920751,0.164
2010-12-15,0.049267008396846036,0.125
2010-12-16,0.20401362926357833,0.151
2010-12-17,0.09501951714422024,0.281
2010-12-18,0.4081371323190493,0.161
2010-12-19,0.07761805242391853,0.125
2010-12-20,0.1329050339454126,0.101
2010-12-21,0.2146573147853391,0.107
2010-12-22,0.06734560571350096,0.206
2010-12-23,0.05204410532486421,0.216
2010-12-24,0.04774618880192105,0.15
2010-12-25,0.04489851286672361,0.114
2010-12-26,0.042742764422323644,0.092
2010-12-27,0.2217044276955304,0.093
2010-12-28,0.10212445471112556,0.325
2010-12-29,0.1334304999733111,1.33
2010-12-30,0.05773199786840522,2.43
2010-12-31,0.04857820050046486,0.8
2011-01-01,0.047094111308808084,0.243
2011-01-02,0.04335227710390313,0.187
2011-01-03,0.04133131246270488,0.158
2011-01-04,0.03986819152277421,0.14
2011-01-05,0.07700653901145393,0.132
2011-01-06,0.6430768145094593,1.51
2011-01-07,0.7707748819063056,5.24
2011-01-08,0.1929247054726317,8.03
2011-01-09,0.10543774280141104,6.46
2011-01-10,0.5267685226579153,3.03
2011-01-11,0.5338117646469609,2.93
2011-01-12,0.34153202647654757,5.55
2011-01-13,0.23721118807219957,5.03
2011-01-14,0.44416973499543716,4.74
2011-01-15,0.1924120868109641,4.64
2011-01-16,0.7724780090007394,2.68
2011-01-17,1.2909736282351183,11.1
2011-01-18,0.9493535026263503,17.8
2011-01-19,0.37473459281516375,7.97
2011-01-20,0.2906302572948422,3.88
2011-01-21,0.2441017987331318,2.96
2011-01-22,0.22564768448897385,2.38
2011-01-23,0.188105015722567,2.02
2011-01-24,0.16770754719164477,1.81
2011-01-25,0.2798550819472852,1.45
2011-01-26,0.1713273481847851,1.14
2011-01-27,0.14626341500285872,0.847
2011-01-28,0.13384104799170526,0.499
2011-01-29,0.12473605813504544,0.272
2011-01-30,0.1178325224651452,0.17
2011-01-31,0.1126162733769901,0.163
2011-02-01,0.11829659945394766,0.145
2011-02-02,0.10969301113242148,0.133
2011-02-03,0.10631027916460337,0.142
2011-02-04,0.1043143142469315,0.146
2011-02-05,0.10299006951622794,0.166
2011-02-06,0.10206286258921875,0.155
2011-02-07,0.10151805851648253,0.147
2011-02-08,0.10129157964974804,0.135
2011-02-09,0.10132157021005812,0.131
2011-02-10,0.549365046616488,0.3
2011-02-11,0.2928146159153892,0.318
2011-02-12,0.1601970502072352,0.28
2011-02-13,0.22213660860985127,0.258
2011-02-14,0.15356831414489303,0.225
2011-02-15,0.17080675505956813,0.197
2011-02-16,0.1438707768903864,0.177
2011-02-17,0.13580898014335369,0.143
2011-02-18,0.603236689669372,0.134
2011-02-19,0.46971897061266965,1.55
2011-02-20,0.22369388975725038,1.84
2011-02-21,0.19097200119345517,1.31
2011-02-22,0.23991485357660092,1.02
2011-02-23,0.48796281241124806,2.38
2011-02-24,0.23471642320257902,3.17
2011-02-25,0.35526344951210315,1.99
2011-02-26,0.44459474002664223,2.11
2011-02-27,0.2535520350038631,1.8
2011-02-28,0.21401273521491443,1.1
2011-03-01,0.1944909274433612,0.496
2011-03-02,0.1811829266499457,0.277
2011-03-03,0.1707307058372143,0.231
2011-03-04,0.1625751913252222,0.197
2011-03-05,0.1566921022240546,0.174
2011-03-06,0.15121569275577945,0.155
2011-03-07,0.14725334512011456,0.147
2011-03-08,0.1441947595487818,0.135
2011-03-09,0.14180698269528352,0.13
2011-03-10,0.13993210464940325,0.121
2011-03-11,0.1384796794355971,0.115
2011-03-12,0.13818261609595295,0.113
2011-03-13,0.137459887610996,0.11
2011-03-14,0.13581429584157584,0.102
2011-03-15,0.13519340507114844,0.096
2011-03-16,0.1347169488980414,0.094
2011-03-17,0.13429982585315206,0.09
2011-03-18,0.33396066507284766,0.137
2011-03-19,0.15096957496442806,0.125
2011-03-20,0.1367916903864311,0.098
2011-03-21,0.13501164298947194,0.088
2011-03-22,0.13422976015384383,0.083
2011-03-23,0.13359699922235274,0.082
2011-03-24,0.13297656272450947,0.08
2011-03-25,0.13240160885943902,0.083
2011-03-26,0.13191134097466778,0.081
2011-03-27,0.1312990216248634,0.076
2011-03-28,0.13074557052736258,0.077
2011-03-29,0.13024478510501236,0.075
2011-03-30,0.2704065165496785,0.082
2011-03-31,0.14169616734595614,0.113
2011-04-01,0.13135557746301435,0.088
2011-04-02,0.12963960720320816,0.078
2011-04-03,0.12866459837452127,0.069
2011-04-04,0.12887642461890575,0.066
2011-04-05,0.12700262051455247,0.069
2011-04-06,0.12599419735038622,0.071
2011-04-07,0.1251445669324542,0.066
2011-04-08,0.12431322273556875,0.062
2011-04-09,0.12348721646344786,0.057
2011-04-10,0.12265769729930849,0.056
2011-04-11,0.12267617018733412,0.058
2011-04-12,0.12103773643972685,0.056
2011-04-13,0.12019653078621488,0.05
2011-04-14,0.11929875449660733,0.052
2011-04-15,0.11843203377650563,0.05
2011-04-16,0.11756625263486303,0.051
2011-04-17,0.11668450187060107,0.049
2011-04-18,0.11579459308894989,0.042
2011-04-19,0.11489680350015442,0.046
2011-04-20,0.11399207168007215,0.046
2011-04-21,0.11307775451073064,0.045
2011-04-22,0.11215439927376586,0.043
2011-04-23,0.11135159540065354,0.043
2011-04-24,0.1102948285799171,0.043
2011-04-25,0.10934484470777733,0.044
2011-04-26,0.1083952282490127,0.044
2011-04-27,0.10744515219738547,0.044
2011-04-28,0.10677445698038165,0.043
2011-04-29,0.10556456370833281,0.042
2011-04-30,0.10455249648286125,0.042
2011-05-01,0.10358043939486197,0.039
2011-05-02,0.1026050175637231,0.036
2011-05-03,0.10162868129550214,0.037
2011-05-04,0.10065365612518005,0.039
2011-05-05,0.09967351026223106,0.04
2011-05-06,0.10026855926510726,0.041
2011-05-07,0.09908322958132589,0.041
2011-05-08,0.09681941315371599,0.046
2011-05-09,0.09575154480027862,0.049
2011-05-10,0.09476589653054192,0.036
2011-05-11,0.09378712836500262,0.033
2011-05-12,0.09280770171205269,0.033
2011-05-13,0.09183278952802919,0.029
2011-05-14,0.09098213515474608,0.03
2011-05-15,0.0899044347441802,0.03
2011-05-16,0.08891491702860126,0.031
2011-05-17,0.08807925058725226,0.031
2011-05-18,0.08739737222878018,0.032
2011-05-19,0.0860456105294651,0.032
2011-05-20,0.08506748353668184,0.031
2011-05-21,0.08476157526115653,0.028
2011-05-22,0.08329790255024351,0.032
2011-05-23,0.08223691601046967,0.037
2011-05-24,0.08127836897641001,0.037
2011-05-25,0.08034338783632869,0.035
2011-05-26,0.35090368463719457,0.051
2011-05-27,0.10358049054473699,0.1
2011-05-28,0.08308926996533579,0.095
2011-05-29,0.08001279111709997,0.049
2011-05-30,0.07954461622180818,0.038
2011-05-31,0.07717231724182942,0.037
2011-06-01,0.07576774581917507,0.038
2011-06-02,0.07457335347376776,0.035
2011-06-03,0.07345756819650963,0.035
2011-06-04,0.07239847527802434,0.033
2011-06-05,0.6536306137286634,0.198
2011-06-06,0.6686161983082064,0.353
2011-06-07,0.5365023694558538,0.49
2011-06-08,0.11635162870424705,0.254
2011-06-09,0.08100135227452304,0.087
2011-06-10,0.07790489068736534,0.056
2011-06-11,0.0736739682913319,0.05
2011-06-12,0.17434014664463732,0.058
2011-06-13,0.08053619530158401,0.067
2011-06-14,0.07187668881569141,0.095
2011-06-15,0.07091004644982703,0.059
2011-06-16,0.06985081365983878,0.042
2011-06-17,0.4430973192000834,0.054
2011-06-18,0.5689913608129145,0.224
2011-06-19,0.11191896487870416,0.285
2011-06-20,0.0769597077481627,0.237
2011-06-21,0.06949482314710625,0.111
2011-06-22,0.06915898896777037,0.071
2011-06-23,0.06637038438641489,0.057
2011-06-24,0.1908044845886283,0.049
2011-06-25,0.07524642464003804,0.047
2011-06-26,0.06534563068972436,0.104
2011-06-27,0.06287858712535205,0.102
2011-06-28,0.11637184043532872,0.11
2011-06-29,0.06710730608259706,0.075
2011-06-30,0.06197515851585091,0.075
2011-07-01,0.05999075672655861,0.062
2011-07-02,0.058445802264130556,0.054
2011-07-03,0.057114234178781406,0.052
2011-07-04,0.05594463395592104,0.049
2011-07-05,0.057423034237377026,0.049
2011-07-06,0.05547308257196485,0.05
2011-07-07,0.1910207601388521,0.071
2011-07-08,0.0834012370191884,0.113
2011-07-09,0.058327522926207055,0.254
2011-07-10,0.055187527182010136,0.322
2011-07-11,0.05321961345081257,0.229
2011-07-12,0.05300767201085223,0.155
2011-07-13,0.051065154376912995,0.12
2011-07-14,0.050092011761829466,0.114
2011-07-15,0.0500110009837381,0.106
2011-07-16,0.38109516375733293,0.266
2011-07-17,0.21074223498002828,0.342
2011-07-18,0.07037338436148458,0.7
2011-07-19,0.056715515775070204,1.09
2011-07-20,0.05713356042867295,0.857
2011-07-21,0.08181315672541527,0.591
2011-07-22,0.2168345700715363,0.38
2011-07-23,0.063752158876959,0.355
2011-07-24,0.050632322156473356,0.32
2011-07-25,0.04829274856323478,0.292
2011-07-26,0.046948856612997074,0.138
2011-07-27,0.04584435098668155,0.065
2011-07-28,0.044884787506354246,0.047
2011-07-29,0.04403455376690481,0.045
2011-07-30,0.04327219148458469,0.059
2011-07-31,0.042588301482424255,0.075
2011-08-01,0.04220225416970615,0.084
2011-08-02,0.04143952658229039,0.085
2011-08-03,0.04395428334672843,0.075
2011-08-04,0.26254800704953335,0.181
2011-08-05,0.06074223389759908,0.264
2011-08-06,0.04505383856508616,0.425
2011-08-07,0.04522267104577773,0.305
2011-08-08,0.04225768575911352,0.248
2011-08-09,0.04048433027547104,0.266
2011-08-10,0.03967555080604883,0.139
2011-08-11,0.04043011082670026,0.059
2011-08-12,0.03891460266281884,0.045
2011-08-13,0.037613865605831916,0.042
2011-08-14,0.036953822113770386,0.04
2011-08-15,0.03660713807327124,0.039
2011-08-16,0.035930655661221965,0.036
2011-08-17,0.03632064166655414,0.036
2011-08-18,0.12989663752992475,0.045
2011-08-19,0.044693214977085,0.047
2011-08-20,0.039631368430592055,0.063
2011-08-21,0.036448934744324375,0.052
2011-08-22,0.036302454395636057,0.054
2011-08-23,0.03622714341905779,0.046
2011-08-24,0.034468336856688035,0.04
2011-08-25,0.593799270184265,0.14
2011-08-26,0.5073080747004531,0.994
2011-08-27,0.15311742493159217,2.84
2011-08-28,0.052493094662367915,2.88
2011-08-29,0.04095437800943767,1.28
2011-08-30,0.03828943936410362,0.495
2011-08-31,0.036578106764997835,0.12
2011-09-01,0.03519600170670048,0.052
2011-09-02,0.03404124346612024,0.044
2011-09-03,0.03306408920687284,0.041
2011-09-04,0.03470283481881599,0.052
2011-09-05,0.03278240570900176,0.051
2011-09-06,0.061603491346817786,0.046
2011-09-07,0.03537835458465711,0.053
2011-09-08,0.034070578813450436,0.074
2011-09-09,0.031673760519224416,0.063
2011-09-10,0.039125115044241314,0.077
2011-09-11,0.03319743446069056,0.085
2011-09-12,0.03135863054946899,0.089
2011-09-13,0.03060376800900596,0.067
2011-09-14,0.029658601735551446,0.053
2011-09-15,0.0290285530010771,0.049
2011-09-16,0.028420444103550744,0.046
2011-09-17,0.029663648549275837,0.046
2011-09-18,0.02864336895656068,0.061
2011-09-19,0.02729688698056993,0.077
2011-09-20,0.028610323674631625,0.058
2011-09-21,0.02656030157547608,0.051
2011-09-22,0.025974574534880897,0.057
2011-09-23,0.025642472225441058,0.055
2011-09-24,0.025341423864560866,0.049
2011-09-25,0.02506022126857232,0.046
2011-09-26,0.04872968979893402,0.045
2011-09-27,0.02851192881598891,0.067
2011-09-28,0.026604128810591415,0.08
2011-09-29,0.025811614178037352,0.059
2011-09-30,0.025207245664253388,0.047
2011-10-01,0.024690814908749522,0.038
2011-10-02,0.024212277113805542,0.036
2011-10-03,0.02379206540670561,0.034
2011-10-04,0.02342501889749138,0.033
2011-10-05,0.04784683514117884,0.033
2011-10-06,0.028094664040721376,0.037
2011-10-07,0.024952851124348016,0.051
2011-10-08,0.13753030483346437,0.04
2011-10-09,0.03399268444372209,0.042
2011-10-10,0.025599715771597593,0.063
2011-10-11,0.024221519388048323,0.047
2011-10-12,0.02346111805964365,0.036
2011-10-13,0.022769889711554366,0.034
2011-10-14,0.02220381994364406,0.033
2011-10-15,0.021730274392403496,0.034
2011-10-16,0.021304180307224276,0.033
2011-10-17,0.12557791450662298,0.036
2011-10-18,0.03059376139298897,0.043
2011-10-19,0.023404295588063215,0.065
2011-10-20,0.021851228863099897,0.047
2011-10-21,0.021184629620766043,0.04
2011-10-22,0.020659106215496593,0.037
2011-10-23,0.020204367352909487,0.037
2011-10-24,0.02059781562589064,0.038
2011-10-25,0.020839871478355906,0.038
2011-10-26,0.13926993275047675,0.042
2011-10-27,0.041737482094770205,0.047
2011-10-28,0.023164231632933782,0.052
2011-10-29,0.021015811141777092,0.048
2011-10-30,0.02023982684850602,0.042
2011-10-31,0.11188173395869076,0.041
2011-11-01,0.02773264810712761,0.046
2011-11-02,0.021547332129786996,0.066
2011-11-03,0.6038491821701395,0.407
2011-11-04,0.616822882994216,2.08
2011-11-05,0.4428696955552775,1.32
2011-11-06,0.06127415768613842,0.434
2011-11-07,0.03124823888009859,0.174
2011-11-08,0.027037730189431737,0.074
2011-11-09,0.02455836084777367,0.061
2011-11-10,0.023063749385475004,0.056
2011-11-11,0.021793427577328675,0.052
2011-11-12,0.020828123625796564,0.048
2011-11-13,0.02002159363782618,0.047
2011-11-14,0.019373979248049587,0.046
2011-11-15,0.01883547664654573,0.044
2011-11-16,0.01838884377592549,0.044
2011-11-17,0.018090426744603372,0.043
2011-11-18,0.017787518107118604,0.043
2011-11-19,0.017491787814898487,0.043
2011-11-20,0.01725374326446987,0.043
2011-11-21,0.01707784506157358,0.044
2011-11-22,0.016964675764431825,0.043
2011-11-23,0.016697096920464182,0.043
2011-11-24,0.016810810370878507,0.043
2011-11-25,0.016306496146116324,0.043
2011-11-26,0.01617679714647866,0.042
2011-11-27,0.016062141231161273,0.042
2011-11-28,0.01594540813365486,0.042
2011-11-29,0.09127215945352594,0.045
2011-11-30,0.025824061061907516,0.044
2011-12-01,0.43933108726164627,0.064
2011-12-02,0.07998666601798242,0.193
2011-12-03,0.025842351945939524,0.148
2011-12-04,0.04685515272194984,0.095
2011-12-05,0.02186137943589341,0.073
2011-12-06,0.019427599211048877,0.057
2011-12-07,0.018151325798360683,0.05
2011-12-08,0.032184964693919,0.048
2011-12-09,0.01879629351704941,0.061
2011-12-10,0.01743225383302528,0.052
2011-12-11,0.24651659583266317,0.051
2011-12-12,0.4129816920178169,0.118
2011-12-13,0.051765654984089304,0.261
2011-12-14,0.024227410518359253,0.198
2011-12-15,0.4574276047324378,0.113
2011-12-16,0.12285467302405563,0.374
2011-12-17,0.034440427319516,0.394
2011-12-18,0.03978189354541067,0.182
2011-12-19,0.21243477691468207,0.095
2011-12-20,0.12303644259034198,0.153
2011-12-21,0.03866075786220647,0.15
2011-12-22,0.028949384725253033,0.151
2011-12-23,0.22766131205897266,0.121
2011-12-24,0.04538197172312016,0.282
2011-12-25,0.029079006757168988,0.155
2011-12-26,0.025725136389271857,0.091
2011-12-27,0.023789690336582816,0.073
2011-12-28,0.02224036527732618,0.067
2011-12-29,0.18761834448340284,0.077
2011-12-30,0.27782000807503715,0.094
2011-12-31,0.04826104154308683,0.225
2012-01-01,0.6311364999506237,1.19
2012-01-02,0.26859482935465157,1.65
2012-01-03,0.5688106631491319,1.79
2012-01-04,0.433901701993837,1.45
2012-01-05,0.1007270685106942,1.01
2012-01-06,0.06573349263105228,0.532
2012-01-07,0.05541087685884882,0.209
2012-01-08,0.048544100160141365,0.119
2012-01-09,0.043233685288783553,0.098
2012-01-10,0.03901454937476699,0.086
2012-01-11,0.0357463863836508,0.075
2012-01-12,0.03313058513882517,0.093
2012-01-13,0.031116715298135405,0.069
2012-01-14,0.029615860212665816,0.054
2012-01-15,0.028328654869494773,0.05
2012-01-16,0.02739085954399634,0.048
2012-01-17,0.026973561370801417,0.051
2012-01-18,0.2600276072144375,0.055
2012-01-19,0.05470713749723127,0.221
2012-01-20,0.047754515910161215,0.2
2012-01-21,0.030192233474636867,0.145
2012-01-22,0.028320439478984327,0.106
2012-01-23,0.02811772391359173,0.084
2012-01-24,0.19572946671095326,0.12
2012-01-25,0.18986326132745304,0.147
2012-01-26,0.042326347166553986,0.264
2012-01-27,0.030678813925909355,0.21
2012-01-28,0.029040863588776063,0.109
2012-01-29,0.028300219899805253,0.076
2012-01-30,0.027619415958888595,0.067
2012-01-31,0.027478434526033598,0.057
2012-02-01,0.026898214454424967,0.05
2012-02-02,0.026626210525893305,0.04
2012-02-03,0.02641952037707484,0.033
2012-02-04,0.5811211758466975,0.032
2012-02-05,0.07330839117608066,0.04
2012-02-06,0.03553185266654554,0.141
2012-02-07,0.031265560386164994,0.149
2012-02-08,0.030034371053419613,0.084
2012-02-09,0.06695936901675073,0.073
2012-02-10,0.034650545182529205,0.078
2012-02-11,0.031124075042525158,0.069
2012-02-12,0.03072393976784459,0.055
2012-02-13,0.030334636971974832,0.101
2012-02-14,0.028621462665102838,0.812
2012-02-15,0.02803200160869731,0.901
2012-02-16,0.027519375074848012,0.478
2012-02-17,0.027143753767340864,0.33
2012-02-18,0.10471115270369401,0.309
2012-02-19,0.03399558613005122,0.32
2012-02-20,0.028412720568485157,0.221
2012-02-21,0.02754116815160442,0.188
2012-02-22,0.027568930206610106,0.187
2012-02-23,0.02674467385539824,0.181
2012-02-24,0.026402520920837114,0.17
2012-02-25,0.02612768852563467,0.167
2012-02-26,0.026060266139243924,0.141
2012-02-27,0.02567903928290065,0.137
2012-02-28,0.025468754310792003,0.146
2012-02-29,0.025287230995659903,0.142
2012-03-01,0.02510705231964849,0.133
2012-03-02,0.025060921996522045,0.125
2012-03-03,0.025526796250737716,0.124
2012-03-04,0.2342112226393728,0.157
2012-03-05,0.05168240103005242,0.226
2012-03-06,0.030425563493624967,0.151
2012-03-07,0.17169519697763602,0.189
2012-03-08,0.03973248743928476,0.117
2012-03-09,0.029044959119087672,0.061
2012-03-10,0.027383659707229627,0.05
2012-03-11,0.026536959268882575,0.044
2012-03-12,0.025867628360234825,0.038
2012-03-13,0.025306858694444528,0.032
2012-03-14,0.02486758417995599,0.031
2012-03-15,0.02442008128977194,0.03
2012-03-16,0.024105728282728278,0.033
2012-03-17,0.16406696682780317,0.048
2012-03-18,0.03660931987435725,0.087
2012-03-19,0.026326663898076325,0.062
2012-03-20,0.024952740377803474,0.053
2012-03-21,0.024332318019605895,0.054
2012-03-22,0.023832093015525222,0.047
2012-03-23,0.023437051890105608,0.044
2012-03-24,0.02302132370949438,0.044
2012-03-25,0.022730873429865406,0.043
2012-03-26,0.02242405804629049,0.042
2012-03-27,0.022119236779343424,0.042
2012-03-28,0.021866915254956747,0.038
2012-03-29,0.021633965485357783,0.039
2012-03-30,0.0214115604738349,0.039
2012-03-31,0.021202339639558834,0.037
2012-04-01,0.020996582413735372,0.039
2012-04-02,0.020798917550028002,0.037
2012-04-03,0.21356286581643502,0.035
2012-04-04,0.037935369151150804,0.095
2012-04-05,0.024522450552125943,0.053
2012-04-06,0.022878439490679945,0.043
2012-04-07,0.022278464038490042,0.037
2012-04-08,0.022969106914723734,0.036
2012-04-09,0.10252937935634518,0.049
2012-04-10,0.029306519976847602,0.074
2012-04-11,0.0297746039748927,0.056
2012-04-12,0.08699854180060684,0.175
2012-04-13,0.033553547067921935,0.245
2012-04-14,0.024034401546238246,0.087
2012-04-15,0.022512390643701505,0.059
2012-04-16,0.022330508171346613,0.047
2012-04-17,0.06115091293856808,0.045
2012-04-18,0.22457797662925397,0.07
2012-04-19,0.2381719085019804,0.224
2012-04-20,0.11491339172030078,0.281
2012-04-21,0.03415388591984019,0.126
2012-04-22,0.026445709853624884,0.082
2012-04-23,0.319586317614567,0.098
2012-04-24,0.12464143118895116,0.26
2012-04-25,0.40514025844468626,0.706
2012-04-26,0.06245328866358972,1.16
2012-04-27,0.05412630070917001,0.477
2012-04-28,0.6182329752483351,1.63
2012-04-29,0.6669184661185871,10.8
2012-04-30,0.7275490304313769,9.79
2012-05-01,0.312438823612729,6.92
2012-05-02,0.20551120556823674,2.75
2012-05-03,0.09421933455087113,1.52
2012-05-04,0.0728472320079352,0.895
2012-05-05,0.0643270667144025,0.415
2012-05-06,0.05701279948312099,0.202
2012-05-07,0.13172957588278186,0.162
2012-05-08,0.061065200966312766,0.226
2012-05-09,0.18960217940597524,0.208
2012-05-10,0.06481919129182413,0.435
2012-05-11,0.04722438693468906,0.323
2012-05-12,0.04254366425936618,0.152
2012-05-13,0.03953581966369667,0.1
2012-05-14,0.17608221745452962,0.085
2012-05-15,0.07544711241233455,0.121
2012-05-16,0.041476629432803475,0.127
2012-05-17,0.03719069886686789,0.08
2012-05-18,0.03549035549047574,0.068
2012-05-19,0.03419935411638501,0.061
2012-05-20,0.03324633005337965,0.054
2012-05-21,0.03252059613593395,0.052
2012-05-22,0.031967776323717265,0.05
2012-05-23,0.03155162046484281,0.046
2012-05-24,0.031239974023594713,0.042
2012-05-25,0.03100949575395602,0.04
2012-05-26,0.03084202362192662,0.034
2012-05-27,0.030717949960945293,0.031
2012-05-28,0.20897740950619983,0.052
2012-05-29,0.046536648050824254,0.072
2012-05-30,0.034910955676766574,0.052
2012-05-31,0.03240772040492013,0.037
2012-06-01,0.03260952718723481,0.033
2012-06-02,0.5902018061385514,0.086
2012-06-03,0.6374756031666169,0.387
2012-06-04,0.22991868047490213,0.772
2012-06-05,0.20157631825504488,0.364
2012-06-06,0.0587937050504204,0.274
2012-06-07,0.3959211773499773,0.285
2012-06-08,0.07850486894428901,0.532
2012-06-09,0.04820460809019675,0.238
2012-06-10,0.6393763213303402,0.206
2012-06-11,0.7438550932008293,4.6
2012-06-12,0.4053578351659217,4.89
2012-06-13,0.11219966871132409,3.53
2012-06-14,0.23463509546356562,1.85
2012-06-15,0.09971689683329908,0.585
2012-06-16,0.07930235277394027,0.296
2012-06-17,0.07395522038241353,0.13
2012-06-18,0.06418633037632132,0.092
2012-06-19,0.05883928100229978,0.088
2012-06-20,0.13450387405790315,0.064
2012-06-21,0.062717922539047,0.082
2012-06-22,0.0534265644897312,0.122
2012-06-23,0.4459442075995236,0.087
2012-06-24,0.08499912448501881,0.167
2012-06-25,0.054029836273803734,0.3
2012-06-26,0.049895825595459235,0.115
2012-06-27,0.04794154343463403,0.061
2012-06-28,0.04646303786343208,0.05
2012-06-29,0.078167196371189,0.045
2012-06-30,0.04935883582022761,0.056
2012-07-01,0.04656446626366891,0.102
2012-07-02,0.08280002775401493,0.056
2012-07-03,0.08206938518623644,0.053
2012-07-04,0.05132354963826567,0.076
2012-07-05,0.09020947886297112,0.106
2012-07-06,0.054029259868317796,0.085
2012-07-07,0.6261660079641265,0.353
2012-07-08,0.7375002620573798,5.16
2012-07-09,0.6015022606142972,6.12
2012-07-10,0.5439065446764175,3.78
2012-07-11,0.6688070532524399,3.25
2012-07-12,0.4486205864070647,7.03
2012-07-13,0.33969712380806066,8.47
2012-07-14,0.6632501740414706,11.8
2012-07-15,0.20735915683898978,18.0
2012-07-16,0.1561370918888554,12.1
2012-07-17,0.12855630513453273,4.06
2012-07-18,0.11502488488847877,1.03
2012-07-19,0.14698295323045152,0.398
2012-07-20,0.46076673242477967,1.99
2012-07-21,0.125420446807628,7.08
2012-07-22,0.0943535386984846,4.68
2012-07-23,0.08635368482285707,2.29
2012-07-24,0.08127115652933617,0.667
2012-07-25,0.07740048545755768,0.195
2012-07-26,0.0744265411803365,0.092
2012-07-27,0.07254070222336056,0.076
2012-07-28,0.07037209450716567,0.071
2012-07-29,0.3774877359969353,0.151
2012-07-30,0.11701806096252342,0.261
2012-07-31,0.07712678122062817,0.139
2012-08-01,0.07371432151322255,0.12
2012-08-02,0.07138571199529589,0.091
2012-08-03,0.07383031330896085,0.083
2012-08-04,0.06985571564739343,0.101
2012-08-05,0.10123375001565404,0.153
2012-08-06,0.07417684047987917,0.179
2012-08-07,0.07104314560425709,0.096
2012-08-08,0.0695706973497836,0.068
2012-08-09,0.06881051398572383,0.06
2012-08-10,0.06829122937540039,0.055
2012-08-11,0.06787799850157987,0.049
2012-08-12,0.067540987910542,0.045
2012-08-13,0.5546736438581847,0.117
2012-08-14,0.10834359284703812,0.687
2012-08-15,0.07459900359297156,0.552
2012-08-16,0.07069490121822235,0.19
2012-08-17,0.06956204480557197,0.078
2012-08-18,0.0687861280172193,0.057
2012-08-19,0.06833019749721582,0.047
2012-08-20,0.06764145734378665,0.043
2012-08-21,0.06720000826989264,0.041
2012-08-22,0.06675089509677516,0.045
2012-08-23,0.06636873560677377,0.045
2012-08-24,0.06794165014364771,0.042
2012-08-25,0.34015649684801796,0.106
2012-08-26,0.08955420845603168,0.553
2012-08-27,0.07173121527014192,0.219
2012-08-28,0.06776817505571495,0.118
2012-08-29,0.06889920988091625,0.101
2012-08-30,0.06740586326670579,0.081
2012-08-31,0.06541284478408829,0.087
2012-09-01,0.06474893787910849,0.061
2012-09-02,0.06418268071516071,0.053
2012-09-03,0.06367328181228271,0.054
2012-09-04,0.06319319309800885,0.054
2012-09-05,0.06272847638812579,0.047
2012-09-06,0.062280701023596056,0.039
2012-09-07,0.06184101438036426,0.037
2012-09-08,0.06140887312789152,0.037
2012-09-09,0.060983950244255646,0.057
2012-09-10,0.060848805508320766,0.041
2012-09-11,0.060138185821833445,0.04
2012-09-12,0.08301487174741663,0.042
2012-09-13,0.06295227489076771,0.042
2012-09-14,0.06078903910208647,0.044
2012-09-15,0.059910574054409686,0.039
2012-09-16,0.05918177587919188,0.035
2012-09-17,0.05852649748852022,0.034
2012-09-18,0.05788826116253877,0.036
2012-09-19,0.05729494164636293,0.037
2012-09-20,0.05674693777101354,0.036
2012-09-21,0.05726140005179191,0.037
2012-09-22,0.055713821062835706,0.039
2012-09-23,0.6294599651966992,0.589
2012-09-24,0.6543133336720699,4.42
2012-09-25,0.3732242566767147,2.38
2012-09-26,0.26175927887052225,1.03
2012-09-27,0.0833665750383771,1.25
2012-09-28,0.06768361466815166,0.484
2012-09-29,0.06310118684421605,0.179
2012-09-30,0.06192088118960551,0.121
2012-10-01,0.06054127222777921,0.101
2012-10-02,0.05900227085140511,0.129
2012-10-03,0.056977744216448536,0.107
2012-10-04,0.34438786754298717,0.113
2012-10-05,0.6437988587697959,0.494
2012-10-06,0.2731517628595034,5.24
2012-10-07,0.08045014055224811,4.34
2012-10-08,0.18833842120895503,3.24
2012-10-09,0.07135312815138177,1.77
2012-10-10,0.06022858525412564,0.613
2012-10-11,0.07343379130252757,0.193
2012-10-12,0.05842984624702646,0.164
2012-10-13,0.05685040105681794,0.148
2012-10-14,0.054084239398741595,0.124
2012-10-15,0.055629573937507906,0.101
2012-10-16,0.1954216969209286,0.093
2012-10-17,0.10770092432808227,0.122
2012-10-18,0.09458320145383763,0.142
2012-10-19,0.5904729772076105,0.883
2012-10-20,0.44665657860861807,2.75
2012-10-21,0.17440268437976014,3.58
2012-10-22,0.0829269811657373,3.19
2012-10-23,0.0699414146841363,2.4
2012-10-24,0.06509608425367285,1.28
2012-10-25,0.061821466229564415,0.524
2012-10-26,0.058577887702230984,0.234
2012-10-27,0.14310310878633312,0.169
2012-10-28,0.13652678285421554,0.177
2012-10-29,0.08655545149841916,0.23
2012-10-30,0.05988825240890161,0.289
2012-10-31,0.6169893999020251,0.298
2012-11-01,0.11761060725472534,4.47
2012-11-02,0.06512846607545188,2.67
2012-11-03,0.5754026694377521,1.66
2012-11-04,0.5653512277344138,10.8
2012-11-05,0.13615638265128258,15.3
2012-11-06,0.09726869022589228,7.69
2012-11-07,0.08395385160934038,2.14
2012-11-08,0.0764115054388155,0.645
2012-11-09,0.10404648869932719,0.297
2012-11-10,0.0753327286389552,0.253
2012-11-11,0.06667794841212374,0.211
2012-11-12,0.0957055470227536,0.163
2012-11-13,0.06526064916380563,0.171
2012-11-14,0.06043842230019049,0.162
2012-11-15,0.05769750577516369,0.15
2012-11-16,0.05629668087194289,0.139
2012-11-17,0.05450688322562142,0.135
2012-11-18,0.05279989537153519,0.122
2012-11-19,0.052276667206545675,0.107
2012-11-20,0.08882237857047542,0.103
2012-11-21,0.22768653946987288,0.139
2012-11-22,0.5822991395481929,0.347
2012-11-23,0.10603712239386415,4.63
2012-11-24,0.5270522371194402,5.14
2012-11-25,0.45399864461650297,8.93
2012-11-26,0.8859319573374321,9.72
2012-11-27,0.4428848546450545,19.4
2012-11-28,0.18876286284376448,11.2
2012-11-29,0.14511451063283484,4.84
2012-11-30,0.12690067062394592,2.81
2012-12-01,0.11322978526964714,1.32
2012-12-02,0.36837115968899803,0.505
2012-12-03,0.23121218110148642,3.06
2012-12-04,0.2757850227997302,3.93
2012-12-05,0.1489967047621196,2.14
2012-12-06,0.617115299737925,1.68
2012-12-07,0.22285563373596948,5.39
2012-12-08,0.1638290112511234,4.41
2012-12-09,0.14083567151634105,2.33
2012-12-10,0.12643430282900464,1.19
2012-12-11,0.11578117455221072,0.387
2012-12-12,0.10697438980326673,0.246
2012-12-13,0.10169685168878495,0.225
2012-12-14,0.5288286023196673,1.01
2012-12-15,0.20589243273875574,1.24
2012-12-16,0.14307641616138675,0.866
2012-12-17,0.127058991981948,0.518
2012-12-18,0.11563409118191463,0.322
2012-12-19,0.9340410652692431,0.567
2012-12-20,0.8725230347340729,13.3
2012-12-21,0.8400368086425467,8.83
2012-12-22,1.0314505985275986,13.6
2012-12-23,0.6922478241758478,12.7
2012-12-24,0.9675247885538373,7.67
2012-12-25,1.3388404851451434,16.7
2012-12-26,0.9099948495793128,17.0
2012-12-27,0.8768166271544479,8.85
2012-12-28,0.5538881837639528,5.7
2012-12-29,0.48775898153788527,4.67
2012-12-30,0.39628146511139944,3.58
2012-12-31,0.6940892927674829,2.34
2013-01-01,0.3890437721948582,3.69
2013-01-02,0.5587091277728824,3.44
2013-01-03,0.3515096431219533,3.7
2013-01-04,0.305484834181282,2.5
2013-01-05,0.2779160121314741,1.09
2013-01-06,0.25725630717060954,0.495
2013-01-07,0.23980421268635002,0.355
2013-01-08,0.4173589614245388,0.309
2013-01-09,0.2601732033633861,0.449
2013-01-10,0.23804359453387733,0.367
2013-01-11,0.2274062202693043,0.292
2013-01-12,0.21952911981611564,0.252
2013-01-13,0.22838832300401785,0.212
2013-01-14,0.44482554415405384,0.279
2013-01-15,0.2544952250242526,0.369
2013-01-16,0.2327793382819299,0.275
2013-01-17,0.22583245519477504,0.212
2013-01-18,0.22902734390724158,0.202
2013-01-19,0.22061214043854466,0.192
2013-01-20,0.630821208164212,0.205
2013-01-21,0.2930445399939552,0.212
2013-01-22,0.265368056986453,0.208
2013-01-23,0.24802354934869292,0.311
2013-01-24,0.24191927955332868,0.414
2013-01-25,0.383375673298302,0.335
2013-01-26,0.8325076180904917,2.44
2013-01-27,0.3827818463378375,11.2
2013-01-28,0.5421222248616717,6.95
2013-01-29,0.7102748410814539,3.51
2013-01-30,0.4900892125740209,4.75
2013-01-31,0.8500051266649323,3.41
2013-02-01,0.5712508945537222,5.86
2013-02-02,0.4292309400998664,4.01
2013-02-03,0.38561852600872076,2.65
2013-02-04,0.4451080714888785,2.01
2013-02-05,0.4266742225208364,1.17
2013-02-06,0.36086810153674864,0.671
2013-02-07,0.33132546161545534,0.307
2013-02-08,0.3164272853927188,0.225
2013-02-09,0.4445861178404645,0.209
2013-02-10,1.1530561510663258,1.47
2013-02-11,0.6045343615279578,5.05
2013-02-12,0.44121675840599134,3.85
2013-02-13,0.6371455608579188,2.21
2013-02-14,0.44227030209642604,2.68
2013-02-15,0.39314560571478635,2.34
2013-02-16,0.36745390350642376,1.72
2013-02-17,0.3471785503801063,1.07
2013-02-18,0.3322282107369034,0.518
2013-02-19,0.3220170541998204,0.289
2013-02-20,0.30966621498414065,0.237
2013-02-21,0.3018164118909516,0.205
2013-02-22,0.29579210535948547,0.187
2013-02-23,0.2911831845514683,0.172
2013-02-24,0.28832069343836064,0.157
2013-02-25,0.2858177690182983,0.149
2013-02-26,0.2825356018313126,0.137
2013-02-27,0.28002489055561886,0.133
2013-02-28,0.27867274113588747,0.146
2013-03-01,0.27707488837369,0.151
2013-03-02,0.27588562045936,0.149
2013-03-03,0.2748589137594726,0.144
2013-03-04,0.2739562868913977,0.134
2013-03-05,0.2730328714848587,0.137
2013-03-06,0.31986951352243365,0.127
2013-03-07,0.33781103767061327,0.169
2013-03-08,0.84180810982584,4.93
2013-03-09,0.6515273703493805,8.6
2013-03-10,0.3092646410574751,3.94
2013-03-11,0.2799354242530136,2.85
2013-03-12,0.2804845311866488,2.07
2013-03-13,0.2757336762939845,0.977
2013-03-14,0.27676844440613246,0.345
2013-03-15,0.31796804607997026,0.262
2013-03-16,0.4811884479908408,0.327
2013-03-17,0.7103022880880399,0.874
2013-03-18,0.39540340289407505,1.33
2013-03-19,0.34532527477030683,0.89
2013-03-20,0.3314674900878327,0.435
2013-03-21,0.3152273451804376,0.274
2013-03-22,0.48195224679501625,0.213
2013-03-23,0.5261072470371234,0.677
2013-03-24,0.35419745564082833,0.822
2013-03-25,0.32625628960591213,0.534
2013-03-26,0.31030018268379955,0.333
2013-03-27,0.298961894856255,0.245
2013-03-28,0.2898006262788452,0.202
2013-03-29,0.28224518903749785,0.173
2013-03-30,0.27616738177615585,0.154
2013-03-31,0.2707764312083117,0.139
2013-04-01,0.26622226717458203,0.13
2013-04-02,0.2623363940041938,0.13
2013-04-03,0.2589679045824199,0.146
2013-04-04,0.3530487436639738,0.162
2013-04-05,0.2629328007943163,0.149
2013-04-06,0.2535063184111387,0.104
2013-04-07,0.25030954041359926,0.099
2013-04-08,0.24831856420725992,0.124
2013-04-09,0.24577152833309895,0.148
2013-04-10,0.7222188429922723,0.218
2013-04-11,0.3481098576093809,1.12
2013-04-12,0.3702875275584809,3.52
2013-04-13,0.3908965806115892,4.53
2013-04-14,0.2655732015886791,4.04
2013-04-15,0.2513653340264238,2.68
2013-04-16,0.2458043067771857,1.3
2013-04-17,0.24145299206257564,0.381
2013-04-18,0.2400376093183565,0.229
2013-04-19,0.23505189038300192,0.172
2013-04-20,0.2312972985173881,0.138
2013-04-21,0.22846291365887555,0.134
2013-04-22,0.2258724167489486,0.128
2013-04-23,0.22344175772606167,0.119
2013-04-24,0.22140990580605632,0.11
2013-04-25,0.36274369339742635,0.11
2013-04-26,0.23108015166592447,0.229
2013-04-27,0.21945646941459596,0.145
2013-04-28,0.21540947678204794,0.118
2013-04-29,0.21277831595066046,0.099
2013-04-30,0.21042283570947953,0.09
2013-05-01,0.20817599301547898,0.088
2013-05-02,0.20600550772080456,0.083
2013-05-03,0.20389494099562852,0.079
2013-05-04,0.20260507276694723,0.082
2013-05-05,0.19984957123285052,0.087
2013-05-06,0.1978110754867744,0.07
2013-05-07,0.19766662280783975,0.068
2013-05-08,0.19398743848863584,0.09
2013-05-09,0.19222360118618237,0.07
2013-05-10,0.2007580050167102,0.065
2013-05-11,0.21699018016463664,0.109
2013-05-12,0.18887564627334413,0.14
2013-05-13,0.18460711195593696,0.08
2013-05-14,0.3142443878391886,0.077
2013-05-15,0.19341224592060202,0.142
2013-05-16,0.18221923152861458,0.082
2013-05-17,0.1791675515039714,0.068
2013-05-18,0.1768101200183345,0.06
2013-05-19,0.17499059640636724,0.056
2013-05-20,0.17252292773703765,0.057
2013-05-21,0.17039259898246054,0.055
2013-05-22,0.16852856872846836,0.052
2013-05-23,0.2438717485157009,0.054
2013-05-24,0.40371296035045035,0.184
2013-05-25,0.18648522795686442,0.229
2013-05-26,0.16803482369072725,0.091
2013-05-27,0.2555413787831648,0.068
2013-05-28,0.2756626916264499,0.191
2013-05-29,0.17412430101463122,0.209
2013-05-30,0.1620752691225589,0.126
2013-05-31,0.15817363953168595,0.094
2013-06-01,0.155248024550714,0.068
2013-06-02,0.15261579646734635,0.057
2013-06-03,0.15018657550536627,0.05
2013-06-04,0.14791829516551147,0.048
2013-06-05,0.14578107935002432,0.046
2013-06-06,0.14391096237588324,0.047
2013-06-07,0.1418183697503627,0.045
2013-06-08,0.13993498793791403,0.043
2013-06-09,0.13812129112532434,0.043
2013-06-10,0.13636219900622723,0.044
2013-06-11,0.13465598387586733,0.043
2013-06-12,0.13387737894870286,0.043
2013-06-13,0.1313511001534537,0.041
2013-06-14,0.1305174910584707,0.037
2013-06-15,0.20914928418208217,0.04
2013-06-16,0.1354873393568958,0.073
2013-06-17,0.12816925337288737,0.043
2013-06-18,0.1258877312976757,0.034
2013-06-19,0.12374675037002678,0.034
2013-06-20,0.12322022207025632,0.034
2013-06-21,0.5013924909657025,0.082
2013-06-22,0.15113505471594466,0.129
2013-06-23,0.12275939551888591,0.085
2013-06-24,0.11822272772751384,0.052
2013-06-25,0.11598573477376542,0.042
2013-06-26,0.11405508452927407,0.036
2013-06-27,0.1129491054270218,0.034
2013-06-28,0.1121643159910235,0.035
2013-06-29,0.1089966624832253,0.038
2013-06-30,0.10733619961133332,0.036
2013-07-01,0.10581924366986868,0.037
2013-07-02,0.10563464978278146,0.037
2013-07-03,0.10304728459128855,0.036
2013-07-04,0.10155284933721606,0.034
2013-07-05,0.10032800297661038,0.032
2013-07-06,0.09884217944732544,0.029
2013-07-07,0.09751840823362622,0.029
2013-07-08,0.09622263820270607,0.029
2013-07-09,0.09494640720012715,0.028
2013-07-10,0.09368775393991288,0.027
2013-07-11,0.09244530857978149,0.027
2013-07-12,0.09121814822253771,0.028
2013-07-13,0.09014444421121112,0.023
2013-07-14,0.08881529462559234,0.025
2013-07-15,0.08762228360175102,0.029
2013-07-16,0.08646322086893386,0.029
2013-07-17,0.08529144502969749,0.027
2013-07-18,0.08414416159466252,0.025
2013-07-19,0.08300994987866563,0.024
2013-07-20,0.08188800021446951,0.023
2013-07-21,0.08078103135175074,0.023
2013-07-22,0.4035117009268888,0.025
2013-07-23,0.10968665365540592,0.035
2013-07-24,0.0892860676950645,0.105
2013-07-25,0.08279604030677991,0.076
2013-07-26,0.08038576766481317,0.069
2013-07-27,0.2965882925866412,0.065
2013-07-28,0.09826492767374286,0.067
2013-07-29,0.0842302101097211,0.112
2013-07-30,0.09286353360064664,0.114
2013-07-31,0.07954506930121187,0.114
2013-08-01,0.07843358330470657,0.109
2013-08-02,0.07648664872530175,0.075
2013-08-03,0.07261716899553602,0.058
2013-08-04,0.0711312341499297,0.055
2013-08-05,0.17306366098810472,0.058
2013-08-06,0.07965647740137644,0.075
2013-08-07,0.07117492526860819,0.121
2013-08-08,0.07110085768387339,0.073
2013-08-09,0.06728833238695875,0.053
2013-08-10,0.0656398283103516,0.047
2013-08-11,0.06428566554685963,0.042
2013-08-12,0.06305915879484551,0.034
2013-08-13,0.06193194308444176,0.03
2013-08-14,0.06089518846738659,0.028
2013-08-15,0.060989714947406515,0.027
2013-08-16,0.05947163865952861,0.025
2013-08-17,0.05868960631321906,0.026
2013-08-18,0.05726180453903396,0.026
2013-08-19,0.056379413515154846,0.025
2013-08-20,0.055575486192202685,0.024
2013-08-21,0.2830373596457692,0.026
2013-08-22,0.07753198557772827,0.042
2013-08-23,0.06030220740443579,0.081
2013-08-24,0.6577426771119298,1.91
2013-08-25,0.6592622565094466,9.68
2013-08-26,0.6360004954261482,5.78
2013-08-27,0.2949976660714418,2.01
2013-08-28,0.08330929007083457,1.03
2013-08-29,0.06394752610427427,0.44
2013-08-30,0.059812480519306085,0.167
2013-08-31,0.057284062292808274,0.066
2013-09-01,0.05523196583673546,0.044
2013-09-02,0.05349904668873993,0.039
2013-09-03,0.052016813498252636,0.037
2013-09-04,0.05073953097456157,0.035
2013-09-05,0.04979562058641473,0.036
2013-09-06,0.05051947208904159,0.036
2013-09-07,0.04827957965633941,0.035
2013-09-08,0.04766570673028122,0.041
2013-09-09,0.0736849700897478,0.042
2013-09-10,0.05009396980683025,0.042
2013-09-11,0.04788080328322273,0.043
2013-09-12,0.04852593300328321,0.04
2013-09-13,0.6191937577712497,0.163
2013-09-14,0.48247307227503683,1.59
2013-09-15,0.08912493415159867,1.95
2013-09-16,0.05623303904136634,0.949
2013-09-17,0.18669088804485875,0.51
2013-09-18,0.06128903550450984,0.229
2013-09-19,0.050779878884964796,0.206
2013-09-20,0.04757327906513612,0.094
2013-09-21,0.04585260352902467,0.06
2013-09-22,0.04446080063596541,0.05
2013-09-23,0.04338630033546697,0.048
2013-09-24,0.04232341600890297,0.049
2013-09-25,0.0414325600382232,0.048
2013-09-26,0.04063355455604436,0.046
2013-09-27,0.03992444877048676,0.039
2013-09-28,0.03950077636246159,0.036
2013-09-29,0.038734200287973766,0.036
2013-09-30,0.0381897802839093,0.033
2013-10-01,0.33816898772251036,0.036
2013-10-02,0.06370520276681733,0.058
2013-10-03,0.19545803547782098,0.18
2013-10-04,0.05395946503321702,0.161
2013-10-05,0.04225187889755056,0.138
2013-10-06,0.04016308291968127,0.073
2013-10-07,0.038866747867083086,0.05
2013-10-08,0.03782725475481753,0.041
2013-10-09,0.03694840032081144,0.037
2013-10-10,0.04937465227800296,0.033
2013-10-11,0.6078571755622694,0.071
2013-10-12,0.6414490437003196,1.89
2013-10-13,0.614665857118267,5.26
2013-10-14,0.09751804836526086,4.93
2013-10-15,0.054328567996894846,2.23
2013-10-16,0.11974502013551977,1.07
2013-10-17,0.052905091910089935,0.559
2013-10-18,0.045577705332437095,0.342
2013-10-19,0.14400445145376806,0.164
2013-10-20,0.21417063376438894,0.159
2013-10-21,0.05891251285573658,0.563
2013-10-22,0.5775919429942138,2.91
2013-10-23,0.09597010807636393,5.68
2013-10-24,0.05666112032934549,2.57
2013-10-25,0.04881150856874235,1.72
2013-10-26,0.3093286885311189,0.615
2013-10-27,0.6768504839704551,0.634
2013-10-28,0.20098388519946933,6.89
2013-10-29,0.07877772179949577,5.02
2013-10-30,0.08857048229136669,2.73
2013-10-31,0.0801130828253117,1.4
2013-11-01,0.06867190787929792,0.5
2013-11-02,0.05691742292238794,0.24
2013-11-03,0.6323872388582238,0.228
2013-11-04,0.6139892725326164,5.78
2013-11-05,0.21604659699929968,8.26
2013-11-06,0.24901088934512194,6.97
2013-11-07,0.0980116109179789,4.78
2013-11-08,0.4250923689635708,4.49
2013-11-09,0.35564313009980913,7.31
2013-11-10,0.12691828526045357,5.74
2013-11-11,0.3729064035422907,3.2
2013-11-12,0.1316587178826287,3.37
2013-11-13,0.11712491104002876,2.67
2013-11-14,0.09408226620663727,1.85
2013-11-15,0.08375173623544101,0.978
2013-11-16,0.0763470189678717,0.311
2013-11-17,0.11595220588299315,0.174
2013-11-18,0.07405488053311515,0.172
2013-11-19,0.06653624098419399,0.168
2013-11-20,0.32553320094398075,0.493
2013-11-21,0.1541114374933663,1.32
2013-11-22,0.08093103492100795,1.53
2013-11-23,0.0706703486957052,0.834
2013-11-24,0.06602927218797262,0.401
2013-11-25,0.06281419629679698,0.197
2013-11-26,0.06128091474968827,0.154
2013-11-27,0.05852580739662658,0.133
2013-11-28,0.056977005938425966,0.125
2013-11-29,0.05618812476007463,0.116
2013-11-30,0.054966928134698154,0.112
2013-12-01,0.054265243833721284,0.104
2013-12-02,0.05374439088639508,0.095
2013-12-03,0.05334545620363681,0.089
2013-12-04,0.053107925846580466,0.087
2013-12-05,0.06217303738394893,0.08
2013-12-06,0.0539703861296058,0.083
2013-12-07,0.05311787033919605,0.081
2013-12-08,0.05283745040843603,0.079
2013-12-09,0.05275402336153978,0.078
2013-12-10,0.05265052936865051,0.075
2013-12-11,0.05245165463065933,0.076
2013-12-12,0.05270096067412276,0.075
2013-12-13,0.05458000516665739,0.076
2013-12-14,0.05384528608723315,0.087
2013-12-15,0.2566047486244867,0.098
2013-12-16,0.6347091976545483,0.775
2013-12-17,0.4325601200286073,9.04
2013-12-18,0.41772553504373333,6.8
2013-12-19,0.45830464029163487,7.28
2013-12-20,0.2869437024705208,6.74
2013-12-21,0.47264245627115326,6.26
2013-12-22,0.1947203683949259,5.91
2013-12-23,1.277257944216947,7.92
2013-12-24,1.1385156500961189,24.8
2013-12-25,1.0645152631191752,17.0
2013-12-26,0.9186168715276566,8.4
2013-12-27,0.4196991912067824,7.35
2013-12-28,0.31744415792368463,4.79
2013-12-29,0.2716301281026108,2.71
2013-12-30,0.5350662688371711,2.6
2013-12-31,0.7884432267584564,5.52
2014-01-01,1.1808050484251036,11.2
2014-01-02,0.7891169894136815,10.5
2014-01-03,0.8463504192196076,9.16
2014-01-04,0.55417274121395,8.39
2014-01-05,1.0889018657946943,6.02
2014-01-06,0.5641978903440603,10.1
2014-01-07,1.2788803237647446,10.3
2014-01-08,0.6391003682874066,11.3
2014-01-09,0.47708127920016524,6.48
2014-01-10,0.6792057477679946,4.21
2014-01-11,0.430482110908701,4.57
2014-01-12,0.4376644973815534,3.56
2014-01-13,0.5060390079700405,3.47
2014-01-14,0.6294840231138399,3.63
2014-01-15,0.5280098587494786,5.69
2014-01-16,1.6354977031497697,6.79
2014-01-17,1.2446477631352961,22.2
2014-01-18,0.6598231811968482,12.3
2014-01-19,0.5251699561264673,5.47
2014-01-20,0.4658694406788798,3.21
2014-01-21,0.4900262036629037,2.33
2014-01-22,0.40710173302158587,1.68
2014-01-23,0.63503043837067,2.07
2014-01-24,0.8657906734613444,2.84
2014-01-25,0.7073525931913698,6.98
2014-01-26,0.7403663342419646,6.4
2014-01-27,0.5159483485662544,4.74
2014-01-28,1.2620977540590272,4.34
2014-01-29,1.7372418307231423,13.3
2014-01-30,1.4477184802065552,19.9
2014-01-31,1.597572454283683,14.0
2014-02-01,0.9282357730113596,12.3
2014-02-02,0.7787070004814972,5.82
2014-02-03,0.6875190504470795,3.92
2014-02-04,1.2492159442028437,3.43
2014-02-05,0.8680703486601836,6.84
2014-02-06,1.761787910372802,7.33
2014-02-07,1.4265106071627218,11.1
2014-02-08,1.0622152961062128,8.99
2014-02-09,0.8735904538553739,5.14
2014-02-10,0.9813635667041332,3.98
2014-02-11,1.0150515620730458,3.72
2014-02-12,1.4239945308908608,4.92
2014-02-13,0.872343969483579,4.09
2014-02-14,1.7056970720206004,7.59
2014-02-15,0.9688607039637712,6.07
2014-02-16,0.826009553359859,2.7
2014-02-17,0.7691486382217076,1.64
2014-02-18,0.7876045860809947,1.36
2014-02-19,0.6976871899315806,1.35
2014-02-20,0.6681183471475772,1.12
2014-02-21,0.6214909007899119,0.772
2014-02-22,0.5970920498833804,0.427
2014-02-23,0.5792313976553181,0.29
2014-02-24,0.5781240075721881,0.258
2014-02-25,0.5599715820502726,0.248
2014-02-26,0.6210122387706991,0.204
2014-02-27,0.7174947819537386,0.225
2014-02-28,0.9038500574769162,0.834
2014-03-01,0.6429278297892073,1.96
2014-03-02,0.9890628721473312,1.67
2014-03-03,1.0805246712338812,5.18
2014-03-04,0.740150363120343,4.26
2014-03-05,0.6845276646112793,3.78
2014-03-06,0.6559749780424912,2.42
2014-03-07,0.6347679213169125,1.31
2014-03-08,0.6181896898677766,0.636
2014-03-09,0.6051723106187485,0.26
2014-03-10,0.5949435731639675,0.207
2014-03-11,0.5869224211007882,0.184
2014-03-12,0.5806249781377747,0.176
2014-03-13,0.5755398388576982,0.168
2014-03-14,0.5714438144247136,0.158
2014-03-15,0.5681439628449487,0.157
2014-03-16,0.5654119514799706,0.141
2014-03-17,0.5630896137345195,0.135
2014-03-18,0.5610615893646864,0.139
2014-03-19,0.5592173813002902,0.127
2014-03-20,0.6003719337917397,0.127
2014-03-21,0.5620049921347786,0.158
2014-03-22,0.5561854894329916,0.156
2014-03-23,0.5550465057303804,0.136
2014-03-24,0.5526474896126637,0.123
2014-03-25,0.549976876460097,0.122
2014-03-26,0.6770746826083899,0.144
2014-03-27,0.557544606858176,0.137
2014-03-28,0.5462653419311814,0.118
2014-03-29,0.5430695261980685,0.114
2014-03-30,0.5405420265762941,0.103
2014-03-31,0.537877545380515,0.103
2014-04-01,0.5352057085594849,0.104
2014-04-02,0.5325068178842659,0.099
2014-04-03,0.5297259433207384,0.105
2014-04-04,0.5268839940218109,0.094
2014-04-05,0.5254637416783492,0.093
2014-04-06,0.5217506545691383,0.096
2014-04-07,0.594239163840581,0.113
2014-04-08,0.5226318366288694,0.135
2014-04-09,0.5140965926459723,0.09
2014-04-10,0.510076803207769,0.087
2014-04-11,0.5063962618230103,0.081
2014-04-12,0.502740316352809,0.079
2014-04-13,0.49907729589118577,0.076
2014-04-14,0.4953978984591081,0.075
2014-04-15,0.49169778548621873,0.07
2014-04-16,0.4879705050268622,0.069
2014-04-17,0.48421385161001723,0.071
2014-04-18,0.48042940573143283,0.07
2014-04-19,0.4766377542257174,0.069
2014-04-20,0.6142378481103591,0.081
2014-04-21,0.6814528396316675,0.105
2014-04-22,0.48622885802693155,0.118
2014-04-23,0.4677099268213376,0.093
2014-04-24,0.4613554149138527,0.088
2014-04-25,0.45726318320248616,0.087
2014-04-26,0.4519974151403164,0.088
2014-04-27,0.44776170147821714,0.084
2014-04-28,0.44303555527746497,0.081
2014-04-29,0.4386869629789622,0.075
2014-04-30,0.436436298296952,0.078
2014-05-01,0.5610667086584649,0.156
2014-05-02,0.4386617722913357,0.319
2014-05-03,0.42540773058528986,0.122
2014-05-04,0.4200712607055567,0.087
2014-05-05,0.4155591523298665,0.075
2014-05-06,0.411092235701142,0.071
2014-05-07,0.4073539136262739,0.072
2014-05-08,0.4424234663906844,0.075
2014-05-09,0.40513597966994,0.091
2014-05-10,0.4026520140751073,0.08
2014-05-11,0.39342370221289413,0.088
2014-05-12,0.5488566991803309,0.079
2014-05-13,0.4012648659450174,0.094
2014-05-14,0.38370055788867974,0.117
2014-05-15,0.3777268124758843,0.08
2014-05-16,0.3727788826813119,0.064
2014-05-17,0.3680808733528282,0.059
2014-05-18,0.36354538464582303,0.058
2014-05-19,0.3591499382210135,0.056
2014-05-20,0.35484679736555924,0.052
2014-05-21,0.5687430806856546,0.058
2014-05-22,0.3688544684034315,0.106
2014-05-23,0.46970094254174655,0.144
2014-05-24,0.35592810159464316,0.105
2014-05-25,0.34189036909755355,0.151
2014-05-26,0.6741773249031958,0.11
2014-05-27,0.6409560317735136,0.115
2014-05-28,0.3588573881152187,0.301
2014-05-29,0.3327735545651997,0.305
2014-05-30,0.3253691415303892,0.185
2014-05-31,0.3198014548925744,0.125
2014-06-01,0.31480294948445003,0.104
2014-06-02,0.31066534016510033,0.096
2014-06-03,0.31699633859072784,0.097
2014-06-04,0.3106558173631423,0.105
2014-06-05,0.2999570831954828,0.146
2014-06-06,0.29525655247609905,0.137
2014-06-07,0.2924976508670357,0.107
2014-06-08,0.2869415683425401,0.097
2014-06-09,0.2842951512711877,0.098
2014-06-10,0.27924246159072713,0.092
2014-06-11,0.2754915167533567,0.094
2014-06-12,0.2718973327739627,0.081
2014-06-13,0.26842698495070705,0.067
2014-06-14,0.26499723286871674,0.063
2014-06-15,0.26154454235346014,0.062
2014-06-16,0.2582013004064651,0.064
2014-06-17,0.254914876704605,0.064
2014-06-18,0.25165520475640785,0.062
2014-06-19,0.2484444187143694,0.062
2014-06-20,0.24526160914347295,0.06
2014-06-21,0.24211974964563032,0.06
2014-06-22,0.2390106436469869,0.055
2014-06-23,0.2360146881223157,0.054
2014-06-24,0.23330446922305345,0.054
2014-06-25,0.22989812169221321,0.054
2014-06-26,0.22828710575815686,0.053
2014-06-27,0.22402549002021008,0.054
2014-06-28,0.222628768999205,0.06
2014-06-29,0.21878359338368125,0.062
2014-06-30,0.2155524789580493,0.074
2014-07-01,0.21240766863486757,0.074
2014-07-02,0.2095789144777061,0.075
2014-07-03,0.20678928606904656,0.059
2014-07-04,0.20641166196227964,0.053
2014-07-05,0.20330273324614684,0.054
2014-07-06,0.19971513532710822,0.06
2014-07-07,0.1961624325723394,0.067
2014-07-08,0.19595643498963058,0.072
2014-07-09,0.19171498769542125,0.065
2014-07-10,0.744070960220941,0.126
2014-07-11,0.2862851290229909,0.184
2014-07-12,0.30988299505631217,0.521
2014-07-13,0.2010406556059201,0.901
2014-07-14,0.18947087799477008,1.1
2014-07-15,0.1846020481757673,0.6
2014-07-16,0.18055012022047864,0.292
2014-07-17,0.6794058494867902,0.271
2014-07-18,0.3446002090431622,0.334
2014-07-19,0.1947541172375283,1.04
2014-07-20,0.6919028691961814,1.38
2014-07-21,0.2196701454414591,0.752
2014-07-22,0.18023235042865748,0.484
2014-07-23,0.1724896961180867,0.29
2014-07-24,0.16765970617884718,0.179
2014-07-25,0.24862008472919503,0.178
2014-07-26,0.1703575154995931,0.16
2014-07-27,0.16336554512279075,0.204
2014-07-28,0.15965730525577923,0.154
2014-07-29,0.15378582411017036,0.125
2014-07-30,0.15052698380653426,0.1
2014-07-31,0.1476815496126878,0.079
2014-08-01,0.14695636399288728,0.073
2014-08-02,0.142721447214856,0.065
2014-08-03,0.14030434366195088,0.059
2014-08-04,0.13814696696091058,0.056
2014-08-05,0.4671817357081776,0.058
2014-08-06,0.16414410022723702,0.081
2014-08-07,0.13973832964969643,0.157
2014-08-08,0.709275472213017,1.09
2014-08-09,0.7054807985089817,2.74
2014-08-10,0.41415386004386356,5.13
2014-08-11,0.1645236628301076,5.12
2014-08-12,0.14142608228010758,3.28
2014-08-13,0.1344647481326627,1.59
2014-08-14,0.2783909684398966,0.941
2014-08-15,0.14166840619763157,0.555
2014-08-16,0.12788293651919055,0.387
2014-08-17,0.12447140015545369,0.157
2014-08-18,0.12170751563246296,0.114
2014-08-19,0.1187247967799501,0.084
2014-08-20,0.11617115049366522,0.081
2014-08-21,0.11404523839845934,0.078
2014-08-22,0.11223188607201084,0.072
2014-08-23,0.11046723699750145,0.071
2014-08-24,0.11038143358848726,0.072
2014-08-25,0.6777945943487663,0.174
2014-08-26,0.6555362347788398,1.62
2014-08-27,0.15822571811481945,2.79
2014-08-28,0.11743512559992847,1.46
2014-08-29,0.11145257148745744,0.602
2014-08-30,0.1077897214682975,0.202
2014-08-31,0.10501688354660019,0.109
2014-09-01,0.10310020413454662,0.094
2014-09-02,0.10052084074627196,0.074
2014-09-03,0.09852603743200367,0.067
2014-09-04,0.09674760848747235,0.065
2014-09-05,0.09505658736884096,0.064
2014-09-06,0.09352563284745952,0.066
2014-09-07,0.09209543742448507,0.081
2014-09-08,0.0907050355301313,0.085
2014-09-09,0.08939241680338755,0.078
2014-09-10,0.08813230399163449,0.076
2014-09-11,0.0869147048628867,0.08
2014-09-12,0.08574503963726368,0.081
2014-09-13,0.08460531804191596,0.084
2014-09-14,0.08351971123504724,0.096
2014-09-15,0.0824228600182873,0.1
2014-09-16,0.08127039509445759,0.097
2014-09-17,0.08020401111954649,0.099
2014-09-18,0.637999992602392,0.421
2014-09-19,0.28183173533909484,1.64
2014-09-20,0.09973043287606367,2.35
2014-09-21,0.0834707969134789,0.852
2014-09-22,0.0802723585831165,0.203
2014-09-23,0.08295442363168945,0.119
2014-09-24,0.07704346164947654,0.085
2014-09-25,0.07511116164215428,0.077
2014-09-26,0.0736882164953605,0.074
2014-09-27,0.07239520191844921,0.072
2014-09-28,0.07120326863241497,0.078
2014-09-29,0.07093295055813319,0.07
2014-09-30,0.0694410174731379,0.06
2014-10-01,0.06810106619089037,0.059
2014-10-02,0.06703738773393732,0.058
2014-10-03,0.06602064414194003,0.063
2014-10-04,0.3028949754086578,0.074
2014-10-05,0.08541504982324685,0.107
2014-10-06,0.45411986143691635,0.098
2014-10-07,0.36486055636864195,0.161
2014-10-08,0.43457899840291986,2.66
2014-10-09,0.4669944112078839,5.65
2014-10-10,0.2581769208087175,5.16
2014-10-11,0.09030964107664907,3.58
2014-10-12,0.6768384798351653,3.61
2014-10-13,0.7311572825879397,17.7
2014-10-14,0.6971730542218751,20.8
2014-10-15,0.37529158899286585,11.0
2014-10-16,0.12671069468283097,6.15
2014-10-17,0.0980864647259695,3.61
2014-10-18,0.17743046101375368,1.57
2014-10-19,0.09657095821695157,0.827
2014-10-20,0.08679709038669627,0.438
2014-10-21,0.09308761926233469,0.23
2014-10-22,0.07762595145293559,0.237
2014-10-23,0.07596035875268013,0.161
2014-10-24,0.07012835492806394,0.135
2014-10-25,0.06693090063296388,0.134
2014-10-26,0.06452916059308861,0.115
2014-10-27,0.06281774630936178,0.105
2014-10-28,0.06177179448863367,0.094
2014-10-29,0.15925048715727164,0.101
2014-10-30,0.06815545600007739,0.128
2014-10-31,0.06013844756358184,0.105
2014-11-01,0.05857486334818007,0.093
2014-11-02,0.5492661649534237,0.198
2014-11-03,0.4831076915697313,3.14
2014-11-04,0.457137126744782,5.88
2014-11-05,0.11925529954902168,6.17
2014-11-06,0.24051724133667182,6.41
2014-11-07,0.09999177581269965,4.67
2014-11-08,0.699803062152006,3.65
2014-11-09,0.16713416636881454,10.1
2014-11-10,0.10411615311395697,9.69
2014-11-11,0.09501219400278947,7.29
2014-11-12,0.08901388021783578,5.86
2014-11-13,0.18575857668540388,4.03
2014-11-14,0.1925857449655939,3.41
2014-11-15,0.10057837140905083,3.56
2014-11-16,0.5155781450814153,2.89
2014-11-17,0.18705343219260853,4.71
2014-11-18,0.2198498756027627,6.28
2014-11-19,0.11784524910980541,6.5
2014-11-20,0.10107783422824032,5.2
2014-11-21,0.10666848265195707,3.64
2014-11-22,0.7202188368814879,2.26
2014-11-23,1.0346164486172789,10.8
2014-11-24,0.6376103517215105,23.0
2014-11-25,0.5145716731591399,14.2
2014-11-26,0.35670018366794154,9.76
2014-11-27,0.23149905027750312,5.46
2014-11-28,0.1942395710540889,5.06
2014-11-29,0.17106314866383154,3.31
2014-11-30,0.15180698500436118,2.08
2014-12-01,0.13733343980471974,1.05
2014-12-02,0.20751604394357867,0.5
2014-12-03,0.1410174387721459,0.335
2014-12-04,0.1943861229361367,0.287
2014-12-05,0.13311663177273886,0.262
2014-12-06,0.11993409606654955,0.225
2014-12-07,0.11364152565102995,0.213
2014-12-08,0.10654614442072662,0.209
2014-12-09,0.12605578231665193,0.19
2014-12-10,0.1045282715268922,0.186
2014-12-11,0.6498081027995113,0.194
2014-12-12,0.18966350969053405,2.14
2014-12-13,0.14481016775335864,2.68
2014-12-14,0.192701476586685,1.26
2014-12-15,0.13957364140356512,0.622
2014-12-16,0.5756499393076256,0.472
2014-12-17,0.2148939293562799,4.49
2014-12-18,0.23676760312887848,4.73
2014-12-19,0.17236693347116275,3.21
2014-12-20,0.15700290375680837,2.08
2014-12-21,0.14438155500369204,0.762
2014-12-22,0.1357129015347098,0.385
2014-12-23,0.14651515645886698,0.301
2014-12-24,0.1282855211780914,0.274
2014-12-25,0.12316170734744376,0.236
2014-12-26,0.5824265434872359,0.488
2014-12-27,0.1747908603362082,3.87
2014-12-28,0.13745358622403245,3.0
2014-12-29,0.13055202015578563,1.45
2014-12-30,0.1255961859208752,0.574
2014-12-31,0.12251643727275578,0.297
2015-01-01,0.12493319190837379,0.267
2015-01-02,0.8118395350915812,0.295
2015-01-03,0.5546917674305564,7.74
2015-01-04,0.2444877776680524,9.83
2015-01-05,0.20139250990510993,4.47
2015-01-06,0.20462560622036027,2.89
2015-01-07,0.39681244788679265,1.8
2015-01-08,0.8196979277113877,7.85
2015-01-09,0.3109302286265002,8.85
2015-01-10,0.25611531017708566,3.86
2015-01-11,0.22167392540449943,1.23
2015-01-12,0.7302640216013851,0.62
2015-01-13,0.3565187752578583,5.16
2015-01-14,0.7027422818215816,4.15
2015-01-15,0.3882295959122422,5.38
2015-01-16,0.28984165421969277,3.06
2015-01-17,0.2756201970858044,1.82
2015-01-18,0.2379523481929657,1.19
2015-01-19,0.21897180343318032,0.639
2015-01-20,0.20585755724507307,0.403
2015-01-21,0.19596641503172577,0.334
2015-01-22,0.18217025868115055,0.302
2015-01-23,0.41337928269183827,0.278
2015-01-24,0.2158515607991243,0.766
2015-01-25,0.1924527095430629,0.629
2015-01-26,0.18338218791367655,0.488
2015-01-27,0.1761540748783761,0.361
2015-01-28,0.19963235343414487,0.349
2015-01-29,0.40252715910457465,0.364
2015-01-30,0.21067644096387414,0.836
2015-01-31,0.29031565721813657,0.901
2015-02-01,0.20305195143108812,0.868
2015-02-02,0.19124990615422113,0.51
2015-02-03,0.18449183662253457,0.326
2015-02-04,0.17754482934021362,0.262
2015-02-05,0.17591500752958972,0.234
2015-02-06,0.16961941925476637,0.212
2015-02-07,0.16651880073885594,0.197
2015-02-08,0.1644820662036824,0.198
2015-02-09,0.16264717836747267,0.194
2015-02-10,0.16126554859372863,0.181
2015-02-11,0.16013807845025702,0.18
2015-02-12,0.15924064032235993,0.18
2015-02-13,0.5712446284378462,0.309
2015-02-14,0.19694205817920496,1.26
2015-02-15,0.16488264700743024,0.917
2015-02-16,0.5201123197099112,1.19
2015-02-17,0.20800571329652315,3.78
2015-02-18,0.18013295130477608,2.24
2015-02-19,0.6404069083831616,1.79
2015-02-20,0.2714984941469107,5.94
2015-02-21,0.22732129645746876,3.23
2015-02-22,0.4588806134193085,2.5
2015-02-23,0.2569097161186723,2.95
2015-02-24,0.390912157309309,2.02
2015-02-25,0.2523602157888089,1.34
2015-02-26,0.5156024706516997,2.75
2015-02-27,0.2729280968334188,2.97
2015-02-28,0.36284861978240934,1.8
2015-03-01,0.38367635793352556,1.98
2015-03-02,0.26815867763397483,1.85
2015-03-03,0.2378394107288607,0.662
2015-03-04,0.22200389418175973,0.41
2015-03-05,0.21016295933277543,0.305
2015-03-06,0.2008249179610836,0.284
2015-03-07,0.19335705857439764,0.279
2015-03-08,0.18734560419506815,0.255
2015-03-09,0.1825006021254064,0.23
2015-03-10,0.17857346965531448,0.209
2015-03-11,0.1754125478031731,0.195
2015-03-12,0.17273867443401297,0.188
2015-03-13,0.17054676633678392,0.183
2015-03-14,0.16930109174991068,0.168
2015-03-15,0.32954778163666154,0.177
2015-03-16,0.39063887333214475,0.228
2015-03-17,0.18910748581128034,0.563
2015-03-18,0.17066905742039176,0.346
2015-03-19,0.1673932380313632,0.257
2015-03-20,0.16547830740790154,0.229
2015-03-21,0.16386809814765377,0.217
2015-03-22,0.16242661435953598,0.194
2015-03-23,0.16214911161304776,0.19
2015-03-24,0.1605767945793224,0.184
2015-03-25,0.21331580845080161,0.171
2015-03-26,0.16379002117459945,0.192
2015-03-27,0.15875767120259437,0.16
2015-03-28,0.1580808128990959,0.15
2015-03-29,0.2066080373745635,0.24
2015-03-30,0.1610455121674805,0.207
2015-03-31,0.15605604687673,0.163
2015-04-01,0.21323955005475947,0.135
2015-04-02,0.1652457153201698,0.195
2015-04-03,0.15839874627999365,0.229
2015-04-04,0.15315908207004172,0.22
2015-04-05,0.1510765890107961,0.167
2015-04-06,0.14944746987080756,0.149
2015-04-07,0.14794227169792998,0.132
2015-04-08,0.14652563217212733,0.132
2015-04-09,0.1451786669591162,0.127
2015-04-10,0.14390910508916263,0.127
2015-04-11,0.14371912026909547,0.136
2015-04-12,0.14143597301440053,0.12
2015-04-13,0.14014783489721558,0.108
2015-04-14,0.13893587231820947,0.106
2015-04-15,0.13774034082503994,0.107
2015-04-16,0.13659160945056992,0.101
2015-04-17,0.13536483777800842,0.092
2015-04-18,0.1341760394637027,0.09
2015-04-19,0.1329935922661802,0.091
2015-04-20,0.13180676278395054,0.089
2015-04-21,0.13062178306045907,0.085
2015-04-22,0.1294316756366898,0.087
2015-04-23,0.1282430073644333,0.088
2015-04-24,0.1277102125176008,0.092
2015-04-25,0.21771072677245157,0.101
2015-04-26,0.1344586384180723,0.151
2015-04-27,0.12664676941365668,0.126
2015-04-28,0.12451817659071944,0.088
2015-04-29,0.18451862352030843,0.097
2015-04-30,0.128116193198195,0.112
2015-05-01,0.1222174020848911,0.089
2015-05-02,0.12254368534108422,0.081
2015-05-03,0.118739879633175,0.095
2015-05-04,0.6773049511616316,0.155
2015-05-05,0.17881493848962127,0.731
2015-05-06,0.1284255258645818,0.347
2015-05-07,0.11975316381056031,0.173
2015-05-08,0.11747481132095669,0.119
2015-05-09,0.11460626126231306,0.103
2015-05-10,0.11253918899235407,0.092
2015-05-11,0.11070200391428085,0.087
2015-05-12,0.10905390700051308,0.078
2015-05-13,0.10746736917486262,0.075
2015-05-14,0.6224130590531974,0.122
2015-05-15,0.15010939467723575,0.299
2015-05-16,0.11333246917873174,0.151
2015-05-17,0.10854753030407174,0.099
2015-05-18,0.10630692370434287,0.088
2015-05-19,0.15427372318876909,0.088
2015-05-20,0.10881948962046745,0.186
2015-05-21,0.10375047967047606,0.124
2015-05-22,0.10137294303445502,0.087
2015-05-23,0.09991669208119688,0.079
2015-05-24,0.09794737651885904,0.078
2015-05-25,0.09597417104467316,0.074
2015-05-26,0.09445463263944218,0.071
2015-05-27,0.09305929460128513,0.08
2015-05-28,0.09174578265743526,0.111
2015-05-29,0.0928595831615076,0.078
2015-05-30,0.09127282618157542,0.076
2015-05-31,0.08883645532837972,0.076
2015-06-01,0.08730828655049769,0.078
2015-06-02,0.0860128892874156,0.072
2015-06-03,0.08493718508881172,0.064
2015-06-04,0.08624587310975947,0.069
2015-06-05,0.08303927742751614,0.084
2015-06-06,0.08190751744396339,0.084
2015-06-07,0.08091975772348052,0.066
2015-06-08,0.07996042207704485,0.058
2015-06-09,0.07899080591828116,0.055
2015-06-10,0.07804187893441238,0.056
2015-06-11,0.07710480661313636,0.057
2015-06-12,0.0772445932695384,0.058
2015-06-13,0.07546308151256778,0.058
2015-06-14,0.07441690589208644,0.061
2015-06-15,0.07343374440422593,0.06
2015-06-16,0.07253065199340163,0.055
2015-06-17,0.07222142945839678,0.055
2015-06-18,0.07078914099815722,0.054
2015-06-19,0.06987596100683488,0.054
2015-06-20,0.28657343914114203,0.075
2015-06-21,0.09051351591282267,0.184
2015-06-22,0.07420279782386736,0.168
2015-06-23,0.07046130607584689,0.126
2015-06-24,0.06877740478694636,0.081
2015-06-25,0.06737339065628949,0.064
2015-06-26,0.06610214317799988,0.06
2015-06-27,0.06493840049291852,0.058
2015-06-28,0.06482001962325519,0.059
2015-06-29,0.06288180433297774,0.058
2015-06-30,0.06186756218255078,0.059
2015-07-01,0.06094857755382971,0.057
2015-07-02,0.06049015198100851,0.057
2015-07-03,0.09026225795656777,0.061
2015-07-04,0.06654984613207109,0.062
2015-07-05,0.06296168265528085,0.083
2015-07-06,0.05972734475016376,0.087
2015-07-07,0.058372937497364046,0.086
2015-07-08,0.05919805106398106,0.069
2015-07-09,0.056229197238102824,0.057
2015-07-10,0.05514032468519826,0.056
2015-07-11,0.05462351901039714,0.051
2015-07-12,0.055264503407655804,0.048
2015-07-13,0.05350727838190557,0.05
2015-07-14,0.05235642124456574,0.06
2015-07-15,0.051160429115124015,0.065
2015-07-16,0.050496849146455795,0.058
2015-07-17,0.04958201944036696,0.054
2015-07-18,0.05002427318741489,0.052
2015-07-19,0.048607248760871566,0.051
2015-07-20,0.04772061691576277,0.051
2015-07-21,0.04690937634621953,0.052
2015-07-22,0.04629210892015318,0.052
2015-07-23,0.04568420024087888,0.051
2015-07-24,0.6252418758207308,0.095
2015-07-25,0.46480862103449405,0.248
2015-07-26,0.2228515923441831,0.978
2015-07-27,0.07156142751509496,0.85
2015-07-28,0.057817886296480124,0.576
2015-07-29,0.05391302393541211,0.249
2015-07-30,0.05110112210243504,0.096
2015-07-31,0.04892953463075791,0.073
2015-08-01,0.04712016593056079,0.058
2015-08-02,0.04558840166471542,0.053
2015-08-03,0.044321599683552836,0.051
2015-08-04,0.043146450240892295,0.05
2015-08-05,0.042473377894044394,0.048
2015-08-06,0.041294132728842796,0.047
2015-08-07,0.040500787780672495,0.048
2015-08-08,0.03977889307403428,0.047
2015-08-09,0.03912354228313604,0.046
2015-08-10,0.038589246839080445,0.046
2015-08-11,0.03918216859937388,0.046
2015-08-12,0.03756836547486169,0.046
2015-08-13,0.5851472352099203,0.087
2015-08-14,0.08517005482831708,0.156
2015-08-15,0.046265843744957444,0.321
2015-08-16,0.04172446325852586,0.214
2015-08-17,0.03999358095444797,0.087
2015-08-18,0.03985329311855072,0.068
2015-08-19,0.16216648692965488,0.058
2015-08-20,0.04881034116889918,0.058
2015-08-21,0.03916608396297516,0.083
2015-08-22,0.0373016357760405,0.078
2015-08-23,0.3944141029674172,0.066
2015-08-24,0.6309992431739495,0.641
2015-08-25,0.17611978887968646,2.02
2015-08-26,0.20721030474160135,2.8
2015-08-27,0.06219969328566029,2.12
2015-08-28,0.04795713942250352,1.33
2015-08-29,0.04865179150511842,0.597
2015-08-30,0.167320381999591,0.253
2015-08-31,0.13838672511668942,0.296
2015-09-01,0.08915172136366005,0.678
2015-09-02,0.04827244550826249,1.0
2015-09-03,0.04267769327338314,0.762
2015-09-04,0.040121783291642454,0.399
2015-09-05,0.03830479483423733,0.152
2015-09-06,0.036663665977448454,0.093
2015-09-07,0.03534384129819234,0.069
2015-09-08,0.03429680876971285,0.062
2015-09-09,0.03342138299898219,0.058
2015-09-10,0.03266546674685908,0.056
2015-09-11,0.0323924513949598,0.059
2015-09-12,0.031504848276845625,0.057
2015-09-13,0.049767996122796365,0.056
2015-09-14,0.03596813766693984,0.059
2015-09-15,0.03380316591555987,0.083
2015-09-16,0.5966936858932689,0.126
2015-09-17,0.13110900469962677,0.401
2015-09-18,0.055827789179920886,1.02
2015-09-19,0.040691873419516224,0.751
2015-09-20,0.037624940471682196,0.474
2015-09-21,0.4249379862338528,0.263
2015-09-22,0.08161246357889367,0.373
2015-09-23,0.0811583632702536,0.876
2015-09-24,0.041505162501785146,0.798
2015-09-25,0.03648512731519263,0.423
2015-09-26,0.03460364665065475,0.196
2015-09-27,0.03324768479360139,0.126
2015-09-28,0.03214740285464956,0.101
2015-09-29,0.03123722385409531,0.083
2015-09-30,0.030497317366604555,0.084
2015-10-01,0.029849493915998067,0.084
2015-10-02,0.029303430080216027,0.083
2015-10-03,0.028834462285983273,0.082
2015-10-04,0.028446928034602595,0.081
2015-10-05,0.2922485528677365,0.084
2015-10-06,0.18721479242403902,0.117
2015-10-07,0.04565626201135563,0.26
2015-10-08,0.03367775390406014,0.39
2015-10-09,0.03161693681965184,0.174
2015-10-10,0.030479644071828325,0.119
2015-10-11,0.02958283624043765,0.094
2015-10-12,0.028902396686859597,0.086
2015-10-13,0.02821127067388608,0.082
2015-10-14,0.02884021525817492,0.081
2015-10-15,0.027861740162627737,0.077
2015-10-16,0.02701212754745408,0.078
2015-10-17,0.026451969582208953,0.074
2015-10-18,0.026454832868079543,0.071
2015-10-19,0.025857543564044377,0.071
2015-10-20,0.11764178230657328,0.07
2015-10-21,0.09956704765414492,0.081
2015-10-22,0.03343770154149787,0.142
2015-10-23,0.02790466783799478,0.109
2015-10-24,0.11635312962580928,0.09
2015-10-25,0.034338144410360025,0.088
2015-10-26,0.027612612088555706,0.091
2015-10-27,0.5866836236350546,0.101
2015-10-28,0.31222921611390936,0.443
2015-10-29,0.0546811423369608,1.25
2015-10-30,0.03392644326581735,0.434
2015-10-31,0.030068957212343483,0.159
2015-11-01,0.028757250961804776,0.119
2015-11-02,0.027405380231470537,0.098
2015-11-03,0.583662107041869,0.108
2015-11-04,0.27170821680027046,1.61
2015-11-05,0.2496489477634774,3.39
2015-11-06,0.1270889342868273,3.09
2015-11-07,0.08326800886140641,1.68
2015-11-08,0.04221070907690751,0.643
2015-11-09,0.036329343400623826,0.303
2015-11-10,0.03360307970996816,0.192
2015-11-11,0.031499752645368743,0.128
2015-11-12,0.03009429246374156,0.101
2015-11-13,0.038619878155430644,0.098
2015-11-14,0.2321647458620812,0.108
2015-11-15,0.04479034316680757,0.179
2015-11-16,0.1169531011907794,0.143
2015-11-17,0.15674195688041784,0.218
2015-11-18,0.14358332861290327,0.344
2015-11-19,0.16078001194514577,0.306
2015-11-20,0.1442147118260646,0.341
2015-11-21,0.07896643762468829,0.292
2015-11-22,0.041964162213417804,0.346
2015-11-23,0.2983706579352986,0.199
2015-11-24,0.06505136332198153,0.308
2015-11-25,0.04170604316645159,0.485
2015-11-26,0.037307266023820784,0.327
2015-11-27,0.08127037033275897,0.203
2015-11-28,0.03863149309651439,0.166
2015-11-29,0.14647428787755293,0.149
2015-11-30,0.24265251753523148,0.174
2015-12-01,0.055652761005369346,0.465
2015-12-02,0.039607770712382265,0.533
2015-12-03,0.14133433324674755,0.3
2015-12-04,0.044971901752926105,0.244
2015-12-05,0.03594130706490591,0.183
2015-12-06,0.034069030233260675,0.14
2015-12-07,0.0697784027558058,0.128
2015-12-08,0.03500031678076334,0.122
2015-12-09,0.030963206427528197,0.124
2015-12-10,0.28083759945083897,0.12
2015-12-11,0.051036041631876104,0.276
2015-12-12,0.16760850165582578,0.243
2015-12-13,0.0473759149338224,0.225
2015-12-14,0.1465838072531406,0.306
2015-12-15,0.2738920502955999,0.353
2015-12-16,0.062071116025299425,0.953
2015-12-17,0.04394872674931704,0.679
2015-12-18,0.03918925375143139,0.336
2015-12-19,0.03661285985114859,0.225
2015-12-20,0.20069739166777595,0.207
2015-12-21,0.10361413682153425,0.349
2015-12-22,0.10321818386056378,0.307
2015-12-23,0.04386221125707866,0.349
2015-12-24,0.08775231973785083,0.291
2015-12-25,0.047713046035421446,0.225
2015-12-26,0.03744866357200628,0.19
2015-12-27,0.03531625450556793,0.174
2015-12-28,0.03364505077445731,0.154
2015-12-29,0.03255720710766731,0.143
2015-12-30,0.22049966585477931,0.142
2015-12-31,0.20130343158944747,0.251
2016-01-01,0.08347785064610488,0.445
2016-01-02,0.1306652985400678,0.348
2016-01-03,0.5029960092537428,1.98
2016-01-04,0.32899538275008305,4.85
2016-01-05,0.13511667822116338,4.94
2016-01-06,0.631128994412156,3.55
2016-01-07,0.4213630784741836,10.6
2016-01-08,0.20897244484430072,8.86
2016-01-09,0.6063816827066111,5.37
2016-01-10,0.699191214157648,7.76
2016-01-11,0.23711547382897094,11.5
2016-01-12,0.18418398514697948,7.34
2016-01-13,0.2929202734034316,4.0
2016-01-14,0.16054949472220503,2.89
2016-01-15,0.13138762899250972,1.81
2016-01-16,0.12030967576805585,0.811
2016-01-17,0.10201338896192552,0.457
2016-01-18,0.09141579158145316,0.306
2016-01-19,0.08363422101157329,0.234
2016-01-20,0.07757562223804024,0.204
2016-01-21,0.07365207702076153,0.187
2016-01-22,0.23744077674045475,0.262
2016-01-23,0.1577390796657031,0.333
2016-01-24,0.09363381971472731,0.43
2016-01-25,0.08323040404306631,0.422
2016-01-26,0.10078851412039748,0.322
2016-01-27,0.12822299144702537,0.287
2016-01-28,0.08503497119853787,0.249
2016-01-29,0.27481084457164306,0.22
2016-01-30,0.10240241336068759,0.375
2016-01-31,0.10316687402727906,0.361
2016-02-01,0.08342764932765698,0.306
2016-02-02,0.07876294760690696,0.224
2016-02-03,0.07770191331288202,0.194
2016-02-04,0.07398628645702716,0.181
2016-02-05,0.07244442330797819,0.176
2016-02-06,0.1596946576869243,0.193
2016-02-07,0.5453391653800134,0.281
2016-02-08,0.13230440436205376,1.46
2016-02-09,0.09260637460542309,0.78
2016-02-10,0.08354406381024504,0.383
2016-02-11,0.08102331504950962,0.245
2016-02-12,0.07830614796207751,0.21
2016-02-13,0.2890781226009558,0.206
2016-02-14,0.11568107042009777,0.245
2016-02-15,0.0963035672952888,0.189
2016-02-16,0.09056256794092336,0.163
2016-02-17,0.24318623404065268,0.175
2016-02-18,0.1103355198579248,0.304
2016-02-19,0.09642183538136771,0.226
2016-02-20,0.10276715130749854,0.222
2016-02-21,0.2885364068509812,0.258
2016-02-22,0.2187996609432544,1.14
2016-02-23,0.11768853937245093,1.57
2016-02-24,0.10334303433557884,0.729
2016-02-25,0.09698655343567426,0.354
2016-02-26,0.09236441147249515,0.268
2016-02-27,0.08880313613925847,0.221
2016-02-28,0.0859755490430327,0.188
2016-02-29,0.08395988047855882,0.169
2016-03-01,0.20225870735992646,0.224
2016-03-02,0.1587186789245547,0.293
2016-03-03,0.2713557623746489,0.324
2016-03-04,0.10110066721689324,1.52
2016-03-05,0.08765727300983188,0.964
2016-03-06,0.08380416617828179,0.404
2016-03-07,0.08158135472523662,0.303
2016-03-08,0.5023487488950513,0.253
2016-03-09,0.15094603432895087,3.01
2016-03-10,0.09947619718791507,2.94
2016-03-11,0.09098037995569361,1.44
2016-03-12,0.08762407218807056,0.484
2016-03-13,0.084933290129353,0.32
2016-03-14,0.08286428978290454,0.248
2016-03-15,0.08132782684298513,0.223
2016-03-16,0.07993869560419459,0.202
2016-03-17,0.07863500118178983,0.182
2016-03-18,0.07765110799618723,0.175
2016-03-19,0.07683097763007195,0.169
2016-03-20,0.07614028436976122,0.162
2016-03-21,0.0754426904329831,0.156
2016-03-22,0.07485317423361768,0.152
2016-03-23,0.07432163723145724,0.15
2016-03-24,0.34077617487190337,0.174
2016-03-25,0.09695639396710683,0.392
2016-03-26,0.23818987342936007,0.257
2016-03-27,0.6529162875167553,0.743
2016-03-28,0.3863753373733074,9.05
2016-03-29,0.279269991993217,6.07
2016-03-30,0.1293570728741772,3.96
2016-03-31,0.10992559954975693,2.08
2016-04-01,0.10036270846299157,0.688
2016-04-02,0.09686001539572253,0.316
2016-04-03,0.11010421456571033,0.272
2016-04-04,0.08970693557895423,0.289
2016-04-05,0.08501021034567888,0.229
2016-04-06,0.08320109465857006,0.197
2016-04-07,0.10529912358283014,0.186
2016-04-08,0.08305300387153858,0.199
2016-04-09,0.07900006624110843,0.174
2016-04-10,0.07672990705154438,0.159
2016-04-11,0.2709587261532392,0.16
2016-04-12,0.09245985901227992,0.326
2016-04-13,0.07864925839164104,0.217
2016-04-14,0.15692500495056091,0.184
2016-04-15,0.4090309845611333,1.16
2016-04-16,0.10686954523854009,2.65
2016-04-17,0.08241070079504452,0.967
2016-04-18,0.07826784394317507,0.323
2016-04-19,0.07600311184042552,0.196
2016-04-20,0.07419807536002829,0.158
2016-04-21,0.07268628137609158,0.142
2016-04-22,0.09274481954820203,0.137
2016-04-23,0.07458005261259083,0.162
2016-04-24,0.07146177648489022,0.134
2016-04-25,0.07196007158192487,0.148
2016-04-26,0.06952865454563428,0.146
2016-04-27,0.09068960477056051,0.132
2016-04-28,0.07015176680217834,0.128
2016-04-29,0.06777122310838757,0.126
2016-04-30,0.06591471808872743,0.149
2016-05-01,0.06515325522178023,0.104
2016-05-02,0.06505858394975696,0.094
2016-05-03,0.06398285061496631,0.093
2016-05-04,0.0633951265199172,0.086
2016-05-05,0.06284994829131775,0.08
2016-05-06,0.06231804614888246,0.077
2016-05-07,0.06179410679736918,0.081
2016-05-08,0.061278564431544474,0.079
2016-05-09,0.1280368593676002,0.076
2016-05-10,0.21159075094019125,0.108
2016-05-11,0.2256613930470008,0.192
2016-05-12,0.07807711205307746,0.19
2016-05-13,0.06521711674765351,0.107
2016-05-14,0.06284355708792289,0.09
2016-05-15,0.0614597955013069,0.079
2016-05-16,0.060304034361396405,0.077
2016-05-17,0.05929962487345114,0.074
2016-05-18,0.3280474502448891,0.091
2016-05-19,0.08189904999868891,0.225
2016-05-20,0.06249293848174794,0.183
2016-05-21,0.06002454620065536,0.105
2016-05-22,0.15043394270991908,0.101
2016-05-23,0.0674466022331603,0.137
2016-05-24,0.05980776087919076,0.127
2016-05-25,0.05789938138576384,0.092
2016-05-26,0.05657888047800292,0.084
2016-05-27,0.05546793270716589,0.081
2016-05-28,0.0545340352288995,0.074
2016-05-29,0.05357844105137253,0.071
2016-05-30,0.6248022000507586,0.095
2016-05-31,0.42185076341772276,1.92
2016-06-01,0.11760443396209763,3.14
2016-06-02,0.06467997484816601,1.54
2016-06-03,0.058539034247694334,0.539
2016-06-04,0.056252279301029606,0.177
2016-06-05,0.054543755846436726,0.136
2016-06-06,0.0531036760134448,0.108
2016-06-07,0.054636485660823166,0.086
2016-06-08,0.053967361259162475,0.175
2016-06-09,0.05009922991851126,0.138
2016-06-10,0.04908412156840147,0.102
2016-06-11,0.05396403967024837,0.083
2016-06-12,0.3219063912640101,0.233
2016-06-13,0.22047190845127304,1.3
2016-06-14,0.20014750717890145,1.83
2016-06-15,0.06727663829552118,1.12
2016-06-16,0.05519431976968835,0.551
2016-06-17,0.13441742875622364,0.272
2016-06-18,0.05856174022392566,0.136
2016-06-19,0.20251393943363433,0.117
2016-06-20,0.2418636441305431,0.28
2016-06-21,0.06889741810032038,1.49
2016-06-22,0.6453207790365002,2.18
2016-06-23,0.6903636221991917,13.5
2016-06-24,0.567605910047947,22.4
2016-06-25,0.6739431377920605,18.9
2016-06-26,0.32355644726813115,15.2
2016-06-27,0.10985397766406352,12.8
2016-06-28,0.09240566062862257,9.89
2016-06-29,0.08067966680616505,6.21
2016-06-30,0.0722546579741672,3.2
2016-07-01,0.06606212588073153,1.29
2016-07-02,0.17456085544733135,0.623
2016-07-03,0.07131353556596508,0.344
2016-07-04,0.06015282014872201,0.188
2016-07-05,0.05667345647021034,0.121
2016-07-06,0.05431647551734241,0.118
2016-07-07,0.05241888834530394,0.097
2016-07-08,0.05089583586829151,0.083
2016-07-09,0.049657129568339724,0.078
2016-07-10,0.04878231227686971,0.075
2016-07-11,0.17211505760487594,0.086
2016-07-12,0.4277849985438765,0.083
2016-07-13,0.12198454209794427,0.198
2016-07-14,0.05843360415479607,0.243
2016-07-15,0.05196112678339272,0.18
2016-07-16,0.05011688973999845,0.131
2016-07-17,0.048875239530122676,0.083
2016-07-18,0.04784536461307845,0.072
2016-07-19,0.04700670735168543,0.068
2016-07-20,0.04628009605477984,0.069
2016-07-21,0.04569573146973791,0.071
2016-07-22,0.04516006442657379,0.071
2016-07-23,0.04466487422668186,0.069
2016-07-24,0.044247775755823275,0.068
2016-07-25,0.0438606442966731,0.068
2016-07-26,0.04407895496132768,0.063
2016-07-27,0.043599144022749024,0.067
2016-07-28,0.043564194266896915,0.072
2016-07-29,0.04300209302711004,0.068
2016-07-30,0.04236226086259364,0.07
2016-07-31,0.0419618705848345,0.069
2016-08-01,0.24849119566598996,0.076
2016-08-02,0.06136207965828442,0.089
2016-08-03,0.04564685483806553,0.145
2016-08-04,0.04366500318046248,0.127
2016-08-05,0.04276891407561059,0.089
2016-08-06,0.042066677903479045,0.068
2016-08-07,0.041455322384074844,0.058
2016-08-08,0.04090591039201436,0.056
2016-08-09,0.04044617897741243,0.048
2016-08-10,0.039978134133320374,0.048
2016-08-11,0.03953120509794706,0.049
2016-08-12,0.03912683412870666,0.047
2016-08-13,0.0387406309220702,0.046
2016-08-14,0.03837571825959106,0.049
2016-08-15,0.03801184987275282,0.05
2016-08-16,0.03766687785945726,0.052
2016-08-17,0.03732196577655113,0.051
2016-08-18,0.03710333106587196,0.052
2016-08-19,0.038176328527901086,0.053
2016-08-20,0.037490781881609495,0.054
2016-08-21,0.03677370848998658,0.058
2016-08-22,0.03570188261247844,0.056
2016-08-23,0.035326887366613366,0.051
2016-08-24,0.035029261010824875,0.051
2016-08-25,0.03477468553229739,0.053
2016-08-26,0.034350772476627725,0.052
2016-08-27,0.03402000773997072,0.054
2016-08-28,0.033846777857108906,0.055
2016-08-29,0.03337433006498075,0.055
2016-08-30,0.03303701078016882,0.057
2016-08-31,0.03270439447858735,0.057
2016-09-01,0.03237827878457867,0.056
2016-09-02,0.03207110812867313,0.056
2016-09-03,0.033694827808383676,0.061
2016-09-04,0.03334806504007858,0.064
2016-09-05,0.0313910386322703,0.071
2016-09-06,0.030766982371247174,0.076
2016-09-07,0.030422555794533453,0.076
2016-09-08,0.030103772406629748,0.068
2016-09-09,0.029858245366117486,0.063
2016-09-10,0.030137667804883726,0.063
2016-09-11,0.029171605390880418,0.067
2016-09-12,0.028819910561919595,0.07
2016-09-13,0.028493026460085027,0.066
2016-09-14,0.028175180104158058,0.064
2016-09-15,0.08855982046208855,0.073
2016-09-16,0.07371404578624187,0.078
2016-09-17,0.03603711374325882,0.104
2016-09-18,0.03210909339076997,0.098
2016-09-19,0.030703900271081375,0.076
2016-09-20,0.029694455164599485,0.063
2016-09-21,0.028762266313951842,0.059
2016-09-22,0.02799946743010028,0.06
2016-09-23,0.027336178718752872,0.063
2016-09-24,0.02728166274418989,0.059
2016-09-25,0.02627078730786332,0.056
2016-09-26,0.025842085798710814,0.06
2016-09-27,0.025370301644181404,0.058
2016-09-28,0.024982390858665156,0.057
2016-09-29,0.025096668634580564,0.058
2016-09-30,0.024738937188303955,0.06
2016-10-01,0.3148558198785591,0.075
2016-10-02,0.04813909742839227,0.092
2016-10-03,0.02742688497240312,0.096
2016-10-04,0.025146761117474763,0.066
2016-10-05,0.024379313911212775,0.056
2016-10-06,0.0238037034815562,0.054
2016-10-07,0.023569416159807868,0.053
2016-10-08,0.023572532811213617,0.053
2016-10-09,0.023160696370759855,0.057
2016-10-10,0.02257998562449082,0.06
2016-10-11,0.02245375494752509,0.062
2016-10-12,0.29209985865158566,0.069
2016-10-13,0.04543688374903818,0.086
2016-10-14,0.026794007661088762,0.196
2016-10-15,0.12282263299084813,0.137
2016-10-16,0.03355491954870154,0.095
2016-10-17,0.03124348766754437,0.101
2016-10-18,0.02550468439790017,0.125
2016-10-19,0.023982446707024582,0.13
2016-10-20,0.02301674033727963,0.082
2016-10-21,0.02260882642655934,0.071
2016-10-22,0.02146207224289738,0.065
2016-10-23,0.02084696369833512,0.059
2016-10-24,0.020336608973420496,0.062
2016-10-25,0.019916878529949587,0.062
2016-10-26,0.019507854974984407,0.068
2016-10-27,0.019167625903934487,0.067
2016-10-28,0.018836219245055144,0.057
2016-10-29,0.01866644976081981,0.056
2016-10-30,0.018360529488798228,0.056
2016-10-31,0.018075519339879553,0.058
2016-11-01,0.01785915917205176,0.058
2016-11-02,0.01764659223117312,0.057
2016-11-03,0.017683278872806008,0.057
2016-11-04,0.19675592442345255,0.063
2016-11-05,0.033105470326529045,0.109
2016-11-06,0.021700168477147317,0.111
2016-11-07,0.019217141340117212,0.074
2016-11-08,0.5798778646163939,0.081
2016-11-09,0.40228347313103363,0.229
2016-11-10,0.05502461696097277,0.326
2016-11-11,0.027318846210000334,0.188
2016-11-12,0.26118746963797645,0.127
2016-11-13,0.04277597546612186,0.268
2016-11-14,0.024984926847752043,0.182
2016-11-15,0.02282173547496449,0.114
2016-11-16,0.05848045203788971,0.106
2016-11-17,0.03626812423398462,0.092
2016-11-18,0.02086649590396604,0.087
2016-11-19,0.5914024518174331,0.136
2016-11-20,0.6705164035536244,3.26
2016-11-21,0.6681634592580753,6.63
2016-11-22,0.34141522301568417,4.84
2016-11-23,0.07378039540960427,2.24
2016-11-24,0.04779176898272375,0.606
2016-11-25,0.04084540802163231,0.198
2016-11-26,0.037220126957080865,0.131
2016-11-27,0.03280038010989965,0.113
2016-11-28,0.02994915555195346,0.103
2016-11-29,0.027906519361976922,0.091
2016-11-30,0.026085476967434615,0.083
2016-12-01,0.024610916890385512,0.08
2016-12-02,0.023575810905470437,0.088
2016-12-03,0.02270557131480224,0.079
2016-12-04,0.022024132749915135,0.077
2016-12-05,0.02159108924228333,0.076
2016-12-06,0.021102312061427493,0.075
2016-12-07,0.02073323195294275,0.075
2016-12-08,0.020456505470307498,0.073
2016-12-09,0.020253904209955986,0.072
2016-12-10,0.1597113491737661,0.079
2016-12-11,0.03236477208874135,0.112
2016-12-12,0.022966048276077285,0.099
2016-12-13,0.02183102165084552,0.082
2016-12-14,0.021082007236959174,0.084
2016-12-15,0.020732013002414527,0.084
2016-12-16,0.020602963562411696,0.08
2016-12-17,0.02039460516571676,0.075
2016-12-18,0.02010099229673795,0.074
2016-12-19,0.019961341223419245,0.075
2016-12-20,0.019931319597987707,0.074
2016-12-21,0.019725316625012698,0.073
2016-12-22,0.01962373006774664,0.073
2016-12-23,0.027341369302716568,0.071
2016-12-24,0.020457915527712412,0.074
2016-12-25,0.03970447643427732,0.08
2016-12-26,0.0216499135848961,0.076
2016-12-27,0.02013507879115475,0.075
2016-12-28,0.019875082293733595,0.072
2016-12-29,0.019728696807804657,0.072
2016-12-30,0.019441897508878817,0.073
2016-12-31,0.019443664254517882,0.075
2017-01-01,0.23009897030410528,0.089
2017-01-02,0.036923949326423226,0.192
2017-01-03,0.022501718335275447,0.118
2017-01-04,0.026506980489665977,0.098
2017-01-05,0.02106679540818157,0.09
2017-01-06,0.10624212501189599,0.086
2017-01-07,0.027513199667921043,0.102
2017-01-08,0.021220223673630585,0.108
2017-01-09,0.15177258132841348,0.118
2017-01-10,0.03086939674534352,0.194
2017-01-11,0.02137623720319356,0.186
2017-01-12,0.5818522760173851,1.76
2017-01-13,0.4911583774692397,6.57
2017-01-14,0.12694956426351717,4.3
2017-01-15,0.23037698193516326,2.47
2017-01-16,0.05442273148869038,1.91
2017-01-17,0.03701758087907379,0.636
2017-01-18,0.03274993717536534,0.339
2017-01-19,0.029721124311244813,0.222
2017-01-20,0.02764187236814822,0.186
2017-01-21,0.02579492674278246,0.16
2017-01-22,0.024462156299728113,0.136
2017-01-23,0.023454997679740637,0.126
2017-01-24,0.022502572087060406,0.122
2017-01-25,0.021690034229677895,0.115
2017-01-26,0.021033302135962183,0.112
2017-01-27,0.02098671460047194,0.112
2017-01-28,0.04267774856826818,0.114
2017-01-29,0.5417043157626982,0.352
2017-01-30,0.08559008057820215,3.57
2017-01-31,0.49187947433470197,2.67
2017-02-01,0.09267614689167032,8.89
2017-02-02,0.05116132977103895,4.8
2017-02-03,0.07216601994389718,1.44
2017-02-04,0.04718899752341932,0.605
2017-02-05,0.038390256401580246,0.391
2017-02-06,0.3507993115609914,0.301
2017-02-07,0.0688625951565449,1.07
2017-02-08,0.0436161835641592,0.766
2017-02-09,0.039741226121026874,0.424
2017-02-10,0.03612457782991813,0.289
2017-02-11,0.12786123447844205,0.274
2017-02-12,0.042370887657089,0.331
2017-02-13,0.033787275105934385,0.316
2017-02-14,0.031652709151394794,0.255
2017-02-15,0.05121561786743075,0.231
2017-02-16,0.030222037120636067,0.219
2017-02-17,0.02756925933086335,0.202
2017-02-18,0.02660224740837066,0.182
2017-02-19,0.025969739617883816,0.169
2017-02-20,0.02541296942646871,0.165
2017-02-21,0.024987441649235765,0.159
2017-02-22,0.027502628917052276,0.156
2017-02-23,0.0255212491715635,0.151
2017-02-24,0.024936183449172318,0.139
2017-02-25,0.025021282161248756,0.125
2017-02-26,0.3560190992327334,0.149
2017-02-27,0.21123902595102184,0.548
2017-02-28,0.050220609040516014,0.54
2017-03-01,0.03246452788674345,0.337
2017-03-02,0.030147811852895553,0.241
2017-03-03,0.031676828765193045,0.208
2017-03-04,0.03447749618637624,0.211
2017-03-05,0.18874207112189015,0.22
2017-03-06,0.04248506464467292,0.314
2017-03-07,0.0575790728106475,0.219
2017-03-08,0.03529488822846074,0.228
2017-03-09,0.03031342266266994,0.215
2017-03-10,0.028892619110929645,0.184
2017-03-11,0.02785755078986862,0.172
2017-03-12,0.027153153303056853,0.162
2017-03-13,0.026423624871898217,0.144
2017-03-14,0.025887398616495937,0.126
2017-03-15,0.025497968945176294,0.121
2017-03-16,0.025094144529690037,0.119
2017-03-17,0.024826190948134454,0.114
2017-03-18,0.024531649406772493,0.12
2017-03-19,0.0248674023701602,0.116
2017-03-20,0.02487641825462529,0.116
2017-03-21,0.02398005364755969,0.129
2017-03-22,0.4063377628672928,0.136
2017-03-23,0.05652353086524911,0.299
2017-03-24,0.03014607141734819,0.161
2017-03-25,0.027290273711553688,0.12
2017-03-26,0.02631596082819111,0.105
2017-03-27,0.025618187412410103,0.102
2017-03-28,0.025509445382432744,0.097
2017-03-29,0.024596960413442958,0.1
2017-03-30,0.02416361355786993,0.097
2017-03-31,0.023816251011003427,0.099
2017-04-01,0.023626180774091385,0.094
2017-04-02,0.023255263402333817,0.089
2017-04-03,0.023120073282744992,0.086
2017-04-04,0.022792642517708128,0.081
2017-04-05,0.022580544128002065,0.081
2017-04-06,0.02238681236037855,0.082
2017-04-07,0.022217087109470634,0.081
2017-04-08,0.02203082072458258,0.079
2017-04-09,0.02186188054597965,0.076
2017-04-10,0.02169825273132653,0.073
2017-04-11,0.021544455216017257,0.07
2017-04-12,0.021378859609575904,0.072
2017-04-13,0.021210761110337966,0.071
2017-04-14,0.021330131366592696,0.069
2017-04-15,0.02089901490414816,0.065
2017-04-16,0.020855188455993278,0.06
2017-04-17,0.020648829540972934,0.061
2017-04-18,0.020406694666453958,0.059
2017-04-19,0.020228086552405638,0.063
2017-04-20,0.020060095519593174,0.065
2017-04-21,0.020130971262207312,0.067
2017-04-22,0.019807685189013633,0.068
2017-04-23,0.019562261152872466,0.065
2017-04-24,0.020002839374893232,0.065
2017-04-25,0.019259078347438667,0.062
2017-04-26,0.020529060325653894,0.066
2017-04-27,0.01966939247877459,0.069
2017-04-28,0.018746100983921737,0.07
2017-04-29,0.01852889192185816,0.068
2017-04-30,0.019774893455757832,0.066
2017-05-01,0.01898693564759361,0.068
2017-05-02,0.018552043364425123,0.07
2017-05-03,0.018251340857597238,0.063
2017-05-04,0.017684219543121327,0.063
2017-05-05,0.017484816340062385,0.061
2017-05-06,0.01730385107309156,0.057
2017-05-07,0.017128663785390397,0.058
2017-05-08,0.016953401096874578,0.058
2017-05-09,0.01678187837414694,0.057
2017-05-10,0.016606140902925545,0.057
2017-05-11,0.017538475229254377,0.059
2017-05-12,0.01661118583872472,0.058
2017-05-13,0.01647911998805583,0.058
2017-05-14,0.016499913520557737,0.053
2017-05-15,0.016265330253803473,0.051
2017-05-16,0.5811536223125636,0.104
2017-05-17,0.6207763067245134,0.645
2017-05-18,0.639352808187915,2.47
2017-05-19,0.5155651982525646,4.98
2017-05-20,0.07645770156234555,3.27
2017-05-21,0.03887226455186302,1.02
2017-05-22,0.03244397836052229,0.258
2017-05-23,0.029044895650674047,0.171
2017-05-24,0.026454771585738248,0.11
2017-05-25,0.024396177457973758,0.087
2017-05-26,0.023279703984743813,0.078
2017-05-27,0.021534990678308705,0.074
2017-05-28,0.45051796132496225,0.102
2017-05-29,0.05743390038331235,0.154
2017-05-30,0.02704582345951732,0.314
2017-05-31,0.023296468374106948,0.152
2017-06-01,0.021795127935531892,0.107
2017-06-02,0.23187276248909283,0.159
2017-06-03,0.039798910848581524,0.149
2017-06-04,0.02444971495699595,0.173
2017-06-05,0.42828737457852606,0.114
2017-06-06,0.17916108247000537,0.121
2017-06-07,0.04157017343009654,0.696
2017-06-08,0.030672130407397604,0.61
2017-06-09,0.02681457999878757,0.271
2017-06-10,0.024014184077651147,0.186
2017-06-11,0.02260816791301726,0.132
2017-06-12,0.021535962903307716,0.105
2017-06-13,0.020680461996640077,0.077
2017-06-14,0.019998282355387254,0.066
2017-06-15,0.01944998824092328,0.062
2017-06-16,0.019006049348866447,0.057
2017-06-17,0.018649593273160972,0.055
2017-06-18,0.01835639252346498,0.057
2017-06-19,0.018118559765981535,0.057
2017-06-20,0.01791669073945093,0.054
2017-06-21,0.017747057118192314,0.05
2017-06-22,0.01773284439956463,0.051
2017-06-23,0.01748414308770549,0.05
2017-06-24,0.01783671522211743,0.05
2017-06-25,0.017287870249051873,0.052
2017-06-26,0.017165952722012896,0.053
2017-06-27,0.5900242334326204,0.206
2017-06-28,0.364281135377061,0.522
2017-06-29,0.05385028083075966,1.02
2017-06-30,0.02919277946518853,0.475
2017-07-01,0.025262174967209013,0.151
2017-07-02,0.023525290292743445,0.089
2017-07-03,0.022253193654278376,0.057
2017-07-04,0.0212419931474643,0.051
2017-07-05,0.020431488268476152,0.048
2017-07-06,0.019920402068281384,0.049
2017-07-07,0.019251491197719347,0.05
2017-07-08,0.018811140691350144,0.049
2017-07-09,0.018450643788099397,0.049
2017-07-10,0.018227435070264912,0.05
2017-07-11,0.6085129653166266,0.324
2017-07-12,0.6174323725791766,1.09
2017-07-13,0.27598721722874964,2.22
2017-07-14,0.05061532021535553,1.02
2017-07-15,0.030964370113519504,0.296
2017-07-16,0.02750975792976438,0.099
2017-07-17,0.025398823006488252,0.069
2017-07-18,0.27445685120367824,0.067
2017-07-19,0.04754245795620601,0.09
2017-07-20,0.028483466496383048,0.137
2017-07-21,0.059069739929238335,0.139
2017-07-22,0.21466039577481028,0.14
2017-07-23,0.4075393128989158,0.527
2017-07-24,0.06014104145085534,0.562
2017-07-25,0.031571172786991154,0.332
2017-07-26,0.027912803253154785,0.139
2017-07-27,0.029673870445200416,0.105
2017-07-28,0.025101025199527026,0.087
2017-07-29,0.3926186643660416,0.127
2017-07-30,0.057053798684368946,0.226
2017-07-31,0.031479472670093676,1.0
2017-08-01,0.027831159909504525,0.501
2017-08-02,0.25089692222264637,0.164
2017-08-03,0.04552323543842532,0.149
2017-08-04,0.028870469956396385,0.154
2017-08-05,0.027056982031828415,0.094
2017-08-06,0.02490081278576276,0.066
2017-08-07,0.0239396594249412,0.058
2017-08-08,0.023775635654520667,0.056
2017-08-09,0.6195251248091114,1.05
2017-08-10,0.6247244067820479,5.0
2017-08-11,0.5028919108031448,3.94
2017-08-12,0.07190237566964318,1.81
2017-08-13,0.037311789417098784,0.518
2017-08-14,0.0325172920420649,0.141
2017-08-15,0.030065674004622588,0.092
2017-08-16,0.05000497040237652,0.077
2017-08-17,0.030597479174897625,0.077
2017-08-18,0.04987222529434706,0.113
2017-08-19,0.026947114534084986,0.185
2017-08-20,0.12335693200570094,0.157
2017-08-21,0.03390549351044242,0.117
2017-08-22,0.026616837900800307,0.161
2017-08-23,0.025102537188420572,0.121
2017-08-24,0.024437307942823772,0.092
2017-08-25,0.023936872427049543,0.078
2017-08-26,0.02354679660036993,0.071
2017-08-27,0.023219703007029063,0.066
2017-08-28,0.022952529718762,0.064
2017-08-29,0.024659978290204915,0.064
2017-08-30,0.16564256939486682,0.072
2017-08-31,0.036942506652151395,0.098
2017-09-01,0.585736671732702,0.252
2017-09-02,0.07392937740408956,0.607
2017-09-03,0.03608438826404207,0.893
2017-09-04,0.030377792653676332,0.267
2017-09-05,0.028785667313149018,0.146
2017-09-06,0.02725013377666338,0.116
2017-09-07,0.028304910301224194,0.083
2017-09-08,0.10097388640537754,0.08
2017-09-09,0.03386529175364543,0.184
2017-09-10,0.028976712150352853,0.174
2017-09-11,0.22526118470610915,0.14
2017-09-12,0.050846378220388934,0.178
2017-09-13,0.0323597176608973,0.149
2017-09-14,0.029358223302124536,0.138
2017-09-15,0.027677491695333716,0.139
2017-09-16,0.031810580734329165,0.102
2017-09-17,0.027454383693060247,0.121
2017-09-18,0.15187433827428196,0.126
2017-09-19,0.03689630219748402,0.134
2017-09-20,0.0274794151433076,0.181
2017-09-21,0.02617698314365756,0.129
2017-09-22,0.025497556904987236,0.095
2017-09-23,0.02452860851193415,0.08
2017-09-24,0.024820165202024205,0.072
2017-09-25,0.023832304289806025,0.07
2017-09-26,0.023250183722449802,0.075
2017-09-27,0.5257184081990781,0.095
2017-09-28,0.06720044224550242,0.998
2017-09-29,0.033057056845733714,1.48
2017-09-30,0.028705952399695225,0.578
2017-10-01,0.026671999293191553,0.174
2017-10-02,0.025599616575015624,0.14
2017-10-03,0.024790578843362984,0.102
2017-10-04,0.024418958396930028,0.087
2017-10-05,0.023609324723203682,0.066
2017-10-06,0.0231423585246827,0.067
2017-10-07,0.023969756773606476,0.063
2017-10-08,0.02251614384249617,0.063
2017-10-09,0.022158975350670216,0.066
2017-10-10,0.021910006251634244,0.058
2017-10-11,0.022890783054788137,0.052
2017-10-12,0.02155744990715168,0.059
2017-10-13,0.02128864901939954,0.058
2017-10-14,0.021201749730049863,0.058
2017-10-15,0.021178859902632068,0.057
2017-10-16,0.020804089527391652,0.056
2017-10-17,0.02087030054919326,0.054
2017-10-18,0.024753385413175517,0.056
2017-10-19,0.14554136973070378,0.06
2017-10-20,0.04033798056017338,0.079
2017-10-21,0.02578015509139685,0.088
2017-10-22,0.023655252370012494,0.071
2017-10-23,0.022809831959154075,0.062
2017-10-24,0.022083619448994115,0.057
2017-10-25,0.02151201885729377,0.056
2017-10-26,0.03630077705524202,0.056
2017-10-27,0.022824805166896743,0.059
2017-10-28,0.021433722092314644,0.06
2017-10-29,0.020729371053993206,0.058
2017-10-30,0.02029274403710915,0.058
2017-10-31,0.019936395881307183,0.061
2017-11-01,0.0196490891261982,0.062
2017-11-02,0.019338361657310666,0.06
2017-11-03,0.07823290677508493,0.061
2017-11-04,0.08552243788119769,0.076
2017-11-05,0.026016158753942514,0.094
2017-11-06,0.020917654053434733,0.074
2017-11-07,0.1286964274339562,0.066
2017-11-08,0.029347299798094754,0.081
2017-11-09,0.021499817756377087,0.091
2017-11-10,0.3879544180513384,0.084
2017-11-11,0.09880653821641051,0.15
2017-11-12,0.029334106188023595,0.196
2017-11-13,0.02316521534266171,0.141
2017-11-14,0.021695361210362845,0.093
2017-11-15,0.020623162160789382,0.078
2017-11-16,0.019938736315612517,0.072
2017-11-17,0.01930567418968687,0.067
2017-11-18,0.1078410916614479,0.069
2017-11-19,0.09818531207083366,0.083
2017-11-20,0.025950292900255446,0.087
2017-11-21,0.019809713891536823,0.094
2017-11-22,0.0818495967387972,0.086
2017-11-23,0.024246311421145233,0.082
2017-11-24,0.01942862939664395,0.084
2017-11-25,0.01858864838322028,0.071
2017-11-26,0.16197257908856144,0.067
2017-11-27,0.03043156302669921,0.077
2017-11-28,0.020507159746825446,0.098
2017-11-29,0.018729545433732148,0.086
2017-11-30,0.018363769738601623,0.076
2017-12-01,0.01764893081150736,0.068
2017-12-02,0.017288245048119627,0.065
2017-12-03,0.016873035951752418,0.064
2017-12-04,0.016524409854954084,0.064
2017-12-05,0.016238917130206112,0.063
2017-12-06,0.0160347624124981,0.063
2017-12-07,0.08249260831369745,0.066
2017-12-08,0.02186625351889383,0.074
2017-12-09,0.40645796538383927,0.073
2017-12-10,0.6077285504050094,0.395
2017-12-11,0.50384423851112,6.1
2017-12-12,0.1813902795143361,6.65
2017-12-13,0.256504449483624,4.24
2017-12-14,0.08320918723878057,4.65
2017-12-15,0.041476980188992346,2.43
2017-12-16,0.03445909766129843,0.871
2017-12-17,0.136634675568234,0.288
2017-12-18,0.03956218277818724,0.33
2017-12-19,0.030190879477450753,0.212
2017-12-20,0.030658818201765164,0.2
2017-12-21,0.026154558330565868,0.202
2017-12-22,0.02376754681315052,0.193
2017-12-23,0.022333530656911457,0.18
2017-12-24,0.02128637759588179,0.179
2017-12-25,0.192137092176431,0.167
2017-12-26,0.4743690114038246,0.304
2017-12-27,0.1977627325999886,4.41
2017-12-28,0.2765647839521777,4.5
2017-12-29,0.3246733837123679,4.29
2017-12-30,0.11535133296909011,5.7
2017-12-31,0.12352189037181814,3.78
2018-01-01,0.08933641728798596,2.3
2018-01-02,0.5126654040168565,1.44
2018-01-03,0.5572719317073759,5.51
2018-01-04,0.19761266073000622,9.75
2018-01-05,0.08241259236103016,8.44
2018-01-06,0.06476664247413862,5.41
2018-01-07,0.05589302953534149,3.07
2018-01-08,0.04960366548322021,1.04
2018-01-09,0.04624722043202654,0.311
2018-01-10,0.042513828841298194,0.258
2018-01-11,0.04524773187359622,0.199
2018-01-12,0.037771657129427365,0.17
2018-01-13,0.035308064951339806,0.163
2018-01-14,0.08306867665497997,0.155
2018-01-15,0.21690240115737164,0.207
2018-01-16,0.051670208042446125,0.246
2018-01-17,0.08688048681042809,0.186
2018-01-18,0.05533963447680633,0.196
2018-01-19,0.05386042872290671,0.236
2018-01-20,0.23499805355700598,0.352
2018-01-21,0.5471474359871931,4.03
2018-01-22,0.11000562405599222,9.93
2018-01-23,0.07086468033485906,5.05
2018-01-24,0.5420877634895295,5.64
2018-01-25,0.13222639050740234,7.8
2018-01-26,0.09015187058179625,3.84
2018-01-27,0.08035495323744564,1.2
2018-01-28,0.06946736858326678,0.428
2018-01-29,0.06530893936181464,0.345
2018-01-30,0.0820253900554358,0.276
2018-01-31,0.08215855709504351,0.275
2018-02-01,0.17956154852860226,0.283
2018-02-02,0.07280622079787366,0.409
2018-02-03,0.10369300040058708,0.323
2018-02-04,0.06449922924990577,0.28
2018-02-05,0.05762456065890073,0.219
2018-02-06,0.054605947283120536,0.2
2018-02-07,0.051807098231460576,0.184
2018-02-08,0.41373244255156116,0.176
2018-02-09,0.08554940087749618,1.27
2018-02-10,0.16342965677267057,1.24
2018-02-11,0.07999628224449391,0.866
2018-02-12,0.06733286692475546,0.587
2018-02-13,0.10477059051639621,0.392
2018-02-14,0.3693630101690704,0.606
2018-02-15,0.1121042008630486,4.67
2018-02-16,0.08501136137878383,2.61
2018-02-17,0.07687813720105076,0.787
2018-02-18,0.07406793208118782,0.394
2018-02-19,0.27846213304509826,0.362
2018-02-20,0.12637873415702042,1.34
2018-02-21,0.08645039936096996,2.13
2018-02-22,0.07625666078250305,0.812
2018-02-23,0.07076955350224438,0.574
2018-02-24,0.06671447832928161,0.363
2018-02-25,0.06360093532464488,0.274
2018-02-26,0.0617395947515401,0.198
2018-02-27,0.1827563326359607,0.184
2018-02-28,0.0733920686494593,0.178
2018-03-01,0.06095769464032506,0.171
2018-03-02,0.0863290106175199,0.173
2018-03-03,0.06127526909516458,0.335
2018-03-04,0.13410748947639337,1.77
2018-03-05,0.06485510253183621,2.91
2018-03-06,0.14983768591270494,0.99
2018-03-07,0.12299839634393404,0.666
2018-03-08,0.0658070812088621,0.641
2018-03-09,0.3735672230331153,0.942
2018-03-10,0.0898114889630589,5.68
2018-03-11,0.2624055127908448,5.45
2018-03-12,0.2504498054317823,8.89
2018-03-13,0.11691835837078922,6.22
2018-03-14,0.2260681944466411,2.09
2018-03-15,0.11496938839845065,1.04
2018-03-16,0.10004478987383021,0.756
2018-03-17,0.14895217869410726,0.545
2018-03-18,0.09268309484675483,0.465
2018-03-19,0.08263430241936691,0.431
2018-03-20,0.07732415264691794,0.339
2018-03-21,0.07349033365785347,0.277
2018-03-22,0.0704841855131506,0.247
2018-03-23,0.0687832187468704,0.242
2018-03-24,0.06622164165810615,0.226
2018-03-25,0.06467053845382692,0.197
2018-03-26,0.1783399141829849,0.174
2018-03-27,0.4427674492979927,0.282
2018-03-28,0.42708800187352397,9.53
2018-03-29,0.27246639477901197,11.7
2018-03-30,0.8567706465551159,9.48
2018-03-31,0.34680029825553343,16.5
2018-04-01,0.8585343485559538,7.33
2018-04-02,0.31647965471807027,14.8
2018-04-03,0.2268912654090698,9.67
2018-04-04,0.19866321792585717,3.42
2018-04-05,0.16900741934469588,1.1
2018-04-06,0.15015896477586066,0.549
2018-04-07,0.1808405348384824,0.45
2018-04-08,0.28089075137498254,0.381
2018-04-09,0.43734560942496903,0.544
2018-04-10,0.3490165304504175,3.16
2018-04-11,0.18668983001268233,2.7
2018-04-12,0.17380272468658595,1.39
2018-04-13,0.14601866304766808,0.868
2018-04-14,0.13359261080879012,0.549
2018-04-15,0.1250920114884911,0.431
2018-04-16,0.11742569939341818,0.303
2018-04-17,0.11188411687239064,0.238
2018-04-18,0.10758715730558964,0.205
2018-04-19,0.10428800841731092,0.188
2018-04-20,0.1017571265949612,0.17
2018-04-21,0.1000957024602895,0.158
2018-04-22,0.09839789475602163,0.155
2018-04-23,0.09729766914549386,0.138
2018-04-24,0.09680175432656839,0.128
2018-04-25,0.0969094710464298,0.124
2018-04-26,0.0972474411392574,0.119
2018-04-27,0.4317540644780604,0.162
2018-04-28,0.124321878786033,0.251
2018-04-29,0.56701082484426,0.185
2018-04-30,0.43670644182297175,6.81
2018-05-01,0.13492146411244973,7.93
2018-05-02,0.17875550735974866,4.91
2018-05-03,0.1150987125431612,2.25
2018-05-04,0.10795118569372886,0.601
2018-05-05,0.10526196880461328,0.252
2018-05-06,0.10331553974072093,0.185
2018-05-07,0.1017577661623524,0.165
2018-05-08,0.10048953313157946,0.15
2018-05-09,0.10091316693426641,0.134
2018-05-10,0.09865796206725887,0.14
2018-05-11,0.09783965615739192,0.126
2018-05-12,0.653800087348049,0.271
2018-05-13,0.14572886511469144,1.07
2018-05-14,0.10700512594669893,0.38
2018-05-15,0.10238181610372434,0.189
2018-05-16,0.10054669818023047,0.14
2018-05-17,0.09915582552134057,0.122
2018-05-18,0.09798438427868542,0.111
2018-05-19,0.09697550689286957,0.101
2018-05-20,0.09608676735662813,0.096
2018-05-21,0.0953312349687189,0.096
2018-05-22,0.09457857953021874,0.09
2018-05-23,0.09633031993245154,0.086
2018-05-24,0.09424308514199178,0.127
2018-05-25,0.09296182429094138,0.11
2018-05-26,0.09360480654733616,0.112
2018-05-27,0.09162871907357373,0.118
2018-05-28,0.09132329939852186,0.092
2018-05-29,0.6592735339008211,1.03
2018-05-30,0.46868101062358225,2.37
2018-05-31,0.12785348283872114,0.751
2018-06-01,0.09984331380378045,0.291
2018-06-02,0.09566976128755263,0.168
2018-06-03,0.09363752356308447,0.113
2018-06-04,0.09204879732439232,0.1
2018-06-05,0.09059366405435938,0.095
2018-06-06,0.08946451319696559,0.09
2018-06-07,0.0882358012801501,0.085
2018-06-08,0.0872141044876852,0.078
2018-06-09,0.0862883638906763,0.075
2018-06-10,0.08541347769637256,0.076
2018-06-11,0.08459006514344103,0.075
2018-06-12,0.08400046821397505,0.072
2018-06-13,0.08308113956675788,0.07
2018-06-14,0.0823181222004986,0.069
2018-06-15,0.0815951633424387,0.073
2018-06-16,0.08098764109701573,0.073
2018-06-17,0.08020379318148659,0.066
2018-06-18,0.0794957026769889,0.066
2018-06-19,0.07880508574308917,0.058
2018-06-20,0.07811744655931778,0.054
2018-06-21,0.07743103507034751,0.054
2018-06-22,0.07674546158837241,0.051
2018-06-23,0.07605868931611509,0.051
2018-06-24,0.07537175411193354,0.052
2018-06-25,0.07468400898478202,0.053
2018-06-26,0.07399656306239748,0.053
2018-06-27,0.07330571990902231,0.053
2018-06-28,0.07261515448649736,0.051
2018-06-29,0.07192362548994954,0.051
2018-06-30,0.07123149200296704,0.052
2018-07-01,0.0705388330680923,0.05
2018-07-02,0.06984662932193803,0.049
2018-07-03,0.06915283352252771,0.047
2018-07-04,0.06846361527689773,0.043
2018-07-05,0.06780393154972231,0.044
2018-07-06,0.0670780345867423,0.043
2018-07-07,0.06638326107784634,0.044
2018-07-08,0.06569242842108877,0.044
2018-07-09,0.06500313076622448,0.046
2018-07-10,0.06431492977919637,0.047
2018-07-11,0.06362844311532934,0.048
2018-07-12,0.06294374485488984,0.048
2018-07-13,0.062284470762288144,0.049
2018-07-14,0.061581806892682736,0.05
2018-07-15,0.06090231863392667,0.048
2018-07-16,0.06022669250880487,0.047
2018-07-17,0.05955352713718559,0.05
2018-07-18,0.05888334134373426,0.048
2018-07-19,0.05821625886036166,0.047
2018-07-20,0.05778122809121985,0.047
2018-07-21,0.05690451803857075,0.048
2018-07-22,0.05623477263452747,0.046
2018-07-23,0.05558025795846094,0.044
2018-07-24,0.054930076341380966,0.044
2018-07-25,0.05428370943263208,0.043
2018-07-26,0.054758805900862184,0.045
2018-07-27,0.05572515240938819,0.05
2018-07-28,0.0546177324308781,0.053
2018-07-29,0.055033210152735955,0.052
2018-07-30,0.2423793946912533,0.061
2018-07-31,0.07000841427222511,0.073
2018-08-01,0.056267195728042896,0.116
2018-08-02,0.05377948852049317,0.096
2018-08-03,0.0522980131399931,0.054
2018-08-04,0.05104691958062353,0.044
2018-08-05,0.049940780430593495,0.042
2018-08-06,0.048945075288089224,0.041
2018-08-07,0.050930736947098716,0.052
2018-08-08,0.0483038269069359,0.047
2018-08-09,0.3890745352855273,0.067
2018-08-10,0.2970775234484372,0.105
2018-08-11,0.07496330750153418,0.202
2018-08-12,0.05886831422082049,0.197
2018-08-13,0.052764143974986244,0.153
2018-08-14,0.049880757290799355,0.158
2018-08-15,0.04814143512929698,0.083
2018-08-16,0.5036186910038293,0.138
2018-08-17,0.08507438695562945,0.16
2018-08-18,0.05229388083585792,0.178
2018-08-19,0.04802643322727605,0.124
2018-08-20,0.0461710845295057,0.073
2018-08-21,0.044704260477427205,0.06
2018-08-22,0.04349079488128109,0.056
2018-08-23,0.04366765342357172,0.057
2018-08-24,0.1704305760171683,0.08
2018-08-25,0.05295673529825943,0.083
2018-08-26,0.43059820211614713,0.121
2018-08-27,0.07511089808549294,0.143
2018-08-28,0.04899406483423855,0.171
2018-08-29,0.07918287465027479,0.115
2018-08-30,0.044796833815052776,0.104
2018-08-31,0.040924626607637835,0.1
2018-09-01,0.039630157999551566,0.072
2018-09-02,0.03866648557768929,0.062
2018-09-03,0.03783504208068914,0.06
2018-09-04,0.03772487917039787,0.06
2018-09-05,0.03732809951670005,0.061
2018-09-06,0.036374556160984645,0.06
2018-09-07,0.03533295125671105,0.059
2018-09-08,0.03482368134674377,0.055
2018-09-09,0.0343225941162853,0.05
2018-09-10,0.03387220697855036,0.049
2018-09-11,0.0364747634758752,0.048
2018-09-12,0.033256714317341576,0.049
2018-09-13,0.03265033910890971,0.06
2018-09-14,0.03224938771708506,0.058
2018-09-15,0.03187223786199368,0.052
2018-09-16,0.03150037848276134,0.048
2018-09-17,0.031140286902264558,0.047
2018-09-18,0.030789641053165766,0.045
2018-09-19,0.030454538196706068,0.045
2018-09-20,0.1036194936432294,0.053
2018-09-21,0.03828094043004802,0.056
2018-09-22,0.5927096481784769,0.085
2018-09-23,0.4202133284697954,0.238
2018-09-24,0.06960907757943216,0.274
2018-09-25,0.04126778899579312,0.279
2018-09-26,0.037069002780310646,0.141
2018-09-27,0.03503761207362425,0.077
2018-09-28,0.033467721728720944,0.063
2018-09-29,0.032170349052344775,0.059
2018-09-30,0.031086293685814715,0.056
2018-10-01,0.03047477190955339,0.056
2018-10-02,0.029406363367350488,0.057
2018-10-03,0.02876673850215426,0.059
2018-10-04,0.02823645285015692,0.061
2018-10-05,0.027610751679232517,0.067
2018-10-06,0.5709026670885979,0.113
2018-10-07,0.07329610790573277,0.224
2018-10-08,0.035640499117057474,0.195
2018-10-09,0.03144505505879512,0.082
2018-10-10,0.030279842776585544,0.069
2018-10-11,0.028995669298353215,0.059
2018-10-12,0.02796681306488503,0.054
2018-10-13,0.027920142118142567,0.048
2018-10-14,0.5906765688802192,0.222
2018-10-15,0.22945070978743973,0.501
2018-10-16,0.048981474648887954,0.422
2018-10-17,0.03395276689617246,0.125
2018-10-18,0.031018754894592444,0.076
2018-10-19,0.02946123041143155,0.068
2018-10-20,0.028244546024629294,0.062
2018-10-21,0.027527768040861825,0.057
2018-10-22,0.026421025841750625,0.053
2018-10-23,0.025703925895778093,0.05
2018-10-24,0.025188365358891327,0.052
2018-10-25,0.02522784422929874,0.05
2018-10-26,0.024491936332767233,0.052
2018-10-27,0.12512099111086805,0.054
2018-10-28,0.046798475512246675,0.061
2018-10-29,0.0279149254812839,0.077
2018-10-30,0.025557616961459723,0.061
2018-10-31,0.459688878309098,0.06
2018-11-01,0.2514292514664078,0.2
2018-11-02,0.048106965017249155,0.308
2018-11-03,0.031450499512301486,0.147
2018-11-04,0.028650708259866476,0.085
2018-11-05,0.027232007191113735,0.079
2018-11-06,0.12361525205792309,0.069
2018-11-07,0.042184643782219214,0.089
2018-11-08,0.028184737568538554,0.148
2018-11-09,0.3179350450505731,0.096
2018-11-10,0.6204864853780161,0.556
2018-11-11,0.4568833141434027,4.91
2018-11-12,0.32552413805758784,3.27
2018-11-13,0.06830743301785326,1.7
2018-11-14,0.04472543345547236,0.426
2018-11-15,0.03978149152630608,0.192
2018-11-16,0.03659310989555356,0.122
2018-11-17,0.03311324703837574,0.103
2018-11-18,0.030871356644525675,0.093
2018-11-19,0.2944687715775659,0.094
2018-11-20,0.5738367323076318,0.364
2018-11-21,0.0902344725758162,2.03
2018-11-22,0.04994510328076551,0.643
2018-11-23,0.04356339743163983,0.249
2018-11-24,0.039135686536581574,0.164
2018-11-25,0.035982277393715185,0.122
2018-11-26,0.0340003217905934,0.108
2018-11-27,0.3431822995532765,0.106
2018-11-28,0.09969081259795237,0.263
2018-11-29,0.15965940568580364,0.318
2018-11-30,0.11397555908688024,0.314
2018-12-01,0.23034958734847544,0.287
2018-12-02,0.061621632226591526,0.849
2018-12-03,0.18063763567365843,0.665
2018-12-04,0.27766805464717453,0.373
2018-12-05,0.08704779806947059,0.596
2018-12-06,0.10933868068993442,0.92
2018-12-07,0.27440720967840904,1.07
2018-12-08,0.1330231118089408,1.73
2018-12-09,0.0603026712019791,0.895
2018-12-10,0.05011675427417854,0.408
2018-12-11,0.04560728712821473,0.24
2018-12-12,0.04229420250198951,0.153
2018-12-13,0.0397491853606713,0.128
2018-12-14,0.03766457037154067,0.115
2018-12-15,0.5108727477972999,0.46
2018-12-16,0.2452552160400798,3.24
2018-12-17,0.06443847354971144,2.74
2018-12-18,0.30702724964420514,1.6
2018-12-19,0.10055995647764196,1.04
2018-12-20,0.3752165949412331,1.07
2018-12-21,0.10664867724673406,3.23
2018-12-22,0.15777808451278147,3.02
2018-12-23,0.22938485620956342,1.55
2018-12-24,0.09314527420188376,1.63
2018-12-25,0.07534261468569675,1.2
2018-12-26,0.06662798826518225,0.554
2018-12-27,0.061095603929045894,0.335
2018-12-28,0.0560104344984564,0.264
2018-12-29,0.052354294115551925,0.193
2018-12-30,0.049411655245089184,0.165
2018-12-31,0.047168370130948885,0.15
2019-01-01,0.04542585180313401,0.138
2019-01-02,0.04407681954671464,0.125
2019-01-03,0.043034907825313835,0.117
2019-01-04,0.04223567991155727,0.111
2019-01-05,0.041623289534250985,0.105
2019-01-06,0.04115957979228922,0.101
2019-01-07,0.040809828585504325,0.102
2019-01-08,0.04054902202149873,0.099
2019-01-09,0.04047827084379067,0.095
2019-01-10,0.04061417657789065,0.088
2019-01-11,0.040111113001397324,0.088
2019-01-12,0.04000714129364554,0.09
2019-01-13,0.039999374516788935,0.092
2019-01-14,0.03987656498534613,0.09
2019-01-15,0.03981642616734509,0.086
2019-01-16,0.1399541678583342,0.093
2019-01-17,0.048791325277922785,0.109
2019-01-18,0.04190139292380483,0.091
2019-01-19,0.04107222236726372,0.084
2019-01-20,0.0407163350710258,0.081
2019-01-21,0.20553057518884846,0.085
2019-01-22,0.13379861244011687,0.17
2019-01-23,0.0505911618198001,0.213
2019-01-24,0.044068357578500965,0.154
2019-01-25,0.042459302302471365,0.14
2019-01-26,0.16698999050641516,0.151
2019-01-27,0.052896790710858704,0.267
2019-01-28,0.0436529329012791,0.31
2019-01-29,0.26005225489014894,0.196
2019-01-30,0.0611277220562251,0.27
2019-01-31,0.18262152995555814,0.309
2019-02-01,0.43686160440925137,0.732
2019-02-02,0.08447147683162935,4.77
2019-02-03,0.2363082094231302,3.28
2019-02-04,0.09087867648226405,2.31
2019-02-05,0.19969062344073926,2.45
2019-02-06,0.24156455067533644,2.77
2019-02-07,0.0989764946862927,3.92
2019-02-08,0.2923786148529074,2.92
2019-02-09,0.19267250635835556,2.33
2019-02-10,0.10535548564195032,1.55
2019-02-11,0.08634125957963724,0.897
2019-02-12,0.07728313297699109,0.422
2019-02-13,0.07068138311290023,0.302
2019-02-14,0.0654802448004238,0.229
2019-02-15,0.06105153136953401,0.198
2019-02-16,0.05778352382054358,0.182
2019-02-17,0.05514446750126526,0.173
2019-02-18,0.05364188407440389,0.164
2019-02-19,0.0512184551760487,0.151
2019-02-20,0.04984570318330823,0.14
2019-02-21,0.04890037417521503,0.128
2019-02-22,0.04802480222582839,0.118
2019-02-23,0.04732935709940482,0.115
2019-02-24,0.0467660334484877,0.111
2019-02-25,0.04630841168270895,0.106
2019-02-26,0.04595705456423222,0.104
2019-02-27,0.04563921128422879,0.106
2019-02-28,0.2239610772940065,0.118
2019-03-01,0.061180586698275016,0.189
2019-03-02,0.14079835530703871,0.143
2019-03-03,0.48023755442589544,0.199
2019-03-04,0.08525659110939043,1.67
2019-03-05,0.11079344031889087,1.29
2019-03-06,0.05842152562661759,0.48
2019-03-07,0.053802640618537775,0.351
2019-03-08,0.10616576948593581,0.214
2019-03-09,0.4677935368183792,0.233
2019-03-10,0.19149992398723106,3.44
2019-03-11,0.08106147479495407,3.48
2019-03-12,0.4059519999173339,3.21
2019-03-13,0.12623573518399747,3.78
2019-03-14,0.4919623094531299,2.64
2019-03-15,0.18738919095443018,2.6
2019-03-16,0.16056017863476613,2.04
2019-03-17,0.12400291475502859,1.8
2019-03-18,0.10459848648049927,0.856
2019-03-19,0.08919214515015264,0.358
2019-03-20,0.08046345158599584,0.333
2019-03-21,0.07438940473967376,0.252
2019-03-22,0.06969667050437148,0.221
2019-03-23,0.06599051043488932,0.19
2019-03-24,0.06305609825193646,0.179
2019-03-25,0.060754935503756956,0.151
2019-03-26,0.05890492452961912,0.128
2019-03-27,0.057452794853153515,0.121
2019-03-28,0.056308537177679974,0.118
2019-03-29,0.055394074931876515,0.127
2019-03-30,0.054715535626264494,0.13
2019-03-31,0.054090610348299796,0.121
2019-04-01,0.05361613093506717,0.113
2019-04-02,0.05456850446861724,0.132
2019-04-03,0.12015473151802115,0.146
2019-04-04,0.05824314818673912,0.128
2019-04-05,0.05281624195607776,0.116
2019-04-06,0.05223519811248016,0.099
2019-04-07,0.05332064376050345,0.101
2019-04-08,0.05313675096391508,0.123
2019-04-09,0.052150610466541424,0.132
2019-04-10,0.05145928318978528,0.111
2019-04-11,0.05126502405204241,0.087
2019-04-12,0.05107693091419165,0.081
2019-04-13,0.05130966840092477,0.083
2019-04-14,0.050694183208249574,0.078
2019-04-15,0.050458981334858925,0.079
2019-04-16,0.050248852035104166,0.079
2019-04-17,0.05001901839472221,0.079
2019-04-18,0.049786495533702256,0.073
2019-04-19,0.049544930391582184,0.071
2019-04-20,0.0492951065172349,0.067
2019-04-21,0.04903819210229697,0.067
2019-04-22,0.04877009592240222,0.066
2019-04-23,0.048495248534746654,0.068
2019-04-24,0.048565449426745094,0.068
2019-04-25,0.048104026816032756,0.068
2019-04-26,0.04797744332411119,0.063
2019-04-27,0.04827268364881482,0.06
2019-04-28,0.04733804795018366,0.057
2019-04-29,0.0467138016216542,0.06
2019-04-30,0.04637041905755814,0.062
2019-05-01,0.046044135105185326,0.062
2019-05-02,0.04596642569889822,0.061
2019-05-03,0.04613452186163291,0.074
2019-05-04,0.04632035573995339,0.067
2019-05-05,0.044766802003835385,0.062
2019-05-06,0.04432822710017465,0.057
2019-05-07,0.15675855008479325,0.057
2019-05-08,0.14621953493983966,0.115
2019-05-09,0.3702535574151094,0.29
2019-05-10,0.07664818941182794,0.181
2019-05-11,0.05405274886091911,0.111
2019-05-12,0.049152257576956945,0.115
2019-05-13,0.04737197091516533,0.1
2019-05-14,0.046031060594854734,0.084
2019-05-15,0.044902110193881864,0.08
2019-05-16,0.04393387598671853,0.077
2019-05-17,0.04347699213301576,0.073
2019-05-18,0.042466100387222004,0.062
2019-05-19,0.042367581232768035,0.058
2019-05-20,0.04115508605495451,0.059
2019-05-21,0.04055437430481381,0.056
2019-05-22,0.040043957217347596,0.051
2019-05-23,0.0395780173614578,0.048
2019-05-24,0.03927404755406255,0.047
2019-05-25,0.03871217410554971,0.045
2019-05-26,0.03964624696986964,0.046
2019-05-27,0.03876047259205219,0.052
2019-05-28,0.03773350366091776,0.058
2019-05-29,0.037752766385549696,0.051
2019-05-30,0.03681988589984604,0.052
2019-05-31,0.03635984158822861,0.051
2019-06-01,0.0359882200752532,0.048
2019-06-02,0.03562267618475155,0.048
2019-06-03,0.035263535589647954,0.047
2019-06-04,0.03739592481702897,0.048
2019-06-05,0.03530433228573711,0.057
2019-06-06,0.03431030771046994,0.058
2019-06-07,0.18144337077873762,0.059
2019-06-08,0.04839744515072244,0.087
2019-06-09,0.5263447593602816,0.134
2019-06-10,0.5148195344835753,0.347
2019-06-11,0.08409437393467788,0.904
2019-06-12,0.30186601053357875,1.17
2019-06-13,0.06649872203825505,0.909
2019-06-14,0.045957716079654924,0.776
2019-06-15,0.042525389565935254,0.282
2019-06-16,0.0403205000622266,0.18
2019-06-17,0.03799688973749799,0.119
2019-06-18,0.11403383663217742,0.1
2019-06-19,0.16002165755429051,0.125
2019-06-20,0.04657189898175938,0.282
2019-06-21,0.036851830077280746,0.587
2019-06-22,0.03497049494408217,0.334
2019-06-23,0.03386012652730794,0.219
2019-06-24,0.4030163919629175,0.149
2019-06-25,0.06584090689123345,0.097
2019-06-26,0.03985794433188264,0.281
2019-06-27,0.03635565665415291,0.252
2019-06-28,0.03476581651735988,0.106
2019-06-29,0.03354275897111336,0.08
2019-06-30,0.03253137130559613,0.058
2019-07-01,0.0316812928626496,0.051
2019-07-02,0.030959613300001843,0.047
2019-07-03,0.03033951822580383,0.044
2019-07-04,0.029798795041188014,0.046
2019-07-05,0.029323598260404864,0.046
2019-07-06,0.030613233488711596,0.047
2019-07-07,0.02861584857287307,0.047
2019-07-08,0.028168805323382947,0.055
2019-07-09,0.027835719819742158,0.052
2019-07-10,0.0276759761626349,0.049
2019-07-11,0.027251246020186574,0.048
2019-07-12,0.026975825193385674,0.046
2019-07-13,0.026947319804789024,0.046
2019-07-14,0.026438569702968123,0.046
2019-07-15,0.02616488566742805,0.047
2019-07-16,0.02591044727202289,0.048
2019-07-17,0.02593607639749243,0.046
2019-07-18,0.02812427107014931,0.051
2019-07-19,0.5919076561631564,0.095
2019-07-20,0.27240644678246206,0.27
2019-07-21,0.0526134483437175,0.452
2019-07-22,0.034173109358848826,0.226
2019-07-23,0.031337496200582286,0.099
2019-07-24,0.029635939309931685,0.055
2019-07-25,0.030369127522894473,0.046
2019-07-26,0.23826977575377478,0.045
2019-07-27,0.04840869362105956,0.065
2019-07-28,0.031238418435143665,0.113
2019-07-29,0.028732461934539932,0.117
2019-07-30,0.02858656674433627,0.077
2019-07-31,0.02670495567654082,0.054
2019-08-01,0.02580506573463287,0.047
2019-08-02,0.025138951519067972,0.043
2019-08-03,0.02457527793137669,0.042
2019-08-04,0.024484806649564744,0.042
2019-08-05,0.023717682655783844,0.042
2019-08-06,0.02330419385849962,0.043
2019-08-07,0.02324651722678008,0.043
2019-08-08,0.023758609083253755,0.041
2019-08-09,0.13810844439984685,0.045
2019-08-10,0.0346462519669158,0.068
2019-08-11,0.02656461718088727,0.12
2019-08-12,0.29153461891228927,0.102
2019-08-13,0.04800682334129589,0.079
2019-08-14,0.24907273276969608,0.106
2019-08-15,0.046040348267812406,0.124
2019-08-16,0.032449418543897615,0.226
2019-08-17,0.027210825717847217,0.103
2019-08-18,0.027607196693565466,0.077
2019-08-19,0.02530723694149843,0.068
2019-08-20,0.023752383900906716,0.069
2019-08-21,0.02299343708861253,0.062
2019-08-22,0.022391071225004226,0.05
2019-08-23,0.021877644824274657,0.047
2019-08-24,0.021441050818252,0.045
2019-08-25,0.021062000772535724,0.043
2019-08-26,0.020729718716876167,0.043
2019-08-27,0.020810674951548588,0.044
2019-08-28,0.020291312427486784,0.042
2019-08-29,0.019934053053579818,0.041
2019-08-30,0.019700030480695033,0.04
2019-08-31,0.019491069999515703,0.039
2019-09-01,0.01928965110223689,0.04
2019-09-02,0.019093505211121513,0.041
2019-09-03,0.1046804049098697,0.041
2019-09-04,0.028463485371403856,0.046
2019-09-05,0.022295392637038718,0.075
2019-09-06,0.0214826714826736,0.065
2019-09-07,0.020461889415724136,0.069
2019-09-08,0.02092646389623321,0.075
2019-09-09,0.0898338887004018,0.083
2019-09-10,0.027030438728999042,0.116
2019-09-11,0.02178858392750752,0.126
2019-09-12,0.02064450202403866,0.081
2019-09-13,0.019911514740385952,0.067
2019-09-14,0.01933542632120949,0.061
2019-09-15,0.01882508144724586,0.057
2019-09-16,0.018592525924890493,0.056
2019-09-17,0.01805314577547718,0.053
2019-09-18,0.01770507144040716,0.046
2019-09-19,0.01751496960173077,0.041
2019-09-20,0.017167854389092692,0.039
2019-09-21,0.01715380256388934,0.038
2019-09-22,0.017155658533593614,0.038
2019-09-23,0.07065183921457625,0.041
2019-09-24,0.21334986313247567,0.08
2019-09-25,0.10501978177867133,0.231
2019-09-26,0.031076515076349353,0.282
2019-09-27,0.14935601241371022,0.209
2019-09-28,0.3756750041515287,0.111
2019-09-29,0.05651164511043328,0.141
2019-09-30,0.24625614761830764,0.798
2019-10-01,0.3526067651656514,1.2
2019-10-02,0.05553990679983418,1.1
2019-10-03,0.03235537717748112,0.575
2019-10-04,0.026983328282331073,0.171
2019-10-05,0.5869278289669415,0.254
2019-10-06,0.12753722903712303,0.958
2019-10-07,0.04458963200272122,1.94
2019-10-08,0.040921357167706465,0.991
2019-10-09,0.03043571703613885,0.443
2019-10-10,0.04135190781109699,0.372
2019-10-11,0.2812808422046003,0.468
2019-10-12,0.4502370254559569,0.547
2019-10-13,0.08261470753126061,2.23
2019-10-14,0.26131640640949283,3.5
2019-10-15,0.06190687017770381,2.82
2019-10-16,0.04135697968566587,1.77
2019-10-17,0.5838552020361492,0.654
2019-10-18,0.12982086653030878,1.1
2019-10-19,0.042813235151795914,1.25
2019-10-20,0.1528862613671684,0.452
2019-10-21,0.10411769763234159,0.171
2019-10-22,0.044647490280832404,0.164
2019-10-23,0.03792604249678407,0.134
2019-10-24,0.47640087187012264,0.211
2019-10-25,0.08198789291778444,0.711
2019-10-26,0.09958682128391133,0.5
2019-10-27,0.04923708534111631,0.197
2019-10-28,0.04151495938040977,0.155
2019-10-29,0.03803308013536055,0.114
2019-10-30,0.034752384294589454,0.092
2019-10-31,0.07671186416041197,0.077
2019-11-01,0.03565052570686427,0.079
2019-11-02,0.21022925472131332,0.119
2019-11-03,0.16643810184710567,0.166
2019-11-04,0.04611023869969829,0.161
2019-11-05,0.03480831915977808,0.172
2019-11-06,0.259054057340632,0.145
2019-11-07,0.05133815853996604,0.167
2019-11-08,0.036225599457129144,0.221
2019-11-09,0.18406125563164308,0.155
2019-11-10,0.22817670886375077,0.174
2019-11-11,0.05743576922350481,0.382
2019-11-12,0.0437165589094018,0.727
2019-11-13,0.5690645864289338,0.62
2019-11-14,0.15384340788539783,1.29
2019-11-15,0.13043720353030003,1.56
2019-11-16,0.05657331009946694,0.769
2019-11-17,0.048181454363153575,0.393
2019-11-18,0.04323673054042861,0.275
2019-11-19,0.04052927849034603,0.194
2019-11-20,0.03838670128914835,0.191
2019-11-21,0.31537402504029194,0.19
2019-11-22,0.08436196458761523,0.35
2019-11-23,0.04880201299159888,0.852
2019-11-24,0.0433500643631446,0.704
2019-11-25,0.0632087870218704,0.428
2019-11-26,0.6209722041970696,0.537
2019-11-27,0.3189972041533058,4.24
2019-11-28,0.152012935420107,6.08
2019-11-29,0.07846730364245008,3.6
2019-11-30,0.06733253300527224,1.99
2019-12-01,0.059252064677423444,0.994
2019-12-02,0.05475882399963781,0.491
2019-12-03,0.05022881262111759,0.258
2019-12-04,0.047211183633255126,0.207
2019-12-05,0.17815439813420342,0.198
2019-12-06,0.06953414142463177,0.235
2019-12-07,0.1417540489549858,0.454
2019-12-08,0.11290603880588732,0.566
2019-12-09,0.06268137567981483,0.727
2019-12-10,0.2284428019969174,0.649
2019-12-11,0.07692430288835901,0.921
2019-12-12,0.7117384772983494,1.04
2019-12-13,0.45225047350650444,7.17
2019-12-14,0.8020062462391933,10.1
2019-12-15,0.33129525666702275,13.3
2019-12-16,0.8492010733715575,8.96
2019-12-17,0.39155104992706685,11.2
2019-12-18,0.6090421926795807,10.3
2019-12-19,1.234038894843719,9.73
2019-12-20,1.2275820288879769,18.9
2019-12-21,1.347778386827195,25.3
2019-12-22,0.720478239246984,25.3
2019-12-23,0.531989955658073,16.4
2019-12-24,0.38528266218676116,9.55
2019-12-25,0.32526262449275395,6.23
2019-12-26,0.5191008602784963,4.36
2019-12-27,0.3022839036194488,4.22
2019-12-28,0.25394428738122243,2.88
2019-12-29,0.22574850170477664,1.79
2019-12-30,0.20476492580511957,1.04
2019-12-31,0.19014565597073774,0.62
2020-01-01,0.17333636896201265,0.374
2020-01-02,0.1783744457359344,0.293
2020-01-03,0.16044381324671253,0.261
2020-01-04,0.1532038243913716,0.26
2020-01-05,0.14836188856344074,0.243
2020-01-06,0.1501319581405011,0.227
2020-01-07,0.143436656882468,0.21
2020-01-08,0.15286697326640547,0.203
2020-01-09,0.29101667708956647,0.232
2020-01-10,0.171241474041814,0.418
2020-01-11,0.17054587098460278,0.28
2020-01-12,0.1586476303175138,0.263
2020-01-13,0.3229891677793297,0.237
2020-01-14,0.8446259632779661,0.447
2020-01-15,0.36100131840712957,7.83
2020-01-16,0.6828176233721818,8.41
2020-01-17,0.3249597596386969,9.16
2020-01-18,0.27497145762257763,6.28
2020-01-19,0.2500426042310485,3.76
2020-01-20,0.23184166898321615,1.99
2020-01-21,0.21994638914490225,0.977
2020-01-22,0.20932398571446448,0.475
2020-01-23,0.2046341695952026,0.28
2020-01-24,0.1934939137154615,0.247
2020-01-25,0.18898960189902753,0.269
2020-01-26,0.3343522633084927,0.237
2020-01-27,0.7325820195167654,1.69
2020-01-28,0.30200829245253247,7.63
2020-01-29,0.2539248441747865,5.03
2020-01-30,0.24060892281922908,3.08
2020-01-31,0.23942940074939947,1.81
2020-02-01,0.653008891084544,1.11
2020-02-02,0.3000095853684015,3.22
2020-02-03,0.26110560735331734,3.59
2020-02-04,0.24128881543618527,2.23
2020-02-05,0.22937894849355994,0.899
2020-02-06,0.22103477709543712,0.341
2020-02-07,0.3053297349056777,0.292
2020-02-08,0.22765148542186647,0.284
2020-02-09,0.7883235835704474,1.16
2020-02-10,0.633864501095586,5.85
2020-02-11,0.3374912503235996,6.56
2020-02-12,0.7722176895490975,3.92
2020-02-13,0.5446810592842306,3.97
2020-02-14,0.3758825642401632,3.29
2020-02-15,0.9805830860879109,2.12
2020-02-16,1.42706367858876,12.3
2020-02-17,0.6226928765751996,19.8
2020-02-18,0.6937207076476195,10.7
2020-02-19,0.5073151119816098,7.25
2020-02-20,0.7301235101986736,6.14
2020-02-21,0.471632330650446,6.29
2020-02-22,0.41769268976927176,4.37
2020-02-23,0.49837494938763255,2.91
2020-02-24,0.47293593750402696,2.32
2020-02-25,0.5008177121507631,2.53
2020-02-26,0.7811306640939165,2.85
2020-02-27,0.5386414461558057,7.8
2020-02-28,0.8484218448468769,8.99
2020-02-29,0.6121721065143813,11.5
2020-03-01,0.49717906556069097,8.56
2020-03-02,0.430522486311795,5.21
2020-03-03,0.3955431734210251,3.09
2020-03-04,0.5934079920578819,1.9
2020-03-05,1.2965891621449142,8.55
2020-03-06,0.5834263405562462,17.0
2020-03-07,0.4790733078036845,8.98
2020-03-08,0.45189750702682835,5.4
2020-03-09,0.7873570457725939,3.85
2020-03-10,0.5657095052389227,6.04
2020-03-11,0.4626232538924955,4.96
2020-03-12,0.42478158742047256,3.44
2020-03-13,0.4338919499419598,1.68
2020-03-14,0.39100864089874204,0.83
2020-03-15,0.3962566966516088,0.573
2020-03-16,0.3641904922905113,0.461
2020-03-17,0.3512679721746454,0.322
2020-03-18,0.343192229513741,0.303
2020-03-19,0.3352676733242285,0.284
2020-03-20,0.3296017042361261,0.233
2020-03-21,0.32531085919894415,0.253
2020-03-22,0.3219799648364579,0.209
2020-03-23,0.31937909220658933,0.179
2020-03-24,0.31733604615162003,0.173
2020-03-25,0.3157085052764089,0.153
2020-03-26,0.3143882321957256,0.14
2020-03-27,0.313289295044403,0.132
2020-03-28,0.3123915073363646,0.123
2020-03-29,0.3122499612632558,0.118
2020-03-30,0.31113422516512257,0.121
2020-03-31,0.31001210607995483,0.117
2020-04-01,0.30924007222126504,0.114
2020-04-02,0.30847363826929236,0.114
2020-04-03,0.3076804695323293,0.11
2020-04-04,0.306843256124221,0.106
2020-04-05,0.3059596508591434,0.105
2020-04-06,0.3050243872065746,0.101
2020-04-07,0.3040183692949503,0.095
2020-04-08,0.30295413260332194,0.091
2020-04-09,0.3018294717065503,0.089
2020-04-10,0.3006416592905293,0.091
2020-04-11,0.2993923196094639,0.09
2020-04-12,0.2981879939479213,0.091
2020-04-13,0.296712804896545,0.087
2020-04-14,0.29527669068218537,0.082
2020-04-15,0.2937857922460645,0.083
2020-04-16,0.2922762303439284,0.085
2020-04-17,0.2917391400489294,0.081
2020-04-18,0.2890606893047701,0.079
2020-04-19,0.2873010459960706,0.082
2020-04-20,0.2855545224068229,0.08
2020-04-21,0.28376743724126285,0.076
2020-04-22,0.28193776668755954,0.072
2020-04-23,0.28006927126596876,0.073
2020-04-24,0.2781631656427916,0.074
2020-04-25,0.2762217252501166,0.074
2020-04-26,0.27424704201020156,0.076
2020-04-27,0.31712383491475704,0.08
2020-04-28,0.6526992721215377,0.176
2020-04-29,0.3160207584781381,0.277
2020-04-30,0.33129665852300255,0.2
2020-05-01,0.3017098388091039,0.274
2020-05-02,0.2743078356665179,0.382
2020-05-03,0.2687670486759882,0.233
2020-05-04,0.26488901782145313,0.123
2020-05-05,0.26142169348162925,0.095
2020-05-06,0.2582317841851425,0.09
2020-05-07,0.2552072236252926,0.078
2020-05-08,0.2523569676404337,0.078
2020-05-09,0.24963288112461188,0.075
2020-05-10,0.24703651955773667,0.072
2020-05-11,0.24446620968309077,0.068
2020-05-12,0.24197041323663304,0.063
2020-05-13,0.23953314548359378,0.061
2020-05-14,0.2371300913327219,0.064
2020-05-15,0.23475624522454352,0.064
2020-05-16,0.23240776761247503,0.066
2020-05-17,0.23007835995910386,0.066
2020-05-18,0.2277643244219305,0.063
2020-05-19,0.22546294220436747,0.063
2020-05-20,0.22317220791594106,0.059
2020-05-21,0.22089067650550007,0.057
2020-05-22,0.21862023813915438,0.053
2020-05-23,0.21648084107442633,0.052
2020-05-24,0.21410383951041476,0.05
2020-05-25,0.21184384538130013,0.048
2020-05-26,0.20959768973524973,0.051
2020-05-27,0.20735916266593252,0.051
2020-05-28,0.20513050356187199,0.05
2020-05-29,0.20290691827504428,0.05
2020-05-30,0.20069133822819613,0.05
2020-05-31,0.19848457708153694,0.05
2020-06-01,0.19628784763452148,0.05
2020-06-02,0.19410105162434765,0.051
2020-06-03,0.1919599937286909,0.051
2020-06-04,0.19075150035968105,0.052
2020-06-05,0.18846425762669974,0.054
2020-06-06,0.33885615372379335,0.166
2020-06-07,0.19965235151777347,0.169
2020-06-08,0.1854635717253797,0.146
2020-06-09,0.18276245814092587,0.082
2020-06-10,0.24151110594462,0.086
2020-06-11,0.18529133110466428,0.292
2020-06-12,0.17854568259297363,0.251
2020-06-13,0.17563906639435015,0.122
2020-06-14,0.17230135435605765,0.087
2020-06-15,0.17013038608541195,0.079
2020-06-16,0.16813599223067097,0.078
2020-06-17,0.7451056315953177,0.261
2020-06-18,0.4498391255168796,1.28
2020-06-19,0.1936039826808111,1.96
2020-06-20,0.1719530852034298,0.994
2020-06-21,0.16624345147999595,0.342
2020-06-22,0.16229240352587268,0.12
2020-06-23,0.158895414833004,0.154
2020-06-24,0.15583771419516396,0.097
2020-06-25,0.1558852486758203,0.081
2020-06-26,0.15137895842770388,0.099
2020-06-27,0.14853883427892428,0.166
2020-06-28,0.14684999417627637,0.17
2020-06-29,0.1437712560755686,0.107
2020-06-30,0.1422314460535117,0.078
2020-07-01,0.14022521011089614,0.068
2020-07-02,0.22000463689359326,0.079
2020-07-03,0.1470973661219334,0.134
2020-07-04,0.1396945613442793,0.368
2020-07-05,0.13665549656386744,0.238
2020-07-06,0.13413928535222808,0.111
2020-07-07,0.36799988079994145,0.077
2020-07-08,0.16832721519755287,0.583
2020-07-09,0.13961383917301248,1.07
2020-07-10,0.13230893687213388,1.33
2020-07-11,0.1290372503759151,1.12
2020-07-12,0.12633750738853655,0.55
2020-07-13,0.12637611583481606,0.21
2020-07-14,0.12183267738655564,0.1
2020-07-15,0.11963514347919975,0.079
2020-07-16,0.11769296352164668,0.076
2020-07-17,0.11587180741062536,0.061
2020-07-18,0.11425824354446659,0.053
2020-07-19,0.11260804278338202,0.05
2020-07-20,0.11091006821025803,0.048
2020-07-21,0.10935500738059482,0.049
2020-07-22,0.10785893501692118,0.048
2020-07-23,0.1064353594372967,0.047
2020-07-24,0.10499077674579232,0.047
2020-07-25,0.17259820329081904,0.049
2020-07-26,0.11221850838037462,0.054
2020-07-27,0.10481412144203024,0.077
2020-07-28,0.102198954141515,0.066
2020-07-29,0.10035815939250443,0.056
2020-07-30,0.09867451234048874,0.048
2020-07-31,0.09709040536951885,0.045
2020-08-01,0.09559713816561662,0.043
2020-08-02,0.09421155724307503,0.042
2020-08-03,0.09277123199301587,0.042
2020-08-04,0.09142557353118819,0.043
2020-08-05,0.0901268941284174,0.043
2020-08-06,0.08886138923296218,0.042
2020-08-07,0.08763574909051713,0.041
2020-08-08,0.08643048069772084,0.041
2020-08-09,0.08523642522932798,0.041
2020-08-10,0.08441215116228157,0.041
2020-08-11,0.08296983340014873,0.042
2020-08-12,0.08226311898613235,0.044
2020-08-13,0.08321925634931152,0.044
2020-08-14,0.2131605104100525,0.091
2020-08-15,0.5948171479801925,0.369
2020-08-16,0.2630894444023729,0.224
2020-08-17,0.10925730766215654,0.27
2020-08-18,0.08226461671250644,0.252
2020-08-19,0.10893976423026558,0.197
2020-08-20,0.08131394966640774,0.136
2020-08-21,0.07755797269779384,0.121
2020-08-22,0.0755539646867577,0.075
2020-08-23,0.07391717729176323,0.057
2020-08-24,0.1927408945451118,0.052
2020-08-25,0.08347660858279647,0.053
2020-08-26,0.07339991653566683,0.068
2020-08-27,0.582489724783236,0.26
2020-08-28,0.43189454350781137,0.192
2020-08-29,0.10586582483299278,0.299
2020-08-30,0.07752188836052752,0.345
2020-08-31,0.0728187145645987,0.271
2020-09-01,0.07022593502289985,0.157
2020-09-02,0.07003273898960888,0.088
2020-09-03,0.06778660765102568,0.063
2020-09-04,0.06513456052658319,0.073
2020-09-05,0.06325567334475916,0.096
2020-09-06,0.06194061559015937,0.083
2020-09-07,0.06076653387626101,0.068
2020-09-08,0.0596880350166476,0.058
2020-09-09,0.05868971699224702,0.055
2020-09-10,0.05787794485620227,0.059
2020-09-11,0.056866952041826804,0.051
2020-09-12,0.05601415080153793,0.048
2020-09-13,0.05520379135246738,0.047
2020-09-14,0.05442062579406234,0.046
2020-09-15,0.053662342692607896,0.046
2020-09-16,0.05292304652603155,0.045
2020-09-17,0.05220361103382214,0.044
2020-09-18,0.051541521666311325,0.043
2020-09-19,0.05080996782621555,0.042
2020-09-20,0.0501286006959523,0.043
2020-09-21,0.04946137445031874,0.045
2020-09-22,0.04970633111309713,0.046
2020-09-23,0.19800318528884114,0.052
2020-09-24,0.16285319660769557,0.069
2020-09-25,0.06100466001766714,0.131
2020-09-26,0.05204177254804424,0.15
2020-09-27,0.05007090659404495,0.11
2020-09-28,0.05033139789024297,0.081
2020-09-29,0.0475866893565025,0.075
2020-09-30,0.4268788197442066,0.089
2020-10-01,0.4622079551130163,0.1
2020-10-02,0.6973782348764995,1.22
2020-10-03,0.7549642810725984,7.14
2020-10-04,0.7306142595258558,11.0
2020-10-05,0.7187153284582463,10.8
2020-10-06,0.6695528261282129,7.68
2020-10-07,0.34536571204760674,5.15
2020-10-08,0.16804276445053906,2.78
2020-10-09,0.12578199641515816,2.05
2020-10-10,0.1325387975264435,1.72
2020-10-11,0.08555320613182792,0.893
2020-10-12,0.2883132869753852,0.607
2020-10-13,0.5495454751511318,1.8
2020-10-14,0.13443167489708172,6.0
2020-10-15,0.09648583428006052,3.26
2020-10-16,0.08299708274784834,1.58
2020-10-17,0.0757393768393764,0.677
2020-10-18,0.07019547558963025,0.467
2020-10-19,0.065965740883589,0.34
2020-10-20,0.3701274746838528,0.222
2020-10-21,0.35698094865164665,1.29
2020-10-22,0.09946594963677079,5.09
2020-10-23,0.11365641983200316,2.9
2020-10-24,0.40687269695734224,1.24
2020-10-25,0.11380000328827453,1.41
2020-10-26,0.08636295095609804,1.84
2020-10-27,0.18263575371034346,1.08
2020-10-28,0.1826677573410479,0.724
2020-10-29,0.1802800146171313,0.954
2020-10-30,0.09444305939181147,1.48
2020-10-31,0.46807808126120476,1.58
2020-11-01,0.12409795923495233,3.14
2020-11-02,0.14668918256237184,2.03
2020-11-03,0.0943154004649702,0.939
2020-11-04,0.08408616707113074,0.437
2020-11-05,0.07844308258183603,0.182
2020-11-06,0.07392527949199797,0.171
2020-11-07,0.07051820058364494,0.138
2020-11-08,0.0927869307176135,0.149
2020-11-09,0.2151340199675112,0.11
2020-11-10,0.0799482778868467,0.139
2020-11-11,0.1900033198435863,0.17
2020-11-12,0.07908512950788943,0.19
2020-11-13,0.07090008358326783,0.182
2020-11-14,0.6891512287696185,0.199
2020-11-15,0.6030287885891616,6.24
2020-11-16,0.22624634210824587,11.2
2020-11-17,0.13371788324949987,7.16
2020-11-18,0.11567849480563394,4.56
2020-11-19,0.18284192612722033,2.29
2020-11-20,0.13170692982948884,0.886
2020-11-21,0.1090753815349197,0.319
2020-11-22,0.09824930458753992,0.21
2020-11-23,0.09129091640079869,0.213
2020-11-24,0.08568113507601985,0.173
2020-11-25,0.08268798745892451,0.157
2020-11-26,0.07879962783849108,0.177
2020-11-27,0.07697668607599592,0.153
2020-11-28,0.07404613385983949,0.144
2020-11-29,0.07223748289964603,0.137
2020-11-30,0.09656438145807318,0.124
2020-12-01,0.07500044642331762,0.118
2020-12-02,0.07381882143944411,0.112
2020-12-03,0.7994248147107178,1.28
2020-12-04,0.7439496639218347,17.2
2020-12-05,0.848050157125631,20.3
2020-12-06,0.3298902221236371,17.9
2020-12-07,0.17327776129088784,16.1
2020-12-08,0.5633832856226143,9.71
2020-12-09,0.22461267711025973,7.38
2020-12-10,0.786272877043352,6.52
2020-12-11,0.35069822471214973,9.73
2020-12-12,0.251927999028532,8.71
2020-12-13,0.6965062250198147,6.02
2020-12-14,0.5660681096606365,8.13
2020-12-15,0.30541017929357817,9.62
2020-12-16,0.32810182686868006,6.87
2020-12-17,0.24215285203342848,4.93
2020-12-18,0.24906096523311808,3.78
2020-12-19,0.8247924612771907,3.54
2020-12-20,0.5063784323014272,6.68
2020-12-21,0.49727959555418666,8.0
2020-12-22,0.5212894009131605,8.53
2020-12-23,0.5376108705020206,8.82
2020-12-24,0.3248612182158338,9.57
2020-12-25,0.27620296147257073,6.21
2020-12-26,1.2364914134947214,4.4
2020-12-27,0.6242255382504093,12.1
2020-12-28,0.38113009035972567,10.9
2020-12-29,0.321890022807842,6.39
2020-12-30,0.2869632863261146,4.21
2020-12-31,0.2600239949534825,3.14
2021-01-01,0.27853262190108596,2.56
2021-01-02,0.2394103363476522,2.18
2021-01-03,0.3209318783454067,1.99
2021-01-04,0.5321920155997188,2.19
2021-01-05,0.949378976085452,3.71
2021-01-06,0.4088931925952927,5.94
2021-01-07,0.33371475514588156,4.36
2021-01-08,0.3025884077270359,3.13
2021-01-09,0.27669022171332297,2.59
2021-01-10,0.2585267402167205,2.26
2021-01-11,0.6669705219980162,2.24
2021-01-12,0.3692916312689149,4.76
2021-01-13,1.6709011788748191,7.14
2021-01-14,1.5556012658949783,28.5
2021-01-15,1.3878725506469274,36.0
2021-01-16,1.1194819665180218,31.2
2021-01-17,0.6623372825629279,23.1
2021-01-18,0.7401420650213475,13.1
2021-01-19,0.5577077613899292,7.84
2021-01-20,0.8191529404590698,5.86
2021-01-21,0.5253254890955805,5.75
2021-01-22,0.46867687314140877,4.24
2021-01-23,0.4201046465841886,2.59
2021-01-24,0.5603802486215813,1.78
2021-01-25,0.41398652882387355,1.35
2021-01-26,0.6296368792340934,0.947
2021-01-27,1.6175806135219426,3.77
2021-01-28,1.6471784678560566,20.5
2021-01-29,2.0635344446285244,26.7
2021-01-30,1.8557015078860368,27.6
2021-01-31,1.2704685081074834,25.2
2021-02-01,1.4120208522476967,14.1
2021-02-02,0.9550087442286593,13.4
2021-02-03,1.1480802835103254,11.4
2021-02-04,1.3120681934361675,10.3
2021-02-05,0.8698661088396368,12.5
2021-02-06,1.5894096195624512,9.38
2021-02-07,1.1932556223798056,15.9
2021-02-08,0.9712564226368838,12.2
2021-02-09,0.9142842650417136,6.74
2021-02-10,0.8233778669105154,4.03
2021-02-11,0.7230881448214749,2.78
2021-02-12,0.6598212109372129,1.6
2021-02-13,0.6177055200305472,0.935
2021-02-14,0.8713285981322325,0.649
2021-02-15,0.6545435367492823,3.06
2021-02-16,0.6262129436805581,4.05
2021-02-17,0.5905366111506548,3.18
2021-02-18,0.5644348118408411,2.64
2021-02-19,0.5422798190237993,2.93
2021-02-20,0.5307042535825718,3.11
2021-02-21,0.5226579238799067,2.66
2021-02-22,0.5214929260121693,2.44
2021-02-23,0.5131072029126096,2.26
2021-02-24,0.5098369252457936,2.36
2021-02-25,0.507990120390452,2.09
2021-02-26,0.5067479579625588,1.83
2021-02-27,0.5062034419420565,1.97
2021-02-28,0.5058132450488864,1.98
2021-03-01,0.5056676315849165,1.82
2021-03-02,0.5058777092522817,1.88
2021-03-03,0.8458561772795836,1.79
2021-03-04,0.5459687494446959,1.95
2021-03-05,0.5196535335823463,2.05
2021-03-06,0.5159008088948925,2.04
2021-03-07,0.5139325128659146,2.04
2021-03-08,0.5124301069120168,2.08
2021-03-09,0.5112656920054298,2.11
2021-03-10,0.547457506795428,1.13
2021-03-11,0.5152102503364907,0.336
2021-03-12,0.739774450149182,0.372
2021-03-13,0.5359328168616981,1.78
2021-03-14,0.5310049435580078,2.21
2021-03-15,0.5520070983795595,1.99
2021-03-16,0.5223656320745815,1.85
2021-03-17,0.5168503972042473,2.03
2021-03-18,0.5853863115087585,2.14
2021-03-19,0.5167652138064337,2.22
2021-03-20,0.507771413047831,1.98
2021-03-21,0.5034713171249335,2.12
2021-03-22,0.49980887371578203,2.12
2021-03-23,0.4964038106653581,2.12
2021-03-24,0.4931749399893358,2.08
2021-03-25,0.49050078302933325,2.12
2021-03-26,0.5494807083463441,1.99
2021-03-27,0.4903696809116774,2.11
2021-03-28,0.48302930367720265,2.01
2021-03-29,0.4794716814715218,1.27
2021-03-30,0.47623467814598136,1.33
2021-03-31,0.473044531535117,1.34
2021-04-01,0.46986772687877115,1.56
2021-04-02,0.4666851551495096,1.16
2021-04-03,0.4634886997084057,1.2
2021-04-04,0.4602933859280945,1.42
2021-04-05,0.457031210785002,1.3
2021-04-06,0.45375316961716533,1.14
2021-04-07,0.4504401056417801,1.1
2021-04-08,0.4471003424153167,1.3
2021-04-09,0.44377966601693725,1.06
2021-04-10,0.440370342124861,0.952
2021-04-11,0.4369536450008846,0.84
2021-04-12,0.43340172536321425,1.12
2021-04-13,0.4298853094334033,0.813
2021-04-14,0.42635028450576284,0.94
2021-04-15,0.4235908934725497,1.31
2021-04-16,0.4192645984020785,1.72
2021-04-17,0.41558760465168665,1.96
2021-04-18,0.41195253832212664,2.16
2021-04-19,0.40831191810558654,2.37
2021-04-20,0.40463534280988217,1.35
2021-04-21,0.4009420679136169,0.162
2021-04-22,0.39726918969240144,0.077
2021-04-23,0.39352846724065826,0.086
2021-04-24,0.3898051287549616,0.09
2021-04-25,0.3860774725485283,0.088
2021-04-26,0.3823400095254233,0.09
2021-04-27,0.3785991078273721,0.089
2021-04-28,0.3748752361049065,0.1
2021-04-29,0.3711071497710036,0.096
2021-04-30,0.3675882802056718,0.077
2021-05-01,0.3636548450175814,0.072
2021-05-02,0.36021501162507824,0.072
2021-05-03,0.4652786461263243,0.076
2021-05-04,0.3649804912104464,0.139
2021-05-05,0.37032247982344413,0.134
2021-05-06,0.3491065670724828,0.14
2021-05-07,0.6634783653871015,0.11
2021-05-08,0.3688202649970818,0.35
2021-05-09,0.3452640124522819,0.213
2021-05-10,0.3361738008491429,0.154
2021-05-11,0.3318208526693792,0.13
2021-05-12,0.3274232964391947,0.097
2021-05-13,0.3500478098885913,0.103
2021-05-14,0.3246014417534013,0.159
2021-05-15,0.36755955732316864,0.134
2021-05-16,0.6668730339763681,0.839
2021-05-17,0.5782255964825203,4.86
2021-05-18,0.35057830615457214,3.17
2021-05-19,0.3158317205970764,0.774
2021-05-20,0.30759490139323226,0.236
2021-05-21,0.3859663474048488,0.188
2021-05-22,0.30729337923132194,0.246
2021-05-23,0.333082033208588,0.222
2021-05-24,0.29691539088311375,0.208
2021-05-25,0.28827114716176844,0.211
2021-05-26,0.282680653985109,0.154
2021-05-27,0.2782250840510324,0.125
2021-05-28,0.27409771553212775,0.107
2021-05-29,0.27015183822712036,0.098
2021-05-30,0.2663959644787794,0.093
2021-05-31,0.26278404571341246,0.088
2021-06-01,0.25929104001814024,0.083
2021-06-02,0.2559170804828072,0.076
2021-06-03,0.25300409928803314,0.071
2021-06-04,0.8096618300029584,0.15
2021-06-05,0.2957392831215149,0.389
2021-06-06,0.2541618708202157,0.21
2021-06-07,0.24683688423234057,0.145
2021-06-08,0.24239112319329917,0.101
2021-06-09,0.2384226706388052,0.089
2021-06-10,0.2347058913305539,0.08
2021-06-11,0.23119189645710514,0.074
2021-06-12,0.22782164773314686,0.069
2021-06-13,0.2245915540642686,0.067
2021-06-14,0.22147199292445757,0.066
2021-06-15,0.21844464140272368,0.064
2021-06-16,0.781179314515784,0.132
2021-06-17,0.8293678654858118,0.389
2021-06-18,0.8261757604694873,2.63
2021-06-19,0.369586103150434,3.98
2021-06-20,0.2347755427798522,1.79
2021-06-21,0.22099660786396969,0.754
2021-06-22,0.2125566615861562,0.35
2021-06-23,0.2075049318907463,0.192
2021-06-24,0.20346992481121998,0.165
2021-06-25,0.22534074021877057,0.132
2021-06-26,0.20036785268915044,0.806
2021-06-27,0.7597232864349831,3.34
2021-06-28,0.6710195671505377,3.7
2021-06-29,0.3672043350413301,2.31
2021-06-30,0.20586508949244636,1.01
2021-07-01,0.18941922261281918,0.475
2021-07-02,0.2286747282249865,0.287
2021-07-03,0.18930379351541787,0.261
2021-07-04,0.18214311179596895,0.364
2021-07-05,0.3810419984211699,0.438
2021-07-06,0.24752918303439023,0.65
2021-07-07,0.1829460773696984,1.01
2021-07-08,0.17470163109301787,0.588
2021-07-09,0.17253754423984813,0.232
2021-07-10,0.16761579519693534,0.135
2021-07-11,0.3818924913326804,0.124
2021-07-12,0.1845130039897035,0.138
2021-07-13,0.1642171323250247,0.202
2021-07-14,0.1597183143990329,0.15
2021-07-15,0.15660322186674736,0.118
2021-07-16,0.15381119452414385,0.106
2021-07-17,0.15122494501119751,0.08
2021-07-18,0.1488041840747379,0.072
2021-07-19,0.14653978179613683,0.071
2021-07-20,0.3235226030745442,0.071
2021-07-21,0.15987755036553955,0.087
2021-07-22,0.14549825410368902,0.093
2021-07-23,0.14376968716057872,0.071
2021-07-24,0.13963494156881534,0.07
2021-07-25,0.19308842789606231,0.087
2021-07-26,0.14276516353701835,0.098
2021-07-27,0.13796785681654564,0.11
2021-07-28,0.6928968456215296,0.271
2021-07-29,0.18203003594071795,0.274
2021-07-30,0.14225533966811052,0.311
2021-07-31,0.13573569136551714,0.205
2021-08-01,0.1320188196359551,0.168
2021-08-02,0.127388332245248,0.156
2021-08-03,0.12475789870370708,0.123
2021-08-04,0.12233443338897797,0.087
2021-08-05,0.1223599100805837,0.112
2021-08-06,0.16613619051167833,0.119
2021-08-07,0.5127280731845144,0.259
2021-08-08,0.37885713898613327,0.728
2021-08-09,0.3392868661420684,0.835
2021-08-10,0.1400287167708994,1.66
2021-08-11,0.12173986822978905,1.03
2021-08-12,0.11718132775353027,0.315
2021-08-13,0.1140424359781172,0.17
2021-08-14,0.11134478804039762,0.1
2021-08-15,0.10908939876266686,0.086
2021-08-16,0.10719038585444494,0.079
2021-08-17,0.10516230065752624,0.076
2021-08-18,0.1030208941270933,0.078
2021-08-19,0.10142337493260575,0.087
2021-08-20,0.09973371008205029,0.089
2021-08-21,0.17161043396377487,0.089
2021-08-22,0.10598170668120112,0.115
2021-08-23,0.09840098289556216,0.224
2021-08-24,0.09616144144218494,0.15
2021-08-25,0.09448171648480287,0.08
2021-08-26,0.09291234287071141,0.08
2021-08-27,0.0914499095836387,0.081
2021-08-28,0.09018248708474487,0.078
2021-08-29,0.08876122645634821,0.073
2021-08-30,0.08753838776571568,0.076
2021-08-31,0.08623611008483459,0.088
2021-09-01,0.08503683661053736,0.089
2021-09-02,0.083872148724707,0.088
2021-09-03,0.08273415986777022,0.074
2021-09-04,0.08162075451582353,0.062
2021-09-05,0.08052963851543123,0.061
2021-09-06,0.07945018563105459,0.061
2021-09-07,0.07839085590021073,0.06
2021-09-08,0.07920852438277023,0.063
2021-09-09,0.0764305998951733,0.069
2021-09-10,0.0759788108801051,0.078
2021-09-11,0.07433573903400305,0.068
2021-09-12,0.07330785671974051,0.064
2021-09-13,0.29969936264254715,0.067
2021-09-14,0.2295651047842977,0.192
2021-09-15,0.08819650615823334,0.414
2021-09-16,0.07607486526944056,0.285
2021-09-17,0.07330474572832373,0.131
2021-09-18,0.07146955523885218,0.082
2021-09-19,0.19598839214461067,0.085
2021-09-20,0.080698728380153,0.082
2021-09-21,0.07019784490387403,0.091
2021-09-22,0.06792396705578953,0.077
2021-09-23,0.0663686866109452,0.07
2021-09-24,0.06502044107271733,0.07
2021-09-25,0.06378455957058085,0.068
2021-09-26,0.12798939664677403,0.067
2021-09-27,0.06851584079662076,0.071
2021-09-28,0.48843633584378615,0.125
2021-09-29,0.0979741914232115,0.182
2021-09-30,0.3731626665083901,0.203
2021-10-01,0.09024628718313134,0.193
2021-10-02,0.6348603298511513,0.972
2021-10-03,0.33244078276404015,3.27
2021-10-04,0.6594033959625225,1.67
2021-10-05,0.3401267749523817,4.31
2021-10-06,0.09440418057551757,4.24
2021-10-07,0.07303872916079057,0.946
2021-10-08,0.06869613355052698,0.327
2021-10-09,0.06469689820831025,0.198
2021-10-10,0.062019938830454265,0.144
2021-10-11,0.059692011534422516,0.118
