date,simulation,observation
2000-01-01,49.058832927789446,0.471
2000-01-02,51.95406574054561,0.436
2000-01-03,51.20716595865279,0.45
2000-01-04,50.238006273757165,0.474
2000-01-05,49.21457963233557,0.447
2000-01-06,48.21542775277555,0.426
2000-01-07,47.28691743880272,0.414
2000-01-08,46.30789557887772,0.402
2000-01-09,45.3779792600071,0.348
2000-01-10,44.4699118087055,0.325
2000-01-11,43.57921504699643,0.323
2000-01-12,42.93890876340147,0.589
2000-01-13,41.91715968162565,0.68
2000-01-14,41.04577994793642,0.516
2000-01-15,40.208885414656784,0.473
2000-01-16,39.40126383846922,0.416
2000-01-17,38.61124660379614,0.354
2000-01-18,37.837534648532376,0.338
2000-01-19,37.079625369214426,0.315
2000-01-20,36.33716152799618,0.298
2000-01-21,35.63335627212719,0.277
2000-01-22,34.90107982589944,0.281
2000-01-23,34.20075011325448,0.268
2000-01-24,33.51618099156033,0.264
2000-01-25,32.8452356634547,0.248
2000-01-26,32.18799828504887,0.233
2000-01-27,31.544066010929214,0.227
2000-01-28,30.966593742103136,0.233
2000-01-29,30.448621737723368,0.41
2000-01-30,29.795380735119085,0.375
2000-01-31,29.150666111302407,0.58
2000-02-01,28.54257252829409,0.475
2000-02-02,27.95909367988364,0.385
2000-02-03,27.408316407671293,0.34
2000-02-04,26.84937972756171,0.327
2000-02-05,26.30992187305931,0.307
2000-02-06,25.783255822012233,0.288
2000-02-07,25.34574714765885,0.311
2000-02-08,24.82880461069428,0.323
2000-02-09,24.424271730845202,0.341
2000-02-10,23.81806189111707,0.609
2000-02-11,23.431558046089854,0.438
2000-02-12,22.867306125405165,0.56
2000-02-13,22.3972465769028,0.422
2000-02-14,22.079762638157224,0.597
2000-02-15,21.590162624467148,0.606
2000-02-16,21.333005821441873,0.62
2000-02-17,20.85290418940729,1.54
2000-02-18,20.370655522395,1.18
2000-02-19,19.881092176910286,0.747
2000-02-20,19.577890513552642,0.601
2000-02-21,19.09656272113438,0.629
2000-02-22,18.700987951255325,0.493
2000-02-23,18.323577784198417,0.434
2000-02-24,17.95272126977291,0.391
2000-02-25,17.58802146561512,0.35
2000-02-26,17.233593840586387,0.331
2000-02-27,17.211722355252675,1.93
2000-02-28,16.856611330000113,1.1
2000-02-29,16.42936477256302,0.882
2000-03-01,16.000586212761338,0.612
2000-03-02,15.958028413234484,2.48
2000-03-03,15.509728135723067,1.27
2000-03-04,15.049031737538153,0.721
2000-03-05,14.724463020506374,0.572
2000-03-06,14.41939332473275,0.472
2000-03-07,14.27184398166751,0.531
2000-03-08,13.863450749719789,0.502
2000-03-09,13.570635919810499,0.413
2000-03-10,13.292508389679247,0.382
2000-03-11,13.021456837163775,0.34
2000-03-12,12.757852911695478,0.315
2000-03-13,12.539830187442103,0.299
2000-03-14,12.255890363666632,0.297
2000-03-15,12.006639443122738,0.278
2000-03-16,11.765246423133455,0.277
2000-03-17,11.529333048010876,0.26
2000-03-18,11.298522563877906,0.246
2000-03-19,11.07262019084448,0.245
2000-03-20,10.85146279204685,0.242
2000-03-21,10.634906252473746,0.242
2000-03-22,10.422819264992878,0.241
2000-03-23,10.351181728582032,0.287
2000-03-24,10.028316017342432,0.249
2000-03-25,9.81862394209137,0.231
2000-03-26,9.633253694254432,0.219
2000-03-27,9.453828922363673,0.238
2000-03-28,9.245693073404414,0.217
2000-03-29,9.059217893552683,0.212
2000-03-30,8.878100859523768,0.212
2000-03-31,8.701229030938519,0.212
2000-04-01,8.562190338761166,0.212
2000-04-02,8.585439808871412,0.265
2000-04-03,8.403734636994308,0.844
2000-04-04,8.062591929939797,0.467
2000-04-05,7.8852271066569894,0.339
2000-04-06,7.724544715008285,0.286
2000-04-07,7.568706106906649,0.263
2000-04-08,7.417521589704349,0.247
2000-04-09,7.267826318962832,0.236
2000-04-10,7.167792684493995,0.227
2000-04-11,7.168679725245411,0.263
2000-04-12,7.1494482983809196,0.912
2000-04-13,6.796205075620861,0.671
2000-04-14,6.6113258793610425,0.42
2000-04-15,6.470642754380635,0.348
2000-04-16,6.492343615635931,0.352
2000-04-17,6.416882804059752,1.1
2000-04-18,6.473998836007013,1.99
2000-04-19,6.433752228719704,1.05
2000-04-20,6.020878039102805,0.843
2000-04-21,6.258092402554642,0.699
2000-04-22,5.9571110979004755,1.37
2000-04-23,5.7257567972403125,0.703
2000-04-24,5.926973845462602,0.813
2000-04-25,5.675198672389948,1.02
2000-04-26,5.8255069069020715,1.44
2000-04-27,5.39087600776268,0.91
2000-04-28,5.31562836149307,0.634
2000-04-29,5.113910076532373,0.536
2000-04-30,4.971576132319947,0.446
2000-05-01,4.845680452952073,0.392
2000-05-02,4.7287747107076195,0.35
2000-05-03,4.619063342796184,0.324
2000-05-04,4.515328946440249,0.301
2000-05-05,4.41673202132093,0.286
2000-05-06,4.322522747501158,0.267
2000-05-07,4.2322238208687315,0.248
2000-05-08,4.145047648177095,0.227
2000-05-09,4.060907212306013,0.217
2000-05-10,3.9793981140339842,0.211
2000-05-11,3.900265007665307,0.19
2000-05-12,3.8232972555091025,0.187
2000-05-13,3.7483185255831084,0.183
2000-05-14,3.675188108140995,0.182
2000-05-15,3.603789302535253,0.182
2000-05-16,3.5344792594445122,0.178
2000-05-17,3.669000919918012,0.255
2000-05-18,3.4754643725196512,0.243
2000-05-19,3.441007735708892,0.236
2000-05-20,3.387908809040406,0.242
2000-05-21,3.232090874848418,0.215
2000-05-22,3.162170911415595,0.185
2000-05-23,3.2339225402235288,0.324
2000-05-24,3.053285176432858,0.232
2000-05-25,3.0381049424487094,0.215
2000-05-26,3.159456034768905,0.575
2000-05-27,3.078249014594715,0.675
2000-05-28,2.872176672253156,0.727
2000-05-29,2.7864480840009542,0.421
2000-05-30,2.724543433244494,0.309
2000-05-31,2.775056088496663,0.299
2000-06-01,2.636223694763019,0.303
2000-06-02,2.8546629389154035,0.53
2000-06-03,2.7007234558906985,0.767
2000-06-04,2.5523590351250895,0.557
2000-06-05,2.499041277271816,0.383
2000-06-06,2.436077709779038,0.328
2000-06-07,2.367188205458426,0.281
2000-06-08,2.3135906757935003,0.252
2000-06-09,2.263992391994266,0.242
2000-06-10,2.21546770313826,0.214
2000-06-11,2.169752320359461,0.195
2000-06-12,2.1258923160881644,0.186
2000-06-13,2.0860835571312992,0.182
2000-06-14,2.045195758073156,0.208
2000-06-15,2.00258126976588,0.181
2000-06-16,1.9635539597622618,0.176
2000-06-17,1.9257243883964474,0.168
2000-06-18,1.8888362899971802,0.16
2000-06-19,1.8528147167524518,0.157
2000-06-20,1.8184917484747698,0.146
2000-06-21,1.784039470916512,0.145
2000-06-22,1.8273558576360864,0.176
2000-06-23,1.727377426434196,0.144
2000-06-24,1.6891169701794577,0.125
2000-06-25,1.656094487330137,0.123
2000-06-26,1.6241472129706835,0.123
2000-06-27,1.5931910759579033,0.123
2000-06-28,1.563237734652084,0.121
2000-06-29,1.5336057705200876,0.121
2000-06-30,1.5047244275895069,0.122
2000-07-01,1.5256438384192754,0.137
2000-07-02,1.7046850129086337,0.858
2000-07-03,1.665957681575834,0.404
2000-07-04,1.438352180158207,0.249
2000-07-05,1.5738929000974047,0.26
2000-07-06,1.379368800384581,0.285
2000-07-07,1.3380199003090028,0.198
2000-07-08,1.3100690476164882,0.185
2000-07-09,1.2857860484267556,0.211
2000-07-10,1.2566483905423562,0.176
2000-07-11,1.2305548023066204,0.152
2000-07-12,1.2074868915007249,0.147
2000-07-13,1.1837784144551737,0.146
2000-07-14,1.1602651641614867,0.14
2000-07-15,1.1379533538437967,0.133
2000-07-16,1.1162982151089345,0.129
2000-07-17,1.0951589149835155,0.127
2000-07-18,1.0744957589980209,0.124
2000-07-19,1.0542827662428214,0.121
2000-07-20,1.034497688420667,0.121
2000-07-21,1.015121642715408,0.12
2000-07-22,0.9961388642544224,0.12
2000-07-23,0.9775353092567842,0.121
2000-07-24,0.9592947191209125,0.121
2000-07-25,0.9414119246994677,0.12
2000-07-26,0.9238935541848502,0.119
2000-07-27,0.9695971555708858,0.13
2000-07-28,0.900301566543714,0.122
2000-07-29,0.8778450821475082,0.12
2000-07-30,0.8603867104088899,0.119
2000-07-31,0.9785536436340987,0.161
2000-08-01,0.8448882615069102,0.127
2000-08-02,0.867815863059424,0.154
2000-08-03,0.8094398153185448,0.169
2000-08-04,0.7888362208423343,0.124
2000-08-05,0.7725739979413333,0.118
2000-08-06,0.7572497877081686,0.115
2000-08-07,0.7438756165198048,0.115
2000-08-08,0.7281147160587326,0.115
2000-08-09,0.7160398104432721,0.115
2000-08-10,0.7003594006808133,0.115
2000-08-11,0.6868679970102296,0.111
2000-08-12,0.673970972713479,0.109
2000-08-13,0.6995922439160487,0.115
2000-08-14,0.6555633239036434,0.114
2000-08-15,0.6409106601081094,0.11
2000-08-16,0.6282813662430836,0.107
2000-08-17,0.6167096342509529,0.103
2000-08-18,0.6474844661238544,0.114
2000-08-19,0.5988509732704441,0.117
2000-08-20,0.5842803251094029,0.102
2000-08-21,0.5734646066012826,0.102
2000-08-22,0.561110303824399,0.099
2000-08-23,0.5502028826737227,0.096
2000-08-24,0.5396786447669656,0.092
2000-08-25,0.6295183474948011,0.109
2000-08-26,0.6754328519469978,0.187
2000-08-27,0.53304845598416,0.111
2000-08-28,0.5109813179073355,0.096
2000-08-29,0.4988610614218305,0.093
2000-08-30,0.48819268297204854,0.09
2000-08-31,0.5923547767364582,0.126
2000-09-01,0.5140049086126615,0.112
2000-09-02,0.47016538895111437,0.095
2000-09-03,0.4569383466421322,0.09
2000-09-04,0.4484858782439999,0.09
2000-09-05,0.532370631455053,0.146
2000-09-06,0.4410457258771544,0.121
2000-09-07,0.4260897858695836,0.106
2000-09-08,0.41518377213575025,0.104
2000-09-09,0.4064040759737717,0.101
2000-09-10,0.3980928057823297,0.098
2000-09-11,0.39015065126174503,0.099
2000-09-12,0.38252049729691434,0.101
2000-09-13,0.3754902990397859,0.102
2000-09-14,0.5441119129034268,0.133
2000-09-15,0.4045571021963207,0.166
2000-09-16,0.36603762440030646,0.104
2000-09-17,0.5769858651545648,0.136
2000-09-18,0.47995061725896404,0.361
2000-09-19,0.5838367979303717,0.384
2000-09-20,0.4435310217755732,0.363
2000-09-21,0.4587351332620203,0.24
2000-09-22,0.3787230060962446,0.268
2000-09-23,0.34621113706980233,0.205
2000-09-24,0.5933014656277376,1.38
2000-09-25,0.6578082217258902,1.3
2000-09-26,0.6001755666560737,1.15
2000-09-27,0.6985764365046087,2.27
2000-09-28,0.6352544486574621,1.09
2000-09-29,0.5355024226416943,0.624
2000-09-30,0.36489859747441666,0.466
2000-10-01,0.5050402039435651,0.442
2000-10-02,0.511468355159775,0.589
2000-10-03,0.39280304604886296,0.448
2000-10-04,0.368896268472401,0.348
2000-10-05,0.3935520631025935,0.31
2000-10-06,0.6250927410404704,0.281
2000-10-07,0.740184554489102,1.01
2000-10-08,0.4643075157579876,0.573
2000-10-09,0.983262779979532,1.51
2000-10-10,1.3765423118348035,2.15
2000-10-11,1.0028950956857132,1.89
2000-10-12,0.784076275796412,0.746
2000-10-13,0.5848163862249682,0.552
2000-10-14,0.7571102328783083,0.531
2000-10-15,0.5503804447265693,0.588
2000-10-16,0.5498681017002048,0.495
2000-10-17,0.8884051119528884,0.7
2000-10-18,0.5745739369855518,0.845
2000-10-19,0.489643555435948,0.54
2000-10-20,0.7854067823111649,0.553
2000-10-21,0.5223649343749247,0.655
2000-10-22,0.5484009109203357,0.49
2000-10-23,0.5334713169941234,0.505
2000-10-24,0.5646466168024479,0.471
2000-10-25,0.46028387616382865,0.454
2000-10-26,0.8093916208783378,0.437
2000-10-27,0.6502974731269491,0.87
2000-10-28,1.1044084777126268,1.78
2000-10-29,2.46566970533516,6.0
2000-10-30,1.7372299353250067,3.16
2000-10-31,1.6375098635159484,1.26
2000-11-01,1.3479016586111032,0.926
2000-11-02,1.495219759152505,1.13
2000-11-03,1.327170912931313,0.839
2000-11-04,0.9833826438139229,0.703
2000-11-05,3.291331179364545,6.65
2000-11-06,2.6963046567542865,5.24
2000-11-07,2.3740837925944844,2.64
2000-11-08,1.90777170282421,1.2
2000-11-09,1.789973938951576,0.911
2000-11-10,1.9435425697322646,0.888
2000-11-11,1.765749150962518,1.45
2000-11-12,1.484572007935842,0.944
2000-11-13,1.313242604310578,0.687
2000-11-14,1.0169351568540428,0.519
2000-11-15,1.276608058585791,0.526
2000-11-16,1.230986902116961,0.623
2000-11-17,1.311288436452762,1.11
2000-11-18,1.230334050241984,0.785
2000-11-19,1.043720159186155,0.734
2000-11-20,0.9408034975209185,0.57
2000-11-21,1.7870443667259017,1.51
2000-11-22,1.3943480050416022,1.24
2000-11-23,1.3468472195475576,0.825
2000-11-24,1.266827499214281,0.768
2000-11-25,1.7885673539098452,1.06
2000-11-26,1.2886127663468403,1.28
2000-11-27,1.785365968843398,1.63
2000-11-28,1.2773834048490562,1.16
2000-11-29,1.1419835589953733,0.723
2000-11-30,1.2364728514390135,0.588
2000-12-01,1.1397717847633133,0.588
2000-12-02,1.0268135787075117,0.502
2000-12-03,1.2887700737269197,0.459
2000-12-04,1.1849598375785095,0.735
2000-12-05,1.9078061103766817,1.68
2000-12-06,1.5245506383988312,1.09
2000-12-07,2.3718219988197706,3.72
2000-12-08,1.9206148196980481,1.82
2000-12-09,1.8316604139680661,0.909
2000-12-10,2.0607006311707696,1.17
2000-12-11,1.8239004912281211,2.38
2000-12-12,1.9409136103685494,1.47
2000-12-13,1.6967379415142019,1.02
2000-12-14,1.6759397335937642,0.923
2000-12-15,1.414666455529985,0.747
2000-12-16,1.366067313794775,0.62
2000-12-17,1.2559196146383917,0.544
2000-12-18,1.192598585174401,0.491
2000-12-19,1.6386752366941224,0.85
2000-12-20,1.2818437788692512,0.74
2000-12-21,1.206383686136335,0.55
2000-12-22,1.150307367017279,0.507
2000-12-23,1.4442045390107472,0.469
2000-12-24,1.625698790270407,1.01
2000-12-25,1.2944374786967414,0.659
2000-12-26,1.2176963249049182,0.517
2000-12-27,1.5372442670547106,0.428
2000-12-28,1.2667673621156224,0.387
2000-12-29,1.1998428942407136,0.349
2000-12-30,1.1603117789784956,0.32
2000-12-31,1.8306656273825919,0.986
2001-01-01,1.7927775954925147,2.7
2001-01-02,1.7564943473747399,1.81
2001-01-03,1.5721185014781367,0.975
2001-01-04,1.3982504395243556,0.784
2001-01-05,1.3165675200796818,0.605
2001-01-06,1.2661401428467844,0.505
2001-01-07,1.380324059363778,0.447
2001-01-08,1.2956454104300057,0.488
2001-01-09,1.2202233672178726,0.452
2001-01-10,1.181804305839483,0.416
2001-01-11,1.1537549942799967,0.373
2001-01-12,1.1318262327853135,0.345
2001-01-13,1.1144640629748346,0.322
2001-01-14,1.0997646026965,0.308
2001-01-15,1.0877682922394387,0.3
2001-01-16,1.0777804385690686,0.277
2001-01-17,1.0692811689159591,0.264
2001-01-18,1.061945183162066,0.254
2001-01-19,1.0560929277590012,0.239
2001-01-20,1.08586106158911,0.236
2001-01-21,1.307243319461939,0.252
2001-01-22,1.3958156760538767,0.728
2001-01-23,1.766732697815777,1.14
2001-01-24,1.3529501746829078,0.812
2001-01-25,1.258799145406026,0.526
2001-01-26,1.248972909247537,0.461
2001-01-27,1.1841854439619828,0.413
2001-01-28,1.1483010816258385,0.356
2001-01-29,1.126558828721175,0.324
2001-01-30,1.247016022998918,0.341
2001-01-31,1.1301316165763429,0.341
2001-02-01,1.4014190162817242,0.414
2001-02-02,1.7615985777129204,0.841
2001-02-03,1.7887485519387125,1.11
2001-02-04,2.131012448739437,3.18
2001-02-05,2.1405794387302395,1.67
2001-02-06,1.6571126892769037,1.09
2001-02-07,1.4811292045922686,0.705
2001-02-08,1.3800337935235598,0.541
2001-02-09,1.3112164940875404,0.447
2001-02-10,1.8143202648879997,0.732
2001-02-11,2.308964953905251,1.73
2001-02-12,1.8830351173990618,2.21
2001-02-13,1.5376999575204509,0.815
2001-02-14,1.4202095365278966,0.635
2001-02-15,1.3409587085059422,0.538
2001-02-16,1.2736806191181211,0.454
2001-02-17,1.2212869245836102,0.415
2001-02-18,1.1793202686694702,0.385
2001-02-19,1.1461775838742652,0.364
2001-02-20,1.1178096806552869,0.345
2001-02-21,1.09550086247336,0.327
2001-02-22,1.2078624968958769,0.344
2001-02-23,1.1174145176172263,0.32
2001-02-24,1.165172737133189,0.295
2001-02-25,1.0919009005357867,0.283
2001-02-26,1.4782511439297519,0.348
2001-02-27,1.394845495111607,0.565
2001-02-28,1.2125271317518895,0.521
2001-03-01,1.1578639155215276,0.42
2001-03-02,1.1139093670794178,0.363
2001-03-03,1.084746676062607,0.327
2001-03-04,1.0615636874822636,0.294
2001-03-05,1.0414702265152238,0.27
2001-03-06,1.617165484408616,1.08
2001-03-07,1.2736001180095884,0.942
2001-03-08,1.208724142385135,0.59
2001-03-09,1.2553339775200107,0.439
2001-03-10,1.2045271784306397,0.473
2001-03-11,1.1277960819471873,0.428
2001-03-12,1.3181939794930362,0.454
2001-03-13,1.135525239908913,0.436
2001-03-14,1.0859142004354334,0.377
2001-03-15,1.0684076507976334,0.345
2001-03-16,1.181758314041826,0.326
2001-03-17,1.0978099392843386,0.396
2001-03-18,1.0743543740771593,0.399
2001-03-19,1.0292030660572447,0.358
2001-03-20,1.1164100768041318,0.328
2001-03-21,1.401643531150494,0.409
2001-03-22,1.4622525340772008,1.66
2001-03-23,1.177552184784934,0.921
2001-03-24,1.110933006635762,0.574
2001-03-25,1.068639324247348,0.494
2001-03-26,1.026009711639766,0.44
2001-03-27,1.4111111502444174,0.654
2001-03-28,1.2288879988233905,0.662
2001-03-29,1.2471182000533292,0.531
2001-03-30,1.1115457596796918,0.511
2001-03-31,1.05819789085384,0.476
2001-04-01,1.0116522294549462,0.427
2001-04-02,1.1991690051587265,0.539
2001-04-03,1.6019876572341123,1.17
2001-04-04,1.2276679150923828,0.924
2001-04-05,1.9129345027069657,2.7
2001-04-06,1.8589343039872024,1.77
2001-04-07,1.6588760350693694,1.06
2001-04-08,1.580222167170174,0.897
2001-04-09,1.4167313476173786,0.776
2001-04-10,1.264941244193056,0.64
2001-04-11,1.1792538327240174,0.53
2001-04-12,1.1155535608002185,0.46
2001-04-13,1.064945159130115,0.412
2001-04-14,1.1555356131908963,0.44
2001-04-15,1.2087508442428043,0.453
2001-04-16,1.0505301037460466,0.396
2001-04-17,1.170115311300138,0.408
2001-04-18,1.0398070300069475,0.386
2001-04-19,0.9982334382412492,0.356
2001-04-20,0.9565547064627709,0.328
2001-04-21,0.9321444702007676,0.309
2001-04-22,1.2649911608229398,0.876
2001-04-23,1.0574857007078355,0.786
2001-04-24,1.616549043916504,1.25
2001-04-25,1.207279555430175,0.759
2001-04-26,1.0715354651671944,0.53
2001-04-27,1.6245802418726847,0.79
2001-04-28,1.4780294934505314,0.918
2001-04-29,1.2029919271473057,0.691
2001-04-30,1.1166681557922145,0.485
2001-05-01,1.058081451327519,0.41
2001-05-02,1.0309344885455205,0.383
2001-05-03,0.9789573165893202,0.359
2001-05-04,0.9461710206046171,0.328
2001-05-05,0.9177474442111706,0.303
2001-05-06,0.8964715992434089,0.284
2001-05-07,0.8790479214643575,0.27
2001-05-08,0.864497270990384,0.262
2001-05-09,0.9162519082186957,0.276
2001-05-10,0.8493789672348969,0.29
2001-05-11,0.8343996007439874,0.246
2001-05-12,0.8246957061068889,0.211
2001-05-13,0.9783497375606603,0.257
2001-05-14,1.1077141140580575,0.969
2001-05-15,1.1022000536189014,0.741
2001-05-16,1.421117045278076,0.547
2001-05-17,1.753355617468563,2.29
2001-05-18,1.2167333663674194,0.668
2001-05-19,1.1014956985421578,0.462
2001-05-20,1.033387168715322,0.38
2001-05-21,0.9802000438205974,0.337
2001-05-22,0.9371134756058133,0.295
2001-05-23,0.9019273235569275,0.27
2001-05-24,0.8730165792341321,0.25
2001-05-25,0.8490960689465216,0.241
2001-05-26,0.8300349251334551,0.229
2001-05-27,0.812817694831906,0.226
2001-05-28,0.798043777077582,0.212
2001-05-29,0.7856405081912102,0.199
2001-05-30,0.7749967409938979,0.191
2001-05-31,0.7653682952063131,0.183
2001-06-01,0.7587684798531148,0.184
2001-06-02,0.7508924738518512,0.209
2001-06-03,0.7415491229327509,0.178
2001-06-04,0.7345122121500222,0.171
2001-06-05,0.7279784034079335,0.169
2001-06-06,0.771817125993887,0.185
2001-06-07,0.7244842721667992,0.173
2001-06-08,0.7134637459910713,0.165
2001-06-09,0.7078797023389225,0.164
2001-06-10,0.7003670513342715,0.162
2001-06-11,0.6941297526526966,0.162
2001-06-12,0.6880916435766691,0.157
2001-06-13,0.6821424044264184,0.154
2001-06-14,0.7300533442946925,0.165
2001-06-15,0.8840331204322599,0.228
2001-06-16,0.6954827042557198,0.238
2001-06-17,0.6711277417380449,0.18
2001-06-18,0.6620841695754027,0.157
2001-06-19,0.6552515057218542,0.155
2001-06-20,0.6473999027253541,0.148
2001-06-21,0.6404952554437497,0.147
2001-06-22,0.6338526740486341,0.147
2001-06-23,0.6273783414267365,0.147
2001-06-24,0.6210334371495848,0.136
2001-06-25,0.6147914424097624,0.132
2001-06-26,0.608628397132312,0.132
2001-06-27,0.602550923200882,0.132
2001-06-28,0.5968395594019431,0.132
2001-06-29,0.5928272223697021,0.134
2001-06-30,0.5846969457813102,0.132
2001-07-01,0.578575868605855,0.132
2001-07-02,0.5726426658942488,0.132
2001-07-03,0.5667442551571044,0.132
2001-07-04,0.5608677241421595,0.128
2001-07-05,0.5550097234254835,0.12
2001-07-06,0.5499502825014497,0.119
2001-07-07,0.5809404340949436,0.137
2001-07-08,0.544306494441667,0.127
2001-07-09,0.5353336273681524,0.123
2001-07-10,0.6966281858370079,0.182
2001-07-11,0.5462377666039042,0.14
2001-07-12,0.5265368408704233,0.137
2001-07-13,0.5181295493995635,0.132
2001-07-14,0.5093056954389337,0.121
2001-07-15,0.5024623708874074,0.118
2001-07-16,0.49601795495532275,0.118
2001-07-17,0.7695390989147262,0.505
2001-07-18,0.7621305297936499,0.745
2001-07-19,0.7359973532455525,0.233
2001-07-20,0.743812558663431,0.184
2001-07-21,0.5215506000973078,0.176
2001-07-22,0.49151848241897644,0.159
2001-07-23,0.47939999210105694,0.148
2001-07-24,0.46973537586481945,0.139
2001-07-25,0.46109348595904825,0.135
2001-07-26,0.45320666548138583,0.131
2001-07-27,0.44592126190167525,0.13
2001-07-28,0.4391222703686353,0.126
2001-07-29,0.43271772168895545,0.121
2001-07-30,0.42664661563851497,0.123
2001-07-31,0.42081498932106576,0.123
2001-08-01,0.4152095305652417,0.12
2001-08-02,0.411714518869512,0.128
2001-08-03,0.40720606139051296,0.138
2001-08-04,0.42560107808600917,0.154
2001-08-05,0.624361934551909,0.16
2001-08-06,0.645107631743812,0.298
2001-08-07,0.6556213999114706,0.39
2001-08-08,0.5300407337165711,0.222
2001-08-09,0.4142276751632776,0.156
2001-08-10,0.3924099211725191,0.134
2001-08-11,0.4673825926561059,0.144
2001-08-12,0.41815893477787425,0.205
2001-08-13,0.3877911495512937,0.148
2001-08-14,0.3768519631899751,0.134
2001-08-15,0.5797459041227709,0.155
2001-08-16,0.3871249409577095,0.245
2001-08-17,0.3633146563987743,0.128
2001-08-18,0.4361950898739952,0.157
2001-08-19,0.36292750605198126,0.242
2001-08-20,0.34585488913383455,0.157
2001-08-21,0.3385006130649997,0.134
2001-08-22,0.33227484653323075,0.133
2001-08-23,0.32694736094361493,0.132
2001-08-24,0.32157474036257666,0.132
2001-08-25,0.316567494217097,0.128
2001-08-26,0.3118396585450641,0.125
2001-08-27,0.30748673055204034,0.121
2001-08-28,0.3031085533881154,0.121
2001-08-29,0.2989652253636828,0.121
2001-08-30,0.2962631881849193,0.125
2001-08-31,0.2912773692825711,0.125
2001-09-01,0.287339803191838,0.122
2001-09-02,0.2842009802881105,0.121
2001-09-03,0.2808010786731571,0.117
2001-09-04,0.2762483899351772,0.125
2001-09-05,0.33516389690483095,0.14
2001-09-06,0.2778660747757095,0.126
2001-09-07,0.30598112607012906,0.135
2001-09-08,0.27082728469312595,0.123
2001-09-09,0.26391519991813367,0.116
2001-09-10,0.25946973174105054,0.117
2001-09-11,0.2554179469535832,0.114
2001-09-12,0.3795373419484375,0.164
2001-09-13,0.3651121329775428,0.168
2001-09-14,0.26682180955570606,0.137
2001-09-15,0.3228399110534708,0.171
2001-09-16,0.28921014490257724,0.145
2001-09-17,0.24925354772419156,0.131
2001-09-18,0.2413357534552459,0.125
2001-09-19,0.23666436872369928,0.13
2001-09-20,0.2315808625780844,0.126
2001-09-21,0.22738848928832045,0.125
2001-09-22,0.2235165966296185,0.125
2001-09-23,0.34014567131523327,0.139
2001-09-24,0.4570394402102264,0.323
2001-09-25,0.2628476159646906,0.378
2001-09-26,0.23442736859274982,0.212
2001-09-27,0.3346405519572464,0.379
2001-09-28,0.2309645423160728,0.252
2001-09-29,0.2172787843970889,0.212
2001-09-30,0.3912881587165817,0.311
2001-10-01,0.2484598473895741,0.326
2001-10-02,0.2206443171031182,0.251
2001-10-03,0.2107015512627037,0.211
2001-10-04,0.3450577698526937,0.238
2001-10-05,0.2525271077745742,0.464
2001-10-06,0.297545969104814,0.426
2001-10-07,0.4941453462922582,1.42
2001-10-08,0.48717767990597327,0.85
2001-10-09,0.3059312548762009,0.797
2001-10-10,0.28114513325428664,0.624
2001-10-11,0.22688304692811584,0.503
2001-10-12,0.21259037058230087,0.381
2001-10-13,0.20356415644222003,0.326
2001-10-14,0.2238898264332157,0.468
2001-10-15,0.2328252664935719,0.556
2001-10-16,0.19131074777828447,0.418
2001-10-17,0.3347786677446156,0.387
2001-10-18,0.1959605918111973,0.608
2001-10-19,0.41947984620867923,0.548
2001-10-20,0.21846921379507417,0.849
2001-10-21,0.49907011315312116,1.73
2001-10-22,0.7734813957273684,1.62
2001-10-23,0.5994910443747459,1.25
2001-10-24,0.37240892109600865,0.775
2001-10-25,0.7984773410671117,1.04
2001-10-26,1.2200034702336708,3.91
2001-10-27,0.8459490235076924,0.96
2001-10-28,0.5455355311236301,0.636
2001-10-29,0.45961413575494675,0.537
2001-10-30,0.5778583676272657,0.46
2001-10-31,0.42070079523397674,0.395
2001-11-01,0.3678023840524037,0.361
2001-11-02,0.33054038570664107,0.339
2001-11-03,0.30233392287664496,0.337
2001-11-04,0.2812283353134121,0.3
2001-11-05,0.2637775018724286,0.281
2001-11-06,0.33321437631146467,0.269
2001-11-07,0.47578834950335047,0.257
2001-11-08,0.3104201832215644,0.304
2001-11-09,0.27762250756930723,0.27
2001-11-10,0.2609452876953011,0.262
2001-11-11,0.3056822667424454,0.256
2001-11-12,0.3023134879554263,0.265
2001-11-13,0.2608201627378108,0.246
2001-11-14,0.24656222937741412,0.234
2001-11-15,0.2372948428974601,0.225
2001-11-16,0.23007855487165507,0.224
2001-11-17,0.22438000384070317,0.218
2001-11-18,0.21985250112135737,0.217
2001-11-19,0.21624537756917456,0.208
2001-11-20,0.21337749393358385,0.204
2001-11-21,0.2799724271701401,0.224
2001-11-22,0.2184340368907475,0.228
2001-11-23,0.21171474833181353,0.215
2001-11-24,0.21495716595220565,0.215
2001-11-25,0.2637966721739973,0.243
2001-11-26,0.21614708308755495,0.237
2001-11-27,0.34890173339087205,0.284
2001-11-28,0.49220940624641885,0.331
2001-11-29,0.5411724624378152,0.746
2001-11-30,0.6400741196898873,0.777
2001-12-01,0.4960090183115291,1.03
2001-12-02,0.38840759847211,0.565
2001-12-03,0.8037894524506616,0.618
2001-12-04,0.8631362826102683,0.88
2001-12-05,0.5897644075041926,1.31
2001-12-06,0.4820970510718141,0.624
2001-12-07,0.4265426450212754,0.513
2001-12-08,0.3864254779267413,0.434
2001-12-09,0.35475483033671235,0.39
2001-12-10,0.3296508424463778,0.36
2001-12-11,0.30978021188936355,0.334
2001-12-12,0.29407743169502437,0.312
2001-12-13,0.2817765903870256,0.294
2001-12-14,0.2718694811478905,0.275
2001-12-15,0.26637642105275217,0.269
2001-12-16,0.25826203300146344,0.258
2001-12-17,0.25581650768465475,0.248
2001-12-18,0.2494448590078166,0.241
2001-12-19,0.2614066963169392,0.236
2001-12-20,0.25250559384960025,0.233
2001-12-21,0.48320410482958465,0.36
2001-12-22,0.304823080791798,0.298
2001-12-23,0.37659469847450966,0.272
2001-12-24,0.52762690457338,0.482
2001-12-25,0.359189256644391,0.527
2001-12-26,0.49801494684817316,0.371
2001-12-27,0.549148206666304,0.524
2001-12-28,0.407044566642303,0.483
2001-12-29,0.5706312168130818,0.39
2001-12-30,0.4068806412019102,0.33
2001-12-31,0.3671130063895656,0.289
2002-01-01,0.3426205833205525,0.243
2002-01-02,0.3236635664358706,0.268
2002-01-03,0.3085775290571701,0.241
2002-01-04,0.297075677618637,0.232
2002-01-05,0.40100264729360097,0.264
2002-01-06,0.31877467706380325,0.283
2002-01-07,0.32316075281163176,0.321
2002-01-08,0.3003880813963327,0.345
2002-01-09,0.32310241551096713,0.324
2002-01-10,0.2990467575089492,0.318
2002-01-11,0.28749645799448853,0.297
2002-01-12,0.27692576757229403,0.268
2002-01-13,0.28885880930174446,0.274
2002-01-14,0.2797635151222776,0.274
2002-01-15,0.2692547484038762,0.264
2002-01-16,0.2646133460274418,0.252
2002-01-17,0.27671497868158274,0.248
2002-01-18,0.39545444164290783,0.287
2002-01-19,0.30884732980357876,0.299
2002-01-20,0.3845208655003875,0.372
2002-01-21,0.3398201907495296,0.375
2002-01-22,0.5142734181000437,0.362
2002-01-23,0.7658581605444817,1.03
2002-01-24,0.4642091820983179,0.751
2002-01-25,1.2016308841783865,1.25
2002-01-26,1.042327676121575,2.32
2002-01-27,1.0395739768404553,1.22
2002-01-28,0.7280696265582083,0.852
2002-01-29,0.6088418233542879,0.625
2002-01-30,0.9048074900944404,0.726
2002-01-31,0.7341026568929591,0.723
2002-02-01,0.7646454870783944,0.625
2002-02-02,0.9199451694008226,0.695
2002-02-03,0.6403970849025672,0.718
2002-02-04,1.2925031498067707,1.55
2002-02-05,1.096617987836581,1.11
2002-02-06,0.7960421090017781,0.827
2002-02-07,1.0282797205187322,1.18
2002-02-08,0.9162860232144114,0.924
2002-02-09,0.797012582735144,0.739
2002-02-10,1.2896894983096205,0.967
2002-02-11,0.9534960332414413,1.81
2002-02-12,0.7565214754058563,0.763
2002-02-13,0.853143758265082,0.656
2002-02-14,0.6738386506056845,0.562
2002-02-15,0.6077911833884424,0.489
2002-02-16,0.5618191207071974,0.447
2002-02-17,0.5335459821998829,0.412
2002-02-18,0.615373224390014,0.387
2002-02-19,1.678146450813709,3.25
2002-02-20,1.3232305582529171,1.43
2002-02-21,1.5978935109906778,1.31
2002-02-22,1.663625281618363,1.28
2002-02-23,1.4512276183562047,1.27
2002-02-24,1.724518815482358,1.92
2002-02-25,2.1348268703184687,3.48
2002-02-26,1.6582034548267017,1.82
2002-02-27,1.253989559847715,0.911
2002-02-28,1.0888713510153332,0.7
2002-03-01,0.9555782434887996,0.588
2002-03-02,0.8723630519759232,0.506
2002-03-03,0.800880857662915,0.457
2002-03-04,0.750196784689334,0.424
2002-03-05,0.7096167088136235,0.389
2002-03-06,0.6759331285329572,0.363
2002-03-07,0.6512159833664971,0.33
2002-03-08,0.637273190819487,0.32
2002-03-09,0.6882433059974609,0.324
2002-03-10,0.7493488675136901,0.341
2002-03-11,0.6611657001592309,0.316
2002-03-12,0.6370586490897272,0.29
2002-03-13,0.6246541412728731,0.278
2002-03-14,0.7979162984020473,0.288
2002-03-15,1.0234418779505974,0.66
2002-03-16,0.7533182564858784,0.614
2002-03-17,0.7589754279056101,0.469
2002-03-18,1.0917724535539046,0.894
2002-03-19,0.8253452384586643,0.61
2002-03-20,0.8925033492790868,0.557
2002-03-21,0.781699537606554,0.5
2002-03-22,0.7369290432896619,0.434
2002-03-23,0.7106578049945477,0.383
2002-03-24,0.6929593210544343,0.35
2002-03-25,0.6751342652236362,0.33
2002-03-26,0.6624065115378196,0.305
2002-03-27,0.6524270977639873,0.287
2002-03-28,0.6444523541165393,0.276
2002-03-29,0.6380217390984837,0.261
2002-03-30,0.6328554628462553,0.258
2002-03-31,0.628447053144971,0.254
2002-04-01,0.6259665651327413,0.241
2002-04-02,0.6225584244464886,0.24
2002-04-03,0.6189027196477142,0.232
2002-04-04,0.6162901353800673,0.211
2002-04-05,0.6139078887242353,0.206
2002-04-06,0.6116284557078521,0.195
2002-04-07,0.6093939491487284,0.193
2002-04-08,0.6071640710912308,0.193
2002-04-09,0.6049063468555502,0.191
2002-04-10,0.6025983836672528,0.187
2002-04-11,0.6002225264754915,0.187
2002-04-12,0.5979263660414089,0.183
2002-04-13,0.5952319565459929,0.179
2002-04-14,0.5925848269638285,0.179
2002-04-15,0.5898373077843656,0.179
2002-04-16,0.5869955896787065,0.179
2002-04-17,0.5844984894916639,0.166
2002-04-18,0.5930710516624127,0.168
2002-04-19,0.5804566653248121,0.163
2002-04-20,0.57616578329058,0.16
2002-04-21,0.5725044001848817,0.16
2002-04-22,0.5688617712554602,0.157
2002-04-23,0.5651835836638577,0.157
2002-04-24,0.561459779847242,0.157
2002-04-25,0.6405775704761633,0.169
2002-04-26,0.6696433068380399,0.214
2002-04-27,0.7871484903613797,0.325
2002-04-28,0.7608837818764126,0.315
2002-04-29,0.7976762701774486,0.333
2002-04-30,0.7481215644924171,0.847
2002-05-01,0.5837245439860411,0.431
2002-05-02,0.5599204322566723,0.283
2002-05-03,0.5855452407701317,0.243
2002-05-04,0.5478647217757449,0.218
2002-05-05,0.5373995297257671,0.196
2002-05-06,0.529677918455372,0.189
2002-05-07,0.5227850533041672,0.184
2002-05-08,0.5164535255973299,0.173
2002-05-09,0.5105338506658363,0.17
2002-05-10,0.5049335794826395,0.165
2002-05-11,0.4995863823307179,0.157
2002-05-12,0.6069457277511602,0.169
2002-05-13,0.6116159320744154,0.219
2002-05-14,0.5025217416702096,0.164
2002-05-15,0.48796181856601684,0.157
2002-05-16,0.4812385603264903,0.157
2002-05-17,0.6215897946916628,0.176
2002-05-18,0.48789216408838987,0.177
2002-05-19,0.47137212976421755,0.158
2002-05-20,0.6512598032461351,0.453
2002-05-21,0.539733700646417,0.578
2002-05-22,0.46862583226879273,0.446
2002-05-23,0.5758813805803412,0.308
2002-05-24,0.46770132603302533,0.386
2002-05-25,0.4898487010547523,0.274
2002-05-26,0.5697076175777843,0.595
2002-05-27,0.45747640259187866,0.357
2002-05-28,0.5973753282309839,0.633
2002-05-29,0.4553992465057142,0.518
2002-05-30,0.4389436760169373,0.371
2002-05-31,0.42639192147378235,0.29
2002-06-01,0.41895322526467804,0.249
2002-06-02,0.4125612747578808,0.231
2002-06-03,0.49256208676314195,0.279
2002-06-04,0.41165799348048215,0.225
2002-06-05,0.6196823244976659,0.354
2002-06-06,0.5140368979025205,0.371
2002-06-07,0.5353384408971732,0.506
2002-06-08,0.42643744552443835,0.402
2002-06-09,0.5598992054200089,0.62
2002-06-10,0.4469532040948514,0.412
2002-06-11,0.4084196144254867,0.312
2002-06-12,0.3893094176605109,0.266
2002-06-13,0.3966061623463867,0.249
2002-06-14,0.3802172704780798,0.247
2002-06-15,0.3696737047188888,0.221
2002-06-16,0.3621259139848945,0.205
2002-06-17,0.35596255310478314,0.194
2002-06-18,0.3503474097544538,0.177
2002-06-19,0.3451394640698125,0.172
2002-06-20,0.3402561118648333,0.167
2002-06-21,0.3356479635106029,0.167
2002-06-22,0.3312452995788907,0.162
2002-06-23,0.3270434589037144,0.159
2002-06-24,0.3228760699626674,0.157
2002-06-25,0.3188859475607789,0.157
2002-06-26,0.3180246892323043,0.165
2002-06-27,0.31143517228033046,0.148
2002-06-28,0.3074714558399211,0.14
2002-06-29,0.30378414134476084,0.141
2002-06-30,0.30114921333504147,0.144
2002-07-01,0.3483399337643485,0.169
2002-07-02,0.30149709055757695,0.151
2002-07-03,0.29416363117460564,0.144
2002-07-04,0.5089119108524575,0.19
2002-07-05,0.4551691334061517,0.306
2002-07-06,0.30596517106332455,0.175
2002-07-07,0.33010626836010226,0.168
2002-07-08,0.28917429393326677,0.169
2002-07-09,0.33600500919813303,0.182
2002-07-10,0.28335613393338843,0.158
2002-07-11,0.29157314491362285,0.177
2002-07-12,0.2716183404569794,0.159
2002-07-13,0.2654413015919606,0.144
2002-07-14,0.26074112831214474,0.137
2002-07-15,0.25645640328926894,0.135
2002-07-16,0.25244776955086345,0.133
2002-07-17,0.2486606912603288,0.133
2002-07-18,0.2450523353421585,0.134
2002-07-19,0.4650831390246025,0.248
2002-07-20,0.3328664833630729,0.177
2002-07-21,0.2507128117477545,0.145
2002-07-22,0.24086274133590538,0.144
2002-07-23,0.23545546439710574,0.141
2002-07-24,0.2308437700743599,0.133
2002-07-25,0.22700311417149063,0.132
2002-07-26,0.22342882397261019,0.13
2002-07-27,0.2200458623881138,0.129
2002-07-28,0.21685585727012474,0.128
2002-07-29,0.21389436897541048,0.122
2002-07-30,0.46052456723192614,0.571
2002-07-31,0.46516664953245307,0.448
2002-08-01,0.5042032617859634,0.913
2002-08-02,0.4668640167417835,0.412
2002-08-03,0.28438236886982976,0.262
2002-08-04,0.4782553745942453,0.841
2002-08-05,0.2576830135277951,0.484
2002-08-06,0.23028381703102593,0.295
2002-08-07,0.24320597969591207,0.256
2002-08-08,0.4489691480229129,0.623
2002-08-09,0.3600131539551699,1.04
2002-08-10,0.23356094855048035,0.443
2002-08-11,0.22029769181217068,0.331
2002-08-12,0.207095609159754,0.27
2002-08-13,0.2000689721427766,0.238
2002-08-14,0.19438566003848534,0.208
2002-08-15,0.1894963848619412,0.193
2002-08-16,0.18522049803414564,0.18
2002-08-17,0.18143282097369987,0.171
2002-08-18,0.23774801466077136,0.21
2002-08-19,0.18299176230608635,0.176
2002-08-20,0.1765266615084058,0.176
2002-08-21,0.17205460303058753,0.161
2002-08-22,0.16952523354450835,0.155
2002-08-23,0.1666486353665753,0.157
2002-08-24,0.16542659300898224,0.161
2002-08-25,0.16163802225025817,0.15
2002-08-26,0.15930134371741547,0.149
2002-08-27,0.15716805161338437,0.144
2002-08-28,0.15513230719339527,0.143
2002-08-29,0.15315096507094733,0.142
2002-08-30,0.1520203702862487,0.146
2002-08-31,0.14940317944258893,0.133
2002-09-01,0.14750382759597236,0.131
2002-09-02,0.14569007914258933,0.131
2002-09-03,0.14391012359086672,0.131
2002-09-04,0.14215563265557252,0.132
2002-09-05,0.1702466491101652,0.128
2002-09-06,0.22812566048394892,0.173
2002-09-07,0.1510899192167192,0.139
2002-09-08,0.14108259953570174,0.137
2002-09-09,0.37840284305499905,0.516
2002-09-10,0.3715551412721019,0.218
2002-09-11,0.19897273987286473,0.16
2002-09-12,0.1473952820351726,0.147
2002-09-13,0.139518199901847,0.137
2002-09-14,0.13557558402740602,0.132
2002-09-15,0.132348913163381,0.131
2002-09-16,0.1295043040870881,0.127
2002-09-17,0.12695203583265022,0.129
2002-09-18,0.12463755798540117,0.128
2002-09-19,0.12250637862988435,0.128
2002-09-20,0.12052948382923104,0.127
2002-09-21,0.11867775221204083,0.122
2002-09-22,0.11692751168237595,0.12
2002-09-23,0.11525974548420297,0.118
2002-09-24,0.11366014729327635,0.118
2002-09-25,0.11294799401282997,0.121
2002-09-26,0.11069566276812876,0.12
2002-09-27,0.10917215740338596,0.118
2002-09-28,0.10774309899692909,0.121
2002-09-29,0.10634897733921225,0.116
2002-09-30,0.10498073804223547,0.118
2002-10-01,0.10521072526477714,0.12
2002-10-02,0.10354459346028641,0.126
2002-10-03,0.10109999783360772,0.118
2002-10-04,0.09976368554491517,0.116
2002-10-05,0.09882430636648215,0.118
2002-10-06,0.09720307732686957,0.116
2002-10-07,0.09592702291801283,0.115
2002-10-08,0.09469019321292653,0.115
2002-10-09,0.09346816583980282,0.114
2002-10-10,0.09225865977315097,0.114
2002-10-11,0.3165799840489327,0.196
2002-10-12,0.24084777343168529,0.238
2002-10-13,0.18452104083602136,0.152
2002-10-14,0.11434020003121924,0.145
2002-10-15,0.3229227534685621,0.394
2002-10-16,0.2103728531024475,0.272
2002-10-17,0.10856413308513754,0.184
2002-10-18,0.09703457189336487,0.16
2002-10-19,0.09295591897787721,0.148
2002-10-20,0.3143991706947011,0.466
2002-10-21,0.3512848706145761,0.948
2002-10-22,0.37417962627705764,1.11
2002-10-23,0.2783927940762444,0.993
2002-10-24,0.20533976996239062,0.526
2002-10-25,0.35305075462110685,1.24
2002-10-26,0.3899182210901168,1.02
2002-10-27,0.474584897552056,1.69
2002-10-28,0.3102383107824817,0.724
2002-10-29,0.42075063842919974,0.887
2002-10-30,0.2525816776208481,0.645
2002-10-31,0.2130824959208356,0.479
2002-11-01,0.614873674623495,1.18
2002-11-02,0.9026753847682903,1.92
2002-11-03,0.4731878314541831,0.942
2002-11-04,0.367481169111705,0.598
2002-11-05,1.0775643215788797,0.606
2002-11-06,0.7457580488772516,2.06
2002-11-07,0.807840241089228,0.758
2002-11-08,1.3271197464000448,3.19
2002-11-09,1.3505540884270415,1.08
2002-11-10,0.9505777954823472,1.87
2002-11-11,0.7276544901804611,0.856
2002-11-12,1.076590216045357,0.727
2002-11-13,1.3793831624444493,1.82
2002-11-14,1.1403153048528558,2.55
2002-11-15,1.3775524127735344,0.951
2002-11-16,1.273565516013531,2.41
2002-11-17,0.8586304688785233,1.1
2002-11-18,0.7155422560852955,0.77
2002-11-19,0.7273754366621562,0.613
2002-11-20,0.8840502492758171,0.911
2002-11-21,0.9629577899428038,0.773
2002-11-22,0.7899689704722873,0.689
2002-11-23,0.6489953050296212,0.638
2002-11-24,0.563543223823356,0.536
2002-11-25,0.5104961795978028,0.478
2002-11-26,0.4669047775153874,0.419
2002-11-27,0.6125163955921901,0.434
2002-11-28,0.47495095765439405,0.413
2002-11-29,0.4372753132139089,0.389
2002-11-30,1.084626809663513,0.529
2002-12-01,1.1332473348938643,1.37
2002-12-02,1.2818138166463855,1.96
2002-12-03,1.175924679806001,0.999
2002-12-04,0.9877237256921108,1.67
2002-12-05,0.785836627020441,0.81
2002-12-06,0.8041182111319232,0.647
2002-12-07,0.6821443197862735,0.581
2002-12-08,0.6196441830681154,0.492
2002-12-09,0.5758778800867556,0.425
2002-12-10,0.5432924078203312,0.384
2002-12-11,0.5183034714138194,0.37
2002-12-12,0.519047249023967,0.351
2002-12-13,0.7264855115895424,0.337
2002-12-14,0.9579713076880113,0.51
2002-12-15,0.8894251089572612,0.996
2002-12-16,0.913157617566711,0.867
2002-12-17,0.7102689404161736,0.614
2002-12-18,0.6517510743929493,0.479
2002-12-19,0.6140333035212419,0.433
2002-12-20,0.5846238640013096,0.392
2002-12-21,1.6564058476548962,2.55
2002-12-22,1.2243741605580798,1.46
2002-12-23,1.4732339280625382,1.66
2002-12-24,1.085293212300153,1.01
2002-12-25,1.2415775510260578,0.763
2002-12-26,1.493148258116115,1.96
2002-12-27,1.1404806059965216,1.31
2002-12-28,1.3492907683940658,0.809
2002-12-29,2.2923478012523386,6.06
2002-12-30,1.6643065775373762,1.69
2002-12-31,1.8158469376874904,1.06
2003-01-01,1.5231277172171345,2.24
2003-01-02,1.8813464741619943,1.19
2003-01-03,1.3407768675637968,1.19
2003-01-04,1.1545777068125298,0.739
2003-01-05,1.04925747043072,0.598
2003-01-06,0.9677291835141553,0.503
2003-01-07,0.9051926204501295,0.438
2003-01-08,0.9595713627347661,0.406
2003-01-09,0.8597550268561026,0.387
2003-01-10,0.8242879334446283,0.379
2003-01-11,0.7877253248909039,0.377
2003-01-12,1.0464187326482832,0.461
2003-01-13,0.8580826041938835,0.77
2003-01-14,0.8638701619995867,0.529
2003-01-15,0.8074495387501885,0.469
2003-01-16,0.7827013661338947,0.41
2003-01-17,0.8906847249148372,0.403
2003-01-18,1.765489694299741,1.46
2003-01-19,1.5684007353539797,1.9
2003-01-20,1.4023577741169577,1.28
2003-01-21,1.287735584888541,0.855
2003-01-22,1.1305269890277523,0.65
2003-01-23,1.0333026003764056,0.518
2003-01-24,1.176740738912009,0.481
2003-01-25,1.0131695739895175,0.559
2003-01-26,0.9501053889102196,0.476
2003-01-27,1.0711650903009984,0.469
2003-01-28,1.3638719934052628,0.777
2003-01-29,1.054628176562643,0.588
2003-01-30,0.9740521968531207,0.443
2003-01-31,1.1264825860229466,0.385
2003-02-01,1.0361008537820822,0.498
2003-02-02,1.1041562999608148,0.551
2003-02-03,1.1905962898894589,0.5
2003-02-04,1.0062020988762628,0.435
2003-02-05,0.9524392652960737,0.386
2003-02-06,0.9296196650578364,0.374
2003-02-07,0.8930540128675762,0.384
2003-02-08,1.1640544954143344,0.396
2003-02-09,0.9546972526482004,0.541
2003-02-10,1.326557450081121,0.591
2003-02-11,1.0248808065042223,0.724
2003-02-12,0.9738859537966352,0.523
2003-02-13,0.9282052361268148,0.451
2003-02-14,0.9000784634615739,0.387
2003-02-15,0.8780776912375222,0.357
2003-02-16,0.8602235980014293,0.338
2003-02-17,0.8456368081554533,0.316
2003-02-18,0.8336359512647822,0.304
2003-02-19,0.8236436888331478,0.289
2003-02-20,0.8151622549242226,0.284
2003-02-21,0.807927988851292,0.284
2003-02-22,0.8021812870245874,0.284
2003-02-23,0.8361946735652829,0.282
2003-02-24,0.8029227288839131,0.271
2003-02-25,0.7941144895081056,0.271
2003-02-26,0.7878928512909249,0.261
2003-02-27,0.782351554707368,0.251
2003-02-28,1.022138667135739,0.394
2003-03-01,0.9838127953038293,0.553
2003-03-02,0.8466915021285075,0.431
2003-03-03,0.9311252727027439,0.345
2003-03-04,0.9002186196779227,0.426
2003-03-05,1.0139639865915357,0.527
2003-03-06,0.8765603341414944,0.428
2003-03-07,1.302921954574416,0.631
2003-03-08,1.3860151446424835,1.87
2003-03-09,1.102538910098642,0.915
2003-03-10,1.1350601146293096,0.613
2003-03-11,1.0073555193714512,0.609
2003-03-12,0.9357533719102464,0.461
2003-03-13,0.8928841480996847,0.4
2003-03-14,0.859616931514324,0.354
2003-03-15,0.8324278474179132,0.32
2003-03-16,0.8099939293332936,0.289
2003-03-17,0.7913128500208955,0.283
2003-03-18,0.7756242472606683,0.265
2003-03-19,0.7622369367229801,0.255
2003-03-20,0.7507328737930048,0.248
2003-03-21,0.7406946737282426,0.248
2003-03-22,0.7317979725189628,0.242
2003-03-23,0.7237989405612889,0.235
2003-03-24,0.7164949790774366,0.228
2003-03-25,0.7097294721917448,0.221
2003-03-26,0.7033747541923419,0.221
2003-03-27,0.6973329582312291,0.213
2003-03-28,0.6915254204799208,0.209
2003-03-29,0.6858908183110964,0.208
2003-03-30,0.68037965944931,0.2
2003-03-31,0.6937628851215167,0.199
2003-04-01,0.7243742288848124,0.216
2003-04-02,0.6723512221872019,0.198
2003-04-03,0.6626473397245252,0.178
2003-04-04,0.6564220154598983,0.175
2003-04-05,0.6505823465714463,0.174
2003-04-06,0.6448559825095646,0.164
2003-04-07,0.639197048805182,0.169
2003-04-08,0.6335852583791237,0.167
2003-04-09,0.6280049166261317,0.167
2003-04-10,0.6226143121833266,0.167
2003-04-11,0.6169093016449374,0.163
2003-04-12,0.6113522691938327,0.161
2003-04-13,0.6058094342728093,0.155
2003-04-14,0.6002621039773872,0.167
2003-04-15,0.5947121620340308,0.182
2003-04-16,0.5891573570689419,0.142
2003-04-17,0.5835973757841049,0.143
2003-04-18,0.578032538078277,0.143
2003-04-19,0.5724635806828465,0.143
2003-04-20,0.634620525019558,0.159
2003-04-21,0.5699875300657402,0.166
2003-04-22,0.5590768990289597,0.147
2003-04-23,0.5525890538339266,0.145
2003-04-24,0.5848213019626691,0.165
2003-04-25,0.580421731336562,0.175
2003-04-26,0.5542645277195973,0.158
2003-04-27,0.7616282853707987,0.21
2003-04-28,0.6754308218662912,0.37
2003-04-29,0.641937443964184,0.233
2003-04-30,0.6210667473078633,0.281
2003-05-01,0.6361288556984211,0.233
2003-05-02,0.6357235160816411,0.596
2003-05-03,0.5340802446369896,0.336
2003-05-04,0.514186926821411,0.249
2003-05-05,0.5035448716427111,0.204
2003-05-06,0.49486854185091506,0.182
2003-05-07,0.48698442334609937,0.171
2003-05-08,0.47967009818685974,0.163
2003-05-09,0.47287656543460715,0.158
2003-05-10,0.4679421701396418,0.164
2003-05-11,0.46194935701045414,0.154
2003-05-12,0.4563975041989682,0.179
2003-05-13,0.4517158027316817,0.16
2003-05-14,0.4431170343700676,0.144
2003-05-15,0.44757938167869893,0.148
2003-05-16,0.5658103343754727,0.229
2003-05-17,0.5442296053734229,0.324
2003-05-18,0.5058698831502488,0.3
2003-05-19,0.6601610696256878,0.428
2003-05-20,0.6605677255016242,0.788
2003-05-21,0.6106822037941219,0.748
2003-05-22,0.5181184268952365,1.02
2003-05-23,0.4519567003938612,0.661
2003-05-24,0.4356973874010081,0.512
2003-05-25,0.41872449967275693,0.353
2003-05-26,0.4083927702751777,0.282
2003-05-27,0.399575186256718,0.254
2003-05-28,0.39154628486627635,0.229
2003-05-29,0.38439604074138484,0.215
2003-05-30,0.37785451591062413,0.204
2003-05-31,0.3718139334836249,0.19
2003-06-01,0.3668452057525766,0.182
2003-06-02,0.3608502434168982,0.155
2003-06-03,0.3557062767315119,0.164
2003-06-04,0.351257933994767,0.162
2003-06-05,0.3616729639348046,0.161
2003-06-06,0.3449910749492759,0.171
2003-06-07,0.34472974530112815,0.158
2003-06-08,0.33661007320309316,0.172
2003-06-09,0.33074090178471127,0.151
2003-06-10,0.3546563091323867,0.18
2003-06-11,0.3262735774070391,0.147
2003-06-12,0.31952413030399235,0.141
2003-06-13,0.3150636037971484,0.142
2003-06-14,0.31045943802428844,0.141
2003-06-15,0.30621181639515016,0.134
2003-06-16,0.3020980207409493,0.133
2003-06-17,0.2981442368886137,0.131
2003-06-18,0.29479567939182405,0.139
2003-06-19,0.2903818529438058,0.127
2003-06-20,0.286515084431052,0.128
2003-06-21,0.2831765925790223,0.127
2003-06-22,0.5027117808761152,0.202
2003-06-23,0.30325979850521884,0.23
2003-06-24,0.28234687586258256,0.144
2003-06-25,0.2759398786140021,0.134
2003-06-26,0.27097270536811663,0.132
2003-06-27,0.39930943303770566,0.216
2003-06-28,0.27831005352719135,0.15
2003-06-29,0.34307924605112444,0.143
2003-06-30,0.5057835390040758,0.33
2003-07-01,0.5081275297826354,0.319
2003-07-02,0.30497524722933583,0.194
2003-07-03,0.2672196540369227,0.167
2003-07-04,0.2575626598692987,0.153
2003-07-05,0.2510036858890685,0.146
2003-07-06,0.24532545923064755,0.143
2003-07-07,0.2403148598417042,0.136
2003-07-08,0.23561657869364955,0.135
2003-07-09,0.23135087078342467,0.129
2003-07-10,0.22740402667649656,0.128
2003-07-11,0.2236960215953219,0.121
2003-07-12,0.220195982033282,0.118
2003-07-13,0.2168636569067147,0.109
2003-07-14,0.21367000623463572,0.11
2003-07-15,0.21059210137979145,0.11
2003-07-16,0.4538893600775025,0.15
2003-07-17,0.4660782401443189,0.94
2003-07-18,0.44716188895546727,0.227
2003-07-19,0.30991631362315564,0.164
2003-07-20,0.22186853532528616,0.147
2003-07-21,0.2196128158558017,0.146
2003-07-22,0.20631158234121155,0.133
2003-07-23,0.20229510194742245,0.132
2003-07-24,0.3365452204822624,0.145
2003-07-25,0.4321320653560898,0.277
2003-07-26,0.23063353649406212,0.165
2003-07-27,0.20423552979152554,0.144
2003-07-28,0.19743174559457763,0.134
2003-07-29,0.30102477494755414,0.174
2003-07-30,0.2052862673459123,0.152
2003-07-31,0.18880612323800616,0.139
2003-08-01,0.18162868039496322,0.122
2003-08-02,0.17731541172161,0.119
2003-08-03,0.17363351684653333,0.119
2003-08-04,0.1703145549541576,0.117
2003-08-05,0.16727530883080868,0.114
2003-08-06,0.1644626824800752,0.113
2003-08-07,0.16183479460898081,0.113
2003-08-08,0.15935729411908028,0.113
2003-08-09,0.15700312206325973,0.113
2003-08-10,0.15608609570860071,0.119
2003-08-11,0.15362177716067427,0.121
2003-08-12,0.1505654274882013,0.115
2003-08-13,0.1484466910912095,0.11
2003-08-14,0.14645081859664108,0.107
2003-08-15,0.14450480215685632,0.107
2003-08-16,0.1425961419160724,0.105
2003-08-17,0.1431405062307471,0.119
2003-08-18,0.1390702894007014,0.124
2003-08-19,0.13707377267299395,0.107
2003-08-20,0.13526665413676897,0.109
2003-08-21,0.13429722761108542,0.108
2003-08-22,0.13240109319615315,0.11
2003-08-23,0.13011707488600607,0.109
2003-08-24,0.12831988479653408,0.104
2003-08-25,0.12662567738447536,0.107
2003-08-26,0.12501263899062356,0.107
2003-08-27,0.1233332307071045,0.105
2003-08-28,0.2921856578633674,0.184
2003-08-29,0.14014499500085043,0.122
2003-08-30,0.1251499905879472,0.11
2003-08-31,0.12154963727795563,0.109
2003-09-01,0.11906630626789626,0.108
2003-09-02,0.11683856946892925,0.109
2003-09-03,0.11477199297437973,0.107
2003-09-04,0.11284178269168599,0.104
2003-09-05,0.11149878718435081,0.104
2003-09-06,0.11000308052570396,0.103
2003-09-07,0.10772807583672755,0.101
2003-09-08,0.10641992301954672,0.095
2003-09-09,0.3093125201671909,0.129
2003-09-10,0.12669176145561534,0.156
2003-09-11,0.1098889971890492,0.112
2003-09-12,0.10537882010653303,0.101
2003-09-13,0.10286454745961321,0.096
2003-09-14,0.10071069374831736,0.096
2003-09-15,0.09874990604647303,0.096
2003-09-16,0.09693837073169873,0.102
2003-09-17,0.09524810518222422,0.103
2003-09-18,0.09366018965189037,0.104
2003-09-19,0.09221732441272446,0.106
2003-09-20,0.09222637372637843,0.107
2003-09-21,0.08947914683139514,0.105
2003-09-22,0.20659640895680936,0.131
2003-09-23,0.10071204054923044,0.105
2003-09-24,0.0903409313139735,0.105
2003-09-25,0.0876837651201623,0.106
2003-09-26,0.08581732380802207,0.078
2003-09-27,0.08443019326607207,0.064
2003-09-28,0.08263835698387197,0.065
2003-09-29,0.08115168101847824,0.068
2003-09-30,0.07977346256803795,0.07
2003-10-01,0.07848163630256845,0.085
2003-10-02,0.07724936712455618,0.097
2003-10-03,0.07628381536492457,0.098
2003-10-04,0.07571907615584642,0.1
2003-10-05,0.0885798304815178,0.104
2003-10-06,0.29617206833965315,0.172
2003-10-07,0.14440631212920332,0.157
2003-10-08,0.0856032967072435,0.108
2003-10-09,0.07773504308532925,0.099
2003-10-10,0.0748375412594509,0.097
2003-10-11,0.07273598822803773,0.096
2003-10-12,0.07091723552539417,0.094
2003-10-13,0.0692978156084248,0.097
2003-10-14,0.0678371041450961,0.095
2003-10-15,0.06650485623913306,0.096
2003-10-16,0.0652776650964212,0.101
2003-10-17,0.0641337283756606,0.097
2003-10-18,0.06306021544466064,0.09
2003-10-19,0.062149548798928825,0.09
2003-10-20,0.06112295506894023,0.096
2003-10-21,0.060173271630538046,0.093
2003-10-22,0.08163282021276888,0.094
2003-10-23,0.06186952246495395,0.095
2003-10-24,0.05890148712781773,0.095
2003-10-25,0.13752648048526173,0.121
2003-10-26,0.06597149807706437,0.106
2003-10-27,0.05891867809479072,0.099
2003-10-28,0.2737650672556008,0.151
2003-10-29,0.09288074008443206,0.162
2003-10-30,0.2940959756578219,0.291
2003-10-31,0.2655645712449506,0.404
2003-11-01,0.21295499563163242,0.178
2003-11-02,0.1277371484324133,0.211
2003-11-03,0.0815965706275073,0.176
2003-11-04,0.07087684683463878,0.138
2003-11-05,0.06613479891904397,0.129
2003-11-06,0.0625078327109083,0.125
2003-11-07,0.05970666788788298,0.12
2003-11-08,0.057392164562587625,0.119
2003-11-09,0.08218162216598293,0.135
2003-11-10,0.056937687785039055,0.126
2003-11-11,0.19565120354780338,0.144
2003-11-12,0.06777345750837803,0.26
2003-11-13,0.07856419967805857,0.161
2003-11-14,0.29758652767749605,0.443
2003-11-15,0.12586028901764593,0.288
2003-11-16,0.0712833119645696,0.195
2003-11-17,0.14366962485771495,0.194
2003-11-18,0.07219812013509501,0.196
2003-11-19,0.06367978149855297,0.166
2003-11-20,0.05922129838632143,0.173
2003-11-21,0.05573758624875594,0.165
2003-11-22,0.05414046464382983,0.159
2003-11-23,0.05135723856622702,0.152
2003-11-24,0.05008708150229195,0.148
2003-11-25,0.2910735460651035,0.181
2003-11-26,0.1351080405399799,0.454
2003-11-27,0.06973411590839858,0.242
2003-11-28,0.06092202891530447,0.195
2003-11-29,0.16916986818219898,0.278
2003-11-30,0.18841033135869575,0.264
2003-12-01,0.27372751658063005,0.654
2003-12-02,0.1415165818747563,0.422
2003-12-03,0.08275267920463382,0.333
2003-12-04,0.07197066340518135,0.271
2003-12-05,0.06610349167556293,0.237
2003-12-06,0.06146571342891839,0.212
2003-12-07,0.057873226267753944,0.197
2003-12-08,0.055001933804906214,0.189
2003-12-09,0.0527212366841195,0.182
2003-12-10,0.28024096201537163,0.209
2003-12-11,0.16204330167335687,0.828
2003-12-12,0.4379302782597506,2.05
2003-12-13,0.5407299670961976,1.96
2003-12-14,0.40007310483202757,0.918
2003-12-15,0.18391228179748545,0.548
2003-12-16,0.1460551605270955,0.443
2003-12-17,0.12676670970518042,0.379
2003-12-18,0.11352724757437808,0.335
2003-12-19,0.206190145944446,0.307
2003-12-20,1.0303863073444202,2.62
2003-12-21,0.6579558253158492,1.14
2003-12-22,0.5772242984009418,0.607
2003-12-23,0.47651753693584853,0.613
2003-12-24,0.32231153068040685,0.524
2003-12-25,0.2732668005710956,0.443
2003-12-26,0.5311861340599936,0.55
2003-12-27,0.3857108280738967,0.602
2003-12-28,0.3430283592369454,0.484
2003-12-29,0.26114791355265793,0.403
2003-12-30,0.2267236546543102,0.344
2003-12-31,0.9914380900037166,0.802
2004-01-01,0.7477469175226703,2.01
2004-01-02,0.43992020349975997,0.782
2004-01-03,0.3816972855569982,0.597
2004-01-04,0.3182826903811808,0.507
2004-01-05,0.43974689143703,0.443
2004-01-06,0.30955092532489986,0.414
2004-01-07,0.6515912873631731,0.382
2004-01-08,0.677514737170665,1.02
2004-01-09,0.44543487817386995,0.637
2004-01-10,0.7515739228723224,0.552
2004-01-11,0.505983825615002,0.84
2004-01-12,0.7212449552760616,0.633
2004-01-13,0.6561443973516345,0.755
2004-01-14,0.47361913612168843,0.563
2004-01-15,0.9977581636497864,0.931
2004-01-16,0.5732028493324405,0.926
2004-01-17,0.4696737392923637,0.593
2004-01-18,0.44168642223903226,0.482
2004-01-19,0.7701035678192021,0.495
2004-01-20,0.5984915338838472,0.558
2004-01-21,0.514254281921392,0.488
2004-01-22,0.589402976079944,0.606
2004-01-23,0.7300884754338939,0.712
2004-01-24,0.5607707848924184,0.683
2004-01-25,0.4634800281143757,0.545
2004-01-26,0.42252239179586976,0.453
2004-01-27,0.521647725360813,0.399
2004-01-28,0.7825151670895757,0.457
2004-01-29,0.5110148038989103,0.404
2004-01-30,1.4432034389145536,1.85
2004-01-31,1.3622838921023093,3.99
2004-02-01,1.2265006678300012,1.21
2004-02-02,1.170888714231672,1.05
2004-02-03,1.3905179856938097,1.57
2004-02-04,1.2645475506243402,2.07
2004-02-05,0.9145659131595771,1.02
2004-02-06,0.962033072607522,0.783
2004-02-07,1.2167924080755543,0.828
2004-02-08,0.8366227526678693,0.838
2004-02-09,0.7302122278960437,0.613
2004-02-10,0.6626527228809662,0.528
2004-02-11,0.6092431894177655,0.463
2004-02-12,0.6030732854012443,0.424
2004-02-13,0.5625794961435208,0.386
2004-02-14,0.605529409954893,0.371
2004-02-15,0.5335164301078249,0.351
2004-02-16,0.5994313196211971,0.332
2004-02-17,0.5404327885564186,0.328
2004-02-18,0.5088553097701994,0.3
2004-02-19,0.4918463930723987,0.284
2004-02-20,0.48136029510529205,0.27
2004-02-21,0.47374922989996465,0.26
2004-02-22,0.4682622599518468,0.245
2004-02-23,0.4655981466215164,0.234
2004-02-24,0.5004795816815693,0.235
2004-02-25,0.4734189711116305,0.223
2004-02-26,0.5256387411054754,0.218
2004-02-27,0.484194395914233,0.218
2004-02-28,0.47546028069424867,0.211
2004-02-29,0.4717716000048497,0.2
2004-03-01,0.4692641513011623,0.193
2004-03-02,0.46741420676188405,0.185
2004-03-03,0.46874512706868854,0.187
2004-03-04,0.4651970151701781,0.189
2004-03-05,0.4656758241391918,0.194
2004-03-06,0.493222081106382,0.199
2004-03-07,0.4701523998159349,0.204
2004-03-08,0.4651669257094944,0.193
2004-03-09,0.4639859354838018,0.185
2004-03-10,0.46287227919268187,0.182
2004-03-11,0.4618003763809589,0.182
2004-03-12,0.5246491196106083,0.189
2004-03-13,0.4851672135035521,0.234
2004-03-14,0.5421055666443434,0.26
2004-03-15,0.4749552641935112,0.25
2004-03-16,0.4650944160127764,0.227
2004-03-17,0.46320838366320305,0.207
2004-03-18,0.6045690012575439,0.24
2004-03-19,0.6153769731908303,0.65
2004-03-20,0.5164538487534411,0.523
2004-03-21,0.8177714226933429,0.633
2004-03-22,0.5914749380031946,0.914
2004-03-23,0.5378497349730939,0.498
2004-03-24,0.6521323364772561,0.385
2004-03-25,0.5564919750405585,0.436
2004-03-26,0.5238622926219837,0.37
2004-03-27,0.5048058303102602,0.332
2004-03-28,0.4905726022124699,0.297
2004-03-29,0.4790626933024709,0.268
2004-03-30,0.46944773839540077,0.255
2004-03-31,0.4623956001190654,0.243
2004-04-01,0.5649194889419887,0.255
2004-04-02,0.4904481932747159,0.249
2004-04-03,0.9460655337852895,1.64
2004-04-04,0.993662865448874,1.02
2004-04-05,0.9220713917407947,0.67
2004-04-06,0.983341563209837,0.862
2004-04-07,0.7446425875929712,0.634
2004-04-08,0.6535931411388913,0.49
2004-04-09,0.6222272689632087,0.409
2004-04-10,0.5740309848803016,0.358
2004-04-11,0.5418468945580931,0.324
2004-04-12,0.5183959222865469,0.296
2004-04-13,0.5004717608647099,0.277
2004-04-14,0.48415269582137493,0.259
2004-04-15,0.5163882626812728,0.247
2004-04-16,0.6755086171550443,0.278
2004-04-17,1.1110656084876118,0.38
2004-04-18,0.8577412161569788,0.969
2004-04-19,0.6680218214466656,0.435
2004-04-20,0.6254225713116001,0.341
2004-04-21,1.017517732830806,0.517
2004-04-22,0.6892957657671773,0.393
2004-04-23,0.6201259427005369,0.318
2004-04-24,0.5803604274204737,0.275
2004-04-25,0.5498839338909277,0.253
2004-04-26,0.8021911151583156,0.393
2004-04-27,0.6112585001560882,0.442
2004-04-28,1.0134902080754298,0.628
2004-04-29,0.6749928379358503,0.784
2004-04-30,0.6060222983280918,0.471
2004-05-01,0.5693629886216551,0.356
2004-05-02,0.556101914377571,0.3
2004-05-03,0.7998881564142516,0.3
2004-05-04,0.8407702601008487,0.528
2004-05-05,0.6489865295659502,0.443
2004-05-06,0.5837138138126117,0.343
2004-05-07,0.6231375926470398,0.295
2004-05-08,0.5642676460493409,0.276
2004-05-09,0.5306704740380909,0.254
2004-05-10,0.5141433387238039,0.234
2004-05-11,0.49325948082087834,0.222
2004-05-12,0.4799841199363709,0.212
2004-05-13,0.46940978748650525,0.203
2004-05-14,0.4606963159129186,0.194
2004-05-15,0.45342646622993976,0.185
2004-05-16,0.4472868764153486,0.173
2004-05-17,0.442030261712058,0.166
2004-05-18,0.4374599885997045,0.162
2004-05-19,0.43363580741298224,0.158
2004-05-20,0.4299108059839464,0.158
2004-05-21,0.4267813269546348,0.158
2004-05-22,0.4233862905989595,0.157
2004-05-23,0.42043284776396317,0.157
2004-05-24,0.41762279821598897,0.15
2004-05-25,0.41491205578533263,0.147
2004-05-26,0.4122473601979975,0.147
2004-05-27,0.4095708917611523,0.143
2004-05-28,0.4084773538905977,0.143
2004-05-29,0.4047245212950525,0.144
2004-05-30,0.401814089626977,0.143
2004-05-31,0.5568782169626576,0.16
2004-06-01,0.4163835971795534,0.176
2004-06-02,0.4000861404481143,0.139
2004-06-03,0.3966120594094172,0.143
2004-06-04,0.3917783897686946,0.14
2004-06-05,0.3881919584630278,0.138
2004-06-06,0.38482234963863454,0.137
2004-06-07,0.3815325099771118,0.135
2004-06-08,0.37830809261283255,0.133
2004-06-09,0.37545847031667806,0.131
2004-06-10,0.3721682493756172,0.128
2004-06-11,0.36945017046988515,0.129
2004-06-12,0.3657266413868327,0.126
2004-06-13,0.3625108491642525,0.124
2004-06-14,0.3593660509183656,0.121
2004-06-15,0.35624706042244575,0.126
2004-06-16,0.35319969200278356,0.122
2004-06-17,0.3504982471415516,0.124
2004-06-18,0.3489467726373349,0.135
2004-06-19,0.34535096289202893,0.128
2004-06-20,0.3527086339435248,0.13
2004-06-21,0.3414644967707084,0.145
2004-06-22,0.5752163161640242,0.405
2004-06-23,0.5980315954509727,0.551
2004-06-24,0.5805069445797638,0.273
2004-06-25,0.5190218903995537,0.179
2004-06-26,0.4580616573842465,0.243
2004-06-27,0.3575204949193486,0.194
2004-06-28,0.3399514996649831,0.156
2004-06-29,0.33215708420473883,0.149
2004-06-30,0.3348817999216727,0.156
2004-07-01,0.32243833743598727,0.144
2004-07-02,0.3520409273168793,0.162
2004-07-03,0.37335969063020447,0.154
2004-07-04,0.33980642965374813,0.151
2004-07-05,0.3112365733450068,0.134
2004-07-06,0.3058231167519088,0.158
2004-07-07,0.5175357287647917,0.157
2004-07-08,0.371437933865628,0.211
2004-07-09,0.3099489512890484,0.141
2004-07-10,0.29991639147844334,0.138
2004-07-11,0.2925338035035619,0.135
2004-07-12,0.28708207224036597,0.133
2004-07-13,0.28335591654671544,0.132
2004-07-14,0.27854743957502415,0.135
2004-07-15,0.405008847614502,0.183
2004-07-16,0.28698714289712074,0.147
2004-07-17,0.2732785839354982,0.137
2004-07-18,0.26704768966911335,0.135
2004-07-19,0.26273955223056616,0.129
2004-07-20,0.2738051003306188,0.126
2004-07-21,0.2590425581466633,0.13
2004-07-22,0.25582662334594364,0.129
2004-07-23,0.250683393276171,0.122
2004-07-24,0.24724505443154504,0.121
2004-07-25,0.24551840536873876,0.13
2004-07-26,0.2408417041519233,0.126
2004-07-27,0.23780975669340312,0.125
2004-07-28,0.23454132604002048,0.121
2004-07-29,0.23341410597195444,0.125
2004-07-30,0.22908529274462083,0.122
2004-07-31,0.22616885151612803,0.12
2004-08-01,0.223332439253811,0.136
2004-08-02,0.22084776582633187,0.123
2004-08-03,0.3996065346633501,0.29
2004-08-04,0.2367260083897212,0.323
2004-08-05,0.4436555556146811,0.56
2004-08-06,0.24260356570752378,0.224
2004-08-07,0.22179258753499262,0.164
2004-08-08,0.21701660962031197,0.152
2004-08-09,0.504732763586137,0.914
2004-08-10,0.5686312284255679,2.27
2004-08-11,0.7500092114128132,0.773
2004-08-12,0.6246019023179087,1.18
2004-08-13,0.6449486850620221,0.604
2004-08-14,0.5671832091405984,0.414
2004-08-15,0.5385108053845524,0.316
2004-08-16,0.551856633809397,0.245
2004-08-17,0.48083578844772135,0.261
2004-08-18,0.7507444383585242,0.377
2004-08-19,0.4319511494235968,0.262
2004-08-20,0.8868013338760459,1.48
2004-08-21,0.49453984133947154,0.519
2004-08-22,0.9822894143548242,0.411
2004-08-23,1.1066906461784296,1.72
2004-08-24,1.453102632187079,2.28
2004-08-25,1.1122782838730314,1.3
2004-08-26,0.9878422844506008,0.708
2004-08-27,0.7379081572850111,0.612
2004-08-28,0.6319098103732262,0.432
2004-08-29,0.5759138147860291,0.362
2004-08-30,0.5043841210450495,0.312
2004-08-31,0.44630479928475,0.279
2004-09-01,0.4076073598548537,0.257
2004-09-02,0.3777748126966855,0.236
2004-09-03,0.3543909255894284,0.22
2004-09-04,0.3360842898991831,0.203
2004-09-05,0.3217960619393194,0.198
2004-09-06,0.3107565029136947,0.198
2004-09-07,0.30209347257294783,0.185
2004-09-08,0.2954614399658612,0.178
2004-09-09,0.2903835893270471,0.176
2004-09-10,0.3115679188308152,0.198
2004-09-11,0.3906293971598535,0.236
2004-09-12,0.4962276923053573,0.237
2004-09-13,0.30900556225542014,0.291
2004-09-14,0.4607227929376266,0.526
2004-09-15,0.3054211498485832,0.475
2004-09-16,0.37909536803479743,0.307
2004-09-17,0.3472678561669493,0.552
2004-09-18,0.31354226271448077,0.464
2004-09-19,0.3287291624847598,0.337
2004-09-20,0.31048199100781065,0.318
2004-09-21,0.3025342199551143,0.263
2004-09-22,0.4604268549789067,0.49
2004-09-23,0.32054535798318584,0.595
2004-09-24,0.30227165461958266,0.352
2004-09-25,0.3015735152023745,0.304
2004-09-26,0.292845703038085,0.27
2004-09-27,0.28884634952174504,0.253
2004-09-28,0.2861397487776142,0.237
2004-09-29,0.31401502311242774,0.229
2004-09-30,0.28660581860336254,0.266
2004-10-01,0.30987156273556044,0.256
2004-10-02,0.2833336085754683,0.244
2004-10-03,0.510871189564845,0.952
2004-10-04,0.5122485262862192,1.24
2004-10-05,0.32949800234350063,0.502
2004-10-06,0.3011979441620107,0.382
2004-10-07,0.2888028206502205,0.316
2004-10-08,0.2771352798760709,0.278
2004-10-09,0.2735974221193403,0.256
2004-10-10,0.271029893133216,0.239
2004-10-11,0.2689975343952595,0.224
2004-10-12,0.5689405200012728,0.266
2004-10-13,0.5470843506559219,0.326
2004-10-14,0.4178789213124224,0.308
2004-10-15,0.8906958403166763,0.52
2004-10-16,0.6284241006624625,0.705
2004-10-17,0.5039036381683194,0.465
2004-10-18,0.4410083917500721,0.363
2004-10-19,0.992065063915448,0.348
2004-10-20,0.9778197849280255,1.08
2004-10-21,1.5083487286502473,3.19
2004-10-22,1.3426220477469595,1.16
2004-10-23,1.4518477985337046,1.98
2004-10-24,1.3367484972198374,0.978
2004-10-25,1.0263607262137073,1.13
2004-10-26,0.8278775370305324,0.728
2004-10-27,0.938705316797014,0.618
2004-10-28,1.032423965226196,0.709
2004-10-29,0.7537499469140323,1.02
2004-10-30,0.6569820301060207,0.604
2004-10-31,0.5936129719202806,0.494
2004-11-01,0.5528938899832775,0.424
2004-11-02,0.5197393013572996,0.406
2004-11-03,0.6552300678927807,0.388
2004-11-04,0.5167060382546073,0.393
2004-11-05,0.5294143546481286,0.349
2004-11-06,0.5193022401281397,0.346
2004-11-07,0.4804726602647751,0.339
2004-11-08,0.4645185247438839,0.324
2004-11-09,0.4704504643052411,0.318
2004-11-10,0.4390984365183733,0.294
2004-11-11,0.4279560148436142,0.276
2004-11-12,0.42394011524118663,0.267
2004-11-13,0.41090384604782076,0.248
2004-11-14,0.4052323198085581,0.239
2004-11-15,0.40419558234226205,0.233
2004-11-16,0.47197908530298793,0.239
2004-11-17,0.6846492016800888,0.38
2004-11-18,1.285559766813704,2.0
2004-11-19,0.9235162557774725,0.794
2004-11-20,0.7418998011868881,0.553
2004-11-21,0.7084840476957207,0.578
2004-11-22,0.6156398509611326,0.501
2004-11-23,0.5761844661813273,0.422
2004-11-24,0.5426898312180896,0.388
2004-11-25,0.6561163068527075,0.375
2004-11-26,0.6093685291462049,0.442
2004-11-27,0.656736520436373,0.429
2004-11-28,0.5632114930979928,0.48
2004-11-29,0.5229425886315425,0.417
2004-11-30,0.5009938850569604,0.378
2004-12-01,0.4859780396125856,0.345
2004-12-02,0.4729697482666405,0.316
2004-12-03,0.46770601594581407,0.3
2004-12-04,0.4533075811027529,0.288
2004-12-05,0.44546617655540527,0.279
2004-12-06,0.4400638015832558,0.268
2004-12-07,0.43595804812185424,0.256
2004-12-08,0.431869564304051,0.227
2004-12-09,0.42811620591777244,0.236
2004-12-10,0.4255405006948542,0.233
2004-12-11,0.4229763905787413,0.228
2004-12-12,0.42060601811284093,0.224
2004-12-13,0.41848053524794304,0.219
2004-12-14,0.4341456521793016,0.218
2004-12-15,0.45356092194650566,0.217
2004-12-16,0.5087282760212184,0.231
2004-12-17,0.6230855474903296,0.279
2004-12-18,0.5234106816288575,0.305
2004-12-19,0.4754099384546915,0.269
2004-12-20,0.5680553610506429,0.255
2004-12-21,0.7026292503847233,0.308
2004-12-22,0.6364826950955447,0.644
2004-12-23,0.5387509838244994,0.423
2004-12-24,0.800371904713326,0.541
2004-12-25,0.6254849524604916,0.449
2004-12-26,0.5506540646936389,0.358
2004-12-27,1.0389418053257964,0.625
2004-12-28,1.0033764187715073,0.891
2004-12-29,0.7130946036926495,0.698
2004-12-30,0.7235231522875043,0.527
2004-12-31,0.6231548036377298,0.471
2005-01-01,0.8527291222579264,0.522
2005-01-02,0.6428969571880252,0.502
2005-01-03,0.5838478344454497,0.434
2005-01-04,0.6140606085075409,0.396
2005-01-05,0.6572897813241104,0.393
2005-01-06,0.5577600440746794,0.38
2005-01-07,0.7795168716705004,0.389
2005-01-08,0.5967596434847129,0.409
2005-01-09,0.5560790014439283,0.367
2005-01-10,0.5192126942588948,0.34
2005-01-11,0.6059413883022803,0.332
2005-01-12,0.5257184259900957,0.31
2005-01-13,0.4953152682850694,0.291
2005-01-14,0.48003421174637784,0.285
2005-01-15,0.4740730288047823,0.284
2005-01-16,0.46827871907422375,0.275
2005-01-17,0.6599162136598175,0.386
2005-01-18,1.0652784748019375,0.97
2005-01-19,0.8687747007618054,1.03
2005-01-20,1.0469884195006651,1.08
2005-01-21,0.751111317614045,0.703
2005-01-22,0.6634549731151895,0.51
2005-01-23,0.613691337896972,0.418
2005-01-24,0.5763574742664515,0.374
2005-01-25,0.6035504494546429,0.351
2005-01-26,0.5891064131904313,0.331
2005-01-27,0.5480551127934354,0.316
2005-01-28,0.5631669174106858,0.304
2005-01-29,0.5152204795269185,0.291
2005-01-30,0.4953801320969854,0.27
2005-01-31,0.5250355171537208,0.259
2005-02-01,0.4875199816228026,0.252
2005-02-02,0.4770842539501993,0.241
2005-02-03,0.46261934623178014,0.237
2005-02-04,0.45308529573647327,0.236
2005-02-05,0.6144186962023179,0.249
2005-02-06,0.49007465184518345,0.287
2005-02-07,0.4659445385293667,0.281
2005-02-08,0.455187546434586,0.263
2005-02-09,0.7391474459971203,0.341
2005-02-10,0.525723549527757,0.48
2005-02-11,1.2365610939210878,1.76
2005-02-12,1.3031851357970476,1.84
2005-02-13,0.9651950165500129,0.969
2005-02-14,0.7448102627873218,0.565
2005-02-15,0.6795555877041898,0.447
2005-02-16,0.6333098105040464,0.396
2005-02-17,0.6019288478561738,0.369
2005-02-18,0.5685534731819659,0.345
2005-02-19,0.5292652864153298,0.31
2005-02-20,0.5074030217794493,0.287
2005-02-21,0.6319712319178228,0.284
2005-02-22,0.6103729155477061,0.281
2005-02-23,0.8556218562072145,0.283
2005-02-24,0.8675459062727124,0.373
2005-02-25,0.7783319870652139,0.444
2005-02-26,0.654728977014758,0.671
2005-02-27,0.6009407326375548,0.471
2005-02-28,0.6806491637282609,0.415
2005-03-01,0.6541420102182247,0.42
2005-03-02,0.5810487016472877,0.371
2005-03-03,0.6433197244146829,0.327
2005-03-04,0.5704818427471737,0.359
2005-03-05,0.5436089424236238,0.343
2005-03-06,0.5120275418688099,0.292
2005-03-07,0.4952961500610627,0.285
2005-03-08,0.48268039728161233,0.283
2005-03-09,0.47360733590544357,0.264
2005-03-10,0.4642853356388914,0.252
2005-03-11,0.5186228197608602,0.295
2005-03-12,0.47010971180261846,0.278
2005-03-13,0.4589669115324161,0.229
2005-03-14,0.5563735156727334,0.241
2005-03-15,0.4721720151485879,0.239
2005-03-16,0.4839529712423208,0.232
2005-03-17,0.4604235814727826,0.219
2005-03-18,0.45122303574007244,0.211
2005-03-19,0.4443262014066422,0.216
2005-03-20,0.43842479548453717,0.214
2005-03-21,0.5390766870327081,0.23
2005-03-22,0.44885546164401285,0.267
2005-03-23,0.43697058606200423,0.238
2005-03-24,0.43073899277148103,0.24
2005-03-25,0.4212043780075871,0.226
2005-03-26,0.4742638006456896,0.324
2005-03-27,0.42490541606405585,0.305
2005-03-28,0.4154868348370766,0.222
2005-03-29,0.5510809265668477,0.3
2005-03-30,0.6125710611941017,0.763
2005-03-31,0.47984281330955336,0.475
2005-04-01,0.44763669177519727,0.33
2005-04-02,0.43397525755967326,0.298
2005-04-03,0.42598622685861226,0.267
2005-04-04,0.4155583658794318,0.252
2005-04-05,0.47759476222922576,0.229
2005-04-06,0.5698252483228006,0.26
2005-04-07,0.45642900975043793,0.317
2005-04-08,0.4245981251187239,0.503
2005-04-09,0.4145584315377706,0.247
2005-04-10,0.40264620997863687,0.238
2005-04-11,0.39495195364921015,0.201
2005-04-12,0.3884735315490063,0.206
2005-04-13,0.47071940901226444,0.235
2005-04-14,0.3887656192650209,0.226
2005-04-15,0.6100003409421206,0.39
2005-04-16,0.4149159968836548,0.281
2005-04-17,0.9656020330998256,0.591
2005-04-18,0.6002458723768602,0.948
2005-04-19,0.6875553796469883,0.568
2005-04-20,0.5473155279305475,0.516
2005-04-21,0.4981242134483122,0.346
2005-04-22,0.46727142925653153,0.303
2005-04-23,0.4430432583161058,0.419
2005-04-24,0.4232701243883449,0.39
2005-04-25,0.4182189386957851,0.352
2005-04-26,0.5536307931620594,0.317
2005-04-27,0.42539232048741343,0.283
2005-04-28,0.38523155072399184,0.256
2005-04-29,0.5467951092704733,0.243
2005-04-30,0.5320709523146998,0.469
2005-05-01,0.43447738395234814,0.462
2005-05-02,0.42082932046913973,0.309
2005-05-03,0.40090282691943374,0.317
2005-05-04,0.38063492521458714,0.475
2005-05-05,0.37052100343400207,0.243
2005-05-06,0.47038012305112986,0.281
2005-05-07,0.3776515633848505,0.283
2005-05-08,0.35657865321421517,0.231
2005-05-09,0.34533534730120324,0.21
2005-05-10,0.3381984153623631,0.203
2005-05-11,0.33316141609535094,0.191
2005-05-12,0.32877122821130866,0.188
2005-05-13,0.3248048257425272,0.219
2005-05-14,0.3211638296025166,0.213
2005-05-15,0.31778911487599365,0.185
2005-05-16,0.31556302929030033,0.182
2005-05-17,0.3116294639887817,0.179
2005-05-18,0.3090979646958409,0.173
2005-05-19,0.30644646392227193,0.167
2005-05-20,0.30317772154936545,0.167
2005-05-21,0.33689060727280445,0.173
2005-05-22,0.3131940144178929,0.182
2005-05-23,0.30490657510014746,0.17
2005-05-24,0.2978684891786408,0.173
2005-05-25,0.2929771946028689,0.167
2005-05-26,0.28966158795240227,0.167
2005-05-27,0.28661539002656605,0.167
2005-05-28,0.28367484149697725,0.154
2005-05-29,0.28117476120125046,0.152
2005-05-30,0.27810632072499936,0.152
2005-05-31,0.2757033546006147,0.147
2005-06-01,0.3813172035571739,0.199
2005-06-02,0.2838264201707,0.159
2005-06-03,0.2736507143951995,0.15
2005-06-04,0.27010330224006096,0.148
2005-06-05,0.2649416520415826,0.146
2005-06-06,0.26156888957268104,0.138
2005-06-07,0.25852343890971086,0.136
2005-06-08,0.25558855288978194,0.129
2005-06-09,0.2527325379321583,0.13
2005-06-10,0.2500333977890305,0.13
2005-06-11,0.24720111274141948,0.13
2005-06-12,0.24521773721516654,0.133
2005-06-13,0.24261653188055965,0.132
2005-06-14,0.23983392606004048,0.131
2005-06-15,0.27248995393996533,0.162
2005-06-16,0.2398400949904207,0.135
2005-06-17,0.234215010093539,0.122
2005-06-18,0.23097976340692272,0.122
2005-06-19,0.2812093073661915,0.192
2005-06-20,0.23303590752753917,0.133
2005-06-21,0.2260305355255921,0.125
2005-06-22,0.22245651653163118,0.121
2005-06-23,0.22206893911797107,0.12
2005-06-24,0.23801773704688428,0.154
2005-06-25,0.21777659850636552,0.133
2005-06-26,0.21308497526860135,0.123
2005-06-27,0.20989083241823925,0.118
2005-06-28,0.428484820514205,0.299
2005-06-29,0.24278303171147816,0.173
2005-06-30,0.21339051745806623,0.145
2005-07-01,0.206975262839762,0.135
2005-07-02,0.2020159679015144,0.133
2005-07-03,0.1992013957941222,0.124
2005-07-04,0.19660508106427002,0.128
2005-07-05,0.4128178868361737,0.237
2005-07-06,0.21604896459872752,0.151
2005-07-07,0.19620204314747067,0.135
2005-07-08,0.19078596429288974,0.128
2005-07-09,0.18699780041443834,0.123
2005-07-10,0.1836334827170379,0.12
2005-07-11,0.18054160029128102,0.117
2005-07-12,0.17938930720668325,0.126
2005-07-13,0.1750978934084714,0.118
2005-07-14,0.1724947403470122,0.114
2005-07-15,0.16996612626135618,0.115
2005-07-16,0.1676120160717142,0.115
2005-07-17,0.16534383429783184,0.115
2005-07-18,0.164578945677683,0.121
2005-07-19,0.16160881402417596,0.113
2005-07-20,0.15897099556908353,0.113
2005-07-21,0.1568539684395254,0.116
2005-07-22,0.1548647373458963,0.119
2005-07-23,0.15289720264727444,0.118
2005-07-24,0.37026289087850367,0.179
2005-07-25,0.17476733452668575,0.138
2005-07-26,0.15601064854156058,0.128
2005-07-27,0.3628871078276626,0.136
2005-07-28,0.4067200129617338,0.695
2005-07-29,0.3193864058530148,0.198
2005-07-30,0.17460107108944556,0.158
2005-07-31,0.1560589704041029,0.112
2005-08-01,0.15029591623343044,0.139
2005-08-02,0.14614262576268947,0.129
2005-08-03,0.14246105488182007,0.123
2005-08-04,0.18143313274093936,0.134
2005-08-05,0.14248150231532541,0.138
2005-08-06,0.13651262864615382,0.117
2005-08-07,0.13343218153561032,0.12
2005-08-08,0.13083687782288297,0.118
2005-08-09,0.12863848009731532,0.114
2005-08-10,0.12633006681243839,0.118
2005-08-11,0.1253965615771099,0.115
2005-08-12,0.12368298130389624,0.117
2005-08-13,0.3480973544565155,0.307
2005-08-14,0.23319214940607488,0.146
2005-08-15,0.13565721051093516,0.13
2005-08-16,0.12474640771903298,0.128
2005-08-17,0.12104550169762382,0.124
2005-08-18,0.12017905857615797,0.12
2005-08-19,0.11592629775309168,0.113
2005-08-20,0.11355498776487799,0.111
2005-08-21,0.2686187813012391,0.126
2005-08-22,0.12910808595403492,0.159
2005-08-23,0.12968681704521218,0.119
2005-08-24,0.16578809600148695,0.169
2005-08-25,0.1428748956674345,0.16
2005-08-26,0.11528796665569978,0.138
2005-08-27,0.11009375211275217,0.128
2005-08-28,0.10707504845174964,0.122
2005-08-29,0.10478946690465589,0.118
2005-08-30,0.10232651293651804,0.116
2005-08-31,0.10255153677401087,0.122
2005-09-01,0.0986799722726148,0.116
2005-09-02,0.09682333057308486,0.112
2005-09-03,0.09524795306435793,0.116
2005-09-04,0.09600589662300135,0.117
2005-09-05,0.09258189806244735,0.127
2005-09-06,0.09108597476983575,0.109
2005-09-07,0.08985025711344151,0.116
2005-09-08,0.13396741925900563,0.131
2005-09-09,0.2493338931283998,0.121
2005-09-10,0.22401103418094265,0.177
2005-09-11,0.10753843379927967,0.126
2005-09-12,0.09516321143528328,0.115
2005-09-13,0.0926178401444367,0.115
2005-09-14,0.08974630728332127,0.12
2005-09-15,0.28044077289041885,0.202
2005-09-16,0.1066469299033254,0.137
2005-09-17,0.09012473335148412,0.122
2005-09-18,0.08629494109032475,0.121
2005-09-19,0.08383509771715494,0.12
2005-09-20,0.08175864958649824,0.117
2005-09-21,0.0799340910237586,0.115
2005-09-22,0.07850092088646204,0.113
2005-09-23,0.09676406733716594,0.139
2005-09-24,0.07989343203727764,0.121
2005-09-25,0.07691932743445076,0.125
2005-09-26,0.07566068314913435,0.119
2005-09-27,0.07341390417784698,0.115
2005-09-28,0.2359360873385035,0.168
2005-09-29,0.3132837040817557,0.326
2005-09-30,0.28850061552395306,0.397
2005-10-01,0.10580244980350212,0.231
2005-10-02,0.08614636390821363,0.168
2005-10-03,0.08057941716007225,0.152
2005-10-04,0.07711683750212364,0.14
2005-10-05,0.07430957685757596,0.134
2005-10-06,0.07219115128874455,0.134
2005-10-07,0.0699592301203449,0.133
2005-10-08,0.18005268990797502,0.176
2005-10-09,0.0795996571378185,0.151
2005-10-10,0.06967292728782187,0.139
2005-10-11,0.22422414385455883,0.173
2005-10-12,0.3210931407414465,1.11
2005-10-13,0.22948538654635,0.451
2005-10-14,0.09192524376801187,0.261
2005-10-15,0.07661677052585167,0.214
2005-10-16,0.07219432137214181,0.192
2005-10-17,0.06906025671411446,0.178
2005-10-18,0.31784801199839996,0.537
2005-10-19,0.12609248832971975,0.687
2005-10-20,0.18195374049742263,0.333
2005-10-21,0.3026031991002216,0.91
2005-10-22,0.11697020728886512,0.508
2005-10-23,0.4288122614874914,1.44
2005-10-24,0.7045326973149452,3.51
2005-10-25,0.5760672957057004,1.57
2005-10-26,0.62609482366114,1.21
2005-10-27,0.48706594482441323,0.782
2005-10-28,0.3562471527252859,0.633
2005-10-29,0.25649104179426035,0.528
2005-10-30,0.3944630213686193,0.564
2005-10-31,0.3629951103416636,0.475
2005-11-01,0.7275650451166776,0.866
2005-11-02,0.5317717302067854,1.16
2005-11-03,0.3472000299185089,0.774
2005-11-04,0.3179319413783799,0.551
2005-11-05,0.6130484809257954,0.467
2005-11-06,0.6029162346298681,1.48
2005-11-07,0.7747841535442979,0.881
2005-11-08,1.2141144324259068,2.85
2005-11-09,0.8020867175690038,1.09
2005-11-10,0.6266765283353327,0.736
2005-11-11,0.5939702658347377,0.661
2005-11-12,0.45358114075968664,0.543
2005-11-13,0.38668751186440614,0.444
2005-11-14,0.3474109185803525,0.404
2005-11-15,0.33696694889544354,0.371
2005-11-16,0.2895284687134,0.34
2005-11-17,0.2636721275044471,0.309
2005-11-18,0.24457288098881938,0.291
2005-11-19,0.22992397561534844,0.273
2005-11-20,0.2188544539312213,0.264
2005-11-21,0.21056921088418531,0.253
2005-11-22,0.2041619342873256,0.248
2005-11-23,0.20688649937110204,0.244
2005-11-24,0.24711912791944177,0.255
2005-11-25,0.21586971238273303,0.245
2005-11-26,0.21054641051084932,0.235
2005-11-27,0.20556636275975398,0.229
2005-11-28,0.24440273712647384,0.224
2005-11-29,0.21339344775632135,0.209
2005-11-30,0.24942833517925855,0.223
2005-12-01,0.7277993492646246,0.75
2005-12-02,1.1403325376430553,2.02
2005-12-03,0.9356696887379646,1.31
2005-12-04,0.8898982413114901,0.742
2005-12-05,0.8510450390786379,0.92
2005-12-06,0.5959327995989007,0.749
2005-12-07,0.8999704665558063,0.761
2005-12-08,0.5948726623827683,0.819
2005-12-09,0.5162568159208983,0.578
2005-12-10,0.45773052650981644,0.49
2005-12-11,0.4193814825883281,0.429
2005-12-12,0.38537926963195124,0.378
2005-12-13,0.36121002771257277,0.349
2005-12-14,0.34127604611390966,0.327
2005-12-15,0.38110180108164465,0.31
2005-12-16,0.33685082189725213,0.3
2005-12-17,0.32265609690918556,0.27
2005-12-18,0.3688980176659307,0.264
2005-12-19,0.32579979232368983,0.265
2005-12-20,0.3175345510324629,0.258
2005-12-21,0.4330640124192858,0.271
2005-12-22,0.3448920988346436,0.297
2005-12-23,0.3905587946911919,0.28
2005-12-24,0.3413244393439706,0.275
2005-12-25,0.32991137817234933,0.26
2005-12-26,0.34415695770568017,0.256
2005-12-27,0.37294553974725114,0.244
2005-12-28,0.3335610891008376,0.232
2005-12-29,0.6028243569294878,0.222
2005-12-30,0.8113872953398373,1.25
2005-12-31,0.561130750497757,0.94
2006-01-01,0.4686355957513087,0.607
2006-01-02,0.4372124874794064,0.461
2006-01-03,0.4088440762672219,0.4
2006-01-04,0.38650712235588713,0.361
2006-01-05,0.36995496241555037,0.335
2006-01-06,0.3622513620377372,0.306
2006-01-07,0.41419342475569176,0.293
2006-01-08,0.3627733835177763,0.284
2006-01-09,0.5715495302851004,0.275
2006-01-10,1.0390646306742672,0.959
2006-01-11,0.6457040464387137,0.727
2006-01-12,0.5254034066396095,0.504
2006-01-13,0.4905987273884812,0.426
2006-01-14,0.4538893263928035,0.38
2006-01-15,0.4311136063943991,0.351
2006-01-16,0.7521260187404003,0.538
2006-01-17,0.5973021851776376,0.58
2006-01-18,0.4975682231396952,0.488
2006-01-19,0.6355803438997563,0.447
2006-01-20,0.49403119883787194,0.439
2006-01-21,0.4560792685780859,0.404
2006-01-22,0.43052255716061144,0.378
2006-01-23,0.411325947432454,0.334
2006-01-24,0.39618944281366136,0.309
2006-01-25,0.3839336536971089,0.273
2006-01-26,0.3742578134521793,0.275
2006-01-27,0.3987721542546816,0.265
2006-01-28,0.37277165834699305,0.269
2006-01-29,0.36420258105546693,0.248
2006-01-30,0.3582522179051432,0.243
2006-01-31,0.35344777424390095,0.239
2006-02-01,0.34949899633167225,0.234
2006-02-02,0.34624389472601685,0.223
2006-02-03,0.34364627206559695,0.22
2006-02-04,0.3409818512583716,0.217
2006-02-05,0.3388870123026923,0.212
2006-02-06,0.3368177490204279,0.212
2006-02-07,0.5296948921032599,0.247
2006-02-08,0.37805271300131593,0.243
2006-02-09,0.358924611343844,0.217
2006-02-10,0.3514958397624595,0.211
2006-02-11,0.4960492543917484,0.213
2006-02-12,0.49324929690178454,0.263
2006-02-13,0.4858401793410255,0.258
2006-02-14,0.9356960397117997,0.539
2006-02-15,0.5649956001198122,0.669
2006-02-16,0.5929951189310505,0.419
2006-02-17,0.4965600250704911,0.362
2006-02-18,0.4599499036909077,0.315
2006-02-19,0.43306974289744377,0.288
2006-02-20,0.4607169857683518,0.262
2006-02-21,0.5204274931670327,0.268
2006-02-22,0.4968662614051833,0.275
2006-02-23,0.9488831041492286,0.492
2006-02-24,0.5844752624871925,0.662
2006-02-25,0.6202635127567366,0.495
2006-02-26,0.5185212837111356,0.454
2006-02-27,0.767160934979152,0.522
2006-02-28,0.5454551344623375,0.506
2006-03-01,0.4954775808834742,0.389
2006-03-02,0.46235651579963866,0.345
2006-03-03,0.4415695135909595,0.311
2006-03-04,0.4616074448251979,0.29
2006-03-05,0.4295580001434947,0.275
2006-03-06,0.45479635451664113,0.269
2006-03-07,0.837950952483933,0.792
2006-03-08,0.9460002761193372,1.49
2006-03-09,0.7690745325271967,0.813
2006-03-10,0.7919011827600343,0.742
2006-03-11,0.6145669116398025,0.582
2006-03-12,0.6118054570618587,0.488
2006-03-13,0.6269616173725454,0.45
2006-03-14,0.8418099191399876,0.496
2006-03-15,0.6003241282780962,0.775
2006-03-16,0.6254049254659616,0.535
2006-03-17,0.5399307643716604,0.475
2006-03-18,0.49892989076705074,0.421
2006-03-19,0.47476565133415966,0.383
2006-03-20,0.450641253695582,0.352
2006-03-21,0.4329487871504886,0.326
2006-03-22,0.4192034542877224,0.305
2006-03-23,0.5498452255726096,0.301
2006-03-24,0.8886132839472357,0.804
2006-03-25,0.85794604767409,1.05
2006-03-26,0.9198175892059923,1.05
2006-03-27,0.802840877414885,0.983
2006-03-28,0.8662933343635882,0.672
2006-03-29,1.244280928853147,1.17
2006-03-30,0.9763239567858409,1.08
2006-03-31,0.8949093179760967,0.72
2006-04-01,0.7898720939159121,0.677
2006-04-02,1.0448809039911164,0.725
2006-04-03,0.7578820037942402,0.755
2006-04-04,0.6708200452073996,0.657
2006-04-05,0.6180124158159019,0.477
2006-04-06,0.594577844088814,0.408
2006-04-07,0.7104487547345252,0.383
2006-04-08,0.695559605560298,0.405
2006-04-09,0.737461387492003,0.576
2006-04-10,0.6447814733015357,0.445
2006-04-11,0.7899149072791694,0.706
2006-04-12,0.6191145529020696,0.537
2006-04-13,0.5741117383172819,0.463
2006-04-14,0.5474958684072752,0.374
2006-04-15,0.5241486304734756,0.339
2006-04-16,0.506832860365179,0.333
2006-04-17,0.5184815398933587,0.305
2006-04-18,0.6211819022445112,0.309
2006-04-19,0.5564744385629744,0.55
2006-04-20,0.7766354326693322,1.11
2006-04-21,0.5751162089637212,0.708
2006-04-22,0.5342982467426415,0.522
2006-04-23,0.5141973073366889,0.453
2006-04-24,0.4991489672170126,0.389
2006-04-25,0.48769463638469285,0.354
2006-04-26,0.47853018967215954,0.326
2006-04-27,0.4710633109886489,0.332
2006-04-28,0.4649239218219428,0.376
2006-04-29,0.45995807531604416,0.329
2006-04-30,0.5458970422560447,0.265
2006-05-01,0.46310860692964423,0.284
2006-05-02,0.45252822205201837,0.22
2006-05-03,0.44845582733938383,0.204
2006-05-04,0.44525434238101813,0.203
2006-05-05,0.4423992918655878,0.201
2006-05-06,0.44083735346727787,0.201
2006-05-07,0.43890047330965504,0.209
2006-05-08,0.5450585396153594,0.297
2006-05-09,0.4456531756212937,0.311
2006-05-10,0.4348758239656678,0.27
2006-05-11,0.4312397172411652,0.193
2006-05-12,0.42996071083349796,0.186
2006-05-13,0.428866378226986,0.218
2006-05-14,0.4238921585300802,0.187
2006-05-15,0.5565711370999727,0.284
2006-05-16,0.4344711980075359,0.211
2006-05-17,0.5730162072687626,0.297
2006-05-18,0.525859593295542,0.262
2006-05-19,0.654858375304365,0.532
2006-05-20,0.5262573828208398,0.955
2006-05-21,1.1258329352061265,2.16
2006-05-22,1.134343378142418,4.92
2006-05-23,1.5021916515443057,1.84
2006-05-24,1.0861086398850355,2.45
2006-05-25,1.2343959709316918,1.23
2006-05-26,0.9019708563935971,1.6
2006-05-27,0.7864357464636806,1.01
2006-05-28,0.7141276985609972,0.757
2006-05-29,0.6652184662082913,0.719
2006-05-30,0.6001499592491067,0.58
2006-05-31,0.5662591235746995,0.469
2006-06-01,0.5344907909612815,0.401
2006-06-02,0.5113077223357823,0.344
2006-06-03,0.4928500829857405,0.296
2006-06-04,0.47795815009087095,0.274
2006-06-05,0.4658726879131482,0.259
2006-06-06,0.45600764804773186,0.22
2006-06-07,0.4478925761531659,0.219
2006-06-08,0.44115392162385325,0.2
2006-06-09,0.4354908577350797,0.192
2006-06-10,0.43066803091274747,0.19
2006-06-11,0.42751178269595413,0.181
2006-06-12,0.42425706267242846,0.177
2006-06-13,0.4214428860036627,0.184
2006-06-14,0.4170239218185167,0.179
2006-06-15,0.4137674070622157,0.177
2006-06-16,0.4110940339529982,0.177
2006-06-17,0.4085459415783787,0.177
2006-06-18,0.406209477489496,0.167
2006-06-19,0.4046632984776491,0.162
2006-06-20,0.4051704907269305,0.162
2006-06-21,0.39930417575040633,0.153
2006-06-22,0.3972398044310944,0.144
2006-06-23,0.3940553361477144,0.142
2006-06-24,0.39158518053574654,0.14
2006-06-25,0.38904402978198227,0.149
2006-06-26,0.41110169812966474,0.16
2006-06-27,0.3886436222012896,0.155
2006-06-28,0.38381985168641963,0.148
2006-06-29,0.380608867703068,0.134
2006-06-30,0.377574515838957,0.13
2006-07-01,0.3746361038949133,0.127
2006-07-02,0.6018265364659094,0.341
2006-07-03,0.47088279339309297,0.188
2006-07-04,0.3842333929378065,0.166
2006-07-05,0.3737990933372671,0.161
2006-07-06,0.3682812301841773,0.154
2006-07-07,0.3632092436954627,0.15
2006-07-08,0.3601357732962049,0.146
2006-07-09,0.3553276518049235,0.145
2006-07-10,0.35175648547190635,0.143
2006-07-11,0.3480414586951586,0.136
2006-07-12,0.3445968028475366,0.134
2006-07-13,0.3412339561786183,0.129
2006-07-14,0.3379373897571597,0.13
2006-07-15,0.33468848232748166,0.13
2006-07-16,0.33147578225728186,0.126
2006-07-17,0.32829082414045485,0.125
2006-07-18,0.3251276145722751,0.123
2006-07-19,0.3223815652490701,0.118
2006-07-20,0.31887848808720487,0.125
2006-07-21,0.31615412347678,0.121
2006-07-22,0.4819997144160434,0.268
2006-07-23,0.3301799861918126,0.143
2006-07-24,0.31399171826879035,0.133
2006-07-25,0.30881584623394825,0.125
2006-07-26,0.30470526060123876,0.125
2006-07-27,0.3009201467192826,0.126
2006-07-28,0.2970598436134184,0.125
2006-07-29,0.3085034449600643,0.142
2006-07-30,0.2942703791270683,0.14
2006-07-31,0.2925320795762598,0.147
2006-08-01,0.2871779930996838,0.137
2006-08-02,0.35385153279218295,0.161
2006-08-03,0.28859216527803105,0.138
2006-08-04,0.27956469894883773,0.132
2006-08-05,0.2750357313567597,0.134
2006-08-06,0.27462038932798916,0.143
2006-08-07,0.26786739629562595,0.135
2006-08-08,0.2650224651700287,0.126
2006-08-09,0.26102587981545955,0.123
2006-08-10,0.2576104700498122,0.123
2006-08-11,0.2545709993436094,0.122
2006-08-12,0.29569536695595056,0.127
2006-08-13,0.2569702292835687,0.133
2006-08-14,0.24889977762728993,0.124
2006-08-15,0.2450971419587318,0.125
2006-08-16,0.24186029855849991,0.124
2006-08-17,0.45809014011056626,0.281
2006-08-18,0.285716658189968,0.156
2006-08-19,0.3014141200898559,0.169
2006-08-20,0.3155400903652275,0.159
2006-08-21,0.2439595063732245,0.187
2006-08-22,0.23384565343410232,0.139
2006-08-23,0.4473475728251948,0.232
2006-08-24,0.2500208580039605,0.164
2006-08-25,0.34159432672921397,0.195
2006-08-26,0.23687231089074848,0.175
2006-08-27,0.40383156245616725,0.2
2006-08-28,0.24372663296641603,0.245
2006-08-29,0.2670246544678396,0.201
2006-08-30,0.2707152975290159,0.162
2006-08-31,0.311228146305977,0.189
2006-09-01,0.23159670963923668,0.192
2006-09-02,0.36567701701958194,0.257
2006-09-03,0.23176307696916604,0.215
2006-09-04,0.21796236338705358,0.171
2006-09-05,0.20759268130431435,0.148
2006-09-06,0.20207286854296247,0.141
2006-09-07,0.19740551128129136,0.135
2006-09-08,0.19332420267624525,0.132
2006-09-09,0.1896594329350986,0.13
2006-09-10,0.18632418845455317,0.128
2006-09-11,0.29454045039400695,0.166
2006-09-12,0.19374586551084724,0.145
2006-09-13,0.3896512522518038,0.172
2006-09-14,0.41273216183210376,0.986
2006-09-15,0.20680245433524932,0.278
2006-09-16,0.1855708009792056,0.209
2006-09-17,0.1796815111395718,0.181
2006-09-18,0.19542526221979822,0.175
2006-09-19,0.17686997734864468,0.16
2006-09-20,0.1716656698213048,0.15
2006-09-21,0.16800806225917225,0.14
2006-09-22,0.3831216354472225,0.435
2006-09-23,0.1985814944516657,0.23
2006-09-24,0.17301301142892916,0.207
2006-09-25,0.16313346677695306,0.174
2006-09-26,0.15902982297598198,0.16
2006-09-27,0.1571660148993806,0.157
2006-09-28,0.1538730181751255,0.161
2006-09-29,0.24441784992144217,0.278
2006-09-30,0.2932357175565035,0.31
2006-10-01,0.2451970778243274,0.401
2006-10-02,0.17323706357003374,0.326
2006-10-03,0.16107624430866793,0.239
2006-10-04,0.15431216465095524,0.203
2006-10-05,0.36864978094866,0.672
2006-10-06,0.38383497278774,1.75
2006-10-07,0.18638281161516504,0.617
2006-10-08,0.20339629118779684,0.393
2006-10-09,0.2238673980963458,0.418
2006-10-10,0.16696299984544022,0.349
2006-10-11,0.3928108829368804,1.01
2006-10-12,0.1835106825717234,0.559
2006-10-13,0.15917515258758455,0.402
2006-10-14,0.15087903007640802,0.334
2006-10-15,0.14500595399518873,0.287
2006-10-16,0.14051125895631347,0.264
2006-10-17,0.1363033212350276,0.253
2006-10-18,0.3478645592398691,0.288
2006-10-19,0.2615039524332602,0.564
2006-10-20,0.2604618581306626,0.44
2006-10-21,0.2888495202634561,0.49
2006-10-22,0.4972121070296371,1.25
2006-10-23,0.24053763837538752,0.745
2006-10-24,0.1923318090790664,0.48
2006-10-25,0.8244659436956471,2.04
2006-10-26,0.5695089368491645,0.891
2006-10-27,0.4091262004087388,0.598
2006-10-28,0.3058342215796661,0.502
2006-10-29,0.2664462636037159,0.412
2006-10-30,0.24137879980828403,0.372
2006-10-31,0.21783935206435145,0.322
2006-11-01,0.19823304016957233,0.28
2006-11-02,0.18397331802628866,0.262
2006-11-03,0.17269371628044175,0.246
2006-11-04,0.16372417463996275,0.235
2006-11-05,0.15658909733612272,0.227
2006-11-06,0.15121048358845365,0.22
2006-11-07,0.15568743651353545,0.216
2006-11-08,0.1906878649884411,0.214
2006-11-09,0.15273683037520477,0.201
2006-11-10,0.31300742376845114,0.275
2006-11-11,0.25128623953604085,0.297
2006-11-12,0.2570367467154443,0.265
2006-11-13,0.1918265046571403,0.267
2006-11-14,0.38365191902727475,0.292
2006-11-15,0.22546054963138953,0.389
2006-11-16,0.20451005517607318,0.316
2006-11-17,0.19188777830544262,0.287
2006-11-18,0.17373696054458518,0.251
2006-11-19,0.32784346117828084,0.247
2006-11-20,0.23648120582029244,0.271
2006-11-21,0.3196003185934246,0.299
2006-11-22,0.8000447200601771,1.7
2006-11-23,0.5234222130381887,1.32
2006-11-24,1.1231509511334974,1.51
2006-11-25,0.8416566134113393,2.12
2006-11-26,0.5884291139931974,0.816
2006-11-27,0.7595051030583502,0.711
2006-11-28,0.501995300333733,0.879
2006-11-29,0.42446830003010416,0.602
2006-11-30,0.4289750821846951,0.504
2006-12-01,0.3618700706491003,0.46
2006-12-02,0.5623249772326401,0.429
2006-12-03,0.37706026539782705,0.577
2006-12-04,0.8008067918862501,0.506
2006-12-05,0.6425614809020922,0.968
2006-12-06,1.0420246026116569,1.56
2006-12-07,1.0004404520188066,2.21
2006-12-08,0.6467975208408457,0.987
2006-12-09,0.5421832853388648,0.671
2006-12-10,1.1424093118616538,0.642
2006-12-11,0.700517243234726,1.65
2006-12-12,0.639879865165169,0.829
2006-12-13,0.5250185057366303,0.662
2006-12-14,0.7713410632586682,0.556
2006-12-15,1.0424736756297264,1.07
2006-12-16,0.6813983834003249,0.886
2006-12-17,0.6234870867179527,0.662
2006-12-18,0.5301260784698472,0.576
2006-12-19,0.47818830480922364,0.494
2006-12-20,0.44107654005619445,0.434
2006-12-21,0.40988503353689143,0.403
2006-12-22,0.38777456523898335,0.386
2006-12-23,0.369196297427904,0.379
2006-12-24,0.3553792341656601,0.359
2006-12-25,0.3458335370216363,0.341
2006-12-26,0.3374059789565096,0.326
2006-12-27,0.38201012669586026,0.316
2006-12-28,0.3709595681181666,0.311
2006-12-29,1.0119786642919852,0.904
2006-12-30,1.083683723430614,1.86
2006-12-31,0.9888696464410549,1.02
2007-01-01,1.116168140033412,0.94
2007-01-02,0.9224883879136602,1.36
2007-01-03,1.2104110330579467,1.13
2007-01-04,0.818603698456078,1.19
2007-01-05,0.7145106051659474,0.879
2007-01-06,0.9140265364869785,0.78
2007-01-07,0.9828123293457436,1.08
2007-01-08,0.9966424287888015,1.41
2007-01-09,1.5111548949346292,1.72
2007-01-10,1.64260318742407,1.4
2007-01-11,1.3486173598632631,2.86
2007-01-12,0.9887515497580222,0.934
2007-01-13,0.9865610876863821,0.717
2007-01-14,0.8254269630340209,0.583
2007-01-15,0.795937317470572,0.52
2007-01-16,1.0016561224067144,0.524
2007-01-17,1.6859347684057469,1.48
2007-01-18,1.5356904088646472,2.86
2007-01-19,1.3371538651319947,1.07
2007-01-20,1.3413700652734244,0.956
2007-01-21,1.1166052543285314,0.856
2007-01-22,0.948508044426226,0.659
2007-01-23,0.8894436887408197,0.555
2007-01-24,0.8388361289621776,0.498
2007-01-25,0.7739990015976078,0.482
2007-01-26,0.7252280625451282,0.428
2007-01-27,0.689977516126073,0.348
2007-01-28,0.663843528588527,0.362
2007-01-29,0.6419693382358324,0.347
2007-01-30,0.6263058746672311,0.321
2007-01-31,0.6574312719955621,0.315
2007-02-01,0.6236473262059198,0.305
2007-02-02,0.6121947898746288,0.291
2007-02-03,0.6047612836085546,0.278
2007-02-04,0.5994293696923518,0.264
2007-02-05,0.5953477338154414,0.263
2007-02-06,0.5923184755173081,0.255
2007-02-07,0.5940271991833905,0.245
2007-02-08,0.6267397176852848,0.245
2007-02-09,1.0818026576400503,0.31
2007-02-10,1.480699353457907,2.36
2007-02-11,1.3423013067055845,2.23
2007-02-12,1.2331857574235612,1.09
2007-02-13,1.2067734970372592,0.899
2007-02-14,0.9605803878047098,0.768
2007-02-15,1.1492422112302807,0.594
2007-02-16,1.4179925585797721,1.63
2007-02-17,1.0280160513789065,0.842
2007-02-18,0.9339626061378402,0.635
2007-02-19,1.2254692702095922,0.773
2007-02-20,1.011753300962656,0.795
2007-02-21,1.2845717971041064,0.737
2007-02-22,1.4259404546162204,1.32
2007-02-23,1.3587973094897892,1.48
2007-02-24,1.1602735430852715,1.02
2007-02-25,1.0575061750918093,0.759
2007-02-26,1.3342610955063867,0.636
2007-02-27,1.238936015980458,1.08
2007-02-28,1.1459730499217926,0.85
2007-03-01,1.002234711047683,0.628
2007-03-02,1.5131503054827686,0.759
2007-03-03,1.07968390836389,0.854
2007-03-04,1.6574004069505521,1.57
2007-03-05,1.409589132604647,0.947
2007-03-06,1.129373741352484,0.728
2007-03-07,1.0356338085123515,0.561
2007-03-08,1.0906515667390682,0.494
2007-03-09,0.9673050213312379,0.448
2007-03-10,0.9150941088611314,0.418
2007-03-11,0.8775695570871627,0.392
2007-03-12,0.8484190981229938,0.352
2007-03-13,0.8246185188550387,0.309
2007-03-14,0.8059624202657969,0.298
2007-03-15,0.7933052824863387,0.298
2007-03-16,0.8238941148292307,0.279
2007-03-17,0.8683714844294492,0.29
2007-03-18,0.9600061275228159,0.286
2007-03-19,0.843722160483557,0.284
2007-03-20,0.8053915901795922,0.277
2007-03-21,0.8524107461652449,0.275
2007-03-22,0.8037524882407282,0.275
2007-03-23,0.7857604335078836,0.272
2007-03-24,0.7724870364144755,0.268
2007-03-25,0.7628036920129687,0.268
2007-03-26,0.7550115240350666,0.234
2007-03-27,0.7484042754535538,0.221
2007-03-28,0.7436840736336583,0.221
2007-03-29,0.7378840375712732,0.221
2007-03-30,0.7326894750712136,0.221
2007-03-31,0.7282463482569562,0.214
2007-04-01,0.7240971234205468,0.212
2007-04-02,0.7201514080491987,0.212
2007-04-03,0.7162299097194756,0.191
2007-04-04,0.7123888697524934,0.185
2007-04-05,0.7085644844305622,0.183
2007-04-06,0.7047256538125154,0.179
2007-04-07,0.7008499348152286,0.171
2007-04-08,0.6969218619021217,0.175
2007-04-09,0.6929392911339972,0.165
2007-04-10,0.6888686986023779,0.168
2007-04-11,0.6847291212015726,0.159
2007-04-12,0.6805108829359657,0.159
2007-04-13,0.6762118482219253,0.159
2007-04-14,0.6718321498239314,0.159
2007-04-15,0.6673733255307168,0.159
2007-04-16,0.6628358071523879,0.158
2007-04-17,0.6582231962850591,0.151
2007-04-18,0.6535380503041934,0.164
2007-04-19,0.6487834472033527,0.157
2007-04-20,0.6439627505681871,0.156
2007-04-21,0.6390794785866462,0.154
2007-04-22,0.6347372981799875,0.154
2007-04-23,0.8486429538916831,0.204
2007-04-24,0.6707600069885398,0.203
2007-04-25,0.6296211399486209,0.167
2007-04-26,0.6207848930175851,0.148
2007-04-27,0.6138457787064724,0.15
2007-04-28,0.6076715898873744,0.147
2007-04-29,0.6016981807757278,0.148
2007-04-30,0.595848982622271,0.146
2007-05-01,0.5900937412250038,0.143
2007-05-02,0.5844103911475899,0.139
2007-05-03,0.578782544844312,0.137
2007-05-04,0.5731974049529353,0.132
2007-05-05,0.5676451170712613,0.132
2007-05-06,0.5623590111227381,0.132
2007-05-07,0.5586802937335592,0.144
2007-05-08,0.5715870854172901,0.151
2007-05-09,0.7675644591825401,0.217
2007-05-10,0.5686250936265304,0.161
2007-05-11,0.6150068730972494,0.169
2007-05-12,0.5466773225955596,0.156
2007-05-13,0.7807699007675093,0.627
2007-05-14,0.7721854326677257,0.292
2007-05-15,0.7882527041131774,0.266
2007-05-16,0.7354649265323955,0.305
2007-05-17,0.5565086828628742,0.294
2007-05-18,0.5329724445797576,0.221
2007-05-19,0.5194361235131937,0.187
2007-05-20,0.508876455206727,0.17
2007-05-21,0.49992704093391543,0.162
2007-05-22,0.4918139860184822,0.157
2007-05-23,0.48433782850848756,0.149
2007-05-24,0.4773789561349823,0.146
2007-05-25,0.4708133423393538,0.143
2007-05-26,0.4664856424583204,0.141
2007-05-27,0.597836580444367,0.172
2007-05-28,0.4700591429458632,0.156
2007-05-29,0.45295142854082077,0.145
2007-05-30,0.44747348835588413,0.148
2007-05-31,0.4418882025051789,0.157
2007-06-01,0.4341925028051027,0.144
2007-06-02,0.42849487613284315,0.136
2007-06-03,0.4231354688017208,0.133
2007-06-04,0.4178824820451081,0.131
2007-06-05,0.4127668350677505,0.128
2007-06-06,0.4077517211353454,0.128
2007-06-07,0.4028213301435496,0.129
2007-06-08,0.3979643280456656,0.13
2007-06-09,0.39317210536375163,0.128
2007-06-10,0.3884372930984247,0.141
2007-06-11,0.38506200846124394,0.126
2007-06-12,0.3792475721228677,0.127
2007-06-13,0.5769341619833053,0.146
2007-06-14,0.6346560773436276,0.287
2007-06-15,0.6697795043406557,0.709
2007-06-16,0.642885517325348,0.333
2007-06-17,0.6204741863748142,0.252
2007-06-18,0.5722804491940428,0.53
2007-06-19,0.4124862761012494,0.34
2007-06-20,0.3841279548775184,0.23
2007-06-21,0.5125680762568201,0.236
2007-06-22,0.3850356604927846,0.251
2007-06-23,0.363623848521118,0.201
2007-06-24,0.7301582434928009,0.852
2007-06-25,1.3356589039259863,6.23
2007-06-26,0.9448883761850224,0.974
2007-06-27,0.8690226526495741,0.559
2007-06-28,1.1625204068122585,0.457
2007-06-29,0.8926687962984405,0.597
2007-06-30,1.2322511167307333,0.736
2007-07-01,0.7874066617564485,0.833
2007-07-02,0.9121513784361708,0.618
2007-07-03,1.039613408370231,0.777
2007-07-04,1.1704075632848765,0.942
2007-07-05,1.3080685343787914,1.18
2007-07-06,0.8853519995730202,0.814
2007-07-07,0.7458321536503898,0.516
2007-07-08,0.666986530345522,0.401
2007-07-09,0.6047645112258385,0.339
2007-07-10,0.5558796713614861,0.299
2007-07-11,0.517376656276272,0.265
2007-07-12,0.48791123404543957,0.264
2007-07-13,0.7004106098311758,1.21
2007-07-14,0.7351923122821722,0.69
2007-07-15,0.9824541117145095,0.868
2007-07-16,0.6843262470105445,0.641
2007-07-17,0.7973249073474704,0.613
2007-07-18,0.6327625946657284,0.5
2007-07-19,0.7017671817322176,0.401
2007-07-20,1.1836635861392115,0.994
2007-07-21,0.7813334583236526,0.726
2007-07-22,0.6687037059442086,0.513
2007-07-23,0.6022444788018326,0.408
2007-07-24,0.5802395979830549,0.333
2007-07-25,0.5491550642709712,0.328
2007-07-26,0.8547581609026055,0.708
2007-07-27,0.5765489005588259,0.444
2007-07-28,0.5559400362435306,0.325
2007-07-29,0.5033919433013153,0.255
2007-07-30,0.481888345592811,0.246
2007-07-31,0.466374644925809,0.229
2007-08-01,0.4543910534959892,0.218
2007-08-02,0.4444044540556323,0.207
2007-08-03,0.43656548530113276,0.199
2007-08-04,0.4302602103028685,0.194
2007-08-05,0.4251404985094734,0.186
2007-08-06,0.4578843140861413,0.238
2007-08-07,0.42297282697933597,0.192
2007-08-08,0.4170448253242703,0.179
2007-08-09,0.41385721167171907,0.172
2007-08-10,0.41123415077368675,0.17
2007-08-11,0.41004984010205053,0.17
2007-08-12,0.4074673432007083,0.17
2007-08-13,0.5569364673267109,0.187
2007-08-14,0.6112104296460268,0.313
2007-08-15,0.4293117397809586,0.22
2007-08-16,0.4115387534478066,0.187
2007-08-17,0.4153206625763665,0.184
2007-08-18,0.6102876381550133,0.309
2007-08-19,0.42956692770774707,0.302
2007-08-20,0.4063344542420648,0.221
2007-08-21,0.4007325864158295,0.192
2007-08-22,0.39689629159674233,0.176
2007-08-23,0.3934850256683503,0.163
2007-08-24,0.3903230802872852,0.158
2007-08-25,0.3873421681235,0.159
2007-08-26,0.3844935234195675,0.142
2007-08-27,0.3817391604274175,0.15
2007-08-28,0.37906578480581443,0.15
2007-08-29,0.37643081317498717,0.147
2007-08-30,0.3737801921327329,0.146
2007-08-31,0.37135824093162995,0.146
2007-09-01,0.3686487444187778,0.146
2007-09-02,0.457808399653484,0.177
2007-09-03,0.3746687572383357,0.146
2007-09-04,0.3649021163430577,0.14
2007-09-05,0.3610328239840793,0.139
2007-09-06,0.3577389162866547,0.137
2007-09-07,0.35457288283397775,0.135
2007-09-08,0.3514890619315387,0.136
2007-09-09,0.34847237148722215,0.135
2007-09-10,0.34542726289233566,0.131
2007-09-11,0.34243969766870097,0.131
2007-09-12,0.3394707276448197,0.132
2007-09-13,0.33670312722714624,0.131
2007-09-14,0.333583748733131,0.131
2007-09-15,0.3306066546258088,0.131
2007-09-16,0.32899132891705285,0.137
2007-09-17,0.4078676111414832,0.165
2007-09-18,0.3317050869976492,0.135
2007-09-19,0.5533170558968896,0.206
2007-09-20,0.5547879673993775,0.378
2007-09-21,0.4220733217339221,0.232
2007-09-22,0.33280770893477346,0.181
2007-09-23,0.5449562592267037,0.245
2007-09-24,0.43974222531675694,0.489
2007-09-25,0.3288329275638948,0.233
2007-09-26,0.31344259297762095,0.187
2007-09-27,0.30842971022905324,0.176
2007-09-28,0.30321190671897796,0.169
2007-09-29,0.297838202628423,0.162
2007-09-30,0.2936502198252878,0.157
2007-10-01,0.28988985803707096,0.152
2007-10-02,0.286036104968404,0.15
2007-10-03,0.28313152405777936,0.15
2007-10-04,0.27917212545734016,0.146
2007-10-05,0.27585166266231376,0.144
2007-10-06,0.2726750746906221,0.132
2007-10-07,0.2695773446593631,0.151
2007-10-08,0.41809655544167335,0.138
2007-10-09,0.2826942987518665,0.186
2007-10-10,0.2663568783712825,0.156
2007-10-11,0.2616688352759292,0.149
2007-10-12,0.2580662389919722,0.141
2007-10-13,0.25568341225275104,0.141
2007-10-14,0.25161812990725096,0.143
2007-10-15,0.24827643529306298,0.141
2007-10-16,0.4171925662197353,0.2
2007-10-17,0.2611422495045141,0.175
2007-10-18,0.24511813986082948,0.153
2007-10-19,0.24040502327924246,0.147
2007-10-20,0.2368056748086673,0.145
2007-10-21,0.2334441341743206,0.145
2007-10-22,0.23025385409980723,0.143
2007-10-23,0.2272671136195744,0.14
2007-10-24,0.2242425341777989,0.138
2007-10-25,0.2213685325658205,0.129
2007-10-26,0.21939239467427754,0.134
2007-10-27,0.25847005851590393,0.138
2007-10-28,0.25662865329048884,0.171
2007-10-29,0.21770768160876433,0.147
2007-10-30,0.21107628849911866,0.142
2007-10-31,0.20772007318830907,0.136
2007-11-01,0.20475089421017903,0.132
2007-11-02,0.20191773786509395,0.132
2007-11-03,0.19918786646253625,0.132
2007-11-04,0.19658216268670664,0.133
2007-11-05,0.19855271431348276,0.136
2007-11-06,0.19244308428429413,0.131
2007-11-07,0.1895610261776833,0.13
2007-11-08,0.22445206001437,0.147
2007-11-09,0.20506005561004687,0.134
2007-11-10,0.2087825308856463,0.145
2007-11-11,0.18496166547888923,0.152
2007-11-12,0.2008714435240007,0.143
2007-11-13,0.1805763573211006,0.145
2007-11-14,0.17569786983527236,0.144
2007-11-15,0.1728397808120915,0.141
2007-11-16,0.17022801217893027,0.14
2007-11-17,0.3899366932876132,0.177
2007-11-18,0.4710201419691792,2.04
2007-11-19,0.4683586463591017,2.65
2007-11-20,0.4576703466194435,1.23
2007-11-21,0.4312982223964293,0.826
2007-11-22,0.4186015695554339,0.532
2007-11-23,0.2076967925790353,0.401
2007-11-24,0.20363596371870737,0.358
2007-11-25,0.17987029073084893,0.322
2007-11-26,0.17264218590638306,0.293
2007-11-27,0.17639343449849965,0.281
2007-11-28,0.214783395252643,0.285
2007-11-29,0.1695805769843241,0.283
2007-11-30,0.4212270196505619,0.609
2007-12-01,0.4203810913407932,0.62
2007-12-02,0.553412973019941,1.12
2007-12-03,0.6647603934502385,1.18
2007-12-04,0.5202786473648063,0.765
2007-12-05,0.7275130123811712,1.17
2007-12-06,1.482590662712927,3.33
2007-12-07,1.1107009565050197,1.62
2007-12-08,1.6964141801310901,4.07
2007-12-09,1.279663459167292,1.15
2007-12-10,0.9416859800989952,0.792
2007-12-11,0.7105087722908933,0.608
2007-12-12,0.6048439488592093,0.514
2007-12-13,0.52418244286175,0.448
2007-12-14,0.46376184453832275,0.409
2007-12-15,0.41321145573687446,0.377
2007-12-16,0.3762146523564316,0.345
2007-12-17,0.344508294771252,0.326
2007-12-18,0.32082809562650855,0.313
2007-12-19,0.30250090496667964,0.297
2007-12-20,0.2883525117922405,0.286
2007-12-21,0.2787109277540925,0.274
2007-12-22,0.3931076079239482,0.276
2007-12-23,0.30909453312687213,0.264
2007-12-24,0.8539590207870912,0.523
2007-12-25,0.4739314856988365,0.588
2007-12-26,0.4052998129830642,0.413
2007-12-27,0.3738536337182221,0.382
2007-12-28,0.7494879803018141,0.457
2007-12-29,0.8851799167165408,0.854
2007-12-30,0.5816805450064338,0.611
2007-12-31,0.4951261015687242,0.481
2008-01-01,0.4608089944788884,0.411
2008-01-02,0.41616037485032753,0.372
2008-01-03,0.38872074582671595,0.335
2008-01-04,0.6854503719641147,0.416
2008-01-05,0.45946050668559196,0.413
2008-01-06,0.8649738313284984,0.462
2008-01-07,0.729900145038608,0.745
2008-01-08,0.8510078865881724,0.806
2008-01-09,0.9509948276248715,0.778
2008-01-10,0.8574013017858744,1.11
2008-01-11,1.4474668375944546,2.52
2008-01-12,1.1635842163379269,1.1
2008-01-13,1.0430819052157696,0.875
2008-01-14,1.6807764025910457,1.01
2008-01-15,1.8666812744067771,4.95
2008-01-16,1.4695528030664897,1.19
2008-01-17,1.988111147835169,2.55
2008-01-18,1.7394553015996461,2.08
2008-01-19,2.1442355940930646,2.65
2008-01-20,2.0504139564672155,2.64
2008-01-21,1.7997697067097667,2.47
2008-01-22,1.3994194091501577,1.04
2008-01-23,1.1836351203866957,0.82
2008-01-24,1.0203954299483493,0.64
2008-01-25,0.9161779203073657,0.552
2008-01-26,0.8367262244101746,0.484
2008-01-27,0.7752256970188809,0.43
2008-01-28,0.728325439487132,0.4
2008-01-29,0.8612688869674011,0.404
2008-01-30,0.9900676035662698,0.386
2008-01-31,1.0496641142052983,0.621
2008-02-01,0.9113593529965917,0.517
2008-02-02,0.8370780953320139,0.483
2008-02-03,0.9436660260845587,0.491
2008-02-04,1.2663693738245994,0.634
2008-02-05,1.3430629405780585,1.32
2008-02-06,0.9833890591485088,0.828
2008-02-07,0.8935569723822755,0.591
2008-02-08,0.838791231491448,0.518
2008-02-09,0.7979787762471686,0.448
2008-02-10,0.7658259765046709,0.384
2008-02-11,0.7392966956766766,0.353
2008-02-12,0.7221318405828214,0.328
2008-02-13,0.7051635363530425,0.31
2008-02-14,0.6938935917623662,0.296
2008-02-15,0.685164157375732,0.281
2008-02-16,0.6787565320750791,0.267
2008-02-17,0.6740183950056596,0.251
2008-02-18,0.6704880708524854,0.245
2008-02-19,0.667910756249445,0.245
2008-02-20,0.6660332989865952,0.245
2008-02-21,0.6654074079763791,0.245
2008-02-22,0.6636051819760205,0.243
2008-02-23,0.6626804200277377,0.242
2008-02-24,0.6645478818795896,0.241
2008-02-25,0.8322631317183748,0.267
2008-02-26,0.6887363693400771,0.29
2008-02-27,0.6735087179178167,0.244
2008-02-28,0.6693500792109309,0.232
2008-02-29,0.9484730752288782,0.558
2008-03-01,0.8853238096748618,0.537
2008-03-02,0.7526997807435176,0.41
2008-03-03,0.7330690357320774,0.333
2008-03-04,0.7072120381315965,0.283
2008-03-05,0.6949167543270872,0.269
2008-03-06,0.6981029895572676,0.264
2008-03-07,0.678460696569576,0.255
2008-03-08,0.7553398392337274,0.273
2008-03-09,0.9954480564964671,0.274
2008-03-10,1.0113199554054868,0.593
2008-03-11,1.045504988003752,0.524
2008-03-12,0.8634275601173546,0.518
2008-03-13,0.804413784932948,0.396
2008-03-14,0.769988121717147,0.343
2008-03-15,1.3494290020802766,0.706
2008-03-16,1.0219243520823718,1.04
2008-03-17,0.8567948270540289,0.527
2008-03-18,0.8061671134370552,0.416
2008-03-19,0.7792832607237979,0.358
2008-03-20,0.9969787397997366,0.412
2008-03-21,0.8192163783898749,0.428
2008-03-22,0.868818669128244,0.349
2008-03-23,0.7805998169839046,0.358
2008-03-24,0.7440034748039728,0.323
2008-03-25,0.7700764234612072,0.299
2008-03-26,0.7264267683510468,0.306
2008-03-27,0.892141578083307,0.287
2008-03-28,0.9610328301948744,0.563
2008-03-29,1.3018978571447102,1.23
2008-03-30,0.9197862423940169,0.72
2008-03-31,1.0142648596351653,0.488
2008-04-01,0.8642274547839541,0.481
2008-04-02,0.8031581362039997,0.377
2008-04-03,0.7656430763467328,0.334
2008-04-04,0.7485854722821997,0.31
2008-04-05,0.7936071669319926,0.31
2008-04-06,0.7252455783894871,0.293
2008-04-07,0.6939305434910994,0.266
2008-04-08,0.692258133067588,0.259
2008-04-09,0.6695508607714127,0.241
2008-04-10,0.7713919759131496,0.295
2008-04-11,0.9006268769314976,0.435
2008-04-12,0.7896626377551943,0.492
2008-04-13,0.7148967625469868,0.375
2008-04-14,0.6919202936152904,0.313
2008-04-15,0.7896525630717621,0.315
2008-04-16,0.750288088580155,0.33
2008-04-17,0.6874444926102447,0.323
2008-04-18,0.6646923286151952,0.286
2008-04-19,0.6494508170370414,0.258
2008-04-20,0.6348687258197798,0.244
2008-04-21,0.6228082190943685,0.231
2008-04-22,0.6132387498774929,0.224
2008-04-23,0.689189622728173,0.225
2008-04-24,0.6455503727902159,0.288
2008-04-25,0.5999178221895058,0.231
2008-04-26,0.589404489780756,0.217
2008-04-27,0.715819724848124,0.476
2008-04-28,0.6649432159177983,0.409
2008-04-29,1.0117561950847442,1.07
2008-04-30,0.8840187961831544,0.887
2008-05-01,0.72012084464801,0.509
2008-05-02,0.6898159003193406,0.432
2008-05-03,0.6504020424050133,0.339
2008-05-04,0.7134996754184835,0.321
2008-05-05,0.6379495801676014,0.295
2008-05-06,0.6134015400247703,0.258
2008-05-07,0.596017884977165,0.236
2008-05-08,0.5816355916037816,0.224
2008-05-09,0.5694309203409518,0.215
2008-05-10,0.5589279986925533,0.208
2008-05-11,0.549781072266454,0.204
2008-05-12,0.5417063704471411,0.188
2008-05-13,0.5344781216215716,0.182
2008-05-14,0.527916943729755,0.182
2008-05-15,0.5218823449582821,0.182
2008-05-16,0.5168401785213129,0.182
2008-05-17,0.5112710897395103,0.182
2008-05-18,0.5059187254985857,0.182
2008-05-19,0.5010318258345675,0.169
2008-05-20,0.4963151605943801,0.162
2008-05-21,0.49171236143157726,0.16
2008-05-22,0.487195376545821,0.155
2008-05-23,0.48362020041627174,0.152
2008-05-24,0.4784056563187154,0.149
2008-05-25,0.47533488745978686,0.153
2008-05-26,0.6892986279685105,0.17
2008-05-27,0.7007486629373884,0.24
2008-05-28,0.7136718914592332,0.506
2008-05-29,0.49826474580047286,0.239
2008-05-30,0.47101076953842047,0.168
2008-05-31,0.4732147825034115,0.159
2008-06-01,0.4598636491171225,0.206
2008-06-02,0.6751110071016342,0.228
2008-06-03,0.5620721729456184,0.621
2008-06-04,0.45652440104941355,0.271
2008-06-05,0.441655568611055,0.207
2008-06-06,0.43447164961196627,0.184
2008-06-07,0.4283222425725229,0.174
2008-06-08,0.42261807074813296,0.155
2008-06-09,0.4172377281985946,0.149
2008-06-10,0.4126144149377667,0.143
2008-06-11,0.4076404890454869,0.144
2008-06-12,0.4025897380588069,0.144
2008-06-13,0.39783620745939163,0.142
2008-06-14,0.3933179868654577,0.137
2008-06-15,0.3889128860936193,0.136
2008-06-16,0.38454657695205713,0.135
2008-06-17,0.3817059714030213,0.132
2008-06-18,0.37841245413872704,0.138
2008-06-19,0.37203291295931445,0.132
2008-06-20,0.3684579907726228,0.124
2008-06-21,0.43093323555625973,0.16
2008-06-22,0.36845965086328847,0.133
2008-06-23,0.3591184722159537,0.12
2008-06-24,0.35412930948396126,0.12
2008-06-25,0.3496270298375843,0.12
2008-06-26,0.5655127979277127,0.199
2008-06-27,0.37630608898282575,0.153
2008-06-28,0.34688695356070515,0.135
2008-06-29,0.3546034342122605,0.15
2008-06-30,0.33750896406701986,0.129
2008-07-01,0.43143644507299905,0.15
2008-07-02,0.392455498090255,0.182
2008-07-03,0.33425294295654384,0.14
2008-07-04,0.4227636513302659,0.128
2008-07-05,0.40699873098681183,0.176
2008-07-06,0.4777197201495411,0.228
2008-07-07,0.33657514648352715,0.2
2008-07-08,0.31601111089306944,0.156
2008-07-09,0.4097079088570521,0.197
2008-07-10,0.3433513420735849,0.2
2008-07-11,0.48619600102433347,0.439
2008-07-12,0.32509700197919306,0.372
2008-07-13,0.30395455633060464,0.209
2008-07-14,0.2956962933973413,0.179
2008-07-15,0.28932509653517585,0.158
2008-07-16,0.29696915693771314,0.147
2008-07-17,0.2834780946407769,0.15
2008-07-18,0.2778640858994669,0.153
2008-07-19,0.27145738106274375,0.143
2008-07-20,0.2666059817913364,0.131
2008-07-21,0.26243670656489665,0.123
2008-07-22,0.258542803042788,0.123
2008-07-23,0.2548385451677388,0.122
2008-07-24,0.2512873756679808,0.122
2008-07-25,0.24786381616559727,0.119
2008-07-26,0.2445439500013749,0.117
2008-07-27,0.2413266527033726,0.115
2008-07-28,0.45761787114513003,0.185
2008-07-29,0.26232197753406183,0.194
2008-07-30,0.24116069881900382,0.137
2008-07-31,0.2657675379663806,0.231
2008-08-01,0.23795912001513903,0.201
2008-08-02,0.23007791920456472,0.149
2008-08-03,0.22578916672299923,0.137
2008-08-04,0.22294386110810802,0.131
2008-08-05,0.24536517772360547,0.147
2008-08-06,0.22014718441791986,0.137
2008-08-07,0.21489448975482264,0.129
2008-08-08,0.21076285532284728,0.124
2008-08-09,0.42741234562657493,0.253
2008-08-10,0.23042426855259304,0.169
2008-08-11,0.43198064870537217,0.175
2008-08-12,0.3430250651259775,0.514
2008-08-13,0.2252132417202575,0.318
2008-08-14,0.2080838678588927,0.203
2008-08-15,0.2018875755892817,0.162
2008-08-16,0.4324887672146035,0.741
2008-08-17,0.4504236221084327,0.63
2008-08-18,0.4721118113208268,0.704
2008-08-19,0.27412975964881914,0.875
2008-08-20,0.22104042565530418,0.48
2008-08-21,0.2781451148121245,0.423
2008-08-22,0.21464300581588933,0.332
2008-08-23,0.2851724085461392,0.27
2008-08-24,0.21012755099915328,0.229
2008-08-25,0.1963622017286715,0.225
2008-08-26,0.1891860909845012,0.206
2008-08-27,0.18367362745298588,0.191
2008-08-28,0.17854528382364818,0.177
2008-08-29,0.17419284106118366,0.173
2008-08-30,0.1703998453221,0.209
2008-08-31,0.23038451619945283,0.142
2008-09-01,0.29618835685364825,0.237
2008-09-02,0.17966057715029718,0.216
2008-09-03,0.28507797481650865,0.28
2008-09-04,0.4377688390225756,0.667
2008-09-05,0.6744283560529223,8.08
2008-09-06,0.6955548037527866,2.91
2008-09-07,0.6743373563287962,0.898
2008-09-08,0.8737722520235817,0.621
2008-09-09,0.9274408845857914,1.09
2008-09-10,0.7717771547582702,0.664
2008-09-11,0.5919792555767828,0.522
2008-09-12,0.5641750437100601,0.465
2008-09-13,0.40834664886976296,0.423
2008-09-14,0.35450536629545476,0.349
2008-09-15,0.3174979901129998,0.305
2008-09-16,0.2914677569382433,0.282
2008-09-17,0.26554907142746015,0.262
2008-09-18,0.24703506168898567,0.241
2008-09-19,0.23246273801411602,0.226
2008-09-20,0.2209181879236238,0.215
2008-09-21,0.21180754767543128,0.21
2008-09-22,0.21816032428217227,0.201
2008-09-23,0.19979586125689028,0.197
2008-09-24,0.19420572127662752,0.188
2008-09-25,0.1908438239154096,0.181
2008-09-26,0.18752060321137248,0.178
2008-09-27,0.18808474341485415,0.176
2008-09-28,0.18351976073524429,0.169
2008-09-29,0.25717922002184174,0.177
2008-09-30,0.4410072216576041,0.291
2008-10-01,0.4994035198345066,0.455
2008-10-02,0.32530719743060554,0.345
2008-10-03,0.27411637860657617,0.248
2008-10-04,0.9384775567450219,0.879
2008-10-05,0.7638590275253495,1.18
2008-10-06,0.49029368999912837,0.482
2008-10-07,0.5938520421671097,0.48
2008-10-08,0.4249721014475141,0.381
2008-10-09,0.37268251170630085,0.317
2008-10-10,0.3375763469178748,0.282
2008-10-11,0.4240315345625189,0.264
2008-10-12,0.331369791017214,0.26
2008-10-13,0.31413192224165587,0.239
2008-10-14,0.7413877540017874,0.44
2008-10-15,0.5180544524580325,0.684
2008-10-16,0.39416115916109196,0.444
2008-10-17,0.3502469144746391,0.351
2008-10-18,0.32857489808788276,0.305
2008-10-19,0.3047350928199162,0.28
2008-10-20,0.4793942875966353,0.342
2008-10-21,0.33716939363926896,0.307
2008-10-22,0.3060080690247208,0.27
2008-10-23,0.3723557182723803,0.26
2008-10-24,0.3041062256770137,0.251
2008-10-25,0.8560220645708484,1.05
2008-10-26,0.7186589311541938,1.58
2008-10-27,0.4623926668026461,0.565
2008-10-28,0.388070306570519,0.427
2008-10-29,0.36011303570641157,0.36
2008-10-30,0.33688439903341066,0.324
2008-10-31,0.31405131985651535,0.291
2008-11-01,0.80298708633747,0.338
2008-11-02,0.5775968880473511,0.504
2008-11-03,0.45100380500818976,0.415
2008-11-04,0.4203828615656151,0.358
2008-11-05,0.3781174457716215,0.332
2008-11-06,0.6537732568187101,0.291
2008-11-07,0.5211793013689631,0.465
2008-11-08,0.5720307169420481,0.428
2008-11-09,1.213510963976334,1.95
2008-11-10,0.9721538627417906,0.871
2008-11-11,0.8616893213558163,0.625
2008-11-12,0.6405220643577579,0.612
2008-11-13,0.6924566635134825,0.523
2008-11-14,0.5578017146109912,0.477
2008-11-15,0.5767373683949281,0.436
2008-11-16,0.5008727826930206,0.396
2008-11-17,0.6236084845789258,0.425
2008-11-18,0.48159657765633246,0.42
2008-11-19,0.4441644162881584,0.367
2008-11-20,0.4158482192026165,0.337
2008-11-21,0.39703074991948006,0.301
2008-11-22,0.5986184156873957,0.296
2008-11-23,0.6776536453004405,0.504
2008-11-24,0.48841705406907604,0.384
2008-11-25,0.4458764907556434,0.329
2008-11-26,0.4218483579694087,0.316
2008-11-27,0.49310164219044667,0.317
2008-11-28,0.4236920558671894,0.301
2008-11-29,0.4007494347796923,0.281
2008-11-30,0.38724888125390317,0.259
2008-12-01,0.4136833576187518,0.265
2008-12-02,0.4379605993687752,0.251
2008-12-03,0.8817513813942623,0.267
2008-12-04,0.6516458647528374,1.08
2008-12-05,0.5246948522082481,0.485
2008-12-06,0.47806048560059705,0.381
2008-12-07,0.45417371530683254,0.337
2008-12-08,0.7889824017892981,0.529
2008-12-09,0.5369240120683784,0.464
2008-12-10,0.4881064241350787,0.38
2008-12-11,0.4626368367551078,0.339
2008-12-12,1.215709916476348,0.566
2008-12-13,1.3108254276928606,3.3
2008-12-14,0.9319959926698015,0.791
2008-12-15,0.7192715030026883,0.561
2008-12-16,0.8347879584042049,0.545
2008-12-17,0.6877734538643292,0.515
2008-12-18,0.7834262410317592,0.503
2008-12-19,0.8079608459637904,0.485
2008-12-20,0.9444745369024647,0.842
2008-12-21,0.7412196802269079,0.641
2008-12-22,0.642444382583847,0.525
2008-12-23,0.5929438999928297,0.446
2008-12-24,0.5560253069846415,0.393
2008-12-25,0.527003238893345,0.384
2008-12-26,0.5040814511978539,0.321
2008-12-27,0.485989025191703,0.296
2008-12-28,0.4717085093812524,0.279
2008-12-29,0.46044295329313906,0.261
2008-12-30,0.4515498071384839,0.245
2008-12-31,0.4445150958820621,0.233
2009-01-01,0.4404567276991737,0.225
2009-01-02,0.4345976342240101,0.223
2009-01-03,0.43088866623802907,0.222
2009-01-04,0.46660854955671294,0.22
2009-01-05,0.44152747682106025,0.211
2009-01-06,0.43463040519876595,0.195
2009-01-07,0.4343821062254609,0.198
2009-01-08,0.42690414160509993,0.209
2009-01-09,0.42383433804817455,0.205
2009-01-10,0.4215066012950022,0.198
2009-01-11,0.6262535774652017,0.205
2009-01-12,1.0088893187718737,0.799
2009-01-13,0.6508758812687347,0.516
2009-01-14,0.5986132987668876,0.373
2009-01-15,0.6422269796774237,0.349
2009-01-16,0.7325908970459615,0.358
2009-01-17,0.9593842742574358,0.656
2009-01-18,1.0815935942609647,0.625
2009-01-19,0.9437499357627814,1.31
2009-01-20,0.7458849725422072,0.601
2009-01-21,1.5734709123865127,1.39
2009-01-22,1.3107607451705128,2.09
2009-01-23,0.9279106816097168,0.808
2009-01-24,0.930013791515057,0.581
2009-01-25,0.7794597741990053,0.527
2009-01-26,0.7137053254157204,0.435
2009-01-27,1.268555269879832,0.669
2009-01-28,0.8316617070417209,0.904
2009-01-29,0.7351829035145694,0.574
2009-01-30,0.6836174092560354,0.454
2009-01-31,0.6382521456352406,0.385
2009-02-01,0.6368431395029782,0.344
2009-02-02,0.8816681954550888,0.342
2009-02-03,0.6998961765826671,0.324
2009-02-04,0.7586097049280943,0.31
2009-02-05,0.7105556503424472,0.3
2009-02-06,0.6338161610909169,0.284
2009-02-07,0.6015782425956689,0.267
2009-02-08,0.8295226951812811,0.265
2009-02-09,1.0651751258937379,0.365
2009-02-10,0.7504028858691028,0.568
2009-02-11,0.6857750669056035,0.505
2009-02-12,0.6932588450074116,0.461
2009-02-13,0.6335736004851251,0.709
2009-02-14,0.610088294376605,0.546
2009-02-15,0.5838576493280245,0.604
2009-02-16,0.5662411795828268,0.455
2009-02-17,0.5541916406440013,0.386
2009-02-18,0.5418140850724638,0.35
2009-02-19,0.5362352037088205,0.318
2009-02-20,0.5286687340253611,0.295
2009-02-21,0.5208123818680057,0.274
2009-02-22,0.5153519795525661,0.262
2009-02-23,0.5099948295568046,0.251
2009-02-24,0.5075044197927006,0.243
2009-02-25,0.5032508171546803,0.23
2009-02-26,0.5034107814176539,0.227
2009-02-27,0.4976221622822052,0.224
2009-02-28,0.49477673320198096,0.221
2009-03-01,0.4923048797960737,0.21
2009-03-02,0.49081542090251584,0.201
2009-03-03,0.7831587494323151,0.665
2009-03-04,0.6433410684237716,0.416
2009-03-05,0.5266010238631225,0.299
2009-03-06,0.5113983409205383,0.263
2009-03-07,0.5866903143025731,0.258
2009-03-08,0.6939635723332769,0.262
2009-03-09,1.0792538094297977,0.429
2009-03-10,0.7200804992634846,0.552
2009-03-11,0.6660763950452923,0.363
2009-03-12,0.613761561095008,0.31
2009-03-13,0.6190614937766583,0.286
2009-03-14,0.5757122306669008,0.256
2009-03-15,0.5524961379068285,0.226
2009-03-16,0.5344626668671073,0.219
2009-03-17,0.5196696065215362,0.207
2009-03-18,0.5074209990468905,0.206
2009-03-19,0.49712190853850147,0.202
2009-03-20,0.4884119563678634,0.194
2009-03-21,0.4809456323294042,0.185
2009-03-22,0.47462486291001393,0.183
2009-03-23,0.4691854183543002,0.181
2009-03-24,0.5507932867305668,0.199
2009-03-25,0.47853717000545953,0.207
2009-03-26,0.4639542869454288,0.196
2009-03-27,0.46838763477329143,0.181
2009-03-28,0.45514733714306843,0.177
2009-03-29,0.4487885399276448,0.169
2009-03-30,0.44418964946796924,0.167
2009-03-31,0.43988708037043933,0.164
2009-04-01,0.4358570706979713,0.16
2009-04-02,0.4319997051779637,0.159
2009-04-03,0.42843166145582523,0.158
2009-04-04,0.42464482136860127,0.154
2009-04-05,0.421063902901311,0.148
2009-04-06,0.4180851478544743,0.148
2009-04-07,0.4175958658098091,0.15
2009-04-08,0.4235320093947465,0.151
2009-04-09,0.4633643137661309,0.176
2009-04-10,0.472574021119837,0.212
2009-04-11,0.41149705082668686,0.169
2009-04-12,0.40241485594846077,0.158
2009-04-13,0.39763750780448825,0.153
2009-04-14,0.5099509434723332,0.169
2009-04-15,0.40304002851226517,0.193
2009-04-16,0.3910323702897309,0.158
2009-04-17,0.38485455468911345,0.144
2009-04-18,0.38030141599418954,0.138
2009-04-19,0.3760814122728484,0.134
2009-04-20,0.37201606557786826,0.132
2009-04-21,0.36806515971745885,0.13
2009-04-22,0.3642045842017553,0.126
2009-04-23,0.3604160764751562,0.128
2009-04-24,0.35668761015444894,0.125
2009-04-25,0.3533366291294924,0.128
2009-04-26,0.48758701855874187,0.136
2009-04-27,0.5007865531487575,0.232
2009-04-28,0.41050708542086356,0.235
2009-04-29,0.3540552407009551,0.165
2009-04-30,0.3876416764799458,0.182
2009-05-01,0.34506460268897726,0.161
2009-05-02,0.33765710015119743,0.146
2009-05-03,0.33256455490406517,0.14
2009-05-04,0.4464577256791505,0.161
2009-05-05,0.3729100581739948,0.19
2009-05-06,0.32891736378527947,0.185
2009-05-07,0.32066214643357,0.155
2009-05-08,0.3151315735339366,0.141
2009-05-09,0.3103538915613017,0.132
2009-05-10,0.30604360962398686,0.129
2009-05-11,0.3019650133841468,0.121
2009-05-12,0.29816769397599463,0.122
2009-05-13,0.2947534384102924,0.126
2009-05-14,0.5073457736997695,0.154
2009-05-15,0.4825664147964054,0.367
2009-05-16,0.4049363286760288,0.356
2009-05-17,0.41250194659735623,0.412
2009-05-18,0.32343575167359234,0.336
2009-05-19,0.3515511207311416,0.329
2009-05-20,0.5416575109507759,1.28
2009-05-21,0.3341123912021928,0.636
2009-05-22,0.2993767561592786,0.352
2009-05-23,0.28706301246341154,0.263
2009-05-24,0.2792508183201637,0.213
2009-05-25,0.29017613108833,0.203
2009-05-26,0.27263531817871617,0.176
2009-05-27,0.26607269502876374,0.199
2009-05-28,0.25881372880429954,0.166
2009-05-29,0.25405608035722965,0.154
2009-05-30,0.24984200842118426,0.143
2009-05-31,0.24595022586894943,0.136
2009-06-01,0.24230986134958252,0.13
2009-06-02,0.23887247819472957,0.128
2009-06-03,0.2356006807092948,0.13
2009-06-04,0.23246384794771113,0.128
2009-06-05,0.4552064895973692,0.171
2009-06-06,0.4498756734313715,0.414
2009-06-07,0.48799101664080996,1.58
2009-06-08,0.39805985530388527,0.444
2009-06-09,0.25321787315325106,0.279
2009-06-10,0.4122488860579595,0.273
2009-06-11,0.26941376308407006,0.225
2009-06-12,0.2481899584472903,0.191
2009-06-13,0.23814599503209968,0.17
2009-06-14,0.23062980305552183,0.158
2009-06-15,0.30025523174837154,0.182
2009-06-16,0.22781804814257267,0.15
2009-06-17,0.25904094454682236,0.169
2009-06-18,0.21753453747443144,0.145
2009-06-19,0.2097778112716656,0.135
2009-06-20,0.20485951668088884,0.133
2009-06-21,0.2007908771780927,0.129
2009-06-22,0.197187581788767,0.127
2009-06-23,0.19385266845108126,0.124
2009-06-24,0.19078190114820154,0.122
2009-06-25,0.1879307449908942,0.123
2009-06-26,0.18535857207609688,0.126
2009-06-27,0.18271266530554878,0.13
2009-06-28,0.1802744160547299,0.126
2009-06-29,0.1797660100938622,0.127
2009-06-30,0.17605949243384522,0.129
2009-07-01,0.17348147617465431,0.124
2009-07-02,0.27594592546093427,0.122
2009-07-03,0.3199744754296536,0.596
2009-07-04,0.18998689228707027,0.186
2009-07-05,0.17510305586311836,0.162
2009-07-06,0.3937782617683522,0.201
2009-07-07,0.4229933912850448,0.854
2009-07-08,0.3264425693890875,0.536
2009-07-09,0.18961208742213392,0.236
2009-07-10,0.17363380602832132,0.182
2009-07-11,0.34704241147881115,0.239
2009-07-12,0.18584254062658254,0.228
2009-07-13,0.2090713973816894,0.191
2009-07-14,0.2896988931909561,0.244
2009-07-15,0.18740853394380044,0.28
2009-07-16,0.2570135581036202,0.287
2009-07-17,0.23088711949308932,0.28
2009-07-18,0.17818505426499337,0.257
2009-07-19,0.20970379013170537,0.29
2009-07-20,0.18192038209538589,0.225
2009-07-21,0.3005982506986953,0.462
2009-07-22,0.1789566802388534,0.403
2009-07-23,0.16028450119721738,0.263
2009-07-24,0.22161343004479506,0.275
2009-07-25,0.1630143454336312,0.22
2009-07-26,0.2524355369789386,0.304
2009-07-27,0.1621196651585608,0.295
2009-07-28,0.20630420113559753,0.259
2009-07-29,0.3850567551152109,0.93
2009-07-30,0.20404051108853022,0.445
2009-07-31,0.25604773835734207,0.344
2009-08-01,0.4054339268780017,1.07
2009-08-02,0.25221108361787087,0.47
2009-08-03,0.2299703783225206,0.326
2009-08-04,0.34455089112170784,0.376
2009-08-05,0.2215542282310061,0.41
2009-08-06,0.44600309982608366,0.481
2009-08-07,0.23860119346752084,0.478
2009-08-08,0.20497787971968584,0.295
2009-08-09,0.19333335728872822,0.241
2009-08-10,0.17854196903719996,0.246
2009-08-11,0.16826243844510794,0.214
2009-08-12,0.1581513487078371,0.213
2009-08-13,0.15124078553000828,0.19
2009-08-14,0.14600720662628108,0.181
2009-08-15,0.1418082553792661,0.174
2009-08-16,0.13844161221134962,0.165
2009-08-17,0.13484892571713653,0.157
2009-08-18,0.13226219750592677,0.153
2009-08-19,0.1301002825839888,0.147
2009-08-20,0.12903622463895706,0.144
2009-08-21,0.12838403101813434,0.153
2009-08-22,0.12531118894006396,0.145
2009-08-23,0.12464520752653786,0.143
2009-08-24,0.12395049328495532,0.153
2009-08-25,0.17466664582313673,0.159
2009-08-26,0.16906930913769602,0.181
2009-08-27,0.12864871906889475,0.156
2009-08-28,0.12519320559381666,0.151
2009-08-29,0.12150688401390718,0.14
2009-08-30,0.12177244179407713,0.15
2009-08-31,0.11869087968819332,0.142
2009-09-01,0.15181300215469185,0.155
2009-09-02,0.3524689248597766,0.362
2009-09-03,0.335841815072504,0.543
2009-09-04,0.14399456741331554,0.251
2009-09-05,0.12503661868246282,0.199
2009-09-06,0.12254696113655236,0.184
2009-09-07,0.11832133641061626,0.173
2009-09-08,0.11652297908501291,0.163
2009-09-09,0.11394503147962759,0.15
2009-09-10,0.11216255182568018,0.144
2009-09-11,0.11060230434872781,0.142
2009-09-12,0.10918584231934793,0.142
2009-09-13,0.10788023417796747,0.138
2009-09-14,0.10666188542469993,0.136
2009-09-15,0.10551333367335633,0.133
2009-09-16,0.1045199777549827,0.131
2009-09-17,0.10336980803135395,0.134
2009-09-18,0.10234014689146526,0.133
2009-09-19,0.10134303550725748,0.132
2009-09-20,0.10036602592780812,0.131
2009-09-21,0.09940504472518301,0.131
2009-09-22,0.09852147598621905,0.126
2009-09-23,0.09752845246477075,0.126
2009-09-24,0.09658011429773082,0.127
2009-09-25,0.09564768335131128,0.126
2009-09-26,0.094731893208477,0.124
2009-09-27,0.0938640237098338,0.125
2009-09-28,0.09296082370858068,0.124
2009-09-29,0.09229115496718789,0.127
2009-09-30,0.09111457445196439,0.124
2009-10-01,0.09019759424532206,0.12
2009-10-02,0.08935497504061564,0.121
2009-10-03,0.08914308224018874,0.119
2009-10-04,0.08747888086264789,0.118
2009-10-05,0.14985352250620046,0.124
2009-10-06,0.322201866657676,0.334
2009-10-07,0.2505626851868483,0.209
2009-10-08,0.10817974624147855,0.15
2009-10-09,0.15258433217347078,0.151
2009-10-10,0.09755798589575186,0.15
2009-10-11,0.09093587100378822,0.137
2009-10-12,0.08783608801247328,0.132
2009-10-13,0.08574163431287735,0.132
2009-10-14,0.10633544437251526,0.133
2009-10-15,0.08625886651785117,0.141
2009-10-16,0.08220232904795041,0.134
2009-10-17,0.08042419675704074,0.134
2009-10-18,0.07898197820245838,0.131
2009-10-19,0.07767742534916536,0.126
2009-10-20,0.2109816300429516,0.158
2009-10-21,0.09031052058308958,0.159
2009-10-22,0.15264493460102224,0.178
2009-10-23,0.16391975277998866,0.159
2009-10-24,0.18875645820219644,0.348
2009-10-25,0.0903300682057159,0.212
2009-10-26,0.09189118614711769,0.17
2009-10-27,0.07885367339905903,0.167
2009-10-28,0.07572294943658467,0.156
2009-10-29,0.07371835712752689,0.148
2009-10-30,0.1419102764079911,0.148
2009-10-31,0.2955238948139073,0.184
2009-11-01,0.31568886682818387,1.45
2009-11-02,0.24392096641788494,0.402
2009-11-03,0.12584880432278014,0.579
2009-11-04,0.12504017661919148,0.367
2009-11-05,0.09774302721706944,0.326
2009-11-06,0.17511898629401376,0.388
2009-11-07,0.09885871134900037,0.372
2009-11-08,0.08679458983636827,0.292
2009-11-09,0.08191332302078896,0.259
2009-11-10,0.11710669535120595,0.253
2009-11-11,0.1304413539670234,0.271
2009-11-12,0.31314065380862105,0.719
2009-11-13,0.37095463422919506,1.74
2009-11-14,0.24040022493688656,0.914
2009-11-15,0.6021272216504193,0.546
2009-11-16,0.2890460410019864,1.37
2009-11-17,0.6715227503264631,0.631
2009-11-18,0.4554992946074265,1.24
2009-11-19,0.4393667121571747,0.611
2009-11-20,0.31470645237330597,0.506
2009-11-21,0.7151681137511372,0.859
2009-11-22,0.5127801562262619,0.759
2009-11-23,1.144219878442435,2.44
2009-11-24,1.1392671803292789,1.94
2009-11-25,0.7701980654740033,1.09
2009-11-26,0.6003273399625328,0.688
2009-11-27,0.7745218455770486,0.583
2009-11-28,0.8647951347965497,0.88
2009-11-29,0.8092808100389179,1.23
2009-11-30,0.5469821173508312,0.756
2009-12-01,0.7931628794332756,0.723
2009-12-02,0.6192190081312033,0.734
2009-12-03,0.5995830168696462,0.691
2009-12-04,0.8854911546229852,0.909
2009-12-05,1.511468785430479,1.83
2009-12-06,1.0182911119739324,2.74
2009-12-07,0.9342389352618019,0.911
2009-12-08,0.8216137405670066,0.884
2009-12-09,1.0063635147724357,1.11
2009-12-10,0.6829298936746659,0.892
2009-12-11,0.5793075553486989,0.633
2009-12-12,0.5128838648611984,0.531
2009-12-13,0.5708035634629901,0.471
2009-12-14,0.6150293991073005,0.462
2009-12-15,0.48255408417295886,0.463
2009-12-16,0.5842783625402643,0.466
2009-12-17,0.4910888341810227,0.448
2009-12-18,0.43282970720470776,0.38
2009-12-19,0.45728687250085764,0.353
2009-12-20,0.5293353510928613,0.335
2009-12-21,0.4342270748159872,0.319
2009-12-22,0.4053091159899124,0.298
2009-12-23,0.5484765289498639,0.279
2009-12-24,0.431212313839982,0.283
2009-12-25,0.47642602870943807,0.292
2009-12-26,0.48725873944486203,0.576
2009-12-27,0.5510377260098478,0.741
2009-12-28,0.4492566551815279,0.519
2009-12-29,1.0063583719346292,0.796
2009-12-30,0.6445257987420826,1.03
2009-12-31,0.5489718755249625,0.573
2010-01-01,0.5087862553851507,0.429
2010-01-02,0.8253087269229585,0.387
2010-01-03,0.5973880184585802,0.341
2010-01-04,0.5601810736539864,0.313
2010-01-05,0.6596768034135949,0.305
2010-01-06,0.5981122597005284,0.282
2010-01-07,0.5241333222905161,0.254
2010-01-08,0.49775642040688506,0.246
2010-01-09,0.4769131454021423,0.239
2010-01-10,0.6773886607670566,0.241
2010-01-11,0.5724717741443242,0.248
2010-01-12,0.5118394529986031,0.248
2010-01-13,0.5808378883684001,0.251
2010-01-14,0.6043804921767951,0.249
2010-01-15,1.1524996191682852,1.66
2010-01-16,0.9680922725007676,3.59
2010-01-17,0.7164755544594622,0.906
2010-01-18,0.6459077479678348,0.651
2010-01-19,0.5985041600479474,0.559
2010-01-20,0.5640810707459329,0.454
2010-01-21,1.1536947238787605,0.529
2010-01-22,1.3919227861787309,2.89
2010-01-23,0.9144070874511697,0.833
2010-01-24,0.8387687790080803,0.618
2010-01-25,0.7316759916801467,0.513
2010-01-26,0.6762950670219519,0.443
2010-01-27,0.6391418430805416,0.419
2010-01-28,0.7274928809883834,0.395
2010-01-29,0.6208337880861952,0.381
2010-01-30,0.5834707152747902,0.326
2010-01-31,0.5602297317210597,0.3
2010-02-01,0.7521001775328252,0.288
2010-02-02,0.959933620207234,0.631
2010-02-03,0.9760449297391535,0.582
2010-02-04,0.9510742460758767,0.736
2010-02-05,0.7507734990902323,0.725
2010-02-06,0.6934527253730588,0.505
2010-02-07,0.6551280204773247,0.44
2010-02-08,0.6190419717232074,0.391
2010-02-09,0.597563936954506,0.349
2010-02-10,0.6113611683636485,0.323
2010-02-11,0.579338473406499,0.305
2010-02-12,0.587218712910086,0.302
2010-02-13,0.5650942465753462,0.288
2010-02-14,0.5452740204260045,0.283
2010-02-15,0.8480166693731752,0.321
2010-02-16,0.639511434814302,0.382
2010-02-17,0.6409844226570842,0.339
2010-02-18,0.703304434542658,0.335
2010-02-19,0.619153317389386,0.337
2010-02-20,0.7838712098347785,0.33
2010-02-21,0.8430987601005319,0.337
2010-02-22,0.6741894797953092,0.315
2010-02-23,0.7346125612835569,0.321
2010-02-24,0.6710560963714562,0.634
2010-02-25,1.1183590973799655,0.836
2010-02-26,0.8162438725366292,1.04
2010-02-27,0.8229377945898908,0.619
2010-02-28,0.7131145088555377,0.501
2010-03-01,0.6681290414864769,0.409
2010-03-02,0.6381500572391617,0.355
2010-03-03,0.6119633466836356,0.33
2010-03-04,0.5919154651248342,0.301
2010-03-05,0.5772608959116484,0.279
2010-03-06,0.5628606067663959,0.265
2010-03-07,0.5519165042111345,0.246
2010-03-08,0.5430567703937613,0.241
2010-03-09,0.5356880607964092,0.233
2010-03-10,0.529493647484401,0.221
2010-03-11,0.5271771038692777,0.218
2010-03-12,0.5344715169154219,0.217
2010-03-13,0.5219987268280265,0.202
2010-03-14,0.5165899806160771,0.195
2010-03-15,0.5122102701992775,0.193
2010-03-16,0.5082756307767357,0.191
2010-03-17,0.5046373936447152,0.177
2010-03-18,0.5036406928819988,0.156
2010-03-19,0.630429178808975,0.204
2010-03-20,0.699857798970373,0.303
2010-03-21,0.5515402251235091,0.249
2010-03-22,0.5590522405461453,0.225
2010-03-23,0.7135797863459221,0.251
2010-03-24,1.045318774649983,0.659
2010-03-25,1.08533835988129,1.14
2010-03-26,0.7816415627603445,0.721
2010-03-27,0.695924149111984,0.445
2010-03-28,0.7543646032320748,0.362
2010-03-29,1.1203357244879655,0.857
2010-03-30,1.132797737468478,0.895
2010-03-31,0.929967134124981,0.771
2010-04-01,0.8472011325172253,0.633
2010-04-02,1.0300486385960461,0.79
2010-04-03,0.7922345267633958,0.657
2010-04-04,0.8178262044906462,0.483
2010-04-05,0.7115962549901464,0.453
2010-04-06,0.6831895526020044,0.39
2010-04-07,0.6334255428597647,0.358
2010-04-08,0.600891612134805,0.316
2010-04-09,0.5779798140433923,0.307
2010-04-10,0.5596930657729193,0.296
2010-04-11,0.5448349897677628,0.291
2010-04-12,0.5326695765142585,0.265
2010-04-13,0.5226293517221384,0.248
2010-04-14,0.5142614877088723,0.239
2010-04-15,0.5072074414796348,0.232
2010-04-16,0.5011801608166656,0.197
2010-04-17,0.49595128092066254,0.193
2010-04-18,0.49244449090581294,0.19
2010-04-19,0.4873049077102409,0.192
2010-04-20,0.48342707401440094,0.181
2010-04-21,0.47990592277300703,0.177
2010-04-22,0.476588113172206,0.177
2010-04-23,0.47341090840653377,0.177
2010-04-24,0.47094934110929454,0.172
2010-04-25,0.4680072653676326,0.168
2010-04-26,0.46437982285595597,0.16
2010-04-27,0.46135822073803756,0.159
2010-04-28,0.45838143557523364,0.159
2010-04-29,0.5249526490370737,0.185
2010-04-30,0.5430998349342784,0.191
2010-05-01,0.46301008434201146,0.165
2010-05-02,0.4526459103387395,0.157
2010-05-03,0.4485425611293259,0.153
2010-05-04,0.4439920821208794,0.153
2010-05-05,0.44014899877431934,0.155
2010-05-06,0.4369055734897132,0.154
2010-05-07,0.43405159672782323,0.151
2010-05-08,0.4292595758469922,0.151
2010-05-09,0.42546488771264107,0.148
2010-05-10,0.4223458782065674,0.157
2010-05-11,0.41852055151656453,0.155
2010-05-12,0.4148313530412816,0.152
2010-05-13,0.41126600332012503,0.153
2010-05-14,0.4077223289953899,0.153
2010-05-15,0.4041775997439074,0.15
2010-05-16,0.40062234310691297,0.149
2010-05-17,0.39706533674977024,0.139
2010-05-18,0.39348833498892705,0.138
2010-05-19,0.38990697878365155,0.137
2010-05-20,0.386318042109727,0.135
2010-05-21,0.3827212940187364,0.135
2010-05-22,0.37911751276969463,0.132
2010-05-23,0.37550768995045425,0.13
2010-05-24,0.3718929297053391,0.126
2010-05-25,0.36827441052766724,0.128
2010-05-26,0.36603625731020606,0.136
2010-05-27,0.36166135157068535,0.132
2010-05-28,0.35868594056113823,0.131
2010-05-29,0.4266928275131117,0.167
2010-05-30,0.3595573832563225,0.133
2010-05-31,0.35026207164894085,0.13
2010-06-01,0.3464649274471917,0.134
2010-06-02,0.3415879750964256,0.128
2010-06-03,0.3375438243293625,0.118
2010-06-04,0.3337849193062946,0.121
2010-06-05,0.40608718740450134,0.122
2010-06-06,0.336465477711386,0.139
2010-06-07,0.4375521359242203,0.135
2010-06-08,0.3769023972846063,0.196
2010-06-09,0.33034418335013965,0.139
2010-06-10,0.320113453177044,0.131
2010-06-11,0.3146784184302129,0.125
2010-06-12,0.31056081044641826,0.12
2010-06-13,0.5249933587771092,0.203
2010-06-14,0.32714084752341455,0.138
2010-06-15,0.3062824491691456,0.126
2010-06-16,0.2997893512988437,0.122
2010-06-17,0.29480492156014076,0.121
2010-06-18,0.29072914863768584,0.119
2010-06-19,0.286005117532499,0.118
2010-06-20,0.281915337708294,0.116
2010-06-21,0.2781658807437798,0.115
2010-06-22,0.27432980805603335,0.11
2010-06-23,0.27072370022866254,0.111
2010-06-24,0.26728820818057236,0.112
2010-06-25,0.2638270115330676,0.11
2010-06-26,0.2605834924113667,0.109
2010-06-27,0.25722582050468534,0.104
2010-06-28,0.25426015565820026,0.104
2010-06-29,0.2508564718867752,0.105
2010-06-30,0.24771395658958487,0.103
2010-07-01,0.24748248594126027,0.111
2010-07-02,0.24180347665556542,0.112
2010-07-03,0.23858123504629458,0.106
2010-07-04,0.23558158289428277,0.108
2010-07-05,0.23262580825819007,0.11
2010-07-06,0.22970031667714033,0.111
2010-07-07,0.2268648903464298,0.112
2010-07-08,0.22402924278916392,0.106
2010-07-09,0.2210955559158692,0.098
2010-07-10,0.21827075642094357,0.095
2010-07-11,0.21680047495977411,0.094
2010-07-12,0.2139528228481255,0.108
2010-07-13,0.23370990468872813,0.111
2010-07-14,0.3498082258904714,0.138
2010-07-15,0.3537922820798329,0.159
2010-07-16,0.22701507134696744,0.125
2010-07-17,0.21188498069229825,0.106
2010-07-18,0.20645983891291672,0.111
2010-07-19,0.2435690579610097,0.115
2010-07-20,0.21861368828235642,0.123
2010-07-21,0.20056616605800534,0.113
2010-07-22,0.19518259885296232,0.105
2010-07-23,0.1909882848126746,0.103
2010-07-24,0.18766006051010511,0.102
2010-07-25,0.18420133480359385,0.103
2010-07-26,0.1811273136617333,0.107
2010-07-27,0.17835796634562467,0.106
2010-07-28,0.1757650820894674,0.104
2010-07-29,0.17285396509976422,0.102
2010-07-30,0.221672771990018,0.119
2010-07-31,0.17484064417490205,0.111
2010-08-01,0.16838302170626085,0.103
2010-08-02,0.16527675281718512,0.102
2010-08-03,0.27071006730281,0.115
2010-08-04,0.1736036233077355,0.126
2010-08-05,0.16242296739625278,0.103
2010-08-06,0.15904103884389642,0.103
2010-08-07,0.15606640310711084,0.101
2010-08-08,0.15306158995539468,0.101
2010-08-09,0.15077181286810867,0.1
2010-08-10,0.14811112725791023,0.099
2010-08-11,0.1462332787430478,0.098
2010-08-12,0.29479004781281093,0.137
2010-08-13,0.21994803804078203,0.117
2010-08-14,0.15389299804189535,0.119
2010-08-15,0.1448522987986394,0.104
2010-08-16,0.14578010996061688,0.106
2010-08-17,0.13857797123779256,0.109
2010-08-18,0.1371338373825687,0.105
2010-08-19,0.2487946868530481,0.132
2010-08-20,0.16588282355427506,0.125
2010-08-21,0.1382798737723985,0.123
2010-08-22,0.21606711193004066,0.123
2010-08-23,0.14121652164576423,0.141
2010-08-24,0.13065832814215025,0.112
2010-08-25,0.20157831970879284,0.114
2010-08-26,0.13375518164995523,0.127
2010-08-27,0.12505686927444468,0.107
2010-08-28,0.13373140960664442,0.111
2010-08-29,0.12334347027769425,0.121
2010-08-30,0.1182280178653048,0.106
2010-08-31,0.11558464717673918,0.105
2010-09-01,0.11332928305586405,0.103
2010-09-02,0.1112618617089229,0.102
2010-09-03,0.10933753493173587,0.098
2010-09-04,0.10752959949965467,0.1
2010-09-05,0.10581852733892337,0.1
2010-09-06,0.3405951463352087,0.288
2010-09-07,0.34117743244172605,0.167
2010-09-08,0.16377236670042172,0.126
2010-09-09,0.22233946924960382,0.137
2010-09-10,0.3055291272566839,0.184
2010-09-11,0.138128255109165,0.169
2010-09-12,0.11880703044534464,0.121
2010-09-13,0.17745074950650017,0.123
2010-09-14,0.11929486370731016,0.136
2010-09-15,0.13373659368947685,0.12
2010-09-16,0.10894297435993716,0.11
2010-09-17,0.10336705084927926,0.106
2010-09-18,0.12877049810834001,0.112
2010-09-19,0.10189296368867287,0.111
2010-09-20,0.09655642280281086,0.103
2010-09-21,0.09370361354460933,0.102
2010-09-22,0.13532067679735924,0.109
2010-09-23,0.21709276106545425,0.125
2010-09-24,0.10420415972603025,0.121
2010-09-25,0.09269462191987429,0.106
2010-09-26,0.0898696584411714,0.105
2010-09-27,0.08762008535795424,0.106
2010-09-28,0.13169800311168908,0.11
2010-09-29,0.1479971086710541,0.141
2010-09-30,0.1890903921774308,0.126
2010-10-01,0.4055683984346365,0.779
2010-10-02,0.42079192639413365,0.255
2010-10-03,0.4184021868546131,0.908
2010-10-04,0.37803570741173115,0.295
2010-10-05,0.25831182047583484,0.21
2010-10-06,0.14476385058706312,0.183
2010-10-07,0.12634916481737876,0.157
2010-10-08,0.11507027742604173,0.159
2010-10-09,0.10719272393612271,0.146
2010-10-10,0.10098642866125504,0.141
2010-10-11,0.09596275774537795,0.133
2010-10-12,0.09186971890354051,0.122
2010-10-13,0.08851707783023531,0.125
2010-10-14,0.08575555606202388,0.126
2010-10-15,0.08415985193886763,0.13
2010-10-16,0.08175495528492008,0.128
2010-10-17,0.07999370736264655,0.126
2010-10-18,0.10102809019200529,0.129
2010-10-19,0.17439856741291374,0.159
2010-10-20,0.08830525130215422,0.131
2010-10-21,0.07978571506068044,0.129
2010-10-22,0.10857955042017546,0.133
2010-10-23,0.08097040028811714,0.138
2010-10-24,0.07668924639038319,0.127
2010-10-25,0.08073723992722706,0.121
2010-10-26,0.22736530335734983,0.183
2010-10-27,0.14012159840268246,0.159
2010-10-28,0.08394588380120935,0.162
2010-10-29,0.07751209463520889,0.15
2010-10-30,0.07538995244046294,0.14
2010-10-31,0.13817134830902214,0.144
2010-11-01,0.09698395847040416,0.157
2010-11-02,0.2756951418698879,0.249
2010-11-03,0.31829772024065656,0.355
2010-11-04,0.38841247145663726,0.507
2010-11-05,0.2593356707282051,0.456
2010-11-06,0.17821847105865798,0.308
2010-11-07,0.5911714414753615,0.265
2010-11-08,1.081060602228645,3.19
2010-11-09,0.7514489221039291,1.02
2010-11-10,0.8779865781150876,0.556
2010-11-11,0.5548389023373508,0.936
2010-11-12,0.3943078169009467,0.504
2010-11-13,0.34229132181044547,0.382
2010-11-14,0.2846679310682641,0.319
2010-11-15,0.25119506513845186,0.272
2010-11-16,0.22486334581473952,0.248
2010-11-17,0.5886650849953052,0.533
2010-11-18,0.37811637951882526,0.549
2010-11-19,0.28379361757033256,0.417
2010-11-20,0.24653434874616062,0.34
2010-11-21,0.22351008757881652,0.295
2010-11-22,0.2933903589384556,0.278
2010-11-23,0.21849569613459846,0.265
2010-11-24,0.19771652856684266,0.243
2010-11-25,0.18444227950387757,0.226
2010-11-26,0.32394590439187587,0.214
2010-11-27,0.23695831080777188,0.196
2010-11-28,0.2035642729192594,0.19
2010-11-29,0.333063573645586,0.179
2010-11-30,0.7735287074312176,0.188
2010-12-01,0.5358008059440028,0.19
2010-12-02,0.43705542533461655,0.183
2010-12-03,0.47693395645351916,0.218
2010-12-04,0.4742162818835654,0.268
2010-12-05,0.34891632713923154,0.287
2010-12-06,0.30784799322424544,0.268
2010-12-07,0.28018930912607665,0.293
2010-12-08,0.25932602043310615,0.278
2010-12-09,0.24820408544447567,0.381
2010-12-10,0.22984508239534746,2.1
2010-12-11,0.21884150762333332,0.89
2010-12-12,0.21113416027623347,0.531
2010-12-13,0.2215124747294698,0.415
2010-12-14,0.2638794711803574,0.371
2010-12-15,0.34506938917592284,0.36
2010-12-16,0.4100576848376831,0.63
2010-12-17,0.2853186098816415,0.436
2010-12-18,0.2602512792035484,0.337
2010-12-19,0.24722402667276477,0.264
2010-12-20,0.23554784934993825,0.261
2010-12-21,0.2333927248153923,0.227
2010-12-22,0.23473024531356676,0.22
2010-12-23,0.22313184700337924,0.205
2010-12-24,0.21671924432570538,0.178
2010-12-25,0.2136801339897728,0.188
2010-12-26,0.22076984600894142,0.188
2010-12-27,0.514992837170683,0.218
2010-12-28,0.3617322037411662,0.407
2010-12-29,0.3283263053125889,0.623
2010-12-30,0.2834280749457384,0.548
2010-12-31,0.268983444572539,0.445
2011-01-01,0.275826309835795,0.404
2011-01-02,0.25318982963906084,0.343
2011-01-03,0.24309912466031627,0.301
2011-01-04,0.4513365029205889,0.278
2011-01-05,0.67017454540882,0.979
2011-01-06,0.3971619330622426,0.559
2011-01-07,1.0442787139772352,0.866
2011-01-08,0.6552178934680755,1.56
2011-01-09,0.4841023380998144,0.624
2011-01-10,0.6864552260868743,0.562
2011-01-11,0.8174784296411662,0.635
2011-01-12,0.8288642625314406,0.967
2011-01-13,0.7880425326134085,1.07
2011-01-14,0.5815920239951862,0.818
2011-01-15,0.4982983660970036,0.584
2011-01-16,0.8565144182489781,0.798
2011-01-17,0.5510284946327776,0.639
2011-01-18,0.48036048374489543,0.481
2011-01-19,0.4351774971553772,0.409
2011-01-20,0.40326955959915367,0.353
2011-01-21,0.37560913581702265,0.314
2011-01-22,0.3549039037900733,0.295
2011-01-23,0.3387809957504618,0.289
2011-01-24,0.35714804934323535,0.271
2011-01-25,0.36826652691404577,0.282
2011-01-26,0.3357921885746324,0.259
2011-01-27,0.32193610050803145,0.238
2011-01-28,0.31368023607331696,0.225
2011-01-29,0.30746186360708133,0.218
2011-01-30,0.3026482283598362,0.212
2011-01-31,0.38884652076613274,0.203
2011-02-01,0.32731823096704704,0.211
2011-02-02,0.3149293520174626,0.203
2011-02-03,0.5273787877761834,0.199
2011-02-04,0.40354311496041706,0.225
2011-02-05,1.2483623869529972,1.38
2011-02-06,0.8870827870504798,0.918
2011-02-07,0.609376495675628,0.509
2011-02-08,0.6192930532311354,0.397
2011-02-09,0.7049716294613769,0.372
2011-02-10,0.6703053017031144,0.422
2011-02-11,0.6982168076409769,0.486
2011-02-12,0.6293569232476425,0.51
2011-02-13,0.9472347695773207,0.84
2011-02-14,0.7092129546936633,0.739
2011-02-15,1.0709013735679245,0.99
2011-02-16,0.6998781980426663,0.81
2011-02-17,0.6094328582235071,0.551
2011-02-18,1.1682860036501272,0.503
2011-02-19,1.017164712951431,1.68
2011-02-20,0.7432936407682597,0.783
2011-02-21,0.7694836671807416,0.651
2011-02-22,0.8440533818898535,0.574
2011-02-23,0.6914986311600706,0.729
2011-02-24,0.6078762632453534,0.569
2011-02-25,1.30142441877628,1.09
2011-02-26,0.8669619756758921,1.11
2011-02-27,0.7883038592038956,0.688
2011-02-28,0.6702402891170611,0.542
2011-03-01,0.612190325232489,0.453
2011-03-02,0.5712145013578586,0.398
2011-03-03,0.5396538945459625,0.356
2011-03-04,0.5143619956547703,0.328
2011-03-05,0.5218649255513926,0.313
2011-03-06,0.4918902831304515,0.291
2011-03-07,0.4768737408993546,0.275
2011-03-08,0.4745143111532777,0.263
2011-03-09,0.45812308668329654,0.244
2011-03-10,0.45475777452218574,0.228
2011-03-11,0.44614913391463923,0.221
2011-03-12,0.5593381776324651,0.222
2011-03-13,0.4793606754521804,0.22
2011-03-14,0.4620759112610052,0.199
2011-03-15,0.45471560229462554,0.198
2011-03-16,0.45085299921944,0.192
2011-03-17,0.44559587088441616,0.186
2011-03-18,0.4414562802876658,0.176
2011-03-19,0.438496097731308,0.173
2011-03-20,0.4360404858507256,0.171
2011-03-21,0.433918717081938,0.166
2011-03-22,0.4320408260252309,0.161
2011-03-23,0.43032908000488995,0.158
2011-03-24,0.4287246709534952,0.158
2011-03-25,0.427181601483058,0.16
2011-03-26,0.42566433366263917,0.158
2011-03-27,0.42414506389877143,0.156
2011-03-28,0.42260296149391746,0.155
2011-03-29,0.42181453292400195,0.153
2011-03-30,0.569222868671634,0.184
2011-03-31,0.43468482757911203,0.188
2011-04-01,0.4214917071145553,0.157
2011-04-02,0.4179929619333184,0.152
2011-04-03,0.44314091154344826,0.158
2011-04-04,0.45417210490755755,0.157
2011-04-05,0.41711095625887057,0.154
2011-04-06,0.4112814608187324,0.143
2011-04-07,0.40804267527920846,0.14
2011-04-08,0.4051067459337204,0.139
2011-04-09,0.402263715068899,0.135
2011-04-10,0.39947244701198936,0.136
2011-04-11,0.3967309863748911,0.135
2011-04-12,0.3939659702272283,0.134
2011-04-13,0.39122187310081674,0.134
2011-04-14,0.38846738726571817,0.133
2011-04-15,0.38570277775452066,0.132
2011-04-16,0.3829161563098318,0.13
2011-04-17,0.38010900131526326,0.129
2011-04-18,0.3772777117644365,0.129
2011-04-19,0.37442094234012696,0.126
2011-04-20,0.37153817608932943,0.124
2011-04-21,0.3686294667991475,0.123
2011-04-22,0.3656953482584843,0.123
2011-04-23,0.3627470209134174,0.121
2011-04-24,0.35975496439199006,0.122
2011-04-25,0.35674952768498375,0.118
2011-04-26,0.3537240964851505,0.115
2011-04-27,0.35067884084376816,0.115
2011-04-28,0.34761588219999645,0.116
2011-04-29,0.3445366154957403,0.116
2011-04-30,0.3414426644414368,0.114
2011-05-01,0.33833548738946395,0.111
2011-05-02,0.3352167906957418,0.112
2011-05-03,0.3320880976803462,0.11
2011-05-04,0.32895093600369607,0.111
2011-05-05,0.32620914630272513,0.111
2011-05-06,0.34024288637098327,0.114
2011-05-07,0.5499811188802557,0.238
2011-05-08,0.40695167983010005,0.159
2011-05-09,0.39948686902985786,0.152
2011-05-10,0.3292319116111168,0.13
2011-05-11,0.31878217564458383,0.12
2011-05-12,0.3147444833518117,0.126
2011-05-13,0.3092651185685924,0.119
2011-05-14,0.30425757394450403,0.114
2011-05-15,0.30033915869181216,0.113
2011-05-16,0.2958939297087749,0.114
2011-05-17,0.29227778016468364,0.112
2011-05-18,0.2886596949013287,0.112
2011-05-19,0.28498723806287457,0.111
2011-05-20,0.2815975862453022,0.11
2011-05-21,0.27920046611496113,0.109
2011-05-22,0.2757877931956221,0.109
2011-05-23,0.28120132569092393,0.116
2011-05-24,0.2714549212291328,0.103
2011-05-25,0.2677971844938598,0.103
2011-05-26,0.2691339648397348,0.109
2011-05-27,0.2616990802521346,0.109
2011-05-28,0.25772302100958194,0.106
2011-05-29,0.3990832103184142,0.119
2011-05-30,0.32553060640257,0.198
2011-05-31,0.2622510987466145,0.116
2011-06-01,0.25301872545029064,0.106
2011-06-02,0.24837777152685098,0.102
2011-06-03,0.2443805564024747,0.098
2011-06-04,0.2406654790164784,0.097
2011-06-05,0.2374346545974104,0.098
2011-06-06,0.2338331352469257,0.099
2011-06-07,0.23185387945971822,0.104
2011-06-08,0.22899567503222482,0.101
2011-06-09,0.22464740028799118,0.098
2011-06-10,0.22240675216687888,0.096
2011-06-11,0.21885122489148448,0.098
2011-06-12,0.45111088381439485,0.311
2011-06-13,0.41654071422385947,0.134
2011-06-14,0.2384652269077771,0.106
2011-06-15,0.22570621378977804,0.116
2011-06-16,0.21468646160036453,0.104
2011-06-17,0.21390969426532094,0.11
2011-06-18,0.20798360124329432,0.117
2011-06-19,0.20277129022918963,0.107
2011-06-20,0.3126468999133109,0.132
2011-06-21,0.2109564305661351,0.117
2011-06-22,0.2761085111969299,0.15
2011-06-23,0.20454325099101714,0.115
2011-06-24,0.3452910881276357,0.135
2011-06-25,0.20907835510642153,0.15
2011-06-26,0.19359462367696184,0.107
2011-06-27,0.2235787076226176,0.122
2011-06-28,0.19064999843660227,0.11
2011-06-29,0.184334347296191,0.1
2011-06-30,0.18053422645370817,0.096
2011-07-01,0.17699460682029305,0.094
2011-07-02,0.17386744721830688,0.1
2011-07-03,0.17097316388188394,0.088
2011-07-04,0.16826030907788117,0.089
2011-07-05,0.1677676690500355,0.092
2011-07-06,0.1649359548642538,0.102
2011-07-07,0.20115162689532218,0.105
2011-07-08,0.16956906410383743,0.114
2011-07-09,0.15990915370109432,0.094
2011-07-10,0.20431267986691687,0.115
2011-07-11,0.16105111898200283,0.094
2011-07-12,0.154876215540439,0.088
2011-07-13,0.15183586719263426,0.088
2011-07-14,0.1492224831806689,0.088
2011-07-15,0.18185310394197007,0.09
2011-07-16,0.15224830932516592,0.128
2011-07-17,0.3704729060304748,0.175
2011-07-18,0.24246470528074615,0.157
2011-07-19,0.15661911261535968,0.11
2011-07-20,0.14854731409903857,0.104
2011-07-21,0.14229208111807726,0.101
2011-07-22,0.15865896751328443,0.115
2011-07-23,0.13986730657657756,0.102
2011-07-24,0.13555814229952667,0.094
2011-07-25,0.1326693616674214,0.092
2011-07-26,0.1301195143537013,0.089
2011-07-27,0.12778208029412955,0.089
2011-07-28,0.1256119226390982,0.089
2011-07-29,0.1235776615820113,0.088
2011-07-30,0.12165438079026432,0.089
2011-07-31,0.11982467099581663,0.092
2011-08-01,0.11814718359962718,0.089
2011-08-02,0.11638202997186586,0.088
2011-08-03,0.11554255582326968,0.085
2011-08-04,0.11380837345948955,0.092
2011-08-05,0.11165116894657527,0.089
2011-08-06,0.11036686903617612,0.089
2011-08-07,0.16310052562623056,0.11
2011-08-08,0.11499670060313427,0.094
2011-08-09,0.10900865820922234,0.087
2011-08-10,0.2547517345139604,0.112
2011-08-11,0.12323856252506372,0.112
2011-08-12,0.11044673860103593,0.101
2011-08-13,0.10588757291647337,0.096
2011-08-14,0.10340447273075079,0.092
2011-08-15,0.1024020338308624,0.091
2011-08-16,0.09952367120904765,0.089
2011-08-17,0.09755146860141901,0.087
2011-08-18,0.09589117291947484,0.087
2011-08-19,0.09430087301780944,0.087
2011-08-20,0.09370483723682006,0.087
2011-08-21,0.09146092723020219,0.087
2011-08-22,0.09026683191743179,0.086
2011-08-23,0.08898885721245163,0.086
2011-08-24,0.3101919932654743,0.124
2011-08-25,0.19558100336497555,0.15
2011-08-26,0.21975769080104834,0.152
2011-08-27,0.1065053665541127,0.11
2011-08-28,0.09375256357079377,0.097
2011-08-29,0.09088697190700591,0.099
2011-08-30,0.08730948754636951,0.099
2011-08-31,0.08490103989919154,0.094
2011-09-01,0.08290257390764535,0.091
2011-09-02,0.08112327162861356,0.09
2011-09-03,0.08009420133432729,0.092
2011-09-04,0.07914955688034021,0.096
2011-09-05,0.1508419651309518,0.1
2011-09-06,0.08811610214679855,0.108
2011-09-07,0.10746259603729283,0.105
2011-09-08,0.08074740198572704,0.104
2011-09-09,0.07629706262310283,0.099
2011-09-10,0.07603539221057934,0.1
2011-09-11,0.18171755395891612,0.108
2011-09-12,0.08407807141888042,0.101
2011-09-13,0.07488651586972735,0.088
2011-09-14,0.0718771421429238,0.088
2011-09-15,0.0703051127204333,0.092
2011-09-16,0.20503587355103975,0.127
2011-09-17,0.0985453914616795,0.108
2011-09-18,0.07567668587253454,0.1
2011-09-19,0.0714630118558641,0.098
2011-09-20,0.07485547395002885,0.113
2011-09-21,0.0686738766629825,0.098
2011-09-22,0.06596581290460668,0.093
2011-09-23,0.06425800568748757,0.092
2011-09-24,0.0635022511818457,0.093
2011-09-25,0.06317079109439061,0.095
2011-09-26,0.06051662727525606,0.092
2011-09-27,0.05933644586579777,0.089
2011-09-28,0.05826620753268994,0.089
2011-09-29,0.05731851341335433,0.088
2011-09-30,0.05643875156472563,0.087
2011-10-01,0.05560380851556661,0.084
2011-10-02,0.055175241464609344,0.085
2011-10-03,0.05406612761805561,0.085
2011-10-04,0.05330154991715402,0.083
2011-10-05,0.11588507276472537,0.092
2011-10-06,0.18653732099648768,0.116
2011-10-07,0.07764459692059972,0.112
2011-10-08,0.060670686794016444,0.097
2011-10-09,0.05735833199288311,0.097
2011-10-10,0.0823239033374478,0.095
2011-10-11,0.2647023147840353,0.193
2011-10-12,0.07654335530500592,0.135
2011-10-13,0.058994834088345126,0.106
2011-10-14,0.05537101824560723,0.097
2011-10-15,0.05322320908001958,0.095
2011-10-16,0.0522209718415702,0.096
2011-10-17,0.12850817970901396,0.114
2011-10-18,0.05805172102537902,0.101
2011-10-19,0.05120198118310848,0.097
2011-10-20,0.04878130155104195,0.094
2011-10-21,0.04740625162687077,0.094
2011-10-22,0.046266391994504615,0.092
2011-10-23,0.04526607671236406,0.093
2011-10-24,0.06334720154622897,0.097
2011-10-25,0.05522296096671574,0.102
2011-10-26,0.10175933344708081,0.101
2011-10-27,0.12661888701717053,0.131
2011-10-28,0.05431480173559084,0.112
2011-10-29,0.04743956771203439,0.101
2011-10-30,0.04516639608094549,0.09
2011-10-31,0.10057636233008861,0.107
2011-11-01,0.049234787611166245,0.11
2011-11-02,0.2338039026893899,0.136
2011-11-03,0.216884686427167,0.288
2011-11-04,0.23402444863118213,0.316
2011-11-05,0.07765856545634725,0.202
2011-11-06,0.06060799627721748,0.143
2011-11-07,0.056540200397909114,0.127
2011-11-08,0.08690332223596547,0.134
2011-11-09,0.05596222694334143,0.131
2011-11-10,0.049603068843504246,0.126
2011-11-11,0.13841534547265313,0.143
2011-11-12,0.057239513999380494,0.165
2011-11-13,0.04782401595262391,0.142
2011-11-14,0.044949918702834546,0.129
2011-11-15,0.043025271726636775,0.124
2011-11-16,0.041492596493111454,0.118
2011-11-17,0.040209043871796656,0.114
2011-11-18,0.0391435742332737,0.113
2011-11-19,0.038378024007594456,0.129
2011-11-20,0.037926716008681416,0.095
2011-11-21,0.04197959734310551,0.106
2011-11-22,0.03712410093498246,0.107
2011-11-23,0.036230518306927875,0.106
2011-11-24,0.09741923138074408,0.113
2011-11-25,0.05925199156878945,0.114
2011-11-26,0.09832120506688671,0.122
2011-11-27,0.04332705205982638,0.135
2011-11-28,0.03788296582509657,0.12
2011-11-29,0.11018125294292283,0.14
2011-11-30,0.13657025366456044,0.141
2011-12-01,0.05263709568307598,0.167
2011-12-02,0.06497493045499317,0.145
2011-12-03,0.0447507111773359,0.136
2011-12-04,0.21175716992800916,0.167
2011-12-05,0.14643026365050846,0.241
2011-12-06,0.27209504158871345,0.376
2011-12-07,0.14687750999271637,0.444
2011-12-08,0.21209700169474946,0.465
2011-12-09,0.12097472132866709,0.327
2011-12-10,0.07943814211435593,0.259
2011-12-11,0.20486403866350442,0.416
2011-12-12,0.3856453942296115,0.799
2011-12-13,0.24155059509067062,0.874
2011-12-14,0.22863647822460456,0.42
2011-12-15,0.12723652547889583,0.374
2011-12-16,0.13856337172667832,0.303
2011-12-17,0.23829939711968975,0.291
2011-12-18,0.16860182540933935,0.267
2011-12-19,0.4200851905128807,0.488
2011-12-20,0.37069513035517015,0.461
2011-12-21,0.2106073376377192,0.477
2011-12-22,0.17065292731565374,0.37
2011-12-23,0.6299686587990011,0.85
2011-12-24,0.41752819635035543,0.596
2011-12-25,0.2545304705680956,0.501
2011-12-26,0.20912800027105163,0.38
2011-12-27,0.21897252019568078,0.313
2011-12-28,0.3601488081039722,0.286
2011-12-29,0.6962231533712729,0.606
2011-12-30,0.8867973944232829,1.3
2011-12-31,0.48806837916225826,1.02
2012-01-01,0.5595649491243455,0.708
2012-01-02,0.9620880560606767,0.63
2012-01-03,0.7924204510134558,1.59
2012-01-04,1.353995218518036,2.49
2012-01-05,0.991593031697,1.92
2012-01-06,0.7941716765702236,0.878
2012-01-07,0.5779204408912588,0.672
2012-01-08,0.48557605331164316,0.521
2012-01-09,0.5045712721168027,0.458
2012-01-10,0.4065607298426118,0.404
2012-01-11,0.3539154374030718,0.366
2012-01-12,0.31409535461556803,0.328
2012-01-13,0.28650189555207184,0.292
2012-01-14,0.2652413000072819,0.272
2012-01-15,0.24853202513413605,0.252
2012-01-16,0.23729672859264866,0.234
2012-01-17,0.2821489726861915,0.22
2012-01-18,0.27834783390682427,0.228
2012-01-19,0.8033450987716265,0.306
2012-01-20,0.8178214278523925,1.44
2012-01-21,0.48647514206691256,0.689
2012-01-22,0.4482311544572097,0.469
2012-01-23,0.708860780921565,0.409
2012-01-24,0.5354006963724691,0.61
2012-01-25,0.7837375778576038,0.617
2012-01-26,0.5523825407020876,0.72
2012-01-27,0.6758643188184512,0.554
2012-01-28,0.4935107096169952,0.482
2012-01-29,0.493836511474302,0.424
2012-01-30,0.42547228351643557,0.391
2012-01-31,0.390914958483236,0.338
2012-02-01,0.3662998278401734,0.296
2012-02-02,0.34746222559599116,0.27
2012-02-03,0.33299552847389324,0.245
2012-02-04,0.8933503538613714,0.245
2012-02-05,0.5999514118253392,0.255
2012-02-06,0.4619583607994123,0.274
2012-02-07,0.42492705037567924,0.245
2012-02-08,0.39670534935122315,0.231
2012-02-09,0.4679910450638569,0.229
2012-02-10,0.4018316831072472,0.231
2012-02-11,0.3745160447366436,0.222
2012-02-12,0.36318453571570486,0.303
2012-02-13,0.3506998413333164,0.79
2012-02-14,0.34205286674249524,0.61
2012-02-15,0.335946463337648,0.463
2012-02-16,0.33342998219920206,0.377
2012-02-17,0.35409407360140627,0.344
2012-02-18,0.4788246856615415,0.401
2012-02-19,0.3788739608893292,0.34
2012-02-20,0.3604135413980258,0.315
2012-02-21,0.3530855906476623,0.291
2012-02-22,0.5946085514423035,0.423
2012-02-23,0.4107323815903259,0.437
2012-02-24,0.3848398450950906,0.352
2012-02-25,0.3704592448812611,0.302
2012-02-26,0.36099778540574184,0.288
2012-02-27,0.4414832448403379,0.278
2012-02-28,0.37431011512024015,0.264
2012-02-29,0.36085853435767384,0.249
2012-03-01,0.35379521902921235,0.236
2012-03-02,0.3483726235597168,0.218
2012-03-03,0.47773872167386927,0.223
2012-03-04,0.5589299323872724,0.517
2012-03-05,0.40942630503769645,0.362
2012-03-06,0.6350640173187142,0.31
2012-03-07,0.5144994088268119,0.522
2012-03-08,0.4417818731537828,0.384
2012-03-09,0.4176948251262224,0.324
2012-03-10,0.3987278590025032,0.285
2012-03-11,0.38428787023697714,0.261
2012-03-12,0.3727686466680038,0.244
2012-03-13,0.36335490041288204,0.23
2012-03-14,0.35615545143105504,0.219
2012-03-15,0.34951985666294105,0.215
2012-03-16,0.3443720398873878,0.209
2012-03-17,0.4609036497856221,0.215
2012-03-18,0.35277829000852223,0.239
2012-03-19,0.33796063449983343,0.202
2012-03-20,0.3335071912858963,0.191
2012-03-21,0.3302739355675636,0.193
2012-03-22,0.3274575670695697,0.182
2012-03-23,0.32496648284818147,0.178
2012-03-24,0.3225440525918952,0.175
2012-03-25,0.32031206902350196,0.168
2012-03-26,0.318198446510481,0.163
2012-03-27,0.31615823025165574,0.16
2012-03-28,0.314164851976289,0.16
2012-03-29,0.31219878318425764,0.16
2012-03-30,0.3102452987755826,0.152
2012-03-31,0.3082917507680105,0.146
2012-04-01,0.30633147676708145,0.147
2012-04-02,0.30465396166535136,0.148
2012-04-03,0.5238890477562751,0.176
2012-04-04,0.544496206066719,0.749
2012-04-05,0.3714546879180527,0.482
2012-04-06,0.3138996490590679,0.342
2012-04-07,0.3051997196650158,0.271
2012-04-08,0.3752952178082658,0.24
2012-04-09,0.5237822414134362,0.929
2012-04-10,0.32539935758964755,0.478
2012-04-11,0.41093987152503747,0.423
2012-04-12,0.35727710517977235,0.444
2012-04-13,0.33561956943823956,0.358
2012-04-14,0.31384962402536404,0.288
2012-04-15,0.3029980415782717,0.242
2012-04-16,0.5159853231443562,0.256
2012-04-17,0.5726010456981367,0.409
2012-04-18,1.1541226613447322,1.68
2012-04-19,0.8974715713588778,1.05
2012-04-20,0.7416670896910166,0.638
2012-04-21,0.6083541728542519,0.528
2012-04-22,0.5460922531550245,0.439
2012-04-23,0.8227316253542561,0.614
2012-04-24,0.7396194861086026,0.536
2012-04-25,1.4983792704451855,2.79
2012-04-26,1.3220006642252264,1.41
2012-04-27,0.9984403862586501,0.945
2012-04-28,0.98033510444833,0.665
2012-04-29,1.2638505520313028,1.35
2012-04-30,0.8485211213814052,0.808
2012-05-01,0.7962669399550647,0.6
2012-05-02,0.6712667472666579,0.486
2012-05-03,0.6033647133488335,0.409
2012-05-04,0.5497182041490234,0.355
2012-05-05,0.508448706018324,0.315
2012-05-06,0.47545343934535755,0.285
2012-05-07,0.6395231541203669,0.318
2012-05-08,0.4725004329631466,0.298
2012-05-09,1.044357156511277,1.2
2012-05-10,0.8442914022983514,0.924
2012-05-11,0.5740466949743943,0.501
2012-05-12,0.5160649548061822,0.375
2012-05-13,0.5135493058972109,0.33
2012-05-14,0.6264681997485999,0.316
2012-05-15,0.6858953411971405,0.299
2012-05-16,0.5424474015378503,0.264
2012-05-17,0.5070383466906527,0.25
2012-05-18,0.5735637091116261,0.24
2012-05-19,0.4947708994367141,0.226
2012-05-20,0.4691838816472618,0.21
2012-05-21,0.4518643093715096,0.199
2012-05-22,0.43839995054264574,0.182
2012-05-23,0.42776914763506174,0.174
2012-05-24,0.4193527578791475,0.171
2012-05-25,0.41267229011070683,0.161
2012-05-26,0.407347500778809,0.149
2012-05-27,0.403075587433916,0.146
2012-05-28,0.39961602924313033,0.143
2012-05-29,0.3967810802460164,0.142
2012-05-30,0.3944336320337674,0.139
2012-05-31,0.3934762378627682,0.144
2012-06-01,0.39073018881835964,0.143
2012-06-02,0.6071725445473343,0.171
2012-06-03,0.6351718449864823,0.355
2012-06-04,0.42135488151264977,0.205
2012-06-05,0.423485779930955,0.181
2012-06-06,0.48884303516576816,0.191
2012-06-07,0.6549487308294715,1.19
2012-06-08,0.9244389993191343,1.49
2012-06-09,0.7633033628216039,0.698
2012-06-10,0.5716470409134154,0.438
2012-06-11,0.48446387325658113,0.327
2012-06-12,0.4652421139087812,0.271
2012-06-13,0.46914214076006405,0.249
2012-06-14,1.1117878131545216,0.664
2012-06-15,1.2075528538620408,1.31
2012-06-16,1.032536517579386,0.77
2012-06-17,0.7688083231365284,0.523
2012-06-18,0.662436439191314,0.381
2012-06-19,0.6062869717293118,0.303
2012-06-20,0.7639155347589562,0.26
2012-06-21,1.262871080075019,0.587
2012-06-22,0.9413928176426732,1.13
2012-06-23,1.4285430829064463,0.776
2012-06-24,0.8959396464202476,1.13
2012-06-25,0.7745651884011886,0.505
2012-06-26,0.7178578486786752,0.386
2012-06-27,0.660369359651739,0.327
2012-06-28,1.2128071547950527,2.39
2012-06-29,0.9656269344950889,0.672
2012-06-30,0.7321557789878786,0.461
2012-07-01,0.7005200000577013,0.369
2012-07-02,0.9624840973285794,0.446
2012-07-03,0.9777087038618353,0.501
2012-07-04,1.0729544469030334,1.62
2012-07-05,1.6084953989121007,1.23
2012-07-06,1.7937861336703866,5.34
2012-07-07,1.6516041095350391,1.3
2012-07-08,1.2328748224908757,0.856
2012-07-09,1.1619671480122202,0.648
2012-07-10,0.9710440086499331,0.563
2012-07-11,0.8685173601394317,0.439
2012-07-12,0.8495404429764568,0.372
2012-07-13,0.9845598025879043,0.448
2012-07-14,0.7871274248625618,0.379
2012-07-15,0.7268874577904507,0.29
2012-07-16,1.0018719928757058,0.598
2012-07-17,0.7427449113816619,0.512
2012-07-18,0.8098436599936679,0.386
2012-07-19,0.8441316924266697,0.453
2012-07-20,0.7317373391022529,0.434
2012-07-21,0.6817856143066428,0.349
2012-07-22,0.6545382868586624,0.289
2012-07-23,0.6340582985238105,0.257
2012-07-24,0.6180334173164501,0.234
2012-07-25,0.6054464039065851,0.223
2012-07-26,0.5955507423025467,0.212
2012-07-27,0.587756925891807,0.197
2012-07-28,0.5815991189637978,0.189
2012-07-29,0.57830152656776,0.188
2012-07-30,0.6367628841965466,0.192
2012-07-31,0.6559007074950506,0.253
2012-08-01,0.6001353014214541,0.227
2012-08-02,0.6072639989465672,0.218
2012-08-03,0.5744680064131005,0.205
2012-08-04,0.6370015266890735,0.257
2012-08-05,0.5760528621615941,0.302
2012-08-06,0.5663125062487988,0.238
2012-08-07,0.5629826702697196,0.198
2012-08-08,0.5597176578615198,0.177
2012-08-09,0.5570551534384198,0.16
2012-08-10,0.5545507962568043,0.153
2012-08-11,0.5521221984270955,0.152
2012-08-12,0.5505268033068124,0.155
2012-08-13,0.5474063027090215,0.153
2012-08-14,0.5449161380719556,0.143
2012-08-15,0.762350615416679,0.246
2012-08-16,0.5867185504923895,0.165
2012-08-17,0.6071502767727145,0.189
2012-08-18,0.5491746853045897,0.169
2012-08-19,0.540938018307416,0.154
2012-08-20,0.5358545623923195,0.149
2012-08-21,0.7332202851631604,0.392
2012-08-22,0.5509011748722897,0.236
2012-08-23,0.5323207866390651,0.193
2012-08-24,0.708829593999574,0.23
2012-08-25,0.6401111241306094,0.508
2012-08-26,0.535876485875413,0.326
2012-08-27,0.6697662658886628,0.495
2012-08-28,0.5780809965404623,0.37
2012-08-29,0.5664531550413897,0.442
2012-08-30,0.5251627606171404,0.308
2012-08-31,0.5152834205496902,0.248
2012-09-01,0.507257642662385,0.223
2012-09-02,0.5008694338893765,0.202
2012-09-03,0.4950546227361812,0.187
2012-09-04,0.48966150083101184,0.173
2012-09-05,0.4845870311110329,0.16
2012-09-06,0.47975990820031583,0.155
2012-09-07,0.4751341199832504,0.152
2012-09-08,0.470635936549842,0.147
2012-09-09,0.4663330264185139,0.146
2012-09-10,0.48808544028298917,0.147
2012-09-11,0.46186341623474936,0.136
2012-09-12,0.5156559687599649,0.154
2012-09-13,0.45852125961582657,0.138
2012-09-14,0.449432717931807,0.129
2012-09-15,0.44430937249675995,0.128
2012-09-16,0.44031636295654003,0.129
2012-09-17,0.4359915077151032,0.128
2012-09-18,0.43142044138849456,0.124
2012-09-19,0.4391488270266151,0.13
2012-09-20,0.47285009426462843,0.143
2012-09-21,0.42667530972552203,0.141
2012-09-22,0.4172909080142555,0.129
2012-09-23,0.6399160034432649,0.213
2012-09-24,0.6693655881260331,2.16
2012-09-25,0.7817650565646387,1.71
2012-09-26,0.9929037743986857,2.52
2012-09-27,0.8248290630990538,0.769
2012-09-28,0.7754090322908179,0.508
2012-09-29,0.5454963145835099,0.382
2012-09-30,0.6724337466695495,0.346
2012-10-01,0.5596730539356736,0.332
2012-10-02,0.8524195948183416,0.518
2012-10-03,0.6025901842952843,0.419
2012-10-04,0.9001159084849082,0.386
2012-10-05,0.7497378112903383,0.493
2012-10-06,0.6192291604525834,0.421
2012-10-07,0.5719747381548189,0.337
2012-10-08,0.5273326470050478,0.307
2012-10-09,0.49493411890209876,0.269
2012-10-10,0.47008099371935924,0.252
2012-10-11,0.8597447955726809,1.93
2012-10-12,0.700211170225074,0.882
2012-10-13,0.53381797288342,0.513
2012-10-14,0.4740156342717949,0.4
2012-10-15,0.890331234154318,0.466
2012-10-16,0.9474831819623896,0.55
2012-10-17,0.8568995988413824,0.75
2012-10-18,0.7339285728280374,0.615
2012-10-19,0.6268453938638012,0.481
2012-10-20,0.5753104610537054,0.399
2012-10-21,0.6145097471218557,0.348
2012-10-22,0.5353204761068877,0.332
2012-10-23,0.5015915114632168,0.308
2012-10-24,0.47716373900555253,0.312
2012-10-25,0.45493702188493496,0.243
2012-10-26,0.4386182606430378,0.247
2012-10-27,0.42932833749339805,0.234
2012-10-28,0.5729986390062325,0.261
2012-10-29,0.45431334060520046,0.26
2012-10-30,0.42826536721902886,0.249
2012-10-31,0.8073737763262047,0.448
2012-11-01,0.5186863931231067,0.49
2012-11-02,0.4760905020758001,0.334
2012-11-03,0.4593061446349843,0.286
2012-11-04,0.43799162461281127,0.264
2012-11-05,0.42151586477771447,0.24
2012-11-06,0.41509942260198224,0.228
2012-11-07,0.4029928508399608,0.224
2012-11-08,0.39290662298880763,0.219
2012-11-09,0.532370812787623,0.225
2012-11-10,0.4284090188905037,0.229
2012-11-11,0.40872889726702727,0.207
2012-11-12,0.5319767503161884,0.235
2012-11-13,0.43217711557006133,0.235
2012-11-14,0.4116119180485124,0.232
2012-11-15,0.3989688018622054,0.227
2012-11-16,0.7204084898396997,0.341
2012-11-17,0.466333911358047,0.47
2012-11-18,0.43053728114638984,0.337
2012-11-19,0.6274634023306355,0.341
2012-11-20,1.170237781237369,0.55
2012-11-21,1.2029082440310983,3.14
2012-11-22,1.4391381259652702,2.05
2012-11-23,0.9669713566884484,0.92
2012-11-24,2.4397832115596088,5.07
2012-11-25,1.8063623290197965,2.18
2012-11-26,1.9145348370121253,1.53
2012-11-27,1.5088300938879222,1.42
2012-11-28,1.3139300362341009,0.764
2012-11-29,0.983616204597225,0.57
2012-11-30,0.9770996469123744,0.486
2012-12-01,0.8204414639085185,0.454
2012-12-02,1.1506777350374318,0.501
2012-12-03,1.255789189622326,0.784
2012-12-04,1.1755329165973811,1.38
2012-12-05,0.8917238480082267,0.716
2012-12-06,1.5877927895230661,1.62
2012-12-07,1.1025224999374226,0.994
2012-12-08,0.9716024784486083,0.66
2012-12-09,0.9146376977417306,0.598
2012-12-10,0.8018826839038908,0.488
2012-12-11,0.7440802656565088,0.427
2012-12-12,0.6977378224846901,0.39
2012-12-13,0.6698823405169552,0.354
2012-12-14,1.7020150081264067,2.73
2012-12-15,1.249324929771277,0.927
2012-12-16,1.105633953405828,0.676
2012-12-17,1.005625619415002,0.624
2012-12-18,0.8615355209525429,0.538
2012-12-19,1.9290452056959508,1.73
2012-12-20,2.179021394892177,6.28
2012-12-21,1.9704618119524542,1.32
2012-12-22,2.304210724102129,4.78
2012-12-23,1.8178467869696815,1.2
2012-12-24,1.9067587137550268,1.45
2012-12-25,1.6570308929164501,0.924
2012-12-26,1.539261510664403,0.889
2012-12-27,1.6440223108738445,0.763
2012-12-28,1.3237925196782965,1.35
2012-12-29,1.7971389961611302,1.98
2012-12-30,1.4342244057590072,1.03
2012-12-31,1.6837717704244521,1.38
2013-01-01,1.2799310942951545,0.873
2013-01-02,1.2354795498940814,0.692
2013-01-03,1.1106142579075138,0.58
2013-01-04,1.033584041658159,0.536
2013-01-05,0.9810119873534514,0.481
2013-01-06,0.9395417904469638,0.438
2013-01-07,0.9076291635366146,0.408
2013-01-08,1.0568334680179452,0.41
2013-01-09,0.9267623959418151,0.388
2013-01-10,0.8946653555348486,0.359
2013-01-11,0.8747743710124917,0.338
2013-01-12,0.8599089347199185,0.318
2013-01-13,0.9374462582940122,0.298
2013-01-14,1.0803399036974664,0.32
2013-01-15,0.9299161671525461,0.285
2013-01-16,0.8988950567652876,0.268
2013-01-17,0.9570398311122992,0.261
2013-01-18,1.1532739822653406,0.267
2013-01-19,0.9925288566077768,0.266
2013-01-20,1.2579420379434556,0.267
2013-01-21,1.064009272606153,0.279
2013-01-22,1.0535446445761292,0.28
2013-01-23,0.981009959501045,0.284
2013-01-24,0.949417877408665,0.287
2013-01-25,1.6560996895269855,0.319
2013-01-26,1.9227643363576987,2.26
2013-01-27,1.517949650960091,4.72
2013-01-28,1.2807860280348469,1.82
2013-01-29,1.2680335928945135,1.13
2013-01-30,1.3176226270984974,0.767
2013-01-31,1.1995397812736857,0.613
2013-02-01,1.1306287322718362,0.517
2013-02-02,1.065821224961047,0.437
2013-02-03,1.1599814483597932,0.422
2013-02-04,1.13819525776515,0.405
2013-02-05,1.3677703923666327,0.449
2013-02-06,1.1115270118244107,0.428
2013-02-07,1.0515072976246818,0.378
2013-02-08,1.1673224909086029,0.352
2013-02-09,1.2748241627376424,0.373
2013-02-10,1.982601910067883,1.64
2013-02-11,1.536484029960851,0.86
2013-02-12,1.2583798467227942,0.602
2013-02-13,2.24362018150718,1.26
2013-02-14,1.7469342033187496,3.51
2013-02-15,1.3986722974264867,0.921
2013-02-16,1.2797555447695286,0.663
2013-02-17,1.2033264053711075,0.54
2013-02-18,1.1407234278663574,0.462
2013-02-19,1.1010713715570228,0.412
2013-02-20,1.0534658775726065,0.374
2013-02-21,1.021374432162792,0.343
2013-02-22,0.9959694522453677,0.32
2013-02-23,0.9755954537252842,0.301
2013-02-24,0.9625099903928687,0.286
2013-02-25,0.9505896875423689,0.274
2013-02-26,0.9338617928438421,0.263
2013-02-27,0.9235705770894184,0.252
2013-02-28,0.915237495550402,0.246
2013-03-01,0.9079109036450944,0.238
2013-03-02,0.9014317045141418,0.231
2013-03-03,0.8955544878026218,0.227
2013-03-04,0.8901159625586348,0.223
2013-03-05,0.8850122205833841,0.218
2013-03-06,0.9515374858091349,0.216
2013-03-07,1.0313678279882559,0.246
2013-03-08,0.9186234285781201,0.251
2013-03-09,1.1052243172608012,0.247
2013-03-10,0.9488470253291619,0.306
2013-03-11,0.9171534098604397,0.249
2013-03-12,0.9000086717045923,0.232
2013-03-13,0.8870820134384987,0.227
2013-03-14,0.9191379450346325,0.218
2013-03-15,1.2875139181974813,0.409
2013-03-16,1.3068482964557253,0.891
2013-03-17,1.0391491058170859,0.594
2013-03-18,0.9792355898294929,0.407
2013-03-19,0.9537264330126044,0.336
2013-03-20,0.9188353529031948,0.298
2013-03-21,1.237174478442925,0.286
2013-03-22,1.6910047039887026,0.309
2013-03-23,1.600907554923953,0.322
2013-03-24,1.2117734778120177,0.325
2013-03-25,1.1093826152306483,0.34
2013-03-26,1.0469310307417439,0.353
2013-03-27,0.9980555584944092,0.361
2013-03-28,0.9552992333263558,0.356
2013-03-29,0.9219609718845204,0.381
2013-03-30,0.8946189851374304,0.455
2013-03-31,0.8719271914382848,0.488
2013-04-01,0.8529212702680031,0.429
2013-04-02,0.8368628005436825,0.506
2013-04-03,0.8230320748132763,0.512
2013-04-04,0.8110703955639342,0.416
2013-04-05,0.8005087282086345,0.385
2013-04-06,0.7910894038025619,0.365
2013-04-07,0.7825485524523117,0.339
2013-04-08,0.7746893598028228,0.328
2013-04-09,0.7673566007583289,0.323
2013-04-10,0.7604275670982448,0.285
2013-04-11,0.7545089291032108,0.273
2013-04-12,0.7478758905678369,0.265
2013-04-13,0.7978365459471929,0.269
2013-04-14,0.7420356675138217,0.256
2013-04-15,0.7320476028662404,0.224
2013-04-16,0.7252236610505941,0.21
2013-04-17,0.7187518772707447,0.207
2013-04-18,0.7136907799621313,0.193
2013-04-19,0.7065006476664311,0.182
2013-04-20,0.7003300607121861,0.176
2013-04-21,0.6949345766420634,0.172
2013-04-22,0.6883010038747303,0.173
2013-04-23,0.6822880276284039,0.164
2013-04-24,0.676319217230259,0.163
2013-04-25,0.6702081495025091,0.162
2013-04-26,0.6646923496930442,0.159
2013-04-27,0.6588834778688729,0.158
2013-04-28,0.6534769932319777,0.161
2013-04-29,0.6460724681536477,0.152
2013-04-30,0.6398882476826483,0.147
2013-05-01,0.6337941129587764,0.146
2013-05-02,0.6277008097786871,0.144
2013-05-03,0.6223520268220981,0.145
2013-05-04,0.6160692732414337,0.147
2013-05-05,0.6094423281107313,0.142
2013-05-06,0.6032981145715529,0.139
2013-05-07,0.597972445414397,0.138
2013-05-08,0.5914339114162008,0.14
2013-05-09,0.689054495358648,0.159
2013-05-10,0.610364390459648,0.158
2013-05-11,0.6781771383017998,0.174
2013-05-12,0.6066655801087155,0.167
2013-05-13,0.5740737324680195,0.157
2013-05-14,0.8025883096453437,0.636
2013-05-15,0.7918218306206617,0.557
2013-05-16,0.697032347607578,0.28
2013-05-17,0.5759508825325089,0.23
2013-05-18,0.5521101573520453,0.204
2013-05-19,0.543162905706564,0.18
2013-05-20,0.5331403180971293,0.17
2013-05-21,0.5248113393106961,0.161
2013-05-22,0.5172692038302649,0.156
2013-05-23,0.5119671550807008,0.161
2013-05-24,0.5044043930769686,0.157
2013-05-25,0.4967403945686594,0.147
2013-05-26,0.49030747919798884,0.144
2013-05-27,0.5339096943074622,0.149
2013-05-28,0.7087700791255288,0.321
2013-05-29,0.7329405766957202,0.34
2013-05-30,0.5088348555069966,0.391
2013-05-31,0.4818555403015149,0.215
2013-06-01,0.4713030632547344,0.17
2013-06-02,0.46280448068229935,0.15
2013-06-03,0.4550673534040203,0.142
2013-06-04,0.44787631592408944,0.136
2013-06-05,0.44112296670325546,0.135
2013-06-06,0.43472584369780887,0.129
2013-06-07,0.42862031836804404,0.129
2013-06-08,0.4227548511261039,0.128
2013-06-09,0.4170883366000085,0.127
2013-06-10,0.4115894632964809,0.127
2013-06-11,0.40692915111792427,0.13
2013-06-12,0.4592259444635106,0.153
2013-06-13,0.41598592701642156,0.149
2013-06-14,0.43934079815250865,0.141
2013-06-15,0.3967428567565715,0.132
2013-06-16,0.3873640277021202,0.121
2013-06-17,0.3811037165301867,0.119
2013-06-18,0.3754208553391077,0.116
2013-06-19,0.3709221904708127,0.147
2013-06-20,0.39865941685186523,0.133
2013-06-21,0.4047267193576291,0.134
2013-06-22,0.4010011817936598,0.108
2013-06-23,0.36262442661583866,0.152
2013-06-24,0.35209234178304927,0.119
2013-06-25,0.345992681427876,0.108
2013-06-26,0.3405322395654231,0.11
2013-06-27,0.3950042260518412,0.131
2013-06-28,0.3392741272497751,0.125
2013-06-29,0.32911427492765116,0.114
2013-06-30,0.3235649211066287,0.11
2013-07-01,0.31859977705539744,0.106
2013-07-02,0.3652058287800954,0.126
2013-07-03,0.31653942955912584,0.118
2013-07-04,0.30805140335430087,0.11
2013-07-05,0.30291706122044637,0.101
2013-07-06,0.29829193580407826,0.099
2013-07-07,0.29386929269458406,0.096
2013-07-08,0.28959936694585464,0.094
2013-07-09,0.2854570519686146,0.095
2013-07-10,0.2814244030305917,0.099
2013-07-11,0.2774866137278168,0.094
2013-07-12,0.27363194687407155,0.094
2013-07-13,0.2698518355323718,0.092
2013-07-14,0.2661363701926889,0.091
2013-07-15,0.2624817975705737,0.091
2013-07-16,0.25888264521387144,0.091
2013-07-17,0.25533498247585923,0.09
2013-07-18,0.25183568364935155,0.088
2013-07-19,0.24838223134393603,0.09
2013-07-20,0.24504495745578828,0.094
2013-07-21,0.24161115256803908,0.099
2013-07-22,0.47721920902609705,0.168
2013-07-23,0.48722392159547934,0.568
2013-07-24,0.41436530459393833,0.159
2013-07-25,0.25902023048358763,0.131
2013-07-26,0.2408951154648108,0.088
2013-07-27,0.5536674991219687,4.49
2013-07-28,0.51447458431951,1.21
2013-07-29,0.4937573499692403,0.492
2013-07-30,0.48356556545074664,0.347
2013-07-31,0.5058791712579018,0.41
2013-08-01,0.47365763346953826,0.282
2013-08-02,0.5098301896347668,0.4
2013-08-03,0.35042016127671505,0.329
2013-08-04,0.4699404593315369,0.305
2013-08-05,0.2895859031778205,0.628
2013-08-06,0.250233390135212,0.389
2013-08-07,0.2367088686510779,0.233
2013-08-08,0.23175744704330883,0.221
2013-08-09,0.21927267935788808,0.2
2013-08-10,0.21198302415135092,0.184
2013-08-11,0.20605054659856742,0.171
2013-08-12,0.20139440312650125,0.161
2013-08-13,0.19649913267333013,0.15
2013-08-14,0.1975178015228677,0.15
2013-08-15,0.4549401660090083,0.213
2013-08-16,0.23377067972162818,0.238
2013-08-17,0.20915782470679334,0.168
2013-08-18,0.19955801283496552,0.152
2013-08-19,0.193190439727816,0.141
2013-08-20,0.18787156194139945,0.134
2013-08-21,0.18327185075710942,0.134
2013-08-22,0.17927998450605676,0.133
2013-08-23,0.24564838984380916,0.172
2013-08-24,0.18176638374786883,0.147
2013-08-25,0.17328418701261217,0.133
2013-08-26,0.16959291905911333,0.127
2013-08-27,0.16656684044266498,0.126
2013-08-28,0.1638245488478947,0.125
2013-08-29,0.16129110904649602,0.124
2013-08-30,0.15892479968867623,0.121
2013-08-31,0.1566926818123585,0.117
2013-09-01,0.1545704106255799,0.117
2013-09-02,0.15253741405884513,0.116
2013-09-03,0.15057758456698103,0.116
2013-09-04,0.14867795045935175,0.116
2013-09-05,0.3212223422625411,0.131
2013-09-06,0.3045353188853907,0.245
2013-09-07,0.1663529448863498,0.14
2013-09-08,0.15269517040098243,0.128
2013-09-09,0.14790822275940516,0.122
2013-09-10,0.1445941980636745,0.116
2013-09-11,0.19857249035674124,0.135
2013-09-12,0.14793849265018025,0.125
2013-09-13,0.19773022107343738,0.139
2013-09-14,0.14454185053100632,0.127
2013-09-15,0.21098913680802492,0.152
2013-09-16,0.20426121231738914,0.153
2013-09-17,0.1436179919305507,0.142
2013-09-18,0.13524644288678755,0.125
2013-09-19,0.20909628963110793,0.162
2013-09-20,0.13831718899956089,0.13
2013-09-21,0.13001667910018105,0.122
2013-09-22,0.12673676987751953,0.111
2013-09-23,0.12420984409453185,0.114
2013-09-24,0.12196004763236315,0.113
2013-09-25,0.12050327102622808,0.112
2013-09-26,0.11808735435529265,0.106
2013-09-27,0.11618925030505974,0.114
2013-09-28,0.1144861994101262,0.12
2013-09-29,0.1128712887593316,0.118
2013-09-30,0.11132314791886731,0.118
2013-10-01,0.2413983620745572,0.13
2013-10-02,0.1339689999688949,0.139
2013-10-03,0.3129981259575674,0.199
2013-10-04,0.21367471573894578,0.276
2013-10-05,0.12464959264027647,0.183
2013-10-06,0.11422213217670633,0.145
2013-10-07,0.11047736046340903,0.134
2013-10-08,0.10764404663987676,0.1
2013-10-09,0.10614670093906366,0.12
2013-10-10,0.10398400060146976,0.112
2013-10-11,0.1233397513657674,0.122
2013-10-12,0.24303319844038115,0.181
2013-10-13,0.333344215582827,0.21
2013-10-14,0.3159866741272616,0.892
2013-10-15,0.136960140652188,0.383
2013-10-16,0.3339243361772673,0.7
2013-10-17,0.14500136831562357,0.414
2013-10-18,0.21545904782345235,0.379
2013-10-19,0.17038057953134153,0.45
2013-10-20,0.3022198978151796,0.391
2013-10-21,0.498294346181457,3.83
2013-10-22,0.5554453687370287,2.68
2013-10-23,0.46508512011744946,0.939
2013-10-24,0.7289575296978393,0.629
2013-10-25,0.6529188598463941,1.22
2013-10-26,0.5740712279637742,0.915
2013-10-27,0.9885037595115416,1.04
2013-10-28,1.003437842382222,1.57
2013-10-29,0.7318601985537606,1.33
2013-10-30,0.5242059151681617,0.797
2013-10-31,0.43216840161907,0.591
2013-11-01,1.079041061408852,1.37
2013-11-02,1.0737825435447932,1.35
2013-11-03,0.62875516022988,0.856
2013-11-04,0.6671650019244247,0.604
2013-11-05,0.7439417794301545,0.709
2013-11-06,1.128089795538775,1.44
2013-11-07,0.6565252905086316,0.907
2013-11-08,0.6120685242793517,0.662
2013-11-09,0.5371059411342611,0.527
2013-11-10,0.6388809767094417,0.447
2013-11-11,0.6073075195528973,0.625
2013-11-12,0.46013304654288195,0.535
2013-11-13,0.5212951431197173,0.456
2013-11-14,0.41149720721017474,0.411
2013-11-15,0.36908767373507567,0.366
2013-11-16,0.3403949652640979,0.339
2013-11-17,0.3203635767449307,0.322
2013-11-18,0.35191483667650364,0.318
2013-11-19,0.6082493351515729,0.29
2013-11-20,0.8682626358467935,0.81
2013-11-21,0.514576393233812,0.737
2013-11-22,0.44157112573163154,0.494
2013-11-23,0.4038067876748889,0.404
2013-11-24,0.37594119202033155,0.354
2013-11-25,0.35422781666750575,0.321
2013-11-26,0.33878774535185036,0.299
2013-11-27,0.3263612880146759,0.287
2013-11-28,0.31543838608115937,0.27
2013-11-29,0.3388640023317209,0.261
2013-11-30,0.3146454080799004,0.247
2013-12-01,0.30720442772123835,0.237
2013-12-02,0.30251058863559316,0.229
2013-12-03,0.2991578656185476,0.226
2013-12-04,0.297850829133949,0.217
2013-12-05,0.4104574506907106,0.228
2013-12-06,0.3285982734974722,0.217
2013-12-07,0.31173598828753385,0.198
2013-12-08,0.3068597114218126,0.19
2013-12-09,0.30394439059706674,0.18
2013-12-10,0.302370755039947,0.173
2013-12-11,0.30064486639070076,0.169
2013-12-12,0.45311669467852755,0.199
2013-12-13,0.3798285144790306,0.275
2013-12-14,0.3737035890565361,0.256
2013-12-15,0.7011862022903488,0.406
2013-12-16,0.503048857504614,0.502
2013-12-17,0.4236288894450579,0.374
2013-12-18,0.8790335405853305,0.699
2013-12-19,0.6526292479794831,0.662
2013-12-20,0.6889483180121543,0.525
2013-12-21,0.8543630160599758,0.591
2013-12-22,0.5996509547538543,0.686
2013-12-23,1.2249684488889883,1.34
2013-12-24,0.7955008732355654,0.987
2013-12-25,0.6352596134716889,0.568
2013-12-26,0.786245606023403,0.503
2013-12-27,0.6019472267666717,0.53
2013-12-28,0.543431521070161,0.402
2013-12-29,0.5734123519752853,0.353
2013-12-30,0.6456540114858758,0.416
2013-12-31,0.6586732425146699,0.452
2014-01-01,1.1697185549187166,1.13
2014-01-02,0.8923114956521899,0.862
2014-01-03,1.062774506042444,0.756
2014-01-04,0.7441007146774584,0.849
2014-01-05,0.9988557930920512,0.85
2014-01-06,0.9037965907978068,0.81
2014-01-07,0.825620986536799,0.752
2014-01-08,1.540842135021031,2.14
2014-01-09,1.073228727889371,1.29
2014-01-10,1.0241453859052658,0.782
2014-01-11,0.808153805742043,0.695
2014-01-12,1.1628018966819729,0.955
2014-01-13,0.9483812254520352,0.907
2014-01-14,1.2138093057851227,1.03
2014-01-15,1.3930976220578408,1.94
2014-01-16,1.0213215681218137,1.15
2014-01-17,0.9963055908807598,0.809
2014-01-18,0.9942423529015612,0.781
2014-01-19,0.8127730262680207,0.651
2014-01-20,0.7425011307496221,0.534
2014-01-21,1.3512602269329057,1.04
2014-01-22,1.0007710259440747,0.988
2014-01-23,0.9937582496765073,0.932
2014-01-24,1.377444975237627,1.69
2014-01-25,1.311822709751626,1.44
2014-01-26,1.564159224661309,2.35
2014-01-27,1.4480518220917287,1.02
2014-01-28,1.3816293368802437,1.33
2014-01-29,1.3047361860043738,1.48
2014-01-30,1.2214587354193638,0.977
2014-01-31,1.8695258088621065,3.16
2014-02-01,1.5614662035116944,1.2
2014-02-02,1.1697570497932217,0.878
2014-02-03,1.0545494696038675,0.689
2014-02-04,1.2274189066440442,0.666
2014-02-05,1.6250033685561993,1.46
2014-02-06,1.680347666204668,1.59
2014-02-07,1.480122235571249,1.14
2014-02-08,1.5467657205804282,1.2
2014-02-09,1.2350202585149355,0.977
2014-02-10,1.3941556923680904,0.722
2014-02-11,1.6839057563777462,2.22
2014-02-12,1.6990724133537696,1.82
2014-02-13,1.2677150749746875,0.837
2014-02-14,1.799603637679412,1.2
2014-02-15,1.610537639662231,1.4
2014-02-16,1.2741071542350906,0.883
2014-02-17,1.2710177973971317,0.716
2014-02-18,1.1368173463354054,0.631
2014-02-19,1.0998041792641542,0.556
2014-02-20,1.079141413584464,0.554
2014-02-21,1.005666991751174,0.474
2014-02-22,0.9542922121617589,0.42
2014-02-23,0.9236086638899794,0.387
2014-02-24,0.9138784745133779,0.362
2014-02-25,0.8893570429781684,0.339
2014-02-26,1.245317676804952,0.348
2014-02-27,0.997693179792958,0.477
2014-02-28,0.9329201240569007,0.381
2014-03-01,0.983462573182539,0.347
2014-03-02,1.427651937994626,0.837
2014-03-03,1.0696524885746836,0.626
2014-03-04,1.0005755517837356,0.444
2014-03-05,0.9781389961277421,0.38
2014-03-06,1.1436732515647865,0.373
2014-03-07,0.9886391656224109,0.433
2014-03-08,0.9520072929251172,0.371
2014-03-09,0.9266802738975353,0.327
2014-03-10,0.9081570441863658,0.293
2014-03-11,0.893385602552489,0.274
2014-03-12,0.8814539714637356,0.261
2014-03-13,0.8716961324286977,0.247
2014-03-14,0.8636184118393981,0.233
2014-03-15,0.8568456864730786,0.22
2014-03-16,0.8510578506759979,0.212
2014-03-17,0.8473526561190944,0.208
2014-03-18,0.9237933496422363,0.221
2014-03-19,0.8496942127213466,0.201
2014-03-20,0.8845663638812922,0.211
2014-03-21,0.846189383697405,0.195
2014-03-22,0.8756687219351067,0.203
2014-03-23,0.8405584610860928,0.192
2014-03-24,0.951988940476152,0.201
2014-03-25,0.8742840017439302,0.275
2014-03-26,0.852429216559938,0.228
2014-03-27,0.9494677891525724,0.244
2014-03-28,0.8904972867479793,0.25
2014-03-29,0.8531674088649754,0.229
2014-03-30,0.8381153274706239,0.207
2014-03-31,0.9591548947723458,0.307
2014-04-01,0.8393451718025998,0.327
2014-04-02,0.8222090376240564,0.228
2014-04-03,0.8561498482531417,0.205
2014-04-04,0.813712480390088,0.198
2014-04-05,0.8483012193826022,0.198
2014-04-06,0.9017717541418169,0.218
2014-04-07,1.1588984612527846,1.15
2014-04-08,0.8971907818438023,0.472
2014-04-09,0.8512967496186759,0.313
2014-04-10,0.827521379295764,0.249
2014-04-11,0.8086041923626583,0.211
2014-04-12,0.7936648321988439,0.191
2014-04-13,0.7788272893052434,0.184
2014-04-14,0.7666555657118576,0.183
2014-04-15,0.7559304158747443,0.182
2014-04-16,0.7462936604771966,0.181
2014-04-17,0.7375112531366416,0.164
2014-04-18,0.7293924177256742,0.16
2014-04-19,0.7220549596480019,0.159
2014-04-20,0.7150898081816669,0.158
2014-04-21,0.7791325193415637,0.156
2014-04-22,0.7158930597618564,0.158
2014-04-23,0.7066990202469396,0.155
2014-04-24,0.6939076419793868,0.153
2014-04-25,0.8052648028746832,0.163
2014-04-26,0.6932790700477043,0.155
2014-04-27,0.6774918025347973,0.149
2014-04-28,0.669531189272545,0.143
2014-04-29,0.6624981051298708,0.142
2014-04-30,0.6566044057782588,0.141
2014-05-01,0.649365001570907,0.134
2014-05-02,0.6427170912995676,0.128
2014-05-03,0.6363569479671352,0.128
2014-05-04,0.6300939052181865,0.128
2014-05-05,0.7554995997561349,0.136
2014-05-06,0.6330842955813959,0.131
2014-05-07,0.6175089303169506,0.123
2014-05-08,0.7592541201672837,0.205
2014-05-09,0.6984013212581723,0.162
2014-05-10,0.8314265808413189,0.243
2014-05-11,0.7803466320138069,0.651
2014-05-12,0.6310598290570929,0.374
2014-05-13,0.6092757948917981,0.254
2014-05-14,0.5887016253510441,0.199
2014-05-15,0.5787634215616385,0.174
2014-05-16,0.5702760874340368,0.162
2014-05-17,0.5623961442057057,0.152
2014-05-18,0.5549697701823081,0.145
2014-05-19,0.5485388647032199,0.137
2014-05-20,0.5427469919186297,0.136
2014-05-21,0.7515984745938663,0.156
2014-05-22,0.7776689691219016,0.352
2014-05-23,0.6149781951724325,0.413
2014-05-24,1.0304359528128106,0.352
2014-05-25,0.7050907861535772,0.465
2014-05-26,0.6607089635177366,0.304
2014-05-27,1.045501991594566,0.272
2014-05-28,0.8442190942082728,0.581
2014-05-29,0.7304025655723575,0.437
2014-05-30,0.6600196038149561,0.333
2014-05-31,0.6213442244925643,0.268
2014-06-01,0.594445226842994,0.224
2014-06-02,0.754718340250812,0.268
2014-06-03,0.5855654034414286,0.254
2014-06-04,0.6764233374751795,0.239
2014-06-05,0.5703198527754941,0.215
2014-06-06,0.5518410781849172,0.188
2014-06-07,0.6699630794335799,0.326
2014-06-08,0.5653622140675835,0.221
2014-06-09,0.9953069763978185,0.688
2014-06-10,0.6608252421143622,0.299
2014-06-11,0.5880114586035908,0.224
2014-06-12,0.5559067936012497,0.189
2014-06-13,0.5320768174089804,0.174
2014-06-14,0.5119755222360227,0.164
2014-06-15,0.4956631795021965,0.161
2014-06-16,0.481505564806982,0.147
2014-06-17,0.469725415100787,0.145
2014-06-18,0.45964695238984205,0.138
2014-06-19,0.4509041964479351,0.134
2014-06-20,0.44322194941269477,0.128
2014-06-21,0.43638544854579375,0.122
2014-06-22,0.43021867576596245,0.12
2014-06-23,0.42458850942804416,0.116
2014-06-24,0.4194322546452222,0.116
2014-06-25,0.4144905332494331,0.115
2014-06-26,0.4108409052223516,0.112
2014-06-27,0.4340231702102494,0.134
2014-06-28,0.4063129731724458,0.122
2014-06-29,0.39960682986410573,0.117
2014-06-30,0.39492757777885856,0.108
2014-07-01,0.3908500902276469,0.106
2014-07-02,0.3864981309806505,0.1
2014-07-03,0.38244079492371974,0.1
2014-07-04,0.5997822970864769,0.155
2014-07-05,0.4012896257485522,0.157
2014-07-06,0.3816424382502309,0.115
2014-07-07,0.37410115389933996,0.108
2014-07-08,0.4012616115601594,0.104
2014-07-09,0.3692503527337204,0.097
2014-07-10,0.3621135006670426,0.094
2014-07-11,0.35720112501962775,0.095
2014-07-12,0.3869223094672239,0.102
2014-07-13,0.3538948808453685,0.099
2014-07-14,0.34785289055416413,0.096
2014-07-15,0.3423387228374082,0.093
2014-07-16,0.3384726754013171,0.09
2014-07-17,0.33432876698905056,0.088
2014-07-18,0.5185771482634501,0.115
2014-07-19,0.4089144951171567,0.187
2014-07-20,0.33865944983563806,0.108
2014-07-21,0.32782490945939674,0.093
2014-07-22,0.32210082871330115,0.086
2014-07-23,0.31713841779048546,0.084
2014-07-24,0.31252552845505494,0.083
2014-07-25,0.30817451825968917,0.081
2014-07-26,0.30407269367670736,0.082
2014-07-27,0.3000997261571154,0.081
2014-07-28,0.29624077704090435,0.081
2014-07-29,0.29252664463175243,0.088
2014-07-30,0.288910261245156,0.075
2014-07-31,0.2860660917234014,0.083
2014-08-01,0.35426370744726293,0.107
2014-08-02,0.2906868688221676,0.124
2014-08-03,0.2794441344620422,0.085
2014-08-04,0.2748866036727109,0.08
2014-08-05,0.3604081816269858,0.105
2014-08-06,0.28042209894249,0.105
2014-08-07,0.2685276017954564,0.083
2014-08-08,0.40880642378421517,0.167
2014-08-09,0.5066642240064708,0.213
2014-08-10,0.49783188455299016,0.466
2014-08-11,0.2891791733386641,0.149
2014-08-12,0.2674221164602396,0.085
2014-08-13,0.25933912819295707,0.095
2014-08-14,0.2543089432495684,0.098
2014-08-15,0.24865926385184506,0.098
2014-08-16,0.24409548908887518,0.094
2014-08-17,0.276744649216218,0.103
2014-08-18,0.24143658712480362,0.1
2014-08-19,0.2345768253294014,0.09
2014-08-20,0.23048398518486826,0.088
2014-08-21,0.2278001110057311,0.088
2014-08-22,0.22467690160749043,0.089
2014-08-23,0.22036105917156487,0.082
2014-08-24,0.2536778230196432,0.089
2014-08-25,0.4408158425726386,0.172
2014-08-26,0.24503105259494204,0.15
2014-08-27,0.3313258229938005,0.13
2014-08-28,0.22766125144652738,0.156
2014-08-29,0.23281593930371489,0.12
2014-08-30,0.21367000471307107,0.118
2014-08-31,0.2077062559883607,0.107
2014-09-01,0.20292566103329499,0.099
2014-09-02,0.19895547382769277,0.091
2014-09-03,0.1954614661783594,0.087
2014-09-04,0.1922267618971872,0.104
2014-09-05,0.18923998018042237,0.119
2014-09-06,0.18646545568475825,0.123
2014-09-07,0.18361499647945512,0.117
2014-09-08,0.18096755512969212,0.114
2014-09-09,0.17843461240180497,0.113
2014-09-10,0.17598111089842555,0.11
2014-09-11,0.17359373355389687,0.107
2014-09-12,0.17126248628974575,0.109
2014-09-13,0.16898018296866466,0.108
2014-09-14,0.1670381716527459,0.108
2014-09-15,0.1645652388122159,0.109
2014-09-16,0.1623752055537513,0.108
2014-09-17,0.16027692182655448,0.11
2014-09-18,0.1581334927525563,0.11
2014-09-19,0.15633791476911185,0.114
2014-09-20,0.15418145679808437,0.112
2014-09-21,0.15197613547755737,0.107
2014-09-22,0.14995342469426334,0.106
2014-09-23,0.18268831304182567,0.113
2014-09-24,0.1506889074932139,0.164
2014-09-25,0.14617518610745792,0.056
2014-09-26,0.1435945432581891,0.104
2014-09-27,0.14140382405101146,0.104
2014-09-28,0.13931811640678138,0.105
2014-09-29,0.1686105698346946,0.111
2014-09-30,0.14000342000118618,0.11
2014-10-01,0.1355505729767801,0.109
2014-10-02,0.13291240457003053,0.109
2014-10-03,0.18788813908980811,0.111
2014-10-04,0.1364571905823571,0.124
2014-10-05,0.3468403851657458,0.123
2014-10-06,0.3038261053559223,0.229
2014-10-07,0.15511017777610359,0.14
2014-10-08,0.3568925140410374,0.35
2014-10-09,0.23558867217892998,0.191
2014-10-10,0.17557677477589567,0.168
2014-10-11,0.1369874356444997,0.151
2014-10-12,0.12922983623329082,0.136
2014-10-13,0.2767291274019643,0.145
2014-10-14,0.1397981278141464,0.161
2014-10-15,0.30651009590485145,0.24
2014-10-16,0.16591558115529986,0.233
2014-10-17,0.23999162378008443,0.204
2014-10-18,0.1447858327030855,0.224
2014-10-19,0.1577471438942418,0.18
2014-10-20,0.2683050540328289,0.175
2014-10-21,0.24660605937737673,0.371
2014-10-22,0.1458872624707761,0.278
2014-10-23,0.12945021404860657,0.224
2014-10-24,0.12387595125434332,0.193
2014-10-25,0.11797936713089434,0.175
2014-10-26,0.11325104631926182,0.163
2014-10-27,0.10966250659042641,0.156
2014-10-28,0.12894407059501709,0.155
2014-10-29,0.1163170415750448,0.15
2014-10-30,0.10466253976669204,0.141
2014-10-31,0.10207423815040437,0.137
2014-11-01,0.3168010645584934,0.186
2014-11-02,0.18503750104238248,0.666
2014-11-03,0.11292937172259,0.31
2014-11-04,0.10395161303108046,0.225
2014-11-05,0.09997274176735792,0.188
2014-11-06,0.35251628309312927,0.209
2014-11-07,0.40585391984634295,1.63
2014-11-08,0.42603162443736714,1.19
2014-11-09,0.2378016494459788,0.603
2014-11-10,0.18501225437352226,0.464
2014-11-11,0.3686230045418782,0.601
2014-11-12,0.2792651837184506,0.813
2014-11-13,0.4216447414969517,0.515
2014-11-14,0.5121934967800547,1.56
2014-11-15,0.2825045696769592,0.665
2014-11-16,0.5805753468213882,0.51
2014-11-17,0.3132040868774671,0.696
2014-11-18,0.25136870846039694,0.492
2014-11-19,0.2196121823393184,0.398
2014-11-20,0.19609388274069434,0.344
2014-11-21,0.7185812122642591,1.08
2014-11-22,0.6500734920147367,0.91
2014-11-23,0.35321058493509244,0.753
2014-11-24,0.2900220628194636,0.534
2014-11-25,0.39012485357448484,0.444
2014-11-26,0.4323602033343459,0.527
2014-11-27,0.2934928287901337,0.54
2014-11-28,0.30395769135264317,0.449
2014-11-29,0.2470135067710924,0.417
2014-11-30,0.21991962544302657,0.37
2014-12-01,0.2028391981698812,0.335
2014-12-02,0.18702862663457281,0.297
2014-12-03,0.1758541899083789,0.275
2014-12-04,0.16727745957745718,0.262
2014-12-05,0.17519852864104923,0.242
2014-12-06,0.2340055632855115,0.232
2014-12-07,0.28763632395537425,0.239
2014-12-08,0.22185857769895265,0.25
2014-12-09,0.48335886297101954,0.379
2014-12-10,0.6092925603026484,0.518
2014-12-11,1.1150765030512662,1.78
2014-12-12,0.744937309134964,1.4
2014-12-13,0.4823762264238846,0.646
2014-12-14,0.6024909778704137,0.572
2014-12-15,0.5519991979568412,0.539
2014-12-16,1.1655582354696568,1.62
2014-12-17,0.9320540892467908,1.73
2014-12-18,0.9478256106687303,1.13
2014-12-19,0.6389275461342117,0.915
2014-12-20,0.6032105400505389,0.655
2014-12-21,0.49933864193348787,0.557
2014-12-22,0.44032815807226344,0.473
2014-12-23,0.7764096994852138,0.527
2014-12-24,0.5261751745665398,0.576
2014-12-25,0.5016745621460998,0.462
2014-12-26,1.3442026790050465,0.614
2014-12-27,0.9566925399192939,0.726
2014-12-28,0.6458540095643616,0.549
2014-12-29,0.5578192980681055,0.458
2014-12-30,0.49716390159469426,0.408
2014-12-31,0.553225112966935,0.476
2015-01-01,0.6448688144523872,1.59
2015-01-02,0.4993283239461081,0.809
2015-01-03,0.7427261810898944,0.862
2015-01-04,0.5190017817014194,0.634
2015-01-05,0.47101207378082194,0.558
2015-01-06,0.5541718078859055,0.557
2015-01-07,0.6527851483654745,0.551
2015-01-08,0.531516718569682,0.567
2015-01-09,0.577578050998298,0.516
2015-01-10,0.5400855771545469,0.45
2015-01-11,0.5464095341162545,0.413
2015-01-12,0.7626889907200363,0.491
2015-01-13,0.5820070576836504,0.512
2015-01-14,0.8051275576765439,0.499
2015-01-15,0.6815141698040642,0.671
2015-01-16,0.6286231116973594,0.54
2015-01-17,0.544502124823004,0.462
2015-01-18,0.5088042900488315,0.403
2015-01-19,0.4753836365454887,0.368
2015-01-20,0.9650798023130395,0.355
2015-01-21,0.7863107127761381,0.517
2015-01-22,0.6060303072601674,0.501
2015-01-23,0.7174112364128882,0.767
2015-01-24,0.57796845386434,0.782
2015-01-25,0.5906201717184085,0.614
2015-01-26,0.5357281779034961,0.526
2015-01-27,0.5913212950073828,0.459
2015-01-28,0.6857278440149531,0.51
2015-01-29,1.130383948026394,0.514
2015-01-30,0.8912853537987345,0.64
2015-01-31,0.6919746954154713,0.822
2015-02-01,0.6289983343648552,0.597
2015-02-02,0.5870670853330698,0.474
2015-02-03,0.5546018290105544,0.409
2015-02-04,0.5290344386814962,0.374
2015-02-05,0.5601560506876234,0.374
2015-02-06,0.5131463271691377,0.362
2015-02-07,0.49508165663010595,0.345
2015-02-08,0.484317750859245,0.332
2015-02-09,0.47330793878350597,0.325
2015-02-10,0.4650581373630695,0.309
2015-02-11,0.4589625555818254,0.295
2015-02-12,0.4542984064754578,0.281
2015-02-13,0.5982877666758332,0.308
2015-02-14,0.4940111985352628,0.3
2015-02-15,0.5842141793143732,0.283
2015-02-16,0.6133309279953469,0.453
2015-02-17,0.5216361263981624,0.362
2015-02-18,0.5512017013492149,0.326
2015-02-19,0.7749056014258655,0.509
2015-02-20,0.6034407107379356,0.462
2015-02-21,0.580501196683751,0.444
2015-02-22,1.2245829803478412,2.05
2015-02-23,1.2004465444258177,1.03
2015-02-24,0.8541824385237383,0.902
2015-02-25,0.9236715276107543,0.666
2015-02-26,0.8776284491679462,0.888
2015-02-27,0.7752365414299333,0.607
2015-02-28,0.7876754099552579,0.568
2015-03-01,1.0038234711767398,0.712
2015-03-02,0.8862046343015371,0.589
2015-03-03,0.7316000218815775,0.502
2015-03-04,0.6760164907630933,0.414
2015-03-05,0.6339566295465425,0.377
2015-03-06,0.6021525925177135,0.348
2015-03-07,0.5769403961706897,0.321
2015-03-08,0.6704236572130203,0.321
2015-03-09,0.6257892076768582,0.305
2015-03-10,0.5735178215186028,0.281
2015-03-11,0.5642355233513273,0.276
2015-03-12,1.1094785746056643,0.427
2015-03-13,0.8271066683998699,1.33
2015-03-14,0.6592924674704248,0.549
2015-03-15,0.6206975312928346,0.434
2015-03-16,0.5937255034162012,0.377
2015-03-17,0.5693990648688949,0.335
2015-03-18,0.5514106532958468,0.302
2015-03-19,0.5376818556768814,0.283
2015-03-20,0.52661950792935,0.271
2015-03-21,0.5175570499177127,0.25
2015-03-22,0.5109314665011631,0.245
2015-03-23,0.5040253855201016,0.239
2015-03-24,0.5011230627964472,0.229
2015-03-25,0.7482647559982128,0.26
2015-03-26,0.5358803600166805,0.462
2015-03-27,0.518348819987268,0.314
2015-03-28,0.6977652812612369,0.317
2015-03-29,1.0258657546741292,0.879
2015-03-30,1.5877508652864472,2.11
2015-03-31,1.3345419490941433,1.3
2015-04-01,1.34017810782828,1.07
2015-04-02,1.1342211282719452,0.872
2015-04-03,1.1638886373836883,1.15
2015-04-04,0.9188656946899311,0.767
2015-04-05,0.8272380570404059,0.562
2015-04-06,0.7623188572111406,0.451
2015-04-07,0.7111765349536935,0.388
2015-04-08,0.6704415766917667,0.349
2015-04-09,0.6379312078936007,0.321
2015-04-10,0.6185596721983271,0.303
2015-04-11,0.591670477597184,0.279
2015-04-12,0.5956855978097582,0.266
2015-04-13,0.5668227548338025,0.25
2015-04-14,0.5539210932389279,0.24
2015-04-15,0.5443845182253572,0.228
2015-04-16,0.5363875517453512,0.22
2015-04-17,0.5298565966326242,0.205
2015-04-18,0.5243790273727389,0.198
2015-04-19,0.5197595464611592,0.196
2015-04-20,0.515655364898042,0.192
2015-04-21,0.5120605985848685,0.186
2015-04-22,0.5088152759229224,0.185
2015-04-23,0.5058220719462061,0.184
2015-04-24,0.5030074506269108,0.182
2015-04-25,0.5016141736620954,0.177
2015-04-26,0.49779296177066557,0.173
2015-04-27,0.4951465544732623,0.168
2015-04-28,0.5003936077946755,0.169
2015-04-29,0.4929682112157724,0.171
2015-04-30,0.489234441072991,0.164
2015-05-01,0.48594100748609426,0.16
2015-05-02,0.7133057963512522,0.226
2015-05-03,0.6631004865494965,0.41
2015-05-04,0.7244934267222823,0.324
2015-05-05,0.5166309083868014,0.374
2015-05-06,0.5908719451849094,0.336
2015-05-07,0.5231923630015427,0.337
2015-05-08,0.6411438381485741,0.435
2015-05-09,0.5023426775791515,0.415
2015-05-10,0.4824339696249112,0.312
2015-05-11,0.4743846577156734,0.255
2015-05-12,0.46795826315572203,0.22
2015-05-13,0.462186701412431,0.201
2015-05-14,0.4569339955674269,0.193
2015-05-15,0.45220892900603127,0.182
2015-05-16,0.4474646020731159,0.173
2015-05-17,0.5870469693793487,0.189
2015-05-18,0.5889242552426979,0.264
2015-05-19,0.49730274886337467,0.235
2015-05-20,0.44642324238165126,0.201
2015-05-21,0.43660611393688253,0.18
2015-05-22,0.4308048088660624,0.171
2015-05-23,0.42572127042230123,0.166
2015-05-24,0.42088887644056194,0.165
2015-05-25,0.41631241538677266,0.148
2015-05-26,0.4119458427223025,0.149
2015-05-27,0.4087927434139923,0.145
2015-05-28,0.5498631776708754,0.195
2015-05-29,0.41839657199239294,0.15
2015-05-30,0.6174193658466227,0.195
2015-05-31,0.4208575352180933,0.271
2015-06-01,0.621309425762384,0.398
2015-06-02,0.44973003535570033,0.406
2015-06-03,0.3989743267765209,0.247
2015-06-04,0.38909786672208824,0.199
2015-06-05,0.38297335017949774,0.177
2015-06-06,0.3775583639762818,0.159
2015-06-07,0.3725300711138735,0.151
2015-06-08,0.3678109719557489,0.149
2015-06-09,0.36329986330799596,0.146
2015-06-10,0.35898939138420527,0.145
2015-06-11,0.35483156560028817,0.141
2015-06-12,0.5784113871599056,0.203
2015-06-13,0.5504803882670521,0.317
2015-06-14,0.371312403883593,0.192
2015-06-15,0.35128002326316615,0.159
2015-06-16,0.34448677896005675,0.149
2015-06-17,0.33977662589049507,0.151
2015-06-18,0.33426067393863956,0.139
2015-06-19,0.329680577313288,0.138
2015-06-20,0.32616799480040165,0.143
2015-06-21,0.32327589660019806,0.147
2015-06-22,0.31795665169861315,0.148
2015-06-23,0.3132695754387231,0.136
2015-06-24,0.3094553413268971,0.131
2015-06-25,0.30588254786199265,0.128
2015-06-26,0.31795967245905793,0.147
2015-06-27,0.30456935462099477,0.131
2015-06-28,0.29762158921115117,0.131
2015-06-29,0.2935076456946424,0.122
2015-06-30,0.2897466903033256,0.113
2015-07-01,0.2861293742431527,0.115
2015-07-02,0.2840006831083965,0.12
2015-07-03,0.4076279229957753,0.152
2015-07-04,0.291472508710439,0.144
2015-07-05,0.27928621266621595,0.121
2015-07-06,0.2746614170043179,0.129
2015-07-07,0.27015259649637724,0.122
2015-07-08,0.26564025685920395,0.121
2015-07-09,0.26167831428365707,0.12
2015-07-10,0.2581223244033169,0.113
2015-07-11,0.26017873631597177,0.117
2015-07-12,0.2529907841195774,0.131
2015-07-13,0.27170162088415584,0.173
2015-07-14,0.25013503731645387,0.127
2015-07-15,0.24436125886160034,0.114
2015-07-16,0.24069048415494998,0.113
2015-07-17,0.23729064574825282,0.111
2015-07-18,0.2831490451544783,0.119
2015-07-19,0.23808893514210766,0.125
2015-07-20,0.23203995799578633,0.118
2015-07-21,0.22975778886535994,0.119
2015-07-22,0.22500352502456925,0.122
2015-07-23,0.2205979191370289,0.116
2015-07-24,0.218506490000375,0.116
2015-07-25,0.21444326484716242,0.11
2015-07-26,0.43053577967835627,0.215
2015-07-27,0.2882744945475603,0.158
2015-07-28,0.24042461028074288,0.154
2015-07-29,0.21596110467813104,0.127
2015-07-30,0.20952171165279032,0.112
2015-07-31,0.20509254497823878,0.11
2015-08-01,0.20336371226644503,0.125
2015-08-02,0.19769816428645098,0.112
2015-08-03,0.19417389380973207,0.108
2015-08-04,0.19327298765548878,0.12
2015-08-05,0.18895897542327753,0.113
2015-08-06,0.18526455482604565,0.112
2015-08-07,0.1824473897616754,0.109
2015-08-08,0.179806690227517,0.105
2015-08-09,0.17767175603727772,0.106
2015-08-10,0.1767824149242915,0.112
2015-08-11,0.17250770801317308,0.108
2015-08-12,0.1699919872366106,0.097
2015-08-13,0.36927296444084995,0.128
2015-08-14,0.20498465335467164,0.233
2015-08-15,0.17439159885348787,0.114
2015-08-16,0.16842042914826394,0.055
2015-08-17,0.16473172538422312,0.098
2015-08-18,0.16160908128257792,0.092
2015-08-19,0.2276920445698924,0.101
2015-08-20,0.16591999120462675,0.104
2015-08-21,0.1571971291660609,0.099
2015-08-22,0.17723677331749452,0.123
2015-08-23,0.15689591525315935,0.104
2015-08-24,0.15156050588256184,0.114
2015-08-25,0.3659034956343972,0.166
2015-08-26,0.17006238972138069,0.195
2015-08-27,0.15106186306019237,0.113
2015-08-28,0.1466173035928857,0.107
2015-08-29,0.1424979288904,0.102
2015-08-30,0.28957612101270386,0.119
2015-08-31,0.19604770544641412,0.202
2015-09-01,0.14667237809550238,0.134
2015-09-02,0.22035755778727548,0.128
2015-09-03,0.14517274936138896,0.113
2015-09-04,0.1362042100488843,0.105
2015-09-05,0.13201475086132836,0.101
2015-09-06,0.1289638735914135,0.098
2015-09-07,0.12629089402840368,0.097
2015-09-08,0.12383720982807536,0.1
2015-09-09,0.12170852127597062,0.099
2015-09-10,0.11950812169718576,0.097
2015-09-11,0.33434630252869024,0.129
2015-09-12,0.14160497646084155,0.177
2015-09-13,0.1238869322771175,0.117
2015-09-14,0.17537718310408332,0.169
2015-09-15,0.12272181397131024,0.146
2015-09-16,0.11562585277119299,0.122
2015-09-17,0.11276949040050142,0.114
2015-09-18,0.11029565650931047,0.116
2015-09-19,0.10808478003330019,0.105
2015-09-20,0.13862244122418652,0.109
2015-09-21,0.20285681444612183,0.165
2015-09-22,0.11580819581625307,0.122
2015-09-23,0.11418778838442624,0.118
2015-09-24,0.10538960272893344,0.114
2015-09-25,0.10244027486702191,0.107
2015-09-26,0.10017664789654182,0.104
2015-09-27,0.09826780217526046,0.101
2015-09-28,0.09633362607656867,0.101
2015-09-29,0.09461095136415569,0.119
2015-09-30,0.09303529148296381,0.094
2015-10-01,0.0915546316182818,0.094
2015-10-02,0.09011743207419949,0.095
2015-10-03,0.0887622772790757,0.096
2015-10-04,0.17052679469033372,0.101
2015-10-05,0.3178704204657784,0.217
2015-10-06,0.33505010487351267,0.284
2015-10-07,0.18281535379931577,0.242
2015-10-08,0.10438393211350909,0.159
2015-10-09,0.0946240632194031,0.134
2015-10-10,0.09083732143683856,0.121
2015-10-11,0.08789912575234984,0.113
2015-10-12,0.08543033995301638,0.109
2015-10-13,0.08325269522809854,0.106
2015-10-14,0.08134194042222155,0.103
2015-10-15,0.07964163623598453,0.103
2015-10-16,0.0782148364733604,0.101
2015-10-17,0.07672760306743988,0.1
2015-10-18,0.07550892390668804,0.1
2015-10-19,0.07418204983477691,0.1
2015-10-20,0.2592324701746629,0.116
2015-10-21,0.0925113700642005,0.139
2015-10-22,0.07721538522009447,0.108
2015-10-23,0.07481330521160796,0.105
2015-10-24,0.10908457143362377,0.116
2015-10-25,0.07535075835745644,0.11
2015-10-26,0.07113665059745958,0.106
2015-10-27,0.2264546785152179,0.119
2015-10-28,0.18309957727766174,0.245
2015-10-29,0.2763244454038092,0.232
2015-10-30,0.10156474515492177,0.401
2015-10-31,0.08329002966872398,0.225
2015-11-01,0.07804697360585884,0.174
2015-11-02,0.07477558630004422,0.157
2015-11-03,0.09915090272980141,0.153
2015-11-04,0.13520904700485134,0.169
2015-11-05,0.19925495381493294,0.415
2015-11-06,0.31199750968902257,0.402
2015-11-07,0.13309403124914887,0.929
2015-11-08,0.1822030902275439,0.501
2015-11-09,0.25550718165675357,0.851
2015-11-10,0.11016699669228025,0.477
2015-11-11,0.09296012313295794,0.33
2015-11-12,0.142094800717732,0.278
2015-11-13,0.10176923609478092,0.249
2015-11-14,0.3621874786363741,1.57
2015-11-15,0.38036107072201336,1.05
2015-11-16,0.2922192718441663,0.648
2015-11-17,0.3023410984045325,0.651
2015-11-18,0.34876579554324505,0.897
2015-11-19,0.20103379107535163,0.634
2015-11-20,0.39208654226852135,0.532
2015-11-21,0.2111869604399571,0.536
2015-11-22,0.17207613675579775,0.411
2015-11-23,0.33423594134277923,0.409
2015-11-24,0.49118555658589763,1.17
2015-11-25,0.25243347517907333,0.689
2015-11-26,0.21031780892568022,0.503
2015-11-27,0.3531653957909424,0.555
2015-11-28,0.5389435023761213,0.926
2015-11-29,0.7240907805488221,1.14
2015-11-30,1.0655776525624134,3.28
2015-12-01,0.6484206184898188,1.15
2015-12-02,0.6922950858871381,0.733
2015-12-03,0.79064181361281,1.05
2015-12-04,0.4879198977634715,0.784
2015-12-05,0.41224648577684103,0.553
2015-12-06,0.5414449156072646,0.452
2015-12-07,0.44894239246085127,0.497
2015-12-08,0.38523456622291985,0.459
2015-12-09,0.41660736895227973,0.398
2015-12-10,0.6331106328288787,0.615
2015-12-11,0.43762794427888435,0.502
2015-12-12,1.208030010344441,2.26
2015-12-13,0.9339418128670924,0.961
2015-12-14,0.7802501611893344,0.75
2015-12-15,0.7939362253307737,0.866
2015-12-16,0.5587576906569472,0.802
2015-12-17,0.5642131758036945,0.629
2015-12-18,0.4661470034251008,0.536
2015-12-19,0.4172816074085806,0.475
2015-12-20,0.3710790716439758,0.404
2015-12-21,0.5855718895430384,0.383
2015-12-22,0.7344586797524937,0.661
2015-12-23,0.48399626593473016,0.543
2015-12-24,0.7223302569157249,0.673
2015-12-25,0.9706276039913867,0.85
2015-12-26,1.066382715103464,1.24
2015-12-27,0.6873977079287997,0.958
2015-12-28,0.5787505433871738,0.657
2015-12-29,0.5176728659887767,0.507
2015-12-30,1.4172222134977082,2.01
2015-12-31,1.2168109538417673,1.35
2016-01-01,1.4354490547542922,1.46
2016-01-02,1.1890020559872245,1.42
2016-01-03,1.7939767888228977,3.73
2016-01-04,1.5549552536954885,1.3
2016-01-05,1.1685669923194466,1.06
2016-01-06,1.8120455199952088,1.64
2016-01-07,1.4874931805694869,3.07
2016-01-08,1.072659313517604,0.912
2016-01-09,1.396687316839088,1.39
2016-01-10,0.9865442419923662,0.899
2016-01-11,1.4010927081418516,0.704
2016-01-12,1.154459420592934,0.929
2016-01-13,1.187631691728033,0.817
2016-01-14,0.9188982016803611,0.805
2016-01-15,0.8265039007565181,0.592
2016-01-16,0.9604145463548588,0.512
2016-01-17,0.8319589411459307,0.503
2016-01-18,0.7394172089952795,0.569
2016-01-19,0.692924212396755,0.489
2016-01-20,0.6593797267107199,0.423
2016-01-21,0.7335526452236744,0.387
2016-01-22,0.860612160835109,0.655
2016-01-23,0.8410963016076178,0.56
2016-01-24,0.7150626644448902,0.531
2016-01-25,0.6871486814558411,0.456
2016-01-26,0.8085078384542838,0.421
2016-01-27,0.7996485675388045,0.442
2016-01-28,0.8109586662787839,0.42
2016-01-29,0.9970803002044292,0.519
2016-01-30,0.83557245702556,0.516
2016-01-31,1.0902898866029629,0.728
2016-02-01,0.842782724702032,0.578
2016-02-02,0.9314908660810629,0.438
2016-02-03,1.1425712962456218,0.473
2016-02-04,0.8844000540153651,0.715
2016-02-05,1.1836940041497543,0.612
2016-02-06,1.7879410403085636,3.24
2016-02-07,1.7802395421174504,1.44
2016-02-08,1.7642446862661145,2.29
2016-02-09,1.3445443581844987,0.929
2016-02-10,1.1389542614004193,0.652
2016-02-11,1.0420616904799278,0.538
2016-02-12,1.1228507349668573,0.557
2016-02-13,0.9665745177597873,0.484
2016-02-14,0.9081200507165441,0.403
2016-02-15,0.8631139680065263,0.352
2016-02-16,1.1518188667016267,0.347
2016-02-17,1.4347700011577433,1.34
2016-02-18,1.042045873751921,0.668
2016-02-19,1.0186763745856737,0.531
2016-02-20,1.2107124985945321,0.665
2016-02-21,1.063567197302071,0.586
2016-02-22,0.9613866920213244,0.491
2016-02-23,0.9101060672614539,0.415
2016-02-24,0.8743337526022631,0.374
2016-02-25,0.847934178876371,0.344
2016-02-26,0.8243638246423828,0.319
2016-02-27,0.806791535162429,0.291
2016-02-28,0.7929478832582779,0.271
2016-02-29,1.0999234121551205,0.283
2016-03-01,1.0702236571140238,0.762
2016-03-02,1.0883027785512733,0.649
2016-03-03,1.510172849230305,1.29
2016-03-04,1.3892395683173706,1.17
2016-03-05,1.104296966155605,0.772
2016-03-06,1.0176489199687466,0.548
2016-03-07,0.9664567003734793,0.444
2016-03-08,1.6051542698346435,0.581
2016-03-09,1.3036500738213266,1.67
2016-03-10,1.0814819636149087,0.638
2016-03-11,1.0077533304433401,0.471
2016-03-12,0.9594667146294104,0.399
2016-03-13,0.9216906917160816,0.351
2016-03-14,0.8914701457455052,0.317
2016-03-15,0.8671846843333515,0.295
2016-03-16,0.8475675147448046,0.274
2016-03-17,0.8316525001359366,0.256
2016-03-18,0.8186293299489866,0.246
2016-03-19,0.8078701692681005,0.233
2016-03-20,0.798883640722108,0.225
2016-03-21,0.7912655950966472,0.22
2016-03-22,0.7846986269298482,0.213
2016-03-23,0.7789336127684463,0.21
2016-03-24,0.7958058188537156,0.208
2016-03-25,0.7724305162488121,0.2
2016-03-26,0.8315011492827501,0.229
2016-03-27,1.0543804133080035,2.08
2016-03-28,1.105657290276256,2.82
2016-03-29,1.1637643439284169,0.718
2016-03-30,1.0472279250839642,0.517
2016-03-31,0.8492498038625823,0.402
2016-04-01,1.169754090808516,0.353
2016-04-02,1.0201878458021907,0.502
2016-04-03,1.0162284377805104,0.411
2016-04-04,1.0217618904387382,0.39
2016-04-05,1.0401234706582543,0.335
2016-04-06,1.4062800418079286,0.428
2016-04-07,1.0882846905728756,0.594
2016-04-08,1.342589393076381,0.533
2016-04-09,1.150271409231662,0.632
2016-04-10,1.024826037182779,0.453
2016-04-11,1.2079207118081747,0.407
2016-04-12,1.0079145666364506,0.403
2016-04-13,1.0360149474375349,0.338
2016-04-14,0.9459131597645926,0.338
2016-04-15,1.2823279550044604,0.565
2016-04-16,0.9992691320544594,0.483
2016-04-17,0.9240171875909878,0.354
2016-04-18,0.882522206437701,0.298
2016-04-19,0.8503597609334778,0.263
2016-04-20,0.8242449889704175,0.243
2016-04-21,0.8028184882816695,0.23
2016-04-22,0.7850995115320976,0.216
2016-04-23,0.7715699668623947,0.206
2016-04-24,0.7594838156976768,0.201
2016-04-25,0.7482213487431637,0.196
2016-04-26,0.7396107191796475,0.192
2016-04-27,0.7371258561870891,0.189
2016-04-28,0.8989870899434242,0.286
2016-04-29,0.7417450777632957,0.224
2016-04-30,0.7324505348649581,0.207
2016-05-01,0.7154227908748337,0.195
2016-05-02,0.7794742632014356,0.248
2016-05-03,0.7134247037940168,0.207
2016-05-04,0.700915942467854,0.19
2016-05-05,0.6934434648973629,0.181
2016-05-06,0.6868250791692213,0.173
2016-05-07,0.7286898686843533,0.228
2016-05-08,0.6813499315547655,0.186
2016-05-09,0.6724336203915625,0.168
2016-05-10,0.8909156019381396,0.396
2016-05-11,0.7622280924935617,0.392
2016-05-12,0.671079175605665,0.243
2016-05-13,0.6572224443022794,0.2
2016-05-14,0.649851788472311,0.182
2016-05-15,0.6433144971698286,0.171
2016-05-16,0.6370923517283675,0.165
2016-05-17,0.6825650755033396,0.171
2016-05-18,0.6332895440599832,0.186
2016-05-19,0.625385045600734,0.165
2016-05-20,0.7291526493440226,0.183
2016-05-21,0.7339994953868685,0.251
2016-05-22,0.6230471620077681,0.19
2016-05-23,0.6075980073565115,0.162
2016-05-24,0.5994398450857105,0.148
2016-05-25,0.5944235250236694,0.149
2016-05-26,0.5863014478476611,0.151
2016-05-27,0.5799389602956503,0.141
2016-05-28,0.573877287210034,0.138
2016-05-29,0.5679660253491801,0.134
2016-05-30,0.5621669086106047,0.128
2016-05-31,0.5565856696445951,0.127
2016-06-01,0.5508264064894274,0.126
2016-06-02,0.5452321058912494,0.126
2016-06-03,0.5396931088189872,0.124
2016-06-04,0.534192361337848,0.124
2016-06-05,0.5287231709969898,0.122
2016-06-06,0.5232810073531584,0.115
2016-06-07,0.5179916340594304,0.111
2016-06-08,0.5126448940507878,0.11
2016-06-09,0.5076461672917743,0.11
2016-06-10,0.6766549249995378,0.191
2016-06-11,0.5646617691623357,0.188
2016-06-12,0.5097797217768142,0.144
2016-06-13,0.6842981029409996,0.273
2016-06-14,0.558591151029739,0.222
2016-06-15,0.7179073855322605,0.27
2016-06-16,0.5924725286636461,0.315
2016-06-17,0.4980960769179559,0.188
2016-06-18,0.4812180203154638,0.153
2016-06-19,0.6819735820222539,0.203
2016-06-20,0.52722900808187,0.482
2016-06-21,0.47426401523641937,0.236
2016-06-22,0.46143638938346054,0.18
2016-06-23,0.4524162491837803,0.159
2016-06-24,0.44468747302804573,0.146
2016-06-25,0.6290436327494949,0.181
2016-06-26,0.48265505989369956,0.191
2016-06-27,0.43801160800269184,0.154
2016-06-28,0.5860701477353321,0.282
2016-06-29,0.6951146234620588,0.883
2016-06-30,0.5102635861504768,0.378
2016-07-01,0.47392744449487373,0.313
2016-07-02,0.545301633414029,0.31
2016-07-03,0.43935808318528713,0.267
2016-07-04,0.42245319221750827,0.213
2016-07-05,0.40932013202635575,0.182
2016-07-06,0.40009577085047465,0.167
2016-07-07,0.5616674910464887,0.203
2016-07-08,0.5836643348024227,0.264
2016-07-09,0.9595606051092584,1.06
2016-07-10,0.6019398196234872,1.04
2016-07-11,0.7072105737912123,0.511
2016-07-12,0.5520966050352981,0.38
2016-07-13,0.50959934745243,0.289
2016-07-14,0.4715400734631466,0.234
2016-07-15,0.44829266666153467,0.224
2016-07-16,0.4250279736381117,0.213
2016-07-17,0.4071563228596562,0.158
2016-07-18,0.39267574692121227,0.171
2016-07-19,0.3805527328290574,0.157
2016-07-20,0.37035356949376863,0.148
2016-07-21,0.3615284604545679,0.146
2016-07-22,0.3540524885439876,0.139
2016-07-23,0.34721164466656473,0.135
2016-07-24,0.34130746058085637,0.134
2016-07-25,0.3359583449864832,0.131
2016-07-26,0.333120525035549,0.133
2016-07-27,0.32677625034043123,0.134
2016-07-28,0.3238739423581963,0.135
2016-07-29,0.3187927490896338,0.134
2016-07-30,0.3147980243048238,0.122
2016-07-31,0.3111875032564993,0.12
2016-08-01,0.34527263968223,0.131
2016-08-02,0.31126082889760087,0.141
2016-08-03,0.3041202224860068,0.129
2016-08-04,0.300918275556003,0.121
2016-08-05,0.2964110210286441,0.117
2016-08-06,0.2929089376003153,0.111
2016-08-07,0.2898829164284619,0.104
2016-08-08,0.28650632279467625,0.104
2016-08-09,0.28335600111990183,0.105
2016-08-10,0.2807632300810936,0.105
2016-08-11,0.27707926286384765,0.108
2016-08-12,0.27412522078992224,0.103
2016-08-13,0.27086557035180625,0.102
2016-08-14,0.2678521897033483,0.103
2016-08-15,0.26488228658101076,0.101
2016-08-16,0.2619360203418793,0.098
2016-08-17,0.2590141492756908,0.1
2016-08-18,0.2580010327164812,0.1
2016-08-19,0.4708720678838652,0.19
2016-08-20,0.4844614354669724,0.166
2016-08-21,0.3947684530946673,0.226
2016-08-22,0.2726749585656896,0.168
2016-08-23,0.25711050544249775,0.127
2016-08-24,0.2737974930807402,0.126
2016-08-25,0.4701253853277551,0.344
2016-08-26,0.26993900222143635,0.212
2016-08-27,0.2682772807893651,0.159
2016-08-28,0.24652709910075418,0.152
2016-08-29,0.23885949631630002,0.133
2016-08-30,0.2338765432061166,0.124
2016-08-31,0.22949974725875016,0.12
2016-09-01,0.22624279092871427,0.116
2016-09-02,0.22193706913567554,0.118
2016-09-03,0.37178874827099795,0.164
2016-09-04,0.23423991084543155,0.142
2016-09-05,0.2186576724922336,0.133
2016-09-06,0.21365591021261016,0.123
2016-09-07,0.21007757398068083,0.118
2016-09-08,0.20703901041580333,0.112
2016-09-09,0.2216876067331997,0.119
2016-09-10,0.20621501634874967,0.134
2016-09-11,0.19992319234140243,0.115
2016-09-12,0.19663191275947206,0.11
2016-09-13,0.19585771527393994,0.194
2016-09-14,0.19113111131863153,0.125
2016-09-15,0.1901105733071999,0.115
2016-09-16,0.1859728809584315,0.114
2016-09-17,0.18328614677539454,0.108
2016-09-18,0.1817919635367718,0.109
2016-09-19,0.17891186859454347,0.114
2016-09-20,0.17623195044144027,0.111
2016-09-21,0.2649449314470898,0.158
2016-09-22,0.18254935280742382,0.124
2016-09-23,0.17335651580529104,0.113
2016-09-24,0.33466251764204075,0.133
2016-09-25,0.18658648709726397,0.158
2016-09-26,0.22104883534060654,0.141
2016-09-27,0.17329724323352264,0.133
2016-09-28,0.1666232281090204,0.121
2016-09-29,0.1627095696305812,0.114
2016-09-30,0.16038315213444237,0.111
2016-10-01,0.1871662512553596,0.114
2016-10-02,0.15850691955085042,0.108
2016-10-03,0.15364432434740805,0.106
2016-10-04,0.1508532924723272,0.104
2016-10-05,0.14839272975755502,0.099
2016-10-06,0.15153181110876893,0.101
2016-10-07,0.14553840892887884,0.106
2016-10-08,0.14280103787663986,0.104
2016-10-09,0.14059083624558294,0.102
2016-10-10,0.13870312947335328,0.101
2016-10-11,0.19039785662718764,0.107
2016-10-12,0.22974823765866306,0.12
2016-10-13,0.1456393962272565,0.116
2016-10-14,0.13602857681566294,0.11
2016-10-15,0.1817147992198352,0.109
2016-10-16,0.13688230337075763,0.125
2016-10-17,0.29000188154248374,0.203
2016-10-18,0.22698111020451384,0.258
2016-10-19,0.14034669782218942,0.2
2016-10-20,0.13008235903229742,0.153
2016-10-21,0.12631588340718974,0.14
2016-10-22,0.1238797777577274,0.128
2016-10-23,0.12088437430098693,0.121
2016-10-24,0.1185125159640977,0.12
2016-10-25,0.1163577802225197,0.117
2016-10-26,0.11435881536216791,0.112
2016-10-27,0.11251102559173988,0.11
2016-10-28,0.11079124301867353,0.108
2016-10-29,0.10962364782285378,0.109
2016-10-30,0.10748162213938887,0.11
2016-10-31,0.10588158663421944,0.11
2016-11-01,0.10442862836309488,0.107
2016-11-02,0.10288467078201574,0.104
2016-11-03,0.10548617302080698,0.108
2016-11-04,0.1014728469486231,0.112
2016-11-05,0.09931431526317781,0.107
2016-11-06,0.11246088973750255,0.108
2016-11-07,0.09869573853244047,0.108
2016-11-08,0.31238492736526846,0.172
2016-11-09,0.15850715297423798,0.255
2016-11-10,0.12822055695504542,0.189
2016-11-11,0.26997427953997305,0.19
2016-11-12,0.11636196625875898,0.538
2016-11-13,0.1364459326769643,0.273
2016-11-14,0.10206758086666702,0.247
2016-11-15,0.09607399349760716,0.212
2016-11-16,0.09464098927166223,0.191
2016-11-17,0.17123875790056184,0.215
2016-11-18,0.11810051334143663,0.204
2016-11-19,0.264549389954682,0.223
2016-11-20,0.2229987800676882,0.455
2016-11-21,0.47574654493930985,3.92
2016-11-22,0.40020146703904547,1.26
2016-11-23,0.3743296380878113,0.615
2016-11-24,0.27006846929859407,0.439
2016-11-25,0.13825807210972968,0.355
2016-11-26,0.11893580369222309,0.303
2016-11-27,0.11010614561155876,0.265
2016-11-28,0.10352015658323206,0.239
2016-11-29,0.0982271185532483,0.22
2016-11-30,0.09387732231731688,0.209
2016-12-01,0.09026534710559525,0.205
2016-12-02,0.09502858861998713,0.197
2016-12-03,0.08704554809150725,0.189
2016-12-04,0.08420098858086801,0.179
2016-12-05,0.08230661209651821,0.172
2016-12-06,0.0805796797117243,0.169
2016-12-07,0.20353607824572642,0.179
2016-12-08,0.09400555118061563,0.293
2016-12-09,0.11838692383215962,0.248
2016-12-10,0.18406105045449453,0.345
2016-12-11,0.10164185549380199,0.341
2016-12-12,0.17850313817211302,0.322
2016-12-13,0.23686603463893777,0.48
2016-12-14,0.13028310614004823,0.419
2016-12-15,0.11674141900536197,0.329
2016-12-16,0.10452567881118972,0.278
2016-12-17,0.0984364479917339,0.248
2016-12-18,0.0921575730031973,0.236
2016-12-19,0.09870164263586359,0.228
2016-12-20,0.1385970936480856,0.222
2016-12-21,0.09859598831535633,0.222
2016-12-22,0.09197258971267167,0.208
2016-12-23,0.212778333099168,0.266
2016-12-24,0.1461276427164042,0.272
2016-12-25,0.24592095139815728,0.295
2016-12-26,0.13882913648953363,0.295
2016-12-27,0.11981859415412344,0.256
2016-12-28,0.11080757463848133,0.238
2016-12-29,0.10357928708904815,0.224
2016-12-30,0.09732368724064477,0.212
2016-12-31,0.17146437471624482,0.213
2017-01-01,0.2036167338755577,0.257
2017-01-02,0.12699830876350943,0.234
2017-01-03,0.12913426109600087,0.222
2017-01-04,0.10942821343612848,0.215
2017-01-05,0.10150989054411315,0.197
2017-01-06,0.12533085053616458,0.195
2017-01-07,0.10307235386185341,0.201
2017-01-08,0.09625474018776214,0.198
2017-01-09,0.3059935244473072,0.297
2017-01-10,0.16865426517209928,0.327
2017-01-11,0.13083475234635655,0.274
2017-01-12,0.30876050609546224,0.275
2017-01-13,0.1943853205392766,0.293
2017-01-14,0.35846893100333704,0.307
2017-01-15,0.4239341730498997,0.732
2017-01-16,0.3322303641529366,0.616
2017-01-17,0.27517293113994995,0.524
2017-01-18,0.2143291321715077,0.458
2017-01-19,0.18959186133572858,0.394
2017-01-20,0.16608675260821237,0.344
2017-01-21,0.15019642268622765,0.309
2017-01-22,0.13990409668323836,0.281
2017-01-23,0.1316794882037357,0.263
2017-01-24,0.12207767524109156,0.247
2017-01-25,0.11529848322093189,0.233
2017-01-26,0.1105700097190399,0.222
2017-01-27,0.38790759518511375,0.239
2017-01-28,0.5146051789486498,0.655
2017-01-29,0.42942811911071066,0.761
2017-01-30,0.3644726416623683,0.568
2017-01-31,0.8568544724467371,1.14
2017-02-01,0.5277538802974511,1.13
2017-02-02,0.38914250987259996,0.728
2017-02-03,0.5239280185615661,0.577
2017-02-04,0.3563705614335121,0.527
2017-02-05,0.30171822824354694,0.424
2017-02-06,0.8044822058407191,0.762
2017-02-07,0.4275253890701299,0.812
2017-02-08,0.3472720507363658,0.541
2017-02-09,0.30270185805204086,0.445
2017-02-10,0.4698088358214097,0.387
2017-02-11,0.48620436394768923,0.439
2017-02-12,0.4481059471304548,0.629
2017-02-13,0.33444520554556273,0.501
2017-02-14,0.29699435486478304,0.411
2017-02-15,0.5136162145342391,0.491
2017-02-16,0.33861728110219474,0.468
2017-02-17,0.2922907956901348,0.403
2017-02-18,0.26695181116315947,0.36
2017-02-19,0.2579963736494294,0.328
2017-02-20,0.28689825557735665,0.323
2017-02-21,0.34774507840034885,0.315
2017-02-22,0.6329339293702725,0.41
2017-02-23,0.7715760243373733,1.15
2017-02-24,0.5875032399501429,0.617
2017-02-25,0.5795444124799212,0.629
2017-02-26,0.5822553586319822,0.557
2017-02-27,0.9108434403742197,1.28
2017-02-28,0.7988370446819347,0.918
2017-03-01,1.1455726505449697,0.992
2017-03-02,0.6859020280818231,1.17
2017-03-03,1.328199236111734,2.13
2017-03-04,0.9938055108466461,1.0
2017-03-05,1.227612621227269,1.74
2017-03-06,0.7982220119031204,0.809
2017-03-07,1.1622799898945702,0.941
2017-03-08,0.76320351187015,0.918
2017-03-09,0.6523939590642261,0.595
2017-03-10,0.5968341774104365,0.518
2017-03-11,0.5352452426526101,0.481
2017-03-12,0.48458205033955926,0.375
2017-03-13,0.45076086741158894,0.355
2017-03-14,0.4245526493004561,0.327
2017-03-15,0.4046852324545266,0.304
2017-03-16,0.38986300613223607,0.289
2017-03-17,0.486745359965567,0.285
2017-03-18,0.5728570841443621,0.314
2017-03-19,0.7070536597431115,0.315
2017-03-20,0.9375421796427245,1.66
2017-03-21,0.7417580552730434,0.572
2017-03-22,1.157934057204349,1.1
2017-03-23,0.7330105653195435,0.721
2017-03-24,0.6389114629896139,0.489
2017-03-25,0.5853042767119055,0.401
2017-03-26,0.5448141095874974,0.347
2017-03-27,0.5132024567318291,0.313
2017-03-28,0.6063793213612249,0.31
2017-03-29,0.5798733819149048,0.332
2017-03-30,0.5069786415038913,0.315
2017-03-31,0.4883890018836629,0.284
2017-04-01,0.4661957090089318,0.26
2017-04-02,0.45325224700738914,0.233
2017-04-03,0.44371343089028314,0.22
2017-04-04,0.43637910329747803,0.205
2017-04-05,0.4307807995584597,0.195
2017-04-06,0.42651637113065427,0.193
2017-04-07,0.4232760250902078,0.189
2017-04-08,0.4208147573214539,0.185
2017-04-09,0.41893873228668504,0.178
2017-04-10,0.4174940570347676,0.169
2017-04-11,0.4163595121856721,0.169
2017-04-12,0.4164507379334505,0.17
2017-04-13,0.41544479441656246,0.164
2017-04-14,0.4390135969209764,0.168
2017-04-15,0.4172895006728951,0.158
2017-04-16,0.4157716601851807,0.16
2017-04-17,0.41335188221125724,0.156
2017-04-18,0.4122398689132198,0.15
2017-04-19,0.4115846539869711,0.148
2017-04-20,0.4102414971770781,0.147
2017-04-21,0.409117000779764,0.145
2017-04-22,0.4079638303746783,0.142
2017-04-23,0.4069440671834076,0.141
2017-04-24,0.40604733535356224,0.14
2017-04-25,0.40514890067344156,0.138
2017-04-26,0.4027016170610342,0.133
2017-04-27,0.423027404517809,0.14
2017-04-28,0.4030907078278398,0.138
2017-04-29,0.3995456522979827,0.134
2017-04-30,0.3986556459406934,0.132
2017-05-01,0.3953110848761713,0.133
2017-05-02,0.393020009140035,0.126
2017-05-03,0.39081569023422397,0.122
2017-05-04,0.38858554618118313,0.119
2017-05-05,0.3863258906325921,0.117
2017-05-06,0.38400206611159093,0.117
2017-05-07,0.38163990904333694,0.118
2017-05-08,0.3792333024059718,0.116
2017-05-09,0.37678088861633896,0.111
2017-05-10,0.37428325601632845,0.111
2017-05-11,0.37209233439711253,0.109
2017-05-12,0.3705922779996323,0.115
2017-05-13,0.4748863736635031,0.128
2017-05-14,0.3801507115846767,0.129
2017-05-15,0.46510478055478516,0.142
2017-05-16,0.38945521396215543,0.164
2017-05-17,0.5764512230549583,0.262
2017-05-18,0.43610854652355024,0.156
2017-05-19,0.37122880890265764,0.147
2017-05-20,0.3744533375208806,0.134
2017-05-21,0.3581711519270321,0.121
2017-05-22,0.35218228162133985,0.113
2017-05-23,0.3474109505969147,0.108
2017-05-24,0.3430587025506636,0.105
2017-05-25,0.33899544064389386,0.102
2017-05-26,0.3352712908334371,0.097
2017-05-27,0.3315647264931562,0.098
2017-05-28,0.3286558789638218,0.098
2017-05-29,0.4142301423723896,0.138
2017-05-30,0.3326180315562311,0.114
2017-05-31,0.32231927443044023,0.099
2017-06-01,0.31791900396781736,0.097
2017-06-02,0.31989670940321635,0.107
2017-06-03,0.3110354945490604,0.098
2017-06-04,0.3093191988510625,0.097
2017-06-05,0.5354866833479174,0.191
2017-06-06,0.5505138130263686,0.39
2017-06-07,0.5648402533167365,0.255
2017-06-08,0.365964535081276,0.256
2017-06-09,0.37315638769853077,0.169
2017-06-10,0.3370833439771569,0.2
2017-06-11,0.31170302939392186,0.171
2017-06-12,0.30315745666229654,0.138
2017-06-13,0.29597681941293064,0.129
2017-06-14,0.290170482325907,0.127
2017-06-15,0.28502317439395863,0.119
2017-06-16,0.2803614175006604,0.115
2017-06-17,0.27609142530330427,0.111
2017-06-18,0.2721340870758736,0.108
2017-06-19,0.2684276219831842,0.108
2017-06-20,0.26492296083463485,0.109
2017-06-21,0.26159719104758955,0.11
2017-06-22,0.25855234428894003,0.107
2017-06-23,0.2557407928638438,0.11
2017-06-24,0.25230525042104174,0.107
2017-06-25,0.24961166474277371,0.107
2017-06-26,0.24645401561807131,0.103
2017-06-27,0.4247354897164426,0.126
2017-06-28,0.3355477873127544,0.164
2017-06-29,0.27572681963718404,0.147
2017-06-30,0.24798431024007245,0.12
2017-07-01,0.24143338478516613,0.107
2017-07-02,0.23703621021555663,0.101
2017-07-03,0.23316049728609156,0.1
2017-07-04,0.2297021940514879,0.1
2017-07-05,0.2261619378891428,0.098
2017-07-06,0.22297799494259607,0.095
2017-07-07,0.2199243226041917,0.095
2017-07-08,0.2169907506718738,0.094
2017-07-09,0.2142885117377155,0.09
2017-07-10,0.22631883082283336,0.104
2017-07-11,0.40711913280167505,0.141
2017-07-12,0.2304671817992302,0.102
2017-07-13,0.21294005404056301,0.094
2017-07-14,0.20852208138105824,0.092
2017-07-15,0.20401214524453115,0.095
2017-07-16,0.20050101744797222,0.091
2017-07-17,0.1973499634387133,0.087
2017-07-18,0.19440604171987183,0.085
2017-07-19,0.26539345815385956,0.095
2017-07-20,0.21697618241753608,0.109
2017-07-21,0.3837705943299138,0.168
2017-07-22,0.43265982440886935,0.208
2017-07-23,0.22010933152586407,0.163
2017-07-24,0.19653315799678975,0.109
2017-07-25,0.24556207657721954,0.106
2017-07-26,0.27858506091470636,0.246
2017-07-27,0.1969195668743277,0.146
2017-07-28,0.4048098657597052,0.294
2017-07-29,0.3354627046642228,0.252
2017-07-30,0.2729974877734164,0.304
2017-07-31,0.20716901407262955,0.2
2017-08-01,0.1966793806043799,0.151
2017-08-02,0.20477442125327833,0.148
2017-08-03,0.18665131714108243,0.146
2017-08-04,0.17730998880483823,0.122
2017-08-05,0.17190658324350705,0.112
2017-08-06,0.34120298740902155,0.165
2017-08-07,0.2341825105625752,0.185
2017-08-08,0.4201799697073957,0.393
2017-08-09,0.21471191177382895,0.452
2017-08-10,0.17994228898886108,0.242
2017-08-11,0.17236920039732576,0.177
2017-08-12,0.16510096398045906,0.147
2017-08-13,0.16023153014638683,0.1
2017-08-14,0.1570141439478798,0.126
2017-08-15,0.15221487810509726,0.111
2017-08-16,0.3670086597466699,0.185
2017-08-17,0.1721836208710293,0.244
2017-08-18,0.16875651996157892,0.155
2017-08-19,0.15185184698409898,0.141
2017-08-20,0.14685303487579687,0.132
2017-08-21,0.14252185170083942,0.131
2017-08-22,0.13973919590988063,0.128
2017-08-23,0.13704265775833147,0.12
2017-08-24,0.13470849809755042,0.114
2017-08-25,0.13258476943736705,0.112
2017-08-26,0.13061857626941184,0.108
2017-08-27,0.1287772228019948,0.106
2017-08-28,0.12704214782082723,0.106
2017-08-29,0.1256866664500811,0.107
2017-08-30,0.12398763329555439,0.106
2017-08-31,0.12242024644798154,0.106
2017-09-01,0.12077175923166812,0.101
2017-09-02,0.1192957106953532,0.101
2017-09-03,0.1979861871139126,0.116
2017-09-04,0.21459897833645586,0.126
2017-09-05,0.1701685902427493,0.167
2017-09-06,0.12644103455964129,0.117
2017-09-07,0.2133546632169606,0.133
2017-09-08,0.13003654356455763,0.141
2017-09-09,0.13744588550879264,0.149
2017-09-10,0.19139109683875782,0.147
2017-09-11,0.18652750025456039,0.17
2017-09-12,0.30242363241264786,0.28
2017-09-13,0.13836493930022364,0.288
2017-09-14,0.11955143172474114,0.178
2017-09-15,0.12216265210370184,0.161
2017-09-16,0.11333643651347362,0.148
2017-09-17,0.13073787803064513,0.137
2017-09-18,0.16026696324468073,0.142
2017-09-19,0.11265107519021224,0.14
2017-09-20,0.10639807328090382,0.133
2017-09-21,0.1954903785045817,0.191
2017-09-22,0.1131762313398764,0.161
2017-09-23,0.10319118705806493,0.147
2017-09-24,0.2158915447217739,0.145
2017-09-25,0.11140854051458342,0.188
2017-09-26,0.10063374654281151,0.155
2017-09-27,0.32237624414894755,0.415
2017-09-28,0.2589768240640376,0.444
2017-09-29,0.1269135210447252,0.466
2017-09-30,0.3689684510990938,0.66
2017-10-01,0.1706381595616995,0.765
2017-10-02,0.1260466039659874,0.394
2017-10-03,0.11455630536281022,0.281
2017-10-04,0.35488582291946236,0.437
2017-10-05,0.1429918008271361,0.512
2017-10-06,0.11898768176109471,0.32
2017-10-07,0.12141512392929114,0.27
2017-10-08,0.10910181571439709,0.242
2017-10-09,0.1028792052784807,0.223
2017-10-10,0.09884408943222718,0.207
2017-10-11,0.1847711149889226,0.249
2017-10-12,0.10256525164644474,0.226
2017-10-13,0.0933425448790699,0.203
2017-10-14,0.0901455901567528,0.186
2017-10-15,0.08786116817121586,0.178
2017-10-16,0.08591965229097216,0.162
2017-10-17,0.08436473135124482,0.155
2017-10-18,0.08338859422095225,0.155
2017-10-19,0.3049703703912322,0.373
2017-10-20,0.31392811230642526,0.489
2017-10-21,0.2973615138763495,0.472
2017-10-22,0.15429261062226032,0.674
2017-10-23,0.12091459308048684,0.41
2017-10-24,0.16807742872207299,0.34
2017-10-25,0.11842270553376244,0.309
2017-10-26,0.10751349613508115,0.268
2017-10-27,0.1008637484038131,0.236
2017-10-28,0.09701933087532588,0.226
2017-10-29,0.09150782164181409,0.207
2017-10-30,0.087994132789492,0.184
2017-10-31,0.0851822501494822,0.186
2017-11-01,0.08276024847391554,0.182
2017-11-02,0.08074666057118392,0.175
2017-11-03,0.29934098958013444,0.232
2017-11-04,0.3538835564488346,0.77
2017-11-05,0.14440191532839655,0.501
2017-11-06,0.11935644540349777,0.35
2017-11-07,0.2878765270815624,0.382
2017-11-08,0.15941772667021611,0.342
2017-11-09,0.16539614221101753,0.296
2017-11-10,0.2354214943548125,0.291
2017-11-11,0.15628307132374658,0.307
2017-11-12,0.13343043833652382,0.265
2017-11-13,0.12571350270316098,0.238
2017-11-14,0.11473059242122535,0.23
2017-11-15,0.10933115397404627,0.216
2017-11-16,0.10588262158316367,0.213
2017-11-17,0.0962436970080207,0.201
2017-11-18,0.09134462998527622,0.199
2017-11-19,0.13755512754696197,0.19
2017-11-20,0.15886655771436917,0.212
2017-11-21,0.2990171136995581,0.344
2017-11-22,0.366640273535069,0.506
2017-11-23,0.19134128160787184,0.535
2017-11-24,0.25443850800527584,0.343
2017-11-25,0.34542699625156187,0.405
2017-11-26,0.5989184443943113,0.856
2017-11-27,0.4395200552137633,1.07
2017-11-28,0.28336337538663725,0.587
2017-11-29,0.23718840560356677,0.432
2017-11-30,0.20894089197396107,0.352
2017-12-01,0.18552127436418187,0.316
2017-12-02,0.1708265802067772,0.291
2017-12-03,0.15503546253566952,0.274
2017-12-04,0.14276374128202385,0.258
2017-12-05,0.13372974060198536,0.246
2017-12-06,0.26227807104474354,0.242
2017-12-07,0.3487068752283816,0.299
2017-12-08,0.21826409721650503,0.307
2017-12-09,0.20598964879763684,0.283
2017-12-10,0.23748881450187107,0.291
2017-12-11,0.1825187398351849,0.253
2017-12-12,0.30567880649595014,0.277
2017-12-13,0.6073616575793248,1.02
2017-12-14,0.5997900853581671,1.29
2017-12-15,0.34391329262584003,0.799
2017-12-16,0.29344013010649533,0.504
2017-12-17,0.46088807469504445,0.605
2017-12-18,0.3007299937416091,0.505
2017-12-19,0.2575525115920803,0.43
2017-12-20,0.24095422681816717,0.383
2017-12-21,0.2125469966527904,0.351
2017-12-22,0.1968856529142899,0.32
2017-12-23,0.1841673319614074,0.299
2017-12-24,0.2016114170736397,0.285
2017-12-25,0.5061753990208433,0.387
2017-12-26,0.6553159582997101,0.615
2017-12-27,0.3664622859468218,0.71
2017-12-28,0.5227328213642879,0.436
2017-12-29,1.0083345207365357,1.57
2017-12-30,0.7337185410027195,1.36
2017-12-31,0.5774284586345618,0.738
2018-01-01,0.6715242642680271,0.683
2018-01-02,1.0165470510954708,1.32
2018-01-03,0.7414733775129257,0.83
2018-01-04,0.7057126993583729,0.847
2018-01-05,1.2050328876067713,2.25
2018-01-06,0.7286340611905985,0.776
2018-01-07,0.5810848260553504,0.559
2018-01-08,0.5089000987234477,0.484
2018-01-09,0.6559976320761607,0.46
2018-01-10,0.4803549059277035,0.49
2018-01-11,0.42480819942102427,0.412
2018-01-12,0.38768673124934105,0.38
2018-01-13,0.3594595226889131,0.349
2018-01-14,0.7167141175763486,0.364
2018-01-15,0.798526180023641,0.819
2018-01-16,0.6613447116673133,0.576
2018-01-17,1.0204371238688144,1.1
2018-01-18,1.0733077960212178,1.29
2018-01-19,0.7002826738378557,0.809
2018-01-20,0.7155393764075628,0.629
2018-01-21,1.2313638536704157,1.22
2018-01-22,0.8743506185327531,1.38
2018-01-23,0.9130841816095874,0.879
2018-01-24,0.7675027027014898,1.05
2018-01-25,0.6456861768487625,0.661
2018-01-26,0.5875796194716203,0.525
2018-01-27,0.7771102631385315,0.692
2018-01-28,0.5963030517848473,0.561
2018-01-29,0.7382819543014731,0.673
2018-01-30,0.6927655398924828,0.541
2018-01-31,0.7229666727410815,0.562
2018-02-01,0.5802474615736419,0.497
2018-02-02,0.6741897508204305,0.435
2018-02-03,0.7275759994904349,0.558
2018-02-04,0.5801933854758293,0.487
2018-02-05,0.5401562344310789,0.431
2018-02-06,0.5103544398063653,0.387
2018-02-07,0.4867467958473482,0.344
2018-02-08,0.9109195592672673,0.466
2018-02-09,0.6147723699185638,0.509
2018-02-10,1.0175063106192723,0.82
2018-02-11,0.8251859524882006,0.847
2018-02-12,0.6754757743080891,0.567
2018-02-13,0.8152402416049814,0.646
2018-02-14,1.0061113264690442,0.942
2018-02-15,0.7239614582212494,0.667
2018-02-16,0.6578362624538068,0.497
2018-02-17,0.6295833250090213,0.449
2018-02-18,0.6791473476986691,0.412
2018-02-19,0.5972243768585682,0.41
2018-02-20,0.5640280716577449,0.364
2018-02-21,0.5431835884796071,0.337
2018-02-22,0.5269855456732185,0.31
2018-02-23,0.5145038273349875,0.289
2018-02-24,0.5046886018712959,0.269
2018-02-25,0.49706439400912955,0.254
2018-02-26,0.5143174292714663,0.242
2018-02-27,0.5280841994076496,0.241
2018-02-28,0.5448037779330982,0.222
2018-03-01,0.5318177646005727,0.228
2018-03-02,0.5104399906306534,0.225
2018-03-03,0.5455549540771046,0.219
2018-03-04,0.568005917994331,0.328
2018-03-05,0.9839557329408,1.41
2018-03-06,0.7033828438863,0.978
2018-03-07,0.8282482373326191,0.531
2018-03-08,0.6609304762732764,0.618
2018-03-09,1.4821903015389084,1.28
2018-03-10,1.084911164139249,2.26
2018-03-11,1.3654945732136115,1.01
2018-03-12,1.8315760259251144,3.75
2018-03-13,1.2796774790311995,0.949
2018-03-14,1.2949337544638295,0.671
2018-03-15,1.2822547650884293,0.807
2018-03-16,1.127830744477077,0.958
2018-03-17,1.058817475969989,0.671
2018-03-18,0.9038562151059661,0.568
2018-03-19,0.8272509222851531,0.549
2018-03-20,0.7732652987497057,0.518
2018-03-21,0.7257947538972369,0.46
2018-03-22,0.7825461253856981,0.434
2018-03-23,0.7409129502052393,0.41
2018-03-24,0.6863676317192156,0.367
2018-03-25,0.6571877353268963,0.327
2018-03-26,0.9121324316568241,0.353
2018-03-27,0.7143755519561636,0.558
2018-03-28,0.6662360314984743,0.406
2018-03-29,1.0230094812093762,0.587
2018-03-30,1.5483561445535257,2.11
2018-03-31,1.1224785176760623,1.16
2018-04-01,1.8644533166131068,0.903
2018-04-02,1.7525479960506658,5.1
2018-04-03,1.7302358761236316,1.4
2018-04-04,1.3986158811767986,1.3
2018-04-05,1.1414146606686997,0.74
2018-04-06,1.0338915561582505,0.576
2018-04-07,0.9522096358579073,0.492
2018-04-08,0.8867111707237917,0.432
2018-04-09,1.4151245258714156,0.494
2018-04-10,1.015043244509847,0.961
2018-04-11,0.9154587934982434,0.559
2018-04-12,1.3290857908931768,0.569
2018-04-13,1.1250392571416534,1.47
2018-04-14,0.9522971671971616,0.674
2018-04-15,0.9624804325935041,0.545
2018-04-16,0.8741689594624233,0.454
2018-04-17,0.8353855572374638,0.4
2018-04-18,0.7987170302894498,0.358
2018-04-19,0.7729246964276298,0.329
2018-04-20,0.7527423261483774,0.302
2018-04-21,0.7382654841386577,0.29
2018-04-22,0.7243666305261461,0.275
2018-04-23,0.7138991792554987,0.261
2018-04-24,0.9258381245980966,0.451
2018-04-25,0.7873989655357895,0.371
2018-04-26,0.724817845754157,0.297
2018-04-27,0.8737379369381693,0.429
2018-04-28,0.7522204610279852,0.352
2018-04-29,0.7178490041895865,0.305
2018-04-30,0.7074125339602932,0.271
2018-05-01,1.0374352409800403,0.306
2018-05-02,0.9167904338135328,1.41
2018-05-03,0.7541974313446943,0.431
2018-05-04,0.7276639120696556,0.343
2018-05-05,0.7141987010866838,0.296
2018-05-06,0.7036302246606118,0.267
2018-05-07,0.6947562538975016,0.247
2018-05-08,0.688810206025637,0.235
2018-05-09,0.7483740817432799,0.242
2018-05-10,0.6839824557322943,0.22
2018-05-11,0.675214394224689,0.194
2018-05-12,0.668601346264783,0.196
2018-05-13,0.6624567792153444,0.188
2018-05-14,0.657643317693516,0.178
2018-05-15,0.6534647819914094,0.172
2018-05-16,0.6488716227972352,0.165
2018-05-17,0.6446596669737507,0.163
2018-05-18,0.6405416019169873,0.158
2018-05-19,0.6364642635983776,0.154
2018-05-20,0.6323997201554088,0.15
2018-05-21,0.6283286799448915,0.144
2018-05-22,0.6242336015154918,0.14
2018-05-23,0.6201058631070745,0.137
2018-05-24,0.6520574553540054,0.14
2018-05-25,0.618329972133602,0.178
2018-05-26,0.6104481992955434,0.136
2018-05-27,0.6098454263166697,0.174
2018-05-28,0.6008995157392801,0.139
2018-05-29,0.5967491497675762,0.134
2018-05-30,0.6616636828963169,0.184
2018-05-31,0.59585552150186,0.142
2018-06-01,0.5860879077921836,0.14
2018-06-02,0.5798705549145982,0.131
2018-06-03,0.5745133878323693,0.126
2018-06-04,0.5693292675303765,0.126
2018-06-05,0.5641959421950425,0.124
2018-06-06,0.559121447340917,0.121
2018-06-07,0.6347582794268717,0.135
2018-06-08,0.5596981930974619,0.139
2018-06-09,0.5483705046117517,0.121
2018-06-10,0.5422337961081457,0.117
2018-06-11,0.5384628669766115,0.115
2018-06-12,0.5313485813653985,0.11
2018-06-13,0.5258786031837183,0.111
2018-06-14,0.5206017501046293,0.105
2018-06-15,0.5157433799902097,0.106
2018-06-16,0.5103473044485147,0.113
2018-06-17,0.5058980846884132,0.113
2018-06-18,0.5001854512301378,0.111
2018-06-19,0.4949780162339719,0.109
2018-06-20,0.4899268586867813,0.106
2018-06-21,0.4849027088505493,0.101
2018-06-22,0.4798979185221348,0.1
2018-06-23,0.4749094526551833,0.099
2018-06-24,0.4699365320959827,0.099
2018-06-25,0.46497892906233623,0.095
2018-06-26,0.46003674687378626,0.094
2018-06-27,0.45511033384266764,0.094
2018-06-28,0.4502002218084068,0.092
2018-06-29,0.4453070778864589,0.091
2018-06-30,0.4404316662695407,0.09
2018-07-01,0.4355748180209596,0.089
2018-07-02,0.4307374072489825,0.085
2018-07-03,0.4259203323765284,0.086
2018-07-04,0.4211245014780709,0.09
2018-07-05,0.41635082086151676,0.089
2018-07-06,0.4116001862374832,0.089
2018-07-07,0.40687347595014256,0.087
2018-07-08,0.4021716368772826,0.084
2018-07-09,0.39749523261208636,0.085
2018-07-10,0.3928453157912278,0.083
2018-07-11,0.3882226300559872,0.085
2018-07-12,0.38451547988728524,0.087
2018-07-13,0.5490771125002836,0.129
2018-07-14,0.3946928061267533,0.098
2018-07-15,0.37712417249905145,0.089
2018-07-16,0.3706288993388739,0.09
2018-07-17,0.3651691280846153,0.086
2018-07-18,0.36002832912243404,0.083
2018-07-19,0.3550782350571347,0.081
2018-07-20,0.35050143273030054,0.082
2018-07-21,0.3456316903399276,0.088
2018-07-22,0.3410579723815646,0.087
2018-07-23,0.3365937568234326,0.082
2018-07-24,0.3322156842576106,0.082
2018-07-25,0.3279062379994997,0.081
2018-07-26,0.32370384520651824,0.077
2018-07-27,0.32279940253454836,0.081
2018-07-28,0.5073986209400361,0.12
2018-07-29,0.35600978852731585,0.173
2018-07-30,0.3217437861629207,0.1
2018-07-31,0.3118229293218427,0.091
2018-08-01,0.30605256919984963,0.088
2018-08-02,0.30092967670168064,0.088
2018-08-03,0.2961240127413517,0.09
2018-08-04,0.29155462892611095,0.082
2018-08-05,0.2871862287772272,0.081
2018-08-06,0.2829836750339038,0.081
2018-08-07,0.2789198969960856,0.081
2018-08-08,0.27509620140040386,0.081
2018-08-09,0.27116203612729156,0.081
2018-08-10,0.2694618537977015,0.088
2018-08-11,0.39522145365998096,0.109
2018-08-12,0.27693851553235305,0.118
2018-08-13,0.26265406678900594,0.09
2018-08-14,0.25740026314175635,0.088
2018-08-15,0.31688928236559943,0.103
2018-08-16,0.258209437392945,0.102
2018-08-17,0.2492946517338628,0.088
2018-08-18,0.24523258822030888,0.085
2018-08-19,0.24053110701532407,0.089
2018-08-20,0.23667574763316573,0.088
2018-08-21,0.23284001970363574,0.088
2018-08-22,0.348097767239991,0.109
2018-08-23,0.2413840036380816,0.11
2018-08-24,0.34412462611975375,0.123
2018-08-25,0.2373087621432724,0.093
2018-08-26,0.4471220519023579,0.259
2018-08-27,0.2587694824500937,0.111
2018-08-28,0.2257065519323084,0.099
2018-08-29,0.21820308728356774,0.09
2018-08-30,0.21320152109435245,0.087
2018-08-31,0.2088056819829708,0.087
2018-09-01,0.20478745949713062,0.086
2018-09-02,0.2010677339633724,0.082
2018-09-03,0.19908924820131074,0.083
2018-09-04,0.19520262172247077,0.09
2018-09-05,0.19127012561307832,0.083
2018-09-06,0.19016555059756615,0.091
2018-09-07,0.1856957675301484,0.085
2018-09-08,0.313155390383896,0.159
2018-09-09,0.19524726599502923,0.1
2018-09-10,0.1901772857427568,0.093
2018-09-11,0.18829475988399746,0.097
2018-09-12,0.17905192593747543,0.093
2018-09-13,0.17505033235286233,0.088
2018-09-14,0.2539266528626401,0.122
2018-09-15,0.1787572104287977,0.099
2018-09-16,0.3034605126405437,0.136
2018-09-17,0.18133096430658344,0.117
2018-09-18,0.1691448951501608,0.102
2018-09-19,0.2260573361729979,0.11
2018-09-20,0.44536382018635456,1.58
2018-09-21,0.44060681787412437,0.592
2018-09-22,0.42787623030716976,0.312
2018-09-23,0.4092739766043754,0.195
2018-09-24,0.3987908227559124,0.153
2018-09-25,0.19020177937912683,0.137
2018-09-26,0.16750223802899147,0.129
2018-09-27,0.16049656001339713,0.119
2018-09-28,0.15530903746244273,0.114
2018-09-29,0.15104726127971888,0.111
2018-09-30,0.14792797917527453,0.115
2018-10-01,0.1453836503844034,0.111
2018-10-02,0.1425332015675844,0.113
2018-10-03,0.1383550712964112,0.111
2018-10-04,0.13576233116772057,0.11
2018-10-05,0.4008837222699308,0.144
2018-10-06,0.2154455317405692,0.195
2018-10-07,0.15823699485450107,0.128
2018-10-08,0.1478474189593849,0.118
2018-10-09,0.14211576908412357,0.111
2018-10-10,0.13740571186615017,0.108
2018-10-11,0.135775830498478,0.113
2018-10-12,0.2511188675321885,0.117
2018-10-13,0.2538253276745701,0.127
2018-10-14,0.32426792225096596,0.394
2018-10-15,0.26634918730311113,0.302
2018-10-16,0.16189702927909064,0.22
2018-10-17,0.14609760297233354,0.16
2018-10-18,0.1386057623095154,0.132
2018-10-19,0.1328705064849557,0.124
2018-10-20,0.12808288545477822,0.117
2018-10-21,0.12406738140014423,0.112
2018-10-22,0.12061444831801267,0.108
2018-10-23,0.11779002804196721,0.108
2018-10-24,0.1150837324070063,0.105
2018-10-25,0.11344979293602787,0.104
2018-10-26,0.11102032855679507,0.109
2018-10-27,0.10907370357817651,0.103
2018-10-28,0.10729391788871755,0.101
2018-10-29,0.10576235834951328,0.102
2018-10-30,0.10424341383180756,0.107
2018-10-31,0.1030038694043805,0.102
2018-11-01,0.10159510173527443,0.104
2018-11-02,0.10038043105030033,0.102
2018-11-03,0.09919243243830117,0.103
2018-11-04,0.09848371988852744,0.107
2018-11-05,0.09680854416947046,0.111
2018-11-06,0.17299050155041698,0.12
2018-11-07,0.23179625434791504,0.197
2018-11-08,0.11104536851695798,0.144
2018-11-09,0.2742774138108889,0.204
2018-11-10,0.11581373315961899,0.265
2018-11-11,0.10530998570133052,0.179
2018-11-12,0.0983769201048739,0.151
2018-11-13,0.09537489304064524,0.138
2018-11-14,0.09266615154922343,0.131
2018-11-15,0.09075524141022147,0.126
2018-11-16,0.08942714925192817,0.119
2018-11-17,0.08754955665782292,0.122
2018-11-18,0.08616522541413732,0.117
2018-11-19,0.10053617946958039,0.118
2018-11-20,0.2595103828956211,0.152
2018-11-21,0.10248977494233029,0.205
2018-11-22,0.08815733844520077,0.163
2018-11-23,0.08487602674034539,0.149
2018-11-24,0.08274613745985536,0.142
2018-11-25,0.09984350113193513,0.134
2018-11-26,0.08296883916335909,0.13
2018-11-27,0.32774500787131516,0.48
2018-11-28,0.34442796234043405,0.572
2018-11-29,0.18334893000194927,0.532
2018-11-30,0.13416292176175876,0.356
2018-12-01,0.3374980368877883,0.446
2018-12-02,0.25568546533350495,0.604
2018-12-03,0.2688253200305567,0.555
2018-12-04,0.3890587910534369,0.393
2018-12-05,0.49019907525244005,0.943
2018-12-06,0.6290106094095606,0.632
2018-12-07,0.4405980299820144,1.0
2018-12-08,0.9145100667294572,1.35
2018-12-09,0.5923407458380128,1.3
2018-12-10,0.38461377616741016,0.659
2018-12-11,0.31327047678119874,0.49
2018-12-12,0.2697250139434859,0.395
2018-12-13,0.2361293204698733,0.33
2018-12-14,0.20969132580646968,0.284
2018-12-15,0.7022391273289978,0.658
2018-12-16,0.6440258432747874,0.757
2018-12-17,0.3694411618965628,0.632
2018-12-18,0.9015083739553451,1.11
2018-12-19,0.5878770721110533,0.843
2018-12-20,0.9947160365894595,0.745
2018-12-21,0.796914253705693,1.46
2018-12-22,0.8617083100733367,0.848
2018-12-23,0.7880629138975461,1.25
2018-12-24,0.550201070025964,0.741
2018-12-25,0.4614555038053251,0.56
2018-12-26,0.4013666126931366,0.465
2018-12-27,0.35846850521862,0.399
2018-12-28,0.32681371014156124,0.35
2018-12-29,0.2963868317003862,0.318
2018-12-30,0.2732978058757519,0.289
2018-12-31,0.2580823976170033,0.264
2019-01-01,0.2449555329266229,0.245
2019-01-02,0.23446510145892543,0.229
2019-01-03,0.22728963849227424,0.209
2019-01-04,0.22206989011492442,0.205
2019-01-05,0.21832459362519377,0.198
2019-01-06,0.21573845049380216,0.19
2019-01-07,0.3418994935937629,0.205
2019-01-08,0.25494903292482457,0.19
2019-01-09,0.24160628558215583,0.175
2019-01-10,0.23568312739440794,0.174
2019-01-11,0.2967236735053248,0.168
2019-01-12,0.30158856933051986,0.175
2019-01-13,0.3040017873561304,0.186
2019-01-14,0.27032716865739354,0.17
2019-01-15,0.2740843088206885,0.167
2019-01-16,0.3495010652499126,0.182
2019-01-17,0.28193292193121067,0.174
2019-01-18,0.618769499357408,0.191
2019-01-19,0.3931589389786791,0.355
2019-01-20,0.3408900771444224,0.373
2019-01-21,0.4633748373131387,0.334
2019-01-22,0.39855259373377633,0.368
2019-01-23,0.34392439375049766,0.308
2019-01-24,0.37810279692723614,0.265
2019-01-25,0.32865771673417515,0.273
2019-01-26,0.6838068117447832,0.368
2019-01-27,0.4144938356999237,0.547
2019-01-28,0.3668003961477435,0.36
2019-01-29,0.6864101900663004,0.486
2019-01-30,0.4374217892856203,0.441
2019-01-31,0.3870686525250636,0.359
2019-02-01,0.36075178918156553,0.3
2019-02-02,0.3391135259675128,0.254
2019-02-03,0.7196098281241325,0.27
2019-02-04,0.4373537138563311,0.647
2019-02-05,0.5254541988117013,0.474
2019-02-06,1.049094589388779,0.795
2019-02-07,0.8657159811786431,1.81
2019-02-08,0.8206272211296004,1.05
2019-02-09,0.9594565423910782,0.766
2019-02-10,0.6678909465765013,0.893
2019-02-11,0.5711386170587609,0.582
2019-02-12,0.5129084621131818,0.472
2019-02-13,0.47041185751306935,0.402
2019-02-14,0.43643687273202164,0.353
2019-02-15,0.4117727225203606,0.323
2019-02-16,0.38910827181965574,0.296
2019-02-17,0.3727748863046341,0.279
2019-02-18,0.36005499438745475,0.257
2019-02-19,0.3546726437004179,0.237
2019-02-20,0.3474345282058905,0.229
2019-02-21,0.3364725326809387,0.216
2019-02-22,0.33201264823014975,0.204
2019-02-23,0.32737881254723633,0.193
2019-02-24,0.3244313542652339,0.189
2019-02-25,0.3221395612194881,0.185
2019-02-26,0.3205388939476716,0.181
2019-02-27,0.31892367985176595,0.179
2019-02-28,0.3504141654519728,0.204
2019-03-01,0.32143139499448775,0.186
2019-03-02,0.32299662891893344,0.188
2019-03-03,0.4289569866399826,0.234
2019-03-04,0.33118471862385973,0.222
2019-03-05,0.6375613658578559,0.771
2019-03-06,1.1219119393384662,2.41
2019-03-07,1.047863617761493,1.36
2019-03-08,1.0196716623494662,0.967
2019-03-09,1.3869978202446094,0.87
2019-03-10,1.198344190789247,1.9
2019-03-11,1.3138751543346943,0.937
2019-03-12,1.4789403542703201,2.01
2019-03-13,1.7311982123364016,1.45
2019-03-14,1.3860097043394275,2.17
2019-03-15,1.5317138296080297,1.25
2019-03-16,1.7498065918906043,2.18
2019-03-17,1.1667769045219374,1.4
2019-03-18,0.9942178375535545,0.841
2019-03-19,0.8736991462150865,0.633
2019-03-20,0.7849349418042936,0.516
2019-03-21,0.7154900968224128,0.449
2019-03-22,0.6613238878350658,0.4
2019-03-23,0.6181978526167718,0.353
2019-03-24,0.5868192185032706,0.32
2019-03-25,0.5589507744487473,0.294
2019-03-26,0.5386930807099363,0.275
2019-03-27,0.523207676806841,0.258
2019-03-28,0.5113787001724889,0.245
2019-03-29,0.502408180259246,0.239
2019-03-30,0.495667602327291,0.228
2019-03-31,0.49065499909337557,0.216
2019-04-01,0.49328276138217686,0.21
2019-04-02,0.486133758010084,0.214
2019-04-03,0.48375617442912444,0.203
2019-04-04,0.576565875029039,0.224
2019-04-05,0.4918632993810231,0.193
2019-04-06,0.4838296259533924,0.179
2019-04-07,0.4821385260923331,0.175
2019-04-08,0.4811723387258451,0.168
2019-04-09,0.4804008622790466,0.157
2019-04-10,0.4797273363897734,0.157
2019-04-11,0.4790927566190359,0.152
2019-04-12,0.4784547390265281,0.149
2019-04-13,0.47784008341544604,0.142
2019-04-14,0.477051704461917,0.142
2019-04-15,0.4762650835595058,0.143
2019-04-16,0.4753343291595699,0.143
2019-04-17,0.4743265979002979,0.14
2019-04-18,0.4732144417252822,0.138
2019-04-19,0.47199143415786426,0.135
2019-04-20,0.47065542467256954,0.133
2019-04-21,0.4692059383891361,0.128
2019-04-22,0.46764367239730215,0.126
2019-04-23,0.46597021743004285,0.124
2019-04-24,0.5099493568487681,0.163
2019-04-25,0.4695878299973673,0.142
2019-04-26,0.6016943371448522,0.156
2019-04-27,0.7031337158963613,0.403
2019-04-28,0.5450251843980248,0.265
2019-04-29,0.4738361790889462,0.188
2019-04-30,0.46365156132494434,0.172
2019-05-01,0.4587433804168036,0.166
2019-05-02,0.48036052944496765,0.164
2019-05-03,0.46227840512478324,0.171
2019-05-04,0.45097192722394513,0.175
2019-05-05,0.4461961565789837,0.151
2019-05-06,0.44216105055401034,0.149
2019-05-07,0.5214601979461263,0.153
2019-05-08,0.49078362828535566,0.202
2019-05-09,0.4921063119701693,0.168
2019-05-10,0.440612439083981,0.171
2019-05-11,0.43274994723878357,0.158
2019-05-12,0.4264337810625109,0.149
2019-05-13,0.4219748815189464,0.141
2019-05-14,0.41785204243244134,0.131
2019-05-15,0.41390193173400636,0.128
2019-05-16,0.4101271710812574,0.127
2019-05-17,0.40646001196571585,0.127
2019-05-18,0.4027004258533649,0.126
2019-05-19,0.3990842598800203,0.126
2019-05-20,0.3955422213780613,0.122
2019-05-21,0.391974932063281,0.116
2019-05-22,0.38844804742671435,0.114
2019-05-23,0.38493673333770345,0.113
2019-05-24,0.38143361497341804,0.11
2019-05-25,0.3782862341958599,0.109
2019-05-26,0.3757085724381311,0.113
2019-05-27,0.3733925513980801,0.114
2019-05-28,0.36767111924927026,0.108
2019-05-29,0.3661884081211072,0.111
2019-05-30,0.3606205194240716,0.107
2019-05-31,0.3569547796070209,0.104
2019-06-01,0.3534412870216847,0.104
2019-06-02,0.351755945706324,0.105
2019-06-03,0.34658337429523495,0.094
2019-06-04,0.5063960477924138,0.15
2019-06-05,0.35869538079941576,0.115
2019-06-06,0.34287380513523075,0.109
2019-06-07,0.5529067622850404,0.179
2019-06-08,0.35832841001368915,0.165
2019-06-09,0.33798526987945376,0.13
2019-06-10,0.5542988763299862,0.188
2019-06-11,0.5697244295976261,0.318
2019-06-12,0.6276651594924372,0.63
2019-06-13,0.6234690010624176,0.54
2019-06-14,0.4665953026510041,0.842
2019-06-15,0.47142683459239887,0.676
2019-06-16,0.3662240363642688,0.522
2019-06-17,0.34170442337597295,0.34
2019-06-18,0.33102219811121475,0.258
2019-06-19,0.3212028443012315,0.218
2019-06-20,0.31408712632373725,0.189
2019-06-21,0.3065808282243908,0.169
2019-06-22,0.3005229267872824,0.159
2019-06-23,0.29538118853704176,0.155
2019-06-24,0.30687381500436267,0.156
2019-06-25,0.5090929975033576,0.324
2019-06-26,0.3096878312109377,0.227
2019-06-27,0.2884691332189517,0.177
2019-06-28,0.2818508692695022,0.159
2019-06-29,0.2768601946801454,0.151
2019-06-30,0.2723830507929719,0.141
2019-07-01,0.2682550131105475,0.132
2019-07-02,0.2644041548257282,0.129
2019-07-03,0.26077620586648065,0.122
2019-07-04,0.25732850559522863,0.117
2019-07-05,0.2561841152454812,0.116
2019-07-06,0.2516748309271021,0.127
2019-07-07,0.2478258603361006,0.115
2019-07-08,0.2451142012711197,0.113
2019-07-09,0.2446879932618386,0.122
2019-07-10,0.2391806415204447,0.117
2019-07-11,0.23818881505708794,0.108
2019-07-12,0.23350935549054258,0.112
2019-07-13,0.2306381541923187,0.109
2019-07-14,0.22784760465902532,0.108
2019-07-15,0.22514854700579753,0.108
2019-07-16,0.2224807969549027,0.109
2019-07-17,0.22119368710630175,0.111
2019-07-18,0.2173558694358892,0.111
2019-07-19,0.30370700961580005,0.145
2019-07-20,0.22560060742259583,0.138
2019-07-21,0.21415538404911696,0.122
2019-07-22,0.21015986152397473,0.114
2019-07-23,0.3305676210019936,0.139
2019-07-24,0.21930190849147632,0.136
2019-07-25,0.20731043753550993,0.111
2019-07-26,0.2031888829340237,0.11
2019-07-27,0.4381784153600225,0.22
2019-07-28,0.4481843225159733,0.45
2019-07-29,0.41378585807618956,0.226
2019-07-30,0.5380517089142245,0.749
2019-07-31,0.48918711518412944,0.879
2019-08-01,0.45821669476742516,0.902
2019-08-02,0.2580989091092601,0.483
2019-08-03,0.23023754505133576,0.299
2019-08-04,0.21916601307871428,0.244
2019-08-05,0.208876824941638,0.214
2019-08-06,0.20137543877481262,0.186
2019-08-07,0.19484594468992755,0.173
2019-08-08,0.413272124191739,0.287
2019-08-09,0.4328914887140013,0.786
2019-08-10,0.37458291173597486,0.754
2019-08-11,0.21751624628084296,0.424
2019-08-12,0.19840207037261146,0.291
2019-08-13,0.19442362914623434,0.242
2019-08-14,0.41228164225802644,1.37
2019-08-15,0.2923688976277379,0.638
2019-08-16,0.5914142945973015,3.17
2019-08-17,0.48985688727935256,1.01
2019-08-18,0.26147812334649023,0.548
2019-08-19,0.241097722109566,0.352
2019-08-20,0.21887213378282522,0.303
2019-08-21,0.2011593404247617,0.264
2019-08-22,0.19620462219031465,0.244
2019-08-23,0.18366987405940993,0.231
2019-08-24,0.17684241668544912,0.213
2019-08-25,0.17142446796443925,0.198
2019-08-26,0.16688261107135416,0.192
2019-08-27,0.1634434728597851,0.188
2019-08-28,0.2048565535546783,0.199
2019-08-29,0.16330515142965146,0.186
2019-08-30,0.15715089077604497,0.175
2019-08-31,0.15466395514937992,0.171
2019-09-01,0.15181105555067584,0.162
2019-09-02,0.1495436987666028,0.157
2019-09-03,0.2182973690348029,0.161
2019-09-04,0.15572666436040242,0.157
2019-09-05,0.14775755201037685,0.145
2019-09-06,0.14696788865573346,0.152
2019-09-07,0.14299378223022471,0.142
2019-09-08,0.16422971637899364,0.141
2019-09-09,0.14507380170290912,0.155
2019-09-10,0.14021008855619843,0.138
2019-09-11,0.13769812915318214,0.135
2019-09-12,0.13595777956732286,0.133
2019-09-13,0.1341183144772243,0.13
2019-09-14,0.13251942118171614,0.13
2019-09-15,0.3477201077894087,0.174
2019-09-16,0.15407933486041123,0.172
2019-09-17,0.13614292979821646,0.141
2019-09-18,0.13232836373679946,0.137
2019-09-19,0.1298842198248549,0.153
2019-09-20,0.12775651237280003,0.133
2019-09-21,0.12706640166655475,0.131
2019-09-22,0.14484077483651336,0.139
2019-09-23,0.25398265024171074,0.148
2019-09-24,0.3594429918654498,0.563
2019-09-25,0.35460971857600454,0.319
2019-09-26,0.1693210329446648,0.495
2019-09-27,0.18420397724116883,0.352
2019-09-28,0.41811594322343176,1.23
2019-09-29,0.5626404252550135,2.16
2019-09-30,0.9365412340316528,2.51
2019-10-01,0.6706198434264465,1.34
2019-10-02,0.4903192428831072,0.649
2019-10-03,0.7684669296421993,0.76
2019-10-04,0.43916138173441543,0.872
2019-10-05,1.026557454377406,1.07
2019-10-06,0.8027755013405046,1.33
2019-10-07,0.7012742558114371,1.04
2019-10-08,0.5102758033547706,0.757
2019-10-09,0.4290114536033887,0.548
2019-10-10,0.4718058187334717,0.451
2019-10-11,0.7278974589230865,0.841
2019-10-12,0.6277294490222454,0.612
2019-10-13,0.4570369173563467,0.657
2019-10-14,0.8398500096454609,0.859
2019-10-15,0.8783831923889424,0.87
2019-10-16,0.546828609522001,1.17
2019-10-17,0.5315288897898233,0.679
2019-10-18,0.5606339571219018,0.601
2019-10-19,0.4332199815267967,0.541
2019-10-20,0.3963593725717349,0.443
2019-10-21,0.347988388829546,0.397
2019-10-22,0.32001313397734915,0.361
2019-10-23,0.30038855304575895,0.343
2019-10-24,0.31027430299616465,0.323
2019-10-25,1.215573159822855,3.05
2019-10-26,1.1895458677162625,4.5
2019-10-27,0.9099940794768143,1.01
2019-10-28,0.8098851930003144,0.709
2019-10-29,0.6427550686389375,0.567
2019-10-30,0.47987202365645215,0.488
2019-10-31,1.014537840392644,0.463
2019-11-01,1.0825327873063892,1.26
2019-11-02,1.2023743593733351,1.9
2019-11-03,0.9674900201955624,0.875
2019-11-04,0.8075121543984822,0.787
2019-11-05,0.6779861089802472,0.647
2019-11-06,1.4435792959468428,0.757
2019-11-07,2.131389882493416,5.31
2019-11-08,1.5400855044145034,1.71
2019-11-09,1.5396825453060683,1.26
2019-11-10,1.844484616501412,1.44
2019-11-11,1.88008453848409,2.45
2019-11-12,1.5358825674797185,1.65
2019-11-13,1.3199569994455758,0.941
2019-11-14,2.133995009311667,3.57
2019-11-15,1.778309304652209,1.34
2019-11-16,1.3946810148115893,1.19
2019-11-17,1.3118902345081442,0.975
2019-11-18,1.0554159327672312,0.794
2019-11-19,0.9430101091225944,0.654
2019-11-20,0.8558891341546673,0.568
2019-11-21,1.256629262892566,0.557
2019-11-22,1.15130959307526,0.87
2019-11-23,1.2567505063704103,1.06
2019-11-24,1.0588357354056528,0.915
2019-11-25,1.499250012391207,1.69
2019-11-26,1.2797103242920562,1.2
2019-11-27,1.2046672097883864,1.01
2019-11-28,1.233537670317791,1.01
2019-11-29,0.999881839940646,0.767
2019-11-30,0.9255539663853758,0.623
2019-12-01,0.8652618173480576,0.533
2019-12-02,0.8230657150137717,0.483
2019-12-03,0.7879138084144579,0.449
2019-12-04,0.7660401216948346,0.409
2019-12-05,0.895263321432214,0.394
2019-12-06,1.002672658648389,0.492
2019-12-07,1.1986358449054826,0.508
2019-12-08,0.9549715274555766,0.742
2019-12-09,0.9160457106163292,0.509
2019-12-10,1.4297466362285083,0.933
2019-12-11,1.1383122718729104,0.768
2019-12-12,1.9762050374813942,3.23
2019-12-13,1.5610307310030866,1.13
2019-12-14,1.4624734822224246,0.801
2019-12-15,1.404061137207428,0.849
2019-12-16,1.1698925873166022,0.713
2019-12-17,1.0859356935937146,0.573
2019-12-18,1.3869360432210236,0.591
2019-12-19,1.348788701471116,0.943
2019-12-20,1.5721074469039558,1.1
2019-12-21,1.3771147649694417,0.961
2019-12-22,1.1704840892759143,0.79
2019-12-23,1.3530090192710105,0.63
2019-12-24,1.1619386447699007,0.677
2019-12-25,1.0693776001845303,0.576
2019-12-26,1.3208212155775556,0.738
2019-12-27,1.1097128185691565,0.611
2019-12-28,1.0345231090232276,0.539
2019-12-29,0.9926902699667618,0.478
2019-12-30,0.9613520759261724,0.429
2019-12-31,0.9376949863603999,0.388
2020-01-01,0.9181390571193855,0.368
2020-01-02,0.9371359698023305,0.355
2020-01-03,0.9048936758885928,0.331
2020-01-04,0.8901580248594546,0.308
2020-01-05,0.8797554457668962,0.294
2020-01-06,0.8793932342087623,0.286
2020-01-07,0.9383771169023288,0.282
2020-01-08,1.6248699008743344,0.734
2020-01-09,1.2446244128437312,0.874
2020-01-10,1.0679954879393638,0.496
2020-01-11,1.8164393000996957,1.08
2020-01-12,1.41635662268958,1.14
2020-01-13,1.4979671699808796,0.935
2020-01-14,1.6737580680248785,1.28
2020-01-15,1.2972135285228197,0.774
2020-01-16,1.3152799833982336,0.609
2020-01-17,1.381075430186364,0.671
2020-01-18,1.1842455806655534,0.564
2020-01-19,1.1131858520930626,0.472
2020-01-20,1.065980993430351,0.433
2020-01-21,1.0282913679902994,0.398
2020-01-22,0.9973076212557491,0.377
2020-01-23,0.9717789331093872,0.358
2020-01-24,0.9863460849086968,0.344
2020-01-25,0.9548548125114187,0.342
2020-01-26,1.2730115266566586,0.481
2020-01-27,1.1006657885514033,0.445
2020-01-28,1.0137970014953865,0.405
2020-01-29,0.9830487432399381,0.358
2020-01-30,0.9573165104532255,0.341
2020-01-31,0.9861241357281985,0.33
2020-02-01,1.3583592634707242,0.326
2020-02-02,1.3180492628239815,0.669
2020-02-03,1.2403143546223383,0.616
2020-02-04,1.0904232269757226,0.51
2020-02-05,1.0362589858828068,0.43
2020-02-06,1.0008619472139697,0.383
2020-02-07,1.0144258453755801,0.364
2020-02-08,1.647450355392004,0.434
2020-02-09,2.089961278667919,4.37
2020-02-10,1.9637368838169897,1.07
2020-02-11,1.6366686455488895,0.968
2020-02-12,1.888752398575507,0.997
2020-02-13,1.4275247105354008,1.19
2020-02-14,1.4274973766363166,0.732
2020-02-15,2.7149104244250455,4.52
2020-02-16,2.120380891819749,2.14
2020-02-17,1.9015853328148802,0.974
2020-02-18,1.9402334891924027,1.03
2020-02-19,1.7818181017481116,1.0
2020-02-20,1.7931185303716368,1.15
2020-02-21,1.7280399297080118,0.821
2020-02-22,2.498630106554184,2.11
2020-02-23,2.4495093689620018,2.64
2020-02-24,2.208751106079136,3.36
2020-02-25,2.1761298813318204,1.02
2020-02-26,1.8004979789592415,1.21
2020-02-27,1.6155599360938413,0.915
2020-02-28,2.350438184794142,2.74
2020-02-29,1.9549873247492229,1.52
2020-03-01,1.5970586721150137,0.961
2020-03-02,1.480087437948741,0.773
2020-03-03,1.3970658947253896,0.709
2020-03-04,1.306865171426514,0.652
2020-03-05,1.2492056803502025,0.658
2020-03-06,1.206033706333807,0.506
2020-03-07,1.352456548253511,0.49
2020-03-08,1.2922600001287625,0.504
2020-03-09,2.094410029030883,1.95
2020-03-10,1.711331444755766,1.91
2020-03-11,1.6613976288848997,1.18
2020-03-12,1.5149876864345855,1.04
2020-03-13,1.5840342875221853,0.886
2020-03-14,1.5719074938069972,0.896
2020-03-15,1.4673891857293415,1.02
2020-03-16,1.3496906013992471,0.843
2020-03-17,1.3149360827619416,0.725
2020-03-18,1.268412440513609,0.711
2020-03-19,1.2109393318588753,0.64
2020-03-20,1.1809285955992361,0.677
2020-03-21,1.157996166082149,0.477
2020-03-22,1.1394741032597726,0.405
2020-03-23,1.1243049345191576,0.354
2020-03-24,1.1117452707499371,0.331
2020-03-25,1.1012031468519807,0.311
2020-03-26,1.092210058456279,0.317
2020-03-27,1.0843931041753478,0.459
2020-03-28,1.0774583178010957,0.594
2020-03-29,1.071171566817028,0.476
2020-03-30,1.065639794843622,0.313
2020-03-31,1.059869007507999,0.253
2020-04-01,1.054566698056127,0.233
2020-04-02,1.0494524733541348,0.242
2020-04-03,1.0442457868660284,0.217
2020-04-04,1.0391058658516634,0.214
2020-04-05,1.034505781346015,0.212
2020-04-06,1.0288696653277642,0.205
2020-04-07,1.0233453171944702,0.2
2020-04-08,1.0178736098956611,0.197
2020-04-09,1.0122928689897814,0.204
2020-04-10,1.0065844768948489,0.192
2020-04-11,1.000743821544933,0.189
2020-04-12,0.9955901854402815,0.279
2020-04-13,0.9887267019258729,0.245
2020-04-14,0.982429104967985,0.178
2020-04-15,0.9760583958639829,0.176
2020-04-16,0.96956815168126,0.178
2020-04-17,0.9637862744805284,0.19
2020-04-18,0.9576966627996624,0.19
2020-04-19,0.949518375560427,0.182
2020-04-20,0.942477227574765,0.216
2020-04-21,0.9354359448899777,0.208
2020-04-22,0.9283104466716281,0.185
2020-04-23,0.9210994110262999,0.166
2020-04-24,0.91380797200188,0.16
2020-04-25,0.9064417021482344,0.152
2020-04-26,0.9002346341600085,0.153
2020-04-27,0.8917064717997594,0.152
2020-04-28,0.9608116409969911,0.162
2020-04-29,0.8881616257582226,0.168
2020-04-30,0.9061251482165497,0.166
2020-05-01,0.8696301293203668,0.157
2020-05-02,0.8579489823917872,0.151
2020-05-03,0.8491304268129902,0.149
2020-05-04,0.8406636322137242,0.146
2020-05-05,0.8323178619211147,0.14
2020-05-06,0.8240622806878859,0.138
2020-05-07,0.8158755325893303,0.136
2020-05-08,0.8077432815602862,0.135
2020-05-09,0.8000044119880357,0.133
2020-05-10,0.7916346598236197,0.133
2020-05-11,0.7835877895442251,0.131
2020-05-12,0.7756630255359575,0.131
2020-05-13,0.7676313118777961,0.129
2020-05-14,0.759682387866771,0.126
2020-05-15,0.7517607641041449,0.124
2020-05-16,0.7438620284108305,0.123
2020-05-17,0.7359862478005779,0.122
2020-05-18,0.728135482068212,0.121
2020-05-19,0.7203069527365427,0.118
2020-05-20,0.7125045031281385,0.118
2020-05-21,0.7063128217848408,0.115
2020-05-22,0.6971095839290063,0.113
2020-05-23,0.6900452001348971,0.108
2020-05-24,0.6817199598881628,0.11
2020-05-25,0.6739410520470595,0.108
2020-05-26,0.6663136481727376,0.108
2020-05-27,0.6587313782458222,0.106
2020-05-28,0.6511872672885104,0.102
2020-05-29,0.6436819235459048,0.097
2020-05-30,0.6362170548275052,0.096
2020-05-31,0.628793135425925,0.095
2020-06-01,0.6214121789231989,0.094
2020-06-02,0.6146308134414974,0.094
2020-06-03,0.6081194820112977,0.109
2020-06-04,0.6014673628103204,0.106
2020-06-05,0.6312187423886004,0.111
2020-06-06,0.6218493638460142,0.124
2020-06-07,0.58684861782891,0.12
2020-06-08,0.576216983408008,0.112
2020-06-09,0.5691647657147598,0.111
2020-06-10,0.5628156610249431,0.113
2020-06-11,0.5814341089851554,0.131
2020-06-12,0.5513699220803522,0.122
2020-06-13,0.541487655814876,0.117
2020-06-14,0.5363721918545584,0.117
2020-06-15,0.5267317532765377,0.116
2020-06-16,0.5434422985733405,0.12
2020-06-17,0.7469487336954034,0.246
2020-06-18,0.7613431432319966,0.365
2020-06-19,0.7636790522810493,0.228
2020-06-20,0.7101572335040548,0.167
2020-06-21,0.5351544226345438,0.173
2020-06-22,0.5087465738758256,0.131
2020-06-23,0.49631158167687756,0.128
2020-06-24,0.48600020571799984,0.113
2020-06-25,0.47668456177527385,0.103
2020-06-26,0.46990259929744854,0.105
2020-06-27,0.4723589933608276,0.114
2020-06-28,0.45651394171253523,0.109
2020-06-29,0.44783720047019143,0.106
2020-06-30,0.4419476404983206,0.107
2020-07-01,0.6268968784986824,0.148
2020-07-02,0.45008458221039743,0.136
2020-07-03,0.46205001594084455,0.123
2020-07-04,0.42681726539268,0.124
2020-07-05,0.41619712131346465,0.112
2020-07-06,0.40897801655393035,0.103
2020-07-07,0.5754782682218348,0.147
2020-07-08,0.650303669427733,0.285
2020-07-09,0.5858686392045003,0.339
2020-07-10,0.41732684628591876,0.162
2020-07-11,0.3938746075665828,0.13
2020-07-12,0.3851287787652709,0.117
2020-07-13,0.37770903475731543,0.113
2020-07-14,0.3722098197907487,0.11
2020-07-15,0.36490287566800234,0.11
2020-07-16,0.3588805946916729,0.109
2020-07-17,0.3532861411984301,0.107
2020-07-18,0.3491485354702765,0.109
2020-07-19,0.34288610344197057,0.107
2020-07-20,0.33782169409701823,0.106
2020-07-21,0.3329818839580365,0.107
2020-07-22,0.3282752188306337,0.107
2020-07-23,0.32562777817438454,0.109
2020-07-24,0.3380956058749576,0.11
2020-07-25,0.32379488297356046,0.161
2020-07-26,0.3829759221628173,0.126
2020-07-27,0.41639578434504404,0.215
2020-07-28,0.3191836220502265,0.13
2020-07-29,0.3060858257701938,0.118
2020-07-30,0.30001084738587747,0.111
2020-07-31,0.29523660559697257,0.107
2020-08-01,0.29003359982922144,0.108
2020-08-02,0.285292016775011,0.109
2020-08-03,0.2811080342185419,0.108
2020-08-04,0.2766209589035184,0.109
2020-08-05,0.27325414322799435,0.11
2020-08-06,0.2684700722186559,0.111
2020-08-07,0.2645441818961714,0.108
2020-08-08,0.2606727654025669,0.108
2020-08-09,0.25692705144062533,0.109
2020-08-10,0.2532701575445672,0.108
2020-08-11,0.2974075486352865,0.127
2020-08-12,0.25360059118952877,0.117
2020-08-13,0.24588773384583318,0.109
2020-08-14,0.2415629331689434,0.109
2020-08-15,0.23862165575795682,0.11
2020-08-16,0.46012787859277204,0.22
2020-08-17,0.3994720403244265,0.167
2020-08-18,0.25213480838805247,0.135
2020-08-19,0.45889529378943034,0.259
2020-08-20,0.2811264880827775,0.165
2020-08-21,0.23620827092862845,0.127
2020-08-22,0.22910864705592993,0.12
2020-08-23,0.2580871163902587,0.128
2020-08-24,0.46365645952714984,0.231
2020-08-25,0.524618011846087,0.931
2020-08-26,0.47810867231099,0.407
2020-08-27,0.5224258290464302,0.498
2020-08-28,0.5167722909092579,0.488
2020-08-29,0.2837034779187204,0.352
2020-08-30,0.24864504300409576,0.233
2020-08-31,0.23469699013308443,0.196
2020-09-01,0.22426776031374213,0.177
2020-09-02,0.44402996801608263,0.201
2020-09-03,0.24366506256247286,0.236
2020-09-04,0.21886963395646444,0.184
2020-09-05,0.20936445056585717,0.168
2020-09-06,0.20252444958223856,0.153
2020-09-07,0.19682823377748596,0.154
2020-09-08,0.19125950131808084,0.15
2020-09-09,0.18646322869126175,0.21
2020-09-10,0.18243773876435562,0.198
2020-09-11,0.17905542033392227,0.133
2020-09-12,0.17563578567898203,0.128
2020-09-13,0.17266011011005145,0.125
2020-09-14,0.16992002533502773,0.124
2020-09-15,0.16736200197157544,0.124
2020-09-16,0.16494768110074068,0.124
2020-09-17,0.16265302251024094,0.123
2020-09-18,0.16045560775561782,0.123
2020-09-19,0.15833809678276323,0.122
2020-09-20,0.15628675277158252,0.122
2020-09-21,0.15429091848707577,0.121
2020-09-22,0.15323704849796602,0.121
2020-09-23,0.28694616302305853,0.14
2020-09-24,0.16437643486086112,0.134
2020-09-25,0.15268552617679348,0.121
2020-09-26,0.14868643622368383,0.12
2020-09-27,0.14611374957737372,0.117
2020-09-28,0.14473104752175453,0.11
2020-09-29,0.14213289773849297,0.107
2020-09-30,0.2496687046975366,0.138
2020-10-01,0.15041849232826443,0.124
2020-10-02,0.21787490717077487,0.129
2020-10-03,0.37973856379261584,0.317
2020-10-04,0.355605306695845,0.286
2020-10-05,0.328572462879384,0.312
2020-10-06,0.2092791447502955,0.283
2020-10-07,0.43210807046553346,0.476
2020-10-08,0.3295869189767084,0.853
2020-10-09,0.3307038962969916,0.406
2020-10-10,0.18962435770655367,0.459
2020-10-11,0.16543518073683747,0.326
2020-10-12,0.20881456185825498,0.295
2020-10-13,0.350966447940408,0.615
2020-10-14,0.18544585627020593,0.458
2020-10-15,0.15839843158810263,0.331
2020-10-16,0.14872149893294445,0.274
2020-10-17,0.14242491393483733,0.244
2020-10-18,0.13597124592655419,0.225
2020-10-19,0.18963182102045978,0.216
2020-10-20,0.13743998020394346,0.218
2020-10-21,0.130237979960353,0.214
2020-10-22,0.12405464103571051,0.198
2020-10-23,0.13563071146843544,0.191
2020-10-24,0.3563837694095901,0.513
2020-10-25,0.18539350007950442,0.416
2020-10-26,0.22853824247152202,0.331
2020-10-27,0.5261045133387272,0.681
2020-10-28,0.3113272250036201,0.503
2020-10-29,0.6329950358021752,0.929
2020-10-30,0.43794949950124185,0.607
2020-10-31,0.4880501551299325,0.686
2020-11-01,0.5878238533683413,0.612
2020-11-02,0.42732579701995005,0.684
2020-11-03,0.393276137934926,0.488
2020-11-04,0.3074094027957283,0.385
2020-11-05,0.26851025526567773,0.34
2020-11-06,0.24077020156738552,0.311
2020-11-07,0.21822378880198653,0.28
2020-11-08,0.2707595301927685,0.27
2020-11-09,0.2272532874816277,0.269
2020-11-10,0.1999680189315431,0.263
2020-11-11,0.26983757647712164,0.251
2020-11-12,0.274879601012251,0.251
2020-11-13,0.2400271513284217,0.254
2020-11-14,0.3679487517228602,0.361
2020-11-15,0.5367318719605434,0.522
2020-11-16,0.5335051772157533,0.628
2020-11-17,0.339012224186181,0.589
2020-11-18,0.7047040175556107,0.475
2020-11-19,0.3906810498202506,0.632
2020-11-20,0.4132654959744622,0.524
2020-11-21,0.4910139334766389,0.53
2020-11-22,0.34297954811050935,0.481
2020-11-23,0.30135742541737703,0.403
2020-11-24,0.3275357280458738,0.362
2020-11-25,0.3157947362640741,0.348
2020-11-26,0.26688530801058247,0.314
2020-11-27,0.28681133027888495,0.292
2020-11-28,0.3832850512167432,0.314
2020-11-29,0.27582564776626384,0.309
2020-11-30,0.3411676141733938,0.328
2020-12-01,0.2674478888410911,0.311
2020-12-02,0.36764550966781695,0.3
2020-12-03,0.6316282056113,0.741
2020-12-04,1.0211605350078112,1.41
2020-12-05,0.7814543160457829,1.15
2020-12-06,0.5865013323072561,0.819
2020-12-07,0.469357261167016,0.627
2020-12-08,0.6875429498180496,0.562
2020-12-09,0.49400491220360965,0.56
2020-12-10,0.8356018316382544,0.693
2020-12-11,0.7181211019784508,1.04
2020-12-12,0.559391565545835,0.679
2020-12-13,1.2338972429733992,1.96
2020-12-14,0.8582383705140162,1.05
2020-12-15,0.6823655854504626,0.718
2020-12-16,0.8537076719040005,0.852
2020-12-17,0.9706125066522721,0.822
2020-12-18,1.5071394222692027,1.9
2020-12-19,1.0652946437316961,1.89
2020-12-20,0.9707928735331958,0.899
2020-12-21,1.4065577521868695,1.69
2020-12-22,1.2992208884368674,1.34
2020-12-23,1.398040268828236,1.73
2020-12-24,0.939065899163573,1.01
2020-12-25,0.8030644407199743,0.731
2020-12-26,1.5743029917526168,1.41
2020-12-27,1.0860692125134452,1.41
2020-12-28,0.9003400170333274,0.779
2020-12-29,0.8430428074333111,0.657
2020-12-30,0.7195168388024661,0.574
2020-12-31,0.6553006790933451,0.499
2021-01-01,0.6049032960191026,0.45
2021-01-02,0.6921038159297189,0.417
2021-01-03,0.722311328107088,0.437
2021-01-04,0.6409097146938115,0.435
2021-01-05,0.5779513095530672,0.416
2021-01-06,0.5511862076721201,0.384
2021-01-07,0.536342836182148,0.35
2021-01-08,0.5140454248490344,0.334
2021-01-09,0.5019104281263901,0.319
2021-01-10,0.4914791192352619,0.299
2021-01-11,1.2821396662871791,0.794
2021-01-12,0.9614148166537141,0.881
2021-01-13,1.8675464634749177,1.96
2021-01-14,1.5340753293884803,2.95
2021-01-15,1.8983504982472932,1.2
2021-01-16,1.5498757038334288,3.06
2021-01-17,1.1961942505875884,1.02
2021-01-18,2.1916950575672502,2.61
2021-01-19,2.24908429098927,3.33
2021-01-20,2.6890799159753076,6.0
2021-01-21,1.9762983229292777,1.75
2021-01-22,1.724918010684955,0.991
2021-01-23,1.6947614035929857,0.813
2021-01-24,1.4060190766657745,0.674
2021-01-25,1.1751438489845756,0.605
2021-01-26,1.4528497772149518,0.952
2021-01-27,2.1802911783499046,2.2
2021-01-28,2.035113597985718,3.69
2021-01-29,1.6935610448863891,1.41
2021-01-30,1.3873347046743092,0.97
2021-01-31,1.2205519240624552,0.762
2021-02-01,1.8250848256047647,0.722
2021-02-02,2.0626774748967254,2.66
2021-02-03,1.618895506194939,1.36
2021-02-04,1.802378238708579,1.38
2021-02-05,1.5246799434122662,1.13
2021-02-06,1.9656406713045753,1.64
2021-02-07,1.4376632167563639,1.17
2021-02-08,1.301022766413167,0.803
2021-02-09,1.2055674182030696,0.653
2021-02-10,1.138848167698023,0.55
2021-02-11,1.081873017395137,0.472
2021-02-12,1.0400560274916792,0.418
2021-02-13,1.0079885135247797,0.382
2021-02-14,1.403877468687136,0.456
2021-02-15,1.30026700258631,0.592
2021-02-16,1.3587265661298993,0.737
2021-02-17,1.4773061194138823,0.68
2021-02-18,1.268506519917119,0.786
2021-02-19,1.187618111155981,0.625
2021-02-20,1.1283673189872807,0.557
2021-02-21,1.196676833420007,0.482
2021-02-22,1.103595883027662,0.467
2021-02-23,1.0639146976409648,0.433
2021-02-24,1.0427799496020698,0.392
2021-02-25,1.0188360237938894,0.356
2021-02-26,1.005479471804484,0.33
2021-02-27,0.9922520782260887,0.314
2021-02-28,0.9841345736129723,0.297
2021-03-01,0.9757519966988604,0.294
2021-03-02,0.9697712885266483,0.278
2021-03-03,0.9655733845255062,0.268
2021-03-04,0.9618980348028752,0.253
2021-03-05,0.9574355041213171,0.245
2021-03-06,0.9542222385491904,0.239
2021-03-07,0.9513190209860428,0.233
2021-03-08,0.9486330911389775,0.23
2021-03-09,1.1706388074790526,0.238
2021-03-10,1.4448921097930907,0.424
2021-03-11,1.4259613413287604,0.703
2021-03-12,1.6663523274153,0.809
2021-03-13,1.4856027797237075,1.01
2021-03-14,1.5991811527815225,0.989
2021-03-15,1.3284771057814946,0.751
2021-03-16,1.2265940265725053,0.552
2021-03-17,1.1653623869734535,0.444
2021-03-18,1.1233563917095224,0.428
2021-03-19,1.083902019111893,0.379
2021-03-20,1.0530740181261504,0.332
2021-03-21,1.028500737711806,0.31
2021-03-22,1.0082561388635987,0.291
2021-03-23,0.9934558764802202,0.271
2021-03-24,0.9775902293234164,0.256
2021-03-25,0.966479570925398,0.242
2021-03-26,1.0020262038565924,0.245
2021-03-27,0.9561564646884445,0.225
2021-03-28,0.9423911950264074,0.22
2021-03-29,0.9329590910039554,0.2
2021-03-30,0.9251745582412313,0.193
2021-03-31,0.9180088602030241,0.226
2021-04-01,0.9112535319212268,0.266
2021-04-02,0.9047922358362844,0.212
2021-04-03,0.8985375286940789,0.207
2021-04-04,0.8928505940959282,0.186
2021-04-05,0.8864238615834837,0.231
2021-04-06,0.8810435831345241,0.191
2021-04-07,0.8745158603917642,0.175
2021-04-08,0.8690167510441472,0.166
2021-04-09,0.8625775249469945,0.164
2021-04-10,0.8856767524396053,0.19
2021-04-11,0.8543408379909236,0.168
2021-04-12,0.8457917474628714,0.161
2021-04-13,0.8391280748020934,0.159
2021-04-14,0.8326079745566975,0.159
2021-04-15,0.8260837171589888,0.157
2021-04-16,0.8195358296282595,0.157
2021-04-17,0.8129577367637189,0.156
2021-04-18,0.8063454994053613,0.154
2021-04-19,0.7996969975738404,0.154
2021-04-20,0.7930231028338132,0.153
2021-04-21,0.7862900229582497,0.157
2021-04-22,0.7795309578675499,0.147
2021-04-23,0.7727385272949264,0.147
2021-04-24,0.7659140489310434,0.147
2021-04-25,0.7590598643867088,0.147
2021-04-26,0.752178697391054,0.147
2021-04-27,0.7641435813577456,0.149
2021-04-28,0.7419366892877776,0.169
2021-04-29,0.7336059033226758,0.148
2021-04-30,0.726032448883712,0.145
2021-05-01,0.718872224954775,0.145
2021-05-02,0.7115556955370661,0.143
2021-05-03,0.9423217356371067,0.385
2021-05-04,0.941685566248079,0.271
2021-05-05,0.8475515665091394,0.211
2021-05-06,0.7100670052645336,0.185
2021-05-07,0.912551625840951,0.196
2021-05-08,0.9736253529598266,0.965
2021-05-09,0.8136821256694096,0.697
2021-05-10,0.7631284122973429,0.501
2021-05-11,0.8940757437124771,0.6
2021-05-12,0.7027250258654802,0.542
2021-05-13,0.6730959852974673,0.409
2021-05-14,0.6588972400293749,0.309
2021-05-15,0.678925476542577,0.285
2021-05-16,0.7233763927566088,0.52
2021-05-17,0.6953896440337743,0.583
2021-05-18,0.6362783012537625,0.413
2021-05-19,0.6179877327939423,0.369
2021-05-20,0.7886436284237189,0.387
2021-05-21,0.887815122980872,1.56
2021-05-22,0.6492534042006015,0.893
2021-05-23,0.936341375245527,0.844
2021-05-24,1.0728857922517154,1.14
2021-05-25,0.8059938237541843,1.01
2021-05-26,0.7232014976512158,0.776
2021-05-27,0.6831242862847254,0.599
2021-05-28,0.6528562714234047,0.491
2021-05-29,0.6278585443329707,0.421
2021-05-30,0.6068914859536095,0.38
2021-05-31,0.5891272234812662,0.325
2021-06-01,0.5739208787898212,0.299
2021-06-02,0.5607801108850016,0.307
2021-06-03,0.549233448010991,0.236
2021-06-04,0.5390112125868974,0.205
2021-06-05,0.5307337617007953,0.194
2021-06-06,0.5226501759678991,0.197
2021-06-07,0.5139175190728511,0.186
2021-06-08,0.5067005491516099,0.174
2021-06-09,0.4999918216980115,0.168
2021-06-10,0.49363395912967983,0.167
2021-06-11,0.48755548143294275,0.162
2021-06-12,0.48170243676155483,0.164
2021-06-13,0.47603230809610925,0.152
2021-06-14,0.47051103910820713,0.152
2021-06-15,0.4651119297825099,0.145
2021-06-16,0.461866082171694,0.144
2021-06-17,0.4547735390708487,0.144
2021-06-18,0.6028028523615206,0.177
2021-06-19,0.46461462684603566,0.16
2021-06-20,0.4459621289114482,0.153
2021-06-21,0.4389264039342733,0.147
2021-06-22,0.4330679121130144,0.141
2021-06-23,0.42844534740101203,0.139
2021-06-24,0.42379115577106347,0.144
2021-06-25,0.4174827755708494,0.144
2021-06-26,0.41186707965400166,0.14
2021-06-27,0.40684405156825676,0.139
2021-06-28,0.4572520965701783,0.15
2021-06-29,0.4047548491154001,0.139
2021-06-30,0.39557482321980714,0.136
2021-07-01,0.39000258629654244,0.132
2021-07-02,0.3865487344504904,0.131
2021-07-03,0.5983082950962992,0.264
2021-07-04,0.6367408489323413,0.449
2021-07-05,0.6489617983033896,0.286
2021-07-06,0.6023593541598493,0.264
2021-07-07,0.432515634791298,0.199
2021-07-08,0.39117073566628596,0.169
2021-07-09,0.37960742444953616,0.153
2021-07-10,0.3694505074625346,0.143
2021-07-11,0.36375995828407665,0.138
2021-07-12,0.35890792752693346,0.149
2021-07-13,0.34817053539973003,0.137
2021-07-14,0.3417202072718647,0.129
2021-07-15,0.3361337987235286,0.126
2021-07-16,0.3309321740539425,0.117
2021-07-17,0.3260191721191053,0.113
2021-07-18,0.3213404898848352,0.112
2021-07-19,0.31685454149673886,0.11
2021-07-20,0.31257560854336924,0.112
2021-07-21,0.30833906815062234,0.119
2021-07-22,0.3097904992739425,0.149
2021-07-23,0.30070427436131325,0.141
2021-07-24,0.2964010993860483,0.112
2021-07-25,0.2925385643086032,0.109
2021-07-26,0.288773836170443,0.107
2021-07-27,0.32236889402502766,0.149
2021-07-28,0.5427014702338809,0.908
2021-07-29,0.5603149791561648,0.267
2021-07-30,0.6163946121335458,1.08
2021-07-31,0.5611533851582137,0.394
2021-08-01,0.5406301105779133,0.255
2021-08-02,0.3268514462162996,0.21
2021-08-03,0.29925859239492136,0.23
2021-08-04,0.2880344482370611,0.201
2021-08-05,0.38836552679502395,0.176
2021-08-06,0.28683202733015944,0.173
2021-08-07,0.2899092561008104,0.163
2021-08-08,0.489568827338237,0.627
2021-08-09,0.29026517144710284,0.329
2021-08-10,0.26449296489491936,0.228
2021-08-11,0.25765701297413734,0.192
2021-08-12,0.2507520668228848,0.172
2021-08-13,0.24556006702618777,0.155
2021-08-14,0.24091086653382676,0.151
2021-08-15,0.2375922220772856,0.148
2021-08-16,0.2335601401966045,0.143
2021-08-17,0.22945113807721895,0.143
2021-08-18,0.22604144034867213,0.142
2021-08-19,0.22269305398204206,0.14
2021-08-20,0.21954089796898166,0.138
2021-08-21,0.4400675542772855,0.233
2021-08-22,0.3116520597554127,0.197
2021-08-23,0.22680544937831196,0.149
2021-08-24,0.21601696464898046,0.14
2021-08-25,0.21148311880617382,0.139
2021-08-26,0.20774413652182008,0.132
2021-08-27,0.20431206482854206,0.129
2021-08-28,0.20110304761735753,0.126
2021-08-29,0.19807380127268423,0.126
2021-08-30,0.195492822496911,0.126
2021-08-31,0.1924735728475369,0.126
2021-09-01,0.18979397349745447,0.125
2021-09-02,0.18719648130102873,0.123
2021-09-03,0.1847252358518773,0.124
2021-09-04,0.1822437239280326,0.124
2021-09-05,0.17984794423084594,0.122
2021-09-06,0.1774989899539106,0.115
2021-09-07,0.17518866021372248,0.11
2021-09-08,0.17293973332759877,0.108
2021-09-09,0.2513098546177139,0.192
2021-09-10,0.18035127746922328,0.145
2021-09-11,0.1702966879430791,0.132
2021-09-12,0.1681437397395626,0.125
2021-09-13,0.17821586872929573,0.124
2021-09-14,0.17609580256338994,0.15
2021-09-15,0.16328758436790264,0.106
2021-09-16,0.15962091081795154,0.109
2021-09-17,0.1568509393036212,0.108
2021-09-18,0.15511689451403254,0.108
2021-09-19,0.15223403009165332,0.107
2021-09-20,0.1496013223517993,0.105
2021-09-21,0.1473778171231644,0.106
2021-09-22,0.145249134922593,0.106
2021-09-23,0.143164241410458,0.105
2021-09-24,0.14144693183126802,0.108
2021-09-25,0.13979399890839747,0.108
2021-09-26,0.3557307426708394,0.135
2021-09-27,0.16415317036614854,0.2
2021-09-28,0.36582952486642845,0.339
2021-09-29,0.301516959888325,0.242
2021-09-30,0.3772294135706141,0.232
2021-10-01,0.16725169614461302,0.394
2021-10-02,0.4059276215014593,0.687
2021-10-03,0.21904482308081255,0.377
2021-10-04,0.4420461815447235,1.501
2021-10-05,0.36405975055083256,0.91
2021-10-06,0.1895425227700281,0.468
2021-10-07,0.16530674572579102,0.343
2021-10-08,0.1550979620661925,0.289
2021-10-09,0.14750339428468712,0.266
2021-10-10,0.14030386642356946,0.226
2021-10-11,0.13481658095315904,0.209
2021-10-12,0.13078120767811743,0.205
2021-10-13,0.12641588027781897,0.194
2021-10-14,0.12363413568369219,0.188
2021-10-15,0.1202127162422727,0.176
2021-10-16,0.12271243551148826,0.174
2021-10-17,0.11722914660330601,0.179
2021-10-18,0.19048614813135348,0.182
2021-10-19,0.15579145153628557,0.202
2021-10-20,0.12563858455564744,0.203
2021-10-21,0.11503013866275709,0.188
2021-10-22,0.11305294206494292,0.185
2021-10-23,0.10994167300221636,0.183
2021-10-24,0.12053572626238454,0.183
2021-10-25,0.10740801920218901,0.186
2021-10-26,0.10469652669552672,0.184
2021-10-27,0.10286921286341093,0.178
2021-10-28,0.3222827087667191,0.323
2021-10-29,0.3667775996848002,0.604
2021-10-30,0.33466221938241963,0.857
2021-10-31,0.44255370464837523,2.342
2021-11-01,0.406257458376888,0.823
2021-11-02,0.21085913643234666,0.555
2021-11-03,0.17532138881349146,0.419
2021-11-04,0.1582758364280949,0.348
2021-11-05,0.14667550083064593,0.306
2021-11-06,0.14001167724897123,0.296
2021-11-07,0.1271728157955142,0.27
2021-11-08,0.12260697528488057,0.255
2021-11-09,0.12153378800487297,0.242
2021-11-10,0.11235404233465138,0.238
2021-11-11,0.11125165604693056,0.236
2021-11-12,0.14312213620920933,0.235
2021-11-13,0.11208423789065217,0.229
2021-11-14,0.10678934701024717,0.217
2021-11-15,0.10313322202625022,0.215
2021-11-16,0.10094636402616616,0.206
2021-11-17,0.09804058091612224,0.204
2021-11-18,0.09608486864618217,0.199
2021-11-19,0.09443990018599131,0.197
2021-11-20,0.09324280737001459,0.19
2021-11-21,0.09176501197058255,0.185
2021-11-22,0.09061486235181122,0.176
2021-11-23,0.0895820444729061,0.169
2021-11-24,0.08862042373041012,0.17
2021-11-25,0.19697331549107475,0.17
2021-11-26,0.33861528700063326,0.282
2021-11-27,0.32704129666936926,1.272
2021-11-28,0.3740908819158198,0.503
2021-11-29,0.2486008020654498,0.756
2021-11-30,0.3444631502072545,1.278
2021-12-01,0.3175963523843529,0.816
2021-12-02,0.3908693531955027,0.584
2021-12-03,0.35416277653149797,0.6
2021-12-04,0.9440385999010442,1.336
2021-12-05,0.5221152048436671,0.852
2021-12-06,0.9248868192001265,1.06
2021-12-07,0.9542766065526816,1.169
2021-12-08,1.568092603084322,2.999
2021-12-09,1.3914848479540902,2.005
2021-12-10,1.045139452484039,1.264
2021-12-11,1.024807183332156,0.885
2021-12-12,0.7907536037185532,0.896
2021-12-13,0.9641982032839328,0.942
2021-12-14,0.6543751352115172,0.865
2021-12-15,0.5500671406831708,0.654
2021-12-16,0.47639313105354403,0.543
2021-12-17,0.4292544432296011,0.481
2021-12-18,0.3825019210840981,0.441
2021-12-19,0.3476511297527204,0.41
2021-12-20,0.32017509506391284,0.387
2021-12-21,0.29659610947057136,0.361
2021-12-22,0.5851011455463432,0.377
2021-12-23,0.41412227895997605,0.417
2021-12-24,0.9614027952694846,0.569
2021-12-25,1.2341206985190638,1.646
2021-12-26,0.7974646248083825,1.482
2021-12-27,1.2727200947981017,0.989
2021-12-28,0.8937640992891854,1.716
2021-12-29,0.9745455950269893,1.13
2021-12-30,0.9063883023821507,0.929
2021-12-31,0.6903248073076829,0.811
2022-01-01,0.9669886791491972,0.709
2022-01-02,0.873731925685851,1.03
2022-01-03,0.6946270971926147,0.785
2022-01-04,0.6027092496053248,0.604
2022-01-05,0.5472541877356336,0.499
2022-01-06,0.7979709444694955,0.487
2022-01-07,1.0434828245857095,0.521
2022-01-08,1.2471380026878007,2.495
2022-01-09,0.7980556508640367,0.91
2022-01-10,0.8284157542479864,0.685
2022-01-11,0.6798334035953815,0.624
2022-01-12,0.6207499371039507,0.533
2022-01-13,0.5762501847044674,0.476
2022-01-14,0.5424132634562872,0.434
2022-01-15,0.5167752292014028,0.403
2022-01-16,0.49477859943882113,0.375
2022-01-17,0.4768027622754184,0.348
2022-01-18,0.47436778794716766,0.335
2022-01-19,0.46673948546505667,0.328
2022-01-20,0.45060104316180116,0.298
2022-01-21,0.4451778109381489,0.291
2022-01-22,0.441857397478955,0.291
2022-01-23,0.4396443023944589,0.285
2022-01-24,0.43823569309637767,0.266
2022-01-25,0.4387727209332126,0.262
2022-01-26,0.48111975888576436,0.252
2022-01-27,0.4540752668076718,0.251
2022-01-28,0.44964146999061144,0.245
2022-01-29,0.4485887385630904,0.23
2022-01-30,0.563578386922452,0.236
2022-01-31,0.5358037057900062,0.232
2022-02-01,0.5931848270597383,0.241
2022-02-02,0.5138896026808523,0.264
2022-02-03,0.620359766579466,0.255
2022-02-04,0.6779549335740271,0.282
2022-02-05,1.511284561260663,1.555
2022-02-06,1.230048446855442,2.376
2022-02-07,1.0427982281934105,0.78
2022-02-08,0.8104318194814154,0.598
2022-02-09,0.7186719755838169,0.496
2022-02-10,0.6742170610087808,0.421
2022-02-11,0.6283175580127397,0.378
2022-02-12,0.9038289982973309,0.386
2022-02-13,1.344401073789776,1.167
2022-02-14,1.1963527642632474,0.932
2022-02-15,1.1704037540322643,1.132
2022-02-16,1.0637745490351749,0.855
2022-02-17,1.668642237287521,1.407
2022-02-18,1.4719711603559902,2.1
2022-02-19,2.0308858979134095,2.166
2022-02-20,2.5553983847738673,5.852
2022-02-21,1.9456362552107334,2.143
2022-02-22,1.7552528721866283,1.067
2022-02-23,1.702960701632149,0.784
2022-02-24,1.3712938147593086,0.764
2022-02-25,1.1594189250638314,0.654
2022-02-26,1.0461043442352569,0.561
2022-02-27,0.9585294923257591,0.491
2022-02-28,1.4279056640214842,0.768
2022-03-01,1.0665126255513357,0.651
2022-03-02,1.2491977462451374,0.798
2022-03-03,1.5292839713455375,0.974
2022-03-04,1.1102987140341813,1.063
2022-03-05,0.9961130309995267,0.659
2022-03-06,0.9254380032845895,0.538
2022-03-07,0.8761005302122133,0.472
2022-03-08,0.8353780683672675,0.423
2022-03-09,0.805243550318347,0.385
2022-03-10,0.7806351070634245,0.352
2022-03-11,0.9649803279335784,0.37
2022-03-12,0.9319517271204719,0.351
2022-03-13,0.8247547190406124,0.353
2022-03-14,0.795395031489304,0.309
2022-03-15,0.8039548653073925,0.301
2022-03-16,1.178615381755587,0.789
2022-03-17,0.8724507359890069,0.535
2022-03-18,0.8231447004029809,0.415
2022-03-19,0.800391058868774,0.365
2022-03-20,0.7816072133597775,0.334
2022-03-21,0.7675178094127585,0.308
2022-03-22,0.7563440892045549,0.292
2022-03-23,0.7473834659371812,0.276
2022-03-24,0.7401338586485829,0.26
2022-03-25,0.7341982508937254,0.252
2022-03-26,0.729261860795731,0.244
2022-03-27,0.7250758859543207,0.241
2022-03-28,0.721455977206041,0.237
2022-03-29,0.7182096968740828,0.233
2022-03-30,0.716190014693671,0.23
2022-03-31,0.7132471237608616,0.22
2022-04-01,0.7099340886855161,0.21
2022-04-02,0.7071573545068603,0.204
2022-04-03,0.709445667702374,0.203
2022-04-04,0.7688501152725467,0.227
2022-04-05,0.7096933170722839,0.242
2022-04-06,0.8081371124299961,0.247
2022-04-07,0.7470808961406303,0.266
2022-04-08,0.7025610047891148,0.236
2022-04-09,0.6945460629732102,0.209
2022-04-10,0.6897123439069256,0.197
2022-04-11,0.6931350977918315,0.198
2022-04-12,0.7543923559850332,0.224
2022-04-13,0.6877357951561734,0.218
2022-04-14,0.6771327825175412,0.2
2022-04-15,0.6717889906907561,0.192
2022-04-16,0.6669731742347536,0.187
2022-04-17,0.6634420439747645,0.188
2022-04-18,0.6577252683153594,0.183
2022-04-19,0.6530191191008465,0.177
2022-04-20,0.6483930559765647,0.171
2022-04-21,0.6437667222823694,0.167
2022-04-22,0.6391201453782931,0.166
2022-04-23,0.6344446165275203,0.166
2022-04-24,0.6297345707853522,0.162
2022-04-25,0.6249867970515378,0.161
2022-04-26,0.6201981855655975,0.158
2022-04-27,0.6153688817824748,0.157
2022-04-28,0.6104986648029904,0.159
2022-04-29,0.6055882878070716,0.153
2022-04-30,0.6011044649405283,0.155
2022-05-01,0.5957011126351687,0.159
2022-05-02,0.592403775182206,0.159
2022-05-03,0.6002008718456873,0.162
2022-05-04,0.5842174722446014,0.166
2022-05-05,0.5771939295019342,0.143
2022-05-06,0.6199373109939638,0.156
2022-05-07,0.5729447491942883,0.147
2022-05-08,0.5637397868993074,0.139
2022-05-09,0.5576429875866582,0.137
2022-05-10,0.5943840887861123,0.137
2022-05-11,0.710176241126895,0.251
2022-05-12,0.5619140031731116,0.148
2022-05-13,0.5436245788429667,0.138
2022-05-14,0.5370475031908108,0.137
2022-05-15,0.5823220850034914,0.143
2022-05-16,0.5310556546981581,0.152
2022-05-17,0.5224138812468759,0.14
2022-05-18,0.5990831978746213,0.159
2022-05-19,0.5181429856092281,0.143
2022-05-20,0.5061741879681906,0.134
2022-05-21,0.49868343649312113,0.13
2022-05-22,0.4924174331713152,0.129
2022-05-23,0.4884345497070592,0.136
2022-05-24,0.48106180430588386,0.126
2022-05-25,0.47566177634147244,0.126
2022-05-26,0.4717245051250269,0.13
2022-05-27,0.46428348296040783,0.121
2022-05-28,0.4588336852870786,0.12
2022-05-29,0.45354819141994723,0.12
2022-05-30,0.5059159752470338,0.141
2022-05-31,0.4520037944027177,0.135
2022-06-01,0.44195021168061416,0.126
2022-06-02,0.4354647994392457,0.121
2022-06-03,0.4299756805307637,0.117
2022-06-04,0.5499695839628115,0.138
2022-06-05,0.43525050439377944,0.16
2022-06-06,0.41978067515871625,0.131
2022-06-07,0.4274777260122856,0.13
2022-06-08,0.41125519105612357,0.128
2022-06-09,0.4041423433784541,0.12
2022-06-10,0.39835483166015595,0.116
2022-06-11,0.39300022311691846,0.112
2022-06-12,0.38774762715404465,0.112
2022-06-13,0.3826653742670777,0.114
2022-06-14,0.3777217957608832,0.111
2022-06-15,0.37288576988296895,0.111
2022-06-16,0.36814165064195425,0.108
2022-06-17,0.36347958763346017,0.104
2022-06-18,0.37860131598111296,0.123
2022-06-19,0.3584608634429057,0.116
2022-06-20,0.3522772596454855,0.109
2022-06-21,0.34733817685218965,0.105
2022-06-22,0.3426223077668355,0.102
2022-06-23,0.338032245385186,0.104
2022-06-24,0.33451924048801,0.111
2022-06-25,0.339970093882476,0.116
2022-06-26,0.32852410449942254,0.106
2022-06-27,0.3273618737807007,0.118
2022-06-28,0.3407463344794947,0.112
2022-06-29,0.31821880939714153,0.116
2022-06-30,0.3929007720480134,0.128
2022-07-01,0.31939697164470543,0.116
2022-07-02,0.30707654838698745,0.11
2022-07-03,0.30143323692196533,0.105
2022-07-04,0.2965910003817811,0.1
2022-07-05,0.2922114765709123,0.098
2022-07-06,0.2878160370794218,0.103
2022-07-07,0.2834506739472384,0.1
2022-07-08,0.2793625763031103,0.1
2022-07-09,0.27540002629808497,0.097
2022-07-10,0.271537822084324,0.097
2022-07-11,0.2677620549377405,0.098
2022-07-12,0.26406279533414834,0.099
2022-07-13,0.26043032937869637,0.099
2022-07-14,0.25685943625654895,0.101
2022-07-15,0.2533444338656575,0.104
2022-07-16,0.2498810469528035,0.103
2022-07-17,0.24646586368999215,0.102
2022-07-18,0.24309614038029956,0.097
2022-07-19,0.23976970948278706,0.093
2022-07-20,0.2375003881342491,0.098
2022-07-21,0.27641222471735166,0.11
2022-07-22,0.23945146473961804,0.159
2022-07-23,0.27698509457197706,0.13
2022-07-24,0.23567545850821547,0.129
2022-07-25,0.2276430687657094,0.111
2022-07-26,0.22186410467192172,0.104
2022-07-27,0.21830819614825456,0.105
2022-07-28,0.21438126808889757,0.1
2022-07-29,0.21095675024241886,0.096
2022-07-30,0.4113342404498922,0.139
2022-07-31,0.22821722098232194,0.136
2022-08-01,0.21115263066715212,0.103
2022-08-02,0.20531817020121296,0.103
2022-08-03,0.20022920940588296,0.095
2022-08-04,0.19654810596089412,0.089
2022-08-05,0.19316319373606378,0.091
2022-08-06,0.18978783615788897,0.084
2022-08-07,0.18668346972265737,0.088
2022-08-08,0.18371843592546688,0.086
2022-08-09,0.1808639922618803,0.085
2022-08-10,0.17810295746488636,0.087
2022-08-11,0.17542226040361739,0.084
2022-08-12,0.17281131439222167,0.08
2022-08-13,0.17026164689710638,0.072
2022-08-14,0.16776649486074438,0.07
2022-08-15,0.16532183383314253,0.076
2022-08-16,0.21001908243920314,0.085
2022-08-17,0.1678615545195085,0.099
2022-08-18,0.16237824904480733,0.098
2022-08-19,0.15858230713912444,0.096
2022-08-20,0.15597822406560075,0.096
2022-08-21,0.1532313738605871,0.096
2022-08-22,0.19852980051556116,0.101
2022-08-23,0.15564331530528816,0.103
2022-08-24,0.15095189795316016,0.108
2022-08-25,0.14808370010105984,0.119
2022-08-26,0.14397267171294845,0.108
2022-08-27,0.1411685312362251,0.105
2022-08-28,0.1387702545687133,0.102
2022-08-29,0.13649677228422544,0.101
2022-08-30,0.13431541519211218,0.099
2022-08-31,0.1322007549561941,0.095
2022-09-01,0.13015707743440796,0.094
2022-09-02,0.128532026390375,0.097
2022-09-03,0.1263734903929588,0.101
2022-09-04,0.2805861265644245,0.134
2022-09-05,0.36600844249427544,0.22
2022-09-06,0.1714044381017554,0.148
2022-09-07,0.2110174432550323,0.221
2022-09-08,0.14000615448304538,0.174
2022-09-09,0.3142369733231947,0.201
2022-09-10,0.14558416071362798,0.13
2022-09-11,0.13222341760267683,0.133
2022-09-12,0.12643131823854734,0.141
2022-09-13,0.11919062826304155,0.123
2022-09-14,0.1157036597147381,0.116
2022-09-15,0.11284275826165535,0.112
2022-09-16,0.11029625790108705,0.109
2022-09-17,0.10799294271801016,0.109
2022-09-18,0.13303802721692748,0.118
2022-09-19,0.10873968428104884,0.121
2022-09-20,0.10403777811776828,0.115
2022-09-21,0.10180404715923472,0.111
2022-09-22,0.10091622114534826,0.113
2022-09-23,0.09822285254563318,0.112
2022-09-24,0.09655765695054867,0.11
2022-09-25,0.18378343670611408,0.123
2022-09-26,0.10469494124804635,0.123
2022-09-27,0.0966996512868849,0.184
2022-09-28,0.14282972637242977,0.162
2022-09-29,0.09788195382114317,0.114
2022-09-30,0.3157762476113853,0.251
2022-10-01,0.19471172482237648,0.137
2022-10-02,0.10459589522999327,0.118
2022-10-03,0.0944392559784079,0.115
2022-10-04,0.19122998298580388,0.114
2022-10-05,0.3224100827862148,0.375
2022-10-06,0.13573329310934745,0.143
2022-10-07,0.2639761767417498,0.18
2022-10-08,0.11947162909484713,0.141
2022-10-09,0.18474493102974454,0.145
2022-10-10,0.11106646294737776,0.136
2022-10-11,0.09973224196821011,0.125
2022-10-12,0.09532328451418938,0.125
2022-10-13,0.09024839004504005,0.119
2022-10-14,0.20663775800929604,0.129
2022-10-15,0.09743781746910259,0.137
2022-10-16,0.08794722503948502,0.114
2022-10-17,0.08227044406425277,0.109
2022-10-18,0.0795619331670838,0.112
2022-10-19,0.10106412360409786,0.115
2022-10-20,0.2121403573892498,0.163
2022-10-21,0.35984155198196666,0.364
2022-10-22,0.3776304022634746,0.233
2022-10-23,0.48731167638406286,1.743
2022-10-24,0.40033284327293445,0.796
2022-10-25,0.4091528822594604,0.346
2022-10-26,0.3991295628552831,0.256
2022-10-27,0.21202646209565787,0.285
2022-10-28,0.27403866199885746,0.236
2022-10-29,0.18357228001039388,0.238
2022-10-30,0.307442685319113,0.286
2022-10-31,0.850181080168328,0.992
2022-11-01,0.6924620296875149,1.067
2022-11-02,0.6112479347219595,0.612
2022-11-03,0.3608153847819693,0.456
2022-11-04,0.29750705731648863,0.327
2022-11-05,0.33018897908131334,0.297
2022-11-06,0.35130081465614044,0.328
2022-11-07,0.5966815255163181,0.44
2022-11-08,0.5059260138827603,0.779
2022-11-09,0.38938944406429227,0.56
2022-11-10,0.30307798710639644,0.405
2022-11-11,0.26338310693126593,0.315
2022-11-12,0.23611315677033518,0.276
2022-11-13,0.21194247119094548,0.255
2022-11-14,0.5426402588836129,0.261
2022-11-15,0.9784984171455805,2.309
2022-11-16,1.111063329517823,1.067
2022-11-17,1.087762909855139,2.189
2022-11-18,0.8462106640853534,0.989
2022-11-19,0.7559119613468253,0.681
2022-11-20,0.5433611424301596,0.65
2022-11-21,1.5569287801010392,2.665
2022-11-22,1.4883359560797889,1.488
2022-11-23,1.1388829964047151,1.962
2022-11-24,1.5360051286298433,2.043
2022-11-25,1.0841455177953592,1.204
2022-11-26,1.288477343791685,1.116
2022-11-27,0.8412481735794437,1.094
2022-11-28,0.7076590085701638,0.734
2022-11-29,0.6271797934823309,0.584
2022-11-30,0.549729079870138,0.503
2022-12-01,0.49883936600783263,0.443
2022-12-02,0.45489608112875557,0.401
2022-12-03,0.6707356271000836,0.387
2022-12-04,0.5278764939243306,0.416
2022-12-05,0.4831928145229328,0.385
2022-12-06,0.4392055812026306,0.356
2022-12-07,0.41697047918819913,0.33
2022-12-08,0.39790503045770165,0.308
2022-12-09,0.3881144127597454,0.289
2022-12-10,0.37394789036615156,0.28
2022-12-11,0.3663234055705773,0.27
2022-12-12,0.3624320783370258,0.258
2022-12-13,0.3576702511462675,0.25
2022-12-14,0.35666253831046396,0.234
2022-12-15,0.354305482021748,0.222
2022-12-16,0.35509163488981405,0.212
2022-12-17,0.4335298818884479,0.215
2022-12-18,0.7123907027446631,0.38
2022-12-19,1.0989857915311363,0.994
2022-12-20,0.7527338067092969,1.067
2022-12-21,0.6127574879788013,0.66
2022-12-22,0.7024281050334652,0.589
2022-12-23,1.241737425216575,1.353
2022-12-24,0.8544167510430198,0.909
2022-12-25,0.7829265996568545,0.692
2022-12-26,0.6628621069102786,0.564
2022-12-27,1.0962675072972414,0.67
2022-12-28,1.4755741790476882,2.022
2022-12-29,0.9935193159929936,1.175
2022-12-30,1.3219650857855176,0.833
2022-12-31,1.520285156104827,2.124
2023-01-01,1.31714930227908,1.756
2023-01-02,1.0877653153147968,0.97
2023-01-03,1.72999880437006,1.96
2023-01-04,1.2535412941071837,1.667
2023-01-05,1.306045823863591,1.078
2023-01-06,1.2443358281676542,1.057
2023-01-07,1.2511339677022992,1.183
2023-01-08,1.1013573609196774,0.973
2023-01-09,1.4813055249544453,0.835
2023-01-10,1.7653804617743902,3.142
2023-01-11,1.9949839472215753,2.461
2023-01-12,1.6124466414173935,1.697
2023-01-13,1.985334883186451,1.216
2023-01-14,1.4802841003764444,2.164
2023-01-15,1.2647595577022022,1.054
2023-01-16,1.1837206535872637,0.826
2023-01-17,1.0446322066734977,0.666
2023-01-18,0.9695154440766217,0.581
2023-01-19,0.9046278121729876,0.524
2023-01-20,0.8489900457485079,0.466
2023-01-21,0.8114519532675079,0.422
2023-01-22,0.7805959980415292,0.398
2023-01-23,0.7571798498222212,0.387
2023-01-24,0.7426976965686604,0.37
2023-01-25,0.7293800594563633,0.374
2023-01-26,0.7211063592903107,0.351
2023-01-27,0.7106820617333584,0.338
2023-01-28,0.7160057574626741,0.326
2023-01-29,0.7290054806024423,0.318
2023-01-30,0.7154904436178235,0.303
2023-01-31,0.7074928717347222,0.287
2023-02-01,0.7159412450722887,0.279
2023-02-02,0.702753296695515,0.268
2023-02-03,0.7110134935374094,0.261
2023-02-04,0.6996024373638954,0.26
2023-02-05,0.6976572727944425,0.247
2023-02-06,0.6973101328245633,0.244
2023-02-07,0.6965601196085642,0.238
2023-02-08,0.6958335360258385,0.239
2023-02-09,0.6944403008013568,0.232
2023-02-10,0.6934779561129178,0.228
2023-02-11,0.6924423927297715,0.224
2023-02-12,0.691276021573085,0.221
2023-02-13,0.6909085636414332,0.223
2023-02-14,0.688657903160653,0.222
2023-02-15,0.7473469570407237,0.225
2023-02-16,0.7029290757126618,0.236
2023-02-17,0.7407213876657421,0.231
2023-02-18,0.7054116900307481,0.231
2023-02-19,0.6940352263879689,0.219
2023-02-20,0.6883709756507587,0.215
2023-02-21,0.7148020321560069,0.221
2023-02-22,0.6882029779148409,0.221
2023-02-23,0.6798720307627992,0.209
2023-02-24,0.6745837016351448,0.21
2023-02-25,0.6702543448970318,0.203
2023-02-26,0.6654708454509729,0.195
2023-02-27,0.6616894190873074,0.195
2023-02-28,0.6576423039820309,0.194
2023-03-01,0.653471204316824,0.196
2023-03-02,0.6479072882334098,0.191
2023-03-03,0.643535856944753,0.189
2023-03-04,0.6392429460440356,0.188
2023-03-05,0.6351602904759074,0.191
2023-03-06,0.6313387506733031,0.194
2023-03-07,0.6262663649190462,0.189
2023-03-08,0.6861591928892469,0.194
2023-03-09,0.8632529280122876,0.288
2023-03-10,0.820311250464697,0.33
2023-03-11,1.122219133147994,0.514
2023-03-12,1.2206493290959135,2.285
2023-03-13,1.6466276343810842,2.151
2023-03-14,1.2348928902370095,1.421
2023-03-15,1.4845185451634508,1.101
2023-03-16,1.247115726738527,1.293
2023-03-17,1.0939431947187277,0.895
2023-03-18,1.0393545601043548,0.773
2023-03-19,1.0354322142008234,0.626
2023-03-20,1.3388075396849017,0.816
2023-03-21,1.4491378403830117,1.12
2023-03-22,1.5266375053046246,1.636
2023-03-23,1.1375252193415495,1.104
2023-03-24,1.1175525589540094,0.787
2023-03-25,1.0907881720349804,0.733
2023-03-26,0.9442928806695253,0.619
2023-03-27,0.8845318934608292,0.518
2023-03-28,0.9845162369830281,0.554
2023-03-29,1.2338648139385993,0.741
2023-03-30,1.609859541730155,1.23
2023-03-31,1.2281479118152916,1.518
2023-04-01,1.0212501235279028,0.798
2023-04-02,0.934245940386022,0.605
2023-04-03,0.8746352793310621,0.509
2023-04-04,0.8380786899826159,0.448
2023-04-05,1.1285883160891852,0.531
2023-04-06,0.8667036688000359,0.553
2023-04-07,0.8090487964715127,0.442
2023-04-08,0.7749255396333941,0.39
2023-04-09,0.9499103401348086,0.379
2023-04-10,0.9349609856978628,0.479
2023-04-11,1.0379416342702383,0.501
2023-04-12,1.3201713674581088,0.693
2023-04-13,1.0485926853887668,0.759
2023-04-14,1.4788653501696947,1.218
2023-04-15,1.0462202893460468,0.812
2023-04-16,0.9543424894426843,0.606
2023-04-17,0.8888964570210619,0.508
2023-04-18,0.8427400555622484,0.434
2023-04-19,0.8062516536226084,0.385
2023-04-20,0.8496156723287961,0.353
2023-04-21,0.8307390473557157,0.416
2023-04-22,0.8062334785906633,0.358
2023-04-23,0.8693946768200891,0.351
2023-04-24,0.7696420419840243,0.328
2023-04-25,0.7426796963150898,0.301
2023-04-26,0.7249858036152359,0.282
2023-04-27,0.8125372538951782,0.309
2023-04-28,0.7120526888863625,0.302
2023-04-29,0.6947516678824693,0.268
2023-04-30,0.6854970512074677,0.258
2023-05-01,0.6769218421730983,0.243
2023-05-02,0.6701428623122281,0.233
2023-05-03,0.6642204766074569,0.225
2023-05-04,0.677121746188453,0.228
2023-05-05,0.6936203219279385,0.254
2023-05-06,0.679811469745037,0.249
2023-05-07,0.6539328812658096,0.226
2023-05-08,0.7116558071883776,0.27
2023-05-09,0.65015512958655,0.263
2023-05-10,0.7536262807097057,0.323
2023-05-11,0.7089401252294526,0.986
2023-05-12,0.6426473705403578,0.494
2023-05-13,0.631917238112548,0.354
2023-05-14,0.6259312052253997,0.299
2023-05-15,0.6206070604103506,0.257
2023-05-16,0.6155472868336158,0.238
2023-05-17,0.6106704317997856,0.225
2023-05-18,0.6059290573788183,0.213
2023-05-19,0.602535762242727,0.212
2023-05-20,0.5967630134370796,0.199
2023-05-21,0.5921059967858087,0.189
2023-05-22,0.5875513316859932,0.182
2023-05-23,0.5830071775533157,0.178
2023-05-24,0.5784573440815797,0.174
2023-05-25,0.5738938784449868,0.171
2023-05-26,0.5693117076167846,0.168
2023-05-27,0.5647073489596124,0.168
2023-05-28,0.5600787044391698,0.165
2023-05-29,0.5554247345864123,0.165
2023-05-30,0.5510726691475305,0.167
2023-05-31,0.5460696002593851,0.173
2023-06-01,0.5413140034187233,0.169
2023-06-02,0.5365600981512691,0.16
2023-06-03,0.5317867261391043,0.156
2023-06-04,0.5269938519530969,0.152
2023-06-05,0.5221832232206854,0.151
2023-06-06,0.5173568104340781,0.159
2023-06-07,0.5125166513188211,0.157
2023-06-08,0.5076648125779513,0.152
2023-06-09,0.502803366534685,0.148
2023-06-10,0.4979390927873379,0.146
2023-06-11,0.4941202675836262,0.148
2023-06-12,0.49090499468944027,0.15
2023-06-13,0.48351602863507703,0.146
2023-06-14,0.47843981857859397,0.144
2023-06-15,0.4735473222291958,0.147
2023-06-16,0.4686730661562377,0.144
2023-06-17,0.5864923509651495,0.181
2023-06-18,0.6961908185940251,0.269
2023-06-19,0.48893429360880003,0.181
2023-06-20,0.540617844574855,0.247
2023-06-21,0.46476613200312383,0.174
2023-06-22,0.480948617260136,0.205
2023-06-23,0.4504834157681723,0.151
2023-06-24,0.441175492781813,0.142
2023-06-25,0.43438473701120994,0.132
2023-06-26,0.4281561352711043,0.137
2023-06-27,0.4224808942632112,0.145
2023-06-28,0.418758218514808,0.153
2023-06-29,0.4117266763513212,0.138
2023-06-30,0.40759418058803654,0.153
2023-07-01,0.4011230875994921,0.141
2023-07-02,0.39641517958435163,0.139
2023-07-03,0.39554870805391373,0.167
2023-07-04,0.3875759307535417,0.143
2023-07-05,0.3819159682016636,0.144
2023-07-06,0.37724016985241854,0.14
2023-07-07,0.37273948459249545,0.133
2023-07-08,0.5900729986392691,0.249
2023-07-09,0.47462742466534175,0.251
2023-07-10,0.42827297293096883,0.191
2023-07-11,0.4373104058169571,0.268
2023-07-12,0.3717984172809585,0.182
2023-07-13,0.36065367372650037,0.164
2023-07-14,0.5761464462504872,0.362
2023-07-15,0.5493913393242931,0.307
2023-07-16,0.3752748721212973,0.22
2023-07-17,0.35159971985109556,0.186
2023-07-18,0.3622092786308124,0.187
2023-07-19,0.3386144456615189,0.166
2023-07-20,0.33086773938850106,0.155
2023-07-21,0.4562831378663491,0.163
2023-07-22,0.5865361038203205,0.585
2023-07-23,0.6518005680012027,0.94
2023-07-24,0.592259350588822,0.626
2023-07-25,0.3897459378835427,0.302
2023-07-26,0.647790938118033,0.647
2023-07-27,0.5313003414407738,0.736
2023-07-28,0.3690548085383793,0.36
2023-07-29,0.34336507985160125,0.271
2023-07-30,0.4388214572383847,0.278
2023-07-31,0.3352533406992889,0.284
2023-08-01,0.554575426689936,0.324
2023-08-02,0.3708945227168199,0.839
2023-08-03,0.31508643337880043,0.384
2023-08-04,0.542799834524479,0.323
2023-08-05,0.5693335845334887,1.065
2023-08-06,0.3937706277511351,0.524
2023-08-07,0.35073410396840365,0.367
2023-08-08,0.3307850358550211,0.302
2023-08-09,0.3155484130398919,0.267
2023-08-10,0.302995611809713,0.243
2023-08-11,0.2930503633933972,0.224
2023-08-12,0.3325358856124419,0.27
2023-08-13,0.34747792258233823,0.241
2023-08-14,0.33665936666138796,0.3
2023-08-15,0.2770553452189276,0.252
2023-08-16,0.2663530054068853,0.224
2023-08-17,0.26035852076733185,0.211
2023-08-18,0.31133378613774837,0.234
2023-08-19,0.2582533439864431,0.21
2023-08-20,0.249747280750639,0.198
2023-08-21,0.24654847973870103,0.198
2023-08-22,0.24169144150890046,0.191
2023-08-23,0.23802713306037063,0.188
2023-08-24,0.23456073009311232,0.186
2023-08-25,0.2483992770482394,0.192
2023-08-26,0.2874547180710809,0.196
2023-08-27,0.23533239686861968,0.19
2023-08-28,0.22755625036974342,0.179
2023-08-29,0.224529895546094,0.18
2023-08-30,0.22095162395548124,0.175
2023-08-31,0.2192200024935975,0.174
2023-09-01,0.21506113413899564,0.172
2023-09-02,0.21226514265196333,0.163
2023-09-03,0.2096711952790494,0.161
2023-09-04,0.20716389719343703,0.157
2023-09-05,0.20472160351086968,0.152
2023-09-06,0.20233197628178892,0.209
2023-09-07,0.19998673148754287,0.179
2023-09-08,0.1976787605225744,0.145
2023-09-09,0.195418581782901,0.143
2023-09-10,0.1932515153971641,0.15
2023-09-11,0.4247791146711191,0.223
2023-09-12,0.42554971038380235,0.348
2023-09-13,0.2932894197078648,0.189
2023-09-14,0.2074164470551214,0.202
2023-09-15,0.1946684124315032,0.182
2023-09-16,0.18980511210207207,0.171
2023-09-17,0.27516130663517413,0.19
2023-09-18,0.24304888811535097,0.221
2023-09-19,0.40736591656936255,0.229
2023-09-20,0.36633678588576085,0.773
2023-09-21,0.21062149694974155,0.343
2023-09-22,0.19459870553117287,0.26
2023-09-23,0.23335596053815982,0.232
2023-09-24,0.1901936761354608,0.253
2023-09-25,0.18127616530947308,0.227
2023-09-26,0.17489089912609057,0.22
2023-09-27,0.17074172872820545,0.27
2023-09-28,0.24617362304589888,0.261
2023-09-29,0.17319086447218426,0.219
2023-09-30,0.3049747345155736,0.303
2023-10-01,0.29806875076972966,0.534
2023-10-02,0.2516543252100592,0.467
2023-10-03,0.1840577098695736,0.406
2023-10-04,0.1710022441224364,0.315
2023-10-05,0.19445223795572886,0.277
2023-10-06,0.16459387473439477,0.26
2023-10-07,0.15801184461158285,0.237
2023-10-08,0.1539342979578178,0.223
2023-10-09,0.15049401789895867,0.214
2023-10-10,0.14879268133081305,0.217
2023-10-11,0.22741211642110953,0.41
2023-10-12,0.3865079666820205,0.887
2023-10-13,0.5088030150552718,2.141
2023-10-14,0.3532096481513929,0.742
2023-10-15,0.20695620089909808,0.489
2023-10-16,0.1830521924365007,0.402
2023-10-17,0.17163908949283238,0.346
2023-10-18,0.7538832463318333,1.088
2023-10-19,1.4648026546969786,2.017
2023-10-20,2.6470429754593,9.499
2023-10-21,1.6122034645887218,1.998
2023-10-22,1.3407493567741322,0.907
2023-10-23,1.161174883308581,0.691
2023-10-24,1.0142161815205444,0.587
2023-10-25,1.0305015757718317,0.508
2023-10-26,0.9327865595911408,0.617
2023-10-27,0.7018529358511246,0.518
2023-10-28,1.2601033491945977,1.201
2023-10-29,0.8253877642326547,0.81
2023-10-30,1.1994147550057626,0.779
2023-10-31,1.146877115543262,1.074
2023-11-01,1.4440493610552143,1.445
2023-11-02,1.6390517391153039,2.913
2023-11-03,1.2313784818022582,1.209
2023-11-04,1.5455251004558455,1.929
2023-11-05,1.0296677851327731,1.052
2023-11-06,0.9621533562166483,0.742
2023-11-07,1.0619751488077414,0.656
2023-11-08,0.8513561262054058,0.737
2023-11-09,0.8487587245019269,0.603
2023-11-10,0.7061428984417416,0.541
2023-11-11,0.6333737159822942,0.478
2023-11-12,1.1306689925165245,0.533
2023-11-13,0.818390585309153,0.903
2023-11-14,0.7796244683218911,0.628
2023-11-15,0.6656042132694309,0.535
2023-11-16,0.6702490042089868,0.482
2023-11-17,1.2228144026155516,0.79
2023-11-18,0.8167590418346986,1.385
2023-11-19,0.9843453058214556,0.851
2023-11-20,0.7869623808984465,0.685
2023-11-21,0.7024338178276184,0.552
2023-11-22,0.652270247849777,0.489
2023-11-23,0.6707201075208836,0.444
2023-11-24,0.612083228199215,0.401
2023-11-25,0.5859355014385921,0.372
2023-11-26,1.1083084467660393,0.505
2023-11-27,0.9629983380716196,1.3
2023-11-28,0.7490183298457374,0.669
2023-11-29,0.6930085176182611,0.523
2023-11-30,0.6585517572516898,0.449
2023-12-01,0.6313045739717313,0.397
2023-12-02,0.7329252605736214,0.371
2023-12-03,1.4820488414506579,0.869
2023-12-04,1.8928324369419627,5.436
2023-12-05,1.4151987319757184,2.046
2023-12-06,1.4790370604818692,0.925
2023-12-07,1.9732308182700429,4.214
2023-12-08,2.020242980825605,1.27
2023-12-09,2.112502898018448,4.843
2023-12-10,1.9294771875530277,1.636
2023-12-11,1.7999424705663571,1.309
2023-12-12,1.6491582631646136,1.791
2023-12-13,1.309490152906023,0.931
2023-12-14,1.1914823869254532,0.755
2023-12-15,1.0772614479466092,0.647
2023-12-16,0.9978223695756744,0.581
2023-12-17,0.9481174830023745,0.523
2023-12-18,1.174792469102106,0.518
2023-12-19,1.0187342733510971,0.532
2023-12-20,1.1893388413247938,0.573
2023-12-21,1.4614287182656223,0.677
2023-12-22,1.5022709299191166,1.216
2023-12-23,1.6211394993594037,1.129
2023-12-24,1.3691885249601463,1.358
2023-12-25,1.2523566458395932,0.856
2023-12-26,1.9750986750530015,1.124
2023-12-27,1.810243039252074,3.808
2023-12-28,1.7844143505567547,2.292
2023-12-29,1.496455714715835,0.978
2023-12-30,1.9203264381192158,1.67
2023-12-31,1.9036757564867282,1.497
