date,simulation,observation
2000-01-01,93.79937933854144,5.06
2000-01-02,102.33136154474793,4.33
2000-01-03,101.39926797937188,4.76
2000-01-04,99.52185008358042,4.41
2000-01-05,97.55198671794177,3.99
2000-01-06,95.57521241105326,3.92
2000-01-07,93.75189195666061,3.68
2000-01-08,91.79368650534823,3.91
2000-01-09,89.94746872217394,3.36
2000-01-10,88.16340447538295,3.15
2000-01-11,86.38539277338381,3.14
2000-01-12,84.87221165686759,4.17
2000-01-13,83.1089587823099,5.0
2000-01-14,81.35449812857019,4.25
2000-01-15,79.69115532281711,4.04
2000-01-16,78.09145685915615,3.52
2000-01-17,76.52718338763228,3.28
2000-01-18,74.99511762494495,3.06
2000-01-19,73.49404190471829,2.9
2000-01-20,72.02364609979522,2.77
2000-01-21,70.63619114343163,2.67
2000-01-22,69.1785185508048,2.65
2000-01-23,67.78927492009707,2.57
2000-01-24,66.43236718050193,2.47
2000-01-25,65.10307689538172,2.36
2000-01-26,63.800622004010584,2.25
2000-01-27,62.52443092931289,2.15
2000-01-28,61.40362310758516,2.11
2000-01-29,60.254567951796645,4.15
2000-01-30,59.002855994136695,4.13
2000-01-31,57.7338194949721,5.28
2000-02-01,56.57760841552003,4.25
2000-02-02,55.407053759027505,3.61
2000-02-03,54.31282731819331,3.13
2000-02-04,53.20800193626535,3.1
2000-02-05,52.1399571314438,2.89
2000-02-06,51.123504721232464,2.73
2000-02-07,50.175822587700914,3.02
2000-02-08,49.15921834853101,2.99
2000-02-09,48.2875249627079,2.87
2000-02-10,47.192264695436755,5.8
2000-02-11,46.35868097273837,3.79
2000-02-12,45.32669731749999,5.0
2000-02-13,44.387417015111254,4.04
2000-02-14,43.67571099834877,6.18
2000-02-15,42.76338747799829,5.96
2000-02-16,42.059585929273105,6.34
2000-02-17,41.22929242614964,15.2
2000-02-18,40.42580015532257,15.4
2000-02-19,39.39697775396188,7.7
2000-02-20,38.742144969418625,5.67
2000-02-21,37.82635107570086,6.53
2000-02-22,37.04535511423434,4.61
2000-02-23,36.30789247153631,4.1
2000-02-24,35.59781346898483,3.91
2000-02-25,34.855819678120625,3.7
2000-02-26,34.15093351631085,3.28
2000-02-27,33.75093237220392,16.6
2000-02-28,33.08002316800939,10.3
2000-02-29,32.422196527010115,7.68
2000-03-01,31.747000383474575,6.04
2000-03-02,31.27113130164917,17.3
2000-03-03,30.58693159053197,12.7
2000-03-04,29.756823306706416,6.6
2000-03-05,29.121287670033773,5.27
2000-03-06,28.529481412076997,4.49
2000-03-07,28.26025750471327,8.75
2000-03-08,27.481551122065582,7.65
2000-03-09,26.911748142062052,4.96
2000-03-10,26.362949992916057,4.58
2000-03-11,25.79312571721664,4.18
2000-03-12,25.269159856975953,3.6
2000-03-13,25.00854660381521,3.3
2000-03-14,24.362783150538302,3.83
2000-03-15,23.844442926751206,3.26
2000-03-16,23.350714447287377,3.0
2000-03-17,22.873109529954593,2.84
2000-03-18,22.40778013828127,2.7
2000-03-19,21.95377578780615,2.59
2000-03-20,21.510486926292618,2.49
2000-03-21,21.07733186124063,2.39
2000-03-22,20.653888019040647,2.29
2000-03-23,20.39645812690594,2.29
2000-03-24,19.86583028827852,2.44
2000-03-25,19.45236358663479,2.34
2000-03-26,19.061040723866125,2.19
2000-03-27,18.698162742355763,2.09
2000-03-28,18.308244620178378,1.95
2000-03-29,17.939772066700034,1.83
2000-03-30,17.580766066159335,1.76
2000-03-31,17.229513399416003,1.7
2000-04-01,16.91452803494777,1.66
2000-04-02,16.695585289195623,1.72
2000-04-03,16.288377870529818,2.15
2000-04-04,15.916043401227402,2.04
2000-04-05,15.591230673598437,1.85
2000-04-06,15.278189072604084,1.72
2000-04-07,14.972428555061075,1.65
2000-04-08,14.673953642063191,1.58
2000-04-09,14.380379251802102,1.54
2000-04-10,14.139985144082527,1.5
2000-04-11,13.971156030866124,1.64
2000-04-12,13.9706158333661,4.36
2000-04-13,13.81500948821141,5.75
2000-04-14,13.248573152474815,3.93
2000-04-15,12.922796230324863,2.99
2000-04-16,13.101036032537243,2.65
2000-04-17,13.113011677056054,5.32
2000-04-18,13.591824376086088,13.0
2000-04-19,13.297803080972571,8.69
2000-04-20,12.513630034593417,7.4
2000-04-21,13.127581292822608,5.42
2000-04-22,12.603515374296476,12.5
2000-04-23,11.91340894853871,6.86
2000-04-24,12.134135086703365,5.82
2000-04-25,11.643462393059208,7.32
2000-04-26,11.991432060758338,11.6
2000-04-27,11.117027003738707,7.79
2000-04-28,10.85438105685259,5.46
2000-04-29,10.43560142797778,4.73
2000-04-30,10.11577734433395,4.06
2000-05-01,9.83438423857587,3.61
2000-05-02,9.576289967904822,3.3
2000-05-03,9.339063140604702,3.07
2000-05-04,9.118623616128975,2.9
2000-05-05,8.912067622050508,2.75
2000-05-06,8.717146887871094,2.6
2000-05-07,8.53208203947703,2.43
2000-05-08,8.355407603640359,2.29
2000-05-09,8.186012517020838,2.21
2000-05-10,8.022880069393347,2.14
2000-05-11,7.86531726612477,1.89
2000-05-12,7.712690089058932,1.78
2000-05-13,7.564493087097244,1.71
2000-05-14,7.420316665856564,1.64
2000-05-15,7.279857010672914,1.58
2000-05-16,7.143753105981952,1.53
2000-05-17,7.213797474619291,1.58
2000-05-18,7.108290243318748,2.68
2000-05-19,6.983198745231181,5.02
2000-05-20,6.805619063459487,2.9
2000-05-21,6.551884309047402,2.99
2000-05-22,6.4556479276757655,2.43
2000-05-23,6.657867869837619,5.61
2000-05-24,6.284099093299703,3.62
2000-05-25,6.340213435400227,2.77
2000-05-26,7.132375136518442,5.2
2000-05-27,6.883497333424574,6.93
2000-05-28,6.601320747816887,4.7
2000-05-29,6.228422355605156,4.06
2000-05-30,5.984986947616918,3.18
2000-05-31,6.150189829578489,2.79
2000-06-01,5.790033963355338,2.9
2000-06-02,6.276607094221464,3.79
2000-06-03,6.6643686788657615,12.0
2000-06-04,5.888761953380523,8.0
2000-06-05,5.613643012507284,4.61
2000-06-06,5.546272745071003,3.86
2000-06-07,5.298465335880017,3.29
2000-06-08,5.119023094969484,2.91
2000-06-09,4.962730739527081,2.7
2000-06-10,4.8248465789321155,2.52
2000-06-11,4.702878763330248,2.31
2000-06-12,4.591755036226689,2.12
2000-06-13,4.513233372518798,1.96
2000-06-14,4.438080148505692,2.04
2000-06-15,4.311543330421102,2.01
2000-06-16,4.221987661370136,1.81
2000-06-17,4.140215245395451,1.69
2000-06-18,4.062432197104516,1.6
2000-06-19,3.98778118607015,1.52
2000-06-20,3.916154046370912,1.45
2000-06-21,3.8472845247728773,1.42
2000-06-22,3.9689383509906917,1.47
2000-06-23,3.739363865692775,1.51
2000-06-24,3.6559292604131435,1.43
2000-06-25,3.590340520861404,1.39
2000-06-26,3.5278244430579986,1.33
2000-06-27,3.46732253533713,1.27
2000-06-28,3.4083116393308037,1.23
2000-06-29,3.3503713481093977,1.2
2000-06-30,3.2942135603928504,1.19
2000-07-01,3.2825621665993197,1.19
2000-07-02,3.3964302379020275,1.53
2000-07-03,3.2539810833722265,1.76
2000-07-04,3.0973125372760957,1.48
2000-07-05,3.166042972855719,1.42
2000-07-06,2.9978316635224878,1.71
2000-07-07,2.943124418058941,1.42
2000-07-08,2.940167191801827,1.38
2000-07-09,2.8611235598683167,1.6
2000-07-10,2.791848095212044,1.71
2000-07-11,2.740217543175705,1.52
2000-07-12,2.6936395961525816,1.28
2000-07-13,2.6476051780969274,1.24
2000-07-14,2.601780488628614,1.23
2000-07-15,2.557055270489187,1.18
2000-07-16,2.5135428318913493,1.09
2000-07-17,2.4708785581383443,1.02
2000-07-18,2.428986003545087,0.975
2000-07-19,2.3878396828948447,0.939
2000-07-20,2.347413391630356,0.904
2000-07-21,2.3076854035985592,0.889
2000-07-22,2.2686368051607118,0.877
2000-07-23,2.2302509232829997,0.856
2000-07-24,2.192510131415559,0.855
2000-07-25,2.1554062703049603,0.848
2000-07-26,2.118982293450308,0.829
2000-07-27,2.1324846760159857,0.832
2000-07-28,2.0988836766990997,0.876
2000-07-29,2.022822564559589,0.842
2000-07-30,1.9833270070338784,0.804
2000-07-31,1.990063166071724,0.816
2000-08-01,1.9213538670961365,0.8
2000-08-02,1.8992210038694022,0.779
2000-08-03,1.8545796215531567,0.772
2000-08-04,1.8203941177381944,0.762
2000-08-05,1.7889183880698312,0.748
2000-08-06,1.758019126611414,0.726
2000-08-07,1.7281623395971375,0.722
2000-08-08,1.698241497880235,0.725
2000-08-09,1.6951784207259324,0.725
2000-08-10,1.644627348836493,0.756
2000-08-11,1.6137589708624034,0.737
2000-08-12,1.5856808032557923,0.713
2000-08-13,1.6344228536105152,0.713
2000-08-14,1.5429338732584956,0.755
2000-08-15,1.509346461042268,0.743
2000-08-16,1.4818329062757105,0.739
2000-08-17,1.4560514210938462,0.728
2000-08-18,1.4686710027880838,0.725
2000-08-19,1.4118431009325425,0.734
2000-08-20,1.3835416459512098,0.714
2000-08-21,1.4026329023922102,0.751
2000-08-22,1.3417986870903924,0.782
2000-08-23,1.3142163065661172,0.718
2000-08-24,1.290769133995548,0.697
2000-08-25,1.341453011901435,0.679
2000-08-26,1.3635978220983627,0.926
2000-08-27,1.2431153120931848,1.04
2000-08-28,1.209786248680916,0.888
2000-08-29,1.186498630710573,0.809
2000-08-30,1.1652245720736043,0.774
2000-08-31,1.2921472227794941,0.803
2000-09-01,1.193425879547193,1.01
2000-09-02,1.1172322071389917,1.04
2000-09-03,1.09079239937686,0.872
2000-09-04,1.0762823760078786,0.79
2000-09-05,1.1451221034667116,0.844
2000-09-06,1.04678067709089,0.926
2000-09-07,1.0203924984271817,0.874
2000-09-08,0.9993096917125287,0.868
2000-09-09,0.9811719925355555,0.809
2000-09-10,0.9636127030292829,0.77
2000-09-11,0.946587743536578,0.698
2000-09-12,0.9301116701257542,0.675
2000-09-13,0.9190826460105941,0.667
2000-09-14,1.0508992002897906,0.767
2000-09-15,0.9225679188487927,1.23
2000-09-16,0.8760311587867174,1.13
2000-09-17,1.0599260006137143,0.963
2000-09-18,0.9801167719591518,3.02
2000-09-19,1.0716905720832532,3.17
2000-09-20,0.9250330263375605,3.81
2000-09-21,0.9517683346723236,2.5
2000-09-22,0.860781481185999,3.07
2000-09-23,0.8009259244558092,2.57
2000-09-24,1.0030058094558945,8.17
2000-09-25,1.0597505443650161,12.1
2000-09-26,1.1291836822643326,10.5
2000-09-27,1.8052004979443093,11.6
2000-09-28,1.519023269693418,8.21
2000-09-29,1.4397941916019388,5.11
2000-09-30,1.1412253302204212,4.0
2000-10-01,1.5607794623259583,3.37
2000-10-02,1.769165316307024,11.5
2000-10-03,1.3225494864853256,4.98
2000-10-04,1.3561596959582234,3.67
2000-10-05,1.5198049597208572,4.11
2000-10-06,1.9425312860222035,3.31
2000-10-07,2.049875855963645,11.3
2000-10-08,1.51781399191698,5.79
2000-10-09,3.1240345684278603,17.2
2000-10-10,3.890819475514343,20.0
2000-10-11,2.885576634391127,13.7
2000-10-12,2.570725400690533,6.71
2000-10-13,2.0859562271277556,4.86
2000-10-14,2.3290370901094497,4.66
2000-10-15,1.800595919463619,4.93
2000-10-16,1.9594138523716733,4.52
2000-10-17,2.3598770166325265,5.52
2000-10-18,1.7506322786103363,6.09
2000-10-19,1.5236601796487832,4.04
2000-10-20,1.871694454332481,3.52
2000-10-21,1.479032077012936,3.92
2000-10-22,1.5031723667580998,3.25
2000-10-23,1.4534494817900239,3.25
2000-10-24,1.6621255772814196,3.17
2000-10-25,1.5444322006044475,3.86
2000-10-26,2.0366637440701747,3.27
2000-10-27,1.7447271522516385,8.0
2000-10-28,2.752075423730432,13.7
2000-10-29,5.332838385568829,28.0
2000-10-30,4.319585740448598,33.8
2000-10-31,3.908998465637233,16.0
2000-11-01,3.318141755374196,8.63
2000-11-02,3.707630504766555,10.7
2000-11-03,3.585438057972516,8.13
2000-11-04,3.0527549817164052,9.21
2000-11-05,7.670978304077323,39.9
2000-11-06,6.287730921365362,39.2
2000-11-07,5.875988032637189,23.9
2000-11-08,4.737992689127077,13.2
2000-11-09,4.523018657556714,12.3
2000-11-10,4.424457489957791,9.92
2000-11-11,4.0263054717251645,11.7
2000-11-12,3.4610229103839973,7.81
2000-11-13,3.094318002861292,6.22
2000-11-14,2.838684936976982,5.32
2000-11-15,3.3908882907564886,5.75
2000-11-16,3.845143260223232,8.72
2000-11-17,3.92433047802677,18.2
2000-11-18,3.8322914988097168,9.23
2000-11-19,3.7398211003172603,9.73
2000-11-20,3.1347126014021747,8.44
2000-11-21,4.7958860933437935,13.8
2000-11-22,3.927406135050786,13.1
2000-11-23,3.8456851852535308,8.08
2000-11-24,3.5708619461471973,7.26
2000-11-25,4.7819594257950655,10.2
2000-11-26,3.837326673252261,16.1
2000-11-27,4.499706516311924,12.1
2000-11-28,3.60275154561369,10.3
2000-11-29,3.2323630915936317,6.59
2000-11-30,3.3816300474611403,5.41
2000-12-01,3.35055763054724,6.36
2000-12-02,2.9713850448406527,5.18
2000-12-03,3.53597043064063,4.51
2000-12-04,3.5217343810111688,8.53
2000-12-05,5.039867691085043,29.0
2000-12-06,4.197503784919733,14.1
2000-12-07,5.792442811846518,19.5
2000-12-08,4.963322715281373,17.5
2000-12-09,4.834652486783458,8.39
2000-12-10,5.184149743422839,11.6
2000-12-11,5.011305408796804,15.3
2000-12-12,5.180697800042843,14.8
2000-12-13,4.986571752218049,12.1
2000-12-14,4.722100483786916,11.2
2000-12-15,4.047398389387692,7.48
2000-12-16,3.8838920588698778,6.02
2000-12-17,3.5835863496963585,5.16
2000-12-18,3.3939410146617877,5.18
2000-12-19,4.231867168899831,6.99
2000-12-20,3.576522338786397,6.29
2000-12-21,3.372923306194716,5.28
2000-12-22,3.233330889912717,4.88
2000-12-23,3.73166176020946,4.59
2000-12-24,3.87464267266348,6.95
2000-12-25,3.434156377635188,5.39
2000-12-26,3.2768134486376677,4.58
2000-12-27,3.7527486974285735,4.15
2000-12-28,3.3609306875595326,3.83
2000-12-29,3.22421454366744,3.56
2000-12-30,3.1427832262662916,3.35
2000-12-31,4.303875059348628,3.4
2001-01-01,4.293109426017189,17.0
2001-01-02,4.7619989498782616,18.9
2001-01-03,4.371300748021101,10.7
2001-01-04,3.88564511434368,7.81
2001-01-05,3.664823791146451,5.9
2001-01-06,3.6418626505938474,4.99
2001-01-07,4.134605188840725,5.13
2001-01-08,4.01761725198923,8.31
2001-01-09,3.634461705507327,5.56
2001-01-10,3.4814716128800742,4.76
2001-01-11,3.358847127655784,4.18
2001-01-12,3.2696454184830017,3.82
2001-01-13,3.198780779481281,3.55
2001-01-14,3.1420175377678445,3.31
2001-01-15,3.0946344194491515,3.17
2001-01-16,3.0556637215052533,3.01
2001-01-17,3.0231374008244383,2.87
2001-01-18,2.9961340505633074,2.74
2001-01-19,2.9727870164214947,2.62
2001-01-20,3.0014360980594277,2.51
2001-01-21,3.3000740981174546,2.45
2001-01-22,3.919402729279799,5.66
2001-01-23,4.753472469802317,12.9
2001-01-24,4.068336669122757,8.0
2001-01-25,3.7849915592738195,5.05
2001-01-26,3.6490912564363156,4.3
2001-01-27,3.4441907056828036,3.87
2001-01-28,3.3195458472762644,3.43
2001-01-29,3.2399074345604175,3.17
2001-01-30,3.4455260711245863,3.12
2001-01-31,3.2053055966608595,3.26
2001-02-01,3.8627686024602697,3.59
2001-02-02,4.568094881385998,7.78
2001-02-03,4.694584421641743,12.0
2001-02-04,4.990587531993196,16.9
2001-02-05,5.214770950943111,14.9
2001-02-06,4.448535862801738,9.61
2001-02-07,4.150831428639119,6.71
2001-02-08,3.819026897542097,5.37
2001-02-09,3.633528179031891,4.46
2001-02-10,4.534819760461429,4.47
2001-02-11,5.675223171864279,15.0
2001-02-12,4.641009965723656,16.2
2001-02-13,4.065824469810913,5.29
2001-02-14,3.7882919991974378,4.43
2001-02-15,3.599541561178101,3.84
2001-02-16,3.4394878552913806,3.42
2001-02-17,3.3125247620797666,3.58
2001-02-18,3.2112387735773638,3.51
2001-02-19,3.147705285975015,3.32
2001-02-20,3.0823437879222,3.19
2001-02-21,3.1489925906289824,3.11
2001-02-22,3.3987689140874964,3.15
2001-02-23,3.243927727595741,3.27
2001-02-24,3.3093309907345327,3.01
2001-02-25,3.123463914675998,2.85
2001-02-26,3.838864460489303,3.47
2001-02-27,3.8100608082089624,4.2
2001-02-28,3.3951674806617054,3.91
2001-03-01,3.246220031527879,3.47
2001-03-02,3.1189161996783246,3.18
2001-03-03,3.029426549520852,3.0
2001-03-04,2.960212833699352,2.83
2001-03-05,2.90121309298336,2.71
2001-03-06,3.9154204758221236,6.76
2001-03-07,3.424311563564029,7.7
2001-03-08,3.2499236349502745,4.51
2001-03-09,3.4921549580950866,3.91
2001-03-10,3.332679833782232,4.72
2001-03-11,3.215571625674986,4.22
2001-03-12,3.4221708109695506,4.05
2001-03-13,3.126540072874216,4.02
2001-03-14,2.9965148822180288,3.49
2001-03-15,2.9360829009508596,3.22
2001-03-16,3.0141553804538894,3.07
2001-03-17,2.884054638451068,3.0
2001-03-18,2.8080887874230873,2.95
2001-03-19,2.7310189735714183,2.82
2001-03-20,2.873547733643341,2.7
2001-03-21,3.2309158072983992,2.66
2001-03-22,3.40338395029723,5.7
2001-03-23,3.0009601563058252,6.35
2001-03-24,2.866092922211983,4.47
2001-03-25,2.847709727975684,3.81
2001-03-26,2.7462276485741524,3.47
2001-03-27,3.563909630081562,7.3
2001-03-28,3.062388088931183,8.22
2001-03-29,3.305241421271784,5.27
2001-03-30,2.9784340692310525,5.6
2001-03-31,2.854669028522744,4.46
2001-04-01,2.7216388912271143,3.92
2001-04-02,2.8786429406369156,3.65
2001-04-03,3.80988487192137,4.74
2001-04-04,3.399344342826769,10.2
2001-04-05,4.64701506115401,18.1
2001-04-06,4.768261893146305,16.1
2001-04-07,4.4106624836500625,11.2
2001-04-08,4.188052799343301,7.61
2001-04-09,4.169219414281669,7.25
2001-04-10,3.6041109452035287,7.47
2001-04-11,3.2996426527088754,5.16
2001-04-12,3.1052688127611456,4.48
2001-04-13,2.9521584749306147,4.01
2001-04-14,3.679674177045673,6.0
2001-04-15,3.4263672033956647,7.06
2001-04-16,3.0440378770094045,5.01
2001-04-17,3.420533961280862,6.46
2001-04-18,3.012651535119398,5.53
2001-04-19,2.8787878092844736,4.36
2001-04-20,2.7309000284634712,3.85
2001-04-21,2.640638696725288,3.47
2001-04-22,3.444937564538701,5.51
2001-04-23,2.9229903108291224,5.76
2001-04-24,3.7237755412504305,8.68
2001-04-25,3.4110746581283826,6.35
2001-04-26,3.036260658776847,5.03
2001-04-27,3.8711159352072255,6.92
2001-04-28,3.8749984134159314,9.12
2001-04-29,3.256772051761655,8.12
2001-04-30,3.0186824384584,5.0
2001-05-01,2.862381285312308,4.48
2001-05-02,2.7454808741366965,4.07
2001-05-03,2.6476670000898292,3.76
2001-05-04,2.574780666500685,3.53
2001-05-05,2.496198653893721,3.33
2001-05-06,2.4397825231205745,3.17
2001-05-07,2.3936220541783744,3.02
2001-05-08,2.3547886666286617,2.88
2001-05-09,2.41607380930529,2.75
2001-05-10,2.3076563932177208,2.71
2001-05-11,2.272216839525975,2.57
2001-05-12,2.247505269187396,2.45
2001-05-13,2.4280506321530715,2.39
2001-05-14,3.125994938472456,6.87
2001-05-15,2.98926401378988,5.76
2001-05-16,3.5436133869187736,4.47
2001-05-17,4.165314070626093,10.1
2001-05-18,3.2976491747096826,5.86
2001-05-19,2.9796762261693983,4.17
2001-05-20,2.7963395007207406,3.55
2001-05-21,2.657386351064836,3.24
2001-05-22,2.545489782495484,3.02
2001-05-23,2.45415026177903,2.84
2001-05-24,2.379051349950673,2.65
2001-05-25,2.3168467857360198,2.49
2001-05-26,2.2656720658187393,2.35
2001-05-27,2.221733886266321,2.27
2001-05-28,2.1836928541183434,2.18
2001-05-29,2.1511916553183092,2.07
2001-05-30,2.1230835994128374,1.99
2001-05-31,2.098062279110178,1.92
2001-06-01,2.136011898012732,1.65
2001-06-02,2.0783692561817713,1.74
2001-06-03,2.040175822112375,1.67
2001-06-04,2.019146704461666,1.55
2001-06-05,2.0010190275292663,1.48
2001-06-06,2.0592090467896567,1.45
2001-06-07,1.9789492676012557,1.48
2001-06-08,1.954191066963025,1.41
2001-06-09,1.937236581317325,1.35
2001-06-10,1.9203587455263713,1.31
2001-06-11,1.9043193201470054,1.27
2001-06-12,1.888492213880323,1.22
2001-06-13,1.8727620368649929,1.2
2001-06-14,1.8586658296635412,1.18
2001-06-15,2.0422398479758708,1.25
2001-06-16,1.8531839783109307,1.3
2001-06-17,1.817049539997749,1.2
2001-06-18,1.798484444117818,1.14
2001-06-19,1.7826419908292566,1.11
2001-06-20,1.7653627821933593,1.09
2001-06-21,1.7489707686780807,1.05
2001-06-22,1.7327227555578648,1.03
2001-06-23,1.7165194490893494,1.0
2001-06-24,1.7003387382552515,0.971
2001-06-25,1.684183791459224,0.913
2001-06-26,1.668016046986267,0.893
2001-06-27,1.6519307223129989,0.869
2001-06-28,1.6364357772766485,0.867
2001-06-29,1.6392808993862806,0.906
2001-06-30,1.6072687093515452,0.909
2001-07-01,1.589042467111775,0.874
2001-07-02,1.5724641440958176,0.853
2001-07-03,1.5561353922259273,0.837
2001-07-04,1.5398942104420577,0.802
2001-07-05,1.5237150308629643,0.792
2001-07-06,1.5078545119154045,0.795
2001-07-07,1.4925122193592064,0.81
2001-07-08,1.4757415863010266,0.819
2001-07-09,1.4596241369378262,0.81
2001-07-10,1.6209173265691494,0.863
2001-07-11,1.4664857541075977,0.975
2001-07-12,1.4336180564969911,0.923
2001-07-13,1.4049051445787204,0.89
2001-07-14,1.3862819968126256,0.835
2001-07-15,1.3694516930266214,0.797
2001-07-16,1.3531786674404913,0.78
2001-07-17,1.5600255747353495,1.03
2001-07-18,1.5539724092295377,2.57
2001-07-19,1.5145739543644876,1.77
2001-07-20,1.3437471215341752,1.31
2001-07-21,1.2933529667081494,1.21
2001-07-22,1.2711008468706277,1.09
2001-07-23,1.2536763408251466,0.982
2001-07-24,1.237267076458193,0.922
2001-07-25,1.2212960347656392,0.886
2001-07-26,1.205715836702202,0.856
2001-07-27,1.190448834373057,0.821
2001-07-28,1.1754534546502269,0.794
2001-07-29,1.1606956243685542,0.768
2001-07-30,1.1462762582303858,0.743
2001-07-31,1.1318071666235898,0.724
2001-08-01,1.1176117787569806,0.724
2001-08-02,1.1108475794964516,0.724
2001-08-03,1.0925413135634494,0.731
2001-08-04,1.1507341508315536,0.741
2001-08-05,1.2783033815532385,0.728
2001-08-06,1.2806386438349135,1.37
2001-08-07,1.2814657611658746,3.64
2001-08-08,1.262565375725666,5.29
2001-08-09,1.0564313961075738,2.52
2001-08-10,1.0184030969615945,1.89
2001-08-11,1.0377658563556273,1.55
2001-08-12,1.0719841250533177,1.9
2001-08-13,0.9916624297287749,2.25
2001-08-14,0.968006100489488,1.77
2001-08-15,1.1600855003349249,2.22
2001-08-16,1.0685312213586506,4.11
2001-08-17,0.9426397226498666,2.4
2001-08-18,1.0652981689993966,2.03
2001-08-19,0.9335743896055274,2.71
2001-08-20,0.8996338214219056,2.49
2001-08-21,0.8832496584769054,2.01
2001-08-22,0.8678524208003857,1.74
2001-08-23,0.854110209276346,1.54
2001-08-24,0.841981826461744,1.45
2001-08-25,0.828559463373494,1.39
2001-08-26,0.8163405932306956,1.32
2001-08-27,0.8045802341493687,1.25
2001-08-28,0.793142962399406,1.21
2001-08-29,0.7819805233516561,1.18
2001-08-30,0.7718209483515747,0.955
2001-08-31,0.7607643813947268,0.916
2001-09-01,0.7506777292543795,0.888
2001-09-02,0.7402880528122076,0.879
2001-09-03,0.7300565962630547,0.863
2001-09-04,0.7193959380123799,0.841
2001-09-05,0.9114650033882342,1.01
2001-09-06,0.7268514518618896,1.45
2001-09-07,0.8092998708285097,1.15
2001-09-08,0.6998481616332001,1.49
2001-09-09,0.6782253060930755,1.18
2001-09-10,0.6666770218536253,1.03
2001-09-11,0.6565265736079624,0.949
2001-09-12,0.8419587879111314,1.18
2001-09-13,0.8065645934014507,2.0
2001-09-14,0.7229566429850559,2.18
2001-09-15,0.8170697640674885,5.14
2001-09-16,0.659441196356912,3.74
2001-09-17,0.6237468128949355,2.48
2001-09-18,0.6091780562580941,2.07
2001-09-19,0.6171877435189683,1.83
2001-09-20,0.5899697028173935,1.69
2001-09-21,0.5778891484966756,1.5
2001-09-22,0.5679624619909364,1.37
2001-09-23,0.6354413606879694,1.27
2001-09-24,0.7622918860115888,1.91
2001-09-25,0.574661852697355,5.26
2001-09-26,0.619205486110397,2.56
2001-09-27,0.7370400122340133,6.08
2001-09-28,0.5664104202425002,3.9
2001-09-29,0.5592273065124043,2.73
2001-09-30,0.7593728050698199,5.17
2001-10-01,0.6591974491011576,5.3
2001-10-02,0.5678953899763194,3.83
2001-10-03,0.5468472932581804,3.02
2001-10-04,0.7596888527874414,2.68
2001-10-05,1.1379673964774644,5.04
2001-10-06,0.9470890810040113,5.44
2001-10-07,1.8966412169950888,14.1
2001-10-08,2.2058796375266363,11.7
2001-10-09,1.8929044548670784,18.0
2001-10-10,1.9341940010381613,9.57
2001-10-11,1.3935321649639665,6.33
2001-10-12,1.1840858061171993,4.62
2001-10-13,1.053250182468309,3.85
2001-10-14,1.052407907467264,3.43
2001-10-15,1.2809239492005082,3.41
2001-10-16,0.9826393818553874,3.07
2001-10-17,1.299209734338277,2.78
2001-10-18,0.9854310604460774,3.08
2001-10-19,1.5218428915758482,3.28
2001-10-20,1.1658975049308258,5.17
2001-10-21,1.999715528742153,8.52
2001-10-22,2.1531911635353587,6.69
2001-10-23,1.737336067303669,7.07
2001-10-24,1.376580820766379,5.1
2001-10-25,2.422594453917773,8.49
2001-10-26,3.0776044482435747,23.8
2001-10-27,2.197307700979335,7.83
2001-10-28,1.7087209119276732,5.42
2001-10-29,1.4784005785960892,4.44
2001-10-30,1.716283380031638,3.93
2001-10-31,1.3763311351375402,4.42
2001-11-01,1.2114011576426582,3.59
2001-11-02,1.1045896969015134,3.2
2001-11-03,1.0466416070367535,2.97
2001-11-04,1.027317030926277,2.83
2001-11-05,1.0551409555320714,2.69
2001-11-06,1.1572691907879245,2.62
2001-11-07,1.8535352522803432,3.89
2001-11-08,1.3002571624840036,4.89
2001-11-09,1.1465186872796702,3.15
2001-11-10,1.0797884318513542,2.8
2001-11-11,1.2723554162530377,2.68
2001-11-12,1.265013260263524,2.96
2001-11-13,1.0973087896442992,2.84
2001-11-14,1.0209425780020795,2.56
2001-11-15,0.9733457975603154,2.42
2001-11-16,0.937684117501061,2.32
2001-11-17,0.9098443939839024,2.25
2001-11-18,0.8882504714103188,2.15
2001-11-19,0.8715162100363256,2.05
2001-11-20,0.8650521215434079,1.95
2001-11-21,1.2200585106036803,1.94
2001-11-22,0.9773248945735172,2.25
2001-11-23,0.9436761847716375,2.14
2001-11-24,1.0738881630494026,2.06
2001-11-25,1.3690281364163575,2.31
2001-11-26,1.1032353902354581,2.52
2001-11-27,1.674925416850472,2.85
2001-11-28,1.9646826081119189,3.69
2001-11-29,2.126821126249873,7.64
2001-11-30,2.1194053885655775,8.17
2001-12-01,1.9183882718764158,8.05
2001-12-02,1.588443865615731,5.05
2001-12-03,2.2601937024645156,4.4
2001-12-04,2.213100332565213,7.23
2001-12-05,1.8863213863712587,7.74
2001-12-06,1.6309730690794408,4.78
2001-12-07,1.4681292109385469,4.04
2001-12-08,1.359167661558959,3.57
2001-12-09,1.2755939404491945,3.2
2001-12-10,1.2090593193819787,3.0
2001-12-11,1.1565804511431126,2.79
2001-12-12,1.1152536014063894,2.64
2001-12-13,1.0834812407498169,2.52
2001-12-14,1.0570608548131788,2.39
2001-12-15,1.0452374408998228,2.28
2001-12-16,1.0212115972541609,2.2
2001-12-17,1.0169027619304498,2.1
2001-12-18,1.0032527030377363,2.03
2001-12-19,1.0289185699845795,1.97
2001-12-20,1.1559049056000164,1.91
2001-12-21,1.7315524326585987,3.74
2001-12-22,1.2990161402251525,2.85
2001-12-23,1.7227595869263272,2.37
2001-12-24,1.9810839007592003,6.92
2001-12-25,1.530163662204442,5.54
2001-12-26,1.8364838776295223,3.46
2001-12-27,2.0996316903105625,7.29
2001-12-28,1.7604244398397546,6.84
2001-12-29,2.088814418604568,4.24
2001-12-30,1.6632805805905049,3.43
2001-12-31,1.5082185922985634,2.88
2002-01-01,1.4073355208084832,2.61
2002-01-02,1.3292179728759972,2.44
2002-01-03,1.2673822443102378,2.39
2002-01-04,1.2326252235953672,2.26
2002-01-05,1.6535932637280772,3.61
2002-01-06,1.358817088486627,3.84
2002-01-07,1.3183373269616603,3.5
2002-01-08,1.2445488523055388,3.17
2002-01-09,1.2439357667908697,2.87
2002-01-10,1.2248077867826377,2.72
2002-01-11,1.2464804294424627,2.6
2002-01-12,1.1758365849395978,2.53
2002-01-13,1.284927116818537,2.49
2002-01-14,1.2575973838015813,2.49
2002-01-15,1.229207259883756,2.41
2002-01-16,1.1737685609389277,2.32
2002-01-17,1.2320078093963267,2.26
2002-01-18,1.366823335722069,2.24
2002-01-19,1.2261489662392497,2.26
2002-01-20,1.2421597364671912,2.22
2002-01-21,1.279102367192278,2.19
2002-01-22,1.6975290259308966,2.15
2002-01-23,2.1404553353663545,3.73
2002-01-24,1.6535467615851593,5.62
2002-01-25,3.1632677593921295,7.71
2002-01-26,2.727762807055595,15.1
2002-01-27,2.829965672978183,7.64
2002-01-28,2.423002296584461,5.95
2002-01-29,2.0138840424544373,4.65
2002-01-30,2.5437117909457783,5.0
2002-01-31,2.62410939917181,6.15
2002-02-01,3.0501833307294652,11.6
2002-02-02,2.9205315781430645,9.38
2002-02-03,2.308074071604848,7.12
2002-02-04,3.6070586317365896,13.7
2002-02-05,3.397797423595163,11.2
2002-02-06,2.830045438360613,7.75
2002-02-07,2.968959486843497,9.29
2002-02-08,3.0873097359525046,9.18
2002-02-09,2.8390726913850424,6.96
2002-02-10,3.94271017957858,13.3
2002-02-11,3.0958335790920395,13.2
2002-02-12,2.643739062633188,6.52
2002-02-13,2.5751534657324537,5.45
2002-02-14,2.239678895821507,4.67
2002-02-15,2.0541857232458702,4.12
2002-02-16,1.9172076675354024,3.75
2002-02-17,1.9470800974697882,3.46
2002-02-18,2.1703101890012544,3.26
2002-02-19,4.965132314418018,22.7
2002-02-20,3.7857477748683257,13.0
2002-02-21,4.721026094806859,15.3
2002-02-22,4.522713819130982,16.6
2002-02-23,4.089685423690107,10.6
2002-02-24,4.871206293787887,16.3
2002-02-25,5.90502778641668,35.0
2002-02-26,4.605297377433501,18.8
2002-02-27,3.966637846063925,8.46
2002-02-28,3.6373633213129453,6.37
2002-03-01,3.2741835174337193,5.3
2002-03-02,3.1126153142136195,4.73
2002-03-03,2.7135347008881916,4.39
2002-03-04,2.5251514383929368,3.97
2002-03-05,2.510304506129093,3.64
2002-03-06,2.3409809492064735,3.42
2002-03-07,2.236378579223912,3.16
2002-03-08,2.2811338375553336,2.98
2002-03-09,2.4515562861151046,2.91
2002-03-10,2.582567429941669,2.97
2002-03-11,2.3332771663508747,2.96
2002-03-12,2.216644444131778,2.87
2002-03-13,2.1563541556332693,2.68
2002-03-14,2.6067042768467563,2.56
2002-03-15,2.7891242756854835,3.8
2002-03-16,2.421318106050221,4.03
2002-03-17,2.4186811366954837,3.28
2002-03-18,2.8967650423110443,4.88
2002-03-19,2.5186848330784963,4.2
2002-03-20,2.675608931386019,3.73
2002-03-21,2.5697163459869383,3.59
2002-03-22,2.3971222292110137,3.29
2002-03-23,2.310375499903787,3.03
2002-03-24,2.25053867753999,2.86
2002-03-25,2.2024871829741968,2.7
2002-03-26,2.162517925539123,2.58
2002-03-27,2.1313398634140177,2.37
2002-03-28,2.106143177088638,2.23
2002-03-29,2.0854767088400465,2.12
2002-03-30,2.0686333440134814,2.01
2002-03-31,2.053912137684218,1.93
2002-04-01,2.061803713770728,1.85
2002-04-02,2.035017746149306,1.83
2002-04-03,2.0219959336227986,1.75
2002-04-04,2.0120837790647195,1.66
2002-04-05,2.0029852111186117,1.6
2002-04-06,1.9942468594655927,1.53
2002-04-07,1.9856776196234933,1.47
2002-04-08,1.9771480783965567,1.43
2002-04-09,1.9685606479183042,1.39
2002-04-10,1.959842178614157,1.36
2002-04-11,1.9509380342825995,1.33
2002-04-12,1.9418216454089232,1.29
2002-04-13,1.932427187183057,1.26
2002-04-14,1.9228294016973277,1.24
2002-04-15,1.9128397095762557,1.21
2002-04-16,1.902607533403554,1.17
2002-04-17,1.8925013324014885,1.15
2002-04-18,1.9360566735668554,1.17
2002-04-19,1.8780757733435005,1.18
2002-04-20,1.861238964159697,1.14
2002-04-21,1.8486881038369545,1.09
2002-04-22,1.8364724435977149,1.06
2002-04-23,1.8241327187057697,1.06
2002-04-24,1.8116097722174298,1.04
2002-04-25,1.8608860946030765,1.02
2002-04-26,1.9285054908977253,1.19
2002-04-27,1.9971399604564801,2.08
2002-04-28,1.9941134997300314,3.75
2002-04-29,2.0035830561968573,5.76
2002-04-30,1.9333456507201465,6.99
2002-05-01,1.7799218107790047,4.54
2002-05-02,1.7363846733186792,3.02
2002-05-03,1.8076534907568549,2.57
2002-05-04,1.7144070689219428,2.47
2002-05-05,1.6878889498277425,2.2
2002-05-06,1.6681019448614114,1.99
2002-05-07,1.650432679718846,1.83
2002-05-08,1.6335313290436966,1.71
2002-05-09,1.6171028286118319,1.61
2002-05-10,1.6010268834773163,1.54
2002-05-11,1.5852259963959834,1.46
2002-05-12,1.6861446529308113,1.41
2002-05-13,1.7108694260496133,1.74
2002-05-14,1.5624497626185465,1.9
2002-05-15,1.5313023688446723,1.6
2002-05-16,1.513515641639568,1.47
2002-05-17,1.5821156909507295,1.4
2002-05-18,1.494695824897428,1.49
2002-05-19,1.4706814504893264,1.46
2002-05-20,1.5735070145772156,1.46
2002-05-21,1.526331683911158,1.68
2002-05-22,1.4402028786865608,1.97
2002-05-23,1.5825227206259755,1.9
2002-05-24,1.599813583522158,3.6
2002-05-25,1.7060303726752981,2.76
2002-05-26,2.0897326187990246,5.99
2002-05-27,1.741498651295003,4.08
2002-05-28,2.3040161381207316,5.04
2002-05-29,1.8977774303444752,4.95
2002-05-30,1.744961541215161,3.96
2002-05-31,1.6035489896762842,3.19
2002-06-01,1.528996965018606,2.73
2002-06-02,1.4778071453779393,2.47
2002-06-03,1.5188544355397324,2.38
2002-06-04,1.4042353877034583,2.3
2002-06-05,1.6194167397917367,2.29
2002-06-06,1.5309274550883087,3.06
2002-06-07,1.9671447367786816,3.36
2002-06-08,1.6115839776547987,3.76
2002-06-09,2.177383938410403,4.64
2002-06-10,2.0265866136065713,4.62
2002-06-11,1.7544937180231068,3.52
2002-06-12,1.5992936464665404,3.02
2002-06-13,1.6805980807352854,2.72
2002-06-14,1.7100071305998847,2.62
2002-06-15,1.53031516341582,2.59
2002-06-16,1.4327774924094814,2.41
2002-06-17,1.3707148824766457,2.18
2002-06-18,1.321421522990369,1.97
2002-06-19,1.280554013559409,1.83
2002-06-20,1.2462376280801464,1.73
2002-06-21,1.2172297372142673,1.66
2002-06-22,1.1920068656981784,1.6
2002-06-23,1.1703430080151975,1.53
2002-06-24,1.1510186398281803,1.46
2002-06-25,1.133880884802608,1.42
2002-06-26,1.1467250287402082,1.4
2002-06-27,1.108964986238891,1.41
2002-06-28,1.0928647684255575,1.34
2002-06-29,1.0801164538911667,1.3
2002-06-30,1.0690705382294643,1.3
2002-07-01,1.1946204188953609,1.39
2002-07-02,1.065662648997699,1.43
2002-07-03,1.0412283254875798,1.35
2002-07-04,1.232674101624847,1.31
2002-07-05,1.2180377553644532,3.68
2002-07-06,1.036523308025576,2.65
2002-07-07,1.065703673462232,1.96
2002-07-08,1.0015249527438852,1.8
2002-07-09,1.0274496761774992,1.64
2002-07-10,0.9932142750490717,1.61
2002-07-11,0.9888155086843554,1.56
2002-07-12,0.9592441433579372,1.48
2002-07-13,0.945461098546921,1.32
2002-07-14,0.9343648709272134,1.24
2002-07-15,0.9238328347192646,1.16
2002-07-16,0.9135800436522412,1.09
2002-07-17,0.9035345270232477,1.05
2002-07-18,0.8936716663069644,1.03
2002-07-19,1.0868942146663045,1.09
2002-07-20,0.9736628796281388,1.28
2002-07-21,0.882009485911367,1.22
2002-07-22,0.8634639075758825,1.12
2002-07-23,0.851967176339927,1.04
2002-07-24,0.8407220190995551,1.05
2002-07-25,0.8306865078005431,1.0
2002-07-26,0.8209586196062286,0.944
2002-07-27,0.8114109494842617,0.91
2002-07-28,0.8020077914073636,0.876
2002-07-29,0.7927675480178373,0.853
2002-07-30,1.001128816180319,1.03
2002-07-31,1.0226515399200358,1.78
2002-08-01,1.0758668496667734,6.43
2002-08-02,1.041901778085645,13.0
2002-08-03,1.3589674402773568,3.55
2002-08-04,2.320431749818602,5.23
2002-08-05,1.6502217465029063,4.79
2002-08-06,1.308059573286145,3.11
2002-08-07,1.448241054719866,2.6
2002-08-08,1.9103227904919347,2.67
2002-08-09,1.7966993299028955,6.93
2002-08-10,1.4060008007632714,4.04
2002-08-11,1.423964131016019,3.04
2002-08-12,1.2241945058277428,2.86
2002-08-13,1.1177720103969535,2.5
2002-08-14,1.0379339158729066,2.27
2002-08-15,0.9743249259039003,2.05
2002-08-16,0.9229827949191411,1.85
2002-08-17,0.8813402590576118,1.7
2002-08-18,0.8754036753622413,1.62
2002-08-19,0.8242366180457422,1.57
2002-08-20,0.7986902016242976,1.49
2002-08-21,0.7788968904790419,1.4
2002-08-22,0.7629939001286108,1.34
2002-08-23,0.7490613598302086,1.32
2002-08-24,0.7378630856279408,1.29
2002-08-25,0.7271069106444092,1.25
2002-08-26,0.7180478562144114,1.22
2002-08-27,0.709990277115841,1.19
2002-08-28,0.7028041388426882,1.16
2002-08-29,0.6960097656598986,1.14
2002-08-30,0.6906082800108515,1.14
2002-08-31,0.6837629815835701,1.12
2002-09-01,0.677962214304276,1.09
2002-09-02,0.6723963651567019,1.07
2002-09-03,0.6669880854077578,1.05
2002-09-04,0.6616777978409683,1.04
2002-09-05,0.7174622688382741,0.853
2002-09-06,0.7485231942626223,0.996
2002-09-07,0.6767927123271902,1.02
2002-09-08,0.648854691918089,0.936
2002-09-09,0.8634882120727801,6.04
2002-09-10,0.8614958864009205,3.96
2002-09-11,0.8370687225690198,2.42
2002-09-12,0.6542309530588081,1.85
2002-09-13,0.6274437015831582,1.55
2002-09-14,0.6182761867555282,1.36
2002-09-15,0.6113564429855012,1.25
2002-09-16,0.6049205521375896,1.17
2002-09-17,0.5987235004218419,1.12
2002-09-18,0.5927067076557049,1.07
2002-09-19,0.5868048892270681,1.03
2002-09-20,0.5810130061904107,0.992
2002-09-21,0.5753023427308898,0.959
2002-09-22,0.5696552555306528,0.92
2002-09-23,0.5640581703143496,0.892
2002-09-24,0.5584962161054255,0.877
2002-09-25,0.5822495838898336,0.856
2002-09-26,0.5521054091678343,0.866
2002-09-27,0.5435335296327258,0.855
2002-09-28,0.5375246081635006,0.844
2002-09-29,0.5318602576009623,0.826
2002-09-30,0.5262812753836351,0.811
2002-10-01,0.521373246581519,0.795
2002-10-02,0.5494317495160109,0.784
2002-10-03,0.5149320958533034,0.786
2002-10-04,0.5062758164538168,0.756
2002-10-05,0.5323675538595645,0.766
2002-10-06,0.4992765788022997,0.807
2002-10-07,0.4904871688827173,0.775
2002-10-08,0.48448028481381494,0.759
2002-10-09,0.47886328864309363,0.736
2002-10-10,0.4733597781816227,0.724
2002-10-11,0.677921967961035,0.775
2002-10-12,0.6862273048383867,1.6
2002-10-13,0.5957642734315813,1.31
2002-10-14,0.4761517416794867,1.28
2002-10-15,0.5969008892041576,1.47
2002-10-16,0.4674911613816917,1.8
2002-10-17,0.446680998781486,1.42
2002-10-18,0.4384521411732742,1.2
2002-10-19,0.43249933424753106,1.08
2002-10-20,0.6646522121549725,1.39
2002-10-21,0.6831844240090322,5.28
2002-10-22,0.7000071786683228,4.37
2002-10-23,0.9827465876543445,8.92
2002-10-24,1.1039826061841393,5.15
2002-10-25,1.8289510971790357,13.9
2002-10-26,2.6025625182602417,10.1
2002-10-27,2.956460287639959,27.6
2002-10-28,2.4443109356615973,9.12
2002-10-29,2.346516806609838,9.44
2002-10-30,1.7197160566945844,6.01
2002-10-31,1.4335891912978995,4.5
2002-11-01,2.255021189488737,7.37
2002-11-02,2.7312234764792924,11.8
2002-11-03,2.1300274175096323,7.74
2002-11-04,1.6722494386255826,5.43
2002-11-05,2.796397838362958,4.4
2002-11-06,2.256723384732841,14.5
2002-11-07,2.425358327716504,7.4
2002-11-08,3.6243368274923875,28.4
2002-11-09,3.389090502333277,9.77
2002-11-10,2.6700911682414117,14.6
2002-11-11,2.2929103771572414,7.47
2002-11-12,2.7077225152483555,6.89
2002-11-13,3.3472534266438028,10.8
2002-11-14,2.994105223882114,19.2
2002-11-15,2.657583887640099,7.59
2002-11-16,2.351839570063112,6.53
2002-11-17,2.054798342700231,6.06
2002-11-18,1.7797439152332204,4.96
2002-11-19,1.7083717286935967,4.37
2002-11-20,1.9507237518956966,5.37
2002-11-21,2.1658536888616795,5.49
2002-11-22,2.009021070613755,5.48
2002-11-23,1.7689514495531347,5.11
2002-11-24,1.5803409957613264,4.38
2002-11-25,1.4617511380159889,3.95
2002-11-26,1.3749251037866688,3.64
2002-11-27,1.797575383451905,3.78
2002-11-28,1.5198446149645561,3.86
2002-11-29,1.40661626761839,3.42
2002-11-30,2.3440586795211273,3.57
2002-12-01,2.684573535745927,7.31
2002-12-02,3.6453965186208914,28.0
2002-12-03,3.4694485065961365,10.1
2002-12-04,3.193042105789081,16.1
2002-12-05,2.536816786627245,7.36
2002-12-06,2.454945690831164,5.77
2002-12-07,2.176437663658211,5.26
2002-12-08,1.9772618770220136,4.61
2002-12-09,1.837358062373965,4.07
2002-12-10,1.7319666705556307,3.66
2002-12-11,1.650315441529129,3.37
2002-12-12,1.6011518838887036,3.17
2002-12-13,1.9379634394041285,3.06
2002-12-14,2.4211317703296618,3.2
2002-12-15,2.371789980567472,4.48
2002-12-16,2.5885263990475917,6.48
2002-12-17,2.1044123721523675,4.77
2002-12-18,1.9419034301273257,3.88
2002-12-19,1.8347706463194684,3.52
2002-12-20,1.754270071150384,3.3
2002-12-21,4.143827605492642,12.6
2002-12-22,3.1924522842689185,14.0
2002-12-23,3.7692333384324437,13.8
2002-12-24,3.1787220046416613,8.53
2002-12-25,3.4159070382465337,6.18
2002-12-26,3.973474981437027,15.3
2002-12-27,3.406156703923387,14.9
2002-12-28,3.6494803130686697,7.5
2002-12-29,6.172912415651042,46.3
2002-12-30,4.451603514431241,19.8
2002-12-31,4.451675442301308,9.27
2003-01-01,4.077124795190438,14.5
2003-01-02,4.674596828313618,9.73
2003-01-03,3.880087418324443,9.23
2003-01-04,3.2648902994900815,6.45
2003-01-05,2.9639331167023957,5.5
2003-01-06,2.7439344039600537,4.93
2003-01-07,2.5742485474442445,4.42
2003-01-08,2.6302583591564557,4.04
2003-01-09,2.4842427035781354,3.8
2003-01-10,2.3488356815767975,3.64
2003-01-11,2.268226265276614,3.46
2003-01-12,2.6676118293397537,3.73
2003-01-13,2.422752846705108,6.36
2003-01-14,2.4872664998566663,4.27
2003-01-15,2.318619369960366,3.87
2003-01-16,2.2440624066980672,3.49
2003-01-17,2.5366403333613055,3.4
2003-01-18,4.177837795879366,5.67
2003-01-19,3.9703423778197084,13.0
2003-01-20,3.702540362572925,11.8
2003-01-21,3.7689926716427227,9.25
2003-01-22,3.2840838220568926,6.91
2003-01-23,2.973343555061175,5.31
2003-01-24,3.3117066902403343,4.65
2003-01-25,3.0021645282073526,4.99
2003-01-26,2.8650020000606675,4.58
2003-01-27,3.1788634361206882,4.41
2003-01-28,3.7887961302223436,8.13
2003-01-29,3.097586442921155,5.75
2003-01-30,2.853895261306384,4.5
2003-01-31,3.473597974918607,3.86
2003-02-01,3.2003439599962817,6.58
2003-02-02,3.2400192644617647,5.51
2003-02-03,3.42202949940849,4.82
2003-02-04,3.0313198124344423,4.23
2003-02-05,2.833153582523288,3.78
2003-02-06,2.834457417326641,3.89
2003-02-07,2.672217249315614,5.43
2003-02-08,3.373725523949684,4.15
2003-02-09,2.8581216592878285,6.07
2003-02-10,3.747453567678129,5.96
2003-02-11,3.0675478168847157,6.88
2003-02-12,2.924207520884812,4.75
2003-02-13,2.767074925305523,4.25
2003-02-14,2.665114569838415,3.74
2003-02-15,2.5839766553823154,3.38
2003-02-16,2.5191455616333953,3.19
2003-02-17,2.466851855548669,3.02
2003-02-18,2.4242190057512607,2.88
2003-02-19,2.389570962429095,2.75
2003-02-20,2.3600559950114923,2.63
2003-02-21,2.335713674586653,2.54
2003-02-22,2.3179509367440434,2.46
2003-02-23,2.381295239138544,2.39
2003-02-24,2.3179449678456203,2.39
2003-02-25,2.291674923903414,2.3
2003-02-26,2.272413930929783,2.19
2003-02-27,2.2555309753490187,2.09
2003-02-28,2.5887527861021455,2.65
2003-03-01,2.8632745975078127,3.7
2003-03-02,2.4922434406390246,3.38
2003-03-03,2.719126190088403,2.84
2003-03-04,2.7451927363644515,3.3
2003-03-05,2.8414602641909603,3.83
2003-03-06,2.5720330638129387,3.51
2003-03-07,3.5585937816258384,5.93
2003-03-08,3.931088970263936,13.1
2003-03-09,3.394954882418056,6.56
2003-03-10,3.258923620001133,4.98
2003-03-11,3.0600346943170162,4.43
2003-03-12,2.816506243008612,3.79
2003-03-13,2.671394649329051,3.37
2003-03-14,2.559992626627389,3.1
2003-03-15,2.469876360227333,2.89
2003-03-16,2.396085027321528,2.73
2003-03-17,2.335905900699375,2.59
2003-03-18,2.2845809278823666,2.47
2003-03-19,2.2418917840925143,2.35
2003-03-20,2.2056389331138084,2.22
2003-03-21,2.1744301716634378,2.13
2003-03-22,2.1471583467718007,2.03
2003-03-23,2.1229941267555716,1.96
2003-03-24,2.101187884686237,1.89
2003-03-25,2.081252513280671,1.83
2003-03-26,2.0627404368985913,1.78
2003-03-27,2.045308192434073,1.75
2003-03-28,2.0286861875691296,1.71
2003-03-29,2.0126612076819352,1.65
2003-03-30,1.9970659761847476,1.59
2003-03-31,2.0163527965430985,1.55
2003-04-01,2.0629063755741783,1.68
2003-04-02,1.9657357271160325,1.68
2003-04-03,1.941087342180217,1.58
2003-04-04,1.9245877718590727,1.52
2003-04-05,1.9090750145473163,1.49
2003-04-06,1.8937128011866415,1.46
2003-04-07,1.8783769570976774,1.44
2003-04-08,1.8630302804606258,1.4
2003-04-09,1.8476519740002049,1.36
2003-04-10,1.8322542719054036,1.33
2003-04-11,1.8167529374276512,1.33
2003-04-12,1.8012123470750483,1.3
2003-04-13,1.7856181082719502,1.28
2003-04-14,1.7699514130001475,1.23
2003-04-15,1.7542289753242055,1.19
2003-04-16,1.738450245409124,1.15
2003-04-17,1.7226187774151602,1.12
2003-04-18,1.7067393844118612,1.11
2003-04-19,1.6908174717445028,1.1
2003-04-20,1.7964255270044887,1.07
2003-04-21,1.6756074598397617,1.21
2003-04-22,1.6472180704326915,1.13
2003-04-23,1.6293481375149717,0.933
2003-04-24,1.6489537878229903,0.906
2003-04-25,1.633839388324632,0.967
2003-04-26,1.6279895237651365,0.96
2003-04-27,1.7806168325181786,0.988
2003-04-28,1.763201974675241,2.95
2003-04-29,1.7051574170380008,2.54
2003-04-30,1.687016621820171,3.41
2003-05-01,1.6841395173076232,3.97
2003-05-02,1.7423790865667717,7.72
2003-05-03,1.545771177409122,4.81
2003-05-04,1.4910270211234316,3.32
2003-05-05,1.4646069133440176,2.59
2003-05-06,1.4432706079483164,2.25
2003-05-07,1.4236600860680382,1.98
2003-05-08,1.4050240599016628,1.76
2003-05-09,1.3872964163429795,1.6
2003-05-10,1.3702064673266465,1.5
2003-05-11,1.4176055812107824,1.45
2003-05-12,1.412835045349876,1.47
2003-05-13,1.367774519979967,1.51
2003-05-14,1.3144634643992452,1.44
2003-05-15,1.3183979038843092,1.32
2003-05-16,1.482918491556361,1.74
2003-05-17,1.4427459077165043,2.99
2003-05-18,1.7258282307935615,6.18
2003-05-19,2.432348035516984,5.74
2003-05-20,2.5066523271006718,20.7
2003-05-21,3.0529232249248612,11.4
2003-05-22,2.8476896923620396,13.9
2003-05-23,2.430079087924709,6.47
2003-05-24,2.495832515781638,5.31
2003-05-25,2.083422761163024,4.7
2003-05-26,1.8940368028564407,3.85
2003-05-27,1.7621807189663454,3.34
2003-05-28,1.627544589313352,3.06
2003-05-29,1.5329382285866335,2.79
2003-05-30,1.4575674028733034,2.54
2003-05-31,1.396135903628638,2.32
2003-06-01,1.3457468050845127,2.12
2003-06-02,1.3039031423323832,1.97
2003-06-03,1.2690497411281434,1.85
2003-06-04,1.2400980615456567,1.75
2003-06-05,1.2805636554806288,1.65
2003-06-06,1.2028460338287636,1.65
2003-06-07,1.178730259486728,1.58
2003-06-08,1.2228087838995165,1.57
2003-06-09,1.1543368101129168,1.54
2003-06-10,1.1411820625150495,1.46
2003-06-11,1.1222786090362333,1.42
2003-06-12,1.1089891145423891,1.35
2003-06-13,1.097374363340793,1.29
2003-06-14,1.086320151189435,1.23
2003-06-15,1.0758383393043427,1.17
2003-06-16,1.0657338838871269,1.14
2003-06-17,1.0559917836574237,1.05
2003-06-18,1.0470258800578642,1.02
2003-06-19,1.0369828939102899,0.998
2003-06-20,1.0275184495528187,0.966
2003-06-21,1.0185278136049731,0.951
2003-06-22,1.182032282397356,0.95
2003-06-23,1.0236809810613259,1.16
2003-06-24,0.9971811582042507,0.978
2003-06-25,0.9855648521867436,0.925
2003-06-26,0.9755371302123221,0.9
2003-06-27,1.1085042591121963,0.957
2003-06-28,0.9760234746727614,0.962
2003-06-29,1.0332276829147606,0.894
2003-06-30,1.1644282777855617,1.53
2003-07-01,1.171255670985179,2.4
2003-07-02,0.9652236477900393,1.94
2003-07-03,0.9285772568916366,1.44
2003-07-04,0.9138485640565228,1.22
2003-07-05,0.9021325495798207,1.12
2003-07-06,0.8911795546547631,1.04
2003-07-07,0.8807188319696497,0.974
2003-07-08,0.8704817020811351,0.935
2003-07-09,0.8605447750579039,0.896
2003-07-10,0.850857721187862,0.855
2003-07-11,0.8413051800849558,0.836
2003-07-12,0.8319195764183107,0.806
2003-07-13,0.8226609138613429,0.788
2003-07-14,0.8135087032922288,0.761
2003-07-15,0.8044484435769284,0.747
2003-07-16,1.0044963740605484,0.846
2003-07-17,1.0248371037354582,1.74
2003-07-18,0.9979878164289347,1.27
2003-07-19,0.8040661661728852,0.991
2003-07-20,0.7733041189969417,0.897
2003-07-21,0.8068805916981671,1.09
2003-07-22,0.7570577058411867,0.982
2003-07-23,0.743612909386351,0.974
2003-07-24,0.9261208057438725,0.97
2003-07-25,0.9626297228831286,1.7
2003-07-26,0.7558573790446941,1.63
2003-07-27,0.7201938091103804,1.24
2003-07-28,0.7087184636269077,1.16
2003-07-29,0.8268826177792821,1.14
2003-07-30,0.853861338249065,2.41
2003-07-31,0.71267741761343,2.36
2003-08-01,0.6840938767973463,1.7
2003-08-02,0.6706953859600288,1.34
2003-08-03,0.6596906235349204,1.15
2003-08-04,0.6495284935789686,1.02
2003-08-05,0.6399310929807682,0.999
2003-08-06,0.6307830791115993,0.967
2003-08-07,0.6220037404709324,0.928
2003-08-08,0.6135324230791566,0.907
2003-08-09,0.6053147893690447,0.88
2003-08-10,0.5984364798828637,0.853
2003-08-11,0.590346218905116,0.855
2003-08-12,0.581929148161124,0.854
2003-08-13,0.5743208671390784,0.704
2003-08-14,0.5669123869759336,0.667
2003-08-15,0.559626140598654,0.646
2003-08-16,0.55243191479363,0.64
2003-08-17,0.5520497617439579,0.634
2003-08-18,0.5402727448954854,0.634
2003-08-19,0.5325809058298658,0.641
2003-08-20,0.5254574572338939,0.644
2003-08-21,0.519505841577476,0.688
2003-08-22,0.5131464965259127,0.701
2003-08-23,0.5052403447045973,0.703
2003-08-24,0.49828156620209274,0.698
2003-08-25,0.4916793053104318,0.641
2003-08-26,0.4852327662252396,0.6
2003-08-27,0.4787600531316749,0.579
2003-08-28,0.6523647257591388,0.61
2003-08-29,0.4904423521109923,0.627
2003-08-30,0.4661063459787573,0.627
2003-08-31,0.4572977270906824,0.629
2003-09-01,0.45041334980293235,0.624
2003-09-02,0.44390597102457957,0.564
2003-09-03,0.43756565073629744,0.552
2003-09-04,0.4314459018109581,0.538
2003-09-05,0.43117828526824176,0.534
2003-09-06,0.4400533706800512,0.539
2003-09-07,0.41830462144426395,0.555
2003-09-08,0.410955451908441,0.529
2003-09-09,0.6108340915550764,0.556
2003-09-10,0.5067996559027667,1.02
2003-09-11,0.4106638117661348,0.751
2003-09-12,0.3931156965609142,0.667
2003-09-13,0.385467790332735,0.605
2003-09-14,0.37917295536353385,0.566
2003-09-15,0.37324385454191294,0.533
2003-09-16,0.36753791650253514,0.517
2003-09-17,0.3620125671823736,0.526
2003-09-18,0.3566509230317763,0.512
2003-09-19,0.35167434742522763,0.506
2003-09-20,0.3549344567366376,0.511
2003-09-21,0.3434194480173371,0.52
2003-09-22,0.5395628998188653,0.836
2003-09-23,0.359645727286935,0.697
2003-09-24,0.33444932328674826,0.541
2003-09-25,0.3266646854367205,0.513
2003-09-26,0.32110871616672454,0.514
2003-09-27,0.31599737562209607,0.516
2003-09-28,0.31098706517167257,0.515
2003-09-29,0.3061170174789168,0.508
2003-09-30,0.30142745588970504,0.506
2003-10-01,0.2968930974385625,0.506
2003-10-02,0.2924576740202827,0.515
2003-10-03,0.2889020453730807,0.506
2003-10-04,0.2886537696816614,0.513
2003-10-05,0.381031305205858,0.52
2003-10-06,0.4983838301460766,0.742
2003-10-07,0.4603831049480305,1.21
2003-10-08,0.3724531498538547,1.26
2003-10-09,0.2849478081275922,1.18
2003-10-10,0.26928599231172134,0.87
2003-10-11,0.2629337783453757,0.739
2003-10-12,0.25792199193003634,0.711
2003-10-13,0.253313042204387,0.677
2003-10-14,0.248959793939958,0.604
2003-10-15,0.24481097332309976,0.598
2003-10-16,0.24083293799424424,0.604
2003-10-17,0.23699953560454476,0.567
2003-10-18,0.23328987436421025,0.59
2003-10-19,0.22975274819895403,0.601
2003-10-20,0.22622542508196147,0.604
2003-10-21,0.22277888591308367,0.518
2003-10-22,0.2596572237548444,0.525
2003-10-23,0.22179977128517273,0.545
2003-10-24,0.21447401611702654,0.527
2003-10-25,0.3069660876015129,0.562
2003-10-26,0.22021710985274656,0.625
2003-10-27,0.20736852461209296,0.571
2003-10-28,0.4067126790230972,0.613
2003-10-29,0.31893513699978027,1.27
2003-10-30,0.4365022564705548,1.33
2003-10-31,0.37544821046214144,3.6
2003-11-01,0.3764214547686565,2.24
2003-11-02,0.2698599770802129,2.39
2003-11-03,0.23308265911121717,2.17
2003-11-04,0.20728329965697434,1.91
2003-11-05,0.19833278671516993,1.58
2003-11-06,0.1920580679300982,1.33
2003-11-07,0.18687642209712785,1.19
2003-11-08,0.18253629113537886,1.11
2003-11-09,0.21911837492194114,1.06
2003-11-10,0.18169170580674035,1.07
2003-11-11,0.35882682654282055,1.07
2003-11-12,0.19872669327132284,2.08
2003-11-13,0.21570556180380882,1.85
2003-11-14,0.42352519693583285,8.65
2003-11-15,0.3363322415461597,5.41
2003-11-16,0.2018365687971253,2.99
2003-11-17,0.357842106085938,5.47
2003-11-18,0.2035652120086287,4.69
2003-11-19,0.20281965826323098,3.02
2003-11-20,0.17741161873250472,2.58
2003-11-21,0.16732435993734315,2.27
2003-11-22,0.16133362626046432,2.04
2003-11-23,0.15637090624040972,1.87
2003-11-24,0.1526349291455317,1.7
2003-11-25,0.3827803813243169,1.67
2003-11-26,0.28447120167171397,3.38
2003-11-27,0.19599549954920306,2.57
2003-11-28,0.17695397135545168,2.19
2003-11-29,0.5833517184502004,2.96
2003-11-30,0.6305709813696286,2.97
2003-12-01,0.9749664980371066,6.38
2003-12-02,0.7194786702697412,4.4
2003-12-03,0.5185291319866266,3.49
2003-12-04,0.4337752932480943,2.87
2003-12-05,0.37702076393592837,2.53
2003-12-06,0.3310525412067654,2.29
2003-12-07,0.29532887587556383,2.1
2003-12-08,0.267213832913605,1.94
2003-12-09,0.24561512848078942,1.82
2003-12-10,1.2001005040770767,1.72
2003-12-11,1.1206352166018798,9.31
2003-12-12,2.9901483991147098,17.0
2003-12-13,2.752463010256108,22.9
2003-12-14,2.0147198295604496,10.5
2003-12-15,1.6491006832323678,5.78
2003-12-16,1.2650006778634695,4.34
2003-12-17,1.0181372483969027,3.63
2003-12-18,0.8810061270665754,3.08
2003-12-19,1.102578981396972,2.78
2003-12-20,3.4634204973262666,19.2
2003-12-21,2.152842124820693,14.1
2003-12-22,2.3154478910100966,5.62
2003-12-23,2.443233714077842,18.7
2003-12-24,1.726444029034558,7.81
2003-12-25,1.4594288578504033,5.27
2003-12-26,1.9810176213994597,5.94
2003-12-27,1.6918604946419489,6.07
2003-12-28,1.510355192686686,4.8
2003-12-29,1.2284317236133455,4.06
2003-12-30,1.0823808012794836,3.35
2003-12-31,3.01178576381406,3.1
2004-01-01,2.558267986388509,24.2
2004-01-02,2.0157041434277922,8.24
2004-01-03,1.698154740537982,5.74
2004-01-04,1.43946221683671,5.08
2004-01-05,1.6316193124697778,4.29
2004-01-06,1.329064402451313,4.39
2004-01-07,2.0356670880782257,3.7
2004-01-08,2.364876728550289,14.3
2004-01-09,1.7870253322429506,6.56
2004-01-10,2.4532898220465924,4.95
2004-01-11,1.88807025186178,8.6
2004-01-12,2.3005872621965704,5.51
2004-01-13,2.4141016211967323,11.3
2004-01-14,1.922561536922524,6.81
2004-01-15,2.8600670854456656,7.85
2004-01-16,2.1693313155797735,9.22
2004-01-17,1.8218491007121886,5.57
2004-01-18,1.7420340555344347,4.47
2004-01-19,4.067579219478957,21.0
2004-01-20,3.4785135424978972,25.1
2004-01-21,2.8526087803907143,9.76
2004-01-22,2.640177756171968,7.78
2004-01-23,2.887104925198383,8.78
2004-01-24,2.536620774087682,7.44
2004-01-25,2.127170277984464,6.1
2004-01-26,1.9272153511151746,4.88
2004-01-27,2.313820587741072,4.24
2004-01-28,2.9508323426984115,3.95
2004-01-29,2.3279193546600165,3.67
2004-01-30,3.8642828874744515,14.5
2004-01-31,4.021995510474101,35.0
2004-02-01,3.6426823583965118,11.5
2004-02-02,3.727497269849457,9.35
2004-02-03,4.172478937302871,15.3
2004-02-04,4.274675868156763,24.0
2004-02-05,3.397782824456451,9.86
2004-02-06,3.640640445386548,8.39
2004-02-07,3.7713970641306815,7.97
2004-02-08,2.9914273732390297,7.82
2004-02-09,2.678979042691943,5.54
2004-02-10,2.487399604535191,4.96
2004-02-11,2.3066345014086402,4.43
2004-02-12,2.200402431370844,4.01
2004-02-13,2.1655984111508086,3.74
2004-02-14,2.1598062590660763,3.55
2004-02-15,2.030031544805971,3.35
2004-02-16,2.1205834185018633,3.13
2004-02-17,2.012536532267119,3.01
2004-02-18,1.9482873670903984,2.88
2004-02-19,1.9045873238526285,2.75
2004-02-20,1.8776453504010668,2.62
2004-02-21,1.8583061544921458,2.49
2004-02-22,1.8442482619213842,2.36
2004-02-23,1.8538692109605843,2.23
2004-02-24,1.9121805606184568,2.22
2004-02-25,1.8609343871356732,2.16
2004-02-26,1.9838891674671444,2.04
2004-02-27,1.91029505684784,1.97
2004-02-28,1.877406311065004,1.89
2004-02-29,1.8623109423564788,1.79
2004-03-01,1.851526222150753,1.72
2004-03-02,1.8436181916453473,1.7
2004-03-03,1.8626423579846576,1.68
2004-03-04,1.8448427715207907,1.69
2004-03-05,1.878897295192682,1.67
2004-03-06,1.9550038741628017,1.68
2004-03-07,1.8845178723700702,1.76
2004-03-08,1.8517306750526454,1.68
2004-03-09,1.8396894802429347,1.59
2004-03-10,1.8308360637246612,1.55
2004-03-11,1.8203975225379168,1.54
2004-03-12,1.8631053148380148,1.51
2004-03-13,1.8824158822004944,1.56
2004-03-14,1.9556189893473512,1.83
2004-03-15,1.8737799435504254,1.79
2004-03-16,1.833707135341784,1.7
2004-03-17,1.817645435924508,1.61
2004-03-18,2.0710534195944637,1.64
2004-03-19,2.2387317977127417,2.53
2004-03-20,2.0704198796537105,3.04
2004-03-21,2.846404042953297,3.88
2004-03-22,2.4773026213851144,7.96
2004-03-23,2.2186211145747503,4.23
2004-03-24,2.466192368600281,3.24
2004-03-25,2.2015563952057517,3.41
2004-03-26,2.085182493331292,3.08
2004-03-27,1.992089608605458,2.79
2004-03-28,1.9286870489588277,2.57
2004-03-29,1.8781421226310788,2.32
2004-03-30,1.836213525567577,2.17
2004-03-31,1.8041818596043047,2.02
2004-04-01,1.8942681536124444,1.93
2004-04-02,1.8830561666602292,1.92
2004-04-03,2.86348619922491,9.2
2004-04-04,2.869916223887724,8.12
2004-04-05,2.9636452169707215,5.38
2004-04-06,3.14714690055177,7.93
2004-04-07,2.641998760671976,5.34
2004-04-08,2.3724975831796495,4.15
2004-04-09,2.339824979073068,3.45
2004-04-10,2.161200328177596,3.12
2004-04-11,2.0499458723661856,2.85
2004-04-12,1.9644894924527323,2.64
2004-04-13,1.89733066786705,2.5
2004-04-14,1.838381761979103,2.35
2004-04-15,1.9756223384052918,2.21
2004-04-16,2.6273270718227772,2.67
2004-04-17,3.406328890622094,4.65
2004-04-18,2.820865585681438,10.9
2004-04-19,2.4187536628487725,4.66
2004-04-20,2.2536402901966457,3.54
2004-04-21,2.4463651196040095,3.35
2004-04-22,2.152828684067327,3.26
2004-04-23,2.026633795675855,2.82
2004-04-24,1.9389126917866424,2.6
2004-04-25,1.8701095327973667,2.43
2004-04-26,2.0371962400430186,2.48
2004-04-27,2.0059028150198643,2.74
2004-04-28,2.341972774411025,2.74
2004-04-29,2.0124456466999465,3.87
2004-04-30,1.8867208695681048,3.0
2004-05-01,1.8181497622967628,2.68
2004-05-02,1.7817655282314169,2.46
2004-05-03,2.063855417810756,2.32
2004-05-04,2.3509051982725033,4.22
2004-05-05,1.9953725763555563,3.83
2004-05-06,1.8631101104460894,2.91
2004-05-07,1.9288599122439902,2.58
2004-05-08,1.8336207252087924,2.44
2004-05-09,1.7450698785536007,2.32
2004-05-10,1.770365440324992,2.2
2004-05-11,1.6919531517871291,2.09
2004-05-12,1.6504508050515412,1.95
2004-05-13,1.6184364064827697,1.86
2004-05-14,1.5914449224133145,1.78
2004-05-15,1.5681389406705744,1.7
2004-05-16,1.5476949977152876,1.63
2004-05-17,1.529490705885762,1.56
2004-05-18,1.5130338344911758,1.3
2004-05-19,1.4982928891517815,1.23
2004-05-20,1.483932618266293,1.2
2004-05-21,1.4708293549770743,1.16
2004-05-22,1.4580123397301812,1.11
2004-05-23,1.445804987066393,1.07
2004-05-24,1.4339496145736255,1.04
2004-05-25,1.4223347792541972,1.03
2004-05-26,1.4108858365877899,1.02
2004-05-27,1.3995459236495091,0.973
2004-05-28,1.4139325295038065,0.944
2004-05-29,1.38157218546057,0.958
2004-05-30,1.367595735818275,0.936
2004-05-31,1.5082216910151864,0.921
2004-06-01,1.3661696257112,1.08
2004-06-02,1.3383603906995756,0.976
2004-06-03,1.3547869113493702,0.936
2004-06-04,1.3172972155166107,0.947
2004-06-05,1.3021406298436071,0.903
2004-06-06,1.2896595507896789,0.883
2004-06-07,1.2775671498581636,0.848
2004-06-08,1.2656107496506306,0.811
2004-06-09,1.2543334063859237,0.773
2004-06-10,1.2422386910822298,0.771
2004-06-11,1.231205115373961,0.766
2004-06-12,1.218364096168115,0.771
2004-06-13,1.2063162494751432,0.742
2004-06-14,1.1945039101336834,0.706
2004-06-15,1.1828213698937124,0.696
2004-06-16,1.1710702184976736,0.695
2004-06-17,1.1602330527666045,0.679
2004-06-18,1.1779333017890763,0.726
2004-06-19,1.1598514038788046,0.741
2004-06-20,1.1714782982245924,0.772
2004-06-21,1.122300940362098,0.843
2004-06-22,1.32093851451747,1.09
2004-06-23,1.4019991171470496,15.9
2004-06-24,1.360045526459801,9.21
2004-06-25,1.329258158424458,3.94
2004-06-26,1.3183796829338872,2.73
2004-06-27,1.1312206020618196,2.4
2004-06-28,1.0677352599119827,2.05
2004-06-29,1.0467030203580938,1.74
2004-06-30,1.0604598279226003,1.59
2004-07-01,1.0209291608822015,1.5
2004-07-02,1.0741943986548173,1.37
2004-07-03,1.1045429902856663,1.65
2004-07-04,1.0462468727248124,1.99
2004-07-05,0.9815551061109574,1.67
2004-07-06,1.075459114627259,1.52
2004-07-07,1.1193970814915872,2.08
2004-07-08,0.9730171641902037,3.03
2004-07-09,0.9392854473318328,2.45
2004-07-10,0.9594787393917696,2.05
2004-07-11,0.9153953857600398,1.91
2004-07-12,0.8980328165435361,1.68
2004-07-13,0.9254711309919256,1.5
2004-07-14,0.881768928965441,1.65
2004-07-15,1.021088113194287,2.29
2004-07-16,0.9058016406806583,3.14
2004-07-17,0.9947405520167447,2.9
2004-07-18,0.8935794739286673,2.71
2004-07-19,0.8632552585625919,2.25
2004-07-20,0.8437234562847931,1.91
2004-07-21,0.826390852878955,1.67
2004-07-22,0.811232819030713,1.54
2004-07-23,0.7970655226131167,1.43
2004-07-24,0.7845833747444892,1.33
2004-07-25,0.9097660165070317,1.35
2004-07-26,0.7795635551217968,1.63
2004-07-27,0.7547581129294326,1.47
2004-07-28,0.7418303952471058,1.36
2004-07-29,0.7313646088032756,1.27
2004-07-30,0.7209331649359535,1.21
2004-07-31,0.7108638673858613,1.15
2004-08-01,0.7012205426536313,1.04
2004-08-02,0.6922871684130469,0.983
2004-08-03,0.8354460228990689,0.984
2004-08-04,0.6949040376529054,1.37
2004-08-05,0.8840155669279202,5.69
2004-08-06,0.8633940397848877,3.49
2004-08-07,0.6804202955588551,2.29
2004-08-08,0.6523504334121151,1.74
2004-08-09,0.88199495817412,13.3
2004-08-10,2.262455080587413,30.4
2004-08-11,2.58146153657698,6.82
2004-08-12,1.9717335394890687,9.19
2004-08-13,1.9701333461776893,5.04
2004-08-14,1.6359787324559154,4.23
2004-08-15,1.5283137914067815,3.58
2004-08-16,2.754045662428149,3.73
2004-08-17,2.600680345263023,4.32
2004-08-18,2.4498333064231534,4.57
2004-08-19,1.9350073205912948,3.97
2004-08-20,3.0968495425346885,8.39
2004-08-21,2.1045843579971457,4.91
2004-08-22,2.807699594833074,3.91
2004-08-23,3.107663099761157,13.2
2004-08-24,4.626310861483868,18.2
2004-08-25,4.086173174750882,22.4
2004-08-26,3.7315595034105193,8.55
2004-08-27,2.9509636620315223,8.11
2004-08-28,2.4002373218327326,5.4
2004-08-29,2.297721707761789,4.7
2004-08-30,2.187116735916929,4.33
2004-08-31,1.8499339772021386,3.96
2004-09-01,1.6614684574243135,3.5
2004-09-02,1.5221320994500873,3.33
2004-09-03,1.4140161830345912,3.15
2004-09-04,1.3298211736843981,2.94
2004-09-05,1.2644821195161682,2.74
2004-09-06,1.214099445717565,2.56
2004-09-07,1.1754524475917298,2.41
2004-09-08,1.14610430221109,2.29
2004-09-09,1.1240366492353737,2.18
2004-09-10,1.1126198545520414,2.12
2004-09-11,1.2018871873214034,2.16
2004-09-12,1.3072567683867848,2.34
2004-09-13,1.189919347740681,6.08
2004-09-14,1.7019352913578165,15.9
2004-09-15,1.5038093102544272,10.7
2004-09-16,1.6865294145505179,4.72
2004-09-17,1.6322047664902113,4.45
2004-09-18,1.651757503355962,4.34
2004-09-19,1.914731033272212,3.64
2004-09-20,1.8562530262553105,4.59
2004-09-21,1.9140643615385529,4.12
2004-09-22,3.083839084027702,13.1
2004-09-23,2.2946721084673745,12.9
2004-09-24,1.9333830282683273,5.43
2004-09-25,1.7935022948850572,4.42
2004-09-26,1.6778870402239412,3.84
2004-09-27,1.580189988072762,3.5
2004-09-28,1.5181627512829223,3.3
2004-09-29,1.5826319949574295,3.13
2004-09-30,1.5840918434892861,3.22
2004-10-01,1.6413172870886046,3.19
2004-10-02,1.4874541409407278,3.21
2004-10-03,2.4824400868465037,5.96
2004-10-04,2.077420573318011,12.9
2004-10-05,2.097768887566675,5.29
2004-10-06,1.7960700392929865,4.5
2004-10-07,1.6387093998028,3.78
2004-10-08,1.5441403072469508,3.36
2004-10-09,1.4814567354497663,3.09
2004-10-10,1.432929975288136,2.88
2004-10-11,1.394237546529706,2.71
2004-10-12,1.8999468532995785,2.61
2004-10-13,1.7572592917546057,2.71
2004-10-14,1.8038893391682056,2.79
2004-10-15,2.7931651636764196,3.73
2004-10-16,2.344460959649749,7.81
2004-10-17,2.145050204419868,4.18
2004-10-18,1.893764589729711,3.6
2004-10-19,2.676107895953582,3.3
2004-10-20,2.862726872394435,10.7
2004-10-21,3.535466634985412,16.1
2004-10-22,3.3914403856158244,10.4
2004-10-23,3.2836699848193893,12.5
2004-10-24,3.4130056077935325,7.68
2004-10-25,3.1294331943986835,11.7
2004-10-26,2.5872230899528064,6.64
2004-10-27,2.745132004539711,5.44
2004-10-28,2.8100907994580133,5.73
2004-10-29,2.366707703910533,6.82
2004-10-30,2.146491978700766,4.86
2004-10-31,2.00357954913897,4.28
2004-11-01,1.8982093525733765,3.87
2004-11-02,1.8945875862614254,3.6
2004-11-03,2.2844264604762223,3.4
2004-11-04,1.9405986666328165,4.47
2004-11-05,2.1161319643919416,3.48
2004-11-06,2.272998067028723,4.21
2004-11-07,2.1323933314656984,4.16
2004-11-08,1.9516706198276221,3.99
2004-11-09,2.0700452579975885,3.68
2004-11-10,1.8725764307618546,3.51
2004-11-11,1.8576623923927877,3.17
2004-11-12,1.9535297366586726,3.17
2004-11-13,1.796568788814921,3.08
2004-11-14,1.7364063670319663,2.88
2004-11-15,1.8126865479830832,2.75
2004-11-16,2.506846442475816,3.71
2004-11-17,3.1230525044948743,21.3
2004-11-18,4.283501948651323,16.1
2004-11-19,3.241384439801461,8.13
2004-11-20,2.9914592940204874,5.82
2004-11-21,2.8353154707257953,11.0
2004-11-22,2.543327524611515,6.72
2004-11-23,2.436077908401364,5.15
2004-11-24,2.3532859286644667,4.45
2004-11-25,2.4120001044379653,4.01
2004-11-26,2.490045461657999,4.99
2004-11-27,2.59606252604018,4.16
2004-11-28,2.2536163970722174,4.49
2004-11-29,2.10466564905731,3.73
2004-11-30,2.0098351426253704,3.44
2004-12-01,1.9392650637034115,3.23
2004-12-02,1.8829731631255102,3.04
2004-12-03,1.9939690786348816,2.9
2004-12-04,1.8681549171414722,2.87
2004-12-05,1.8154508996872294,2.77
2004-12-06,1.780670651778704,2.65
2004-12-07,1.7520036227857825,2.55
2004-12-08,1.7303526844004022,2.45
2004-12-09,1.70914261066825,2.35
2004-12-10,1.7002871404350777,2.26
2004-12-11,1.6812878598933583,2.17
2004-12-12,1.667022902052968,2.1
2004-12-13,1.6558101336183517,2.03
2004-12-14,1.8244848086593546,1.97
2004-12-15,1.8566239988076052,1.97
2004-12-16,2.1534430836675287,2.04
2004-12-17,2.7872475605882108,3.1
2004-12-18,2.3715249767674567,4.35
2004-12-19,2.104446107792184,3.17
2004-12-20,2.323142442539174,2.73
2004-12-21,3.0416088780776467,3.28
2004-12-22,2.802318218900902,18.0
2004-12-23,2.411023041890089,6.02
2004-12-24,2.8939414193810027,6.97
2004-12-25,2.7136975947858013,5.32
2004-12-26,2.348913892766224,4.01
2004-12-27,3.515599218861807,9.59
2004-12-28,3.382313209352028,11.2
2004-12-29,2.711466671418651,7.89
2004-12-30,2.760910779823986,5.34
2004-12-31,2.4235760493184078,4.97
2005-01-01,2.7947580472701072,4.65
2005-01-02,2.3804078535949795,4.33
2005-01-03,2.201664832777465,3.78
2005-01-04,2.426604086694339,3.77
2005-01-05,2.4422973105066133,3.67
2005-01-06,2.168314043455769,3.47
2005-01-07,2.70070076151288,3.28
2005-01-08,2.2573130947909084,4.02
2005-01-09,2.17732317857382,3.22
2005-01-10,2.0495436186632507,3.04
2005-01-11,2.185902301000416,2.86
2005-01-12,2.0437765777134542,2.76
2005-01-13,1.9438782761287563,2.61
2005-01-14,1.8918020264529416,2.49
2005-01-15,1.880807196307924,2.41
2005-01-16,1.8812335069741646,2.33
2005-01-17,2.5294718480926397,3.16
2005-01-18,3.6553010977915132,7.84
2005-01-19,3.315652980809777,11.1
2005-01-20,4.280712846074811,23.0
2005-01-21,3.432456641216707,8.63
2005-01-22,2.8819206449735097,5.57
2005-01-23,2.61325755829184,4.39
2005-01-24,2.4290382717614656,3.76
2005-01-25,2.396639991263399,3.4
2005-01-26,2.281474916223889,3.18
2005-01-27,2.165872284266401,2.99
2005-01-28,2.167312556933459,2.85
2005-01-29,2.0376289413552087,2.71
2005-01-30,1.9711215005483946,2.57
2005-01-31,2.021362886649465,2.47
2005-02-01,1.9255598371289455,2.4
2005-02-02,2.0298177420779546,2.3
2005-02-03,1.9202112265787017,2.24
2005-02-04,1.8579308246662414,2.2
2005-02-05,2.479976681524529,2.15
2005-02-06,2.1309185118543597,2.59
2005-02-07,1.9930245101130468,2.57
2005-02-08,1.9296285100614656,2.39
2005-02-09,2.7549486643471757,2.36
2005-02-10,2.204091570681124,3.99
2005-02-11,4.254531441735216,13.0
2005-02-12,4.138437181502263,21.5
2005-02-13,3.4310854642319053,9.1
2005-02-14,3.0447598115743166,5.5
2005-02-15,2.647288512440015,4.29
2005-02-16,2.4774975571094133,3.67
2005-02-17,2.3239193437753256,3.35
2005-02-18,2.414082132707625,3.25
2005-02-19,2.197685082220482,3.02
2005-02-20,2.09262712846301,2.75
2005-02-21,2.242905079354918,2.61
2005-02-22,2.2848068606501766,2.52
2005-02-23,2.5956258404303605,2.45
2005-02-24,2.765197483007804,2.41
2005-02-25,2.5720158841851983,2.37
2005-02-26,2.3131970409556435,2.64
2005-02-27,2.1762747390267996,2.88
2005-02-28,2.615976555271354,2.74
2005-03-01,2.3389817838808225,3.84
2005-03-02,2.1795137244294676,3.32
2005-03-03,2.4318316922361767,2.89
2005-03-04,2.23693615572509,4.59
2005-03-05,2.1708262765005655,3.73
2005-03-06,2.0569412119981116,3.23
2005-03-07,1.983007518783926,3.18
2005-03-08,1.9286504254086123,3.96
2005-03-09,1.8866052783956113,3.65
2005-03-10,1.8531586515941483,3.58
2005-03-11,1.9280031242712823,3.75
2005-03-12,1.84046791670414,2.99
2005-03-13,1.8045630019690329,2.64
2005-03-14,2.1008408526994504,2.5
2005-03-15,1.8861721282657389,2.96
2005-03-16,1.9355235135408508,2.6
2005-03-17,1.8389154432214534,2.51
2005-03-18,1.796592660289842,2.38
2005-03-19,1.7661711722133313,2.27
2005-03-20,1.739370241528055,2.19
2005-03-21,1.865464115184724,2.12
2005-03-22,1.9393121421408779,2.36
2005-03-23,1.9396651176596609,2.53
2005-03-24,1.9168193875152322,2.44
2005-03-25,1.8086032844592905,2.37
2005-03-26,1.8295126392672945,2.28
2005-03-27,1.7591102429766936,2.23
2005-03-28,1.7150101217836609,2.12
2005-03-29,1.9471030177924435,2.06
2005-03-30,2.2061568463814036,3.63
2005-03-31,1.9117160909708677,3.73
2005-04-01,1.7985615312783894,2.98
2005-04-02,1.7364257175732503,2.72
2005-04-03,1.7253247811393784,2.52
2005-04-04,1.6615925705262147,2.39
2005-04-05,1.8805115471700318,2.28
2005-04-06,2.1634826980712782,2.62
2005-04-07,1.9468015103681393,3.43
2005-04-08,1.8057083768344129,2.68
2005-04-09,1.8218182452211635,2.44
2005-04-10,1.71841604807639,2.39
2005-04-11,1.671694679464011,2.29
2005-04-12,1.6301382794597332,2.2
2005-04-13,1.7705714683395033,2.15
2005-04-14,1.6338332767252208,2.19
2005-04-15,2.167849166636289,2.24
2005-04-16,1.7661934466179061,3.2
2005-04-17,2.6096549770032937,2.8
2005-04-18,2.100191711412211,8.57
2005-04-19,2.0612674615252495,3.9
2005-04-20,1.859735819211948,3.24
2005-04-21,1.7506439473009259,2.87
2005-04-22,1.6750052543921183,2.62
2005-04-23,1.614477583583902,2.43
2005-04-24,1.564448927388954,2.27
2005-04-25,1.5286819754450247,2.13
2005-04-26,1.6758195732059666,2.18
2005-04-27,1.61943527783989,2.48
2005-04-28,1.513363388996505,2.28
2005-04-29,1.8207491484844067,2.08
2005-04-30,1.991809025893739,2.49
2005-05-01,1.6849233952740852,3.12
2005-05-02,1.7581107697992364,2.6
2005-05-03,1.7180421437126696,2.41
2005-05-04,1.5933909951780758,2.23
2005-05-05,1.680902807226888,2.13
2005-05-06,2.185559567798065,4.3
2005-05-07,2.0352239643294863,4.95
2005-05-08,1.7817886239057887,3.31
2005-05-09,1.6479513526755878,2.76
2005-05-10,1.5591058731682892,2.48
2005-05-11,1.4976330669864804,2.29
2005-05-12,1.4482251633412946,1.97
2005-05-13,1.4073076851950963,1.77
2005-05-14,1.3730202263185591,1.64
2005-05-15,1.3440066584363546,1.55
2005-05-16,1.3193444171253421,1.49
2005-05-17,1.297587825773232,1.43
2005-05-18,1.279067731351062,1.36
2005-05-19,1.2620782791635676,1.33
2005-05-20,1.2469354128850099,1.29
2005-05-21,1.3146581198838478,1.27
2005-05-22,1.2847663874932944,1.3
2005-05-23,1.2356914616193468,1.27
2005-05-24,1.2325470710522997,1.31
2005-05-25,1.193949640782499,1.3
2005-05-26,1.1790226823999568,1.22
2005-05-27,1.1672167560415694,1.15
2005-05-28,1.156089418279585,1.13
2005-05-29,1.1453562371772008,1.04
2005-05-30,1.1348423233922158,0.994
2005-05-31,1.124950035212634,0.967
2005-06-01,1.2485281793968237,1.1
2005-06-02,1.123239377841143,1.13
2005-06-03,1.1348039977092825,1.12
2005-06-04,1.1376363203365558,1.14
2005-06-05,1.085030869088995,1.33
2005-06-06,1.0692850384418047,1.18
2005-06-07,1.057871853092995,1.05
2005-06-08,1.047108950191696,0.969
2005-06-09,1.0365565892218664,0.924
2005-06-10,1.0261419409748382,0.897
2005-06-11,1.0158062800752055,0.877
2005-06-12,1.006515707100344,0.855
2005-06-13,0.99985430912622,0.855
2005-06-14,0.9861641777765898,0.867
2005-06-15,0.9864100217235215,0.876
2005-06-16,0.9678664505740526,0.848
2005-06-17,0.9565583497579869,0.82
2005-06-18,0.9462389050691312,0.8
2005-06-19,1.1093908674405113,0.914
2005-06-20,0.9497542614467515,1.0
2005-06-21,0.9223829848478117,0.841
2005-06-22,0.9098322920209404,0.799
2005-06-23,0.9005617079293559,0.767
2005-06-24,0.9450700785780385,0.785
2005-06-25,0.8870501632412193,0.8
2005-06-26,0.8712638533997479,0.765
2005-06-27,0.8603721370040647,0.724
2005-06-28,1.0528445690823343,0.771
2005-06-29,0.868027332133594,0.872
2005-06-30,0.8384202561347023,0.808
2005-07-01,0.8256461609743063,0.762
2005-07-02,0.8143925623597262,0.74
2005-07-03,0.8045867690706519,0.709
2005-07-04,0.8351457945992788,0.703
2005-07-05,1.001379747814334,1.36
2005-07-06,0.9439187411043115,1.78
2005-07-07,0.7922582407448523,1.26
2005-07-08,0.7656229538660895,1.02
2005-07-09,0.7533506551369056,0.883
2005-07-10,0.7429951540218611,0.814
2005-07-11,0.7331257779888172,0.763
2005-07-12,0.7498223235014447,0.975
2005-07-13,0.7187962084167535,0.886
2005-07-14,0.706913269076022,0.737
2005-07-15,0.6973568751450915,0.701
2005-07-16,0.6882400014329716,0.67
2005-07-17,0.679329387386538,0.656
2005-07-18,0.6718947548709977,0.661
2005-07-19,0.6623421213884998,0.653
2005-07-20,0.653557140934877,0.642
2005-07-21,0.6451258288105993,0.655
2005-07-22,0.6369154121589441,0.666
2005-07-23,0.6287313505554679,0.665
2005-07-24,0.7414631812917178,0.699
2005-07-25,0.629240279252799,0.692
2005-07-26,0.6091764516691204,0.655
2005-07-27,0.7316090474066318,0.637
2005-07-28,0.8126586458866928,1.43
2005-07-29,0.6159181183638105,1.4
2005-07-30,0.5860153385001227,1.04
2005-07-31,0.5741872925862206,0.898
2005-08-01,0.565148179901037,0.823
2005-08-02,0.5569483815502569,0.762
2005-08-03,0.5487081829174899,0.711
2005-08-04,0.6104322205999291,0.676
2005-08-05,0.5430614912792715,0.73
2005-08-06,0.5285543433099131,0.687
2005-08-07,0.5201156259105579,0.644
2005-08-08,0.5125485996853861,0.611
2005-08-09,0.5055811437619553,0.594
2005-08-10,0.4982017516850378,0.59
2005-08-11,0.5047607828137968,0.59
2005-08-12,0.4881642410192434,0.6
2005-08-13,0.6937421826257407,3.32
2005-08-14,0.6951799740281888,2.08
2005-08-15,0.4979406599752367,1.34
2005-08-16,0.46882922302823193,1.06
2005-08-17,0.4587050665838124,0.895
2005-08-18,0.45123786541075533,0.797
2005-08-19,0.44391551863490897,0.736
2005-08-20,0.43706468801524223,0.699
2005-08-21,0.5807124487023194,0.676
2005-08-22,0.44508626369958193,0.741
2005-08-23,0.45239208668484193,0.702
2005-08-24,0.4784318340964634,0.847
2005-08-25,0.514670364408026,1.04
2005-08-26,0.41944620295904944,1.5
2005-08-27,0.40239996362108,1.11
2005-08-28,0.39447994629403604,0.918
2005-08-29,0.38857923934291216,0.833
2005-08-30,0.3817019150005408,0.791
2005-08-31,0.3768985577356012,0.749
2005-09-01,0.3700981864734086,0.726
2005-09-02,0.36432727192905723,0.686
2005-09-03,0.3588668335845163,0.656
2005-09-04,0.37191012273475405,0.646
2005-09-05,0.35191057241232027,0.68
2005-09-06,0.3448590417077019,0.665
2005-09-07,0.339644676376504,0.636
2005-09-08,0.5210596812981203,0.715
2005-09-09,0.3559219923758882,0.991
2005-09-10,0.40402954373665206,0.948
2005-09-11,0.33384013915445493,0.983
2005-09-12,0.3208966057266619,0.85
2005-09-13,0.31531529420202586,0.747
2005-09-14,0.3101252547794325,0.701
2005-09-15,0.5062581710717337,1.21
2005-09-16,0.3266220366390316,1.85
2005-09-17,0.30201878249035913,1.21
2005-09-18,0.29425115019604087,1.01
2005-09-19,0.28888538795204793,0.905
2005-09-20,0.2839925323762045,0.817
2005-09-21,0.27934709459754814,0.773
2005-09-22,0.2756032744674696,0.736
2005-09-23,0.27997016803673297,0.73
2005-09-24,0.2691238071901918,0.728
2005-09-25,0.26363510857494943,0.713
2005-09-26,0.25981097313947704,0.695
2005-09-27,0.2554929139230536,0.694
2005-09-28,0.4542989547271111,0.947
2005-09-29,0.48517241215934687,4.66
2005-09-30,0.5043425789581468,8.86
2005-10-01,0.4913475861512651,4.5
2005-10-02,0.2873566882816687,2.87
2005-10-03,0.25686330247312533,2.24
2005-10-04,0.24709369626973318,1.92
2005-10-05,0.24043206750626045,1.66
2005-10-06,0.23513349612746837,1.47
2005-10-07,0.22990011224808393,1.36
2005-10-08,0.37259503481539735,1.63
2005-10-09,0.24502329212836416,1.79
2005-10-10,0.22570554632437367,1.51
2005-10-11,0.34267101324999394,1.48
2005-10-12,0.4707758819318927,5.36
2005-10-13,0.2941293898183824,4.08
2005-10-14,0.23359947476082973,2.61
2005-10-15,0.22002183446440102,2.19
2005-10-16,0.2125833055239783,1.95
2005-10-17,0.20665293064448204,1.75
2005-10-18,0.4029658721640833,1.7
2005-10-19,0.24927145082956206,3.18
2005-10-20,0.2553639042580211,2.34
2005-10-21,0.44041110311330556,7.83
2005-10-22,0.2885166781327462,4.64
2005-10-23,1.0880216749092975,8.04
2005-10-24,2.0660519289272203,36.9
2005-10-25,1.7193199848049099,15.6
2005-10-26,1.7713763026250102,8.85
2005-10-27,1.3698679173584367,5.91
2005-10-28,1.2058090371535473,4.6
2005-10-29,1.0303206061960544,3.86
2005-10-30,1.3310049972670592,5.35
2005-10-31,1.6836036295363694,3.98
2005-11-01,2.2385072903940286,11.1
2005-11-02,1.6853414198450243,10.5
2005-11-03,1.5093803732046518,6.34
2005-11-04,1.5274271550374017,6.81
2005-11-05,1.9646834734009169,5.04
2005-11-06,2.0391070758042362,16.1
2005-11-07,2.616795519104931,11.2
2005-11-08,3.6084490103026603,24.1
2005-11-09,2.5092387195383754,10.1
2005-11-10,2.041570316526294,6.45
2005-11-11,1.8365779820271562,5.56
2005-11-12,1.4929925405816888,4.65
2005-11-13,1.292546456418246,3.86
2005-11-14,1.2649878813195758,3.46
2005-11-15,1.2191525355452164,3.38
2005-11-16,1.0372967236527115,3.17
2005-11-17,0.9413393244490542,2.86
2005-11-18,0.8735266635325326,2.66
2005-11-19,0.8207663896891031,2.51
2005-11-20,0.7808936164336188,2.4
2005-11-21,0.7514320831142781,2.31
2005-11-22,0.7271328698505449,2.22
2005-11-23,0.812694488029604,2.13
2005-11-24,1.0010014566931449,2.2
2005-11-25,0.8760370734775192,2.19
2005-11-26,0.8848358503864657,2.06
2005-11-27,0.8654180581996834,1.98
2005-11-28,1.0071896709758494,1.91
2005-11-29,0.9317973450523784,1.81
2005-11-30,1.0125090970684307,1.92
2005-12-01,2.1494773850899436,6.54
2005-12-02,2.8007282136688483,18.1
2005-12-03,2.5492663089121184,15.5
2005-12-04,3.0119726329190994,9.35
2005-12-05,3.2072960427517927,20.8
2005-12-06,2.491589639930085,9.62
2005-12-07,2.795377688068158,8.11
2005-12-08,2.098017403663117,7.74
2005-12-09,1.8451651321969835,5.21
2005-12-10,1.6354810828609274,4.49
2005-12-11,1.5055678788457794,3.89
2005-12-12,1.3816434171270007,3.49
2005-12-13,1.2994092666956065,3.16
2005-12-14,1.2275197698866391,2.97
2005-12-15,1.5406466421645644,2.81
2005-12-16,1.296569155514044,3.26
2005-12-17,1.2190992232854896,2.82
2005-12-18,1.419945732872227,2.6
2005-12-19,1.2488975602830494,2.73
2005-12-20,1.2045096376866302,2.62
2005-12-21,1.4334519665904375,2.53
2005-12-22,1.260301702811697,2.66
2005-12-23,1.6985467962506924,3.2
2005-12-24,1.3788048935226946,3.57
2005-12-25,1.2969025771030016,2.87
2005-12-26,1.2812505657242599,2.66
2005-12-27,1.2584361561656525,2.52
2005-12-28,1.2119986437835295,2.37
2005-12-29,1.6046609531018179,2.24
2005-12-30,2.3872174443593104,7.34
2005-12-31,2.1975577558776656,7.24
2006-01-01,1.7503867046482728,5.86
2006-01-02,1.6616678271504837,3.98
2006-01-03,1.5774533321078956,3.55
2006-01-04,1.467810333082669,3.17
2006-01-05,1.398382045107706,2.92
2006-01-06,1.3504737428248328,2.74
2006-01-07,1.443325477688235,2.62
2006-01-08,1.3310656735895532,2.52
2006-01-09,1.7490188043910135,2.42
2006-01-10,2.6451006578055947,5.13
2006-01-11,1.954820847287708,7.51
2006-01-12,1.706731312281069,4.0
2006-01-13,1.7509461837317344,3.38
2006-01-14,1.5831498467858873,3.19
2006-01-15,1.4973607809203915,2.94
2006-01-16,2.300790426264586,3.71
2006-01-17,2.23597416730256,5.37
2006-01-18,2.0351559804740846,7.99
2006-01-19,2.181596351339216,4.88
2006-01-20,1.8305153260793365,4.9
2006-01-21,1.6835376308552952,3.76
2006-01-22,1.5868026637089854,3.32
2006-01-23,1.5123254716210408,3.05
2006-01-24,1.455019364375439,2.84
2006-01-25,1.406465459177247,2.68
2006-01-26,1.3687908207668045,2.54
2006-01-27,1.4600383282639577,2.43
2006-01-28,1.367922416234486,2.34
2006-01-29,1.332934090831958,2.22
2006-01-30,1.308936162972315,2.12
2006-01-31,1.2897968519553655,2.03
2006-02-01,1.27404367525324,1.94
2006-02-02,1.260899730074698,1.85
2006-02-03,1.2499435760712319,1.79
2006-02-04,1.2408266436090865,1.74
2006-02-05,1.236601473762626,1.69
2006-02-06,1.2245268390777686,1.65
2006-02-07,1.8574343182453166,1.72
2006-02-08,1.4610922157452582,2.4
2006-02-09,1.3767179840585109,2.12
2006-02-10,1.3349167425704196,1.89
2006-02-11,1.8093942375403556,1.75
2006-02-12,2.4181759152443782,7.68
2006-02-13,2.0741421088626573,4.75
2006-02-14,2.7726573269265957,5.93
2006-02-15,2.071921392038673,7.13
2006-02-16,2.258777210202823,4.14
2006-02-17,1.8991950287618793,4.55
2006-02-18,1.7443716785341605,3.43
2006-02-19,1.634811074969053,2.96
2006-02-20,1.6398682603287247,2.71
2006-02-21,1.7649600604894722,2.56
2006-02-22,1.7981361302762127,2.52
2006-02-23,2.663531383823107,3.22
2006-02-24,2.157670219713604,4.34
2006-02-25,2.0396189668493574,3.73
2006-02-26,1.8120448559736373,3.92
2006-02-27,2.4856851622843643,6.46
2006-02-28,1.9304273156005747,5.25
2006-03-01,1.77330278704499,3.68
2006-03-02,1.6776311845966645,3.15
2006-03-03,1.6656440646114898,2.84
2006-03-04,1.6519864779948352,2.66
2006-03-05,1.5957824679320738,2.52
2006-03-06,1.7765080146907737,2.46
2006-03-07,2.635815189894097,6.76
2006-03-08,2.9598049052974864,17.9
2006-03-09,2.753695947840079,7.61
2006-03-10,2.9734383175814108,14.8
2006-03-11,2.327808307082678,6.85
2006-03-12,2.2684464611378985,4.9
2006-03-13,2.2063442640740414,4.28
2006-03-14,3.2453145738933813,5.02
2006-03-15,2.4755961978955625,13.5
2006-03-16,2.2623405833955017,5.65
2006-03-17,2.0536153446666883,4.61
2006-03-18,1.8870102492588547,3.98
2006-03-19,1.7871185167376817,3.68
2006-03-20,1.6949816388825538,3.41
2006-03-21,1.6235977053627886,3.09
2006-03-22,1.5689519171024047,2.89
2006-03-23,1.8187897955033083,2.73
2006-03-24,2.3761486099170503,3.19
2006-03-25,2.56683184012918,7.64
2006-03-26,2.7524003158521944,11.7
2006-03-27,2.7059175542306826,11.6
2006-03-28,2.720857217944681,8.27
2006-03-29,3.237886186856814,9.31
2006-03-30,2.851034457635476,9.62
2006-03-31,3.0325261339188803,7.27
2006-04-01,2.6990720996008797,7.56
2006-04-02,3.1944744140304544,8.63
2006-04-03,2.551963925465346,7.66
2006-04-04,2.2822629564048813,5.03
2006-04-05,2.117265833702937,4.21
2006-04-06,2.1677221921374694,3.78
2006-04-07,2.4536992670802746,3.57
2006-04-08,2.4549244188200077,4.62
2006-04-09,2.5095246925872057,4.4
2006-04-10,2.2893195441676077,3.86
2006-04-11,2.644396037770383,6.88
2006-04-12,2.209497537945614,4.99
2006-04-13,2.051987491713141,3.95
2006-04-14,1.969489274351666,3.41
2006-04-15,1.8728466960340386,3.16
2006-04-16,1.808972697841014,2.98
2006-04-17,1.9465963817457257,2.84
2006-04-18,2.369926007518468,3.0
2006-04-19,2.128870061876651,7.51
2006-04-20,2.508808031320133,4.81
2006-04-21,2.1180379702102043,4.47
2006-04-22,1.9796082827107713,3.7
2006-04-23,1.8913899634330091,3.23
2006-04-24,1.8287721395943664,2.95
2006-04-25,1.7767252417853905,2.77
2006-04-26,1.7361129913037678,2.59
2006-04-27,1.7033033803971325,2.43
2006-04-28,1.6764626219204484,2.27
2006-04-29,1.6545887655169593,2.13
2006-04-30,1.7252148255443593,2.04
2006-05-01,1.633239184003313,2.1
2006-05-02,1.6099281279613014,1.97
2006-05-03,1.5963146143746578,1.82
2006-05-04,1.5850212036658067,1.71
2006-05-05,1.5748724129542269,1.63
2006-05-06,1.565805079386973,1.57
2006-05-07,1.5779096359660387,1.52
2006-05-08,1.6473399811050606,1.63
2006-05-09,1.5540930297920683,1.9
2006-05-10,1.5357573130687578,1.66
2006-05-11,1.5258546937903736,1.49
2006-05-12,1.5440611589181956,1.4
2006-05-13,1.5134870939838507,1.39
2006-05-14,1.5015753818509543,1.39
2006-05-15,1.6132126420431323,2.59
2006-05-16,1.5413522787816758,2.61
2006-05-17,1.6806403212286032,4.11
2006-05-18,1.6937366071884299,3.59
2006-05-19,2.4528569831111082,9.16
2006-05-20,2.2010488463100786,11.4
2006-05-21,3.47954525672598,10.9
2006-05-22,3.6898684954132532,23.0
2006-05-23,4.261708090144012,9.32
2006-05-24,3.3984092234100904,18.0
2006-05-25,3.7732000668822896,6.33
2006-05-26,3.058853020222712,11.9
2006-05-27,2.6253170445525438,5.92
2006-05-28,2.4403718418427727,4.82
2006-05-29,2.4397429244085598,4.38
2006-05-30,2.164465762413137,3.8
2006-05-31,2.028232881007591,3.33
2006-06-01,1.9152134946657033,3.05
2006-06-02,1.829725936438323,2.84
2006-06-03,1.7617577615188684,2.65
2006-06-04,1.7069435287512162,2.46
2006-06-05,1.6624658772931373,2.3
2006-06-06,1.626158458640322,2.15
2006-06-07,1.5962956846960017,2.02
2006-06-08,1.5715205202152942,1.92
2006-06-09,1.5506852208061694,1.84
2006-06-10,1.532964671814165,1.75
2006-06-11,1.5186088723637932,1.67
2006-06-12,1.505558306469836,1.76
2006-06-13,1.4934231640505966,1.76
2006-06-14,1.4814542507288107,1.63
2006-06-15,1.4710101920661784,1.54
2006-06-16,1.4613872428117816,1.46
2006-06-17,1.452160044764853,1.41
2006-06-18,1.4435200143614644,1.37
2006-06-19,1.4359956000963077,1.35
2006-06-20,1.4649357918964963,1.35
2006-06-21,1.4237845414333294,1.34
2006-06-22,1.4112093700093724,1.28
2006-06-23,1.401245342548579,1.26
2006-06-24,1.392040496710698,1.22
2006-06-25,1.3828684784036893,1.17
2006-06-26,1.4308053572391854,1.15
2006-06-27,1.3729987953151106,1.18
2006-06-28,1.3576835739539903,1.15
2006-06-29,1.3471594759102223,1.11
2006-06-30,1.3371383627591942,1.08
2006-07-01,1.327138517809733,1.06
2006-07-02,1.4999180134457748,1.19
2006-07-03,1.3319775854284306,1.23
2006-07-04,1.3034905358687876,1.07
2006-07-05,1.3452330505728394,1.05
2006-07-06,1.287979166235959,1.24
2006-07-07,1.2710396890841154,1.01
2006-07-08,1.2596903554623538,0.96
2006-07-09,1.2478873019499312,0.94
2006-07-10,1.2366360204614337,0.918
2006-07-11,1.2254757923603683,0.889
2006-07-12,1.2144109696548955,0.863
2006-07-13,1.2033141315230598,0.841
2006-07-14,1.1922491632418828,0.829
2006-07-15,1.1811902596403334,0.817
2006-07-16,1.1701308636104197,0.804
2006-07-17,1.1590677761195747,0.776
2006-07-18,1.1480009211610318,0.753
2006-07-19,1.1379817219946795,0.736
2006-07-20,1.1259743109386324,0.736
2006-07-21,1.114860523374758,0.726
2006-07-22,1.1445477002316489,0.754
2006-07-23,1.0995699512200003,0.753
2006-07-24,1.0842992290819613,0.714
2006-07-25,1.072444585918337,0.696
2006-07-26,1.0610073793325752,0.678
2006-07-27,1.0497315318787712,0.659
2006-07-28,1.0384919160713957,0.656
2006-07-29,1.0287062956593456,0.651
2006-07-30,1.0166344516933723,0.656
2006-07-31,1.0374154329428704,0.658
2006-08-01,1.003596852551155,0.692
2006-08-02,1.1453126326121679,0.878
2006-08-03,0.996195357035414,0.905
2006-08-04,0.9692390311578757,0.748
2006-08-05,0.9555568579071679,0.709
2006-08-06,0.94496496518548,0.682
2006-08-07,0.9326399745326949,0.663
2006-08-08,0.9223718186790949,0.643
2006-08-09,0.9107657138665841,0.634
2006-08-10,0.8997315291565819,0.623
2006-08-11,0.8890843899417967,0.603
2006-08-12,0.880128130195708,0.592
2006-08-13,0.8697333361966073,0.601
2006-08-14,0.8578692012742619,0.609
2006-08-15,0.8474800468513014,0.612
2006-08-16,0.838043513900804,0.611
2006-08-17,1.0201179574636845,0.63
2006-08-18,0.8712300394055924,0.739
2006-08-19,0.9788968946061245,0.733
2006-08-20,0.9372035381043263,0.947
2006-08-21,0.8127286735339598,1.11
2006-08-22,0.7886340725420276,0.816
2006-08-23,0.9818656537722299,0.901
2006-08-24,0.8473102674279781,1.26
2006-08-25,0.8541316623468912,0.951
2006-08-26,0.7671592507304208,0.938
2006-08-27,0.9714170828954357,0.967
2006-08-28,0.9372395568058298,2.24
2006-08-29,0.8913581189968254,2.2
2006-08-30,0.8514234468926148,2.1
2006-08-31,0.9236565466689038,2.09
2006-09-01,0.7526312839967846,2.93
2006-09-02,0.9424065024437653,3.19
2006-09-03,0.741071034412712,3.4
2006-09-04,0.7400023317935622,2.42
2006-09-05,0.6928594547862302,2.02
2006-09-06,0.6751144414476079,1.66
2006-09-07,0.6612994160161405,1.42
2006-09-08,0.6491432131207072,1.26
2006-09-09,0.6379588467393195,1.16
2006-09-10,0.6275302141941005,1.08
2006-09-11,0.6703378389208404,1.02
2006-09-12,0.6159787482353651,0.985
2006-09-13,0.8111840423313793,0.957
2006-09-14,0.88956451881312,5.21
2006-09-15,0.8427042685339446,3.18
2006-09-16,0.6336215571593322,2.31
2006-09-17,0.5980898217987394,1.8
2006-09-18,0.6367199757011849,1.53
2006-09-19,0.580102899577813,1.46
2006-09-20,0.5637498812481053,1.29
2006-09-21,0.5527663140468816,1.16
2006-09-22,0.7468944818984059,1.71
2006-09-23,0.6361821769425483,1.94
2006-09-24,0.804548998143925,1.8
2006-09-25,0.6377597633307415,1.56
2006-09-26,0.5931338033561866,1.3
2006-09-27,0.5877398375190386,1.19
2006-09-28,0.6255844206542133,1.12
2006-09-29,0.7169524263606587,1.16
2006-09-30,1.009727671294215,1.27
2006-10-01,1.2731354543471607,1.85
2006-10-02,1.04494007596597,2.26
2006-10-03,1.210560343486493,2.23
2006-10-04,0.9425859161372926,2.38
2006-10-05,1.7038471027473567,6.22
2006-10-06,1.805046989228914,6.14
2006-10-07,1.221493639682207,4.84
2006-10-08,1.3535866306277373,3.38
2006-10-09,1.5777078709199264,4.26
2006-10-10,1.184146226910273,4.36
2006-10-11,1.8926880134295432,6.39
2006-10-12,1.2827361865955678,4.7
2006-10-13,1.0870422219865958,3.61
2006-10-14,0.9668712235599456,3.03
2006-10-15,0.8770502789922903,2.69
2006-10-16,0.8729269246908372,2.46
2006-10-17,0.7855088360873332,2.31
2006-10-18,1.1978140210908708,2.14
2006-10-19,1.0871924135574105,2.58
2006-10-20,1.1572629488301713,2.79
2006-10-21,1.435969200510062,2.93
2006-10-22,1.9419520835978639,6.35
2006-10-23,1.305814843936706,5.25
2006-10-24,1.1179642345863436,3.82
2006-10-25,2.5903803031420902,10.3
2006-10-26,1.847854154367004,7.08
2006-10-27,1.667204210581405,4.98
2006-10-28,1.3483520691206374,4.31
2006-10-29,1.195070626921947,3.6
2006-10-30,1.1654359842793358,3.15
2006-10-31,1.0488152583648476,2.91
2006-11-01,0.954903510474875,2.67
2006-11-02,0.8932987894654789,2.46
2006-11-03,0.8459566721765187,2.29
2006-11-04,0.8091217049543121,2.12
2006-11-05,0.7801935030803119,2.0
2006-11-06,0.7579696695697601,1.91
2006-11-07,0.8399035621397691,1.81
2006-11-08,1.0564111743965843,1.85
2006-11-09,0.8704971102834438,1.92
2006-11-10,1.4244519219150245,1.97
2006-11-11,1.430798621250377,2.59
2006-11-12,1.400038436175357,2.68
2006-11-13,1.1366030986565363,3.03
2006-11-14,1.7497886893928356,2.74
2006-11-15,1.2843411450443307,4.66
2006-11-16,1.158218709020473,3.33
2006-11-17,1.1229696432746237,2.82
2006-11-18,1.0310793064893624,2.54
2006-11-19,1.5364763189706139,2.38
2006-11-20,1.2717348154611656,2.74
2006-11-21,1.922281439816059,4.39
2006-11-22,2.7477949299849964,9.54
2006-11-23,1.9715070628866844,10.4
2006-11-24,3.8090435864819967,15.0
2006-11-25,2.945613693355223,18.4
2006-11-26,2.4960067297743826,7.39
2006-11-27,2.6419107101485353,5.49
2006-11-28,2.0429513651125397,6.51
2006-11-29,1.7826488695611715,4.7
2006-11-30,1.7285603934279465,4.0
2006-12-01,1.532819018775518,3.68
2006-12-02,2.1280380625589506,3.34
2006-12-03,1.633706943924612,4.34
2006-12-04,2.7125861839042216,3.97
2006-12-05,2.4522124844898467,9.66
2006-12-06,3.072144443714734,8.03
2006-12-07,3.1634500242165124,15.8
2006-12-08,2.6114353051437345,9.14
2006-12-09,2.247590425026534,6.47
2006-12-10,3.660749176403231,5.52
2006-12-11,2.7486411617625377,14.6
2006-12-12,2.462082717793229,6.81
2006-12-13,2.110872623545034,5.33
2006-12-14,2.745116112267667,4.46
2006-12-15,3.325847282515391,11.2
2006-12-16,2.6966603267961062,7.89
2006-12-17,2.488282286401595,6.39
2006-12-18,2.1464728824116124,5.27
2006-12-19,1.9626742239355435,4.43
2006-12-20,1.8284747328119408,3.9
2006-12-21,1.724764739503965,3.56
2006-12-22,1.6434938013563778,3.3
2006-12-23,1.5793286644031115,3.1
2006-12-24,1.5304023916092573,2.91
2006-12-25,1.4941866170521128,2.76
2006-12-26,1.4661937894953079,2.64
2006-12-27,1.7347054682312648,2.56
2006-12-28,1.6581732264882427,2.55
2006-12-29,3.1440389103725757,7.51
2006-12-30,2.9298974425303745,11.7
2006-12-31,2.794016134158302,6.82
2007-01-01,3.441137909697796,8.26
2007-01-02,3.1054788862897165,12.0
2007-01-03,3.257216427897308,7.94
2007-01-04,2.664063764284258,7.98
2007-01-05,2.5312124065642223,6.19
2007-01-06,2.805677116012892,5.52
2007-01-07,3.1205854548187117,7.75
2007-01-08,3.045893785519013,8.9
2007-01-09,3.982254263682093,13.2
2007-01-10,4.132436366387067,10.7
2007-01-11,3.6191160511676586,13.6
2007-01-12,2.969339042549355,7.1
2007-01-13,2.963301079911364,5.74
2007-01-14,2.6020357196783683,4.94
2007-01-15,2.5444561348213712,4.27
2007-01-16,3.162546042309868,4.26
2007-01-17,4.459605957976492,6.86
2007-01-18,3.966032197736344,17.7
2007-01-19,3.8694501842470532,8.36
2007-01-20,4.090514624852345,9.3
2007-01-21,3.690631584776464,9.25
2007-01-22,3.131183696949953,6.2
2007-01-23,2.940914812920765,4.96
2007-01-24,2.7852331828981485,4.4
2007-01-25,2.725145783161098,3.95
2007-01-26,2.5140411871389126,4.06
2007-01-27,2.389611328549844,3.83
2007-01-28,2.365252919321768,3.47
2007-01-29,2.2593846646010394,3.28
2007-01-30,2.1940881115008106,3.05
2007-01-31,2.48300768698982,3.36
2007-02-01,2.2568277032587587,3.67
2007-02-02,2.1823600356455573,3.16
2007-02-03,2.1379336034880687,2.91
2007-02-04,2.1041035908631747,2.77
2007-02-05,2.0775994304052374,2.62
2007-02-06,2.056627916972352,2.5
2007-02-07,2.049370801534271,2.36
2007-02-08,2.132192506218154,2.28
2007-02-09,3.1667471930338777,2.2
2007-02-10,3.7977959001009016,4.84
2007-02-11,3.5398054085305057,18.2
2007-02-12,3.3511311455669737,10.6
2007-02-13,3.3234533709156837,7.3
2007-02-14,2.8710897717437804,5.95
2007-02-15,3.0902726333829755,4.59
2007-02-16,3.6492167876506088,8.71
2007-02-17,2.9709292484058185,6.02
2007-02-18,2.7583771287771754,4.66
2007-02-19,3.1560944241695763,4.35
2007-02-20,2.863707785761712,4.81
2007-02-21,3.3397632287649026,4.2
2007-02-22,3.6859490274390927,8.42
2007-02-23,3.727084137419423,9.32
2007-02-24,3.5208765174042242,9.23
2007-02-25,3.3926032985354526,7.46
2007-02-26,3.678938331745908,6.31
2007-02-27,3.439463158518864,7.93
2007-02-28,3.240601264719955,6.72
2007-03-01,3.095031963252745,5.44
2007-03-02,3.9163960627858003,5.25
2007-03-03,3.1735130452474847,7.67
2007-03-04,4.362945282567448,17.1
2007-03-05,4.260368226863197,9.44
2007-03-06,3.5232915343263356,9.85
2007-03-07,3.178190994438708,5.95
2007-03-08,3.2851426695992645,4.97
2007-03-09,2.9604207628545365,4.54
2007-03-10,2.7987079821309906,3.96
2007-03-11,2.6824247545505266,3.61
2007-03-12,2.595671344276188,3.31
2007-03-13,2.515357916025024,3.08
2007-03-14,2.4549695058894514,2.89
2007-03-15,2.4367788556396097,2.76
2007-03-16,2.4741548455518947,2.66
2007-03-17,2.7387885735304986,2.58
2007-03-18,3.0150952993849494,2.68
2007-03-19,2.757052649192927,3.42
2007-03-20,2.5849114424612285,3.13
2007-03-21,2.758834955417687,2.77
2007-03-22,2.554752475585456,2.74
2007-03-23,2.4728235260412603,2.75
2007-03-24,2.413260534752056,2.56
2007-03-25,2.3673039977382806,2.44
2007-03-26,2.328669839337622,2.32
2007-03-27,2.296605373953734,2.21
2007-03-28,2.272958253895107,2.1
2007-03-29,2.248310637228886,2.02
2007-03-30,2.2250627217280723,1.96
2007-03-31,2.2060467408040023,1.86
2007-04-01,2.188937362930951,1.79
2007-04-02,2.173379138633706,1.74
2007-04-03,2.158158079826121,1.58
2007-04-04,2.1438033194464685,1.52
2007-04-05,2.129914667231808,1.47
2007-04-06,2.1163120527399983,1.41
2007-04-07,2.102862334296262,1.38
2007-04-08,2.0894799776470845,1.34
2007-04-09,2.076358299221729,1.32
2007-04-10,2.0626636570250403,1.3
2007-04-11,2.049081952123443,1.27
2007-04-12,2.035393745789515,1.24
2007-04-13,2.0215578143505404,1.21
2007-04-14,2.0075590249206856,1.19
2007-04-15,1.9933931544725767,1.16
2007-04-16,1.9790476404223474,1.12
2007-04-17,1.9645300351359247,1.1
2007-04-18,1.9498422366127892,1.08
2007-04-19,1.934988203168182,1.06
2007-04-20,1.9199739899494,1.05
2007-04-21,1.9048077415444657,1.04
2007-04-22,1.8898707963920445,1.02
2007-04-23,2.077294050447956,1.08
2007-04-24,1.9289193032093963,1.27
2007-04-25,1.8561549875757073,1.21
2007-04-26,1.8333378099809716,1.09
2007-04-27,1.815487974590349,1.03
2007-04-28,1.7986205438979617,1.0
2007-04-29,1.7819290561890713,0.979
2007-04-30,1.76530326160251,0.958
2007-05-01,1.7487175945843618,0.924
2007-05-02,1.7321581096532237,0.86
2007-05-03,1.715616812631555,0.84
2007-05-04,1.699088639455312,0.831
2007-05-05,1.6825706583925337,0.816
2007-05-06,1.6662198338796426,0.795
2007-05-07,1.779741640259113,0.797
2007-05-08,1.7279489557280465,0.957
2007-05-09,1.8030044993287078,1.11
2007-05-10,1.629694956628364,1.2
2007-05-11,1.6974635292595968,1.09
2007-05-12,1.5895986766781496,1.13
2007-05-13,1.7760303207444676,2.91
2007-05-14,1.768667052816725,3.56
2007-05-15,1.708970115523511,2.6
2007-05-16,1.777509995554671,2.99
2007-05-17,1.5503602690787928,5.68
2007-05-18,1.5047238774510707,3.32
2007-05-19,1.4817098119642738,2.64
2007-05-20,1.4593185049768613,2.19
2007-05-21,1.43960849617777,1.84
2007-05-22,1.4208964572129765,1.62
2007-05-23,1.4028895484915034,1.48
2007-05-24,1.385570823588405,1.37
2007-05-25,1.3684167704204577,1.29
2007-05-26,1.3778838097124788,1.23
2007-05-27,1.382718545739976,1.23
2007-05-28,1.3451405945812112,1.2
2007-05-29,1.3098428326557328,1.15
2007-05-30,1.2921697398197949,1.11
2007-05-31,1.2760789509345059,1.08
2007-06-01,1.259533245088449,1.02
2007-06-02,1.2439775963327664,0.963
2007-06-03,1.2287711201133074,0.928
2007-06-04,1.2136850778861885,0.906
2007-06-05,1.1988138018237195,0.879
2007-06-06,1.184110339774971,0.858
2007-06-07,1.169559466861473,0.831
2007-06-08,1.1551517006836765,0.831
2007-06-09,1.1408816123686008,0.826
2007-06-10,1.1267406253857049,0.816
2007-06-11,1.1134841853644197,0.793
2007-06-12,1.099143631689666,0.779
2007-06-13,1.294750745399755,0.876
2007-06-14,1.316872760239026,1.5
2007-06-15,1.3366011643467404,7.61
2007-06-16,1.307956136911504,4.16
2007-06-17,1.3051830827276896,3.07
2007-06-18,1.2939700839452417,2.82
2007-06-19,1.1256339701206854,2.77
2007-06-20,1.042218848625497,2.42
2007-06-21,1.1003085101860115,2.13
2007-06-22,1.0825630619288562,2.13
2007-06-23,1.0651660309109685,2.1
2007-06-24,1.7275560975734663,3.2
2007-06-25,3.0217190410265644,39.8
2007-06-26,2.1614762218111414,8.75
2007-06-27,1.9347378201575134,5.29
2007-06-28,2.9583348178620503,4.25
2007-06-29,2.1875240697638256,6.99
2007-06-30,2.8248612874163985,6.05
2007-07-01,2.1547067016457073,7.02
2007-07-02,3.113468013751201,12.8
2007-07-03,3.452081242808681,15.8
2007-07-04,3.653794034578346,17.9
2007-07-05,3.8219917865213864,13.7
2007-07-06,3.1777379861044177,11.1
2007-07-07,2.5272331997430277,6.83
2007-07-08,2.2577530177399905,5.89
2007-07-09,2.0028469740015793,5.04
2007-07-10,1.8118297431842316,4.3
2007-07-11,1.6410267493555888,3.81
2007-07-12,1.5870684572551128,3.42
2007-07-13,2.0944902829101575,12.9
2007-07-14,1.8611994564036425,7.22
2007-07-15,2.738000686476567,8.31
2007-07-16,2.0447649926440383,6.48
2007-07-17,2.0795261214514453,5.3
2007-07-18,1.8580729075080447,4.75
2007-07-19,1.928121989132583,4.15
2007-07-20,2.5242790488482325,5.11
2007-07-21,2.0172918447881383,5.34
2007-07-22,1.7923171798466986,4.58
2007-07-23,1.6281330416904358,4.16
2007-07-24,1.7046095246692483,3.69
2007-07-25,1.7004793499789184,3.56
2007-07-26,2.3415805981791555,8.14
2007-07-27,1.8117993240161927,5.23
2007-07-28,1.6769216759894994,4.19
2007-07-29,1.5481628503608744,3.7
2007-07-30,1.474920514973776,3.36
2007-07-31,1.4200238683165394,3.13
2007-08-01,1.3770420767649472,2.79
2007-08-02,1.3425246321126785,2.55
2007-08-03,1.3151847436419957,2.36
2007-08-04,1.293353287558014,2.22
2007-08-05,1.2758547932473963,2.09
2007-08-06,1.263825100370799,1.99
2007-08-07,1.2502402214691053,1.92
2007-08-08,1.2403855007284064,1.82
2007-08-09,1.2322237166799845,1.74
2007-08-10,1.225205219988206,1.66
2007-08-11,1.2196551526252042,1.61
2007-08-12,1.2145688452520842,1.58
2007-08-13,1.3266977900707295,1.54
2007-08-14,1.4216959128185807,1.89
2007-08-15,1.2307020219577207,2.0
2007-08-16,1.213694667562588,1.77
2007-08-17,1.1983631351763457,1.64
2007-08-18,1.3532019779831999,1.77
2007-08-19,1.2293188758388818,2.4
2007-08-20,1.1906570095028532,2.28
2007-08-21,1.1796779194657832,1.85
2007-08-22,1.172027377897173,1.62
2007-08-23,1.16492148611172,1.48
2007-08-24,1.1579751444219462,1.38
2007-08-25,1.151093353424704,1.33
2007-08-26,1.1442241905320836,1.28
2007-08-27,1.137330005132831,1.24
2007-08-28,1.1304285184687675,1.23
2007-08-29,1.1238588899809705,1.19
2007-08-30,1.116346535371785,1.15
2007-08-31,1.1097262911882575,1.13
2007-09-01,1.1023560521945392,1.12
2007-09-02,1.2963326108638258,1.3
2007-09-03,1.1139770612089026,1.48
2007-09-04,1.086158173743593,1.25
2007-09-05,1.0753579173762624,1.15
2007-09-06,1.0665647734258399,1.11
2007-09-07,1.0580350778018874,1.06
2007-09-08,1.0495495937574484,1.01
2007-09-09,1.04142777401946,0.966
2007-09-10,1.032606907243076,0.941
2007-09-11,1.0240504794219933,0.916
2007-09-12,1.0154940847939766,0.901
2007-09-13,1.0073613815746942,0.887
2007-09-14,0.9983547163387342,0.869
2007-09-15,0.9896403774162745,0.866
2007-09-16,0.9901780146908931,0.847
2007-09-17,1.0959986265174178,0.886
2007-09-18,0.980823994736924,0.898
2007-09-19,1.1659821467578542,0.924
2007-09-20,1.135604413886094,1.52
2007-09-21,1.0319963514937796,1.65
2007-09-22,0.9479237138303489,1.57
2007-09-23,1.1311295136827335,1.35
2007-09-24,1.0888042673877036,2.35
2007-09-25,0.9419212149805024,2.44
2007-09-26,0.9116362203798414,2.21
2007-09-27,0.8985547633745268,1.68
2007-09-28,0.8872313600115809,1.45
2007-09-29,0.8756762032950113,1.32
2007-09-30,0.8652418923725194,1.22
2007-10-01,0.8555236479644316,1.14
2007-10-02,0.845706841574927,1.09
2007-10-03,0.8521676303598972,1.07
2007-10-04,0.8292156865281919,1.06
2007-10-05,0.818317669840019,1.01
2007-10-06,0.8089064421595987,0.974
2007-10-07,0.7997857626239765,0.942
2007-10-08,0.977680756233335,0.899
2007-10-09,0.8531928539956349,1.45
2007-10-10,0.7877552100631702,1.45
2007-10-11,0.7724050746560149,1.21
2007-10-12,0.7612992902423592,1.15
2007-10-13,0.7770790589420199,1.12
2007-10-14,0.7464664588190163,1.25
2007-10-15,0.7469517402500723,1.3
2007-10-16,0.8299014288187935,1.46
2007-10-17,0.7314673119077649,1.77
2007-10-18,0.7119829287138335,1.44
2007-10-19,0.7016873684828203,1.3
2007-10-20,0.6926316511869993,1.22
2007-10-21,0.6838868228476046,1.16
2007-10-22,0.6753390201901187,1.1
2007-10-23,0.6669525030156622,1.06
2007-10-24,0.6587032884560815,1.02
2007-10-25,0.6505543285913129,0.998
2007-10-26,0.6461172842701414,0.972
2007-10-27,0.6976133639635892,0.968
2007-10-28,0.7564646303522969,1.64
2007-10-29,0.7689008092406258,1.8
2007-10-30,0.639581284902279,2.22
2007-10-31,0.6163101271926351,1.93
2007-11-01,0.6052874175149299,1.61
2007-11-02,0.5960662449452885,1.43
2007-11-03,0.587489291143158,1.33
2007-11-04,0.5790244785237111,1.25
2007-11-05,0.6011416927997866,1.21
2007-11-06,0.5673289805687979,1.2
2007-11-07,0.5567549662243814,1.15
2007-11-08,0.668827648027459,1.26
2007-11-09,0.7058067456772537,1.39
2007-11-10,0.7230130747234128,2.88
2007-11-11,0.5870649468469179,3.91
2007-11-12,0.7777159680849776,2.56
2007-11-13,0.7046731553301585,2.7
2007-11-14,0.6245259414997264,2.53
2007-11-15,0.591805270683787,2.17
2007-11-16,0.5677737891349945,1.96
2007-11-17,1.3824627425830058,1.89
2007-11-18,3.0132499681478313,14.3
2007-11-19,2.484817800468177,23.0
2007-11-20,2.164395054176352,12.5
2007-11-21,1.7871569592769085,6.82
2007-11-22,1.489865172024933,4.82
2007-11-23,1.2373763924271775,3.82
2007-11-24,1.322352217549494,3.37
2007-11-25,1.0856101968650609,3.15
2007-11-26,1.047981187836874,2.78
2007-11-27,1.0079086978303875,2.68
2007-11-28,1.389218602806999,2.69
2007-11-29,1.1674416135739367,3.0
2007-11-30,1.931975062215893,3.93
2007-12-01,1.9482015493919125,5.85
2007-12-02,2.2903622104428285,11.7
2007-12-03,2.534979956255656,12.2
2007-12-04,2.3398304446721236,6.81
2007-12-05,2.099783764466175,7.1
2007-12-06,4.579680184556291,30.2
2007-12-07,3.5130438010890734,19.1
2007-12-08,4.331559228700145,27.0
2007-12-09,3.6577117997491073,10.9
2007-12-10,2.933570803262438,8.74
2007-12-11,2.5362622966252215,5.89
2007-12-12,2.0615628626729157,4.86
2007-12-13,1.7991546546796373,4.15
2007-12-14,1.6137981522790577,3.67
2007-12-15,1.4714473420241323,3.32
2007-12-16,1.3593762923270238,3.02
2007-12-17,1.272172427523036,2.81
2007-12-18,1.2051908932821545,2.71
2007-12-19,1.1541021362965125,2.58
2007-12-20,1.1159957408476224,2.49
2007-12-21,1.0879772033701423,2.4
2007-12-22,1.327036881917336,2.33
2007-12-23,1.1641518279174528,2.33
2007-12-24,2.1560416448138175,2.89
2007-12-25,1.5689600893655016,4.1
2007-12-26,1.4016709943370045,2.89
2007-12-27,1.4091035308469217,2.64
2007-12-28,2.103327004939514,3.56
2007-12-29,2.643491822515277,9.5
2007-12-30,1.9397387355558342,6.05
2007-12-31,1.7112826700978405,4.19
2008-01-01,1.634453773601335,3.51
2008-01-02,1.5123263064179235,3.15
2008-01-03,1.436419823726573,2.83
2008-01-04,2.1521564524633354,3.89
2008-01-05,1.6564343581644827,4.21
2008-01-06,2.4818939375744127,3.72
2008-01-07,2.2294507126515093,6.83
2008-01-08,2.8277714782019596,10.3
2008-01-09,3.102221357525005,8.95
2008-01-10,2.9598748707370537,16.7
2008-01-11,3.420791702380846,12.5
2008-01-12,3.025504363861067,8.44
2008-01-13,3.1354234838479242,8.38
2008-01-14,3.977387989836476,9.65
2008-01-15,4.5725795348165414,31.8
2008-01-16,3.676398766765897,11.8
2008-01-17,4.658315564895724,15.5
2008-01-18,4.665311655953869,19.6
2008-01-19,5.444372033496245,23.9
2008-01-20,5.205615994799294,22.8
2008-01-21,4.525134379501221,19.7
2008-01-22,3.895093377561085,9.61
2008-01-23,3.5304930995499633,7.35
2008-01-24,3.0129273076045924,6.12
2008-01-25,2.7090046154907745,5.22
2008-01-26,2.503307607384839,4.61
2008-01-27,2.3462261082481217,4.16
2008-01-28,2.224499753918369,3.83
2008-01-29,2.4878307562476714,3.64
2008-01-30,2.818208428258055,3.55
2008-01-31,3.0305034747356316,5.2
2008-02-01,2.8467763404458704,5.12
2008-02-02,2.6037988839878037,4.25
2008-02-03,2.7806981463064986,5.0
2008-02-04,3.600267223582029,7.26
2008-02-05,3.546236358424879,11.6
2008-02-06,2.8997102378575192,6.41
2008-02-07,2.6697275711490462,4.91
2008-02-08,2.521668374676875,4.21
2008-02-09,2.406062742785903,3.75
2008-02-10,2.316959509680431,3.41
2008-02-11,2.247527452673756,3.15
2008-02-12,2.1938494854719,2.95
2008-02-13,2.1511015251236922,2.82
2008-02-14,2.1182789702099294,2.7
2008-02-15,2.092601242880713,2.58
2008-02-16,2.072753006446156,2.46
2008-02-17,2.0572889884520804,2.3
2008-02-18,2.044999777146691,2.19
2008-02-19,2.0352163016606992,2.12
2008-02-20,2.03167437621821,2.06
2008-02-21,2.035569229087657,2.06
2008-02-22,2.0168848739526326,2.07
2008-02-23,2.009969329448041,1.96
2008-02-24,2.010342380495749,1.89
2008-02-25,2.2290018489400425,1.85
2008-02-26,2.057032163396343,2.15
2008-02-27,2.0266275802859917,2.0
2008-02-28,2.013217694053869,1.86
2008-02-29,2.502585366285438,3.15
2008-03-01,2.7888242081888293,5.01
2008-03-02,2.3840661400794283,4.04
2008-03-03,2.284767231342213,2.88
2008-03-04,2.195499104384579,2.53
2008-03-05,2.1316475154756365,2.36
2008-03-06,2.3875040396757776,2.26
2008-03-07,2.1897593941651525,2.23
2008-03-08,2.2418739549245474,2.17
2008-03-09,2.769427341825106,2.13
2008-03-10,3.383319571102161,7.82
2008-03-11,3.175550966537641,6.12
2008-03-12,2.8759852679259126,5.18
2008-03-13,2.6157321023646998,3.72
2008-03-14,2.463183736407189,3.16
2008-03-15,3.1028416546114426,3.78
2008-03-16,2.5825734122333968,4.17
2008-03-17,2.4109172869447764,3.12
2008-03-18,2.305581650430184,2.76
2008-03-19,2.251285099081939,2.56
2008-03-20,3.0997525338853436,5.56
2008-03-21,2.588922601519751,5.85
2008-03-22,2.7130650821704374,3.68
2008-03-23,2.419940283349096,3.54
2008-03-24,2.2939658588647758,3.23
2008-03-25,2.51131128555262,2.91
2008-03-26,2.314409728079145,3.53
2008-03-27,2.730189369460809,3.13
2008-03-28,3.1525447013401355,9.79
2008-03-29,3.39801115656938,9.81
2008-03-30,2.752367785483909,6.61
2008-03-31,2.9183957062982913,4.59
2008-04-01,2.597786564178277,4.5
2008-04-02,2.4219440422932714,3.52
2008-04-03,2.301789750122679,3.08
2008-04-04,2.3429755692312866,2.83
2008-04-05,2.438339206526297,2.84
2008-04-06,2.3422389404711845,2.78
2008-04-07,2.225131523619364,2.67
2008-04-08,2.1414957572566187,2.57
2008-04-09,2.0660957601130896,2.45
2008-04-10,2.150049086869598,2.35
2008-04-11,2.5901566131792015,3.23
2008-04-12,2.3727694274416926,4.19
2008-04-13,2.1777977186456687,3.2
2008-04-14,2.1249271723251946,2.8
2008-04-15,2.1700736456856706,2.63
2008-04-16,2.1414123967093954,2.59
2008-04-17,2.0329702815810804,2.48
2008-04-18,1.9760787440480254,2.35
2008-04-19,1.9358557453699443,2.22
2008-04-20,1.8977969682587275,2.11
2008-04-21,1.866330066791098,2.0
2008-04-22,1.84017020084896,1.89
2008-04-23,1.9243481446736517,1.81
2008-04-24,1.8845105629131467,2.05
2008-04-25,1.8169056705317488,2.05
2008-04-26,1.8385225787070152,1.91
2008-04-27,1.9673449194581534,1.9
2008-04-28,1.845660827752792,1.94
2008-04-29,2.4319782906831944,2.17
2008-04-30,2.2023906029610236,3.09
2008-05-01,1.9900435943315922,2.32
2008-05-02,1.909337928004832,2.03
2008-05-03,1.8601977908079836,1.85
2008-05-04,2.090860368413259,1.91
2008-05-05,1.877838439676165,1.98
2008-05-06,1.807092267965279,1.81
2008-05-07,1.7615460428143561,1.64
2008-05-08,1.7243190984176404,1.52
2008-05-09,1.692454324639842,1.46
2008-05-10,1.6646073684965543,1.39
2008-05-11,1.639977354785,1.34
2008-05-12,1.6178970255590122,1.29
2008-05-13,1.5978229936699544,1.25
2008-05-14,1.5793255500774632,1.22
2008-05-15,1.5620660076550703,1.2
2008-05-16,1.5459479412368435,1.17
2008-05-17,1.5303128892081015,1.16
2008-05-18,1.5152915356917742,1.11
2008-05-19,1.5007804003939595,1.08
2008-05-20,1.4866263842726704,1.04
2008-05-21,1.4727319728373334,1.02
2008-05-22,1.4590421249969807,0.999
2008-05-23,1.4456137120976342,0.978
2008-05-24,1.4320769947163436,0.941
2008-05-25,1.4190061640590526,0.917
2008-05-26,1.6071949238954593,0.912
2008-05-27,1.5841954403347744,1.11
2008-05-28,1.4872078345982453,1.53
2008-05-29,1.3872484283548943,1.37
2008-05-30,1.3622798953823292,1.15
2008-05-31,1.346947450520197,1.05
2008-06-01,1.3453796982161181,1.03
2008-06-02,1.4684380588971697,1.02
2008-06-03,1.326748093042856,1.26
2008-06-04,1.2968086603331093,1.15
2008-06-05,1.2806940606179351,1.02
2008-06-06,1.2663645353867359,0.945
2008-06-07,1.2524415682452235,0.901
2008-06-08,1.2387416632143806,0.868
2008-06-09,1.2252179309138571,0.836
2008-06-10,1.2119008694020836,0.812
2008-06-11,1.1988433100958933,0.795
2008-06-12,1.185493238407953,0.793
2008-06-13,1.1724598377511604,0.782
2008-06-14,1.1595163108186872,0.764
2008-06-15,1.1465780435981445,0.748
2008-06-16,1.1337600062683262,0.737
2008-06-17,1.1337386548737218,0.704
2008-06-18,1.1369962986964661,0.723
2008-06-19,1.1016578094025842,0.729
2008-06-20,1.086348392671177,0.699
2008-06-21,1.1062284568930465,0.705
2008-06-22,1.065810578172793,0.707
2008-06-23,1.0495604635873979,0.677
2008-06-24,1.0365036598000414,0.667
2008-06-25,1.0240624795090283,0.656
2008-06-26,1.2190070189419735,0.832
2008-06-27,1.1235789459328618,1.0
2008-06-28,1.006587033727084,0.846
2008-06-29,1.0023389338949897,0.782
2008-06-30,0.9715081066319613,0.741
2008-07-01,1.0070434761825058,0.708
2008-07-02,0.9525594177891596,0.722
2008-07-03,0.9345349020226383,0.69
2008-07-04,0.9945359758403128,0.666
2008-07-05,1.0553810883807448,0.744
2008-07-06,1.057932283435282,1.23
2008-07-07,0.9613871070472928,1.45
2008-07-08,0.8932406462256433,1.27
2008-07-09,0.9958429807871567,1.14
2008-07-10,0.9936159662545195,1.61
2008-07-11,1.1086098286653516,2.75
2008-07-12,0.9137390020794449,4.51
2008-07-13,0.855041620956774,2.2
2008-07-14,0.8344401568030517,1.66
2008-07-15,0.8191194377467826,1.35
2008-07-16,0.8148255577748793,1.19
2008-07-17,0.8280175815979625,1.17
2008-07-18,0.9028168148263496,1.33
2008-07-19,0.7901310866955518,2.0
2008-07-20,0.7642802546231404,1.81
2008-07-21,0.7508882706778345,1.37
2008-07-22,0.7394172646376886,1.18
2008-07-23,0.7285328943476305,1.09
2008-07-24,0.7180477757393066,1.02
2008-07-25,0.7078987603583774,0.954
2008-07-26,0.6979936128897088,0.897
2008-07-27,0.6886204064822913,0.852
2008-07-28,0.881426716695483,0.88
2008-07-29,0.6982711562276377,1.27
2008-07-30,0.6679187390222849,1.02
2008-07-31,0.7589126892088774,0.978
2008-08-01,0.661266975222555,1.12
2008-08-02,0.6407574449877893,0.99
2008-08-03,0.6301320811220097,0.909
2008-08-04,0.6217261073360472,0.87
2008-08-05,0.6357756851393168,0.912
2008-08-06,0.6076739980665132,0.915
2008-08-07,0.5966611464958064,0.859
2008-08-08,0.5872074775604976,0.812
2008-08-09,0.7815106918063635,1.24
2008-08-10,0.5982769966357662,1.52
2008-08-11,0.7738052899366153,1.16
2008-08-12,0.7218575241942227,3.27
2008-08-13,0.5842204164640962,2.79
2008-08-14,0.5566225633294701,2.2
2008-08-15,0.543555632202644,1.71
2008-08-16,0.7516499582540248,4.9
2008-08-17,0.7709745971282829,6.69
2008-08-18,0.9028944130833236,5.43
2008-08-19,0.978975961923281,6.86
2008-08-20,0.9194600104486635,4.7
2008-08-21,1.1262826021466643,5.23
2008-08-22,0.8421542621219358,4.02
2008-08-23,1.0402709708725009,3.16
2008-08-24,0.8155516425109639,2.87
2008-08-25,0.7292359481486135,2.58
2008-08-26,0.6742520952646321,2.28
2008-08-27,0.6319088464491999,2.03
2008-08-28,0.5970020783462221,1.86
2008-08-29,0.5675572026841749,1.72
2008-08-30,0.5437320240157447,1.59
2008-08-31,0.5663491353665682,1.52
2008-09-01,0.5389360865270086,1.48
2008-09-02,0.5172554535005145,1.52
2008-09-03,0.6557431255704649,1.71
2008-09-04,1.3038497719457587,3.29
2008-09-05,4.697470224165169,36.6
2008-09-06,3.419651717852099,24.1
2008-09-07,3.108104941104295,16.1
2008-09-08,2.7798448928734847,7.89
2008-09-09,2.92984807232051,10.9
2008-09-10,2.34912116093677,6.56
2008-09-11,1.9782986743083149,5.22
2008-09-12,1.933460203029176,4.61
2008-09-13,1.5083828393187488,4.33
2008-09-14,1.311745067676161,3.69
2008-09-15,1.175731790793757,3.28
2008-09-16,1.0683770374490733,3.01
2008-09-17,0.9824194532196715,2.79
2008-09-18,0.9163614613517066,2.61
2008-09-19,0.8649063622548879,2.43
2008-09-20,0.8249589339982905,2.26
2008-09-21,0.7942158352101559,2.11
2008-09-22,0.7714929149380849,1.98
2008-09-23,0.7523225564388429,1.89
2008-09-24,0.7385229613848506,1.79
2008-09-25,0.7282299395341157,1.72
2008-09-26,0.7206328056489588,1.65
2008-09-27,0.7151684032573612,1.6
2008-09-28,0.7111746383549257,1.55
2008-09-29,0.8108879093243607,1.52
2008-09-30,0.9362572260409415,1.88
2008-10-01,1.7786316638354416,13.1
2008-10-02,1.5906990818673408,6.02
2008-10-03,1.2517567979972197,3.82
2008-10-04,2.9291321655968607,8.11
2008-10-05,2.0818352846981725,12.5
2008-10-06,1.7444760560462202,5.05
2008-10-07,2.275699866075803,7.1
2008-10-08,1.6743661629163098,5.25
2008-10-09,1.4654935567985266,3.95
2008-10-10,1.3297504490833234,3.32
2008-10-11,1.3790571827362077,2.94
2008-10-12,1.216739532394659,2.8
2008-10-13,1.1621487821563241,2.63
2008-10-14,2.002067758690661,3.16
2008-10-15,1.9343449534690544,6.3
2008-10-16,1.582025478914857,5.18
2008-10-17,1.3881778453902671,4.04
2008-10-18,1.2855198015774902,3.37
2008-10-19,1.3727157384170705,2.99
2008-10-20,1.4386087232246663,3.21
2008-10-21,1.2743190263246065,3.13
2008-10-22,1.1655711306739431,2.79
2008-10-23,1.3919518055100826,2.61
2008-10-24,1.188339030876791,2.66
2008-10-25,3.1098107959506356,11.4
2008-10-26,2.407734411753452,21.5
2008-10-27,2.073905267632206,7.96
2008-10-28,1.763003722348539,5.34
2008-10-29,1.5390333647242358,4.3
2008-10-30,1.423952855506039,3.79
2008-10-31,1.3213580310217745,3.37
2008-11-01,1.5595596654676642,3.03
2008-11-02,1.4806749153829948,2.86
2008-11-03,1.3359174771494466,2.76
2008-11-04,1.2818048414335055,2.66
2008-11-05,1.2116916631922898,2.52
2008-11-06,1.686492541904427,2.42
2008-11-07,1.6293811154217523,2.72
2008-11-08,1.7158222477241456,3.19
2008-11-09,2.862508185080221,11.3
2008-11-10,2.479703566972202,7.1
2008-11-11,2.560082886100184,5.34
2008-11-12,2.0056058290505527,6.73
2008-11-13,2.11505457043526,5.05
2008-11-14,1.8268339850712392,4.61
2008-11-15,2.194692186340829,5.43
2008-11-16,1.8364399526173374,5.09
2008-11-17,2.1374404781252956,5.0
2008-11-18,1.7597547302657575,5.53
2008-11-19,1.7571284504297793,4.27
2008-11-20,1.5940661654365202,4.07
2008-11-21,1.5015952516310058,3.48
2008-11-22,2.127605442249256,3.09
2008-11-23,2.4929393885622555,10.0
2008-11-24,1.9001476056403381,5.57
2008-11-25,1.7764132605061624,3.97
2008-11-26,1.6492743255408584,3.7
2008-11-27,1.8093585605129623,3.61
2008-11-28,1.5974455857147853,3.37
2008-11-29,1.508943324148555,3.01
2008-11-30,1.4478205746699242,2.76
2008-12-01,1.521277759989743,2.59
2008-12-02,1.6212462777731633,2.49
2008-12-03,2.535534978374292,2.4
2008-12-04,2.4073428176238223,11.4
2008-12-05,2.0218315764804133,8.5
2008-12-06,1.8057880885799376,5.14
2008-12-07,1.693527526409651,3.85
2008-12-08,2.2471033448867224,4.86
2008-12-09,1.8598345822661335,4.37
2008-12-10,1.7035334221896263,3.48
2008-12-11,1.627109935358893,3.09
2008-12-12,3.228010320114008,5.23
2008-12-13,3.1019778854663485,21.8
2008-12-14,2.486571641559272,6.74
2008-12-15,2.1264264181278563,4.89
2008-12-16,2.3420262149499713,4.51
2008-12-17,2.131055742398584,4.4
2008-12-18,2.387122934434192,5.55
2008-12-19,2.3564345533591577,4.89
2008-12-20,2.7631034880407594,9.08
2008-12-21,2.4084165694537094,6.24
2008-12-22,2.095040075667483,5.3
2008-12-23,1.9412279638542307,4.32
2008-12-24,1.8308379141472444,3.81
2008-12-25,1.7446285223663405,3.42
2008-12-26,1.675627971183812,3.12
2008-12-27,1.6209707116323073,2.9
2008-12-28,1.5773027495229293,2.73
2008-12-29,1.5424922456745578,2.6
2008-12-30,1.5145750275252867,2.46
2008-12-31,1.4929639722763177,2.34
2009-01-01,1.4743555230115994,2.23
2009-01-02,1.4597600518991174,2.15
2009-01-03,1.4463479866173488,2.07
2009-01-04,1.4893981280278505,1.98
2009-01-05,1.4547310084683485,1.87
2009-01-06,1.4378043404476757,1.71
2009-01-07,1.4700808680838784,1.77
2009-01-08,1.4411176516778696,1.73
2009-01-09,1.4231566671554885,1.7
2009-01-10,1.414894389330309,1.63
2009-01-11,1.7745040500427647,1.63
2009-01-12,2.622057187554971,7.62
2009-01-13,2.046708326465524,4.43
2009-01-14,1.8231679071975055,3.1
2009-01-15,1.9312949864542468,2.8
2009-01-16,2.1470470570629487,2.75
2009-01-17,2.4964887930749944,4.03
2009-01-18,2.5318375466084224,4.44
2009-01-19,2.473779552491314,6.54
2009-01-20,2.169473051632606,4.46
2009-01-21,3.8430689114973426,9.75
2009-01-22,3.2404714583255947,19.3
2009-01-23,2.7781539426939483,8.13
2009-01-24,2.7615176132839445,5.66
2009-01-25,2.3379243961291154,5.97
2009-01-26,2.1404172091741023,4.4
2009-01-27,3.10238573260956,4.89
2009-01-28,2.3838735679554244,7.89
2009-01-29,2.150719769102503,4.8
2009-01-30,2.0080831482810617,4.08
2009-01-31,1.8912403062440946,3.6
2009-02-01,1.8471910152766404,3.21
2009-02-02,2.3173294308793637,3.0
2009-02-03,1.9574321546306932,2.88
2009-02-04,1.9597082764463163,2.74
2009-02-05,1.8262120366122903,2.63
2009-02-06,1.7371846333566274,2.51
2009-02-07,1.6821379933239025,2.39
2009-02-08,2.050776155271011,2.31
2009-02-09,2.1774050129055285,2.29
2009-02-10,1.9318821931252037,2.33
2009-02-11,1.8679451604231423,2.53
2009-02-12,2.0425464911698668,2.68
2009-02-13,1.8225474031041642,4.57
2009-02-14,1.744989154623158,3.61
2009-02-15,1.6963150502138629,4.95
2009-02-16,1.6408698940969413,4.02
2009-02-17,1.616406660065305,3.26
2009-02-18,1.5745942512148496,2.94
2009-02-19,1.5688587591431247,2.73
2009-02-20,1.5467814489540668,2.58
2009-02-21,1.580388175579916,2.46
2009-02-22,1.5487551349949946,2.39
2009-02-23,1.506821178712219,2.31
2009-02-24,1.4918584280254108,2.21
2009-02-25,1.4913132174204256,2.11
2009-02-26,1.9076789569317136,2.06
2009-02-27,1.6533128739100946,2.86
2009-02-28,1.5708382835299455,2.62
2009-03-01,1.5300307899020398,2.39
2009-03-02,1.5536524042435547,2.23
2009-03-03,2.7418759413867235,9.44
2009-03-04,2.1856534002648766,4.96
2009-03-05,1.86746649143171,3.41
2009-03-06,1.777220227277231,2.83
2009-03-07,1.944385212108556,2.6
2009-03-08,2.1885263034517415,3.17
2009-03-09,2.8450825837142633,3.31
2009-03-10,2.1785182338595703,6.02
2009-03-11,2.12852443615417,3.63
2009-03-12,1.9166407450803096,3.21
2009-03-13,1.892709643250647,2.84
2009-03-14,1.7570704842981626,2.62
2009-03-15,1.6752757404694205,2.41
2009-03-16,1.613574793014426,2.27
2009-03-17,1.5608113861264317,2.14
2009-03-18,1.5185398299018835,2.05
2009-03-19,1.483566574151898,1.94
2009-03-20,1.4543623743716576,1.84
2009-03-21,1.4297152283542416,1.75
2009-03-22,1.4109324947479818,1.67
2009-03-23,1.4038665569950952,1.62
2009-03-24,1.6242800315299688,1.61
2009-03-25,1.866689578007406,2.13
2009-03-26,1.7892493800446132,2.6
2009-03-27,1.787233287893036,2.26
2009-03-28,1.64576162150684,2.1
2009-03-29,1.5448482780185788,2.0
2009-03-30,1.487033276345008,1.87
2009-03-31,1.4443534975180818,1.75
2009-04-01,1.4087873644622557,1.65
2009-04-02,1.3792539366953631,1.57
2009-04-03,1.3632762460711967,1.52
2009-04-04,1.3361596485991596,1.47
2009-04-05,1.3161046921521353,1.42
2009-04-06,1.299928924013064,1.39
2009-04-07,1.335797243147147,1.36
2009-04-08,1.2786545354939522,1.37
2009-04-09,1.2844694819639029,1.35
2009-04-10,1.3451500776043774,1.51
2009-04-11,1.2537836731210932,1.58
2009-04-12,1.2318748006904672,1.43
2009-04-13,1.2185454563386708,1.35
2009-04-14,1.2739272100837515,1.31
2009-04-15,1.2065807939592093,1.8
2009-04-16,1.1894183383968917,1.48
2009-04-17,1.1761744059778418,1.35
2009-04-18,1.1651512781408442,1.27
2009-04-19,1.154605976791143,1.2
2009-04-20,1.144255120869419,1.15
2009-04-21,1.1340286696570059,1.11
2009-04-22,1.1238895943015892,1.09
2009-04-23,1.1138109826983529,1.06
2009-04-24,1.1037769091428968,1.03
2009-04-25,1.0941087159798657,1.02
2009-04-26,1.2004293345429087,1.01
2009-04-27,1.2476602794524676,1.25
2009-04-28,1.168705467098165,1.47
2009-04-29,1.0727197931590737,1.52
2009-04-30,1.0950914330527277,1.35
2009-05-01,1.0464911833007353,1.33
2009-05-02,1.0496576738861032,1.22
2009-05-03,1.023023870243172,1.2
2009-05-04,1.2106409705887853,1.35
2009-05-05,1.5219489042502545,4.39
2009-05-06,1.2581895835258499,5.81
2009-05-07,1.1506325570138345,2.81
2009-05-08,1.1191442142242993,2.22
2009-05-09,1.0563920867804095,1.94
2009-05-10,1.0250327557605698,1.71
2009-05-11,1.001365345616888,1.54
2009-05-12,0.9805530829121919,1.38
2009-05-13,0.9624440054855552,1.3
2009-05-14,1.1485014926813972,1.27
2009-05-15,1.2787629737319968,2.16
2009-05-16,1.2000264968988186,2.35
2009-05-17,1.4691025414562353,2.42
2009-05-18,1.621763694732967,3.81
2009-05-19,1.7025571426483326,4.55
2009-05-20,2.150962521257565,5.85
2009-05-21,1.7999392066759463,6.17
2009-05-22,1.5466180892011938,4.34
2009-05-23,1.3680778213392975,3.47
2009-05-24,1.2603953803530075,2.82
2009-05-25,1.2342719695613056,2.51
2009-05-26,1.1443057759098807,2.34
2009-05-27,1.1938808736262259,2.24
2009-05-28,1.0570093233672815,2.53
2009-05-29,1.0048402382547943,2.3
2009-05-30,0.9690436188649906,2.03
2009-05-31,0.9401772773724166,1.8
2009-06-01,0.916149669081534,1.64
2009-06-02,0.8958923494266906,1.54
2009-06-03,0.8786198504545638,1.47
2009-06-04,0.8637122559455481,1.41
2009-06-05,1.0541308226622705,1.37
2009-06-06,1.0087810564912052,1.96
2009-06-07,1.060143355574186,3.56
2009-06-08,0.8611287441876834,3.08
2009-06-09,0.8320235119560101,2.3
2009-06-10,1.3072440647553691,2.95
2009-06-11,1.0042150848428613,2.9
2009-06-12,0.934689662171504,2.26
2009-06-13,0.897531638036904,1.98
2009-06-14,0.9059833483807371,1.76
2009-06-15,1.0001832108678559,1.93
2009-06-16,0.8569232495385671,1.87
2009-06-17,1.0050335576367253,1.71
2009-06-18,0.8868859260961645,1.67
2009-06-19,0.847228667716365,1.51
2009-06-20,0.817944579686052,1.44
2009-06-21,0.7977329781236577,1.39
2009-06-22,0.7812971461501275,1.34
2009-06-23,0.7671493618584555,1.29
2009-06-24,0.7543671143732558,1.23
2009-06-25,0.7431640997035396,1.18
2009-06-26,0.7333591404235285,1.14
2009-06-27,0.7238791113100572,1.12
2009-06-28,0.7154285290016628,1.08
2009-06-29,0.7474772553146739,1.12
2009-06-30,0.7068154819329303,1.15
2009-07-01,0.6948080798905972,1.08
2009-07-02,0.7170544491611777,1.02
2009-07-03,0.8273201389395097,1.68
2009-07-04,0.6951040130033176,1.46
2009-07-05,0.6731660262540716,1.23
2009-07-06,0.8701561701882957,1.21
2009-07-07,0.9092917850925738,15.8
2009-07-08,0.8886894227400645,11.9
2009-07-09,0.8780747115364823,4.01
2009-07-10,0.6746171094510206,3.03
2009-07-11,1.625651764196627,2.64
2009-07-12,1.0778630317626654,3.04
2009-07-13,1.1819962721690547,2.56
2009-07-14,1.5347957151069012,2.4
2009-07-15,1.1691679665318293,3.4
2009-07-16,1.607238736549246,3.72
2009-07-17,1.937547639545214,7.41
2009-07-18,1.6353918384144608,6.98
2009-07-19,1.9472958138292271,9.92
2009-07-20,1.4845341129549965,5.22
2009-07-21,1.644965353477238,5.2
2009-07-22,1.4666822906037882,4.68
2009-07-23,1.3985581750871172,3.98
2009-07-24,1.5290198386651497,4.3
2009-07-25,1.255865654411435,3.77
2009-07-26,1.5740116876935661,4.73
2009-07-27,1.2671384804565562,6.14
2009-07-28,1.3092989350520876,4.11
2009-07-29,2.198727100150293,18.4
2009-07-30,1.8583669203717097,7.83
2009-07-31,1.7240620348062778,5.2
2009-08-01,1.7460500295138788,6.57
2009-08-02,1.4080919849726095,4.91
2009-08-03,1.2983136937205417,4.1
2009-08-04,1.329939631549698,3.81
2009-08-05,1.151122943910032,3.57
2009-08-06,1.3107359605566171,3.28
2009-08-07,1.075393083086045,3.36
2009-08-08,0.9979996171893587,3.04
2009-08-09,0.95850100588707,2.81
2009-08-10,0.9162103825419772,2.67
2009-08-11,0.9510272585069048,2.55
2009-08-12,0.8760786780326805,2.56
2009-08-13,0.8466543209288924,2.48
2009-08-14,0.8301437945635025,2.28
2009-08-15,0.8178865561501142,2.12
2009-08-16,0.8080466929398044,2.01
2009-08-17,0.7997578025835927,1.91
2009-08-18,0.7932662775243285,1.84
2009-08-19,0.7879732983163488,1.77
2009-08-20,0.7844594520296558,1.72
2009-08-21,0.780554145645801,1.68
2009-08-22,0.7764180181025678,1.63
2009-08-23,0.7733500022451038,1.58
2009-08-24,0.8168738038202064,1.58
2009-08-25,0.8027944658510942,1.58
2009-08-26,0.838303605876495,1.74
2009-08-27,0.7749778227273412,1.76
2009-08-28,0.7976007934278562,1.61
2009-08-29,0.7652547876522966,1.6
2009-08-30,0.7856270643515588,1.55
2009-08-31,0.7589221200990373,1.74
2009-09-01,0.8734816762930016,3.71
2009-09-02,0.9794020670579406,6.41
2009-09-03,1.2848960397508804,16.4
2009-09-04,1.1206833555462206,4.74
2009-09-05,0.8865446355135271,3.48
2009-09-06,0.9681621533127643,2.81
2009-09-07,0.8760030807650069,2.55
2009-09-08,0.9403306086936547,2.34
2009-09-09,0.8627091149329096,2.2
2009-09-10,0.8293397577227877,2.01
2009-09-11,0.8052073465675661,1.84
2009-09-12,0.7855172865964967,1.71
2009-09-13,0.7690286833254357,1.6
2009-09-14,0.7550426835720305,1.52
2009-09-15,0.743031733264238,1.46
2009-09-16,0.7325879169969698,1.33
2009-09-17,0.7233542247581689,1.27
2009-09-18,0.7150604511118849,1.24
2009-09-19,0.7075273048574837,1.2
2009-09-20,0.7005748401615666,1.16
2009-09-21,0.6940788383670423,1.12
2009-09-22,0.6879812579320035,1.1
2009-09-23,0.6820290210112772,1.07
2009-09-24,0.676292185281395,1.04
2009-09-25,0.6707063071756175,1.02
2009-09-26,0.6652330939941434,1.01
2009-09-27,0.6598457111742712,0.986
2009-09-28,0.6546698605469176,0.965
2009-09-29,0.649767618264965,0.966
2009-09-30,0.6443442393397649,0.968
2009-10-01,0.6385492308793951,0.962
2009-10-02,0.6334797683097593,0.939
2009-10-03,0.6298112656658982,0.936
2009-10-04,0.6227805771557308,0.937
2009-10-05,0.6804061847753278,0.934
2009-10-06,0.82768057710068,1.36
2009-10-07,0.7470429300688464,1.9
2009-10-08,0.6232100837330955,1.37
2009-10-09,0.661799702268152,1.2
2009-10-10,0.6034466772242372,1.23
2009-10-11,0.5912806126911665,1.16
2009-10-12,0.5839213147993058,1.1
2009-10-13,0.5776185661130636,1.04
2009-10-14,0.5720091984422222,1.0
2009-10-15,0.5659393452807028,0.984
2009-10-16,0.5595461337741808,0.977
2009-10-17,0.5536692418206122,0.95
2009-10-18,0.5479214031261465,0.937
2009-10-19,0.542214515686105,0.916
2009-10-20,0.6414402255568348,0.924
2009-10-21,0.544862928316072,1.01
2009-10-22,0.5828379868157645,1.05
2009-10-23,0.5780855474246381,1.13
2009-10-24,0.6014219980678448,1.79
2009-10-25,0.5404102539995054,1.77
2009-10-26,0.5183224058486343,1.47
2009-10-27,0.5039848528775979,1.44
2009-10-28,0.49672676817609845,1.33
2009-10-29,0.4905138728861366,1.23
2009-10-30,0.5460107315814294,1.17
2009-10-31,0.6958676469003118,1.31
2009-11-01,0.7362343549820137,13.5
2009-11-02,1.1954177593454007,3.63
2009-11-03,0.9643917501500556,10.3
2009-11-04,1.0556958165497465,4.5
2009-11-05,1.1191353837237343,5.24
2009-11-06,1.3923370577289873,5.74
2009-11-07,1.0168896264764615,4.85
2009-11-08,0.8737546069902892,3.38
2009-11-09,0.9373274429751084,2.84
2009-11-10,1.063102330711204,2.71
2009-11-11,1.0272358049919412,2.89
2009-11-12,1.5988026868977014,5.8
2009-11-13,2.2552480050272052,12.7
2009-11-14,1.783835943530256,8.48
2009-11-15,2.25037516691453,5.1
2009-11-16,1.6600960144557775,9.79
2009-11-17,2.269334772926275,5.0
2009-11-18,2.0700865671797755,12.4
2009-11-19,1.8780049638704217,5.4
2009-11-20,1.498464488310829,4.93
2009-11-21,2.3010252259458794,8.5
2009-11-22,2.102570057590539,7.89
2009-11-23,3.2355269453525493,22.3
2009-11-24,2.94065702274637,10.7
2009-11-25,2.4320153347368825,8.12
2009-11-26,2.03059019504274,5.85
2009-11-27,2.527622299227336,5.72
2009-11-28,2.63226428851013,9.33
2009-11-29,2.296607874546644,9.31
2009-11-30,1.8250291805029095,5.77
2009-12-01,2.2748025089975674,5.36
2009-12-02,2.0542547613148314,6.05
2009-12-03,2.3709728663906926,12.0
2009-12-04,2.4844405059705497,7.88
2009-12-05,3.5313285510588286,10.5
2009-12-06,2.5626598751868146,18.3
2009-12-07,2.7721234257860305,8.13
2009-12-08,2.3076910755275515,8.54
2009-12-09,2.561722133555777,7.95
2009-12-10,2.0175090354588816,6.97
2009-12-11,1.7947780806222837,5.22
2009-12-12,1.6416976789140985,4.51
2009-12-13,1.5815312191232123,4.0
2009-12-14,1.913279926306589,3.72
2009-12-15,1.618855516879292,3.93
2009-12-16,1.7998661115548116,3.69
2009-12-17,1.5888949517759476,3.52
2009-12-18,1.4702790733643418,3.09
2009-12-19,1.581921966703663,2.88
2009-12-20,1.7893327867467597,2.78
2009-12-21,1.5551214709625438,2.69
2009-12-22,1.5258985096063309,2.58
2009-12-23,1.7740481562225985,2.47
2009-12-24,1.6148090437500298,2.41
2009-12-25,1.6999488675144308,2.35
2009-12-26,1.7117048705477578,4.39
2009-12-27,1.9243722558740093,12.8
2009-12-28,1.6404702843415768,5.38
2009-12-29,2.596673110597687,4.7
2009-12-30,2.0705123386823705,7.02
2009-12-31,1.8161911254579368,4.52
2010-01-01,1.7058552771031092,3.58
2010-01-02,2.216718242451406,3.2
2010-01-03,1.85419397808212,2.8
2010-01-04,1.9790146888527727,2.67
2010-01-05,2.0921776579412863,2.66
2010-01-06,1.8125916144414707,2.51
2010-01-07,1.6915871054037765,2.29
2010-01-08,1.628395303277835,2.25
2010-01-09,1.5680759674809897,2.19
2010-01-10,1.8798466147144006,2.13
2010-01-11,1.6798033220940904,2.09
2010-01-12,1.6395383995545758,2.03
2010-01-13,1.7754907235809518,1.99
2010-01-14,2.0108124107994296,1.94
2010-01-15,3.1269176356369286,7.17
2010-01-16,2.73196249153086,25.4
2010-01-17,2.2101987263214893,10.3
2010-01-18,2.0359690737001106,9.35
2010-01-19,1.8948932868262842,7.5
2010-01-20,1.7967362405319278,5.37
2010-01-21,2.721693146929129,4.32
2010-01-22,3.1965473000150904,18.3
2010-01-23,2.4321899836485,6.89
2010-01-24,2.529735971250918,5.94
2010-01-25,2.1750126360506017,5.03
2010-01-26,2.0219836925015624,4.14
2010-01-27,2.1203487710565394,4.35
2010-01-28,2.506701857896404,5.38
2010-01-29,2.0760868748210095,6.31
2010-01-30,1.9367219159968034,3.81
2010-01-31,1.880137475818633,3.32
2010-02-01,2.2892341866310715,3.0
2010-02-02,2.903540870342746,13.9
2010-02-03,2.800322368972526,5.62
2010-02-04,2.6587745982048925,7.54
2010-02-05,2.285101287607524,6.64
2010-02-06,2.118017862210758,4.66
2010-02-07,2.013860906202569,4.02
2010-02-08,1.9200202662867627,3.64
2010-02-09,1.8420028085811675,3.27
2010-02-10,1.7830136003653816,2.98
2010-02-11,1.7331456670321077,2.75
2010-02-12,1.7443871863261444,2.64
2010-02-13,1.692120615508383,2.57
2010-02-14,1.6614737575409195,2.48
2010-02-15,2.512158662208348,2.57
2010-02-16,2.066559598960156,3.91
2010-02-17,2.00046916462924,2.93
2010-02-18,2.115497410969834,2.7
2010-02-19,2.0776208702547296,2.71
2010-02-20,2.2079056186266697,2.68
2010-02-21,2.388654292859178,2.57
2010-02-22,2.0475221037456106,2.46
2010-02-23,2.2099227770062972,2.36
2010-02-24,1.9850690653711636,2.56
2010-02-25,2.9894912843120083,8.29
2010-02-26,2.9026943581591973,13.1
2010-02-27,2.560175599505964,6.27
2010-02-28,2.2590746464379237,5.08
2010-03-01,2.1124472333056525,4.05
2010-03-02,1.9989312055839006,3.51
2010-03-03,1.9111407410792494,3.15
2010-03-04,1.8411804418022382,2.87
2010-03-05,1.787076220072448,2.69
2010-03-06,1.7401708275151635,2.57
2010-03-07,1.7013987135485418,2.44
2010-03-08,1.6702962256336698,2.3
2010-03-09,1.6446628594597126,2.21
2010-03-10,1.623285640466124,2.12
2010-03-11,1.6803668706674522,2.03
2010-03-12,1.640038540040912,1.99
2010-03-13,1.6013441077223847,1.91
2010-03-14,1.5819103415400904,1.83
2010-03-15,1.566507330209467,1.77
2010-03-16,1.5529076237015822,1.71
2010-03-17,1.5403037649911835,1.66
2010-03-18,1.532533680730963,1.63
2010-03-19,1.7883140368084331,1.63
2010-03-20,2.016614655827226,2.06
2010-03-21,1.7316577481936015,2.09
2010-03-22,1.7451781235855655,1.88
2010-03-23,2.1870421989978905,1.94
2010-03-24,2.5716507905426296,2.58
2010-03-25,2.7533173581081285,5.61
2010-03-26,2.3166357964556337,5.1
2010-03-27,2.075692393257114,3.45
2010-03-28,2.148297594282789,2.89
2010-03-29,2.632043967613007,4.79
2010-03-30,3.0344405920812636,6.48
2010-03-31,2.917455752202122,8.47
2010-04-01,2.4894934063866714,6.55
2010-04-02,2.692878446558062,6.09
2010-04-03,2.279015974418595,5.07
2010-04-04,2.2637533140574058,4.06
2010-04-05,2.0518383768550748,3.66
2010-04-06,1.9584281630314042,3.25
2010-04-07,1.8408641230709937,2.97
2010-04-08,1.7580716018811655,2.76
2010-04-09,1.697435963813917,2.6
2010-04-10,1.6486846171857834,2.45
2010-04-11,1.6089141062735992,2.33
2010-04-12,1.5760783510176508,2.2
2010-04-13,1.548702115819858,2.09
2010-04-14,1.5256067382882887,1.98
2010-04-15,1.5058798393288233,1.9
2010-04-16,1.4887804125330033,1.81
2010-04-17,1.4737217282780786,1.74
2010-04-18,1.4605385674613052,1.69
2010-04-19,1.4479996684044203,1.64
2010-04-20,1.436606498470651,1.57
2010-04-21,1.4258905952024454,1.51
2010-04-22,1.4156885880047636,1.47
2010-04-23,1.405840093402586,1.43
2010-04-24,1.3965284179414208,1.38
2010-04-25,1.3894765931449857,1.34
2010-04-26,1.3777201635754992,1.33
2010-04-27,1.368088899732712,1.28
2010-04-28,1.3587164849175541,1.24
2010-04-29,1.399154870053678,1.22
2010-04-30,1.4552314523657826,1.26
2010-05-01,1.3475167795629426,1.26
2010-05-02,1.3261291279364202,1.16
2010-05-03,1.314672591246647,1.1
2010-05-04,1.3039534854742865,1.07
2010-05-05,1.2937123368046852,0.996
2010-05-06,1.2837285802058638,0.973
2010-05-07,1.2734896313172204,0.946
2010-05-08,1.2624874354073237,0.921
2010-05-09,1.2519342474098887,0.915
2010-05-10,1.2418847155362818,0.904
2010-05-11,1.2313592649352563,0.89
2010-05-12,1.2203982386419898,0.877
2010-05-13,1.20969666730401,0.855
2010-05-14,1.1990191659436802,0.842
2010-05-15,1.1883613053230275,0.826
2010-05-16,1.1775996009799705,0.804
2010-05-17,1.1668707448243605,0.783
2010-05-18,1.1559872865243503,0.783
2010-05-19,1.145089248557886,0.762
2010-05-20,1.134211532059362,0.758
2010-05-21,1.1233184390592725,0.746
2010-05-22,1.1124114187505734,0.734
2010-05-23,1.1014939371803156,0.711
2010-05-24,1.0905701879110228,0.69
2010-05-25,1.079644957133926,0.69
2010-05-26,1.0694606829174946,0.69
2010-05-27,1.0586219799554384,0.679
2010-05-28,1.0478736792324483,0.667
2010-05-29,1.1745853118047034,0.717
2010-05-30,1.0439927067551351,0.719
2010-05-31,1.0193669932720413,0.679
2010-06-01,1.0066606987851472,0.668
2010-06-02,0.9948998668710765,0.665
2010-06-03,0.9836854501578874,0.647
2010-06-04,0.9728686120280187,0.633
2010-06-05,1.0689994125235327,0.623
2010-06-06,0.9660468409938524,0.673
2010-06-07,1.0223504377925434,0.645
2010-06-08,0.9828625230705231,0.785
2010-06-09,0.9310537103484309,0.74
2010-06-10,0.9140809065530802,0.693
2010-06-11,0.9020700741502354,0.659
2010-06-12,0.8912353586486154,0.631
2010-06-13,1.0865180580618632,0.954
2010-06-14,0.942533334763998,0.999
2010-06-15,0.872138948337097,0.779
2010-06-16,0.8540864638632814,0.701
2010-06-17,0.8421442470044741,0.661
2010-06-18,0.8313484550974073,0.641
2010-06-19,0.8204994621907816,0.613
2010-06-20,0.8100437166649602,0.6
2010-06-21,0.7998181177173299,0.579
2010-06-22,0.7897326312835116,0.563
2010-06-23,0.7798107412138838,0.55
2010-06-24,0.7700737416247879,0.547
2010-06-25,0.7603653068295778,0.536
2010-06-26,0.7508294535841306,0.531
2010-06-27,0.7413645668725072,0.524
2010-06-28,0.732816634251902,0.505
2010-06-29,0.7228544778984566,0.502
2010-06-30,0.7136134000933229,0.499
2010-07-01,0.7212018859498173,0.497
2010-07-02,0.6990176235886671,0.501
2010-07-03,0.6883456153317568,0.491
2010-07-04,0.6790947061964011,0.488
2010-07-05,0.6701245568227572,0.486
2010-07-06,0.6612771563769037,0.483
2010-07-07,0.654260731124566,0.486
2010-07-08,0.6445375246675678,0.504
2010-07-09,0.6355260787016799,0.495
2010-07-10,0.6270776166814755,0.485
2010-07-11,0.619549254511763,0.474
2010-07-12,0.6119986766018166,0.482
2010-07-13,0.649903175829335,0.494
2010-07-14,0.6999403523428913,0.577
2010-07-15,0.6741585233278975,0.658
2010-07-16,0.7079147308026966,0.822
2010-07-17,0.5945865574920421,0.757
2010-07-18,0.5728306623746543,0.664
2010-07-19,0.6933886679165768,0.625
2010-07-20,0.6679303865733688,0.801
2010-07-21,0.5636384964853999,0.865
2010-07-22,0.5438116260769696,0.749
2010-07-23,0.5334710818956779,0.665
2010-07-24,0.5250601058877483,0.607
2010-07-25,0.5180830224564014,0.576
2010-07-26,0.5101169457904038,0.562
2010-07-27,0.501663119003746,0.569
2010-07-28,0.4943609701581734,0.558
2010-07-29,0.48699821113127645,0.545
2010-07-30,0.5786429440270123,0.557
2010-07-31,0.4868226632221468,0.723
2010-08-01,0.47006079323846695,0.624
2010-08-02,0.46192461425074016,0.563
2010-08-03,0.6162070617646273,0.543
2010-08-04,0.47097899944073635,0.632
2010-08-05,0.4474150010197274,0.612
2010-08-06,0.4391906279714551,0.565
2010-08-07,0.4319559347969491,0.558
2010-08-08,0.4247683684788508,0.545
2010-08-09,0.41863132047382057,0.526
2010-08-10,0.4120561193692361,0.511
2010-08-11,0.4068340734918269,0.487
2010-08-12,0.6067195053120535,0.894
2010-08-13,0.6189492716199542,1.09
2010-08-14,0.4218145530401723,0.943
2010-08-15,0.39282533345746323,0.837
2010-08-16,0.39517299764870467,0.685
2010-08-17,0.37930529296740445,0.639
2010-08-18,0.37259532255798666,0.613
2010-08-19,0.5001491259827052,0.669
2010-08-20,0.4101875333668665,0.844
2010-08-21,0.3671820029073477,0.829
2010-08-22,0.3846218744528612,0.763
2010-08-23,0.3962605615736331,0.766
2010-08-24,0.3526657860344566,0.871
2010-08-25,0.3829846131348542,0.817
2010-08-26,0.340609094273651,0.802
2010-08-27,0.3305011013754083,0.746
2010-08-28,0.4226509940471259,0.687
2010-08-29,0.3349034829485146,1.01
2010-08-30,0.3166413008260538,0.948
2010-08-31,0.30969665000627816,0.759
2010-09-01,0.30425748332788694,0.667
2010-09-02,0.299194609794991,0.616
2010-09-03,0.29435064896843527,0.582
2010-09-04,0.28968120052882684,0.557
2010-09-05,0.2851607449539429,0.54
2010-09-06,0.4942754809640245,0.808
2010-09-07,0.5104678340510904,1.86
2010-09-08,0.35011783786229156,1.42
2010-09-09,0.42366954018788333,1.02
2010-09-10,0.48886871764208023,1.4
2010-09-11,0.3156828215188324,2.14
2010-09-12,0.2855717806963625,1.76
2010-09-13,0.39708693996081973,1.29
2010-09-14,0.3499804642174621,2.4
2010-09-15,0.35597662597504737,2.3
2010-09-16,0.2795803343778543,2.09
2010-09-17,0.26301821849868806,1.65
2010-09-18,0.376610539311129,1.34
2010-09-19,0.3027783972365121,2.31
2010-09-20,0.257195147448919,2.26
2010-09-21,0.24406622190372476,1.95
2010-09-22,0.31785024625750247,1.66
2010-09-23,0.3849147060035435,1.7
2010-09-24,0.25658376705517916,1.79
2010-09-25,0.23610759805392872,1.55
2010-09-26,0.2285935545068869,1.31
2010-09-27,0.22279568944959346,1.19
2010-09-28,0.2495320778824725,1.13
2010-09-29,0.3090597869780897,1.41
2010-09-30,0.31473273415197384,1.59
2010-10-01,0.5314121683857405,15.8
2010-10-02,1.5430306721895461,4.97
2010-10-03,2.009616616615527,22.8
2010-10-04,1.3774951125287997,6.18
2010-10-05,1.4639041050783803,4.18
2010-10-06,1.0937730450334286,3.68
2010-10-07,0.8281515211894092,2.96
2010-10-08,0.6892407605696123,2.59
2010-10-09,0.5969419002881436,2.35
2010-10-10,0.527205853117,2.13
2010-10-11,0.47246454296174095,1.92
2010-10-12,0.42921414756981785,1.75
2010-10-13,0.3951513628561275,1.61
2010-10-14,0.37022785119492246,1.51
2010-10-15,0.4509535170165473,1.43
2010-10-16,0.3781696826507661,1.38
2010-10-17,0.3584029810496653,1.3
2010-10-18,0.5907105691497248,1.26
2010-10-19,0.8499649342642862,1.83
2010-10-20,0.5559231269644285,1.84
2010-10-21,0.47960759600128666,1.51
2010-10-22,0.6952032583600951,1.39
2010-10-23,0.6492463052332805,1.58
2010-10-24,0.5187429924232162,1.59
2010-10-25,0.5777847964717833,1.4
2010-10-26,1.1743352642159226,2.36
2010-10-27,1.2396149827924028,3.13
2010-10-28,0.8322536041974685,3.89
2010-10-29,0.7015355876487323,2.91
2010-10-30,0.6245290346380548,2.47
2010-10-31,0.6651692088908644,2.18
2010-11-01,0.7551922244036524,1.98
2010-11-02,1.7228915948390753,8.07
2010-11-03,1.8371991090932343,6.65
2010-11-04,2.1720062540346805,11.4
2010-11-05,1.7811193015254008,8.5
2010-11-06,1.3147732869097626,5.24
2010-11-07,2.5745226234226166,3.91
2010-11-08,4.14005240489114,30.5
2010-11-09,2.906001769240802,13.3
2010-11-10,3.0031581292525176,6.84
2010-11-11,2.4909727234789725,10.2
2010-11-12,1.9759268309882945,5.56
2010-11-13,1.7671682498312338,4.31
2010-11-14,1.476150587983776,3.71
2010-11-15,1.3187018889564344,3.18
2010-11-16,1.1894311118720609,2.91
2010-11-17,2.141338973164115,5.07
2010-11-18,1.7218328981282267,5.05
2010-11-19,1.3758794879540877,4.06
2010-11-20,1.2380131099537217,3.41
2010-11-21,1.1723286011012288,3.1
2010-11-22,1.1899746468016221,2.89
2010-11-23,1.0564124978673917,2.74
2010-11-24,0.994358376436998,2.56
2010-11-25,0.9462086605910657,2.4
2010-11-26,1.0979328046587926,2.23
2010-11-27,1.0121709292593286,2.06
2010-11-28,0.9492370789848295,1.89
2010-11-29,1.204488240319068,1.87
2010-11-30,2.173108413680489,1.8
2010-12-01,1.7578010336511047,1.75
2010-12-02,1.559688818185603,1.69
2010-12-03,1.5060374188405656,1.59
2010-12-04,1.635211237664858,1.71
2010-12-05,1.3641885764719819,1.64
2010-12-06,1.2533823388270273,1.49
2010-12-07,1.1830744196670313,1.52
2010-12-08,1.1272146027115029,1.49
2010-12-09,1.3719326773268843,1.59
2010-12-10,1.2689580522344022,16.6
2010-12-11,1.1573591903999543,7.37
2010-12-12,1.1119270501591336,4.17
2010-12-13,1.0936390795612883,3.29
2010-12-14,1.1595008606585229,2.87
2010-12-15,1.343100914140814,2.68
2010-12-16,1.4571533051074137,4.0
2010-12-17,1.2475818070125877,3.04
2010-12-18,1.2471799335569422,2.57
2010-12-19,1.1662911135367733,2.28
2010-12-20,1.1215608538968165,2.08
2010-12-21,1.102292144546902,2.03
2010-12-22,1.0781222883828656,1.91
2010-12-23,1.0517660896563503,1.78
2010-12-24,1.0363882676053602,1.64
2010-12-25,1.02525026158293,1.5
2010-12-26,1.0874072539153308,1.52
2010-12-27,1.7792189986676326,1.52
2010-12-28,1.4418369233400845,2.12
2010-12-29,1.3274202337382932,4.27
2010-12-30,1.2381149107195288,3.41
2010-12-31,1.244753387632273,2.96
2011-01-01,1.223305704124993,2.95
2011-01-02,1.1581079347417993,2.75
2011-01-03,1.128591951699492,2.44
2011-01-04,1.8610366646250582,2.24
2011-01-05,2.002152971052319,6.78
2011-01-06,1.603826742461082,4.1
2011-01-07,2.7984892443402885,4.15
2011-01-08,2.0606047221756385,12.1
2011-01-09,1.7467337187244858,4.93
2011-01-10,2.258799906998768,4.58
2011-01-11,2.503954239525794,5.3
2011-01-12,2.640913779372828,9.16
2011-01-13,2.3201641354363813,10.0
2011-01-14,2.089441098683849,6.59
2011-01-15,1.8323625009111202,5.05
2011-01-16,2.3708822275731785,5.88
2011-01-17,1.8569070701785713,4.92
2011-01-18,1.680904659001958,3.89
2011-01-19,1.5640438498114646,3.4
2011-01-20,1.4755756756288227,3.0
2011-01-21,1.404797653815174,2.73
2011-01-22,1.3501476442672418,2.6
2011-01-23,1.305037463404925,2.52
2011-01-24,1.5868490896635161,2.43
2011-01-25,1.8976363998764794,3.04
2011-01-26,1.5424409486122048,3.11
2011-01-27,1.4380782958711316,2.65
2011-01-28,1.3765066127925238,2.39
2011-01-29,1.329884281896916,2.2
2011-01-30,1.292652730714398,2.06
2011-01-31,1.553903510145779,1.94
2011-02-01,1.3652612495069465,1.97
2011-02-02,1.3146144190621307,2.01
2011-02-03,1.916266726756905,1.97
2011-02-04,2.1381804674335685,2.52
2011-02-05,4.605006290866822,29.2
2011-02-06,3.1605309145621936,13.0
2011-02-07,2.731151349352189,5.91
2011-02-08,2.557515744481706,4.26
2011-02-09,2.7001525219721008,3.68
2011-02-10,2.3801714310653495,4.26
2011-02-11,2.5603921675422607,4.33
2011-02-12,2.271722707417651,4.55
2011-02-13,3.2397324304682305,9.37
2011-02-14,2.564765208649784,6.89
2011-02-15,3.123114123263112,7.93
2011-02-16,2.4094303101300523,6.8
2011-02-17,2.153587001133827,4.69
2011-02-18,3.2620543322681415,3.88
2011-02-19,2.96361909499703,5.91
2011-02-20,2.4701217164326343,6.31
2011-02-21,2.368615798184725,5.43
2011-02-22,2.592631962138515,4.94
2011-02-23,2.3346457368430316,6.77
2011-02-24,2.0776349522285185,4.84
2011-02-25,3.4337858058281534,5.38
2011-02-26,2.77659149963893,9.0
2011-02-27,2.653280589627871,6.06
2011-02-28,2.2878950469288593,4.76
2011-03-01,2.1111114316202584,3.95
2011-03-02,1.987696843949397,3.51
2011-03-03,1.8918357367556162,3.19
2011-03-04,1.815932642124203,2.93
2011-03-05,1.7672826690499808,2.76
2011-03-06,1.7098941894222255,2.63
2011-03-07,1.6717713337561997,2.5
2011-03-08,1.6632457547765611,2.37
2011-03-09,1.626009320963884,2.26
2011-03-10,1.669991290763765,2.14
2011-03-11,1.622835093140428,2.04
2011-03-12,1.892403381839334,1.96
2011-03-13,1.7184751944490857,1.91
2011-03-14,1.6611681514441887,1.81
2011-03-15,1.6321452293066108,1.73
2011-03-16,1.6134685698851579,1.68
2011-03-17,1.593309008181588,1.61
2011-03-18,1.5777757528410596,1.53
2011-03-19,1.5650845997307739,1.46
2011-03-20,1.554896534831569,1.41
2011-03-21,1.5445551724014317,1.37
2011-03-22,1.5357313207600782,1.33
2011-03-23,1.5276269829287503,1.29
2011-03-24,1.5199769943754167,1.27
2011-03-25,1.5126156471921943,1.25
2011-03-26,1.5054202352707073,1.22
2011-03-27,1.4982759104745993,1.2
2011-03-28,1.4911211237484394,1.17
2011-03-29,1.4842226316482736,1.14
2011-03-30,1.627227090355893,1.14
2011-03-31,1.489524432939812,1.31
2011-04-01,1.4665407126956531,1.22
2011-04-02,1.4564380769418404,1.16
2011-04-03,1.4930541364798111,1.11
2011-04-04,1.4887395413187823,1.12
2011-04-05,1.4399000486958473,1.16
2011-04-06,1.4258346913191577,1.12
2011-04-07,1.4156312308536594,1.05
2011-04-08,1.4058630037742934,1.01
2011-04-09,1.3961417225376191,0.974
2011-04-10,1.3863354588578811,0.953
2011-04-11,1.3768797887105704,0.923
2011-04-12,1.366557033847648,0.908
2011-04-13,1.356555417982526,0.893
2011-04-14,1.3463265958279664,0.891
2011-04-15,1.3360694110243283,0.877
2011-04-16,1.3257164844805418,0.861
2011-04-17,1.315271360325855,0.839
2011-04-18,1.304733146116013,0.825
2011-04-19,1.2941055010011928,0.811
2011-04-20,1.283393147692931,0.796
2011-04-21,1.2726015069929077,0.784
2011-04-22,1.2617567681874975,0.771
2011-04-23,1.2508297314544286,0.75
2011-04-24,1.2398081895934463,0.742
2011-04-25,1.228752609086815,0.727
2011-04-26,1.2176507992233816,0.709
2011-04-27,1.2065004491514704,0.702
2011-04-28,1.1953127497203677,0.69
2011-04-29,1.1840917641157391,0.676
2011-04-30,1.172843069702667,0.665
2011-05-01,1.1615713341368452,0.656
2011-05-02,1.1502821980220057,0.646
2011-05-03,1.138980865817803,0.645
2011-05-04,1.1276718317091028,0.632
2011-05-05,1.117144660842523,0.631
2011-05-06,1.1318598577926142,0.634
2011-05-07,1.3075784452160317,0.806
2011-05-08,1.1999865862998491,1.04
2011-05-09,1.2021157855868048,0.862
2011-05-10,1.0835239131249124,0.937
2011-05-11,1.059056784849978,0.792
2011-05-12,1.053272738111177,0.751
2011-05-13,1.055186461582369,0.752
2011-05-14,1.0257090475354655,0.744
2011-05-15,1.0654879086242768,0.737
2011-05-16,1.0070307246872399,1.09
2011-05-17,0.989353621422698,0.96
2011-05-18,0.9770633831416281,0.923
2011-05-19,0.9647034341471935,0.855
2011-05-20,0.9531580319589993,0.769
2011-05-21,0.94312913072579,0.721
2011-05-22,0.9314976587894899,0.7
2011-05-23,0.9261883762170617,0.695
2011-05-24,0.9106515552392621,0.687
2011-05-25,0.8995593893448195,0.653
2011-05-26,0.964823876452474,0.671
2011-05-27,0.8889316377271288,0.754
2011-05-28,0.8705065254959153,0.723
2011-05-29,0.9891155751324227,0.682
2011-05-30,0.9341808614706814,0.958
2011-05-31,0.8517760841838686,0.984
2011-06-01,0.832419349648913,0.821
2011-06-02,0.8203875773488225,0.725
2011-06-03,0.8094335191873754,0.671
2011-06-04,0.7988675464337193,0.636
2011-06-05,0.788521202981812,0.62
2011-06-06,0.778300477455449,0.601
2011-06-07,0.7689252029237109,0.595
2011-06-08,0.7599063530198618,0.59
2011-06-09,0.7489044960686579,0.587
2011-06-10,0.739824464269734,0.571
2011-06-11,0.73056738571559,0.558
2011-06-12,0.9310006702439383,0.925
2011-06-13,0.8631265751436097,0.975
2011-06-14,0.7253974841271145,0.764
2011-06-15,0.7015842476107205,0.682
2011-06-16,0.6898917434592474,0.644
2011-06-17,0.6963591190405578,0.623
2011-06-18,0.714392399023195,0.64
2011-06-19,0.6684233423453456,0.644
2011-06-20,0.7302120103164195,0.63
2011-06-21,0.6572318913489229,0.669
2011-06-22,0.7234045216284563,0.693
2011-06-23,0.6412741949196525,0.717
2011-06-24,0.7449367842929413,0.682
2011-06-25,0.6302754144016681,0.946
2011-06-26,0.6086013162458486,0.866
2011-06-27,0.5998062102005384,0.725
2011-06-28,0.5890946927868932,0.663
2011-06-29,0.5803095710107847,0.614
2011-06-30,0.5720616536429981,0.586
2011-07-01,0.563677612386046,0.571
2011-07-02,0.555662551031348,0.551
2011-07-03,0.5478411339081825,0.537
2011-07-04,0.54017201078202,0.524
2011-07-05,0.5741547800487432,0.509
2011-07-06,0.6362091029417111,0.839
2011-07-07,0.5357145670580691,0.739
2011-07-08,0.5640917788842896,0.656
2011-07-09,0.5147503681824402,0.634
2011-07-10,0.5026294913010894,0.586
2011-07-11,0.4938335270343254,0.569
2011-07-12,0.48621583915155514,0.535
2011-07-13,0.4789280048063171,0.52
2011-07-14,0.4718491686393001,0.493
2011-07-15,0.5090491683590278,0.482
2011-07-16,0.4972217447781237,0.548
2011-07-17,0.6873415438979065,4.84
2011-07-18,0.6973654085076902,13.0
2011-07-19,0.6791395860434716,3.57
2011-07-20,0.6168848258837476,2.47
2011-07-21,0.4617405685988613,2.0
2011-07-22,0.5223640408054632,1.69
2011-07-23,0.44417085897513164,1.83
2011-07-24,0.4269953131873929,1.44
2011-07-25,0.41736140959172524,1.22
2011-07-26,0.40910134306166535,1.08
2011-07-27,0.4015356799291922,0.979
2011-07-28,0.39446423070100806,0.899
2011-07-29,0.38778053761694176,0.85
2011-07-30,0.381426292835946,0.805
2011-07-31,0.3754116204583606,0.762
2011-08-01,0.3695504115029744,0.74
2011-08-02,0.3638638624227597,0.722
2011-08-03,0.3586027358581162,0.691
2011-08-04,0.35373636896000377,0.686
2011-08-05,0.34837633795427175,0.679
2011-08-06,0.3434732780578295,0.66
2011-08-07,0.39642295298593794,0.676
2011-08-08,0.34219626968398176,0.68
2011-08-09,0.3307718792093248,0.663
2011-08-10,0.5284551392814804,0.766
2011-08-11,0.41230797234323013,1.17
2011-08-12,0.3323582989015493,1.22
2011-08-13,0.31721247550094683,1.08
2011-08-14,0.3106097551333406,0.932
2011-08-15,0.3061076612216152,0.81
2011-08-16,0.3003652138191332,0.74
2011-08-17,0.29507111335896047,0.688
2011-08-18,0.2907232875009948,0.656
2011-08-19,0.2858147365463795,0.629
2011-08-20,0.2819444426333714,0.608
2011-08-21,0.27713278550241094,0.6
2011-08-22,0.27297453791660087,0.581
2011-08-23,0.2688349383185813,0.571
2011-08-24,0.4613935485369416,0.562
2011-08-25,0.29995692995594236,0.684
2011-08-26,0.38612141941792505,0.737
2011-08-27,0.2976601509004677,0.808
2011-08-28,0.26211301307600743,0.78
2011-08-29,0.26113321701933134,0.737
2011-08-30,0.2495641028808308,0.778
2011-08-31,0.24395182701998136,0.739
2011-09-01,0.23943193003210725,0.672
2011-09-02,0.2352393170044074,0.625
2011-09-03,0.23163220768309237,0.593
2011-09-04,0.22813489105622436,0.576
2011-09-05,0.33646640990317306,0.566
2011-09-06,0.26536570966441503,0.629
2011-09-07,0.3084001699040445,0.9
2011-09-08,0.22951224436357906,1.01
2011-09-09,0.21646598201801528,0.854
2011-09-10,0.21234939148437085,0.771
2011-09-11,0.28689892377423504,0.786
2011-09-12,0.21460914898192457,0.914
2011-09-13,0.20355152470762847,0.813
2011-09-14,0.19863644761445265,0.709
2011-09-15,0.19498615322483417,0.662
2011-09-16,0.2030804839442549,0.642
2011-09-17,0.23174890960745465,0.687
2011-09-18,0.19293425585668358,0.729
2011-09-19,0.23285319210496933,0.686
2011-09-20,0.19309139146950735,0.821
2011-09-21,0.18209637732628564,0.877
2011-09-22,0.17734502430633164,0.803
2011-09-23,0.17396095428140704,0.724
2011-09-24,0.17128512412588168,0.678
2011-09-25,0.16838531348366242,0.665
2011-09-26,0.16521465003080837,0.656
2011-09-27,0.16248820786686496,0.629
2011-09-28,0.1598738568824276,0.623
2011-09-29,0.15734697769169156,0.592
2011-09-30,0.1548906118537937,0.57
2011-10-01,0.15249442348234962,0.557
2011-10-02,0.15111050103917587,0.541
2011-10-03,0.14799959073840005,0.528
2011-10-04,0.14563556420516802,0.514
2011-10-05,0.24645134164485377,0.515
2011-10-06,0.3561455284772907,0.622
2011-10-07,0.2408029185097085,1.26
2011-10-08,0.3588934865718385,3.41
2011-10-09,0.2605415922820736,5.52
2011-10-10,0.28466448672215067,4.09
2011-10-11,0.4037774314304015,12.8
2011-10-12,0.28650070813139633,8.68
2011-10-13,0.1758505028118455,4.31
2011-10-14,0.15618706996476142,2.94
2011-10-15,0.14786230852751137,2.34
2011-10-16,0.14190125163864467,2.01
2011-10-17,0.24958799163184942,1.88
2011-10-18,0.19270548516160302,1.98
2011-10-19,0.17408593109636153,1.95
2011-10-20,0.13759481916888386,1.88
2011-10-21,0.12948467863156912,1.69
2011-10-22,0.12517953426410655,1.49
2011-10-23,0.12173619518144999,1.35
2011-10-24,0.15611898251230005,1.26
2011-10-25,0.12483193868077154,1.24
2011-10-26,0.1498745916346655,1.19
2011-10-27,0.15966999319811065,1.24
2011-10-28,0.11915268168200309,1.31
2011-10-29,0.1144489822216077,1.22
2011-10-30,0.11024792474648332,1.18
2011-10-31,0.25264974789014777,1.17
2011-11-01,0.12458002362670495,2.04
2011-11-02,0.21654830688718305,1.8
2011-11-03,0.3030855955807485,2.21
2011-11-04,0.32021128253895215,10.7
2011-11-05,0.15667689470473256,4.77
2011-11-06,0.1289238428708693,2.94
2011-11-07,0.12540272517785858,2.47
2011-11-08,0.16225749654257487,2.29
2011-11-09,0.13120095396300097,2.21
2011-11-10,0.11854510977445742,2.05
2011-11-11,0.32955087315117676,2.15
2011-11-12,0.16492765315638863,3.24
2011-11-13,0.13479117179282984,2.47
2011-11-14,0.12291498675031198,2.21
2011-11-15,0.11531382087620225,2.03
2011-11-16,0.10986698125829489,1.87
2011-11-17,0.10489265407168072,1.72
2011-11-18,0.10089464762598173,1.6
2011-11-19,0.09785402889817342,1.5
2011-11-20,0.11288451345590796,1.42
2011-11-21,0.12397252514923597,1.37
2011-11-22,0.1034024341390855,1.32
2011-11-23,0.09781363692936311,1.25
2011-11-24,0.208357843310602,1.21
2011-11-25,0.17486424242954962,1.39
2011-11-26,0.2387462021870612,1.39
2011-11-27,0.15855361618904576,1.34
2011-11-28,0.14467698631549483,1.25
2011-11-29,0.39329821818789057,1.37
2011-11-30,0.42994959605244426,1.51
2011-12-01,0.26397627491433123,1.53
2011-12-02,0.34575043495346636,1.45
2011-12-03,0.3173987538009303,1.47
2011-12-04,0.9448433512920857,1.71
2011-12-05,1.1777733878549694,3.59
2011-12-06,1.4169819736194977,7.08
2011-12-07,0.9899445912007545,11.3
2011-12-08,1.2691489320633669,6.88
2011-12-09,1.113086583418021,4.59
2011-12-10,1.039194319578533,4.07
2011-12-11,1.2769779770341703,7.41
2011-12-12,2.231676730719721,9.64
2011-12-13,1.4915215777158612,10.6
2011-12-14,1.5104640820177428,4.97
2011-12-15,1.2339492108278742,5.92
2011-12-16,1.3999816001534886,4.52
2011-12-17,1.6896851790488594,4.4
2011-12-18,1.3451820466774729,3.69
2011-12-19,2.1456109102836507,18.7
2011-12-20,2.2027819514683316,10.6
2011-12-21,1.5638399051589291,12.6
2011-12-22,1.2616551450360352,6.01
2011-12-23,2.693450782541436,12.5
2011-12-24,2.1496948755437697,7.87
2011-12-25,1.5320043574977589,6.21
2011-12-26,1.2875646404649832,4.57
2011-12-27,1.1337721492207542,3.81
2011-12-28,1.5698150028591007,3.37
2011-12-29,2.4205593092967317,10.0
2011-12-30,3.0985126625098705,19.3
2011-12-31,2.288263755957963,11.6
2012-01-01,2.2920383250733574,8.04
2012-01-02,3.0388088394201387,6.59
2012-01-03,2.706620936899553,15.9
2012-01-04,4.173799960243467,20.2
2012-01-05,3.090887810454435,15.9
2012-01-06,3.0289297715511325,9.89
2012-01-07,2.2909524757752733,7.8
2012-01-08,2.0399683321979323,5.63
2012-01-09,2.105224712921055,5.6
2012-01-10,1.9715249637086092,4.76
2012-01-11,1.7572661473746278,4.91
2012-01-12,1.5533820622060128,4.24
2012-01-13,1.4212913107866685,3.7
2012-01-14,1.3287195980298006,3.32
2012-01-15,1.2591047757268448,3.03
2012-01-16,1.203164833507777,2.8
2012-01-17,1.321935512089846,2.65
2012-01-18,1.471739144019481,2.73
2012-01-19,3.045539069227205,4.11
2012-01-20,3.0824658978538455,26.0
2012-01-21,2.4947375568255876,7.73
2012-01-22,2.178740203517608,5.33
2012-01-23,2.6544345898874004,4.56
2012-01-24,2.4572956004278654,7.93
2012-01-25,2.6659413623939874,6.24
2012-01-26,2.317998725625696,6.72
2012-01-27,2.754608040706859,6.06
2012-01-28,2.1694848819518424,5.36
2012-01-29,1.9834811177830016,4.38
2012-01-30,1.8242135675084699,3.94
2012-01-31,1.7175907245544335,3.49
2012-02-01,1.6367338556663396,3.09
2012-02-02,1.5746363594392405,2.83
2012-02-03,1.5273833668240968,2.63
2012-02-04,2.9546475609354923,2.49
2012-02-05,2.5912888397984104,2.46
2012-02-06,2.088939587249692,3.03
2012-02-07,1.9212236868689767,2.96
2012-02-08,1.8131773923732222,2.6
2012-02-09,2.008434960138877,2.45
2012-02-10,1.7980072710755943,2.37
2012-02-11,1.7136577581888486,2.27
2012-02-12,1.6750398706240797,2.45
2012-02-13,1.7226905798496737,6.58
2012-02-14,1.6332603262876486,4.41
2012-02-15,1.5960868005188331,3.84
2012-02-16,2.038906445734775,4.41
2012-02-17,1.8703360338220203,5.16
2012-02-18,2.2364654245790505,5.79
2012-02-19,1.8947377362596158,4.03
2012-02-20,1.8607842784600164,3.46
2012-02-21,1.7798306756232054,3.19
2012-02-22,2.3267837039076937,5.34
2012-02-23,1.927841639795722,4.83
2012-02-24,1.843230949583073,3.65
2012-02-25,1.7558533987612424,3.17
2012-02-26,1.7072282467238051,2.81
2012-02-27,1.7730538952616064,2.62
2012-02-28,1.68713901429143,2.52
2012-02-29,1.6450740354993822,2.41
2012-03-01,1.6168314786470628,2.28
2012-03-02,1.5978045502022522,2.17
2012-03-03,1.985999151363615,2.08
2012-03-04,2.1457645844254025,2.73
2012-03-05,1.8353950718951721,2.86
2012-03-06,2.1226684335746615,2.44
2012-03-07,1.9787457182150943,2.72
2012-03-08,1.825709280887907,2.61
2012-03-09,1.7573713657631969,2.36
2012-03-10,1.7051974705590398,2.2
2012-03-11,1.6624699243736796,2.08
2012-03-12,1.6274369935939237,1.97
2012-03-13,1.5990581365035665,1.88
2012-03-14,1.575725528881111,1.8
2012-03-15,1.5552139957289755,1.73
2012-03-16,1.5431109199483173,1.67
2012-03-17,1.7284819009466446,1.63
2012-03-18,1.5845147246434412,1.81
2012-03-19,1.528370777791933,1.75
2012-03-20,1.5080027849107807,1.59
2012-03-21,1.4930846770419384,1.5
2012-03-22,1.479926819054399,1.44
2012-03-23,1.4678678696179845,1.4
2012-03-24,1.4564444670832744,1.35
2012-03-25,1.4456416503147533,1.3
2012-03-26,1.4352595788039682,1.25
2012-03-27,1.425161546710295,1.21
2012-03-28,1.415250603376586,1.17
2012-03-29,1.405451354983574,1.12
2012-03-30,1.3957107445230184,1.1
2012-03-31,1.3859723126979673,1.09
2012-04-01,1.3762757151873604,1.06
2012-04-02,1.3668991782805047,1.05
2012-04-03,1.5585376834831706,1.09
2012-04-04,1.5249251478062875,1.58
2012-04-05,1.363593513059007,1.96
2012-04-06,1.3674774990433851,2.44
2012-04-07,1.3460381590112709,2.94
2012-04-08,1.4898128265431314,2.48
2012-04-09,2.0314522036882465,8.24
2012-04-10,1.8124766549019107,4.28
2012-04-11,2.0543051721828345,3.46
2012-04-12,1.9535297150171496,4.63
2012-04-13,1.744110010089537,3.43
2012-04-14,1.6150862234795302,2.74
2012-04-15,1.5255936221941222,2.35
2012-04-16,1.9807706867427448,2.17
2012-04-17,2.0228043650506153,2.78
2012-04-18,2.8127389899200517,7.94
2012-04-19,2.440692186982168,6.79
2012-04-20,2.6200799055900825,5.54
2012-04-21,2.4407705735748744,5.43
2012-04-22,2.480326268671402,5.02
2012-04-23,2.3624828962995457,4.67
2012-04-24,2.3268436240382258,3.76
2012-04-25,3.642034284420305,15.3
2012-04-26,4.006487602163505,15.2
2012-04-27,3.152190980304952,10.3
2012-04-28,2.929785454503784,5.8
2012-04-29,3.0199371222134954,7.52
2012-04-30,2.4616137827080946,5.49
2012-05-01,2.237106758756822,4.47
2012-05-02,2.0177163346746516,3.86
2012-05-03,1.8778579126036836,3.36
2012-05-04,1.7664615876203422,3.03
2012-05-05,1.6793434286142943,2.79
2012-05-06,1.6089228916349148,2.6
2012-05-07,2.102815632628527,2.49
2012-05-08,1.7180949367722005,2.71
2012-05-09,3.0281261532770523,7.57
2012-05-10,2.8576630712510704,7.27
2012-05-11,2.3094677132108368,5.85
2012-05-12,2.0334307724065424,4.01
2012-05-13,1.9498478030103241,3.32
2012-05-14,2.5147952421861577,2.97
2012-05-15,2.3278025725076135,3.29
2012-05-16,2.0113327024365795,3.1
2012-05-17,1.8949602393805522,2.69
2012-05-18,2.055361063690372,2.54
2012-05-19,1.820846702825809,2.47
2012-05-20,1.725607401921738,2.35
2012-05-21,1.6597775755046638,2.2
2012-05-22,1.6081307898231174,2.02
2012-05-23,1.5667027598904035,1.87
2012-05-24,1.5332343063783804,1.77
2012-05-25,1.5060225763688377,1.68
2012-05-26,1.4837204408043674,1.59
2012-05-27,1.4652553986396974,1.52
2012-05-28,1.449790101795931,1.47
2012-05-29,1.4365995509027776,1.42
2012-05-30,1.425425848745953,1.37
2012-05-31,1.438558115158183,1.35
2012-06-01,1.4099837049438,1.34
2012-06-02,1.6016467592778991,1.31
2012-06-03,1.6198562502772595,2.81
2012-06-04,1.4379186969622597,2.82
2012-06-05,1.3901343478073864,2.12
2012-06-06,1.414777778671312,1.88
2012-06-07,1.6087085405144332,10.5
2012-06-08,4.28146178397211,54.3
2012-06-09,3.00026447763332,18.8
2012-06-10,2.860168829315769,7.35
2012-06-11,2.5093948687478096,5.49
2012-06-12,2.2492455153485253,4.35
2012-06-13,2.0478304182187976,3.71
2012-06-14,3.7498025084065687,7.45
2012-06-15,3.4827093229022945,9.66
2012-06-16,3.087737371173625,5.79
2012-06-17,2.5996723221501346,4.79
2012-06-18,2.2969162611588,4.01
2012-06-19,2.114606485700337,3.46
2012-06-20,2.1478640732450316,3.09
2012-06-21,3.0914996907026397,3.49
2012-06-22,2.8598962056181456,12.5
2012-06-23,3.8301868623651045,9.01
2012-06-24,2.8920081691055533,14.3
2012-06-25,2.488056584206428,5.57
2012-06-26,2.351872730086683,4.47
2012-06-27,2.1599571633098242,3.84
2012-06-28,2.6610082908554262,5.88
2012-06-29,2.2176744810838906,4.06
2012-06-30,2.4975223319884097,3.72
2012-07-01,2.3979382107253677,3.64
2012-07-02,2.62773515067871,5.43
2012-07-03,2.5779699492931183,5.06
2012-07-04,2.776251839362498,7.79
2012-07-05,3.319955204119307,11.0
2012-07-06,3.8947728596023135,22.5
2012-07-07,3.5573921951175054,9.53
2012-07-08,3.0335254031385266,6.19
2012-07-09,3.3603739273557,5.1
2012-07-10,2.8066534469526196,6.11
2012-07-11,2.507019876236347,4.39
2012-07-12,2.477866418054891,3.81
2012-07-13,2.689910068511971,5.29
2012-07-14,2.3474288111835717,4.42
2012-07-15,2.202999160115778,3.57
2012-07-16,2.776780950213921,4.14
2012-07-17,2.297322054089049,5.21
2012-07-18,2.4475805276652345,3.95
2012-07-19,2.6714479707103553,4.93
2012-07-20,2.3076804291666915,5.54
2012-07-21,2.1512871062563885,3.84
2012-07-22,2.060879102784912,3.35
2012-07-23,1.9927933694650177,3.05
2012-07-24,1.938825694259269,2.87
2012-07-25,1.895628804256055,2.7
2012-07-26,1.860867145543002,2.53
2012-07-27,1.8327494022821669,2.34
2012-07-28,1.8100761399434282,2.17
2012-07-29,1.8196474724928016,2.08
2012-07-30,1.8390654251836438,2.0
2012-07-31,1.7863336512657433,2.01
2012-08-01,1.7878049335821682,2.04
2012-08-02,1.8639329299097604,2.26
2012-08-03,1.7503284764874698,2.61
2012-08-04,1.7702072996025786,2.27
2012-08-05,1.7281859173877783,2.33
2012-08-06,1.7122335313249069,2.32
2012-08-07,1.7028869410925644,2.05
2012-08-08,1.6935498144800807,1.87
2012-08-09,1.6849890677147585,1.73
2012-08-10,1.6765387800285732,1.63
2012-08-11,1.6680631367177778,1.57
2012-08-12,1.6891300991983365,1.54
2012-08-13,1.6556129999493805,1.54
2012-08-14,1.6436211775345546,1.47
2012-08-15,1.8380849560790526,2.23
2012-08-16,1.6983338795738905,2.47
2012-08-17,1.6609232335836872,2.02
2012-08-18,1.6155481686256927,1.95
2012-08-19,1.601484687371252,1.74
2012-08-20,1.58930661308601,1.63
2012-08-21,1.641161326033626,1.7
2012-08-22,1.576224103633647,1.73
2012-08-23,1.5587662490014147,1.59
2012-08-24,1.642954502396306,1.56
2012-08-25,1.7528279660034356,2.33
2012-08-26,1.6356604940915054,4.09
2012-08-27,1.9172690359476932,4.9
2012-08-28,2.382581796447852,4.3
2012-08-29,2.8043684526537116,15.5
2012-08-30,2.171603139254154,4.99
2012-08-31,2.0160371488986213,3.62
2012-09-01,1.8752652960143616,3.07
2012-09-02,1.7818791927333528,2.75
2012-09-03,1.7104616018995407,2.52
2012-09-04,1.651040149667262,2.32
2012-09-05,1.6019016603228555,2.13
2012-09-06,1.5608246063285152,1.97
2012-09-07,1.526001536166907,1.85
2012-09-08,1.4961260885829448,1.75
2012-09-09,1.4704926437893246,1.67
2012-09-10,1.5437171662084823,1.62
2012-09-11,1.4406053382240136,1.72
2012-09-12,1.4880341906132404,1.74
2012-09-13,1.4043424189550953,1.83
2012-09-14,1.380377365216637,1.61
2012-09-15,1.3641715876824212,1.5
2012-09-16,1.3537707346587504,1.43
2012-09-17,1.3378467480449476,1.41
2012-09-18,1.3511041443552596,1.38
2012-09-19,1.3693896705441957,1.53
2012-09-20,1.3654043680445285,1.87
2012-09-21,1.3016489418321158,2.57
2012-09-22,1.2787945982441267,2.24
2012-09-23,1.4716839150484409,2.02
2012-09-24,2.915306236499729,24.1
2012-09-25,4.637297434846311,22.6
2012-09-26,3.4920657559365114,17.7
2012-09-27,2.991380203867834,6.47
2012-09-28,2.6649081901110594,5.19
2012-09-29,2.3091002154302847,4.17
2012-09-30,2.5122458790073345,3.78
2012-10-01,2.111439692251035,4.12
2012-10-02,2.4493251821442197,4.04
2012-10-03,2.0134482708589925,3.56
2012-10-04,2.511400086450898,3.14
2012-10-05,2.235151715115474,4.82
2012-10-06,1.9368241466005705,3.71
2012-10-07,1.8078064712322524,3.08
2012-10-08,1.6877573805589179,2.81
2012-10-09,1.601453094988013,2.64
2012-10-10,1.5381577745058803,2.49
2012-10-11,2.5033636913091093,11.0
2012-10-12,2.079075296765332,8.87
2012-10-13,1.914169138461682,4.42
2012-10-14,1.658238150636017,3.59
2012-10-15,2.453708567860188,3.87
2012-10-16,2.539039349297181,5.04
2012-10-17,2.442101266468515,5.03
2012-10-18,2.2948103381582494,4.74
2012-10-19,1.9859548756047773,3.85
2012-10-20,1.8363016811132251,3.33
2012-10-21,1.8402968239299748,2.99
2012-10-22,1.7145088794561856,2.85
2012-10-23,1.6207281012547399,2.75
2012-10-24,1.5584600409472646,2.61
2012-10-25,1.499076680464585,2.5
2012-10-26,1.4585204598161665,2.38
2012-10-27,1.583901782869988,2.24
2012-10-28,1.8741045307157222,2.28
2012-10-29,1.6748405915710207,2.61
2012-10-30,1.5582886682511667,2.47
2012-10-31,2.241707461940906,3.18
2012-11-01,1.7813914149760715,4.34
2012-11-02,1.6581851415191806,3.09
2012-11-03,1.5824648186632118,2.67
2012-11-04,1.5150596078316425,2.5
2012-11-05,1.4673970177865727,2.35
2012-11-06,1.5705338196501082,2.25
2012-11-07,1.4659827827162355,2.24
2012-11-08,1.417857901044761,2.19
2012-11-09,1.6191886854994593,2.15
2012-11-10,1.4590375072130766,2.2
2012-11-11,1.42078720193379,2.1
2012-11-12,1.6823654600964448,2.38
2012-11-13,1.4762963576965453,2.57
2012-11-14,1.4171512226095944,2.29
2012-11-15,1.379903079684703,2.16
2012-11-16,1.9560061113269216,2.2
2012-11-17,1.567805357246851,3.57
2012-11-18,1.469868416098934,2.72
2012-11-19,1.637451775777793,2.53
2012-11-20,2.8127606237377143,2.68
2012-11-21,2.6730980133394127,15.5
2012-11-22,3.362129980967716,14.5
2012-11-23,2.581377041793194,7.27
2012-11-24,5.436298734989425,24.9
2012-11-25,4.363816519833759,24.0
2012-11-26,4.591788912093631,16.1
2012-11-27,3.6614769445225783,11.6
2012-11-28,3.1903918956378794,6.78
2012-11-29,2.806775436256047,5.38
2012-11-30,2.682325767585275,4.55
2012-12-01,2.3209751437195774,4.3
2012-12-02,3.0814755896906503,4.59
2012-12-03,3.4381949042558104,9.12
2012-12-04,3.4908046511017825,17.8
2012-12-05,2.7220192391945988,6.79
2012-12-06,4.152607901475659,11.7
2012-12-07,3.182989540089303,10.8
2012-12-08,2.946686874029717,8.06
2012-12-09,2.711527913460177,8.57
2012-12-10,2.417990711675372,5.35
2012-12-11,2.242207729962472,4.43
2012-12-12,2.108562188175876,3.89
2012-12-13,2.014061499420837,3.48
2012-12-14,4.3584929843261735,23.9
2012-12-15,3.292181126148322,10.2
2012-12-16,3.2305567155036696,6.55
2012-12-17,3.1012481432095917,7.89
2012-12-18,2.622830966322291,6.03
2012-12-19,4.123825238367482,8.28
2012-12-20,4.694631725406994,29.7
2012-12-21,4.423826799778891,11.8
2012-12-22,5.390542867047177,32.7
2012-12-23,4.283716892679736,11.8
2012-12-24,4.541082088637335,13.0
2012-12-25,4.027414643983545,9.49
2012-12-26,3.8488047191207375,8.33
2012-12-27,3.9651377107855366,6.84
2012-12-28,3.481053974271297,8.75
2012-12-29,4.186377532677628,14.6
2012-12-30,3.7776638619440073,8.59
2012-12-31,4.390486319175082,15.1
2013-01-01,3.52319736061764,8.43
2013-01-02,3.4586366197370264,6.9
2013-01-03,3.1618267233973287,6.79
2013-01-04,2.9082989429582584,5.62
2013-01-05,2.7467462086394816,4.92
2013-01-06,2.624428064860203,4.43
2013-01-07,2.52946251042509,4.08
2013-01-08,2.9059543744854954,4.05
2013-01-09,2.596775607643352,3.94
2013-01-10,2.4977667757376496,3.58
2013-01-11,2.4344213218268056,3.33
2013-01-12,2.380054642185132,3.16
2013-01-13,2.5946803497072137,3.0
2013-01-14,2.936107335407803,2.94
2013-01-15,2.607352047618744,2.83
2013-01-16,2.494361804951131,2.7
2013-01-17,2.547970951922882,2.61
2013-01-18,2.7341511961952074,2.53
2013-01-19,2.5314732854487922,2.46
2013-01-20,2.8707712296257912,2.39
2013-01-21,2.6803375194799424,2.34
2013-01-22,2.627872680595694,2.28
2013-01-23,2.5181203140607056,2.23
2013-01-24,2.49272576711539,2.17
2013-01-25,3.508472591157683,2.13
2013-01-26,4.688550389303804,10.2
2013-01-27,3.7430488310937378,28.7
2013-01-28,3.4752708327888535,12.6
2013-01-29,3.2671276180882387,9.06
2013-01-30,3.5701311638296676,6.25
2013-01-31,3.210122086340226,6.62
2013-02-01,3.142874741906499,5.04
2013-02-02,2.9111720895515276,4.2
2013-02-03,3.1853721755431414,4.54
2013-02-04,3.085581497374488,5.1
2013-02-05,3.9013008302828407,9.19
2013-02-06,3.178964124845562,7.68
2013-02-07,2.9719667716342046,4.64
2013-02-08,3.0368478756514214,3.98
2013-02-09,3.3073818768528005,3.75
2013-02-10,4.296416317256211,8.5
2013-02-11,3.5406716925192225,5.5
2013-02-12,3.161215273119098,4.34
2013-02-13,5.135506494816034,6.79
2013-02-14,4.0576985706825806,27.1
2013-02-15,3.560782765072749,8.95
2013-02-16,3.2532905528366958,6.09
2013-02-17,3.0629622257779556,5.01
2013-02-18,2.9190005515855733,4.38
2013-02-19,2.809201630071303,3.91
2013-02-20,2.7121941211007163,3.6
2013-02-21,2.6370837941863345,3.34
2013-02-22,2.576840815251493,3.15
2013-02-23,2.528058613892512,2.99
2013-02-24,2.491566234517556,2.86
2013-02-25,2.4636143923841662,2.75
2013-02-26,2.425035406572771,2.67
2013-02-27,2.3991242639696257,2.56
2013-02-28,2.3775938024246317,2.44
2013-03-01,2.3585408179839313,2.33
2013-03-02,2.3413110237979082,2.22
2013-03-03,2.325555327873885,2.14
2013-03-04,2.311005086983161,2.06
2013-03-05,2.2968502832111413,1.99
2013-03-06,2.3644656374620805,1.93
2013-03-07,2.508906344495406,1.95
2013-03-08,2.3678570467601245,2.1
2013-03-09,2.630804897078525,2.05
2013-03-10,2.422480409252639,2.08
2013-03-11,2.354790633255852,1.9
2013-03-12,2.3108971313239315,1.81
2013-03-13,2.2777714775833955,1.79
2013-03-14,2.402300156876475,1.75
2013-03-15,2.982655472779937,2.58
2013-03-16,2.9191508336835907,5.1
2013-03-17,2.5796936428586834,3.56
2013-03-18,2.4625780610430907,2.87
2013-03-19,2.416143291985294,2.58
2013-03-20,2.3258361029741046,2.36
2013-03-21,2.7182355430636997,2.19
2013-03-22,3.4342390870515738,2.11
2013-03-23,3.081175889612011,2.05
2013-03-24,2.7041061136391815,2.02
2013-03-25,2.5527771055983175,1.98
2013-03-26,2.4509167394179103,1.95
2013-03-27,2.3729620380005407,1.91
2013-03-28,2.2859743384131086,1.88
2013-03-29,2.224833592523042,1.92
2013-03-30,2.174586050784227,2.0
2013-03-31,2.1318639551959073,2.11
2013-04-01,2.095294754918549,2.12
2013-04-02,2.0629669885700785,2.08
2013-04-03,2.034367887821827,2.32
2013-04-04,2.0087571082799873,2.39
2013-04-05,1.9854104159484167,2.36
2013-04-06,1.9638457767137154,2.46
2013-04-07,1.9436654172366534,2.45
2013-04-08,1.9245585123817697,2.39
2013-04-09,1.9062797403165135,2.45
2013-04-10,1.8886356807581126,2.36
2013-04-11,1.872007861740287,2.24
2013-04-12,1.8553345146970808,2.21
2013-04-13,1.8709717469649843,2.21
2013-04-14,1.8266491847173114,2.3
2013-04-15,1.8073387023594063,1.99
2013-04-16,1.7905037447140457,1.75
2013-04-17,1.7743015984221444,1.6
2013-04-18,1.7587833657813712,1.5
2013-04-19,1.7420706731494209,1.46
2013-04-20,1.72591115080441,1.39
2013-04-21,1.7105814844182003,1.34
2013-04-22,1.6939343851721103,1.32
2013-04-23,1.677945148846364,1.29
2013-04-24,1.661819819037797,1.25
2013-04-25,1.6460659862878884,1.22
2013-04-26,1.6302174032925065,1.2
2013-04-27,1.6140215067891945,1.18
2013-04-28,1.6337202921035492,1.16
2013-04-29,1.5870403533319768,1.17
2013-04-30,1.567380823724254,1.13
2013-05-01,1.5507899415426456,1.1
2013-05-02,1.534598550009581,1.06
2013-05-03,1.518649016206913,1.06
2013-05-04,1.5027642258245193,1.04
2013-05-05,1.486529697081602,0.998
2013-05-06,1.4705842664996316,0.979
2013-05-07,1.4549219383668635,0.963
2013-05-08,1.4391609179170426,0.95
2013-05-09,1.5889591355963912,1.0
2013-05-10,1.4368857192563964,1.09
2013-05-11,1.5430412754930836,1.16
2013-05-12,1.443085783145063,1.43
2013-05-13,1.3758061628524836,1.5
2013-05-14,1.5688922243548464,3.77
2013-05-15,1.5769786538247381,6.52
2013-05-16,1.571535825708636,3.02
2013-05-17,1.4474516227400815,2.48
2013-05-18,1.3294281696369037,2.22
2013-05-19,1.3190801145198126,1.96
2013-05-20,1.285555006626779,1.83
2013-05-21,1.2634651749854182,1.67
2013-05-22,1.2444962721088932,1.53
2013-05-23,1.2864994556549196,1.47
2013-05-24,1.219429978698624,1.55
2013-05-25,1.1960410131893162,1.47
2013-05-26,1.1791903018884091,1.34
2013-05-27,1.2259925852846232,1.27
2013-05-28,1.3611498293512674,3.15
2013-05-29,1.7745302073237235,4.77
2013-05-30,1.3758629239756033,4.32
2013-05-31,1.2722110179447612,2.75
2013-06-01,1.222269869558578,2.26
2013-06-02,1.1839932498929069,1.98
2013-06-03,1.151235697019656,1.78
2013-06-04,1.1227697962596677,1.63
2013-06-05,1.0976474981494115,1.52
2013-06-06,1.0752024730814078,1.45
2013-06-07,1.0549121797016934,1.32
2013-06-08,1.036360076324383,1.25
2013-06-09,1.0192135122933887,1.21
2013-06-10,1.0032125820112934,1.17
2013-06-11,0.9883551799265596,1.14
2013-06-12,0.9750295285540571,1.11
2013-06-13,1.0324699510924498,1.19
2013-06-14,1.0408834827127555,1.22
2013-06-15,0.9495766321617611,1.23
2013-06-16,0.9268755374904696,1.15
2013-06-17,0.9130060242310445,1.08
2013-06-18,0.9004792532181618,1.03
2013-06-19,0.8887904557808556,0.98
2013-06-20,0.877826945023522,0.96
2013-06-21,0.911332292497571,0.956
2013-06-22,0.970855667736314,0.985
2013-06-23,0.8943814470278556,1.53
2013-06-24,0.8426512703842174,1.52
2013-06-25,0.826405727153304,1.2
2013-06-26,0.814407883299443,1.07
2013-06-27,0.9370787676241813,1.01
2013-06-28,0.8929764498541486,1.67
2013-06-29,0.7977997406044922,2.03
2013-06-30,0.7770167945234981,1.4
2013-07-01,0.7648544202323989,1.19
2013-07-02,0.8626000047844419,1.13
2013-07-03,0.7581819600419338,1.19
2013-07-04,0.7369476450618621,1.12
2013-07-05,0.7252385450921,0.991
2013-07-06,0.7148452572231921,0.92
2013-07-07,0.7048220295237488,0.87
2013-07-08,0.6950633880521974,0.841
2013-07-09,0.6854506294760345,0.818
2013-07-10,0.6760359119069982,0.784
2013-07-11,0.6667821773134806,0.769
2013-07-12,0.6576734170946789,0.742
2013-07-13,0.6486986283968128,0.715
2013-07-14,0.6398479584106009,0.696
2013-07-15,0.6311151092847139,0.682
2013-07-16,0.6224940862876395,0.666
2013-07-17,0.6139802009786609,0.652
2013-07-18,0.6055696659117279,0.647
2013-07-19,0.59725939417355,0.63
2013-07-20,0.589068081642413,0.618
2013-07-21,0.580934728731498,0.614
2013-07-22,0.7851988554731322,0.652
2013-07-23,0.7922734252980129,2.51
2013-07-24,0.602621179110497,1.53
2013-07-25,0.5620440417070388,1.11
2013-07-26,0.5493401773232662,0.952
2013-07-27,0.7850882156567719,10.5
2013-07-28,0.789109251647892,10.2
2013-07-29,0.7835258475501632,4.22
2013-07-30,0.7630718181219215,2.89
2013-07-31,0.7721706377550863,2.4
2013-08-01,0.7131377693683787,2.26
2013-08-02,0.7373223902745099,2.02
2013-08-03,0.5501832314575787,2.34
2013-08-04,0.7562640312058209,2.36
2013-08-05,0.5752655997640406,6.82
2013-08-06,0.5131661937654379,3.33
2013-08-07,0.4941380178021602,2.46
2013-08-08,0.48358669597070797,2.08
2013-08-09,0.4705389100668837,1.86
2013-08-10,0.46044869503494645,1.66
2013-08-11,0.4513589344095211,1.49
2013-08-12,0.4433149743024195,1.37
2013-08-13,0.43542815433047055,1.3
2013-08-14,0.4284231651140821,1.23
2013-08-15,0.6265846783996466,1.22
2013-08-16,0.47359098634789143,2.23
2013-08-17,0.43851156414965115,1.86
2013-08-18,0.4106344963601421,1.96
2013-08-19,0.40126875149667257,1.68
2013-08-20,0.39433007330473546,1.41
2013-08-21,0.3879208295626591,1.28
2013-08-22,0.38183679224173234,1.22
2013-08-23,0.4715920348290039,1.19
2013-08-24,0.3836683211384185,1.17
2013-08-25,0.3684698554586733,1.11
2013-08-26,0.36164906173007755,1.06
2013-08-27,0.35595384909658095,1.01
2013-08-28,0.35054746860529556,0.977
2013-08-29,0.34531679628010653,0.951
2013-08-30,0.34022842087054594,0.918
2013-08-31,0.33525429976490273,0.885
2013-09-01,0.3303928562079886,0.867
2013-09-02,0.32562827489826174,0.865
2013-09-03,0.3209559067022033,0.855
2013-09-04,0.3163552144330563,0.84
2013-09-05,0.5029559727557674,0.823
2013-09-06,0.43058158428000354,1.15
2013-09-07,0.3226338761473654,1.03
2013-09-08,0.3057663055887043,0.913
2013-09-09,0.3175753324548898,0.88
2013-09-10,0.2971498395771333,0.866
2013-09-11,0.34417607656562244,0.847
2013-09-12,0.3281446797038652,0.859
2013-09-13,0.3352386087723669,0.957
2013-09-14,0.28641215985702795,0.976
2013-09-15,0.40462099009964414,1.05
2013-09-16,0.40027313407354154,1.57
2013-09-17,0.3052858803704493,1.93
2013-09-18,0.27136170980379876,1.72
2013-09-19,0.33873551952853825,1.68
2013-09-20,0.26809845023318934,1.63
2013-09-21,0.2556038922811725,1.36
2013-09-22,0.25011403975904434,1.21
2013-09-23,0.24560642277856737,1.13
2013-09-24,0.24146426778386318,1.07
2013-09-25,0.23791001898649328,0.99
2013-09-26,0.23374054185330229,0.934
2013-09-27,0.2299447968976894,0.884
2013-09-28,0.22636638704839715,0.848
2013-09-29,0.22289985148069533,0.809
2013-09-30,0.21952293035037862,0.778
2013-10-01,0.3816960369761413,0.764
2013-10-02,0.31708841611377436,1.04
2013-10-03,0.42665069020865504,1.65
2013-10-04,0.4177711387132902,7.07
2013-10-05,0.24519909267689383,3.3
2013-10-06,0.2199285448931136,2.28
2013-10-07,0.2123194693595323,1.83
2013-10-08,0.2066350893300912,1.56
2013-10-09,0.21569533317042605,1.41
2013-10-10,0.21151218918605563,1.3
2013-10-11,0.21782027754346592,1.21
2013-10-12,0.3534382092987106,1.77
2013-10-13,0.346888155579026,2.57
2013-10-14,0.29940263665170747,4.18
2013-10-15,0.21222158264644464,3.07
2013-10-16,0.4266813340617151,6.02
2013-10-17,0.27223489272983586,4.41
2013-10-18,0.5006156363800129,3.17
2013-10-19,0.4569343595218837,3.49
2013-10-20,1.106246386217771,3.58
2013-10-21,2.757069066360968,20.9
2013-10-22,2.3751223907075394,19.2
2013-10-23,1.8167950777004238,12.6
2013-10-24,2.132156596646875,5.83
2013-10-25,2.131726658499879,11.7
2013-10-26,1.8202802536371685,9.26
2013-10-27,2.80036433916603,8.39
2013-10-28,3.1822085581159154,18.1
2013-10-29,2.7875909468965325,18.8
2013-10-30,2.204266472780216,8.17
2013-10-31,1.6853235819660097,6.02
2013-11-01,2.9885134387340195,14.7
2013-11-02,2.68945754494685,10.1
2013-11-03,2.1178395434799615,7.33
2013-11-04,2.0133525129194436,5.36
2013-11-05,2.1383840715093356,8.88
2013-11-06,2.516021808879215,9.93
2013-11-07,1.7770144441695424,6.97
2013-11-08,1.594443663226801,5.15
2013-11-09,1.5575380575716402,4.49
2013-11-10,1.8178531081903477,4.05
2013-11-11,1.671631168127294,6.57
2013-11-12,1.348955745925687,4.78
2013-11-13,1.577245093002349,3.93
2013-11-14,1.2687215456771492,4.44
2013-11-15,1.1482421292884513,3.59
2013-11-16,1.0635849650590226,3.25
2013-11-17,1.004072667554685,3.0
2013-11-18,1.0961172089945956,2.82
2013-11-19,1.750969638735669,2.66
2013-11-20,2.2594392631126645,8.19
2013-11-21,1.5874128501061147,6.14
2013-11-22,1.3817493195650925,4.08
2013-11-23,1.2726698365206255,3.42
2013-11-24,1.190149222176264,3.04
2013-11-25,1.1272704216486857,2.79
2013-11-26,1.1339627893271156,2.62
2013-11-27,1.0701002853654278,2.51
2013-11-28,1.0481230772120596,2.36
2013-11-29,1.1045652624218556,2.29
2013-11-30,1.0378306668983202,2.29
2013-12-01,1.0104673893189144,2.17
2013-12-02,0.9948293419004371,2.06
2013-12-03,0.9900244170080768,1.96
2013-12-04,0.9839787696665299,1.88
2013-12-05,1.495088293603859,1.9
2013-12-06,1.3928715059699008,2.11
2013-12-07,1.2217808102598833,2.33
2013-12-08,1.1501599805648268,2.16
2013-12-09,1.1115734362578642,2.0
2013-12-10,1.0846991459664104,1.89
2013-12-11,1.0650105166411676,1.81
2013-12-12,1.4899032068231353,1.79
2013-12-13,1.3289644202460529,2.07
2013-12-14,1.339334094143823,2.09
2013-12-15,2.3503660344002113,3.84
2013-12-16,1.9645974095569576,6.97
2013-12-17,1.595999456635056,3.84
2013-12-18,2.5522170454129514,9.08
2013-12-19,2.2246618174894963,6.5
2013-12-20,2.398766942785892,7.03
2013-12-21,2.4925615272972697,7.96
2013-12-22,1.9768987019905397,7.05
2013-12-23,2.9854408105047727,8.78
2013-12-24,2.2425000546489726,7.46
2013-12-25,1.9181249887743983,4.86
2013-12-26,2.1182037513385223,4.0
2013-12-27,1.8007135229466746,3.92
2013-12-28,1.6542747514591574,3.22
2013-12-29,1.6743259895160065,2.88
2013-12-30,1.7158648584164826,2.91
2013-12-31,1.8769969384447769,3.2
2014-01-01,2.9790145320786614,9.98
2014-01-02,2.5602651566900927,7.19
2014-01-03,2.7343915241527643,6.61
2014-01-04,2.1583785511224787,6.07
2014-01-05,2.648490362224025,6.44
2014-01-06,2.536077405583549,6.71
2014-01-07,2.3572343991940645,5.52
2014-01-08,3.291167675435534,8.39
2014-01-09,2.561186504691512,8.56
2014-01-10,2.6464575530411203,5.73
2014-01-11,2.2630406384261286,5.83
2014-01-12,2.668631905096047,6.0
2014-01-13,2.7896894952826212,6.54
2014-01-14,3.3242478534340223,9.94
2014-01-15,3.57828973100782,16.6
2014-01-16,2.905507606982984,9.91
2014-01-17,2.785549934734012,6.67
2014-01-18,2.762631117957786,6.17
2014-01-19,2.357926972969827,5.76
2014-01-20,2.1681289429189694,4.57
2014-01-21,3.164373981524624,7.07
2014-01-22,2.8738161010539107,7.27
2014-01-23,2.8735310966772607,7.43
2014-01-24,3.6034370365306394,12.9
2014-01-25,3.6698656466699227,11.4
2014-01-26,3.7491275342793915,14.5
2014-01-27,3.8680608609418448,8.46
2014-01-28,3.853867047891215,13.0
2014-01-29,3.59065804484282,12.6
2014-01-30,3.3563003612842928,7.72
2014-01-31,4.803965439221072,23.0
2014-02-01,4.09735967402953,11.0
2014-02-02,3.396097755798067,8.06
2014-02-03,3.0937288986301295,6.24
2014-02-04,3.624327577078819,7.26
2014-02-05,4.491568416828495,20.1
2014-02-06,4.531752558940599,13.1
2014-02-07,4.205328903686775,10.3
2014-02-08,4.5096710142462575,12.2
2014-02-09,3.6956975763198985,10.8
2014-02-10,4.136862829013683,6.94
2014-02-11,4.231541646210648,16.0
2014-02-12,4.3013807294222595,14.9
2014-02-13,3.511891715206528,7.54
2014-02-14,4.8311781458952625,12.3
2014-02-15,4.551497575591827,14.5
2014-02-16,3.7622571817348693,8.33
2014-02-17,3.79345908580237,6.87
2014-02-18,3.4482115655973002,6.18
2014-02-19,3.3050704110158553,5.31
2014-02-20,3.2093934603405865,5.24
2014-02-21,3.056316699420837,4.57
2014-02-22,2.8620214635098926,4.12
2014-02-23,2.7801430829486944,3.77
2014-02-24,2.841792785985549,3.54
2014-02-25,2.682648415827344,3.5
2014-02-26,3.459653435658956,3.24
2014-02-27,3.0383482838847065,5.95
2014-02-28,2.822673652645124,4.09
2014-03-01,2.9886927301430557,3.59
2014-03-02,3.733152994034322,7.3
2014-03-03,3.1049319212062065,5.46
2014-03-04,2.9144148427268357,4.15
2014-03-05,2.830251645187157,3.68
2014-03-06,3.1999050442966155,3.47
2014-03-07,2.8654755350180476,3.89
2014-03-08,2.756191248696796,3.37
2014-03-09,2.682198014188434,3.04
2014-03-10,2.6273689658909904,2.81
2014-03-11,2.583361087601188,2.67
2014-03-12,2.5481665664632986,2.55
2014-03-13,2.5192048315586697,2.45
2014-03-14,2.495162863939319,2.34
2014-03-15,2.4751122351699433,2.23
2014-03-16,2.458092193076938,2.14
2014-03-17,2.4447737958863107,2.05
2014-03-18,2.5621775600952628,2.13
2014-03-19,2.4511523361757033,2.21
2014-03-20,2.524111385278659,2.12
2014-03-21,2.525512630498711,2.1
2014-03-22,2.739181166461714,2.08
2014-03-23,2.551781760032734,2.21
2014-03-24,3.0117686229016023,2.19
2014-03-25,2.980036847784359,3.04
2014-03-26,2.7303264437086816,2.82
2014-03-27,3.0965126885937586,2.55
2014-03-28,2.9823177085673165,2.97
2014-03-29,2.745033103921226,2.7
2014-03-30,2.6439151515709347,2.37
2014-03-31,3.172180740181749,2.37
2014-04-01,2.751839040927143,3.78
2014-04-02,2.6426891093227463,2.71
2014-04-03,2.892296203639948,2.63
2014-04-04,2.638320101130594,3.57
2014-04-05,2.811279550029382,2.73
2014-04-06,3.1029970982619326,3.36
2014-04-07,3.6086073761014026,11.7
2014-04-08,2.973436832925239,6.76
2014-04-09,2.781873997656685,4.38
2014-04-10,2.6645873349925573,3.53
2014-04-11,2.5718187375769137,3.01
2014-04-12,2.51221119366268,2.7
2014-04-13,2.4354785332133275,2.52
2014-04-14,2.3813218528254394,2.35
2014-04-15,2.3367276868689646,2.2
2014-04-16,2.2986666313713355,2.06
2014-04-17,2.2656984840381047,1.95
2014-04-18,2.2365865398096956,1.84
2014-04-19,2.2107086485751606,1.75
2014-04-20,2.18745041085144,1.68
2014-04-21,2.220872997473529,1.62
2014-04-22,2.1678964565138297,1.71
2014-04-23,2.1317430603154888,1.67
2014-04-24,2.110225823565962,1.58
2014-04-25,2.261575746929675,1.63
2014-04-26,2.096907007744798,1.91
2014-04-27,2.062618584080612,1.73
2014-04-28,2.0432901435241755,1.54
2014-04-29,2.0259224025460476,1.45
2014-04-30,2.033459880555307,1.58
2014-05-01,1.9962646900307748,1.58
2014-05-02,1.9768907466368473,1.46
2014-05-03,1.959787307001891,1.37
2014-05-04,1.9429856436279047,1.32
2014-05-05,2.042633926142658,1.3
2014-05-06,1.9252642561207807,1.35
2014-05-07,1.8974775067305807,1.28
2014-05-08,2.05457995330306,1.45
2014-05-09,2.0439473850300036,1.83
2014-05-10,2.970783476088484,6.67
2014-05-11,3.4316489145725764,17.7
2014-05-12,3.097156518976359,7.29
2014-05-13,2.6396229913946185,4.55
2014-05-14,2.389492751122411,3.4
2014-05-15,2.252723573092836,2.79
2014-05-16,2.1481317339747186,2.5
2014-05-17,2.0627368692279133,2.3
2014-05-18,1.992331339732686,2.13
2014-05-19,1.9403049737609752,1.95
2014-05-20,1.8876446625680692,1.81
2014-05-21,1.9450149950781883,1.7
2014-05-22,2.398379673721283,1.73
2014-05-23,2.0969439560324505,2.06
2014-05-24,2.675652171542399,2.05
2014-05-25,2.3688976130396253,2.33
2014-05-26,2.1614707942494036,2.18
2014-05-27,2.740444343177762,1.93
2014-05-28,2.4379729615116026,2.61
2014-05-29,2.1913512469866636,2.68
2014-05-30,2.0521996090514283,2.41
2014-05-31,1.9574765331138153,2.15
2014-06-01,1.886966167371248,1.93
2014-06-02,1.988005657556474,1.87
2014-06-03,1.8430628142305125,2.03
2014-06-04,2.0812763324258747,1.98
2014-06-05,1.8401482504996491,2.2
2014-06-06,1.844838387356321,1.93
2014-06-07,2.109387701413012,2.11
2014-06-08,1.848214802097171,2.35
2014-06-09,2.302327879879097,2.5
2014-06-10,1.9706234406410619,2.39
2014-06-11,1.816192758431881,2.05
2014-06-12,1.743126722857204,1.81
2014-06-13,1.6888915686844377,1.65
2014-06-14,1.6439141834230044,1.56
2014-06-15,1.6053062157819022,1.49
2014-06-16,1.5724491519221337,1.43
2014-06-17,1.5441565953815157,1.37
2014-06-18,1.5193821355429102,1.33
2014-06-19,1.4973254245375187,1.28
2014-06-20,1.47743125341033,1.24
2014-06-21,1.4592712489072597,1.19
2014-06-22,1.4424593650788637,1.15
2014-06-23,1.4267115976908007,1.11
2014-06-24,1.4119192415582575,1.08
2014-06-25,1.3975387989613473,1.06
2014-06-26,1.384155215993423,1.03
2014-06-27,1.4152690709835531,1.0
2014-06-28,1.3642520610408957,1.04
2014-06-29,1.3467362465189896,1.01
2014-06-30,1.3331938729611832,0.975
2014-07-01,1.3204024917958943,0.945
2014-07-02,1.307718365940062,0.907
2014-07-03,1.2952140667704983,0.896
2014-07-04,1.4902748660505476,0.942
2014-07-05,1.3848108794801461,1.47
2014-07-06,1.276861179039795,1.15
2014-07-07,1.2527583720393742,1.0
2014-07-08,1.2598104286064864,0.973
2014-07-09,1.2287694671411442,0.947
2014-07-10,1.2137125468370944,0.907
2014-07-11,1.2006091129814027,0.884
2014-07-12,1.2914513825869007,0.906
2014-07-13,1.18959211455802,1.07
2014-07-14,1.1674978693181908,0.92
2014-07-15,1.15288969253716,0.886
2014-07-16,1.1403940519561484,0.847
2014-07-17,1.1276401478499882,0.831
2014-07-18,1.314751161028635,0.809
2014-07-19,1.1933923932104678,1.16
2014-07-20,1.1070151413987797,1.06
2014-07-21,1.0855864315886918,0.902
2014-07-22,1.0716525687837548,0.828
2014-07-23,1.0588088680831664,0.782
2014-07-24,1.0463042943619432,0.752
2014-07-25,1.0340222629936258,0.735
2014-07-26,1.0220281428208422,0.713
2014-07-27,1.0101770938895385,0.696
2014-07-28,0.9982035217726918,0.685
2014-07-29,0.9865134879547381,0.671
2014-07-30,0.9749423322789159,0.66
2014-07-31,0.9986706561533952,0.821
2014-08-01,0.9879836280326513,0.93
2014-08-02,0.9732178785423165,0.85
2014-08-03,0.9374359651731533,0.79
2014-08-04,0.9228330778477927,0.724
2014-08-05,0.9874864236952426,0.713
2014-08-06,0.9110969006233314,0.795
2014-08-07,0.8913002791739527,0.764
2014-08-08,0.898250116028118,0.708
2014-08-09,1.0727694995298223,0.675
2014-08-10,1.06359587131138,1.13
2014-08-11,0.8774192783804972,1.22
2014-08-12,0.8530894404122779,0.961
2014-08-13,0.8338833928132273,0.905
2014-08-14,0.8405964304062085,0.84
2014-08-15,0.8128989405720429,0.81
2014-08-16,0.8000115084031113,0.765
2014-08-17,0.9415038543148644,0.753
2014-08-18,0.7989825510099837,1.06
2014-08-19,0.7724169886938986,0.932
2014-08-20,0.759504408106204,0.812
2014-08-21,0.7490980532151998,0.755
2014-08-22,0.7389688459982522,0.731
2014-08-23,0.7285877250102923,0.712
2014-08-24,0.7349215594232686,0.706
2014-08-25,0.8749988071084632,0.792
2014-08-26,0.7224159872801518,1.38
2014-08-27,0.7561911945593762,1.14
2014-08-28,0.6932394807208861,1.09
2014-08-29,0.7410443358715094,0.959
2014-08-30,0.6964942319705554,1.13
2014-08-31,0.6643215271878785,1.3
2014-09-01,0.6511191399344489,1.12
2014-09-02,0.6411145671544739,1.02
2014-09-03,0.6317935903274444,0.9
2014-09-04,0.6227680045139394,0.827
2014-09-05,0.6141591752158126,0.79
2014-09-06,0.6056378948914822,0.751
2014-09-07,0.5969523864092563,0.721
2014-09-08,0.5886363054836073,0.692
2014-09-09,0.5804847984313948,0.669
2014-09-10,0.5724631149656888,0.622
2014-09-11,0.5645595627532684,0.603
2014-09-12,0.5567665221922657,0.593
2014-09-13,0.5490780401501316,0.591
2014-09-14,0.5415335949339593,0.581
2014-09-15,0.5340051181917822,0.582
2014-09-16,0.526598314835305,0.575
2014-09-17,0.5193020335824213,0.571
2014-09-18,0.5120682681865956,0.57
2014-09-19,0.5114506594198137,0.57
2014-09-20,0.49937020968997603,0.571
2014-09-21,0.49164205974911546,0.561
2014-09-22,0.4845532953271089,0.55
2014-09-23,0.5731893588140224,0.559
2014-09-24,0.48359968197933134,0.603
2014-09-25,0.46763323770592585,0.573
2014-09-26,0.4593810734460871,0.56
2014-09-27,0.4523894466470207,0.55
2014-09-28,0.44569086998076574,0.549
2014-09-29,0.5307306944018426,0.572
2014-09-30,0.44527728161464414,0.598
2014-10-01,0.4297508488501466,0.568
2014-10-02,0.4219526874572442,0.532
2014-10-03,0.5379479097587797,0.517
2014-10-04,0.42907419704582866,0.635
2014-10-05,0.6130039665756893,0.626
2014-10-06,0.6254615456923196,2.02
2014-10-07,0.5256356117039824,1.89
2014-10-08,0.6243932126813145,2.2
2014-10-09,0.4653808333976936,2.58
2014-10-10,0.4193932061972093,2.05
2014-10-11,0.3937155021756756,1.69
2014-10-12,0.3818892783722801,1.49
2014-10-13,0.48511860212983937,1.29
2014-10-14,0.3826210539492558,1.37
2014-10-15,0.48589904780214016,1.35
2014-10-16,0.405487239629875,1.65
2014-10-17,0.44804152517255647,1.7
2014-10-18,0.3657381269836613,1.96
2014-10-19,0.3622744601048192,1.72
2014-10-20,0.5355782994090394,1.61
2014-10-21,0.5446440013091477,5.88
2014-10-22,0.37050602326460247,3.86
2014-10-23,0.34271487055582683,2.72
2014-10-24,0.34183519806570806,2.36
2014-10-25,0.32524827516848664,2.3
2014-10-26,0.3158370770777671,2.08
2014-10-27,0.30867018117091594,1.88
2014-10-28,0.35841574727964515,1.74
2014-10-29,0.33569443299955337,1.78
2014-10-30,0.30012586561877097,1.98
2014-10-31,0.2917335345921336,1.9
2014-11-01,0.3480458476628624,1.8
2014-11-02,0.32421757285169517,1.92
2014-11-03,0.2853458738626192,2.0
2014-11-04,0.27633086587300204,1.91
2014-11-05,0.269917635060765,1.73
2014-11-06,0.4720255769689824,1.62
2014-11-07,0.8056771699495557,14.0
2014-11-08,1.151470240522736,8.65
2014-11-09,0.8060611662430816,4.85
2014-11-10,0.7438400358579494,3.54
2014-11-11,1.1780987698182428,4.4
2014-11-12,0.9977003389367318,7.12
2014-11-13,1.3303758274291042,4.28
2014-11-14,1.560830686127194,12.1
2014-11-15,1.0409634839749518,5.21
2014-11-16,1.5803893651287784,3.92
2014-11-17,1.1231272786714595,4.9
2014-11-18,0.9152606542957527,3.59
2014-11-19,0.7814608240487833,3.06
2014-11-20,0.6864968967052629,2.76
2014-11-21,2.2443978497528705,8.06
2014-11-22,1.8575640327925191,6.5
2014-11-23,1.3261336266519945,5.18
2014-11-24,1.0546961889498165,3.8
2014-11-25,1.2354117110507312,3.22
2014-11-26,1.343760561627741,3.36
2014-11-27,1.0040652828809187,3.86
2014-11-28,0.9840235306172895,3.21
2014-11-29,0.8323137006775662,2.99
2014-11-30,0.741054688885753,2.77
2014-12-01,0.7335073242995619,2.58
2014-12-02,0.654878349104494,2.43
2014-12-03,0.6119605292579611,2.28
2014-12-04,0.5779709806836915,2.17
2014-12-05,0.6854186077696686,2.06
2014-12-06,0.8933295010278796,1.97
2014-12-07,1.1673961838606803,2.05
2014-12-08,1.0282558565842133,3.14
2014-12-09,1.8032002578378774,5.96
2014-12-10,1.9195791067100965,6.68
2014-12-11,3.363189073829993,20.2
2014-12-12,2.3789541956876166,17.2
2014-12-13,1.8598227475126916,6.45
2014-12-14,2.178163107515844,6.24
2014-12-15,1.9344178097541445,5.65
2014-12-16,3.421744344893759,15.7
2014-12-17,2.8780903787601155,20.1
2014-12-18,3.233262688593578,13.8
2014-12-19,2.5517051539242908,10.8
2014-12-20,2.1843542914738943,6.72
2014-12-21,1.8183429378635416,5.35
2014-12-22,1.7811105208467581,4.54
2014-12-23,2.1772897165706673,5.03
2014-12-24,1.7806689571865648,5.56
2014-12-25,1.7120234531512921,4.35
2014-12-26,3.148420200347712,4.29
2014-12-27,2.394812984257575,4.53
2014-12-28,1.8877684105709203,3.91
2014-12-29,1.6710761181517528,3.58
2014-12-30,1.5217326416162158,3.41
2014-12-31,1.5086082656240631,7.54
2015-01-01,1.8337403721293821,10.1
2015-01-02,1.586117250391891,6.42
2015-01-03,1.9749045932838403,6.49
2015-01-04,1.5790826565645535,4.77
2015-01-05,1.4939537344210176,4.16
2015-01-06,1.7806884418549698,4.96
2015-01-07,2.067599214852467,4.72
2015-01-08,1.744153279394727,5.26
2015-01-09,1.9857240710776713,4.58
2015-01-10,1.7734245224651315,4.71
2015-01-11,1.7324985153355243,3.97
2015-01-12,1.9735888890610336,4.14
2015-01-13,1.7344380441491325,3.98
2015-01-14,2.2291600120967625,4.54
2015-01-15,2.022113775078214,5.78
2015-01-16,1.9098539077269259,4.64
2015-01-17,1.7836680496321595,3.89
2015-01-18,1.6496237481944191,3.48
2015-01-19,1.5508836452168022,3.14
2015-01-20,2.1592458030906823,2.91
2015-01-21,2.127641127942295,2.83
2015-01-22,1.7782841773657558,2.69
2015-01-23,2.3117228068926146,6.36
2015-01-24,1.8608451279548155,7.08
2015-01-25,1.917904021360443,5.04
2015-01-26,1.9117471616541095,4.93
2015-01-27,1.901262545556252,4.19
2015-01-28,2.159422904774058,5.16
2015-01-29,3.349163315563532,4.31
2015-01-30,3.0503557881154166,4.22
2015-01-31,2.4354493141064406,4.49
2015-02-01,2.1531619851099064,3.95
2015-02-02,1.992084295691325,3.45
2015-02-03,1.8715182962267853,3.1
2015-02-04,1.777035200342691,2.88
2015-02-05,1.7587825735538838,2.78
2015-02-06,1.6714392413643326,2.78
2015-02-07,1.6170665571691654,2.74
2015-02-08,1.5793676812138149,3.22
2015-02-09,1.5449019160888267,7.86
2015-02-10,1.51914684734889,4.28
2015-02-11,1.4990722051136993,3.46
2015-02-12,1.487909910329809,3.06
2015-02-13,1.9769031010220341,3.3
2015-02-14,1.6821645099118632,3.67
2015-02-15,2.044587837211693,3.1
2015-02-16,1.9174279131634009,4.23
2015-02-17,1.7434564272855657,3.4
2015-02-18,1.7356608137114222,3.01
2015-02-19,2.3223619218355545,4.07
2015-02-20,2.192386560332751,3.84
2015-02-21,2.0995698286124647,3.88
2015-02-22,3.0707013297157277,12.0
2015-02-23,3.0895097961372717,7.6
2015-02-24,2.517943879452711,8.05
2015-02-25,2.7726129943628117,5.39
2015-02-26,2.6872710456798172,9.98
2015-02-27,2.3731369914401954,5.28
2015-02-28,2.2553722753617866,4.51
2015-03-01,2.599183003345888,4.63
2015-03-02,2.2730690241616323,4.05
2015-03-03,2.0811201045106356,3.52
2015-03-04,1.9564718389031441,3.16
2015-03-05,1.8646143594712477,2.93
2015-03-06,1.7945278498465038,2.76
2015-03-07,1.7391709308589625,2.62
2015-03-08,2.105724151393017,2.59
2015-03-09,1.9315576121837108,2.6
2015-03-10,1.7975957667397748,2.51
2015-03-11,1.8345067380534648,2.39
2015-03-12,2.763793594677561,2.32
2015-03-13,2.3329211321255903,4.68
2015-03-14,2.0375831509975266,3.23
2015-03-15,1.928399029676649,2.79
2015-03-16,1.8449487916982812,2.6
2015-03-17,1.7852813921770259,2.46
2015-03-18,1.72683124942354,2.3
2015-03-19,1.683916321391726,2.18
2015-03-20,1.6500719389285705,2.08
2015-03-21,1.621684144562175,1.97
2015-03-22,1.5982579296345125,1.88
2015-03-23,1.5812141927398016,1.82
2015-03-24,1.6099896648481737,1.76
2015-03-25,2.008908000289722,1.73
2015-03-26,1.750544955328964,2.91
2015-03-27,1.6686582871868427,2.49
2015-03-28,2.3337905415246065,2.29
2015-03-29,2.990066466596945,9.49
2015-03-30,4.37448315140772,18.3
2015-03-31,3.677915499693451,13.1
2015-04-01,3.7585279639492835,8.63
2015-04-02,3.436680291682478,6.93
2015-04-03,3.2718615538379163,6.84
2015-04-04,2.728154686225082,5.07
2015-04-05,2.473644667786325,4.08
2015-04-06,2.289721429992922,3.53
2015-04-07,2.145059621522426,3.13
2015-04-08,2.0298776321008223,2.88
2015-04-09,1.937786420394386,2.72
2015-04-10,2.0277788318906276,2.57
2015-04-11,1.8755651208905173,2.47
2015-04-12,2.0313960497269017,2.36
2015-04-13,1.8449856113860645,2.35
2015-04-14,1.7789013572213885,2.23
2015-04-15,1.7350385340779677,2.1
2015-04-16,1.6998229296217697,1.98
2015-04-17,1.6711744632483387,1.86
2015-04-18,1.6474282485467173,1.77
2015-04-19,1.6276452207485121,1.7
2015-04-20,1.6105131644464485,1.6
2015-04-21,1.5957875309747362,1.53
2015-04-22,1.5828210424180158,1.49
2015-04-23,1.571177142276719,1.45
2015-04-24,1.560524830971243,1.41
2015-04-25,1.5566631358960656,1.39
2015-04-26,1.5427849839130292,1.37
2015-04-27,1.5332440346366756,1.31
2015-04-28,1.559557093674227,1.28
2015-04-29,1.5212410095236684,1.28
2015-04-30,1.5082436126586312,1.28
2015-05-01,1.4986042062692009,1.25
2015-05-02,1.6957466331507374,1.24
2015-05-03,1.6380159383776178,2.33
2015-05-04,1.6961574058641924,2.14
2015-05-05,1.515415813379696,3.69
2015-05-06,1.638478876448918,3.83
2015-05-07,1.5320825259897797,3.1
2015-05-08,2.172654220142551,4.8
2015-05-09,1.7608330865787303,4.29
2015-05-10,1.634697331144745,3.05
2015-05-11,1.5770109794815848,2.54
2015-05-12,1.536392747794953,2.24
2015-05-13,1.4991022774699292,2.03
2015-05-14,1.4690631031903756,1.86
2015-05-15,1.4434983130740848,1.7
2015-05-16,1.4206397372165027,1.59
2015-05-17,1.576460774989791,1.51
2015-05-18,1.652643839753117,2.16
2015-05-19,2.146966403287456,4.17
2015-05-20,1.7307963452318822,4.05
2015-05-21,1.5822653039500258,2.78
2015-05-22,1.5153999968414247,2.32
2015-05-23,1.4822440451220498,2.1
2015-05-24,1.4264969933110858,1.95
2015-05-25,1.3900562043837734,1.8
2015-05-26,1.3607937356645896,1.67
2015-05-27,1.3427238027867525,1.5
2015-05-28,1.5174867575785418,1.44
2015-05-29,1.5397689995731205,2.07
2015-05-30,2.2101248300550673,2.09
2015-05-31,1.7248391711190993,4.37
2015-06-01,2.8650906756453014,8.61
2015-06-02,2.1880032943787464,6.73
2015-06-03,1.8529111453590563,3.61
2015-06-04,1.707588935290743,2.82
2015-06-05,1.603966096953571,2.32
2015-06-06,1.521330952696155,2.06
2015-06-07,1.4540676419829588,1.86
2015-06-08,1.3990111824264753,1.69
2015-06-09,1.3534078510075176,1.57
2015-06-10,1.3155425191230654,1.49
2015-06-11,1.2837812603981176,1.42
2015-06-12,1.4617025453065218,1.37
2015-06-13,1.4563025963341816,1.69
2015-06-14,1.2815375425223323,1.51
2015-06-15,1.2374122454155134,1.36
2015-06-16,1.2125537650599065,1.27
2015-06-17,1.1933188084658428,1.23
2015-06-18,1.1746693345305008,1.2
2015-06-19,1.1589019621329228,1.15
2015-06-20,1.145239840457432,1.12
2015-06-21,1.1785361027078,1.11
2015-06-22,1.126995238015403,1.18
2015-06-23,1.1100485681899943,1.15
2015-06-24,1.0982049968654921,1.06
2015-06-25,1.0874711015852536,1.02
2015-06-26,1.0774270585732104,0.998
2015-06-27,1.0974551246166795,0.97
2015-06-28,1.062029697123204,0.969
2015-06-29,1.0491551889529527,0.93
2015-06-30,1.038955076137954,0.909
2015-07-01,1.0292689313717938,0.87
2015-07-02,1.0207174887865333,0.864
2015-07-03,1.186248879461761,0.906
2015-07-04,1.0242806669157831,1.04
2015-07-05,0.9980152872892338,0.919
2015-07-06,0.9863468122105178,0.905
2015-07-07,0.9765133632848894,0.908
2015-07-08,0.9661024636039962,0.923
2015-07-09,0.9556280844864794,0.895
2015-07-10,0.9459397917900253,0.853
2015-07-11,0.9373125248476017,0.829
2015-07-12,0.9277142980613097,0.831
2015-07-13,0.9572237741361156,0.994
2015-07-14,0.9144469318620864,0.985
2015-07-15,0.900927115375503,0.799
2015-07-16,0.8909272684304403,0.74
2015-07-17,0.8813253029552329,0.763
2015-07-18,0.9243618749631375,0.73
2015-07-19,0.8702661520206026,0.788
2015-07-20,0.8562786412900688,0.742
2015-07-21,0.8463709058056478,0.733
2015-07-22,0.8369599630841291,0.752
2015-07-23,0.8266806924813254,0.728
2015-07-24,0.8182426376098517,0.716
2015-07-25,0.8082098909297756,0.705
2015-07-26,1.000375013049575,0.803
2015-07-27,0.9021940804968239,0.941
2015-07-28,0.9065583199879127,1.29
2015-07-29,0.7941740862916786,1.45
2015-07-30,0.7719650706655016,1.14
2015-07-31,0.7605479965233107,0.947
2015-08-01,0.7515556818203496,0.847
2015-08-02,0.7411082246071174,0.819
2015-08-03,0.7316946415153281,0.759
2015-08-04,0.7228665120178215,0.727
2015-08-05,0.7141132575064011,0.721
2015-08-06,0.7049250551704707,0.707
2015-08-07,0.696177475171591,0.686
2015-08-08,0.6876170968744415,0.657
2015-08-09,0.6792270851734338,0.642
2015-08-10,0.6721641361167131,0.647
2015-08-11,0.6626990077874341,0.629
2015-08-12,0.6543824075320884,0.62
2015-08-13,0.8472165973260277,0.615
2015-08-14,0.697727585007623,0.817
2015-08-15,0.6420388111540175,0.732
2015-08-16,0.6279037292812516,0.663
2015-08-17,0.6186261508536516,0.632
2015-08-18,0.6101856048319605,0.613
2015-08-19,0.6457519846322416,0.617
2015-08-20,0.6008985120034012,0.625
2015-08-21,0.5885257341111518,0.618
2015-08-22,0.6543853736230564,0.636
2015-08-23,0.5861006381708677,0.629
2015-08-24,0.568282209346826,0.633
2015-08-25,0.7625763477996603,0.702
2015-08-26,0.6213256281321713,1.34
2015-08-27,0.5554543983207315,1.0
2015-08-28,0.5408682409943133,0.808
2015-08-29,0.5319513102935681,0.734
2015-08-30,0.6625597881666141,0.702
2015-08-31,0.6150071787214019,0.901
2015-09-01,0.5512928538287408,0.975
2015-09-02,0.5489539388721274,0.996
2015-09-03,0.5074893916212613,0.999
2015-09-04,0.4961750293861701,0.843
2015-09-05,0.4871860917290161,0.772
2015-09-06,0.4794983039847049,0.715
2015-09-07,0.4722317521817716,0.663
2015-09-08,0.46523694602512,0.634
2015-09-09,0.45847344038060217,0.623
2015-09-10,0.45185827733694456,0.61
2015-09-11,0.6465472074807725,0.614
2015-09-12,0.5058160237167199,0.906
2015-09-13,0.44584115089415677,0.82
2015-09-14,0.4925333140303962,0.788
2015-09-15,0.4335967987689217,0.871
2015-09-16,0.42063378625550335,0.791
2015-09-17,0.41334907998965476,0.717
2015-09-18,0.40710344613180993,0.675
2015-09-19,0.40077881226842577,0.653
2015-09-20,0.44259405043647776,0.639
2015-09-21,0.5662088573498614,0.875
2015-09-22,0.4077769278376615,1.51
2015-09-23,0.3849587093433507,1.11
2015-09-24,0.3764237785830369,0.913
2015-09-25,0.3701476388248538,0.788
2015-09-26,0.3643568984064237,0.728
2015-09-27,0.358804159285316,0.69
2015-09-28,0.35341619019277976,0.662
2015-09-29,0.3481529728607968,0.644
2015-09-30,0.3430309037899033,0.603
2015-10-01,0.3380289327333143,0.592
2015-10-02,0.3331162973694431,0.589
2015-10-03,0.32829098794365663,0.58
2015-10-04,0.3776997720734275,0.578
2015-10-05,0.4648793137025125,0.676
2015-10-06,0.5395542231797527,1.36
2015-10-07,0.45215274316826104,2.83
2015-10-08,0.32875021640663704,1.88
2015-10-09,0.3098002918503816,1.31
2015-10-10,0.3027483593383268,1.1
2015-10-11,0.2972733549259213,0.984
2015-10-12,0.2922232094071073,0.891
2015-10-13,0.2874136221209644,0.829
2015-10-14,0.2828024268456623,0.79
2015-10-15,0.27840340462925334,0.757
2015-10-16,0.2741487116708878,0.736
2015-10-17,0.2698797674892339,0.715
2015-10-18,0.2658349859262351,0.696
2015-10-19,0.2617860594491306,0.681
2015-10-20,0.45728419313437124,0.681
2015-10-21,0.28687310299629865,1.35
2015-10-22,0.25782218238852234,1.23
2015-10-23,0.25701639805330984,0.963
2015-10-24,0.302529158377973,0.926
2015-10-25,0.2498231842080795,0.946
2015-10-26,0.24013597719010576,0.873
2015-10-27,0.36770153774892916,0.831
2015-10-28,0.32608598195566024,1.27
2015-10-29,0.45028060150353927,1.61
2015-10-30,0.26875273554407514,2.87
2015-10-31,0.2412141733558952,2.28
2015-11-01,0.23235089798242517,1.78
2015-11-02,0.22635826057808345,1.5
2015-11-03,0.25419814162492427,1.37
2015-11-04,0.26635799490026874,1.35
2015-11-05,0.35137979382954393,2.27
2015-11-06,0.4663472127004414,2.79
2015-11-07,0.35648469069900807,9.57
2015-11-08,0.36687426988726124,4.92
2015-11-09,0.43820415855705774,9.89
2015-11-10,0.2575069019184418,4.57
2015-11-11,0.2597649351550975,3.19
2015-11-12,0.39418305712863955,2.83
2015-11-13,0.3402662017204495,3.08
2015-11-14,1.3045932077361697,15.8
2015-11-15,1.1732804163105983,11.7
2015-11-16,1.1495846491771462,6.98
2015-11-17,1.3460397086384455,8.36
2015-11-18,1.2443267275555274,7.06
2015-11-19,1.0609646578610692,4.77
2015-11-20,1.6411070982774698,4.33
2015-11-21,1.055135142022644,3.84
2015-11-22,0.8496742047492167,3.32
2015-11-23,1.1844841805268218,3.51
2015-11-24,2.7237620324628398,16.8
2015-11-25,2.0009292199796223,8.55
2015-11-26,1.5437339900095841,6.18
2015-11-27,2.1736884990866123,9.47
2015-11-28,2.3467769581340163,9.19
2015-11-29,2.4454427885319956,7.28
2015-11-30,3.510508584815688,27.9
2015-12-01,2.4090549784183355,10.1
2015-12-02,2.5580089200329246,6.19
2015-12-03,2.80882115184668,11.1
2015-12-04,1.975821654490963,7.18
2015-12-05,1.7435628663533003,5.02
2015-12-06,1.8392272647456724,4.59
2015-12-07,1.7143291093034505,4.3
2015-12-08,1.4466769171398468,4.08
2015-12-09,1.8776500372940552,3.46
2015-12-10,2.0633116771756512,8.33
2015-12-11,1.6899375869163533,4.86
2015-12-12,3.1846479504644427,20.0
2015-12-13,2.4029099178899656,8.04
2015-12-14,2.1323260180854415,5.91
2015-12-15,2.195759359067155,6.57
2015-12-16,1.7326196057317176,6.59
2015-12-17,1.5515641270862102,4.8
2015-12-18,1.4093244940876437,4.09
2015-12-19,1.3716587672484524,3.8
2015-12-20,1.238010785885204,3.51
2015-12-21,1.6756957545651234,3.48
2015-12-22,1.8028294900740174,4.36
2015-12-23,1.602218703565274,3.98
2015-12-24,2.0218700654981587,8.26
2015-12-25,2.7221759319176044,8.24
2015-12-26,2.7691801782466334,14.3
2015-12-27,2.064495709644952,8.17
2015-12-28,1.9259424408999073,5.46
2015-12-29,1.7171533342203567,4.44
2015-12-30,3.307267830855307,15.1
2015-12-31,3.016681107735377,12.1
2016-01-01,3.5703008770071953,12.7
2016-01-02,3.3049458895710235,16.6
2016-01-03,4.45419820586059,29.8
2016-01-04,3.981933113959176,13.3
2016-01-05,3.358381760993385,10.7
2016-01-06,4.626557741321603,10.2
2016-01-07,3.978928471407458,24.3
2016-01-08,3.422509966340188,8.72
2016-01-09,4.094928922826417,14.4
2016-01-10,3.1253648478465363,8.42
2016-01-11,3.977185041130239,7.91
2016-01-12,3.9740936746840054,18.4
2016-01-13,3.8239129354689436,13.2
2016-01-14,3.1197894579895538,9.33
2016-01-15,2.8741926049229995,6.45
2016-01-16,3.142146073849923,5.45
2016-01-17,2.7801065536539666,4.9
2016-01-18,2.4877641476210455,5.1
2016-01-19,2.3215140448264164,4.78
2016-01-20,2.200111132132186,4.53
2016-01-21,2.377492954686058,4.22
2016-01-22,2.523810329632423,7.46
2016-01-23,2.588963224013337,5.2
2016-01-24,2.2840008163696037,4.79
2016-01-25,2.2439717577392635,4.15
2016-01-26,2.457791737262824,3.98
2016-01-27,2.4422929082454288,5.44
2016-01-28,2.385295141822333,4.3
2016-01-29,2.736043161202927,4.05
2016-01-30,2.527251016719227,4.38
2016-01-31,3.2357950265532627,10.6
2016-02-01,2.628053814590127,6.02
2016-02-02,3.0121697724401,4.44
2016-02-03,3.5978145581278227,6.29
2016-02-04,3.217314156248738,13.3
2016-02-05,3.3878737593131882,6.62
2016-02-06,4.4781426600974985,21.9
2016-02-07,4.609445497464656,11.2
2016-02-08,4.535609378825559,21.2
2016-02-09,3.929785435815216,8.81
2016-02-10,3.3907647721435072,6.46
2016-02-11,3.101412501230715,5.32
2016-02-12,3.0549349149136558,4.84
2016-02-13,2.817249667776626,4.34
2016-02-14,2.6771226675925046,3.83
2016-02-15,2.5714100471656334,3.46
2016-02-16,3.335824819269861,3.26
2016-02-17,3.824748308654887,12.2
2016-02-18,3.0836449918529274,5.51
2016-02-19,2.8929429256924037,4.39
2016-02-20,3.980762744525509,10.5
2016-02-21,3.5572233468899546,6.7
2016-02-22,3.115814026403577,5.42
2016-02-23,2.9061720679517955,4.34
2016-02-24,2.7766651119364054,3.85
2016-02-25,2.682579114706447,3.55
2016-02-26,2.5894084523376297,3.33
2016-02-27,2.523121659860543,3.12
2016-02-28,2.4714664727609503,2.94
2016-02-29,3.267464364210486,2.84
2016-03-01,3.3557341108067082,5.94
2016-03-02,3.6637366544195564,10.6
2016-03-03,4.357181235297522,10.5
2016-03-04,4.317016241127758,9.68
2016-03-05,3.592973092174897,9.42
2016-03-06,3.2661803361793216,5.91
2016-03-07,3.0649019961780675,4.71
2016-03-08,4.02990728292496,4.98
2016-03-09,3.7156013929804153,14.9
2016-03-10,3.2371768568166757,5.74
2016-03-11,3.038480464809796,4.62
2016-03-12,2.9005784590103127,4.02
2016-03-13,2.792608582468618,3.63
2016-03-14,2.7061771651798283,3.34
2016-03-15,2.6366023534802214,3.12
2016-03-16,2.580178071619579,2.96
2016-03-17,2.534277464027936,2.83
2016-03-18,2.496781317996188,2.71
2016-03-19,2.465217045581958,2.6
2016-03-20,2.438853445476668,2.52
2016-03-21,2.416343775889099,2.36
2016-03-22,2.396803272592519,2.27
2016-03-23,2.3795199069137833,2.18
2016-03-24,2.4172357917093192,2.14
2016-03-25,2.3608809475604082,2.12
2016-03-26,2.4469324724126147,2.13
2016-03-27,3.086090615087688,8.38
2016-03-28,3.121288180410032,22.4
2016-03-29,3.104926670904405,6.42
2016-03-30,2.924676121061417,4.63
2016-03-31,2.6600325493449146,3.73
2016-04-01,3.3040857273140016,3.24
2016-04-02,3.076404370709325,4.48
2016-04-03,3.050136674823448,3.58
2016-04-04,3.0380319071579827,3.4
2016-04-05,3.1007796528644476,3.03
2016-04-06,4.359408262469586,4.94
2016-04-07,3.6028161645481993,12.4
2016-04-08,3.798460879632932,5.16
2016-04-09,3.4959983077690056,6.32
2016-04-10,3.1407564449831833,4.31
2016-04-11,3.419419306293729,3.68
2016-04-12,3.0235711709298463,3.6
2016-04-13,3.0468011711539473,3.13
2016-04-14,2.8186438071752677,2.97
2016-04-15,3.6589051924783313,4.1
2016-04-16,3.0620237211209322,4.14
2016-04-17,2.8199634282674686,3.16
2016-04-18,2.6897225294742015,2.8
2016-04-19,2.59184033254211,2.62
2016-04-20,2.5128070296868388,2.46
2016-04-21,2.4479755800357186,2.33
2016-04-22,2.3943133989054637,2.2
2016-04-23,2.352951626080893,2.08
2016-04-24,2.4405760657923516,2.03
2016-04-25,2.336220736642366,2.05
2016-04-26,2.3429417277569202,1.95
2016-04-27,2.288648437101262,1.85
2016-04-28,2.7395392512264585,2.23
2016-04-29,2.585450993716447,3.51
2016-04-30,2.5957654906456398,2.88
2016-05-01,2.435767160074017,2.52
2016-05-02,2.698353520535881,2.87
2016-05-03,2.441516981973104,2.71
2016-05-04,2.350282786976386,2.35
2016-05-05,2.2892934671676377,2.14
2016-05-06,2.2396713511903448,1.98
2016-05-07,2.2446449232511534,1.9
2016-05-08,2.169114426742717,1.83
2016-05-09,2.132908286614823,1.7
2016-05-10,2.3072127983000934,1.87
2016-05-11,2.1247931190117684,2.15
2016-05-12,2.064946887031267,1.85
2016-05-13,2.038751033267533,1.66
2016-05-14,2.0176631842941752,1.55
2016-05-15,1.9982067618771324,1.48
2016-05-16,1.9797108848399543,1.44
2016-05-17,2.0115534632340326,1.41
2016-05-18,1.9528324894174616,1.45
2016-05-19,1.9971381687749818,1.42
2016-05-20,2.03684180328536,1.51
2016-05-21,2.5870519584842326,8.91
2016-05-22,2.1962441584043138,3.75
2016-05-23,2.0613348039217843,2.6
2016-05-24,1.9976432005723146,2.1
2016-05-25,2.1103446420420076,1.86
2016-05-26,1.9863605315816908,1.75
2016-05-27,1.9328840629702817,1.6
2016-05-28,1.8931911795486587,1.5
2016-05-29,1.859141022275406,1.42
2016-05-30,1.8289678715979891,1.35
2016-05-31,1.8018982718199739,1.3
2016-06-01,1.777094781957108,1.26
2016-06-02,1.7542523281762845,1.22
2016-06-03,1.7329282805147257,1.18
2016-06-04,1.712810770937997,1.14
2016-06-05,1.6936283666829297,1.11
2016-06-06,1.6752039156597147,1.06
2016-06-07,1.6579550328580805,1.03
2016-06-08,1.6411602329700388,1.02
2016-06-09,1.6243929267702233,1.04
2016-06-10,1.8079894259678861,1.22
2016-06-11,1.8161290009239015,1.48
2016-06-12,1.6938810346612023,1.55
2016-06-13,1.786219750219947,7.99
2016-06-14,1.6359805838591803,5.3
2016-06-15,1.619263166976127,4.01
2016-06-16,1.7701587345490628,3.87
2016-06-17,1.619809988607255,3.37
2016-06-18,1.5537829775719207,2.68
2016-06-19,1.8070162518839863,2.45
2016-06-20,1.901649830854831,6.96
2016-06-21,1.6632557673306358,3.53
2016-06-22,1.5907579069832778,2.77
2016-06-23,1.5417745835746597,2.43
2016-06-24,1.5092525182220928,2.14
2016-06-25,1.5855620957777716,1.98
2016-06-26,1.7682903278243989,2.12
2016-06-27,1.551892821891332,2.75
2016-06-28,1.7350443672254112,2.21
2016-06-29,2.266065610833936,5.61
2016-06-30,2.3074041310350877,4.22
2016-07-01,2.1058377661729835,4.46
2016-07-02,2.5252602547210237,6.05
2016-07-03,2.001890813810273,4.29
2016-07-04,1.873975104340559,3.08
2016-07-05,1.7129122665141747,2.67
2016-07-06,1.6177364528517086,2.39
2016-07-07,1.8017001483141006,2.24
2016-07-08,2.231644773733046,4.27
2016-07-09,2.258858087933188,7.47
2016-07-10,2.201420473587791,4.44
2016-07-11,2.251039924017395,6.19
2016-07-12,1.9081047008408347,4.41
2016-07-13,1.7572661591443757,3.39
2016-07-14,1.6358127881301043,2.85
2016-07-15,1.6154202349351878,2.58
2016-07-16,1.516948589540963,2.49
2016-07-17,1.4425520787622714,2.43
2016-07-18,1.3918560618601958,2.24
2016-07-19,1.3510459917883388,2.04
2016-07-20,1.3172525078473742,1.89
2016-07-21,1.2885070960730785,1.77
2016-07-22,1.2645861595812247,1.67
2016-07-23,1.2430169554842037,1.57
2016-07-24,1.2247287203667663,1.5
2016-07-25,1.2082775032467705,1.45
2016-07-26,1.2361988376863529,1.4
2016-07-27,1.186479063520024,1.41
2016-07-28,1.1708988013251755,1.36
2016-07-29,1.157954460543405,1.36
2016-07-30,1.1460801602704553,1.33
2016-07-31,1.135230609903195,1.24
2016-08-01,1.153445683288434,1.21
2016-08-02,1.120105334896475,1.22
2016-08-03,1.1068529080110483,1.21
2016-08-04,1.0974887615757283,1.19
2016-08-05,1.086643011932467,1.14
2016-08-06,1.076857356424732,1.08
2016-08-07,1.068018027618079,1.03
2016-08-08,1.0580435605731606,1.03
2016-08-09,1.0488585141066284,1.01
2016-08-10,1.0769794816703928,0.999
2016-08-11,1.0357544452825076,1.08
2016-08-12,1.0222121013504228,1.09
2016-08-13,1.011874561991019,1.0
2016-08-14,1.0021624542607728,0.954
2016-08-15,0.9925547036017354,0.92
2016-08-16,0.9829893477989275,0.882
2016-08-17,0.9734455634798493,0.857
2016-08-18,0.9740197508558377,0.83
2016-08-19,1.161511425068577,1.15
2016-08-20,1.181792400664396,1.82
2016-08-21,1.1920515321053347,5.19
2016-08-22,1.1388558335248622,4.22
2016-08-23,0.9573987842876005,2.69
2016-08-24,0.9384140099848045,2.05
2016-08-25,1.118794786856305,4.87
2016-08-26,0.9634319997880463,4.34
2016-08-27,1.0440638241944369,3.81
2016-08-28,0.9142800126171231,3.3
2016-08-29,0.8842591798377604,3.01
2016-08-30,0.8696128159738438,2.35
2016-08-31,0.857208970334483,2.08
2016-09-01,0.8458775845674652,1.85
2016-09-02,0.8346375088729282,1.68
2016-09-03,1.017696278510275,1.73
2016-09-04,0.8419221100334672,1.94
2016-09-05,0.8108407814940313,1.87
2016-09-06,0.7977565591536646,1.69
2016-09-07,0.7874426503208096,1.53
2016-09-08,0.7776140967958054,1.42
2016-09-09,0.8096007178354251,1.35
2016-09-10,0.7653339433973256,1.35
2016-09-11,0.751578885040004,1.29
2016-09-12,0.7418463427043801,1.22
2016-09-13,0.9357597299300828,1.39
2016-09-14,0.7515031670492452,1.47
2016-09-15,0.7261047226829594,1.3
2016-09-16,0.711075473384042,1.25
2016-09-17,0.7010505926330197,1.18
2016-09-18,0.7060783242661548,1.13
2016-09-19,0.6855611614375445,1.12
2016-09-20,0.6753807126386342,1.09
2016-09-21,0.7375554664072936,1.08
2016-09-22,0.6677692827028314,1.08
2016-09-23,0.652282597997265,1.03
2016-09-24,0.849199966372169,1.04
2016-09-25,0.7895119039860622,2.55
2016-09-26,0.7485803878598866,1.78
2016-09-27,0.6441411581753138,1.84
2016-09-28,0.6250344886562347,1.54
2016-09-29,0.6127687522759029,1.34
2016-09-30,0.6097612670944114,1.23
2016-10-01,0.6025440783655501,1.173
2016-10-02,0.5885518459430055,1.115
2016-10-03,0.5791933223196006,1.053
2016-10-04,0.570655431761949,1.012
2016-10-05,0.562493352689222,0.97
2016-10-06,0.5551764418151856,0.946
2016-10-07,0.5470739764069649,0.94
2016-10-08,0.5394755991496981,0.913
2016-10-09,0.532155617724569,0.892
2016-10-10,0.5250338808214038,0.874
2016-10-11,0.5569669305633796,0.868
2016-10-12,0.5368259125891578,0.898
2016-10-13,0.5092380454821304,0.89
2016-10-14,0.4994490541812952,0.874
2016-10-15,0.5821828097410404,0.851
2016-10-16,0.4978053899539074,0.953
2016-10-17,0.6512034290472999,0.924
2016-10-18,0.6945854700953964,4.369
2016-10-19,0.5045450380555495,2.645
2016-10-20,0.4748802975213562,1.8
2016-10-21,0.46391442692068674,1.493
2016-10-22,0.4566564294004315,1.309
2016-10-23,0.4481404796250255,1.222
2016-10-24,0.4407863783225103,1.15
2016-10-25,0.43390045626242224,1.088
2016-10-26,0.42728726526858346,1.049
2016-10-27,0.4213975332131311,1.007
2016-10-28,0.41516987602758215,0.993
2016-10-29,0.40910399168355527,0.999
2016-10-30,0.4029217660088812,0.986
2016-10-31,0.39714534491855835,0.966
2016-11-01,0.39151778632941303,0.932
2016-11-02,0.38601690663603955,0.902
2016-11-03,0.4212579255355124,0.891
2016-11-04,0.41584036886082476,0.933
2016-11-05,0.3762112456884308,0.985
2016-11-06,0.38584271233000433,0.929
2016-11-07,0.36396139197749344,0.896
2016-11-08,0.5605795490968414,0.996
2016-11-09,0.7089445339716383,2.238
2016-11-10,0.6960864137239611,3.401
2016-11-11,1.4746406185503174,2.414
2016-11-12,1.0195419290771284,7.602
2016-11-13,1.0850881657862792,3.201
2016-11-14,0.9681600924897692,2.976
2016-11-15,0.8099301378234872,2.991
2016-11-16,0.7684802151877795,2.784
2016-11-17,1.4601756109132766,5.981
2016-11-18,1.3037074713497863,3.324
2016-11-19,1.3842272639398503,3.599
2016-11-20,1.469512681618079,3.876
2016-11-21,3.8829320645648733,35.8
2016-11-22,2.547971583036872,11.53
2016-11-23,2.051277175595956,5.677
2016-11-24,1.6551395910588327,4.106
2016-11-25,1.3414256793931723,3.331
2016-11-26,1.158419637299745,2.867
2016-11-27,1.019555083166892,2.58
2016-11-28,0.9117875452373494,2.411
2016-11-29,0.8278886516108352,2.245
2016-11-30,0.7617843554990951,2.124
2016-12-01,0.7093368173183519,2.038
2016-12-02,0.6881882004373844,1.941
2016-12-03,0.6384187979345322,1.847
2016-12-04,0.6126241858719206,1.742
2016-12-05,0.5939689241273697,1.651
2016-12-06,0.5827475398484487,1.588
2016-12-07,1.546905632285625,1.554
2016-12-08,1.0303922003926511,3.646
2016-12-09,1.2272482493517851,2.453
2016-12-10,1.531386165635577,4.762
2016-12-11,1.1302162456452365,3.518
2016-12-12,1.3588822261251743,2.825
2016-12-13,1.5287510939744338,4.537
2016-12-14,1.157120114368025,3.688
2016-12-15,1.1008430733714063,2.87
2016-12-16,0.9788833052152904,2.658
2016-12-17,0.9045416323595495,2.425
2016-12-18,0.8446022971656292,2.291
2016-12-19,0.8478434670173847,2.171
2016-12-20,0.9164113051848195,2.074
2016-12-21,0.9021794072148205,2.027
2016-12-22,0.8213460560890893,1.97
2016-12-23,1.3047267546310672,2.393
2016-12-24,1.0190086633403155,2.509
2016-12-25,1.426814707668204,2.294
2016-12-26,1.0790496119484252,2.828
2016-12-27,0.9744273983399141,2.278
2016-12-28,0.9137289815655112,2.117
2016-12-29,0.8709905804659158,2.017
2016-12-30,0.8310286100268259,1.937
2016-12-31,1.0875512300103358,1.878
2017-01-01,1.15839242998915,2.069
2017-01-02,0.9636604529266064,2.056
2017-01-03,1.0562291968411965,1.945
2017-01-04,0.9253844382096638,2.112
2017-01-05,0.8759578214218248,1.98
2017-01-06,1.1671927490698066,1.955
2017-01-07,1.0909437943571296,2.422
2017-01-08,1.0429897589027572,2.3
2017-01-09,1.9293363725793822,4.261
2017-01-10,1.4353503673557908,4.698
2017-01-11,1.3391743463423391,3.205
2017-01-12,2.1204703442589223,3.116
2017-01-13,1.8531837162206923,2.911
2017-01-14,2.65490867643883,4.112
2017-01-15,2.897885011881816,32.66
2017-01-16,2.370529041463914,7.865
2017-01-17,2.031817369650257,5.201
2017-01-18,1.723644496205708,4.245
2017-01-19,1.544633216084329,3.542
2017-01-20,1.400520780193275,3.104
2017-01-21,1.2911610677491374,2.788
2017-01-22,1.2145868366412278,2.587
2017-01-23,1.144259615963279,2.46
2017-01-24,1.0926917531897269,2.353
2017-01-25,1.0472502608403107,2.239
2017-01-26,1.01460271803957,2.126
2017-01-27,1.8630435966334664,2.047
2017-01-28,2.053431837045116,4.958
2017-01-29,1.8298007536844112,4.601
2017-01-30,1.6602255863499653,3.867
2017-01-31,2.9053568516024213,10.88
2017-02-01,2.315131301669697,9.403
2017-02-02,1.953202236787689,6.334
2017-02-03,2.3663375756468428,7.21
2017-02-04,1.927016411978755,6.016
2017-02-05,1.6873063412394138,4.151
2017-02-06,2.6117520382995987,6.168
2017-02-07,2.027082901792174,6.357
2017-02-08,1.7463262411697515,4.236
2017-02-09,1.596301143334411,3.624
2017-02-10,1.8374575021707025,3.216
2017-02-11,1.9053058482719842,3.136
2017-02-12,1.757692477691245,4.139
2017-02-13,1.5539750452976588,4.206
2017-02-14,1.4710446870362108,3.359
2017-02-15,1.8017603191666327,3.142
2017-02-16,1.5326192387690603,3.084
2017-02-17,1.4241781147062245,2.805
2017-02-18,1.3585448759281635,2.637
2017-02-19,1.410511723072488,2.523
2017-02-20,1.4884437427288515,2.636
2017-02-21,1.818958883605002,2.812
2017-02-22,2.6441182171477142,5.968
2017-02-23,2.9691212030226244,19.06
2017-02-24,2.7072156178875946,6.44
2017-02-25,2.4349630007164467,6.075
2017-02-26,2.385743173286613,4.971
2017-02-27,2.706356442709692,7.066
2017-02-28,2.963469324974321,11.92
2017-03-01,3.5280258111220366,8.278
2017-03-02,2.672188588074184,15.21
2017-03-03,3.416874588794457,15.77
2017-03-04,2.7544634791363385,8.064
2017-03-05,3.58767731397863,13.32
2017-03-06,2.767133640456911,6.845
2017-03-07,3.2670072430157617,7.247
2017-03-08,2.559670127130236,7.531
2017-03-09,2.297132360600688,4.758
2017-03-10,2.126069087220824,4.155
2017-03-11,2.014323819959733,3.763
2017-03-12,1.884047049715435,3.435
2017-03-13,1.7873302081421345,3.107
2017-03-14,1.7206488922218748,2.884
2017-03-15,1.6677008908195576,2.734
2017-03-16,1.6463646766512614,2.612
2017-03-17,2.4910470592468696,2.761
2017-03-18,2.405364514722682,6.233
2017-03-19,2.864937214344085,4.358
2017-03-20,2.999418172120447,15.44
2017-03-21,3.082679418144995,5.271
2017-03-22,3.5238607876983377,13.62
2017-03-23,2.718748959540386,5.952
2017-03-24,2.444846908435058,4.319
2017-03-25,2.2676939425464244,3.659
2017-03-26,2.132018172812598,3.224
2017-03-27,2.0250446263737842,2.935
2017-03-28,2.1993029274372433,2.762
2017-03-29,2.0854583637354556,2.72
2017-03-30,1.955041902863807,2.642
2017-03-31,1.8982989912229697,2.512
2017-04-01,1.8303865795653875,2.38
2017-04-02,1.7845356554418905,2.241
2017-04-03,1.7527260126176212,2.118
2017-04-04,1.7256499655613313,1.992
2017-04-05,1.7045808350558471,1.886
2017-04-06,1.6874873937367714,1.808
2017-04-07,1.6735012072117328,1.74
2017-04-08,1.6618266960320764,1.674
2017-04-09,1.651889524266562,1.603
2017-04-10,1.643224050634497,1.538
2017-04-11,1.6354862076977184,1.492
2017-04-12,1.6398292535651018,1.475
2017-04-13,1.6241911705145506,1.457
2017-04-14,1.6964339203902492,1.488
2017-04-15,1.6207294788216553,1.523
2017-04-16,1.6603818057615036,1.464
2017-04-17,1.6061100852085508,1.467
2017-04-18,1.5936280271420074,1.435
2017-04-19,1.5859605416647866,1.381
2017-04-20,1.5784510656093538,1.341
2017-04-21,1.5709808577180748,1.285
2017-04-22,1.5633676925871047,1.243
2017-04-23,1.5558727174704805,1.205
2017-04-24,1.548208774657227,1.188
2017-04-25,1.540275230453998,1.16
2017-04-26,1.531108810960496,1.136
2017-04-27,1.586205576327345,1.138
2017-04-28,1.5222594061888868,1.19
2017-04-29,1.5067019292916708,1.113
2017-04-30,1.4969659694164188,1.07
2017-05-01,1.486698117452421,1.047
2017-05-02,1.4766286478333643,1.011
2017-05-03,1.466535464847246,0.984
2017-05-04,1.456311336677967,0.948
2017-05-05,1.4459449826725845,0.924
2017-05-06,1.4354321127009715,0.91
2017-05-07,1.4247831021707298,0.882
2017-05-08,1.4140019992111739,0.863
2017-05-09,1.403095245741498,0.865
2017-05-10,1.3920693613044706,0.858
2017-05-11,1.381103462470402,0.839
2017-05-12,1.397896999246066,0.829
2017-05-13,1.4471107839708492,0.842
2017-05-14,1.4087576641118946,0.906
2017-05-15,1.4268286048818877,0.914
2017-05-16,1.3609336773763603,1.01
2017-05-17,1.4382715255936636,1.214
2017-05-18,1.3233697364284913,1.221
2017-05-19,1.297765414891644,1.035
2017-05-20,1.3266871429030092,1.026
2017-05-21,1.2766140392403096,0.97
2017-05-22,1.2594605729142605,0.887
2017-05-23,1.2461392212260498,0.837
2017-05-24,1.2333948503810384,0.803
2017-05-25,1.2208374282123313,0.777
2017-05-26,1.2084220946275281,0.74
2017-05-27,1.1963896575783346,0.719
2017-05-28,1.1844463594716108,0.711
2017-05-29,1.1905895474192478,0.725
2017-05-30,1.1634950668426798,0.739
2017-05-31,1.1488863954195763,0.722
2017-06-01,1.1363774799988338,0.69
2017-06-02,1.1251680127719919,0.673
2017-06-03,1.1121786250680727,0.664
2017-06-04,1.1148827738540783,0.648
2017-06-05,1.3046106061282603,1.125
2017-06-06,1.31411361583515,4.717
2017-06-07,1.3224811808467396,3.958
2017-06-08,1.2965234270801296,3.792
2017-06-09,1.2666970104830133,2.528
2017-06-10,1.1076096654843588,2.991
2017-06-11,1.0543627609184332,2.996
2017-06-12,1.0322887187849332,2.239
2017-06-13,1.015776003160111,1.841
2017-06-14,1.000783057140492,1.577
2017-06-15,0.9866629692152858,1.382
2017-06-16,0.9731970915194821,1.254
2017-06-17,0.9602744564872827,1.163
2017-06-18,0.9477959143151554,1.074
2017-06-19,0.9356849813289205,1.008
2017-06-20,0.923881498287753,0.959
2017-06-21,0.9125063787737886,0.926
2017-06-22,0.9013456542778899,0.896
2017-06-23,0.8906897737309114,0.871
2017-06-24,0.8791114098540238,0.862
2017-06-25,0.8685484932914733,0.839
2017-06-26,0.8575108148847274,0.811
2017-06-27,0.9734481869358793,0.802
2017-06-28,0.9687339088527962,0.976
2017-06-29,0.879528452339312,0.987
2017-06-30,0.8278814593746391,0.929
2017-07-01,0.8121187424386823,0.848
2017-07-02,0.8003316217839817,0.794
2017-07-03,0.7897418500538157,0.762
2017-07-04,0.7791416310209379,0.748
2017-07-05,0.7687042339847026,0.74
2017-07-06,0.7585999709380264,0.715
2017-07-07,0.7488692412754712,0.699
2017-07-08,0.738938223054079,0.685
2017-07-09,0.7296805788898142,0.669
2017-07-10,0.7405345734030347,0.66
2017-07-11,0.8393741660721128,0.731
2017-07-12,0.7195628726769284,0.725
2017-07-13,0.6980168586324299,0.663
2017-07-14,0.6868333239525067,0.654
2017-07-15,0.6775017857626776,0.649
2017-07-16,0.6674127036044691,0.643
2017-07-17,0.6581500914933514,0.624
2017-07-18,0.6491782381165068,0.601
2017-07-19,0.6469533050449711,0.599
2017-07-20,0.6347543837430671,0.607
2017-07-21,0.8282738903433969,0.769
2017-07-22,0.8369378315090442,1.232
2017-07-23,0.6402326346520432,1.174
2017-07-24,0.6088931668630393,0.935
2017-07-25,0.6741590156653025,0.812
2017-07-26,0.6655650154483365,1.365
2017-07-27,0.5921781964177978,1.299
2017-07-28,0.7793361763487567,3.092
2017-07-29,0.7712370492755951,3.093
2017-07-30,0.6689654368841403,3.125
2017-07-31,0.5807311260485344,2.957
2017-08-01,0.6485623176841838,3.06
2017-08-02,0.5813503546185789,2.907
2017-08-03,0.5518169858049045,2.74
2017-08-04,0.5363055066496278,2.413
2017-08-05,0.5253132958308232,1.97
2017-08-06,0.71727395270178,1.868
2017-08-07,0.6355675524365866,3.669
2017-08-08,0.7563321082963131,4.783
2017-08-09,0.5444443169895636,6.742
2017-08-10,0.5091340847699265,3.504
2017-08-11,0.49549624138387455,2.718
2017-08-12,0.48372431552548867,2.404
2017-08-13,0.47391877508971303,2.136
2017-08-14,0.47465900332269106,1.929
2017-08-15,0.45847122501849163,1.805
2017-08-16,0.6555413505186444,1.778
2017-08-17,0.5665724259329309,5.015
2017-08-18,0.48344213514725315,2.922
2017-08-19,0.45850667004401674,2.523
2017-08-20,0.43578620236780796,2.397
2017-08-21,0.4249422687908032,2.177
2017-08-22,0.4173891129940777,1.989
2017-08-23,0.40947405498672734,1.959
2017-08-24,0.4024551077455372,1.81
2017-08-25,0.3958746410943709,1.62
2017-08-26,0.38961471757272326,1.492
2017-08-27,0.3836095652144955,1.394
2017-08-28,0.37789614622382406,1.322
2017-08-29,0.3723898401443656,1.269
2017-08-30,0.36692738984533446,1.231
2017-08-31,0.36215126808106185,1.186
2017-09-01,0.3563154399456036,1.151
2017-09-02,0.35114405740284127,1.109
2017-09-03,0.38434591384676914,1.112
2017-09-04,0.4832976866103844,1.152
2017-09-05,0.4582253254552169,2.678
2017-09-06,0.35132979082347754,2.236
2017-09-07,0.5213801838998325,1.777
2017-09-08,0.44527594277184546,2.668
2017-09-09,0.45701548895863575,6.9
2017-09-10,0.5081901972481404,4.745
2017-09-11,0.556361137177008,10.01
2017-09-12,0.8117416570845254,6.611
2017-09-13,0.8046714243730464,8.509
2017-09-14,0.596026402983508,4.801
2017-09-15,0.6430866709798533,3.502
2017-09-16,0.5227995514438296,2.854
2017-09-17,0.48597775540686566,2.489
2017-09-18,0.5627229564457013,2.286
2017-09-19,0.45181463968515195,2.163
2017-09-20,0.41522953969229326,2.004
2017-09-21,0.4473782725335878,1.905
2017-09-22,0.3910081985657008,1.8
2017-09-23,0.35991435903835267,1.682
2017-09-24,0.38944391585753185,1.58
2017-09-25,0.3362755561785373,1.552
2017-09-26,0.3197073932410354,1.477
2017-09-27,0.511994597758843,1.657
2017-09-28,0.8608069379326204,2.363
2017-09-29,0.6562304771192707,2.634
2017-09-30,1.524546233020625,4.192
2017-10-01,0.9541014333133213,6.091
2017-10-02,0.8785237461072627,3.692
2017-10-03,0.7068950833956436,2.876
2017-10-04,1.8974771148860283,9.201
2017-10-05,1.257855304871171,9.032
2017-10-06,1.076859295059759,4.07
2017-10-07,1.353387085642858,4.478
2017-10-08,0.9929080259016603,4.077
2017-10-09,0.8544030888114172,3.231
2017-10-10,0.7577420582469461,2.959
2017-10-11,1.0942546772468735,3.673
2017-10-12,0.7837132045991053,3.212
2017-10-13,0.7040800570139124,2.639
2017-10-14,0.6182896597246192,2.471
2017-10-15,0.5657749433001843,2.31
2017-10-16,0.5271151080176646,2.175
2017-10-17,0.4967835490104217,2.035
2017-10-18,0.4837608850651259,1.913
2017-10-19,1.1262066877213535,6.091
2017-10-20,1.206382390246046,7.001
2017-10-21,1.9895391883321527,6.406
2017-10-22,1.4514765495840998,14.21
2017-10-23,1.1408108815438764,5.239
2017-10-24,1.4529375147246724,4.408
2017-10-25,1.0660922121151106,5.101
2017-10-26,0.9248387599131895,3.595
2017-10-27,0.8329057962926821,3.087
2017-10-28,1.0839719566709487,2.809
2017-10-29,0.8445290188556264,3.223
2017-10-30,0.7600876617457881,2.648
2017-10-31,0.7077888340561779,2.459
2017-11-01,0.6673527113536192,2.32
2017-11-02,0.6283655769904112,2.199
2017-11-03,1.5412663216345437,2.138
2017-11-04,1.766405253458333,3.842
2017-11-05,1.175005562133096,6.101
2017-11-06,1.0086898813033258,3.464
2017-11-07,1.4297112629904212,4.091
2017-11-08,1.0813273456742802,3.499
2017-11-09,1.1730106601611527,3.032
2017-11-10,1.378467985140886,3.185
2017-11-11,1.1643617207495343,3.605
2017-11-12,0.9951798007026549,3.036
2017-11-13,0.9879838459380355,2.675
2017-11-14,0.896735210453507,2.563
2017-11-15,0.84673279480648,2.479
2017-11-16,0.9306555695980316,2.465
2017-11-17,0.8165627464839362,2.432
2017-11-18,0.770200150149466,2.299
2017-11-19,0.8637021227213979,2.187
2017-11-20,0.9748020029230438,2.173
2017-11-21,1.411923418782841,2.759
2017-11-22,1.6338954814356257,6.074
2017-11-23,1.192413802239932,6.058
2017-11-24,1.3156991790903219,3.576
2017-11-25,1.9871410423788132,5.317
2017-11-26,2.5376598588447425,15.36
2017-11-27,2.204850420650087,15.19
2017-11-28,1.6642653221677548,6.868
2017-11-29,1.4507738133024328,4.764
2017-11-30,1.3078232679525383,3.813
2017-12-01,1.1985124107536584,3.274
2017-12-02,1.3690848917504275,3.085
2017-12-03,1.254651727008256,3.642
2017-12-04,1.124694215122299,3.155
2017-12-05,1.0432543921068185,2.872
2017-12-06,1.5070202930451067,2.686
2017-12-07,1.8298391992091425,3.814
2017-12-08,1.4514578969517504,3.52
2017-12-09,1.4214159894855103,2.928
2017-12-10,1.409652014672373,2.813
2017-12-11,1.227769951780134,2.613
2017-12-12,1.559650372709215,2.565
2017-12-13,2.513636030188328,13.87
2017-12-14,2.6776439089760458,16.05
2017-12-15,1.9890035342500159,9.175
2017-12-16,1.8589363056652646,5.392
2017-12-17,2.238653567731341,16.37
2017-12-18,1.73302860247035,6.786
2017-12-19,1.5457849022500132,5.056
2017-12-20,1.528091709336739,4.326
2017-12-21,1.3884326886319076,3.842
2017-12-22,1.308236720859499,3.442
2017-12-23,1.2269917362892648,3.184
2017-12-24,1.2820102323774347,2.991
2017-12-25,2.292959613514299,8.544
2017-12-26,2.1180837955884306,6.755
2017-12-27,1.7180517358913177,4.918
2017-12-28,2.0238357346876343,3.714
2017-12-29,2.8412304932552814,5.53
2017-12-30,2.379716503186586,14.92
2017-12-31,2.3353079892370037,7.447
2018-01-01,2.7181534604886584,10.2
2018-01-02,3.21097209725285,15.58
2018-01-03,2.748147258782437,8.809
2018-01-04,2.52862198789584,7.155
2018-01-05,3.008938252527308,10.4
2018-01-06,2.307594525491964,6.82
2018-01-07,2.0445219369943413,5.12
2018-01-08,1.876736668118631,4.32
2018-01-09,1.9985446640638536,4.03
2018-01-10,1.7528420237599727,4.157
2018-01-11,1.6390114535494067,3.546
2018-01-12,1.5576405408006697,3.268
2018-01-13,1.4957759624612812,3.067
2018-01-14,2.198006484823211,2.944
2018-01-15,2.8812277754257067,12.38
2018-01-16,2.5389802277004634,5.306
2018-01-17,3.1675032867000126,10.07
2018-01-18,3.554242348649475,15.25
2018-01-19,2.7769263352259483,7.543
2018-01-20,2.613909594117831,5.466
2018-01-21,3.5268830211072633,13.73
2018-01-22,2.87591209487024,13.38
2018-01-23,2.8897051959751083,7.418
2018-01-24,2.6496211721260536,7.285
2018-01-25,2.5257317245927733,5.873
2018-01-26,2.24817509510332,4.904
2018-01-27,2.3781227905307754,5.107
2018-01-28,2.3669882600993652,4.555
2018-01-29,2.7374168901354157,8.086
2018-01-30,2.7159232028253486,4.995
2018-01-31,2.8268820082263164,6.883
2018-02-01,2.3521445800690843,6.141
2018-02-02,2.5071444401212024,4.626
2018-02-03,2.658337184987591,5.186
2018-02-04,2.2634518485863944,4.5
2018-02-05,2.1218527821880935,3.901
2018-02-06,2.0272930668292837,3.59
2018-02-07,1.9400750804833957,3.26
2018-02-08,2.9167311851176896,5.499
2018-02-09,2.4274403608125095,5.834
2018-02-10,3.0473542962712035,8.667
2018-02-11,2.8727258702536314,8.002
2018-02-12,2.5796787468898947,5.192
2018-02-13,2.6664732005202265,6.438
2018-02-14,2.9522538486246663,8.507
2018-02-15,2.465688290480921,7.859
2018-02-16,2.3214930427202956,4.765
2018-02-17,2.2588973930966727,4.367
2018-02-18,2.5734366437386833,3.917
2018-02-19,2.378768751761165,4.175
2018-02-20,2.186962533742689,3.684
2018-02-21,2.095996008612529,3.273
2018-02-22,2.0212014796407605,3.051
2018-02-23,1.9659749770290997,2.875
2018-02-24,1.921820376324848,2.739
2018-02-25,1.8867590286208107,2.604
2018-02-26,1.9070998476261112,2.482
2018-02-27,1.9507524723877807,2.37
2018-02-28,2.019524786228202,2.254
2018-03-01,1.951977108942424,2.13
2018-03-02,1.8940805939571321,2.148
2018-03-03,1.9049417367431816,2.11
2018-03-04,2.0724881009610328,2.245
2018-03-05,2.8985552040227334,9.433
2018-03-06,2.364574800314452,10.02
2018-03-07,2.776180819041597,4.565
2018-03-08,2.4558811389424835,6.647
2018-03-09,3.5600827879977306,11.4
2018-03-10,2.8589977855169337,15.98
2018-03-11,3.242906247631809,6.944
2018-03-12,3.849257909063899,21.9
2018-03-13,3.020841444270694,8.244
2018-03-14,3.2946799289128648,5.782
2018-03-15,3.2622031054253307,8.127
2018-03-16,2.894523118926568,8.573
2018-03-17,2.8269539764670206,5.855
2018-03-18,2.546323901223701,4.889
2018-03-19,2.39144006149611,4.519
2018-03-20,2.274274207242286,4.637
2018-03-21,2.1818103370802633,4.331
2018-03-22,2.209991206196382,4.268
2018-03-23,2.2687360328639516,3.853
2018-03-24,2.1146185556979473,3.518
2018-03-25,2.045182206988175,3.128
2018-03-26,2.514467186140664,2.92
2018-03-27,2.3633138201328205,4.445
2018-03-28,2.184028661678453,3.512
2018-03-29,2.9344896170702737,3.918
2018-03-30,3.483115618448143,8.447
2018-03-31,2.7435674261851166,7.55
2018-04-01,4.029065406220203,4.753
2018-04-02,3.945601287925536,29.33
2018-04-03,3.761230825677705,11.11
2018-04-04,3.7358179104791525,13.74
2018-04-05,3.0902855202283313,7.176
2018-04-06,2.9644984817007405,5.41
2018-04-07,2.814596513725643,4.787
2018-04-08,2.591192163564037,4.194
2018-04-09,3.321601053391858,4.069
2018-04-10,2.716023955275163,5.975
2018-04-11,2.5229990771875372,4.409
2018-04-12,3.258742637452881,4.036
2018-04-13,2.7081920549124927,7.893
2018-04-14,2.4801598510715532,4.686
2018-04-15,2.5372706866597694,4.236
2018-04-16,2.3537541109108755,3.878
2018-04-17,2.2754858416487953,3.464
2018-04-18,2.1920766047002442,3.231
2018-04-19,2.135337191441055,2.992
2018-04-20,2.0901853891948345,2.828
2018-04-21,2.0542267657840756,2.702
2018-04-22,2.0249152068178624,2.585
2018-04-23,1.9980180206937344,2.465
2018-04-24,2.197092370432937,2.609
2018-04-25,2.228974518293069,2.99
2018-04-26,2.0709581865184266,2.797
2018-04-27,2.3345786787805634,2.713
2018-04-28,2.120964377562947,2.697
2018-04-29,2.0471422657027225,2.515
2018-04-30,2.0063259219624108,2.344
2018-05-01,2.492744214323154,2.224
2018-05-02,2.266975061389126,7.892
2018-05-03,2.0646606910655674,3.376
2018-05-04,2.0044225889710976,2.818
2018-05-05,1.965968223273139,2.574
2018-05-06,1.9346020103318737,2.392
2018-05-07,1.907803689022811,2.236
2018-05-08,1.8952730773403768,2.106
2018-05-09,1.9318939913659265,2.012
2018-05-10,1.8653344260425957,1.971
2018-05-11,1.8502098196549717,1.875
2018-05-12,1.8287977761389949,1.819
2018-05-13,1.8078879282490796,1.744
2018-05-14,1.7911583601493901,1.664
2018-05-15,1.7757136170325072,1.603
2018-05-16,1.7609133847209284,1.552
2018-05-17,1.7466511708744317,1.505
2018-05-18,1.7327542247955303,1.457
2018-05-19,1.7191173916133111,1.402
2018-05-20,1.7056528579161692,1.352
2018-05-21,1.6923030641826038,1.319
2018-05-22,1.6789944840732285,1.283
2018-05-23,1.6657110789580192,1.24
2018-05-24,1.6749895613980603,1.195
2018-05-25,1.6438942188065933,1.207
2018-05-26,1.627851900189909,1.155
2018-05-27,1.6148732105731392,1.117
2018-05-28,1.5999532257175249,1.087
2018-05-29,1.5862531464320866,1.056
2018-05-30,1.6445021020979307,1.109
2018-05-31,1.5689565718566563,1.071
2018-06-01,1.5479826089745068,1.026
2018-06-02,1.5329480561530684,1.003
2018-06-03,1.5185474869823712,0.979
2018-06-04,1.5043428355095967,0.95
2018-06-05,1.490162020193419,0.931
2018-06-06,1.476010097955042,0.905
2018-06-07,1.4631415564300145,0.875
2018-06-08,1.4480016017943345,0.886
2018-06-09,1.4336287801965997,0.865
2018-06-10,1.4194929827578768,0.841
2018-06-11,1.4055091456890512,0.823
2018-06-12,1.3912718589580733,0.816
2018-06-13,1.3771747932913951,0.81
2018-06-14,1.363087763978293,0.787
2018-06-15,1.3494546283851283,0.774
2018-06-16,1.3359526470132463,0.781
2018-06-17,1.3214513114633353,0.784
2018-06-18,1.3074697802625854,0.772
2018-06-19,1.2931137771101686,0.764
2018-06-20,1.279213955268419,0.742
2018-06-21,1.2652884055650635,0.714
2018-06-22,1.2514577334042245,0.696
2018-06-23,1.237681411048993,0.681
2018-06-24,1.2239571363636956,0.671
2018-06-25,1.2102875572833744,0.657
2018-06-26,1.196675765112708,0.65
2018-06-27,1.1831247934695754,0.632
2018-06-28,1.1696375611109526,0.623
2018-06-29,1.156216864901033,0.615
2018-06-30,1.1428653791859764,0.61
2018-07-01,1.1295858430697638,0.599
2018-07-02,1.1163801498508126,0.587
2018-07-03,1.1032511133742635,0.578
2018-07-04,1.0902007999952736,0.575
2018-07-05,1.077231279184396,0.565
2018-07-06,1.064344522343235,0.558
2018-07-07,1.0515423941599733,0.553
2018-07-08,1.0388272138159877,0.544
2018-07-09,1.0261990218351267,0.544
2018-07-10,1.0136608764134436,0.546
2018-07-11,1.0012178423820857,0.535
2018-07-12,0.9904004505325237,0.537
2018-07-13,1.0615899189170555,0.658
2018-07-14,0.9765620418022604,0.668
2018-07-15,0.9559221397663258,0.577
2018-07-16,0.9429554403193822,0.551
2018-07-17,0.9302817807792403,0.541
2018-07-18,0.9181502286762981,0.535
2018-07-19,0.9062285892082329,0.524
2018-07-20,0.8949251903773162,0.516
2018-07-21,0.8829056466405,0.516
2018-07-22,0.8713603668558335,0.511
2018-07-23,0.859990476544952,0.502
2018-07-24,0.8488714858298043,0.492
2018-07-25,0.8376447164359221,0.484
2018-07-26,0.8267214234209183,0.478
2018-07-27,0.8163385924896632,0.467
2018-07-28,1.006980867759861,0.468
2018-07-29,0.8702081606803661,0.958
2018-07-30,0.7987598105280503,0.7
2018-07-31,0.7799246566419291,0.584
2018-08-01,0.7677427395418642,0.542
2018-08-02,0.7565770737723145,0.52
2018-08-03,0.7457739170810594,0.509
2018-08-04,0.7352217710313254,0.496
2018-08-05,0.7248894378534131,0.482
2018-08-06,0.7147511329447597,0.474
2018-08-07,0.7047883857637701,0.472
2018-08-08,0.6953176759902693,0.462
2018-08-09,0.6854143040416728,0.462
2018-08-10,0.7544395802496856,0.496
2018-08-11,0.791419637132573,0.513
2018-08-12,0.6765664476205807,0.566
2018-08-13,0.6549594648247277,0.526
2018-08-14,0.6433067622519021,0.511
2018-08-15,0.7041396540173439,0.491
2018-08-16,0.6344349565796424,0.535
2018-08-17,0.6181128788382544,0.493
2018-08-18,0.6086790528808987,0.473
2018-08-19,0.5989838734045201,0.474
2018-08-20,0.5902424679159359,0.472
2018-08-21,0.5812209352375381,0.46
2018-08-22,0.613995665542808,0.455
2018-08-23,0.5812969275589973,0.472
2018-08-24,0.7025884590380952,0.525
2018-08-25,0.5698616109765146,0.575
2018-08-26,0.7477327157467573,0.846
2018-08-27,0.5633698919372103,0.798
2018-08-28,0.5346440863707275,0.629
2018-08-29,0.5236077769208675,0.563
2018-08-30,0.5148184340771654,0.531
2018-08-31,0.5065846055207014,0.508
2018-09-01,0.4986528280858298,0.495
2018-09-02,0.49096534739865283,0.485
2018-09-03,0.4838122092370543,0.48
2018-09-04,0.4762731796422886,0.474
2018-09-05,0.4690587263522492,0.455
2018-09-06,0.5002275371926993,0.449
2018-09-07,0.46138285868050727,0.457
2018-09-08,0.6125044337423348,0.535
2018-09-09,0.4645722880238322,0.598
2018-09-10,0.5008558174838359,0.535
2018-09-11,0.5150359417235922,0.563
2018-09-12,0.43814707122578345,0.643
2018-09-13,0.42304616488886865,0.577
2018-09-14,0.5831715469461493,0.677
2018-09-15,0.4305625823905155,0.814
2018-09-16,0.4993270818259209,0.75
2018-09-17,0.41080590492897573,0.745
2018-09-18,0.5338138312074628,0.737
2018-09-19,0.44969326172587837,1.025
2018-09-20,0.7274391044376131,20.95
2018-09-21,0.9082865937752534,16.61
2018-09-22,0.7833691519934547,5.631
2018-09-23,0.7199395149565166,3.296
2018-09-24,0.682446390644957,2.447
2018-09-25,0.6584594166239436,2.017
2018-09-26,0.4451006854111544,1.698
2018-09-27,0.40614446804866744,1.472
2018-09-28,0.3884470269977058,1.31
2018-09-29,0.37569128008261904,1.207
2018-09-30,0.36560491886734287,1.127
2018-10-01,0.39459945097761606,1.04
2018-10-02,0.3800112966509641,1.03
2018-10-03,0.35077582027821136,1.02
2018-10-04,0.33968260422650115,0.971
2018-10-05,0.576409704256227,0.967
2018-10-06,0.4795602551338532,1.82
2018-10-07,0.3536576483360338,1.59
2018-10-08,0.33122791003609064,1.26
2018-10-09,0.3215344481607112,1.1
2018-10-10,0.3139676847062323,1.01
2018-10-11,0.3289717764766566,0.965
2018-10-12,0.5259240081904839,0.988
2018-10-13,0.8366001848022865,1.74
2018-10-14,1.1889344311395484,4.43
2018-10-15,0.758854929813018,3.34
2018-10-16,0.6142929569740333,2.5
2018-10-17,0.5349418506357919,2.11
2018-10-18,0.48250658828288534,1.83
2018-10-19,0.44198856631354877,1.59
2018-10-20,0.41091590094675406,1.42
2018-10-21,0.3924970554505163,1.3
2018-10-22,0.36318573225518774,1.21
2018-10-23,0.40590653330459686,1.15
2018-10-24,0.35613340989015596,1.14
2018-10-25,0.45773276725902,1.1
2018-10-26,0.4135397283141238,1.14
2018-10-27,0.36299863626131107,1.15
2018-10-28,0.3423690480112496,1.07
2018-10-29,0.3287436504634222,1.02
2018-10-30,0.31635016088155027,0.992
2018-10-31,0.3086636422625478,0.947
2018-11-01,0.2983706310572892,0.913
2018-11-02,0.29095404052464047,0.883
2018-11-03,0.28548232267742396,0.859
2018-11-04,0.2805324865622736,0.855
2018-11-05,0.27618987506630066,0.852
2018-11-06,0.3410780880157001,0.846
2018-11-07,0.4725411466447979,1.35
2018-11-08,0.301893235662746,2.17
2018-11-09,0.8159963495537252,2.05
2018-11-10,0.5561820219748657,3.35
2018-11-11,0.5083322850707748,2.68
2018-11-12,0.6954471524093746,2.46
2018-11-13,0.5235493294416574,2.48
2018-11-14,0.447737523459303,2.16
2018-11-15,0.4095328379583604,1.94
2018-11-16,0.38387241750142626,1.77
2018-11-17,0.35570377663681435,1.63
2018-11-18,0.3369431513080243,1.5
2018-11-19,0.5118701702286049,1.4
2018-11-20,0.9222727554928275,1.55
2018-11-21,0.5626522734393046,2.04
2018-11-22,0.4861372281205121,1.98
2018-11-23,0.4317566094059893,1.83
2018-11-24,0.4027957800625165,1.71
2018-11-25,0.4693122995029827,1.58
2018-11-26,0.39422355116067087,1.48
2018-11-27,1.2511684571714448,2.6
2018-11-28,1.3672110105185482,5.27
2018-11-29,1.1586617291523158,9.66
2018-11-30,0.9467289836184745,5.35
2018-12-01,1.26597437401827,4.44
2018-12-02,1.356379756425765,5.53
2018-12-03,1.4244157484436593,7.6
2018-12-04,1.5106136060665794,5.28
2018-12-05,2.012163011240058,13.0
2018-12-06,2.372508272099918,7.58
2018-12-07,1.908667446908762,12.0
2018-12-08,3.3257728629144494,19.0
2018-12-09,2.4911608087401373,19.1
2018-12-10,1.9571644168046505,9.18
2018-12-11,1.5586648137876067,6.34
2018-12-12,1.3338093121217274,4.9
2018-12-13,1.1668523643039261,4.02
2018-12-14,1.0362863817554104,3.45
2018-12-15,1.982592063083095,4.92
2018-12-16,1.8721017451904245,6.44
2018-12-17,1.3619246954014326,5.93
2018-12-18,2.37219457313441,9.18
2018-12-19,1.7992063270637122,7.99
2018-12-20,2.3090868029099596,6.0
2018-12-21,2.116452631563727,11.3
2018-12-22,2.3949984302595353,7.71
2018-12-23,2.1412197083104654,11.2
2018-12-24,1.713975599124013,7.14
2018-12-25,1.4936924444907862,5.45
2018-12-26,1.3384813962556437,4.56
2018-12-27,1.2224883396480388,3.96
2018-12-28,1.1839419152676223,3.54
2018-12-29,1.137804533986907,3.25
2018-12-30,1.0673344624097956,3.03
2018-12-31,1.1177992887387578,2.89
2019-01-01,1.0263010850341103,2.75
2019-01-02,0.9775510525917296,2.63
2019-01-03,0.9476908077434387,2.49
2019-01-04,0.9271269103852146,2.37
2019-01-05,0.9122588149338435,2.26
2019-01-06,0.9067975630713848,2.16
2019-01-07,1.2494900402342763,2.15
2019-01-08,1.0422197452736788,2.22
2019-01-09,0.9973912186396161,2.11
2019-01-10,0.9779160981216581,2.0
2019-01-11,1.1684521604500613,1.9
2019-01-12,1.2588030550273284,1.95
2019-01-13,1.3594866034394912,2.25
2019-01-14,1.1706616443238347,2.6
2019-01-15,1.1413580736432658,2.41
2019-01-16,1.6489664665556696,2.56
2019-01-17,1.2932483194006283,2.96
2019-01-18,2.111460628926389,2.61
2019-01-19,1.597223016063077,2.7
2019-01-20,1.484906471658994,3.34
2019-01-21,1.8801727560333439,3.82
2019-01-22,1.926440335563963,4.96
2019-01-23,1.729491286895166,3.86
2019-01-24,1.8087750858938014,3.43
2019-01-25,1.6415971111315975,5.2
2019-01-26,2.4783382583857247,5.71
2019-01-27,1.8029128604685216,7.51
2019-01-28,1.6112461335776351,4.64
2019-01-29,2.502995160879287,4.06
2019-01-30,1.8351838983980373,3.73
2019-01-31,1.6385005722943218,3.33
2019-02-01,1.5253918328266387,2.99
2019-02-02,1.4295385141500754,2.73
2019-02-03,1.9742787765621115,2.61
2019-02-04,1.566495550248482,7.39
2019-02-05,1.7766375059404773,4.63
2019-02-06,2.642272467030621,4.67
2019-02-07,2.4883136376421207,15.7
2019-02-08,2.3364728820288883,10.2
2019-02-09,2.4221845615256106,6.37
2019-02-10,1.988228442146369,5.58
2019-02-11,1.7881978046973752,4.38
2019-02-12,1.6606559380059664,3.79
2019-02-13,1.5635537622943936,3.43
2019-02-14,1.4860931551898453,3.12
2019-02-15,1.4260047244046876,2.91
2019-02-16,1.3771599627250652,2.74
2019-02-17,1.3393897056095576,2.61
2019-02-18,1.3191611051102539,2.47
2019-02-19,1.3137706668785247,2.35
2019-02-20,1.3007653960000793,2.24
2019-02-21,1.2563432196987763,2.13
2019-02-22,1.2402669116931198,2.02
2019-02-23,1.2299418517955638,1.93
2019-02-24,1.2216865639084087,1.85
2019-02-25,1.2150559739941047,1.79
2019-02-26,1.209039442210256,1.73
2019-02-27,1.2038027801220856,1.68
2019-02-28,1.3753470728378283,1.68
2019-03-01,1.2507494946672215,1.74
2019-03-02,1.2729290306526937,1.7
2019-03-03,1.6163892979350047,1.84
2019-03-04,1.4622266200385405,2.22
2019-03-05,2.406873027446771,3.08
2019-03-06,2.693773923966218,14.4
2019-03-07,2.8838713656510366,14.6
2019-03-08,2.749908746807041,8.35
2019-03-09,3.4592092160379213,6.5
2019-03-10,3.1906302097918138,10.4
2019-03-11,3.856428181831527,9.68
2019-03-12,3.888125311715504,26.5
2019-03-13,4.583132792002704,12.4
2019-03-14,4.176704203505288,22.2
2019-03-15,4.1790668724153885,14.7
2019-03-16,5.019986964221183,27.3
2019-03-17,3.882877172406015,20.3
2019-03-18,3.391076938088156,10.0
2019-03-19,2.8658926808906364,7.13
2019-03-20,2.572101319403961,5.67
2019-03-21,2.353676302618332,4.82
2019-03-22,2.194038907278063,4.26
2019-03-23,2.049546410144489,3.8
2019-03-24,1.9645688080411003,3.46
2019-03-25,1.8633216436018258,3.21
2019-03-26,1.7954187827838557,3.0
2019-03-27,1.7445479282743082,2.84
2019-03-28,1.705215456497294,2.69
2019-03-29,1.6747330696683291,2.56
2019-03-30,1.6512241382532546,2.42
2019-03-31,1.632929515069214,2.29
2019-04-01,1.7118490525009407,2.18
2019-04-02,1.6351569318153518,2.18
2019-04-03,1.612579746837141,2.1
2019-04-04,1.8802330845224378,2.15
2019-04-05,1.661123434158144,2.36
2019-04-06,1.6249756975138896,2.21
2019-04-07,1.6108598924263386,2.02
2019-04-08,1.6014298411153989,1.89
2019-04-09,1.5933608585372252,1.78
2019-04-10,1.5864535667098654,1.71
2019-04-11,1.5802741541391563,1.64
2019-04-12,1.574560132719682,1.59
2019-04-13,1.569124318578306,1.55
2019-04-14,1.5638164264038426,1.51
2019-04-15,1.5585322674534987,1.47
2019-04-16,1.5531870508604317,1.43
2019-04-17,1.54769344541891,1.41
2019-04-18,1.5420292295385325,1.37
2019-04-19,1.5361517376428013,1.32
2019-04-20,1.53003518939951,1.29
2019-04-21,1.523662886464622,1.24
2019-04-22,1.5170246881748592,1.2
2019-04-23,1.5101155332211174,1.18
2019-04-24,1.5543679520380729,1.24
2019-04-25,1.5037787830826557,1.25
2019-04-26,1.6913366295317014,1.23
2019-04-27,1.7335059274509441,19.8
2019-04-28,1.7084428374649172,10.4
2019-04-29,1.694486899708196,4.52
2019-04-30,1.5392634937897536,3.35
2019-05-01,1.5096103631382098,2.8
2019-05-02,2.0657222072334243,2.61
2019-05-03,1.771957535396405,2.57
2019-05-04,1.6282865353896099,2.43
2019-05-05,1.575106314047183,2.19
2019-05-06,1.5331455380676928,1.99
2019-05-07,1.6691876716962437,1.86
2019-05-08,1.685400215051126,2.12
2019-05-09,1.599739238467853,2.3
2019-05-10,1.5343261221345905,2.41
2019-05-11,1.4820338160754474,2.13
2019-05-12,1.4437420179313647,1.83
2019-05-13,1.4166188694137745,1.66
2019-05-14,1.3935387049239718,1.55
2019-05-15,1.373129945811336,1.47
2019-05-16,1.3548571633600817,1.4
2019-05-17,1.3380697116888538,1.35
2019-05-18,1.3226174403216182,1.3
2019-05-19,1.3081033548145233,1.26
2019-05-20,1.2944064223164358,1.21
2019-05-21,1.281331167824809,1.16
2019-05-22,1.268722877588153,1.13
2019-05-23,1.2564773558737072,1.09
2019-05-24,1.2445378544728245,1.05
2019-05-25,1.2334730415775306,1.03
2019-05-26,1.2222058278624042,1.05
2019-05-27,1.2969326944543862,1.09
2019-05-28,1.2104951662801906,1.14
2019-05-29,1.202352043154314,1.09
2019-05-30,1.1804437682351718,1.09
2019-05-31,1.1673941237603227,1.02
2019-06-01,1.1556271892691026,0.982
2019-06-02,1.1445590921797812,0.96
2019-06-03,1.132769544233801,0.933
2019-06-04,1.2825696826536457,1.02
2019-06-05,1.1315879768156987,1.09
2019-06-06,1.1050408013787492,0.976
2019-06-07,1.2967280916949748,1.14
2019-06-08,1.3040223799690107,2.08
2019-06-09,1.1001334807220122,2.12
2019-06-10,1.2596048445503714,1.55
2019-06-11,1.328085008173873,2.32
2019-06-12,1.353497359233561,7.72
2019-06-13,2.0015012704204205,6.66
2019-06-14,1.6637899608210387,6.93
2019-06-15,1.8655385446776855,6.29
2019-06-16,1.6710900595670244,4.84
2019-06-17,1.4953761820434741,4.0
2019-06-18,1.372822726750501,3.33
2019-06-19,1.271724049573863,2.83
2019-06-20,1.222805814411325,2.54
2019-06-21,1.1507628449995089,2.28
2019-06-22,1.1056838639818427,1.99
2019-06-23,1.0703452945963603,1.8
2019-06-24,1.0558224324157819,1.7
2019-06-25,1.112478796422381,1.8
2019-06-26,1.006907876784646,1.7
2019-06-27,0.9776004346014934,1.54
2019-06-28,0.9588815227831258,1.42
2019-06-29,0.9430206648651683,1.34
2019-06-30,0.9288324676371842,1.25
2019-07-01,0.915870563521111,1.18
2019-07-02,0.9039068307224964,1.13
2019-07-03,0.8927292553058012,1.08
2019-07-04,0.8821752817623654,1.04
2019-07-05,0.8732004326323126,1.01
2019-07-06,0.8628900243778026,1.01
2019-07-07,0.853148536637444,0.973
2019-07-08,0.8443557508161769,0.937
2019-07-09,0.8505594470458175,0.944
2019-07-10,0.8293620826224267,0.937
2019-07-11,0.9555976971119547,0.967
2019-07-12,0.8287567546313886,1.04
2019-07-13,0.8062723577544346,0.923
2019-07-14,0.7957328637729066,0.883
2019-07-15,0.7867155286506791,0.857
2019-07-16,0.7780122132130546,0.823
2019-07-17,0.7706963608394397,0.805
2019-07-18,0.7613335408566596,0.805
2019-07-19,0.8422339718494757,0.836
2019-07-20,0.7603206266003779,0.865
2019-07-21,0.7404214714965792,0.821
2019-07-22,0.7303119112617379,0.78
2019-07-23,0.8889359253901825,0.774
2019-07-24,0.7359552972022091,0.916
2019-07-25,0.7122723701934994,0.803
2019-07-26,0.7014746926639087,0.77
2019-07-27,0.9128560201990554,0.954
2019-07-28,0.985020247438981,5.67
2019-07-29,0.9631833035622233,5.09
2019-07-30,3.357867278710396,18.5
2019-07-31,2.871800987640779,25.4
2019-08-01,2.5616160662869603,8.36
2019-08-02,2.0831128886556627,5.38
2019-08-03,1.8584044539689395,3.94
2019-08-04,1.6837570160114177,3.21
2019-08-05,1.3274940252817127,2.77
2019-08-06,1.3467685187254588,2.55
2019-08-07,1.1746298567193292,2.43
2019-08-08,1.754151280198565,2.3
2019-08-09,1.9293521020340143,3.98
2019-08-10,1.7391297603181815,4.24
2019-08-11,1.4090662323172267,3.27
2019-08-12,1.3125423483542966,2.77
2019-08-13,1.4296430863871685,2.51
2019-08-14,2.0205780268425872,3.01
2019-08-15,1.454845009750142,4.52
2019-08-16,3.082767480269115,21.7
2019-08-17,2.192485713017795,9.73
2019-08-18,1.7297926104252932,5.31
2019-08-19,1.6022497261364799,4.15
2019-08-20,1.4186846580141816,3.49
2019-08-21,1.26569686548881,3.12
2019-08-22,1.170951835378693,2.88
2019-08-23,1.0972907977251396,2.65
2019-08-24,1.0419452529964879,2.42
2019-08-25,0.9985524266706844,2.2
2019-08-26,0.9643347624636386,2.02
2019-08-27,0.9374318230854675,1.91
2019-08-28,0.9922230321087577,1.87
2019-08-29,0.909869191095441,1.81
2019-08-30,0.888885854946021,1.7
2019-08-31,0.877669573868001,1.63
2019-09-01,0.8688832544380087,1.57
2019-09-02,0.8614250324718836,1.5
2019-09-03,0.9701459550127142,1.48
2019-09-04,0.8745293174957965,1.64
2019-09-05,0.8527988223490338,1.6
2019-09-06,0.8601437581258061,1.57
2019-09-07,0.8447761375909025,1.51
2019-09-08,0.8840109534940293,1.43
2019-09-09,0.8617500816315651,1.53
2019-09-10,0.8389534060057686,1.53
2019-09-11,0.8327421613931697,1.48
2019-09-12,0.8292808650075164,1.45
2019-09-13,0.8252429579147661,1.37
2019-09-14,0.8217758471094447,1.3
2019-09-15,0.9841185647753158,1.31
2019-09-16,0.8367889376259136,1.48
2019-09-17,0.8166012201211913,1.36
2019-09-18,0.8105403165755245,1.26
2019-09-19,0.8060265037454317,1.19
2019-09-20,0.8016903148526717,1.15
2019-09-21,0.9077622635745828,1.09
2019-09-22,0.838358753543009,1.14
2019-09-23,0.9671693946097314,1.16
2019-09-24,1.0115816281311933,3.09
2019-09-25,1.3069749551167482,3.31
2019-09-26,1.1946950625344526,6.97
2019-09-27,1.8316591859817155,4.87
2019-09-28,3.3079359075896346,16.9
2019-09-29,3.1263196865712195,26.0
2019-09-30,4.06972629759041,19.2
2019-10-01,2.9929819377868405,16.56
2019-10-02,2.508600626579071,7.058
2019-10-03,3.082531653017409,6.196
2019-10-04,2.4423987604709367,9.577
2019-10-05,3.3925625611831514,8.18
2019-10-06,2.9676606683692,15.08
2019-10-07,2.4934944021413052,8.945
2019-10-08,2.110410238935239,6.732
2019-10-09,1.8663628396989687,5.314
2019-10-10,2.2717315228487873,4.628
2019-10-11,2.705827642550362,12.05
2019-10-12,2.2699896610120427,6.436
2019-10-13,1.905091298595529,5.546
2019-10-14,2.5051707014981783,6.134
2019-10-15,2.41593495244584,6.466
2019-10-16,1.9408373036138258,5.925
2019-10-17,2.411203622914374,5.253
2019-10-18,2.2747625736967825,8.094
2019-10-19,1.8894809591980704,6.056
2019-10-20,1.8269573661376466,4.888
2019-10-21,1.6521976041593582,4.332
2019-10-22,1.5473639220246642,3.894
2019-10-23,1.4752307048031847,3.58
2019-10-24,1.486006938564193,3.337
2019-10-25,4.540643814954899,29.07
2019-10-26,3.915774874294626,38.39
2019-10-27,3.076155700691734,10.75
2019-10-28,2.7205694545505605,7.044
2019-10-29,2.476687299889475,5.652
2019-10-30,2.281909826079795,4.901
2019-10-31,2.9320983466772095,4.402
2019-11-01,3.0336477824953687,8.162
2019-11-02,3.1798262858199964,11.04
2019-11-03,2.8592816246696344,6.696
2019-11-04,2.5431794563103525,6.261
2019-11-05,2.262517450480877,5.209
2019-11-06,3.8454218415207193,4.976
2019-11-07,5.690857891293706,36.97
2019-11-08,4.13214144166235,15.44
2019-11-09,3.9780224170211484,9.486
2019-11-10,4.716645030348487,8.725
2019-11-11,5.284416260954387,25.98
2019-11-12,4.387055621938756,23.13
2019-11-13,3.86497330816358,9.858
2019-11-14,5.0037691867228045,15.75
2019-11-15,4.288512646828441,11.66
2019-11-16,3.9641496227941757,10.85
2019-11-17,3.8222530258015346,9.075
2019-11-18,3.187694213054262,7.2
2019-11-19,2.8994418359864342,6.065
2019-11-20,2.693376822583122,5.373
2019-11-21,3.2329313617555857,4.875
2019-11-22,3.116516975726651,6.106
2019-11-23,3.21047814616566,6.394
2019-11-24,3.063793602072333,6.145
2019-11-25,3.75341399450683,11.0
2019-11-26,3.5924756594616016,10.1
2019-11-27,3.9781973145685368,7.917
2019-11-28,3.698824235988744,11.0
2019-11-29,3.1689129522290864,7.123
2019-11-30,2.9377885103595758,5.801
2019-12-01,2.77658183164047,5.078
2019-12-02,2.6505824664814845,4.586
2019-12-03,2.551069723224477,4.262
2019-12-04,2.480855362281556,3.945
2019-12-05,2.750000593209592,3.699
2019-12-06,3.14600071277501,5.573
2019-12-07,3.281602185712092,4.985
2019-12-08,2.9657463583000783,5.485
2019-12-09,2.7628347543949756,4.472
2019-12-10,4.013686647344735,10.79
2019-12-11,3.516653099118294,7.683
2019-12-12,4.970968014840394,17.1
2019-12-13,4.4112477819068845,20.37
2019-12-14,4.131569007915604,9.225
2019-12-15,3.8309159337932437,7.567
2019-12-16,3.402724237023595,6.272
2019-12-17,3.183962717195271,5.241
2019-12-18,3.7511378678305887,5.323
2019-12-19,3.892939200174105,10.85
2019-12-20,4.066967349919754,10.18
2019-12-21,3.88155273269538,7.794
2019-12-22,3.4738336834860637,6.715
2019-12-23,3.605883532322432,5.532
2019-12-24,3.5516446344128747,5.622
2019-12-25,3.204095197589578,5.238
2019-12-26,3.3798432122314375,5.048
2019-12-27,3.0889396930489923,4.72
2019-12-28,2.9436886062187853,4.396
2019-12-29,2.8485620675849472,4.083
2019-12-30,2.785168089707302,3.789
2019-12-31,2.7173620345181804,3.536
2020-01-01,2.6693514726167873,3.331
2020-01-02,2.821892920834327,3.178
2020-01-03,2.687573630335275,3.091
2020-01-04,2.6379667532014364,2.981
2020-01-05,2.603043851944823,2.856
2020-01-06,2.6228686957999856,2.749
2020-01-07,2.699357276197406,2.666
2020-01-08,3.974259973268545,3.343
2020-01-09,3.2773360017189783,5.904
2020-01-10,2.9966113256226112,3.806
2020-01-11,4.584469231587181,6.522
2020-01-12,3.9029638744393322,10.49
2020-01-13,4.056363566382689,7.475
2020-01-14,4.298100795890246,11.74
2020-01-15,3.6007417173708838,6.742
2020-01-16,3.5571929613610007,5.362
2020-01-17,3.8135081837253106,5.734
2020-01-18,3.3409549773825096,5.22
2020-01-19,3.147873269761255,4.441
2020-01-20,3.0169782894108685,4.058
2020-01-21,2.9503949874020408,3.76
2020-01-22,2.856143596621402,3.491
2020-01-23,2.783526576198394,3.269
2020-01-24,2.8282522443923304,3.116
2020-01-25,2.766598162265064,3.02
2020-01-26,3.398504447016638,3.717
2020-01-27,3.079847363112541,3.806
2020-01-28,3.0137423902962297,3.454
2020-01-29,2.8608022883220046,3.142
2020-01-30,2.7565050758604,2.963
2020-01-31,2.80956443122074,2.857
2020-02-01,3.5633137718598915,2.79
2020-02-02,3.3854960867782924,4.706
2020-02-03,3.3068915981289018,4.313
2020-02-04,3.0876223754886203,4.05
2020-02-05,2.907642582696939,3.579
2020-02-06,2.8059240841837374,3.251
2020-02-07,2.817100500166123,3.036
2020-02-08,4.204532840111389,3.196
2020-02-09,4.904789792345742,29.73
2020-02-10,4.535466046483491,8.582
2020-02-11,3.994891911263682,6.29
2020-02-12,4.5964064530160815,6.655
2020-02-13,3.78303135795243,11.16
2020-02-14,3.6845007163484094,5.923
2020-02-15,6.992290333450624,34.68
2020-02-16,5.526826542578867,24.0
2020-02-17,4.860644074685591,9.339
2020-02-18,4.793424517421013,7.308
2020-02-19,4.7623712036254435,7.849
2020-02-20,5.1266694413985485,16.2
2020-02-21,4.828214581565597,8.198
2020-02-22,6.464481086112046,16.51
2020-02-23,6.318575883035965,28.59
2020-02-24,5.48087468578152,25.66
2020-02-25,5.646259378248578,10.61
2020-02-26,5.185351979596818,12.2
2020-02-27,4.828527611914098,8.925
2020-02-28,5.830080456931352,19.9
2020-02-29,5.009700324605422,19.74
2020-03-01,4.309669901873475,8.948
2020-03-02,4.190638253952209,6.785
2020-03-03,4.08479561748841,7.171
2020-03-04,3.7276837672108174,5.925
2020-03-05,3.5289891582899973,5.215
2020-03-06,3.383137759112539,4.693
2020-03-07,4.083239077679206,4.369
2020-03-08,3.9020935101209324,5.268
2020-03-09,5.615104354624358,18.06
2020-03-10,4.575513748740222,20.61
2020-03-11,4.420339680147892,7.816
2020-03-12,4.158809145343998,6.23
2020-03-13,4.078917201608909,5.81
2020-03-14,4.287495779220357,5.694
2020-03-15,3.9209461064657742,6.9
2020-03-16,3.662539866646789,5.368
2020-03-17,3.8039738980831777,4.75
2020-03-18,3.643806123422253,4.666
2020-03-19,3.4505272339767923,4.24
2020-03-20,3.3410279813606776,3.845
2020-03-21,3.255786402695604,3.539
2020-03-22,3.1885797115228134,3.303
2020-03-23,3.133842338821708,3.144
2020-03-24,3.0891557284594873,3.014
2020-03-25,3.0522065537071508,2.887
2020-03-26,3.0212517515721307,2.752
2020-03-27,2.99491166382966,2.62
2020-03-28,2.9720986572786323,2.492
2020-03-29,2.9519389007617955,2.386
2020-03-30,2.9344518396124943,2.302
2020-03-31,2.9170780678891752,2.238
2020-04-01,2.9014916928473826,2.186
2020-04-02,2.8863975612226693,2.131
2020-04-03,2.8714980811951913,2.067
2020-04-04,2.8569945277750586,2.006
2020-04-05,2.8431682660473947,1.948
2020-04-06,2.8282281299708685,1.905
2020-04-07,2.8134220560474428,1.863
2020-04-08,2.7985162283790506,1.838
2020-04-09,2.7833476984981695,1.802
2020-04-10,2.7678706934302144,1.769
2020-04-11,2.7520607021059393,1.735
2020-04-12,2.736711217409314,1.703
2020-04-13,2.719488301569797,1.666
2020-04-14,2.70255170510279,1.618
2020-04-15,2.6853383434482585,1.58
2020-04-16,2.6677929437404093,1.536
2020-04-17,2.6504888863698133,1.503
2020-04-18,2.632679040029609,1.499
2020-04-19,2.6133353494070892,1.444
2020-04-20,2.5944513649580316,1.398
2020-04-21,2.575375569510442,1.361
2020-04-22,2.556048109141608,1.306
2020-04-23,2.536475442764841,1.275
2020-04-24,2.5166725262664307,1.241
2020-04-25,2.4966540589008415,1.206
2020-04-26,2.4766338654297697,1.187
2020-04-27,2.456137019118129,1.162
2020-04-28,2.497478440011056,1.168
2020-04-29,2.43453515061714,1.192
2020-04-30,2.4677856163853487,1.177
2020-05-01,2.3888412059703548,1.231
2020-05-02,2.356995151914603,1.167
2020-05-03,2.3339489016917807,1.105
2020-05-04,2.3119255518889905,1.066
2020-05-05,2.290054887182927,1.019
2020-05-06,2.2682283779720396,0.982
2020-05-07,2.2464257807393593,0.952
2020-05-08,2.2246393293576308,0.93
2020-05-09,2.365842934802958,0.928
2020-05-10,2.2031864000023282,1.048
2020-05-11,2.165098382340161,0.938
2020-05-12,2.1410076126685014,0.903
2020-05-13,2.118495997138788,0.879
2020-05-14,2.0963478645402014,0.848
2020-05-15,2.0743491087211923,0.827
2020-05-16,2.052464463183562,0.812
2020-05-17,2.0306824977010693,0.797
2020-05-18,2.0090100707973253,0.784
2020-05-19,1.987400304424267,0.775
2020-05-20,1.9658918550768747,0.762
2020-05-21,1.9456147401036954,0.748
2020-05-22,1.9233944596478518,0.74
2020-05-23,1.9021709066968857,0.722
2020-05-24,1.8808107236249667,0.718
2020-05-25,1.85970713573664,0.706
2020-05-26,1.8387454282728777,0.701
2020-05-27,1.8178894224421644,0.694
2020-05-28,1.7971375772455391,0.687
2020-05-29,1.776491943439895,0.655
2020-05-30,1.7559573536945252,0.639
2020-05-31,1.7355348233181138,0.63
2020-06-01,1.7152292943412872,0.62
2020-06-02,1.6958474134804982,0.616
2020-06-03,1.6755071636605954,0.626
2020-06-04,1.6693218311607567,0.64
2020-06-05,1.808010061582526,0.647
2020-06-06,1.7313631351362015,0.846
2020-06-07,1.6165401819428311,0.787
2020-06-08,1.5846126774248208,0.714
2020-06-09,1.5639307912546694,0.671
2020-06-10,1.543557528949238,0.658
2020-06-11,1.559650151283203,0.686
2020-06-12,1.5099656584325043,0.692
2020-06-13,1.4870372459351417,0.681
2020-06-14,1.4674358610853957,0.648
2020-06-15,1.4488985969635706,0.622
2020-06-16,1.53818471917385,0.625
2020-06-17,1.629367341853611,0.814
2020-06-18,1.6281299618211058,1.566
2020-06-19,1.5734015918460964,1.65
2020-06-20,1.541235925452925,1.278
2020-06-21,1.3852186746390014,1.287
2020-06-22,1.346720996780515,1.044
2020-06-23,1.3235754489801583,0.86
2020-06-24,1.3030332054133666,0.765
2020-06-25,1.2835326726852374,0.704
2020-06-26,1.2662419766885433,0.669
2020-06-27,1.3322353525260928,0.691
2020-06-28,1.24208643206101,0.67
2020-06-29,1.2162209377445643,0.638
2020-06-30,1.1978151286895957,0.636
2020-07-01,1.282344719117222,0.697
2020-07-02,1.181254718038345,0.701
2020-07-03,1.203194011182662,0.734
2020-07-04,1.142446347512108,0.869
2020-07-05,1.1308447182438242,0.85
2020-07-06,1.1064095173910304,0.827
2020-07-07,1.2918684761254553,0.954
2020-07-08,1.3799866595146837,4.912
2020-07-09,1.3318860881118872,11.86
2020-07-10,1.215250534608514,3.513
2020-07-11,1.077454428870839,2.415
2020-07-12,1.0442537665245812,1.888
2020-07-13,1.0239590288337113,1.51
2020-07-14,1.0065825923156686,1.317
2020-07-15,0.9898469371855553,1.229
2020-07-16,0.9731125810004633,1.208
2020-07-17,0.9578857256321724,1.12
2020-07-18,0.956291131227837,1.039
2020-07-19,0.9315772395891443,0.991
2020-07-20,0.916437844458004,0.908
2020-07-21,0.9027225169546294,0.857
2020-07-22,0.8896361178175662,0.818
2020-07-23,0.8868527013562724,0.812
2020-07-24,0.8901767670922791,0.812
2020-07-25,0.8601826745500852,0.838
2020-07-26,0.910240977221472,0.817
2020-07-27,0.9598034327958349,1.231
2020-07-28,0.8364213238813876,1.348
2020-07-29,0.8112094363876182,1.085
2020-07-30,0.7974006218069098,0.933
2020-07-31,0.7852980056115961,0.817
2020-08-01,0.7738649871740669,0.758
2020-08-02,0.7620981006563293,0.723
2020-08-03,0.75103076214547,0.69
2020-08-04,0.7403046585144438,0.675
2020-08-05,0.7292975547523828,0.677
2020-08-06,0.7184574432500365,0.654
2020-08-07,0.7080401028648846,0.62
2020-08-08,0.6977524702459327,0.597
2020-08-09,0.687647880677448,0.584
2020-08-10,0.6779762957449491,0.576
2020-08-11,0.875409783374162,0.728
2020-08-12,0.7996355839358024,1.486
2020-08-13,0.6701207258766422,0.959
2020-08-14,0.646260168159372,0.8
2020-08-15,0.6351897322782724,0.726
2020-08-16,0.8273477602671654,1.001
2020-08-17,0.7786648866628696,1.545
2020-08-18,0.6313470743668508,1.477
2020-08-19,0.8068960892682983,2.28
2020-08-20,0.6531520995054378,3.117
2020-08-21,0.5952480322351299,1.903
2020-08-22,0.6788993691840244,1.52
2020-08-23,0.6991199959737081,2.265
2020-08-24,0.8636192140355508,2.415
2020-08-25,1.1574104754291825,39.27
2020-08-26,1.003215617959407,21.2
2020-08-27,1.5151791493398634,8.105
2020-08-28,1.5956073347760025,10.66
2020-08-29,1.2367948701501341,6.448
2020-08-30,0.9557956938768193,4.385
2020-08-31,0.8512575396527823,3.381
2020-09-01,0.7803851984240057,2.824
2020-09-02,1.4539747661056068,2.563
2020-09-03,0.9768407252442566,3.393
2020-09-04,0.8505170810418237,2.694
2020-09-05,0.7804083592891286,2.329
2020-09-06,0.7389339605555253,2.098
2020-09-07,0.6984263770332829,1.928
2020-09-08,0.660221716003898,1.91
2020-09-09,0.6114574939496704,1.889
2020-09-10,0.5851054835547375,1.765
2020-09-11,0.5651975817291385,1.594
2020-09-12,0.5482648321162651,1.463
2020-09-13,0.5342690106672906,1.368
2020-09-14,0.5224299697570831,1.297
2020-09-15,0.5122997967672362,1.235
2020-09-16,0.5034786410473782,1.183
2020-09-17,0.49573183820935185,1.146
2020-09-18,0.488826154946304,1.106
2020-09-19,0.48258377796834573,1.066
2020-09-20,0.47686389848817556,1.033
2020-09-21,0.47155704002322385,1.011
2020-09-22,0.4674684045656712,0.992
2020-09-23,0.5537709211977265,1.017
2020-09-24,0.4700192610071845,1.046
2020-09-25,0.4564018314005806,0.98
2020-09-26,0.4505005495267649,0.936
2020-09-27,0.445857068939145,0.909
2020-09-28,0.44204165797651834,0.89
2020-09-29,0.4376463678233994,0.874
2020-09-30,0.6073047804639637,0.99
2020-10-01,0.45185901540776496,1.065
2020-10-02,0.5158588259044613,0.967
2020-10-03,0.6560400537317018,3.107
2020-10-04,0.8966196124967881,5.59
2020-10-05,1.865570520400209,8.58
2020-10-06,1.8364905155571039,7.373
2020-10-07,2.9691643855275056,10.82
2020-10-08,2.0268306329991885,19.21
2020-10-09,2.8135455125836435,6.874
2020-10-10,2.338620802178451,16.34
2020-10-11,1.8867717294362605,6.479
2020-10-12,1.8551598472137467,5.541
2020-10-13,1.8187084041625257,5.118
2020-10-14,1.4209672180952757,4.411
2020-10-15,1.2315580436866043,3.722
2020-10-16,1.0840790418578234,3.245
2020-10-17,0.9866005798258374,2.932
2020-10-18,0.892451119576822,2.72
2020-10-19,1.01024457593003,2.569
2020-10-20,0.9308824145350829,2.493
2020-10-21,0.892853420865116,2.443
2020-10-22,0.819856627361978,2.338
2020-10-23,0.832205079502028,2.233
2020-10-24,1.250544451364065,2.303
2020-10-25,0.9921083084972364,2.548
2020-10-26,1.1976301762898247,2.451
2020-10-27,1.5225142311278432,4.251
2020-10-28,1.3065894458937288,4.082
2020-10-29,1.821142443073932,6.337
2020-10-30,1.467381854291298,5.161
2020-10-31,1.6352571599578885,6.201
2020-11-01,2.307498729648497,5.977
2020-11-02,1.6996628373461562,8.722
2020-11-03,1.825932379443325,6.645
2020-11-04,1.4507284918511292,5.415
2020-11-05,1.2857129002389356,4.363
2020-11-06,1.173076634078158,3.768
2020-11-07,1.0864014578667682,3.335
2020-11-08,1.217432206739966,3.041
2020-11-09,1.1525053547799817,3.0
2020-11-10,1.0462441189602192,2.861
2020-11-11,1.3204574934440598,2.759
2020-11-12,1.3984341647073464,3.31
2020-11-13,1.236684163222901,3.58
2020-11-14,1.5627846798430407,4.22
2020-11-15,2.085330268222041,7.263
2020-11-16,1.8497753588758505,7.099
2020-11-17,1.482684047000569,5.823
2020-11-18,2.493077547857231,5.004
2020-11-19,1.7917036156375195,9.52
2020-11-20,1.7903965657181151,5.955
2020-11-21,1.8973795000989337,5.422
2020-11-22,1.5459420382177833,4.732
2020-11-23,1.3984148089490793,4.025
2020-11-24,1.5354606243251425,3.616
2020-11-25,1.4627031361269198,3.564
2020-11-26,1.2988451149695317,3.265
2020-11-27,1.325858787491181,2.971
2020-11-28,1.4609356056900014,2.989
2020-11-29,1.2698123248447095,3.018
2020-11-30,1.5211031407727431,3.447
2020-12-01,1.298724878780044,3.397
2020-12-02,1.4956039858644112,3.023
2020-12-03,2.0243339494821484,4.359
2020-12-04,2.981142243005193,5.752
2020-12-05,2.42399764077464,7.464
2020-12-06,1.9906309711477401,6.005
2020-12-07,1.79031193313014,4.904
2020-12-08,2.968742770037038,8.583
2020-12-09,2.3165452970421287,9.555
2020-12-10,2.6170360938563464,7.595
2020-12-11,2.6929085055000623,10.17
2020-12-12,2.579222370855983,8.938
2020-12-13,3.4983620271370057,20.96
2020-12-14,2.620391791234062,10.94
2020-12-15,2.5275429337293644,6.855
2020-12-16,2.886347591248095,11.58
2020-12-17,2.8233497106908967,7.688
2020-12-18,3.747492163778032,17.57
2020-12-19,3.096580810291321,18.66
2020-12-20,2.8767042551757385,9.402
2020-12-21,3.7007632519826297,15.44
2020-12-22,3.5186865029453442,11.81
2020-12-23,3.2491129880458836,11.96
2020-12-24,2.6506495186556203,7.845
2020-12-25,2.4200303095498525,6.234
2020-12-26,4.117171079474814,12.25
2020-12-27,3.2933414532418537,13.02
2020-12-28,2.887885928096592,7.115
2020-12-29,2.8095868141146303,5.863
2020-12-30,2.4358722749940984,5.134
2020-12-31,2.2414764829527156,4.601
2021-01-01,2.099606246677103,4.293
2021-01-02,2.2024931917503965,4.029
2021-01-03,2.1982074354561245,4.066
2021-01-04,2.093604465835451,3.988
2021-01-05,1.9624779668875678,3.722
2021-01-06,1.8804419237655075,3.456
2021-01-07,1.8736569253136768,3.218
2021-01-08,1.8227580511244468,3.087
2021-01-09,1.7754057704106925,2.984
2021-01-10,1.7575594827596641,2.889
2021-01-11,4.043228961854302,12.83
2021-01-12,3.106237430797465,11.15
2021-01-13,5.862158310859159,23.29
2021-01-14,4.544080269597975,29.77
2021-01-15,4.903977017959619,9.5
2021-01-16,4.170372477622515,21.99
2021-01-17,3.658318115733056,9.496
2021-01-18,5.598170888954418,15.44
2021-01-19,6.228818507476032,31.53
2021-01-20,7.557844042952634,52.44
2021-01-21,5.641799229680716,21.53
2021-01-22,4.964586837908657,11.38
2021-01-23,4.631945868188847,8.279
2021-01-24,4.203169062310107,6.787
2021-01-25,3.847046663503579,5.939
2021-01-26,4.1204984417375154,7.937
2021-01-27,5.778755118277578,17.41
2021-01-28,5.34604917144925,36.08
2021-01-29,4.579143264884515,15.43
2021-01-30,4.172808265571091,9.265
2021-01-31,3.814536926646396,7.026
2021-02-01,4.605657142546364,6.016
2021-02-02,5.074130167745278,19.94
2021-02-03,4.414258473144165,14.58
2021-02-04,4.11666451001181,8.573
2021-02-05,4.046175291604538,7.317
2021-02-06,4.568640928404014,8.684
2021-02-07,3.7900257317920114,7.464
2021-02-08,3.6008043662703217,5.97
2021-02-09,3.4103584734507697,5.334
2021-02-10,3.2426166299905215,4.819
2021-02-11,3.1033598021609192,4.413
2021-02-12,3.004645788109778,4.068
2021-02-13,2.930296225318848,3.765
2021-02-14,3.515388601170437,3.914
2021-02-15,3.323269460774213,5.331
2021-02-16,3.8329388095733594,5.852
2021-02-17,4.048652338605669,6.885
2021-02-18,3.5156967735157356,7.908
2021-02-19,3.4730553487254783,5.537
2021-02-20,3.4256567201482304,5.439
2021-02-21,3.598065439557506,5.047
2021-02-22,3.3002394059485978,4.886
2021-02-23,3.2008222422539143,4.364
2021-02-24,3.2069024237625596,4.059
2021-02-25,3.071598292276293,3.838
2021-02-26,3.0037885862807574,3.497
2021-02-27,2.9508215900974233,3.301
2021-02-28,2.910271740691834,3.155
2021-03-01,2.8757914199304553,3.037
2021-03-02,2.847391305364863,2.927
2021-03-03,2.835267158202055,2.83
2021-03-04,2.8101607565370665,2.733
2021-03-05,2.7877801819085968,2.615
2021-03-06,2.7719668166179114,2.505
2021-03-07,2.7582818792527943,2.41
2021-03-08,2.7473428857180204,2.329
2021-03-09,2.983504484727352,2.262
2021-03-10,3.774007124946605,3.343
2021-03-11,3.887400111757032,7.049
2021-03-12,4.336940869399507,6.55
2021-03-13,4.081056496982844,10.26
2021-03-14,4.569092852067211,14.24
2021-03-15,4.079306832281597,7.773
2021-03-16,3.679779771898517,5.98
2021-03-17,3.4542465954192636,4.816
2021-03-18,3.299463491649927,4.144
2021-03-19,3.171765778551535,3.643
2021-03-20,3.0688406896580767,3.285
2021-03-21,2.985838607352333,3.042
2021-03-22,2.917111919519525,2.86
2021-03-23,2.9482447879956584,2.711
2021-03-24,2.8530791758118346,2.585
2021-03-25,2.8153838927338173,2.46
2021-03-26,2.9224273202978877,2.411
2021-03-27,2.914058561106729,2.304
2021-03-28,2.815825610245122,2.236
2021-03-29,2.7408921407926816,2.167
2021-03-30,2.6997933735724806,2.034
2021-03-31,2.666590086749496,1.934
2021-04-01,2.637350776805269,1.855
2021-04-02,2.6109506994986567,1.769
2021-04-03,2.586723038822972,1.686
2021-04-04,2.564457717188052,1.658
2021-04-05,2.542850470536624,1.605
2021-04-06,2.522832370223668,1.561
2021-04-07,2.5029058546031555,1.515
2021-04-08,2.4840454955338487,1.477
2021-04-09,2.464914216998431,1.449
2021-04-10,2.5492187568041746,1.46
2021-04-11,2.441137596013826,1.46
2021-04-12,2.4121432037417945,1.41
2021-04-13,2.3921307843355613,1.362
2021-04-14,2.373145953566472,1.328
2021-04-15,2.35427008616271,1.291
2021-04-16,2.3353728145086063,1.262
2021-04-17,2.316420545325042,1.22
2021-04-18,2.2973959009569933,1.187
2021-04-19,2.278288366407095,1.16
2021-04-20,2.259121319396869,1.136
2021-04-21,2.2398098096654304,1.106
2021-04-22,2.2204301980663814,1.077
2021-04-23,2.2009666272536426,1.056
2021-04-24,2.1814208686831624,1.039
2021-04-25,2.161798581317546,1.025
2021-04-26,2.142107756757807,1.027
2021-04-27,2.2399834776965397,1.127
2021-04-28,2.1184910129130246,1.129
2021-04-29,2.0872418180654457,1.056
2021-04-30,2.065668423525512,1.03
2021-05-01,2.0451125612420937,1.005
2021-05-02,2.024668407804852,0.971
2021-05-03,2.2176904982048486,1.617
2021-05-04,2.213015748578572,2.649
2021-05-05,2.171470911848623,2.583
2021-05-06,2.042325889199368,2.104
2021-05-07,2.1718559848794277,2.106
2021-05-08,2.2460024358526414,14.22
2021-05-09,2.0556763345227087,7.117
2021-05-10,1.9928228267387949,4.12
2021-05-11,2.883307798961789,9.557
2021-05-12,2.3211506563077555,5.759
2021-05-13,2.1493000860295655,3.94
2021-05-14,2.0685189914338546,3.23
2021-05-15,2.0271281370755334,2.874
2021-05-16,2.0226193025835726,2.727
2021-05-17,2.177343756349102,2.887
2021-05-18,1.993758069139142,2.793
2021-05-19,1.911253028705644,2.498
2021-05-20,2.334002411218029,2.526
2021-05-21,3.312646765768725,16.87
2021-05-22,2.5873953215655345,6.756
2021-05-23,2.9657699949580976,6.478
2021-05-24,3.292305266830086,7.657
2021-05-25,2.886724288455454,8.228
2021-05-26,2.507063543206557,6.417
2021-05-27,2.305349665481128,4.711
2021-05-28,2.161066813463171,3.922
2021-05-29,2.0443634747931747,3.415
2021-05-30,1.9495945858402373,3.099
2021-05-31,1.871786873108862,2.884
2021-06-01,1.8074039140634344,2.674
2021-06-02,1.7537387279402665,2.468
2021-06-03,1.7085298848525559,2.295
2021-06-04,1.6701191302630232,2.153
2021-06-05,1.638720603184944,2.034
2021-06-06,1.6086957586294988,1.997
2021-06-07,1.583063884232465,1.904
2021-06-08,1.5603851841305243,1.823
2021-06-09,1.5398686474864207,1.756
2021-06-10,1.5210358091903091,1.704
2021-06-11,1.5035284882892332,1.653
2021-06-12,1.4870657478508345,1.594
2021-06-13,1.4714222330585596,1.55
2021-06-14,1.456417156679151,1.51
2021-06-15,1.441910748273594,1.461
2021-06-16,1.428310905703519,1.411
2021-06-17,1.4140317426068285,1.382
2021-06-18,1.4012793370242242,1.354
2021-06-19,1.4069067674265576,1.333
2021-06-20,1.3773017866381967,1.335
2021-06-21,1.362079851223491,1.268
2021-06-22,1.3485258258638946,1.202
2021-06-23,1.3361729740993775,1.154
2021-06-24,1.3420533273497222,1.143
2021-06-25,1.3133047595170657,1.163
2021-06-26,1.2976982122861749,1.113
2021-06-27,1.2842380604881856,1.068
2021-06-28,1.34465072903587,1.103
2021-06-29,1.2684900707415518,1.093
2021-06-30,1.2480914810341288,1.011
2021-07-01,1.2340000260799096,0.98
2021-07-02,1.2217165445313924,0.951
2021-07-03,1.2614891955684613,1.053
2021-07-04,1.4100588295347505,1.138
2021-07-05,1.4150239895958225,1.296
2021-07-06,1.4124115690850614,1.708
2021-07-07,1.2438667611966951,1.942
2021-07-08,1.1702731703812672,1.622
2021-07-09,1.1482487553919287,1.3
2021-07-10,1.1317808954745205,1.172
2021-07-11,1.117925511243916,1.099
2021-07-12,1.1188554246659062,1.272
2021-07-13,1.092064393451956,1.28
2021-07-14,1.0769708992831848,1.094
2021-07-15,1.0634992878938743,1.019
2021-07-16,1.0504734684057295,0.976
2021-07-17,1.0377221861308112,0.918
2021-07-18,1.0251938077167104,0.884
2021-07-19,1.012856795765294,0.865
2021-07-20,1.0007128200106152,0.83
2021-07-21,0.9886697242637732,0.802
2021-07-22,1.0435128680766372,1.324
2021-07-23,0.9747685666544168,1.125
2021-07-24,0.9563723979954248,0.905
2021-07-25,0.943725763698043,0.837
2021-07-26,0.9319260118551272,0.801
2021-07-27,0.9875960930570892,0.795
2021-07-28,1.1202384450857057,1.036
2021-07-29,1.0281412935546634,0.936
2021-07-30,1.0143312384595362,1.141
2021-07-31,0.8994822258111541,1.138
2021-08-01,0.8748583832003701,1.005
2021-08-02,0.8609001188776586,0.902
2021-08-03,0.848768130904255,0.832
2021-08-04,0.8383295512049092,0.802
2021-08-05,1.022540936443696,0.986
2021-08-06,0.857806865616565,1.593
2021-08-07,1.0148430010526475,1.587
2021-08-08,1.0028550942606052,3.162
2021-08-09,0.8273933393778287,2.916
2021-08-10,0.7939229201964374,1.977
2021-08-11,0.7787740304722331,1.573
2021-08-12,0.7652049104047373,1.37
2021-08-13,0.7530317503949947,1.207
2021-08-14,0.7417366464560519,1.121
2021-08-15,0.731197726057902,1.073
2021-08-16,0.7659287508446857,1.049
2021-08-17,0.7405221044442831,1.132
2021-08-18,0.7058272980211655,1.225
2021-08-19,0.6931061817766337,1.177
2021-08-20,0.6827065829543487,1.111
2021-08-21,0.8762039747627913,1.285
2021-08-22,0.7279362266407391,2.195
2021-08-23,0.6656063153017865,1.656
2021-08-24,0.6498423178113161,1.313
2021-08-25,0.6395618262166606,1.167
2021-08-26,0.630159016445583,1.054
2021-08-27,0.6210825539717876,0.986
2021-08-28,0.6122412036987692,0.933
2021-08-29,0.6036012114595517,0.887
2021-08-30,0.5952252395527228,0.845
2021-08-31,0.5868761745876946,0.827
2021-09-01,0.5786798999685605,0.804
2021-09-02,0.5706373251896092,0.787
2021-09-03,0.5627530291285078,0.771
2021-09-04,0.5549121837716781,0.765
2021-09-05,0.5472156635238004,0.754
2021-09-06,0.5396243646860288,0.744
2021-09-07,0.5321227742184791,0.727
2021-09-08,0.5247423601217973,0.707
2021-09-09,0.6598260086746432,1.03
2021-09-10,0.5399673982949067,1.1
2021-09-11,0.510012188986851,0.923
2021-09-12,0.5079504709120297,0.836
2021-09-13,0.4944560555238477,0.823
2021-09-14,0.4857603716194642,0.827
2021-09-15,0.4779564122118799,0.784
2021-09-16,0.4707561848073364,0.752
2021-09-17,0.4637707855396667,0.735
2021-09-18,0.47570670516092733,0.719
2021-09-19,0.4534065199758552,0.706
2021-09-20,0.4449014351736999,0.692
2021-09-21,0.4380516469274752,0.669
2021-09-22,0.4315748991018726,0.669
2021-09-23,0.4251828287326939,0.658
2021-09-24,0.41921692797542215,0.637
2021-09-25,0.41299119444674187,0.634
2021-09-26,0.612437573194277,0.637
2021-09-27,0.5278642434199194,1.154
2021-09-28,0.6204737599315134,1.511
2021-09-29,0.6175119102572421,2.179
2021-09-30,0.6592614107513111,2.333
2021-10-01,0.5080415927570883,6.039
2021-10-02,0.6376559982710563,6.203
2021-10-03,0.4603322274747088,4.247
2021-10-04,0.601912928495289,3.305
2021-10-05,0.6400563623181522,6.136
2021-10-06,0.4272448729669922,4.694
2021-10-07,0.3910410414324042,3.413
2021-10-08,0.37632440019894153,2.908
2021-10-09,0.36608185995296455,2.551
2021-10-10,0.35584527775847247,2.26
2021-10-11,0.3473294897266,1.994
2021-10-12,0.41094517894683097,1.873
2021-10-13,0.3425811311893064,1.88
2021-10-14,0.3351504738298127,1.742
2021-10-15,0.32332095250669063,1.648
2021-10-16,0.4139741868157166,1.549
2021-10-17,0.325285000172991,1.867
2021-10-18,0.4504837045261111,1.881
2021-10-19,0.36545655699151613,2.626
2021-10-20,0.45123073608725606,3.322
2021-10-21,0.4301988259525593,3.338
2021-10-22,0.3709863220286183,2.868
2021-10-23,0.343107486568045,2.659
2021-10-24,0.3656353734905124,2.388
2021-10-25,0.33199504654140116,2.263
2021-10-26,0.3142022539337806,2.115
2021-10-27,0.3022645440480465,1.963
2021-10-28,0.5138691101858935,4.698
2021-10-29,1.0252898609522723,11.25
2021-10-30,1.4129479455599085,7.385
2021-10-31,2.2237764678629,24.47
2021-11-01,2.4538717252950906,20.4
2021-11-02,1.7513341317326092,7.854
2021-11-03,1.325420823370701,5.198
2021-11-04,1.0700229940141888,4.099
2021-11-05,0.9438905394245868,3.484
2021-11-06,0.9356452254201066,3.165
2021-11-07,0.7684723216186476,2.913
2021-11-08,0.6927562599473419,2.674
2021-11-09,0.8043671172041682,2.516
2021-11-10,0.6613931061919989,2.415
2021-11-11,0.7022046739311365,2.32
2021-11-12,1.1296989624550002,2.305
2021-11-13,0.775460189001422,2.855
2021-11-14,0.6735927581021711,2.569
2021-11-15,0.6313565233794328,2.365
2021-11-16,0.6912083116535811,2.245
2021-11-17,0.5909211307375583,2.166
2021-11-18,0.5525869063470268,2.056
2021-11-19,0.5124921374231565,1.957
2021-11-20,0.5711407812915003,1.865
2021-11-21,0.5085617699530296,1.79
2021-11-22,0.4862421658298385,1.69
2021-11-23,0.47259633106925175,1.625
2021-11-24,0.4569568247944132,1.578
2021-11-25,1.0376417264054014,1.531
2021-11-26,2.8753605788774705,2.876
2021-11-27,1.8230740676706119,6.895
2021-11-28,1.762340700255706,4.155
2021-11-29,1.873524934263831,13.53
2021-11-30,2.122720243220526,26.68
2021-12-01,2.0147571805466518,15.18
2021-12-02,1.832198920816,6.882
2021-12-03,1.7269214517574898,7.509
2021-12-04,3.5925864658382314,28.55
2021-12-05,2.5079846942093185,13.88
2021-12-06,2.9762667220435146,11.02
2021-12-07,3.3178645005758014,15.7
2021-12-08,4.544875972471626,41.07
2021-12-09,4.144746321333177,23.51
2021-12-10,3.398410841973973,18.59
2021-12-11,3.381816095969873,10.4
2021-12-12,2.822414200505686,11.15
2021-12-13,2.8148012467446897,8.268
2021-12-14,2.189453976380993,7.236
2021-12-15,1.9097762792286115,5.699
2021-12-16,1.7075896764371763,4.914
2021-12-17,1.5637282743615708,4.403
2021-12-18,1.4439223669658645,4.046
2021-12-19,1.3540554347739728,3.742
2021-12-20,1.2761937687661897,3.49
2021-12-21,1.2209607649891825,3.257
2021-12-22,1.7134457766206073,3.132
2021-12-23,1.4856261097770718,3.478
2021-12-24,2.258921212734081,3.447
2021-12-25,2.9579246304086855,7.216
2021-12-26,2.2226799429988344,10.87
2021-12-27,3.0694794024738603,6.736
2021-12-28,2.6154215508085428,13.83
2021-12-29,2.655330005070747,8.455
2021-12-30,2.564146534235205,8.197
2021-12-31,2.1265844325427428,6.5
2022-01-01,2.4225445946170474,5.321
2022-01-02,2.243328427732051,5.843
2022-01-03,2.1741196837970533,5.01
2022-01-04,1.9826268583501712,4.574
2022-01-05,1.8122940907207108,4.103
2022-01-06,2.189584093064927,4.203
2022-01-07,2.7062147995237638,4.516
2022-01-08,3.163417117044093,17.17
2022-01-09,2.3875273601654223,8.324
2022-01-10,2.475565447973134,5.752
2022-01-11,2.1422162602394668,5.736
2022-01-12,1.985081117576081,4.707
2022-01-13,1.8769900106443247,4.221
2022-01-14,1.7916470302751881,3.836
2022-01-15,1.7379291597328292,3.528
2022-01-16,1.6835485943852335,3.305
2022-01-17,1.634459953407194,3.1
2022-01-18,1.6838255385626817,2.957
2022-01-19,1.6737709222352968,2.861
2022-01-20,1.6191697779856336,2.756
2022-01-21,1.5929191066118635,2.639
2022-01-22,1.5744300278493686,2.53
2022-01-23,1.5587943424015689,2.429
2022-01-24,1.547743703768783,2.326
2022-01-25,1.5393324477243102,2.231
2022-01-26,1.732488914127952,2.145
2022-01-27,1.6161143368595967,2.189
2022-01-28,1.5848590278523853,2.132
2022-01-29,1.5801458445869883,2.033
2022-01-30,1.8834767423223646,1.979
2022-01-31,2.1721519302940564,2.056
2022-02-01,2.1908877538708103,2.782
2022-02-02,1.9118170560238479,3.614
2022-02-03,2.2850514592642663,2.943
2022-02-04,2.236266647089059,3.52
2022-02-05,4.392072486456739,11.84
2022-02-06,3.469703311042565,23.86
2022-02-07,3.051711532315516,7.208
2022-02-08,2.9820027244876357,5.36
2022-02-09,2.5130626669019125,5.071
2022-02-10,2.3321685316296383,4.163
2022-02-11,2.161477535157167,3.654
2022-02-12,2.818297237390304,3.592
2022-02-13,3.5703522487999875,13.88
2022-02-14,3.74531733325153,15.49
2022-02-15,3.437950895363058,12.76
2022-02-16,3.488028230189298,10.01
2022-02-17,4.437069410502476,8.201
2022-02-18,4.2178451819608345,24.92
2022-02-19,5.354810554480633,17.82
2022-02-20,5.967866854309949,40.74
2022-02-21,4.877506729781873,20.6
2022-02-22,4.454008655851305,11.96
2022-02-23,4.425774145731969,8.179
2022-02-24,4.048139959924054,8.797
2022-02-25,3.394450771575143,6.918
2022-02-26,3.0592323463471387,5.722
2022-02-27,2.851697544277969,5.011
2022-02-28,3.8041300017556905,6.463
2022-03-01,3.1674002357130613,5.614
2022-03-02,3.182289991625023,5.605
2022-03-03,3.926830671287759,7.508
2022-03-04,3.1562681466467635,8.036
2022-03-05,2.8722765327867874,5.553
2022-03-06,2.6970164816974904,4.827
2022-03-07,2.569543533226818,4.378
2022-03-08,2.4699314788076876,3.991
2022-03-09,2.39436141850479,3.657
2022-03-10,2.3308186537788638,3.41
2022-03-11,2.821104667258371,3.34
2022-03-12,2.6840434690218973,3.678
2022-03-13,2.4800217665448216,3.392
2022-03-14,2.3887488317795973,3.166
2022-03-15,2.3424963511050745,2.985
2022-03-16,3.1042137838637847,3.385
2022-03-17,2.5910580015997127,3.744
2022-03-18,2.4629541716011785,3.197
2022-03-19,2.3919525429655266,2.991
2022-03-20,2.3385231175505328,2.846
2022-03-21,2.2958905293895677,2.71
2022-03-22,2.2614161076880577,2.579
2022-03-23,2.2331665221450816,2.454
2022-03-24,2.209830940951968,2.346
2022-03-25,2.19026314845619,2.245
2022-03-26,2.173572103532468,2.158
2022-03-27,2.1590565193736815,2.095
2022-03-28,2.146162162115924,2.045
2022-03-29,2.1344874024037197,1.996
2022-03-30,2.1242446840297013,1.957
2022-03-31,2.1135785635067967,1.913
2022-04-01,2.103484937145534,1.86
2022-04-02,2.093488762265205,1.812
2022-04-03,2.1611646160346827,1.772
2022-04-04,2.273087790323376,2.182
2022-04-05,2.1197512502600544,6.328
2022-04-06,2.2747734652601923,5.772
2022-04-07,2.3971875165843413,10.95
2022-04-08,2.2169579681347598,4.993
2022-04-09,2.145027815773654,3.607
2022-04-10,2.0984896240087334,3.014
2022-04-11,2.0911321556992397,2.728
2022-04-12,2.29048677900178,2.76
2022-04-13,2.1151570795525645,3.11
2022-04-14,2.0611221243913387,2.704
2022-04-15,2.0301060768687686,2.503
2022-04-16,2.0043417003151163,2.344
2022-04-17,1.9816463909806064,2.201
2022-04-18,1.960416367200671,2.08
2022-04-19,1.94076796241741,1.973
2022-04-20,1.9221461191710878,1.886
2022-04-21,1.904566635162204,1.806
2022-04-22,1.8876810951240575,1.741
2022-04-23,1.8713041889225164,1.689
2022-04-24,1.855302026068552,1.633
2022-04-25,1.8395708630163423,1.587
2022-04-26,1.8240303833381926,1.547
2022-04-27,1.8086187420943363,1.501
2022-04-28,1.7932881328643442,1.464
2022-04-29,1.7780028169942514,1.42
2022-04-30,1.763582660058333,1.377
2022-05-01,1.7475702472147165,1.358
2022-05-02,1.7933214222078253,1.34
2022-05-03,1.7536426737208723,1.371
2022-05-04,1.7201902235523165,1.405
2022-05-05,1.6916233040111848,1.368
2022-05-06,1.773231822113801,1.318
2022-05-07,1.6715259175067125,1.377
2022-05-08,1.6456371486537644,1.267
2022-05-09,1.628303306832806,1.205
2022-05-10,1.6815035910070095,1.165
2022-05-11,1.717456673878324,1.569
2022-05-12,1.5980284711322077,1.431
2022-05-13,1.5698345222479715,1.261
2022-05-14,1.552363568538945,1.165
2022-05-15,1.6144216971827436,1.135
2022-05-16,1.5310155763790148,1.226
2022-05-17,1.5073456784392119,1.194
2022-05-18,1.5059439261654217,1.141
2022-05-19,1.47602288532885,1.112
2022-05-20,1.458903181764275,1.055
2022-05-21,1.442159861149829,1.03
2022-05-22,1.4262160802277288,1.002
2022-05-23,1.4668660062973045,0.998
2022-05-24,1.403271661519474,0.999
2022-05-25,1.3824584219781235,0.985
2022-05-26,1.3832977798616635,0.984
2022-05-27,1.3530965156068326,0.966
2022-05-28,1.3359443163694238,0.914
2022-05-29,1.3205031641143554,0.901
2022-05-30,1.306577304935048,0.888
2022-05-31,1.2909652411499979,0.944
2022-06-01,1.2750038636554188,0.963
2022-06-02,1.2599799614349088,0.937
2022-06-03,1.2451483649815567,0.913
2022-06-04,1.3103775084893987,0.898
2022-06-05,1.2280284744205923,0.988
2022-06-06,1.2047115663883612,0.944
2022-06-07,1.2550084555859211,0.942
2022-06-08,1.1931870004341771,1.032
2022-06-09,1.1650110564932603,1.022
2022-06-10,1.1486517065943003,0.949
2022-06-11,1.1339353993604544,0.897
2022-06-12,1.1196407868053424,0.877
2022-06-13,1.1054741597155056,0.87
2022-06-14,1.0915473124437558,0.865
2022-06-15,1.077799586128826,0.851
2022-06-16,1.0642130783708585,0.828
2022-06-17,1.0507854303282578,0.816
2022-06-18,1.0387961169456728,0.824
2022-06-19,1.0244726698972852,0.829
2022-06-20,1.011311917907008,0.814
2022-06-21,0.9983957335517945,0.806
2022-06-22,0.9856167542099741,0.781
2022-06-23,0.9729660518539663,0.757
2022-06-24,0.9608398274531279,0.758
2022-06-25,0.9727288481361942,0.766
2022-06-26,0.9410708147811948,0.745
2022-06-27,0.9263346347939289,0.752
2022-06-28,0.9644770656442017,0.742
2022-06-29,0.9085566121181886,0.792
2022-06-30,1.0247123709324086,0.754
2022-07-01,0.8973963882637732,0.822
2022-07-02,0.8712189300602728,0.764
2022-07-03,0.8572898428201432,0.734
2022-07-04,0.8449886093459855,0.713
2022-07-05,0.8336714928930488,0.701
2022-07-06,0.8219898232202443,0.703
2022-07-07,0.8101683475226142,0.694
2022-07-08,0.7989458456423677,0.677
2022-07-09,0.7878997326339442,0.66
2022-07-10,0.777035618003764,0.647
2022-07-11,0.766328332761762,0.639
2022-07-12,0.7557823810509503,0.627
2022-07-13,0.7453421807683255,0.616
2022-07-14,0.7350476287818052,0.606
2022-07-15,0.7248805808826582,0.604
2022-07-16,0.7148376425390719,0.599
2022-07-17,0.7049157631934095,0.587
2022-07-18,0.695110903132742,0.575
2022-07-19,0.6854228305331979,0.559
2022-07-20,0.6761096439031292,0.548
2022-07-21,0.7384543575699093,0.575
2022-07-22,0.6765609425249555,0.756
2022-07-23,0.6545522752768833,0.692
2022-07-24,0.7201088164436732,0.747
2022-07-25,0.6894246875104467,0.776
2022-07-26,0.6331145226257949,0.744
2022-07-27,0.6186561792899752,0.691
2022-07-28,0.6079580665174913,0.651
2022-07-29,0.5983711542639174,0.63
2022-07-30,0.7507053136938036,0.649
2022-07-31,0.6021761320680059,0.861
2022-08-01,0.6753685508524375,0.756
2022-08-02,0.5806418237620643,0.902
2022-08-03,0.5612096288117081,0.842
2022-08-04,0.5517413312506917,0.703
2022-08-05,0.5423668654026109,0.658
2022-08-06,0.5336354302880284,0.632
2022-08-07,0.5253695431626599,0.604
2022-08-08,0.5173434826188842,0.587
2022-08-09,0.5095132381760391,0.572
2022-08-10,0.501848444931465,0.561
2022-08-11,0.4943394836451051,0.548
2022-08-12,0.4869711812229862,0.535
2022-08-13,0.4797325528961534,0.525
2022-08-14,0.4726164587069682,0.52
2022-08-15,0.46562071080210493,0.521
2022-08-16,0.48297644111514476,0.531
2022-08-17,0.4563366556762744,0.528
2022-08-18,0.448046644075534,0.538
2022-08-19,0.4400414189960951,0.541
2022-08-20,0.4332658319593829,0.519
2022-08-21,0.4272846223575831,0.515
2022-08-22,0.5882680451545658,0.649
2022-08-23,0.43703471604507976,0.83
2022-08-24,0.4140138672767941,0.663
2022-08-25,0.4054343934036628,0.63
2022-08-26,0.3980961502756916,0.595
2022-08-27,0.39148661884658553,0.567
2022-08-28,0.38524087123886214,0.553
2022-08-29,0.3791768442859786,0.538
2022-08-30,0.37326430556212364,0.531
2022-08-31,0.3674726639045285,0.449
2022-09-01,0.3618097565740744,0.44
2022-09-02,0.35627750724766166,0.438
2022-09-03,0.350955242281277,0.437
2022-09-04,0.3929092586852219,0.448
2022-09-05,0.5511276341016356,0.532
2022-09-06,0.3943245865833554,0.707
2022-09-07,0.41982513809517463,0.631
2022-09-08,0.37280837828980495,0.795
2022-09-09,0.34272203502369336,0.793
2022-09-10,0.32489787823055566,0.647
2022-09-11,0.33873743207398593,0.591
2022-09-12,0.36560170008901377,0.689
2022-09-13,0.3147073006856043,0.741
2022-09-14,0.30376059859072313,0.62
2022-09-15,0.2975775472503384,0.558
2022-09-16,0.2921272563182079,0.52
2022-09-17,0.2871464739643404,0.502
2022-09-18,0.321314149769696,0.5
2022-09-19,0.2836190007297813,0.524
2022-09-20,0.27460897588195915,0.516
2022-09-21,0.2695017278778346,0.51
2022-09-22,0.3313087929233671,0.514
2022-09-23,0.2697563157796821,0.531
2022-09-24,0.25887611501692015,0.496
2022-09-25,0.3679682456206788,0.495
2022-09-26,0.3038956870815412,0.645
2022-09-27,0.30567239664192153,0.65
2022-09-28,0.3265624076382193,0.694
2022-09-29,0.2523902308883466,0.751
2022-09-30,0.4445813259876039,1.518
2022-10-01,0.35556096052137337,1.996
2022-10-02,0.2480970126330462,1.186
2022-10-03,0.23164697472756396,0.921
2022-10-04,0.45204045165687795,0.825
2022-10-05,0.41754949118936374,2.025
2022-10-06,0.2607323545590671,1.931
2022-10-07,0.4553387640368521,1.805
2022-10-08,0.26248082111699916,2.088
2022-10-09,0.3612944784916429,1.724
2022-10-10,0.24544496341537517,1.803
2022-10-11,0.22512160928153663,1.473
2022-10-12,0.23148337092060745,1.275
2022-10-13,0.21269424813635804,1.173
2022-10-14,0.3771262368539433,1.123
2022-10-15,0.22380647999198547,1.747
2022-10-16,0.22425658209191354,1.481
2022-10-17,0.1995115018948095,1.344
2022-10-18,0.1923274751076934,1.211
2022-10-19,0.19864847293924265,1.093
2022-10-20,0.32161495666468676,1.18
2022-10-21,0.36791604283753826,1.745
2022-10-22,0.41627166823856887,2.481
2022-10-23,0.5771958246889661,15.06
2022-10-24,0.5026941609094621,14.02
2022-10-25,0.560689454363218,4.641
2022-10-26,0.7987675292622999,3.471
2022-10-27,0.5473958388166639,3.542
2022-10-28,0.7193967249701557,3.224
2022-10-29,0.5164393211197338,3.274
2022-10-30,0.7237561297134396,3.558
2022-10-31,2.231215272233915,9.99
2022-11-01,1.8716700607843464,13.45
2022-11-02,1.625821103024677,6.852
2022-11-03,1.112836383875322,4.858
2022-11-04,0.9280509909140449,3.728
2022-11-05,0.9682064297593037,3.22
2022-11-06,1.011655413670309,3.147
2022-11-07,1.4490920655886916,3.034
2022-11-08,1.5895294405247158,8.941
2022-11-09,1.0854113049652587,5.51
2022-11-10,0.8849432523597914,3.945
2022-11-11,0.7643588530234237,3.26
2022-11-12,0.6766594689801284,2.84
2022-11-13,0.604763925541241,2.587
2022-11-14,1.2946528280463565,2.436
2022-11-15,2.1830272093115104,14.5
2022-11-16,2.455181627320422,7.595
2022-11-17,3.053933805028447,20.83
2022-11-18,2.496968025583069,12.46
2022-11-19,2.250532426043819,7.605
2022-11-20,1.8465052334059628,6.206
2022-11-21,3.811346337143022,17.57
2022-11-22,3.431425678766579,11.66
2022-11-23,2.7985824406898163,15.37
2022-11-24,3.40420130110223,14.78
2022-11-25,2.557257401000238,9.854
2022-11-26,2.5987479780695755,7.447
2022-11-27,1.9738131572864834,7.449
2022-11-28,1.697394506039549,5.525
2022-11-29,1.5070121995270587,4.617
2022-11-30,1.3490219816052742,4.113
2022-12-01,1.2316090228341112,3.705
2022-12-02,1.1414582537314657,3.383
2022-12-03,1.4306320854566552,3.136
2022-12-04,1.27371500115544,3.032
2022-12-05,1.197561022924242,2.93
2022-12-06,1.1019567891995017,2.785
2022-12-07,1.0509421476343102,2.64
2022-12-08,1.017312015741682,2.498
2022-12-09,1.0029314340946618,2.364
2022-12-10,1.034939967124032,2.262
2022-12-11,0.9860954316659519,2.183
2022-12-12,0.9679990316067846,2.073
2022-12-13,0.9563468079727819,1.968
2022-12-14,0.9501940793255979,1.81
2022-12-15,0.9459862578134727,1.719
2022-12-16,0.9586784983658186,1.649
2022-12-17,1.3515631403059305,1.701
2022-12-18,1.865905382945185,2.129
2022-12-19,2.1268164670542005,5.345
2022-12-20,1.6499113105708205,5.912
2022-12-21,1.4789975427439428,4.048
2022-12-22,1.6629957878759012,3.689
2022-12-23,2.6046272546322378,8.472
2022-12-24,2.0523885891757865,6.394
2022-12-25,2.0264919167273368,5.195
2022-12-26,1.7149026463044943,4.876
2022-12-27,2.505436068120137,4.991
2022-12-28,3.140102584571365,13.2
2022-12-29,2.3973328268881726,10.99
2022-12-30,3.0780147881079998,6.792
2022-12-31,3.4603816670034644,18.77
2023-01-01,3.073712107415708,11.66
2023-01-02,2.5384033875456873,7.409
2023-01-03,3.8865799572581414,16.2
2023-01-04,2.981619974950575,16.93
2023-01-05,3.080376658601339,8.482
2023-01-06,2.7618659228301845,7.556
2023-01-07,2.9607333230893746,7.762
2023-01-08,2.7712281479856733,6.86
2023-01-09,3.6010668285308087,6.745
2023-01-10,3.7961239588731797,22.94
2023-01-11,4.448853031703667,18.03
2023-01-12,3.6884103687550263,14.41
2023-01-13,4.133820436491718,8.858
2023-01-14,3.5536510499839697,14.82
2023-01-15,3.135109917455876,8.792
2023-01-16,2.7867267198434686,6.693
2023-01-17,2.7472581714662447,5.427
2023-01-18,2.6306145874190694,4.778
2023-01-19,2.406179370092188,4.284
2023-01-20,2.223667618023689,4.103
2023-01-21,2.1072060032018136,3.725
2023-01-22,2.0176678252499887,3.397
2023-01-23,1.946146196668673,3.255
2023-01-24,1.9139387943526158,3.119
2023-01-25,1.911750181825752,3.175
2023-01-26,1.863043717011112,3.032
2023-01-27,1.8217863150277709,2.845
2023-01-28,1.8843016456858277,2.708
2023-01-29,1.8967851418843302,2.616
2023-01-30,1.9702173270442123,2.539
2023-01-31,1.8900530990127518,2.489
2023-02-01,1.918324445321826,2.421
2023-02-02,1.9321590497273287,2.358
2023-02-03,1.931729085418959,2.323
2023-02-04,1.9293500051431662,2.325
2023-02-05,1.8699854593914207,2.269
2023-02-06,1.8435259887293378,2.178
2023-02-07,1.8221100586123806,2.081
2023-02-08,1.8071595168683376,2.003
2023-02-09,1.7920040528115482,1.933
2023-02-10,1.7806513055306374,1.852
2023-02-11,1.770758239802687,1.783
2023-02-12,1.7629126267460036,1.719
2023-02-13,1.7553935887777035,1.666
2023-02-14,1.7479315305804872,1.627
2023-02-15,1.8627094859585809,1.599
2023-02-16,1.795082771469025,1.657
2023-02-17,1.9220871545594225,1.68
2023-02-18,1.878935061756641,1.765
2023-02-19,1.8126069528167719,1.82
2023-02-20,1.7848027561139157,1.721
2023-02-21,1.8083124691451742,1.646
2023-02-22,1.818138498960347,1.605
2023-02-23,1.7976768760319288,1.582
2023-02-24,1.7658321242372919,1.554
2023-02-25,1.7355526854801377,1.516
2023-02-26,1.7167649815111925,1.456
2023-02-27,1.717774904561673,1.413
2023-02-28,1.6947148251339172,1.397
2023-03-01,1.685957842343115,1.384
2023-03-02,1.66507787502415,1.355
2023-03-03,1.6502533399197696,1.307
2023-03-04,1.636755711475789,1.267
2023-03-05,1.6333385414113828,1.235
2023-03-06,1.6594468123048352,1.249
2023-03-07,1.6102592330175,1.252
2023-03-08,1.6835522346899645,1.215
2023-03-09,2.256709328853331,1.265
2023-03-10,1.9882704165173994,1.304
2023-03-11,2.7729195609778965,1.446
2023-03-12,2.965864768876938,22.35
2023-03-13,3.953071424030309,26.55
2023-03-14,3.2996939189588774,12.48
2023-03-15,3.577152662479064,8.413
2023-03-16,2.978629259195853,9.309
2023-03-17,2.793474434385834,6.197
2023-03-18,2.801585183294906,5.073
2023-03-19,2.85657580762878,4.289
2023-03-20,3.008266519133504,5.2
2023-03-21,2.963263725706619,6.208
2023-03-22,3.045723754216492,6.318
2023-03-23,2.6773193104388437,5.863
2023-03-24,2.9406303648663483,5.44
2023-03-25,2.757828563411068,6.055
2023-03-26,2.3995608850825962,4.85
2023-03-27,2.2312631414636312,4.058
2023-03-28,2.3735810268721877,3.944
2023-03-29,3.023751690481931,6.197
2023-03-30,3.438750990388662,8.73
2023-03-31,2.6919041942003323,11.67
2023-04-01,2.4060230286056083,5.91
2023-04-02,2.240852738811067,4.741
2023-04-03,2.11785128007819,4.116
2023-04-04,2.03359856393525,3.636
2023-04-05,2.6152629967201375,3.404
2023-04-06,2.16899458433387,3.878
2023-04-07,2.0245663657355286,3.301
2023-04-08,1.9423366967945201,2.997
2023-04-09,2.049093067210491,2.807
2023-04-10,2.334045427091358,2.829
2023-04-11,2.6309162696254287,3.777
2023-04-12,3.1075705521235784,9.056
2023-04-13,2.605994019812907,7.744
2023-04-14,3.303618094516095,9.215
2023-04-15,2.6086096098883216,6.272
2023-04-16,2.383237629327631,4.859
2023-04-17,2.2265760965690427,4.156
2023-04-18,2.113240996848149,3.583
2023-04-19,2.0238158555597257,3.177
2023-04-20,2.026610193993733,2.947
2023-04-21,2.080904222226806,2.847
2023-04-22,1.959539505624631,2.75
2023-04-23,2.020617258844905,2.637
2023-04-24,1.8884466560624067,2.559
2023-04-25,1.8345852713413513,2.422
2023-04-26,1.7964911095597784,2.261
2023-04-27,1.8578295890812417,2.178
2023-04-28,1.7561286569334014,2.368
2023-04-29,1.727421369806609,2.263
2023-04-30,1.7062157381283187,2.111
2023-05-01,1.6871113612968314,1.991
2023-05-02,1.6716391288669985,1.867
2023-05-03,1.6579723355985951,1.766
2023-05-04,1.6712328576708086,1.691
2023-05-05,1.6579523742568882,1.707
2023-05-06,1.6541051186901337,1.708
2023-05-07,1.6368310194543136,1.691
2023-05-08,1.6448993895413682,1.761
2023-05-09,1.6017196934313405,1.84
2023-05-10,1.7909152431735083,2.473
2023-05-11,2.2264021381461427,3.93
2023-05-12,1.8259420364810406,3.267
2023-05-13,1.7361811378212955,2.602
2023-05-14,1.6903121305129098,2.259
2023-05-15,1.6513774337400284,1.978
2023-05-16,1.6196078922299282,1.779
2023-05-17,1.5924411389183069,1.652
2023-05-18,1.569088752094752,1.567
2023-05-19,1.5889788835853789,1.517
2023-05-20,1.5349547621670487,1.48
2023-05-21,1.513444691273104,1.398
2023-05-22,1.496712338952737,1.331
2023-05-23,1.4814229906777137,1.278
2023-05-24,1.4670019481019887,1.223
2023-05-25,1.4532219258255041,1.181
2023-05-26,1.4399287100430052,1.141
2023-05-27,1.4270036023013257,1.102
2023-05-28,1.4143539658748185,1.074
2023-05-29,1.4019060684768405,1.037
2023-05-30,1.3896546764142395,1.014
2023-05-31,1.3774117650939242,1.001
2023-06-01,1.365276072845756,0.987
2023-06-02,1.3531883744235877,0.96
2023-06-03,1.341126580281389,0.937
2023-06-04,1.3290761431927933,0.913
2023-06-05,1.317027330474987,0.898
2023-06-06,1.304973678214702,0.885
2023-06-07,1.2929112312292825,0.875
2023-06-08,1.2808379889104435,0.854
2023-06-09,1.2687534690491855,0.833
2023-06-10,1.2567021395619566,0.817
2023-06-11,1.258799652750988,0.988
2023-06-12,1.2446175788850529,1.201
2023-06-13,1.2243278848064432,1.149
2023-06-14,1.2108084716982137,0.929
2023-06-15,1.1981427696958977,0.865
2023-06-16,1.1856596213589408,0.825
2023-06-17,1.2031171161931744,0.808
2023-06-18,1.3697920262111194,0.958
2023-06-19,1.2277683809100808,0.99
2023-06-20,1.2382624315716522,0.996
2023-06-21,1.1451272201755456,1.136
2023-06-22,1.1219548451988657,0.959
2023-06-23,1.1075388165984632,0.85
2023-06-24,1.093941812030042,0.814
2023-06-25,1.081422388301055,0.775
2023-06-26,1.0686184698381778,0.746
2023-06-27,1.0561223528457422,0.741
2023-06-28,1.0452860551563148,0.775
2023-06-29,1.0320890970866503,0.745
2023-06-30,1.0382846121202025,0.725
2023-07-01,1.0116140990341722,0.757
2023-07-02,0.9983122890052256,0.708
2023-07-03,1.0624797990652357,0.772
2023-07-04,0.9873906863939852,0.775
2023-07-05,0.96609308128573,0.794
2023-07-06,0.9531366388499939,0.723
2023-07-07,0.9413808961134406,0.684
2023-07-08,1.0210294935611042,0.695
2023-07-09,0.9331321826328324,0.707
2023-07-10,0.9494877259575613,0.703
2023-07-11,1.0295501214277647,0.94
2023-07-12,0.9072054762387026,1.002
2023-07-13,0.8823752753619947,0.863
2023-07-14,1.06726909844486,1.222
2023-07-15,1.0889381123478443,4.758
2023-07-16,0.9536632042814155,2.907
2023-07-17,0.9078274675632867,1.948
2023-07-18,0.9270446013394115,1.682
2023-07-19,0.8429388287516851,1.553
2023-07-20,0.8224460743576544,1.285
2023-07-21,1.0092342151012998,1.161
2023-07-22,1.079634656445592,4.708
2023-07-23,1.096069447274551,9.26
2023-07-24,1.0444340073904563,6.472
2023-07-25,0.8316521144964631,3.511
2023-07-26,1.029404992802,6.576
2023-07-27,1.0066750847749062,11.47
2023-07-28,0.8044930522833081,4.525
2023-07-29,0.7833916028054149,3.257
2023-07-30,1.2247114267302608,2.698
2023-07-31,1.1032436173600368,3.187
2023-08-01,1.6473814744876938,2.883
2023-08-02,1.1950940001631858,9.379
2023-08-03,1.0676066316026926,4.339
2023-08-04,1.6549122652040098,3.305
2023-08-05,1.6025363761749674,8.178
2023-08-06,1.2501685041605772,4.957
2023-08-07,1.0958171073045564,3.732
2023-08-08,1.0034184464485192,2.963
2023-08-09,0.9334000703459299,2.577
2023-08-10,0.8771547830076785,2.316
2023-08-11,0.831557698792727,2.066
2023-08-12,0.7948120614596036,1.884
2023-08-13,0.8846171722995656,1.753
2023-08-14,0.8065013888196164,1.956
2023-08-15,0.7283898759808626,1.963
2023-08-16,0.7030623977196192,1.7
2023-08-17,0.6863673320820491,1.54
2023-08-18,0.7377249145069634,1.475
2023-08-19,0.6697888775690279,1.53
2023-08-20,0.652696664637298,1.401
2023-08-21,0.6428482151769409,1.325
2023-08-22,0.6338371301427366,1.271
2023-08-23,0.6255756672310386,1.227
2023-08-24,0.6182026728134653,1.194
2023-08-25,0.630724446930733,1.184
2023-08-26,0.7576265383854515,1.205
2023-08-27,0.6201672302062359,1.361
2023-08-28,0.5983830618008303,1.351
2023-08-29,0.5911810869716269,1.258
2023-08-30,0.5841076717868534,1.252
2023-08-31,0.5785898104578409,1.226
2023-09-01,0.5718830453790926,1.201
2023-09-02,0.5660063545794106,1.123
2023-09-03,0.5603702314922306,1.047
2023-09-04,0.554835213890363,0.994
2023-09-05,0.549370089021543,0.939
2023-09-06,0.5439588221346077,0.902
2023-09-07,0.5385876914246226,0.869
2023-09-08,0.5332499855329027,0.849
2023-09-09,0.5281824990210615,0.83
2023-09-10,0.5228644340327133,0.818
2023-09-11,0.7328585054844748,0.869
2023-09-12,0.7383760963256674,3.565
2023-09-13,0.7368095628274159,2.268
2023-09-14,0.5773018249112584,2.091
2023-09-15,0.5129532622010567,1.983
2023-09-16,0.4997667587265525,1.612
2023-09-17,0.5828304450368982,1.455
2023-09-18,0.6728206976892102,2.538
2023-09-19,0.8089840854690625,3.475
2023-09-20,0.9256584091318459,7.903
2023-09-21,0.706743800270971,4.111
2023-09-22,1.3353312381922458,3.363
2023-09-23,1.0150423796729653,3.58
2023-09-24,0.8798561548475128,3.0
2023-09-25,0.9015907738021136,2.73
2023-09-26,0.7664182187639584,2.582
2023-09-27,0.7128288765167777,2.431
2023-09-28,0.822765899221278,2.282
2023-09-29,0.6789798681093544,2.241
2023-09-30,1.0149049757050266,2.356
2023-10-01,1.0751290005422622,3.915
2023-10-02,1.3151864315942141,3.828
2023-10-03,0.9638715432551933,4.296
2023-10-04,0.8381324085173497,3.317
2023-10-05,1.068407337871957,2.871
2023-10-06,0.8303558989920952,3.746
2023-10-07,0.740946359308649,2.841
2023-10-08,0.6841989787356254,2.53
2023-10-09,0.6403413857229086,2.351
2023-10-10,0.6266778000693157,2.204
2023-10-11,0.7176359548845738,2.236
2023-10-12,1.8314870845980467,2.417
2023-10-13,1.9569627861437844,15.74
2023-10-14,1.7479803559139149,6.515
2023-10-15,1.2593052146354653,4.676
2023-10-16,1.0723025222216955,3.787
2023-10-17,0.9559781729545057,3.254
2023-10-18,2.285907690199787,4.239
2023-10-19,4.3805071795092365,9.415
2023-10-20,6.1598683818411395,71.77
2023-10-21,4.019076910349115,19.26
2023-10-22,3.384178947553075,8.55
2023-10-23,2.934151565313265,6.364
2023-10-24,2.5329981495270975,5.546
2023-10-25,2.451589461087615,4.833
2023-10-26,2.108594249628186,4.722
2023-10-27,1.7174615898127397,4.246
2023-10-28,2.534408919171587,5.354
2023-10-29,1.9657024998418189,5.323
2023-10-30,3.121692584306071,9.283
2023-10-31,2.865941436220163,11.43
2023-11-01,3.1618836820809837,11.96
2023-11-02,4.816875935211844,36.42
2023-11-03,4.105341030832763,23.3
2023-11-04,3.9293876376031274,17.45
2023-11-05,3.188222009320947,9.715
2023-11-06,2.9332939124035717,7.215
2023-11-07,3.2801048364047394,7.436
2023-11-08,2.684953164900635,8.91
2023-11-09,2.8120126826671132,6.651
2023-11-10,2.319743296934434,6.726
2023-11-11,2.070257113889761,5.374
2023-11-12,2.964504505576651,5.235
2023-11-13,2.591516009324168,10.52
2023-11-14,2.618659578679433,7.684
2023-11-15,2.200946614919117,6.21
2023-11-16,2.2321116850765774,5.24
2023-11-17,3.0751516661682756,5.568
2023-11-18,2.4346760311777675,11.69
2023-11-19,2.911555536683557,11.07
2023-11-20,2.546192697405115,7.368
2023-11-21,2.231502744377117,5.724
2023-11-22,2.08024236719637,4.952
2023-11-23,2.1541735290090873,4.545
2023-11-24,1.9613391656431405,4.189
2023-11-25,1.8752073281526904,3.763
2023-11-26,2.9035319914419992,3.516
2023-11-27,2.666449992144195,6.287
2023-11-28,2.25095027737241,4.56
2023-11-29,2.0985330901840284,3.948
2023-11-30,2.0041622722387435,3.559
2023-12-01,1.932924467413749,3.276
2023-12-02,1.9909308314698821,3.062
2023-12-03,3.4362861656394625,3.058
2023-12-04,4.566831860254345,23.7
2023-12-05,3.4624716829618176,17.39
2023-12-06,3.5026423801790667,7.262
2023-12-07,4.292446324086894,26.18
2023-12-08,4.721164283606345,11.48
2023-12-09,4.996430157357793,35.56
2023-12-10,4.702150200028678,17.41
2023-12-11,4.285893275601075,14.21
2023-12-12,4.090783553965269,13.66
2023-12-13,3.546983328904213,8.298
2023-12-14,3.2311479950611264,6.96
2023-12-15,2.93553563099145,5.882
2023-12-16,2.743457382643608,5.178
2023-12-17,2.604983220863668,4.703
2023-12-18,3.193135870129226,4.481
2023-12-19,2.867411571828576,5.296
2023-12-20,3.0637315958981066,5.319
2023-12-21,3.740290886406243,6.267
2023-12-22,3.4606887826300703,14.75
2023-12-23,3.908644967245745,11.98
2023-12-24,3.5913594962210986,15.18
2023-12-25,3.325705796211883,7.8
2023-12-26,4.467992821371611,6.129
2023-12-27,4.3259007908664335,20.83
2023-12-28,4.041123295035811,15.14
2023-12-29,3.8144370485592325,8.687
2023-12-30,4.47703592642844,12.7
2023-12-31,4.76361434479357,17.83
