date,simulation,observation
2000-01-01,151.95494628328785,5.63
2000-01-02,165.4495495835028,3.66
2000-01-03,164.54092982880007,3.96
2000-01-04,161.0831209021773,12.6
2000-01-05,157.82713847669868,7.21
2000-01-06,154.64773536413273,4.48
2000-01-07,151.57361665931535,3.18
2000-01-08,148.51996814355874,2.8
2000-01-09,145.5451140745443,2.07
2000-01-10,142.6322756078301,1.57
2000-01-11,139.7779150296964,1.71
2000-01-12,137.10358617045242,1.84
2000-01-13,134.32057697115994,2.07
2000-01-14,131.57707637970054,2.29
2000-01-15,128.9361166332926,2.01
2000-01-16,126.35503552577975,2.02
2000-01-17,123.8266583490082,1.76
2000-01-18,121.34956266105024,1.59
2000-01-19,118.92390008821262,1.58
2000-01-20,116.54410865567718,1.52
2000-01-21,114.24887131688814,1.5
2000-01-22,111.95199236527212,1.56
2000-01-23,109.69949792919832,1.51
2000-01-24,107.50295306363786,1.43
2000-01-25,105.35243853813279,1.34
2000-01-26,103.24516161532627,1.28
2000-01-27,101.18034498399119,1.23
2000-01-28,99.20831946257105,1.47
2000-01-29,97.30613206591545,1.4
2000-01-30,95.25719261159861,1.33
2000-01-31,93.33990094740012,1.4
2000-02-01,92.26264391935936,1.25
2000-02-02,89.76406111035378,7.46
2000-02-03,87.89138965576981,4.17
2000-02-04,86.12259493882307,2.75
2000-02-05,84.3924986775712,2.35
2000-02-06,82.85089500779664,2.16
2000-02-07,81.37587924855318,2.46
2000-02-08,79.55441299653218,5.89
2000-02-09,77.87200803418598,4.93
2000-02-10,76.48817167894163,3.52
2000-02-11,74.98298083488305,2.53
2000-02-12,73.31315538335369,2.89
2000-02-13,71.82306697128834,3.05
2000-02-14,70.53790717876281,2.37
2000-02-15,69.09937061371453,2.74
2000-02-16,67.70639893704524,3.0
2000-02-17,66.41787360474835,2.85
2000-02-18,64.9924435407244,3.67
2000-02-19,63.645413340674274,2.78
2000-02-20,62.44877599836707,2.24
2000-02-21,61.12751192139813,2.25
2000-02-22,59.89413011279524,2.22
2000-02-23,58.69258924499745,2.08
2000-02-24,58.32868195386073,2.55
2000-02-25,56.49519911036617,17.5
2000-02-26,55.285187619818885,6.3
2000-02-27,54.427501481750106,4.31
2000-02-28,53.12256947901185,4.34
2000-02-29,52.37465242739419,6.24
2000-03-01,51.03635377600216,8.7
2000-03-02,50.2600819415318,4.71
2000-03-03,49.01496668213487,5.57
2000-03-04,48.00424675606316,4.3
2000-03-05,47.03619661104876,2.84
2000-03-06,46.09120747502559,2.52
2000-03-07,45.16659685772808,2.16
2000-03-08,44.26141060579749,2.15
2000-03-09,43.37608182275852,1.95
2000-03-10,42.508117681461776,1.56
2000-03-11,41.657131846241334,1.38
2000-03-12,40.82429708231028,1.36
2000-03-13,40.00850470795652,1.48
2000-03-14,39.21041549267992,1.44
2000-03-15,38.42630117454486,1.37
2000-03-16,37.658905775317784,1.33
2000-03-17,36.90706688401903,1.3
2000-03-18,36.17035794727352,1.25
2000-03-19,35.44844448747493,1.22
2000-03-20,34.74101497886247,1.2
2000-03-21,34.04777328642505,1.2
2000-03-22,33.368397533287144,1.22
2000-03-23,32.75636317696438,1.37
2000-03-24,32.063562249849646,1.24
2000-03-25,31.461523144684577,1.07
2000-03-26,30.804661415078467,1.16
2000-03-27,30.184156808557965,1.14
2000-03-28,29.57878880741639,1.12
2000-03-29,28.98485601393449,1.09
2000-03-30,28.405515892268546,1.08
2000-03-31,27.83823625392808,1.07
2000-04-01,27.340252928971253,1.09
2000-04-02,26.967909405886,1.13
2000-04-03,26.70479679712023,1.24
2000-04-04,26.204892092560637,6.3
2000-04-05,25.285724906790016,8.0
2000-04-06,24.728868656668524,2.04
2000-04-07,24.222075585699372,1.72
2000-04-08,23.738117677470214,1.64
2000-04-09,23.25292412119166,1.5
2000-04-10,22.784215345786723,1.28
2000-04-11,22.69440055529972,1.44
2000-04-12,22.003141840161625,1.72
2000-04-13,21.504025570266833,1.46
2000-04-14,21.17830549666308,1.34
2000-04-15,21.03319295493893,3.3
2000-04-16,20.342161533574785,6.02
2000-04-17,19.855560126607344,3.69
2000-04-18,19.56980616943761,2.81
2000-04-19,19.061752415944564,2.28
2000-04-20,18.70572784743695,2.19
2000-04-21,18.329187442989223,1.88
2000-04-22,17.930745626599666,1.81
2000-04-23,17.56426610352061,1.87
2000-04-24,17.362349456323674,1.32
2000-04-25,17.782978355073215,1.75
2000-04-26,17.18313068620296,21.3
2000-04-27,16.335894722451087,18.4
2000-04-28,16.175521632282127,5.38
2000-04-29,15.65454406567772,3.19
2000-04-30,15.341732608209913,2.92
2000-05-01,15.001796212421027,2.18
2000-05-02,14.692805673774535,1.91
2000-05-03,14.392194326831119,1.87
2000-05-04,14.0995641929457,1.55
2000-05-05,13.814638757880157,1.56
2000-05-06,13.537410375043198,1.3
2000-05-07,13.265044754180876,1.34
2000-05-08,12.999411175060569,1.27
2000-05-09,12.743563225730483,1.43
2000-05-10,12.48938506550532,1.2
2000-05-11,12.237499914510128,1.16
2000-05-12,11.995382068517552,1.13
2000-05-13,11.755585254038218,1.08
2000-05-14,11.522795798577485,1.05
2000-05-15,11.554039792288105,1.88
2000-05-16,11.111495426747172,1.46
2000-05-17,10.876755839205096,1.15
2000-05-18,10.657462422863187,1.04
2000-05-19,10.445418039337051,1.04
2000-05-20,10.645720335930035,1.18
2000-05-21,10.097054692999258,1.11
2000-05-22,9.857551331362107,1.17
2000-05-23,9.660369415086887,1.09
2000-05-24,10.013663825601098,1.17
2000-05-25,9.354818952337954,1.6
2000-05-26,9.951362598471128,1.96
2000-05-27,10.006287528769048,6.03
2000-05-28,9.800614062586408,23.1
2000-05-29,9.304703368276607,25.7
2000-05-30,8.612516244179009,6.5
2000-05-31,8.52145964585377,1.99
2000-06-01,8.194931629670986,2.6
2000-06-02,7.998579179484099,1.95
2000-06-03,7.823141635313505,1.57
2000-06-04,7.656032312941758,1.54
2000-06-05,7.495226375217673,1.41
2000-06-06,7.351958213412603,1.37
2000-06-07,7.1906111008186,1.3
2000-06-08,7.0434658167441455,1.23
2000-06-09,6.9038144066584435,1.19
2000-06-10,6.763229628482147,1.13
2000-06-11,6.628166189585043,1.07
2000-06-12,6.496533579306719,1.02
2000-06-13,6.368841804978694,0.98
2000-06-14,6.243719584867894,0.966
2000-06-15,6.1198065014906815,0.936
2000-06-16,5.999246370312097,0.894
2000-06-17,5.881526601876133,0.86
2000-06-18,5.766301163965156,0.837
2000-06-19,5.653461467834742,0.811
2000-06-20,5.582002293982371,0.806
2000-06-21,5.4465222509199975,0.822
2000-06-22,5.337990930459795,0.755
2000-06-23,5.23065038457541,0.75
2000-06-24,5.1275033823462906,0.753
2000-06-25,5.026732379868814,0.741
2000-06-26,4.928169268833246,0.733
2000-06-27,4.831700551657207,0.73
2000-06-28,4.742828988794907,0.731
2000-06-29,4.6825350882238785,0.794
2000-06-30,4.566037195493779,0.878
2000-07-01,4.7100233267660006,1.32
2000-07-02,4.6736868786576045,0.917
2000-07-03,5.02840591785974,1.26
2000-07-04,4.912723932466716,1.69
2000-07-05,4.306095165779912,2.07
2000-07-06,4.1439371425486025,1.92
2000-07-07,4.039727435735098,2.09
2000-07-08,3.9512897681637966,1.17
2000-07-09,3.9181452623874216,1.12
2000-07-10,4.6398720356432195,1.72
2000-07-11,3.921694892222719,5.2
2000-07-12,3.703183980557876,2.16
2000-07-13,3.6053214610796878,2.04
2000-07-14,3.527374274183483,1.5
2000-07-15,3.4472917580270495,1.48
2000-07-16,3.3724506057038894,1.52
2000-07-17,3.3022719208987903,1.48
2000-07-18,3.2347762306755863,1.41
2000-07-19,3.169526510288265,1.36
2000-07-20,3.1062463969553358,1.35
2000-07-21,3.044779790403643,1.34
2000-07-22,2.98556481727283,1.62
2000-07-23,2.927174439230099,1.72
2000-07-24,2.8698852322340516,1.72
2000-07-25,2.8142663227629825,1.84
2000-07-26,2.7599760885270768,1.86
2000-07-27,2.7102583234410935,1.9
2000-07-28,2.6567026395339806,1.92
2000-07-29,2.6077239055549444,1.86
2000-07-30,2.5547310467210176,1.76
2000-07-31,2.5055953428025752,1.76
2000-08-01,2.4577585496307024,1.62
2000-08-02,2.6326267341704677,1.2
2000-08-03,2.4157892099444522,0.853
2000-08-04,2.3397025710572024,0.949
2000-08-05,2.289963937846243,0.846
2000-08-06,2.2440390171581845,0.774
2000-08-07,2.2050059233163175,0.653
2000-08-08,2.2385148330232565,0.784
2000-08-09,2.131994384046877,0.764
2000-08-10,2.0819052405283487,0.708
2000-08-11,2.0396617327118527,0.669
2000-08-12,1.9994117793185342,0.648
2000-08-13,1.9608501900559434,0.636
2000-08-14,1.922379902680949,0.622
2000-08-15,1.8856264660942408,0.572
2000-08-16,1.8492993743711166,0.535
2000-08-17,1.813822142663703,0.508
2000-08-18,1.8501369451392364,0.517
2000-08-19,1.7619458719104588,0.674
2000-08-20,2.496375604048206,0.691
2000-08-21,1.8319019617810348,0.703
2000-08-22,1.703498864207058,0.843
2000-08-23,1.6556285912238995,0.737
2000-08-24,1.6174417212648613,0.667
2000-08-25,1.5820554249373713,0.631
2000-08-26,1.5486447395214782,0.608
2000-08-27,1.5220488239531365,0.592
2000-08-28,1.758069714210837,0.662
2000-08-29,1.5023019927758952,0.597
2000-08-30,1.4487577092088975,0.617
2000-08-31,1.52994380103229,0.671
2000-09-01,1.4498510083330927,0.664
2000-09-02,1.389127957518954,0.666
2000-09-03,1.3471692423405683,0.63
2000-09-04,1.3165732288181446,0.616
2000-09-05,1.2941839226713507,0.613
2000-09-06,1.2629176991290478,0.623
2000-09-07,1.2393179052730927,0.593
2000-09-08,1.2724811021318712,0.617
2000-09-09,1.2057214813328192,0.581
2000-09-10,1.176417724840816,0.596
2000-09-11,1.151809594394475,0.591
2000-09-12,1.1285950008780437,0.562
2000-09-13,1.1063125294079887,0.555
2000-09-14,1.0887944452947156,0.554
2000-09-15,2.039303104652287,0.779
2000-09-16,2.0047586528410504,1.86
2000-09-17,1.584770582976177,2.94
2000-09-18,1.829200827307079,1.59
2000-09-19,1.976791640237123,2.27
2000-09-20,1.312365238744363,5.46
2000-09-21,1.0943982830625856,2.48
2000-09-22,1.038508552141746,1.2
2000-09-23,0.998271680842961,0.93
2000-09-24,1.0166016457242313,0.923
2000-09-25,1.7622052734670945,1.04
2000-09-26,1.0531303030152337,3.28
2000-09-27,1.2617360752003646,3.06
2000-09-28,0.9810377830421287,1.75
2000-09-29,0.9177863975874677,1.44
2000-09-30,0.8863387499340978,1.24
2000-10-01,0.8650254972216276,1.07
2000-10-02,0.8405835052242688,0.946
2000-10-03,0.8192183155354321,0.885
2000-10-04,0.8004590254747567,0.778
2000-10-05,0.7975861342341793,0.791
2000-10-06,0.7716283908603255,0.752
2000-10-07,1.264544973619932,0.782
2000-10-08,0.818347201160985,0.817
2000-10-09,1.6641407312641143,2.3
2000-10-10,1.7240364429380404,21.8
2000-10-11,1.5717293734318292,18.7
2000-10-12,0.8893784422066001,6.22
2000-10-13,0.786752229412114,1.79
2000-10-14,0.7449211715939329,2.08
2000-10-15,0.7234709109938868,1.43
2000-10-16,1.0435657975332817,2.29
2000-10-17,0.9548101513001789,2.27
2000-10-18,0.801501598334326,2.19
2000-10-19,0.7067027268370616,2.6
2000-10-20,1.6329847171744627,3.25
2000-10-21,1.2910281917391417,23.3
2000-10-22,0.7867838869746304,19.0
2000-10-23,0.7110272443568498,6.38
2000-10-24,0.6729979535167279,2.94
2000-10-25,0.6458386466015777,2.55
2000-10-26,0.916571337888742,2.18
2000-10-27,0.8704828186816568,2.04
2000-10-28,1.3840273454854648,10.6
2000-10-29,2.3063492567139727,24.6
2000-10-30,1.8723552617207955,32.6
2000-10-31,1.6932955191696413,36.9
2000-11-01,1.0010868659740912,24.5
2000-11-02,2.021374214215919,18.4
2000-11-03,1.075241762599238,17.2
2000-11-04,0.8998298645281021,6.1
2000-11-05,2.7138541096674698,8.88
2000-11-06,3.1022503206730927,31.3
2000-11-07,2.7194657826592885,37.5
2000-11-08,2.3511669934804,35.7
2000-11-09,2.1000546848685127,26.3
2000-11-10,1.4149624438408825,14.2
2000-11-11,2.5865129274097276,8.33
2000-11-12,1.4876689352786998,27.2
2000-11-13,1.2367636205772434,17.1
2000-11-14,1.1010601766111996,6.42
2000-11-15,1.6144170010437071,4.45
2000-11-16,1.2422387863561832,5.9
2000-11-17,1.0467717409160526,6.86
2000-11-18,1.297891873054598,4.92
2000-11-19,1.597957199844908,8.33
2000-11-20,1.1794215834870485,11.6
2000-11-21,1.8893762415273552,8.8
2000-11-22,1.2524934858054415,15.5
2000-11-23,1.6368378616575474,10.8
2000-11-24,1.2501738149157569,11.2
2000-11-25,1.7459029246849604,10.2
2000-11-26,1.211993136671099,13.0
2000-11-27,2.810531081015327,8.53
2000-11-28,1.723012103778748,26.8
2000-11-29,1.3699719244149682,18.7
2000-11-30,1.7712500461789373,8.2
2000-12-01,1.875295451846928,12.2
2000-12-02,1.3720581907268272,13.4
2000-12-03,1.2270266826859126,7.06
2000-12-04,1.2251527061389293,5.49
2000-12-05,1.1001653366243316,4.77
2000-12-06,1.0307605310057038,4.01
2000-12-07,2.4255716468334043,5.5
2000-12-08,1.5669694166995853,21.0
2000-12-09,1.5909512708728162,10.2
2000-12-10,1.7549456876399394,10.0
2000-12-11,1.5423128049973107,9.6
2000-12-12,1.8763449253993965,8.1
2000-12-13,1.4252010350242734,11.3
2000-12-14,1.4191428073839705,6.3
2000-12-15,1.2341648669471459,4.36
2000-12-16,1.1582466708223502,3.56
2000-12-17,1.0977603101618574,3.14
2000-12-18,1.137328219816071,2.7
2000-12-19,1.0584384961650455,2.51
2000-12-20,1.0131118903399357,2.72
2000-12-21,0.9851424295920455,2.97
2000-12-22,0.9640032964004537,2.43
2000-12-23,2.1574427071229607,2.23
2000-12-24,3.0050488026838194,16.6
2000-12-25,1.7395562229535042,27.8
2000-12-26,1.4841562343924486,14.0
2000-12-27,1.658104951066411,6.28
2000-12-28,1.3820720354983533,4.17
2000-12-29,1.2813503423897894,3.51
2000-12-30,1.2092546747106867,2.84
2000-12-31,2.2092376545144585,2.57
2001-01-01,1.6702864157157014,12.6
2001-01-02,1.6343711754340262,11.3
2001-01-03,2.059337027236102,8.27
2001-01-04,3.52671732992971,16.7
2001-01-05,2.2199646931109918,27.7
2001-01-06,1.8128345100471441,16.6
2001-01-07,1.6411568474161968,6.79
2001-01-08,1.5094824418515729,4.63
2001-01-09,1.410363682462197,3.87
2001-01-10,1.3334407393880967,3.47
2001-01-11,1.2729713144100765,2.8
2001-01-12,1.2251913551143494,2.7
2001-01-13,1.18748083023001,2.03
2001-01-14,1.1579886248729951,2.21
2001-01-15,1.1339430250250984,2.23
2001-01-16,1.1160104862538132,2.17
2001-01-17,1.10034397326507,2.1
2001-01-18,1.0883811358820699,2.04
2001-01-19,1.171168203831704,2.0
2001-01-20,1.1073108579470499,1.93
2001-01-21,1.618369761203262,2.31
2001-01-22,1.5024009877375268,3.42
2001-01-23,2.89350647377805,10.1
2001-01-24,2.2037507698349597,26.3
2001-01-25,1.6988449841988327,14.1
2001-01-26,3.77962499955036,13.2
2001-01-27,2.565229647455338,28.9
2001-01-28,1.9805980891067425,17.1
2001-01-29,1.7735869714259604,5.91
2001-01-30,2.100022123442614,4.66
2001-01-31,1.7119055078942014,4.03
2001-02-01,2.2967829498418793,5.08
2001-02-02,2.855684582856786,9.48
2001-02-03,3.4277269156713817,21.7
2001-02-04,4.751317740476768,28.6
2001-02-05,3.9839915818178135,36.8
2001-02-06,3.1867502388746294,34.0
2001-02-07,4.833736203251522,23.9
2001-02-08,3.992388016158638,28.7
2001-02-09,2.962359126306818,31.3
2001-02-10,2.6018344811661884,14.8
2001-02-11,2.3658188776680835,7.53
2001-02-12,4.96435004863475,20.5
2001-02-13,3.5758376958821074,31.1
2001-02-14,2.706605464054593,17.3
2001-02-15,2.3981768064213207,7.63
2001-02-16,2.1994772100630677,5.46
2001-02-17,2.0466340758907253,4.11
2001-02-18,1.927305957830592,3.88
2001-02-19,1.8338584750675893,2.98
2001-02-20,1.7606926685387905,3.4
2001-02-21,1.7037438913365957,3.23
2001-02-22,1.672477617120213,3.07
2001-02-23,1.9423649259018394,5.0
2001-02-24,1.945803084976675,17.5
2001-02-25,1.7512792595139792,18.4
2001-02-26,2.2345233485298497,3.37
2001-02-27,2.0880971974445774,3.35
2001-02-28,3.017359299797822,3.14
2001-03-01,2.2704671275252424,3.16
2001-03-02,2.0839683277875913,2.79
2001-03-03,1.943487068874648,2.88
2001-03-04,1.8618452650835173,2.72
2001-03-05,1.8006774594871064,3.31
2001-03-06,2.7953207667026603,9.4
2001-03-07,2.064217946638262,13.3
2001-03-08,3.584081413454808,10.5
2001-03-09,2.869864980579988,6.14
2001-03-10,2.6230477654455515,4.27
2001-03-11,3.8114406315729528,2.96
2001-03-12,3.3677625641726276,3.31
2001-03-13,2.6608091495259774,6.14
2001-03-14,2.4158261145087696,18.0
2001-03-15,2.702978816116424,26.1
2001-03-16,3.8320819307341054,10.9
2001-03-17,3.224656850878873,13.5
2001-03-18,2.8884796344230197,33.2
2001-03-19,2.5122172027358816,16.6
2001-03-20,3.1131335267629514,9.7
2001-03-21,2.9755607335679177,6.49
2001-03-22,3.5532865787482377,5.32
2001-03-23,3.0208744372782914,24.1
2001-03-24,2.590492688144496,19.4
2001-03-25,2.4058193906600525,12.5
2001-03-26,2.2802799241865355,8.09
2001-03-27,2.835304691824766,15.2
2001-03-28,3.2841794485636684,13.7
2001-03-29,2.882644428527894,25.5
2001-03-30,2.473299095330168,15.0
2001-03-31,2.317080849813226,8.6
2001-04-01,2.212605319461562,5.58
2001-04-02,2.47758837333394,4.94
2001-04-03,2.8734103052050197,17.0
2001-04-04,2.5267234993323915,19.2
2001-04-05,3.2124395162082195,11.3
2001-04-06,2.6138369939116415,6.93
2001-04-07,3.554013005354818,4.87
2001-04-08,3.0404985130004327,3.95
2001-06-25,1.1866004590707147,0.874
2001-06-26,1.1747945179536612,0.923
2001-06-27,1.1580224103116248,0.947
2001-06-28,1.1455309017416946,0.847
2001-06-29,1.1322144386704611,0.835
2001-06-30,1.1173762790575836,0.804
2001-07-01,1.1041602280907292,0.784
2001-07-02,1.0913442918635758,0.796
2001-07-03,1.0787259708789412,0.824
2001-07-04,1.0662647638825413,0.879
2001-07-05,1.0541167206379525,0.791
2001-07-06,1.0475422532652081,0.796
2001-07-07,1.8919356338358881,1.16
2001-07-08,1.514380385412072,2.15
2001-07-09,1.1633672703526612,1.49
2001-07-10,1.0661363697143875,1.24
2001-07-11,1.0319129812373349,1.08
2001-07-12,1.015652210646071,0.963
2001-07-13,0.9956581463815849,0.931
2001-07-14,1.3377025650218681,1.03
2001-07-15,1.0150513185238317,1.37
2001-07-16,1.0975661549057791,1.09
2001-07-17,1.862602462478632,2.13
2001-07-18,1.848996859051987,5.36
2001-07-19,1.8350090722351478,2.64
2001-07-20,1.1628991494749403,3.54
2001-07-21,1.0121070018548342,2.04
2001-07-22,0.9632863387511551,1.7
2001-07-23,0.9338270325853972,1.33
2001-07-24,0.9106151612514564,1.17
2001-07-25,0.8903747600038345,1.1
2001-07-26,0.8723990514437776,0.981
2001-07-27,0.8562490403712012,0.908
2001-07-28,0.8415275474649438,0.898
2001-07-29,0.8279944777575914,0.852
2001-07-30,0.8154137506505027,0.798
2001-07-31,0.8036049417111988,0.779
2001-08-01,0.7924246808740526,0.906
2001-08-02,1.1058380339884153,1.1
2001-08-03,0.8252367007634006,0.635
2001-08-04,0.8099779502425618,0.88
2001-08-05,0.7737709818915451,0.815
2001-08-06,0.9489640477771036,0.889
2001-08-07,0.7901575547443671,0.969
2001-08-08,1.016642169013181,1.41
2001-08-09,1.161621493574601,0.883
2001-08-10,0.8088681108891193,1.02
2001-08-11,0.901267612434757,0.939
2001-08-12,1.2783994062241548,1.34
2001-08-13,0.8101690987329042,1.74
2001-08-14,0.7432843640613027,1.06
2001-08-15,0.7216186285062733,1.04
2001-08-16,0.7030798577224813,0.882
2001-08-17,0.6875172540341129,0.832
2001-08-18,0.7754629204093227,0.834
2001-08-19,0.8151471403725413,0.878
2001-08-20,0.6801808739413193,0.922
2001-08-21,0.6575674085527821,0.945
2001-08-22,0.6444850418975901,0.81
2001-08-23,0.6339801464951583,0.776
2001-08-24,0.6228832815521994,0.761
2001-08-25,0.6131997647900015,0.718
2001-08-26,0.6897163944002958,0.821
2001-08-27,0.6144526188420799,0.777
2001-08-31,0.5805011289113972,0.823
2001-09-01,0.562781457782927,0.864
2001-09-03,0.7393130526946929,0.758
2001-09-04,0.572306312606328,0.733
2001-09-05,1.2804124739845024,0.962
2001-09-06,0.650022598741145,0.98
2001-09-07,0.5687256810572058,1.11
2001-09-08,0.5479667173979026,0.905
2001-09-09,0.5355079271608019,0.808
2001-09-10,0.5252777530196137,0.75
2001-09-11,0.5140932227781655,0.709
2001-09-12,0.5118834381888978,0.683
2001-09-13,1.055632952136965,0.867
2001-09-14,0.5733139595925384,0.907
2001-09-15,0.6453513444563699,0.983
2001-09-16,0.519829418894524,0.846
2001-09-17,1.1117708908428914,0.948
2001-09-18,1.404330592343766,1.87
2001-09-19,1.1723000440258977,4.99
2001-09-20,0.6180169292044935,4.46
2001-09-21,0.5322563488731202,1.79
2001-09-22,0.5064627498097853,1.41
2001-09-23,0.7047607231314595,1.26
2001-09-24,0.6599777610011248,1.2
2001-09-25,0.5002440101259895,1.8
2001-09-26,0.4753489930572995,1.4
2001-09-27,0.458460276707562,1.14
2001-09-28,0.6761721243473753,1.06
2001-09-29,0.9326102418855161,1.25
2001-09-30,0.5754285116740869,2.32
2001-10-01,0.8698085262361731,1.7
2001-10-02,0.7542094911232642,3.63
2001-10-03,0.5092746248221061,3.6
2001-10-04,0.4698861437639235,1.85
2001-10-05,0.44981597839924436,1.45
2001-10-06,0.5451286992507418,1.32
2001-10-09,0.497683542378081,3.82
2001-10-10,0.44654947068440354,1.54
2001-10-11,0.42795167765535386,1.37
2001-10-12,0.41435935668532903,1.44
2001-10-13,0.40305212386931966,1.33
2001-10-14,0.39558315338139133,1.25
2001-10-15,0.4988854661108063,1.21
2001-10-16,0.3958658863820355,1.37
2001-10-17,0.3817064824962681,1.19
2001-10-18,0.37361720536040355,1.12
2001-10-19,0.3795164266633667,1.15
2001-10-20,1.2405188665914042,1.29
2001-10-25,0.9174351569247732,6.46
2001-10-26,0.9742434792751588,4.11
2001-10-27,0.5936184454016515,4.55
2001-10-28,0.5042542735003016,2.32
2001-10-29,0.4612738627530146,2.68
2001-10-30,0.44559780504304813,2.23
2001-10-31,0.4166726183486753,2.07
2001-11-01,0.3996190951826638,1.74
2001-11-02,0.38623740235578286,1.56
2001-11-03,0.3752856405837666,1.58
2001-11-04,0.3662547002317283,1.58
2001-11-05,0.35912470829475884,1.5
2001-11-06,0.35418734641031896,1.52
2001-11-07,0.7244769427353829,1.48
2001-11-08,0.8571568558690199,2.05
2001-11-09,0.4638225600129784,2.4
2001-11-10,0.3970402465767366,3.04
2001-11-11,0.3817837331215789,1.87
2001-11-12,0.46463944363195253,2.08
2001-11-13,0.43173078917862934,2.13
2001-11-14,0.3749605529195633,1.82
2001-11-15,0.3589917888455359,1.78
2001-11-16,0.349537192982683,1.66
2001-11-17,0.3615430691086063,1.61
2001-11-18,0.35935478587472797,1.68
2001-11-19,0.3371869941849683,1.65
2001-11-20,0.3302416335496713,1.7
2001-11-21,0.46598862501300253,1.43
2001-11-22,0.3435195628314841,1.47
2001-11-23,0.3278727768615616,1.49
2001-11-24,0.32066178265110173,1.43
2001-11-25,0.6132023350322398,1.52
2001-11-26,0.3567020142116873,2.04
2001-11-27,0.378002915019334,2.46
2001-11-28,0.9103251647629912,1.93
2001-11-29,1.2361319191804694,15.9
2001-11-30,0.550722010620018,24.4
2001-12-01,0.5856286791985233,13.8
2001-12-02,0.44664320256239737,7.29
2001-12-03,0.5950432891684087,4.21
2001-12-04,0.7417313049223394,4.07
2001-12-05,0.5605815677208033,6.64
2001-12-06,0.4478743612597467,5.89
2001-12-07,0.41096961028015006,3.62
2001-12-08,0.38695367462354363,2.68
2001-12-09,0.3684177033502769,1.94
2001-12-10,0.35348227694166956,1.85
2001-12-11,0.34180514674978774,2.1
2001-12-12,0.33141251530027344,1.8
2001-12-13,0.323330704283466,1.83
2001-12-14,0.31573209878355724,1.74
2001-12-15,0.310545492279798,1.67
2001-12-16,0.30544248302476407,1.62
2001-12-17,0.32734054426162223,1.52
2001-12-18,0.3023436070392094,1.71
2001-12-19,0.33470110980320444,1.56
2001-12-20,0.30001652812852264,1.62
2001-12-21,0.6435521456744339,2.02
2001-12-22,0.5036029556663325,4.36
2001-12-23,0.4919502985328536,2.87
2001-12-24,0.45986149334226173,7.97
2001-12-25,0.34999197773638013,7.08
2001-12-26,0.4286987902049979,4.08
2001-12-27,0.3419477992568774,3.07
2001-12-28,0.3219481407097123,2.77
2001-12-29,0.3114579457421017,2.39
2001-12-30,0.3040869572977991,2.04
2001-12-31,0.29631118266858436,1.71
2002-01-01,0.29056448334905716,1.53
2002-01-02,0.28564905976281935,1.44
2002-01-03,0.28139672580914127,1.69
2002-01-04,0.2781519253690648,1.5
2002-01-05,0.27604220949386077,1.5
2002-01-06,0.27324398421579843,1.47
2002-01-07,0.2702080487464469,1.57
2002-01-08,0.26658925613131307,1.75
2002-01-09,0.2648476663803201,1.72
2002-01-10,0.47626476081725394,1.92
2002-01-11,0.28929590199401317,2.45
2002-01-12,0.2685955745142274,2.55
2002-01-13,0.2630158658598041,2.32
2002-01-14,0.6617457877011615,2.2
2002-01-15,0.32259431127819066,6.63
2002-01-16,0.27668192850598666,5.18
2002-01-17,0.474163370772788,4.02
2002-01-18,0.3613481357982177,4.34
2002-01-19,0.29155736452451064,4.08
2002-01-20,0.2797168786654908,3.22
2002-01-21,0.2684184958358615,2.89
2002-01-22,0.33428675109853007,2.8
2002-01-23,0.6025262313098052,2.05
2002-01-24,0.32713873196000054,3.7
2002-01-25,0.8733337035319898,3.35
2002-01-26,1.0732856929292751,17.4
2002-01-27,0.7331560942895747,19.7
2002-01-28,0.473311082268212,9.19
2002-01-29,0.4095945945897431,4.23
2002-01-30,0.5105149095402519,3.58
2002-01-31,0.46304915957721815,3.16
2002-02-01,0.3751584682947999,3.38
2002-02-02,0.3641573169181479,2.38
2002-02-03,1.4814167985945985,6.02
2002-02-04,1.5851974376744011,27.0
2002-02-05,0.755863824931005,23.2
2002-02-06,0.5530340128645834,8.51
2002-02-07,0.6943522701154935,4.39
2002-02-08,0.6260029865261422,4.66
2002-02-09,0.4911447005539419,4.45
2002-02-10,0.44497956012010104,3.9
2002-02-11,0.6371532173415788,2.95
2002-02-12,0.4510455653185743,2.7
2002-02-13,0.559398270193764,2.39
2002-02-14,0.42960796415647634,2.19
2002-02-15,0.3902634225793835,1.38
2002-02-16,0.3664085959347714,1.97
2002-02-17,0.35466755348965096,1.74
2002-02-18,0.3360753198609325,1.87
2002-02-19,0.739759900587468,2.57
2002-02-20,0.6559568457203474,2.71
2002-02-21,0.46426401847462223,3.17
2002-02-22,0.39895386860494925,2.92
2002-02-23,0.5613427808802066,2.61
2002-02-24,1.5248824181383915,3.97
2002-02-25,1.2497426312603928,21.7
2002-02-26,0.6989086963054156,19.0
2002-02-27,0.6003604657140815,7.24
2002-02-28,0.5237130227283603,3.79
2002-03-01,0.4789712831804256,2.14
2002-03-02,0.4631139356625156,2.34
2002-03-03,0.42082075018039716,2.21
2002-03-04,0.39818101686225016,2.08
2002-03-05,0.38150042490718744,2.07
2002-03-06,0.3684948446213763,1.99
2002-03-07,0.3582660446582707,1.85
2002-03-08,0.3518477619546685,1.72
2002-03-09,0.3440653535082183,1.73
2002-03-10,0.3429764121973884,1.7
2002-03-11,0.3397094762434729,1.74
2002-03-12,0.37683507200129435,1.83
2002-03-13,0.33970373230111084,1.61
2002-03-14,0.6126737748762039,1.71
2002-03-15,0.477534220731423,1.92
2002-03-16,0.5466210752023005,1.97
2002-03-17,0.39818143908463616,2.11
2002-03-18,1.1236632323853004,11.4
2002-03-19,0.6822025885797881,19.4
2002-03-20,1.1745782320780145,10.2
2002-03-21,0.6368250905914448,18.2
2002-03-22,0.5607950637217022,5.61
2002-03-23,0.49582902282277314,3.62
2002-03-24,0.4611691798451478,2.81
2002-03-25,0.437594116420913,2.5
2002-03-26,0.4153106664630015,2.38
2002-03-27,0.39888163639689295,2.04
2002-03-28,0.3858607565705091,1.94
2002-03-29,0.37544420224557407,1.87
2002-03-30,0.36733648664782226,1.78
2002-03-31,0.3607389371111888,1.75
2002-04-01,0.3548744062789258,1.7
2002-04-02,0.3502752109370008,1.66
2002-04-03,0.3465141116218235,1.82
2002-04-04,0.3433619519727146,1.55
2002-04-05,0.34067202641732547,1.52
2002-04-06,0.3383350594910264,1.45
2002-04-07,0.33626062767369796,1.47
2002-04-08,0.3343862608425178,1.46
2002-04-10,0.3310771123063705,0.852
2002-04-11,0.329457807990916,0.843
2002-04-12,0.3285470118514179,0.673
2002-04-13,0.32647666195408487,0.846
2002-04-14,0.324902854450511,0.777
2002-04-15,0.32341815192659584,0.731
2002-04-16,0.3218650288918227,0.868
2002-04-17,0.32136008971686997,0.742
2002-04-18,0.3246827071125847,1.15
2002-04-19,0.31765876202551274,1.22
2002-04-20,0.31549350327548625,1.2
2002-04-21,0.3137568476143156,1.16
2002-04-22,0.31202977668767035,1.07
2002-04-23,0.310272572566301,1.06
2002-04-24,0.30848172829282167,1.11
2002-04-25,0.31344253762544627,1.15
2002-04-26,0.4288364722727433,1.27
2002-04-27,0.6703749204336867,1.34
2002-04-28,0.4523537706398786,1.36
2002-04-29,0.41006515052475245,1.34
2002-04-30,0.7717993263532985,1.7
2002-05-01,0.3906924844704713,1.66
2002-05-02,0.34721877545936747,1.34
2002-05-03,0.33215479332595055,1.21
2002-05-04,0.3203203993755556,1.15
2002-05-05,0.31799610045652393,1.13
2002-05-06,0.3115186475631064,1.14
2002-05-07,0.30172879904222505,1.13
2002-05-08,0.29667022206497856,1.1
2002-05-09,0.29255202414535775,1.26
2002-05-10,0.2915062502997276,1.14
2002-05-11,0.2861212042566633,1.11
2002-05-12,0.2854315803518967,1.1
2002-05-13,0.8124304329911476,1.28
2002-05-14,0.36021237260051675,1.52
2002-05-15,0.30540763100149065,1.17
2002-05-16,0.293127619891345,1.05
2002-05-17,0.2886995394583831,1.03
2002-05-18,0.2813404799681201,1.02
2002-05-19,0.2765001536578672,1.0
2002-05-20,0.4697772874999078,1.11
2002-05-21,0.6209397427213105,1.15
2002-05-22,0.333440806516873,1.21
2002-05-23,0.40764023050879217,1.16
2002-05-24,0.308269846022404,1.07
2002-05-25,0.8746931923127785,1.06
2002-05-26,0.4763996778593463,1.55
2002-05-27,0.3302806539167706,1.74
2002-05-28,0.30536076997829203,1.55
2002-05-29,0.2897164790163222,1.19
2002-05-30,0.2837105781443763,1.09
2002-05-31,0.2717461901420797,1.03
2002-06-01,0.2650097599639155,0.98
2002-06-02,0.2599217277738738,0.898
2002-06-03,0.2553152419833949,0.867
2002-06-04,0.2549626794164837,0.865
2002-06-05,0.46635388205755995,0.955
2002-06-06,0.28362377016269746,1.03
2002-06-07,0.2580042342486414,0.992
2002-06-08,0.25385444871683444,0.982
2002-06-09,0.25746771255512335,0.997
2002-06-10,0.24783970397511892,0.985
2002-06-11,0.2731049965671944,0.981
2002-06-12,0.24594005915098924,0.94
2002-06-13,0.2384020716286024,0.92
2002-06-14,0.23601124990813555,0.903
2002-06-15,0.23210391156335392,0.853
2002-06-16,0.22788334593400772,0.817
2002-06-17,0.3419802181104812,0.835
2002-06-18,0.29080068636919,0.89
2002-06-19,0.24729123300848027,0.905
2002-06-20,0.23687059703489072,0.851
2002-06-21,0.2386271319789783,0.793
2002-06-22,0.22666064894973836,0.761
2002-06-23,0.2218285246979657,0.729
2002-06-24,0.21816047742189298,0.7
2002-06-25,0.21496114716851228,0.697
2002-06-26,0.21209560386161708,0.977
2002-06-27,0.20953805370273135,1.03
2002-06-28,0.20705037842167745,1.03
2002-06-29,0.20478137888173814,1.03
2002-06-30,0.20803243030384022,1.04
2002-07-01,0.20866572656743035,1.07
2002-07-02,0.7185406424831661,1.55
2002-07-03,0.33339047657512716,2.15
2002-07-04,0.24197881689332185,1.91
2002-07-05,0.2710023754808368,1.87
2002-07-06,0.22026274265836449,1.98
2002-07-07,0.21072560205280802,1.89
2002-07-08,0.370405457934784,2.02
2002-07-09,0.24335878259557311,2.05
2002-07-10,0.2172003746490951,1.65
2002-07-11,0.21084119197462323,1.29
2002-07-12,0.20302402176623807,1.18
2002-07-13,0.19553846806512284,1.15
2002-07-14,0.19142390014062238,1.1
2002-07-15,0.18811304038415724,1.08
2002-07-16,0.18523484476778357,1.06
2002-07-17,0.18282312722667357,1.02
2002-07-18,0.18032033583249263,1.03
2002-07-19,0.1782198748440063,1.01
2002-07-20,0.1857866073401764,1.09
2002-07-21,0.17552740855621096,1.04
2002-07-22,0.1727765411097426,1.04
2002-07-23,0.17374950327998562,0.969
2002-07-24,0.16952891655492988,0.879
2002-07-25,0.16768808783284864,0.688
2002-07-26,0.16612869561463686,0.676
2002-07-27,0.1646288831154872,0.676
2002-07-28,0.33667217303090285,0.691
2002-07-29,0.19537485066222493,0.758
2002-07-30,1.0040028879459368,0.887
2002-07-31,0.4996845616034541,1.5
2002-08-01,0.24201286118154106,1.03
2002-08-02,0.20741140351933635,0.949
2002-08-03,1.0550761904149546,1.51
2002-08-04,1.1084163196996237,2.21
2002-08-05,1.3613470457753594,4.19
2002-08-06,1.1900054778845137,7.21
2002-08-07,0.5611506604557008,2.09
2002-08-08,0.40663739500012325,1.49
2002-08-09,0.9192705169689942,1.76
2002-08-10,1.0235303816972865,5.26
2002-08-11,0.4039399133721453,8.9
2002-08-12,0.31309931433921423,2.06
2002-08-13,0.2750778246323969,0.954
2002-08-14,0.2531306605306053,1.03
2002-08-15,0.2377387672710817,1.03
2002-08-16,0.22289371944833833,0.955
2002-08-17,0.21209461222027143,0.89
2002-08-18,0.6531640108553312,1.02
2002-08-19,0.2763734675964027,1.7
2002-08-20,0.22129548009218186,1.31
2002-08-21,0.20653286119258815,1.11
2002-08-22,0.19894421583540736,0.993
2002-08-23,0.19344993895211987,0.934
2002-08-24,0.18996837381177506,0.991
2002-08-25,0.18536545274848001,0.899
2002-08-26,0.18302622929778553,0.892
2002-08-27,0.1801823833069451,0.939
2002-08-28,0.1781324439924668,0.968
2002-08-29,0.17652215921623526,0.77
2002-08-30,0.1752653770768021,0.831
2002-08-31,0.17402993297075092,0.806
2002-09-01,0.1730888732728395,0.764
2002-09-02,0.17213661034200572,0.749
2002-09-03,0.17130911944219607,0.726
2002-09-04,0.17054653531738243,0.735
2002-09-05,0.17064724132874637,0.739
2002-09-06,0.3882255363316052,0.727
2002-09-07,0.21265833040317106,0.773
2002-09-08,0.19111872100513017,0.819
2002-09-09,1.0339524905278241,1.85
2002-09-10,0.791968003002156,2.8
2002-09-11,0.2870045622481598,0.791
2002-09-12,0.224450045433487,1.08
2002-09-13,0.20685124558946574,0.869
2002-09-14,0.19828513888230637,0.748
2002-09-15,0.1916596394659974,0.71
2002-09-16,0.18634076962992072,0.739
2002-09-17,0.18199152243722666,0.777
2002-09-18,0.17840370816998025,0.725
2002-09-19,0.17542094981504364,0.727
2002-09-20,0.17291343162761805,0.72
2002-09-21,0.17081071645335982,0.691
2002-09-22,0.16981284275486064,0.676
2002-09-23,0.16750534644648254,0.672
2002-09-24,0.16592126280111416,0.668
2002-09-25,0.22685592482387518,0.66
2002-09-26,0.17820165962495907,0.637
2002-09-27,0.17062630406920626,0.667
2002-09-28,0.1677019364706823,0.677
2002-09-29,0.16543871504878196,0.669
2002-09-30,0.16355420509434426,0.683
2002-10-01,0.1618944729957384,0.658
2002-10-02,0.16464022480368024,0.672
2002-10-03,0.15947378842277493,0.686
2002-10-04,0.1578276375729579,0.654
2002-10-05,0.1577159289237462,0.649
2002-10-06,0.1556021041826785,0.638
2002-10-07,0.1544147057485401,0.647
2002-10-08,0.15427056510604636,0.651
2002-10-09,0.15244707737924618,0.649
2002-10-10,0.15135127692648886,0.655
2002-10-11,0.4091187505289003,0.662
2002-10-12,0.3388407209480041,0.716
2002-10-13,0.8135305279445147,0.915
2002-10-14,0.38130685434806927,0.92
2002-10-15,1.0678685810170174,4.32
2002-10-16,0.887443936475959,7.62
2002-10-17,0.30467186574957456,2.62
2002-10-18,0.2234755277636068,0.752
2002-10-19,0.20292978927271327,1.05
2002-10-20,0.5061837698867708,1.17
2002-10-21,0.7125636565528294,1.42
2002-10-22,0.4204805776670633,3.83
2002-10-23,0.24042397001932792,3.87
2002-10-24,0.20850841570674838,1.77
2002-10-25,0.19720080913494367,1.54
2002-10-26,0.39108658564558557,1.43
2002-10-27,0.21233595321338178,1.24
2002-10-28,0.18601650513677886,0.963
2002-10-29,0.2602403994920199,1.05
2002-10-30,0.34241252531609523,1.15
2002-10-31,0.19782882393569312,1.14
2002-11-01,0.42288298857324846,1.28
2002-11-02,1.0734454113897847,3.99
2002-11-03,0.509394417629773,14.1
2002-11-04,0.2582074090087194,4.17
2002-11-05,0.22370898801826822,2.69
2002-11-06,1.0891307922822877,10.6
2002-11-07,0.6852921877335005,17.1
2002-11-08,1.1255050311917767,12.0
2002-11-09,0.8108443445371335,20.6
2002-11-10,0.6631742611837198,17.2
2002-11-11,0.93459031831148,18.3
2002-11-12,1.3525322952380885,20.4
2002-11-13,1.3662166269674079,27.7
2002-11-14,0.6466074165255912,26.5
2002-11-15,0.4820375100080743,17.1
2002-11-16,0.41126187337770986,6.58
2002-11-17,0.4860732978014707,4.27
2002-11-18,0.41008684621250874,3.42
2002-11-19,0.3390877469886112,3.33
2002-11-20,0.6055207645248407,2.88
2002-11-21,0.6331016643969083,4.02
2002-11-22,0.8284034701512761,6.82
2002-11-23,0.6068664199307726,10.3
2002-11-24,0.4918732743907149,6.01
2002-11-25,0.37777171679586274,5.44
2002-11-26,0.3393647684892423,3.25
2002-11-27,0.3829630942427204,3.58
2002-11-28,0.5219122371864611,2.62
2002-11-29,0.3460437319610164,3.65
2002-11-30,0.7478513175445042,3.43
2002-12-01,0.7191889708523472,10.5
2002-12-02,0.47643802338336333,11.6
2002-12-03,0.39104179889287,4.55
2002-12-04,0.9054337174152889,6.63
2002-12-05,0.4600653431067088,10.2
2002-12-06,0.44374598364097284,5.13
2002-12-07,0.37348485908778223,3.94
2002-12-08,0.3431352927212088,3.31
2002-12-09,0.3238775537748173,2.79
2002-12-10,0.30936048115997933,2.48
2002-12-11,0.2981008098874726,1.98
2002-12-12,0.2991951078276178,2.06
2002-12-13,0.48293450836225793,2.11
2002-12-14,0.8766129641988485,2.17
2002-12-15,1.2761181686123164,8.07
2002-12-16,0.6602704428984403,18.0
2002-12-17,0.48680458494317125,8.8
2002-12-18,0.4344354055577157,4.69
2002-12-19,0.40126067601125115,3.64
2002-12-20,0.5057417027887806,3.1
2002-12-21,2.068722404911534,3.73
2002-12-22,1.6466333044364947,24.9
2002-12-23,0.9368424792229973,31.3
2002-12-24,0.7272678505403977,12.9
2002-12-25,1.1442491777597859,7.02
2002-12-26,1.4267853233292556,10.9
2002-12-27,0.8243397500302547,20.4
2002-12-28,1.4624279760110814,10.3
2002-12-29,2.485498299695548,18.0
2002-12-30,1.5139152957380155,31.0
2002-12-31,2.587110246185081,18.9
2003-01-01,3.3968968006644022,24.1
2003-01-02,3.928032073682457,34.9
2003-01-03,2.7964346473061097,25.7
2003-01-04,1.8739531978050838,30.0
2003-01-05,1.5270712365157906,14.1
2003-01-06,1.311208327050009,7.04
2003-01-07,1.1508012841262232,5.06
2003-01-08,1.059625342371594,3.84
2003-01-09,1.0837727076180657,3.82
2003-01-10,1.1493328029320993,3.14
2003-01-11,0.9260904394507128,3.37
2003-01-12,0.8452096986712304,3.17
2003-01-13,0.7914801586992452,3.1
2003-01-14,0.7516537444303389,3.28
2003-01-15,0.721920321948498,3.18
2003-01-16,0.6995509284807667,2.83
2003-01-17,0.69396937545997,2.58
2003-01-18,1.7640473159111125,2.61
2003-01-19,1.5959229424302093,8.49
2003-01-20,1.6669125918230767,15.5
2003-01-21,2.9967710682570092,13.9
2003-01-22,1.8632800577640147,24.4
2003-01-23,1.4408322062572922,18.6
2003-01-24,1.2927980113338868,7.19
2003-01-25,1.5628143967672805,5.72
2003-01-26,1.2608797592601095,5.32
2003-01-27,1.1447190536401852,5.91
2003-01-28,1.623460429617323,5.76
2003-01-29,1.8378481716537234,9.99
2003-01-30,2.892948953092853,10.8
2003-01-31,2.7479291062616924,6.1
2003-02-01,1.988541061175532,12.3
2003-02-02,1.8504589831238993,24.3
2003-02-03,1.556147249706667,28.2
2003-02-04,1.4259946566785344,15.7
2003-02-05,1.3020896462729394,7.05
2003-02-06,1.3451101002043355,4.76
2003-02-07,1.2065492175882293,5.13
2003-02-08,1.3619216317968872,4.74
2003-02-09,1.7922645969547086,5.73
2003-02-10,1.6347828301450638,7.96
2003-02-11,2.0728471589141426,9.08
2003-02-12,1.5130201747674636,13.4
2003-02-13,1.3598047958693382,8.22
2003-02-14,1.275987634922964,4.68
2003-02-15,1.2141580827989142,3.55
2003-02-16,1.1660381757427816,3.23
2003-02-17,1.1286351692617298,3.04
2003-02-18,1.099615498609815,2.88
2003-02-19,1.0770918129924596,2.93
2003-02-20,1.059746165155632,2.71
2003-02-21,1.0468384321612114,2.45
2003-02-22,1.0396247863670902,2.24
2003-02-23,1.0306309892819114,2.05
2003-02-24,1.022416808287002,2.36
2003-02-25,1.0174872704469766,2.14
2003-02-26,1.0137876126307992,2.16
2003-02-27,1.011024360484627,2.11
2003-02-28,1.1167198853397173,2.09
2003-03-01,1.0659955509651984,2.18
2003-03-02,1.022537420025929,2.09
2003-03-03,1.0172030838100214,1.96
2003-03-04,1.010191571644573,1.96
2003-03-05,1.6918697068406998,2.58
2003-03-06,1.1037630590677732,4.67
2003-03-07,1.3435331806669495,4.1
2003-03-08,1.098823063164909,4.63
2003-03-09,1.0594304553212646,3.68
2003-03-10,1.0423426734790484,2.76
2003-03-11,1.029866543239009,2.63
2003-03-12,1.024090430269329,2.21
2003-03-13,1.0100862673499043,1.94
2003-03-14,1.0013520387304298,1.87
2003-03-15,0.993803859807788,1.89
2003-03-16,0.9869627411502435,1.81
2003-03-17,0.9805796459801894,1.75
2003-03-18,0.9745251106176454,1.72
2003-03-19,0.968687547262511,1.71
2003-03-20,0.9629946462528332,1.7
2003-03-21,0.9573874523969765,1.67
2003-03-22,0.9518118054477663,1.57
2003-03-23,0.9462340440515766,1.56
2003-03-24,0.9406313778302047,1.56
2003-03-25,0.9349812527535142,1.53
2003-03-26,0.9292691195292897,1.52
2003-03-27,0.923485728748696,1.5
2003-03-28,0.9176196938552308,1.5
2003-03-29,0.91167064080825,1.49
2003-03-30,0.9056368735111112,1.46
2003-03-31,0.8995166062310892,1.42
2003-04-01,1.1885104993230986,1.52
2003-04-02,0.9341538761405314,1.6
2003-04-03,0.8983485036473636,1.46
2003-04-04,0.8863552472545502,1.42
2003-04-05,0.8773717620413147,1.36
2003-04-06,0.8690303940039158,1.34
2003-04-07,0.8610210053593251,1.33
2003-04-08,0.8533076826975814,1.44
2003-04-09,0.8456965374193197,1.42
2003-04-10,0.8421161939682844,1.38
2003-04-11,0.8311843107000643,1.27
2003-04-12,0.823500833869473,1.29
2003-04-13,0.8162646937226042,1.28
2003-04-14,0.808968842381966,1.27
2003-04-15,0.8017621388862894,1.42
2003-04-16,0.7945776602835541,1.24
2003-04-17,0.7874043697850761,1.18
2003-04-18,0.7802386473916124,1.16
2003-04-19,0.7730778654185559,1.18
2003-04-20,0.7661453408252588,1.19
2003-04-21,0.7587925643592356,1.19
2003-04-22,0.7516168609814602,1.16
2003-04-23,0.7444658362278569,1.15
2003-04-24,0.7385107487647354,1.17
2003-04-25,0.8372913922035389,1.21
2003-04-26,0.7455075261585316,1.45
2003-04-27,0.8250144319345305,1.34
2003-04-28,0.7405486741293309,1.42
2003-04-29,0.7210002909155225,1.37
2003-04-30,0.8226809384820067,1.25
2003-05-01,1.0361850667245593,1.46
2003-05-02,0.9419780119838695,1.7
2003-05-03,0.7466620251328129,1.67
2003-05-04,0.7114877106360582,1.41
2003-05-05,0.6949019566190723,1.33
2003-05-06,0.6817715296655994,1.29
2003-05-07,0.6701377746773,1.26
2003-05-08,0.6595591081144279,1.33
2003-05-09,0.6498119736573453,1.23
2003-05-10,0.6407312793433863,1.06
2003-05-11,0.6339154138095615,1.17
2003-05-12,0.9627976900211289,1.29
2003-05-13,0.66929990162229,1.69
2003-05-14,0.8549653674804663,1.7
2003-05-15,0.6554285350269097,1.73
2003-05-16,0.6313542306060587,1.69
2003-05-17,0.6162619183400233,1.73
2003-05-18,0.6028853647873544,1.68
2003-05-19,0.7180679074789618,1.7
2003-05-20,0.6065590731402406,1.7
2003-05-21,0.6816021780059434,1.64
2003-05-22,0.5956593304677992,1.65
2003-05-23,0.5871947959363246,1.66
2003-05-24,0.5712889528079463,1.61
2003-05-25,0.5598058646029865,1.56
2003-05-26,0.54720764473727,1.53
2003-05-27,0.5386266481655361,1.47
2003-05-28,0.5309754130845502,1.46
2003-05-29,0.523789047044471,1.43
2003-05-30,0.5169486101394581,1.15
2003-05-31,0.5122200601298258,0.943
2003-06-01,1.1799539435789412,0.958
2003-06-02,0.6046904929043192,1.24
2003-06-03,0.5316653778662003,1.24
2003-06-04,0.5199878139811405,1.07
2003-06-05,0.5021986569874357,0.966
2003-06-06,0.500712433552671,0.959
2003-06-07,0.5266337336057345,0.928
2003-06-08,0.4862558244661043,0.944
2003-06-09,0.4758367683534259,0.999
2003-06-10,0.4658166720345059,0.911
2003-06-11,0.4583105552277365,0.874
2003-06-12,0.451683856943735,0.857
2003-06-13,0.445465625642216,0.907
2003-06-14,0.43954249760716513,0.956
2003-06-15,0.43386192805617274,0.948
2003-06-16,0.4291162525177106,0.792
2003-06-17,1.0649019154700083,1.03
2003-06-18,0.5177002258743469,1.53
2003-06-19,0.4494017141955557,1.08
2003-06-20,0.4333474336459784,0.901
2003-06-21,0.4242861237032582,0.874
2003-06-22,1.2480155601228542,0.884
2003-06-23,0.6136446399232434,1.83
2003-06-24,0.46352265259852293,1.66
2003-06-25,0.4348975097588657,1.07
2003-06-26,0.4203959990448234,1.27
2003-06-27,0.41723392506402374,1.56
2003-06-28,0.40012868890889103,1.58
2003-06-29,0.39678537380354917,1.53
2003-06-30,0.8012593179953569,1.84
2003-07-01,0.4556324612216927,1.59
2003-07-02,0.4031284269023539,1.17
2003-07-03,0.44724602668478913,1.1
2003-07-04,0.3846922436836035,1.12
2003-07-05,0.3719479875613287,1.09
2003-07-06,0.36383985179400824,1.02
2003-07-07,0.35691249182183776,0.966
2003-07-08,0.3506975327589509,0.94
2003-07-09,0.34504064964015985,0.915
2003-07-10,0.33984056824895525,1.11
2003-07-11,0.3349967165201579,1.19
2003-07-12,0.3304508942774055,1.18
2003-07-13,0.32614535140037204,1.2
2003-07-14,0.3220361385223426,1.31
2003-07-15,0.31808872013484557,1.12
2003-07-16,0.3241717321374598,1.22
2003-07-17,0.31669530616380726,1.29
2003-07-18,0.3076069776620667,1.27
2003-07-19,0.567662399978868,1.4
2003-07-20,0.348706931230278,1.36
2003-07-21,0.3160016870351481,1.29
2003-07-22,0.3065687729242544,1.76
2003-07-23,0.3009827024092399,1.33
2003-07-24,0.2995549502398483,1.28
2003-07-25,0.4701954820579457,1.41
2003-07-26,1.1545643703208712,1.6
2003-07-27,0.5400542583892072,1.97
2003-07-28,0.35686928213595276,1.55
2003-07-29,0.33180607804259427,1.42
2003-07-30,0.3870328059269739,1.45
2003-07-31,0.4279530652633024,1.43
2003-08-01,0.3298739266004188,1.55
2003-08-02,0.3056018250572386,1.43
2003-08-03,0.2942723980035595,1.05
2003-08-04,0.28555759016049037,0.976
2003-08-05,0.27820991308487686,0.928
2003-08-06,0.271881770132928,0.946
2003-08-07,0.26636211540519183,0.841
2003-08-08,0.2614908872228729,0.869
2003-08-09,0.25713571069477875,0.886
2003-08-10,0.25762667614316576,0.854
2003-08-11,0.2501210368737083,0.818
2003-08-12,0.24632447882052685,0.796
2003-08-13,0.24315276403164698,0.82
2003-08-14,0.24020537536974998,0.799
2003-08-15,0.23740634738619082,0.789
2003-08-16,0.23472409464099983,0.794
2003-08-17,0.2321369459875498,0.799
2003-08-18,0.2296377893479978,0.8
2003-08-19,0.22718522188581514,0.795
2003-08-20,0.22479676147452252,0.773
2003-08-21,0.22245143047531066,0.811
2003-08-22,0.22014884000565457,0.824
2003-08-23,0.21787960499886136,0.743
2003-08-24,0.21563752406686076,0.72
2003-08-25,0.21342496056913904,0.719
2003-08-26,0.2112363544595778,0.736
2003-08-27,0.20907545992727727,0.755
2003-08-28,0.20748623166060767,0.85
2003-08-29,0.20520195760123375,0.929
2003-08-30,0.20309659241838535,0.865
2003-08-31,0.20064859981229363,0.837
2003-09-01,0.19853497593017344,0.827
2003-09-02,0.19647497883830897,0.874
2003-09-03,0.19443677076693397,0.84
2003-09-04,0.19241711767292452,0.84
2003-09-05,0.19240559194151627,0.809
2003-09-06,0.19322956498051258,0.89
2003-09-07,0.18692582194795684,0.936
2003-09-08,0.18454834663051797,0.858
2003-09-09,0.2557617237720355,0.849
2003-09-10,0.20121270521564139,0.944
2003-09-11,0.19616631967785408,0.967
2003-09-12,0.18618969284023665,0.974
2003-09-13,0.18209739821373835,0.856
2003-09-14,0.17892525396916764,0.687
2003-09-15,0.17611458307149644,0.67
2003-09-16,0.17349991615975194,0.66
2003-09-17,0.17108454385788205,0.652
2003-09-18,0.16882059120927628,0.711
2003-09-19,0.1666794057038409,0.651
2003-09-20,0.1646392251461309,0.635
2003-09-21,0.16268279148290188,0.627
2003-09-22,0.5218037532787241,0.637
2003-09-23,0.21515087729834173,0.586
2003-09-24,0.1800621087286809,0.615
2003-09-25,0.1716810310379009,0.675
2003-09-26,0.17503160158853998,0.805
2003-09-27,0.16597746937624228,0.985
2003-09-28,0.16274514233125237,0.978
2003-09-29,0.15666575544494132,0.973
2003-09-30,0.15361512543224926,0.966
2003-10-01,0.15116813106304292,0.944
2003-10-02,0.14920053129244362,0.993
2003-10-03,0.14689229764894146,1.03
2003-10-04,0.14886425866104927,1.02
2003-10-05,0.14459048070660935,1.0
2003-10-08,0.13896314896965736,1.05
2003-10-09,0.13708009750049677,1.02
2003-10-10,0.13552338242421072,1.06
2003-10-11,0.13391641386800204,1.18
2003-10-12,0.13251360293083833,1.1
2003-10-13,0.13115490861000748,1.07
2003-10-14,0.12982301956693065,1.07
2003-10-15,0.12851493403556546,1.04
2003-10-16,0.1272388677681137,1.02
2003-10-17,0.1259651833781547,1.2
2003-10-18,0.12470884992876417,0.85
2003-10-19,0.12347643548344188,0.721
2003-10-20,0.1224397852289156,0.704
2003-10-21,0.12262985233779107,0.705
2003-10-22,0.14590060988012585,0.731
2003-10-23,0.1275541784073056,0.705
2003-10-24,0.12295105263183183,0.662
2003-10-25,0.13809102443232263,0.803
2003-10-26,0.1251163609106649,0.8
2003-10-27,0.11875682054690005,0.793
2003-10-28,0.35981390059813056,0.986
2003-10-29,0.20022449185886246,0.948
2003-10-30,0.9330873163222594,0.982
2003-10-31,0.48777048442573334,1.12
2003-11-01,0.19710696172648418,0.979
2003-11-02,0.38704012950806266,1.03
2003-11-03,0.17839017326337614,0.904
2003-11-04,0.14889379065846778,0.847
2003-11-05,0.13878938028947793,0.792
2003-11-06,0.13213326106411377,0.8
2003-11-07,0.12661810008968877,0.783
2003-11-08,0.12221628623014329,0.705
2003-11-09,0.11950938135786074,0.619
2003-11-10,0.11596877429663759,0.626
2003-11-11,0.19812516587230225,0.619
2003-11-12,0.29682935420485135,0.877
2003-11-13,0.14555709039160664,0.805
2003-11-14,0.12486094331685427,0.797
2003-11-15,0.11842196298048197,0.879
2003-11-16,0.11479350734530135,0.925
2003-11-17,0.47434832440749214,0.97
2003-11-18,0.15931490003514118,1.0
2003-11-19,0.12450593736976821,0.895
2003-11-20,0.3135789912397922,0.815
2003-11-21,0.7751393202955005,0.908
2003-11-22,1.072668227758541,1.56
2003-11-23,1.1770152508006624,3.68
2003-11-24,1.0692056040835902,4.11
2003-11-25,1.0627036243789876,2.22
2003-11-26,1.0552662960416057,4.19
2003-11-27,0.3942791415041392,4.43
2003-11-28,0.2579977423647066,1.56
2003-11-29,0.39469760343043164,1.42
2003-11-30,0.4934586165374013,1.3
2003-12-01,0.25047170666771107,1.37
2003-12-02,0.23478752708934478,1.61
2003-12-03,0.1894734813734614,1.46
2003-12-04,0.17311323669641265,1.29
2003-12-05,0.16218567178613702,1.16
2003-12-06,0.15372868659790886,1.06
2003-12-07,0.14723901502820577,0.995
2003-12-08,0.14197688319732113,0.956
2003-12-09,0.13821110318819735,1.05
2003-12-10,0.4575545197982533,0.975
2003-12-11,0.5607022826200773,1.26
2003-12-12,0.6119811059560597,1.87
2003-12-13,0.47103019092185033,3.31
2003-12-14,0.232343215817171,4.06
2003-12-15,0.19455537071403048,2.01
2003-12-16,0.1797353688518615,1.77
2003-12-17,0.16961771482873783,1.36
2003-12-20,0.9625334469696397,1.33
2003-12-21,0.30305444522400554,3.55
2003-12-22,0.5719947684135869,3.43
2003-12-24,0.2539069056521654,4.7
2003-12-25,0.21895355681807174,3.09
2003-12-26,0.22909099573933772,2.26
2003-12-27,0.22354173190256596,2.23
2003-12-28,0.1928225373914396,1.96
2003-12-29,0.8332653401102433,1.11
2003-12-30,0.7383764202302877,2.56
2003-12-31,1.3237518193018385,6.17
2004-01-01,1.0465221860323095,11.1
2004-01-02,0.4906706263197109,11.4
2004-01-03,0.45743208596177454,6.92
2004-01-04,0.3630656877019188,3.44
2004-01-05,0.34429241787631143,3.18
2004-01-06,0.3160358253556233,2.84
2004-01-07,0.3940452543424676,2.63
2004-01-08,0.6557441446502112,4.04
2004-01-09,0.43513863353362364,6.83
2004-01-10,0.6708940974685075,4.68
2004-01-11,0.39315932466327436,5.64
2004-01-12,0.8669301203404982,6.83
2004-01-13,0.4274510279348686,8.96
2004-01-14,1.1428123703852853,8.3
2004-01-15,0.803087617744877,8.09
2004-01-16,0.4791109304263416,10.4
2004-01-17,0.4924030880534513,6.39
2004-01-18,0.39935467847755934,3.83
2004-01-19,0.8192912955114433,2.58
2004-01-20,0.9737975318785936,9.14
2004-01-21,0.6460261845755971,9.99
2004-01-22,1.0571252090631225,11.2
2004-01-23,1.083399604741291,10.1
2004-01-24,0.5996488063491642,12.2
2004-01-25,0.5002779105374049,8.92
2004-01-26,0.44829588127142905,5.21
2004-01-27,0.9557535009708055,3.47
2004-01-28,1.0140682704949147,3.4
2004-01-29,0.5707080857319949,3.01
2004-01-30,1.2936232046570544,3.99
2004-01-31,1.0291420239684521,11.4
2004-02-01,1.242706806774338,11.3
2004-02-02,0.7408730173039018,11.8
2004-02-03,0.6276155919570965,10.3
2004-02-04,0.553577745366173,6.33
2004-02-05,0.8346022902792343,4.36
2004-02-06,1.089493771535598,6.32
2004-02-07,0.8263899656145782,11.5
2004-02-08,0.6124316254881371,6.74
2004-02-09,0.5457749726070026,3.81
2004-02-10,0.504077861181816,3.1
2004-02-11,0.47327760432036897,2.66
2004-02-12,0.4483328409171106,2.26
2004-02-13,0.4390083377964121,1.51
2004-02-14,0.4237030816671313,2.09
2004-02-15,0.41503200558395653,2.39
2004-02-16,0.40636736841323673,1.67
2004-02-17,0.6513360693771884,2.17
2004-02-18,0.4606200537909246,2.35
2004-02-19,0.4168802026512691,2.2
2004-02-20,0.40516854977606964,2.25
2004-02-21,0.3984292428297888,2.21
2004-02-22,0.40000838643521347,2.01
2004-02-23,0.39149424205129424,1.79
2004-02-24,0.6262746326616873,1.76
2004-02-25,0.4245961640477043,1.99
2004-02-26,0.4047133923692029,2.11
2004-02-27,0.40929891704233745,2.06
2004-02-28,0.46939157954526917,1.87
2004-02-29,0.4124998224402865,1.76
2004-03-01,0.39892796631893157,1.81
2004-03-02,0.3944095177519865,1.72
2004-03-03,0.393711175206134,1.7
2004-03-04,0.38967820717791346,1.7
2004-03-05,0.390020595746359,1.68
2004-03-06,0.5563942512697555,1.67
2004-03-07,0.4243805402826357,1.71
2004-03-08,0.39595941125947604,1.99
2004-03-09,0.3907779299481294,1.95
2004-03-10,0.38781001558409506,1.83
2004-03-11,0.38561862753869913,1.77
2004-03-12,0.7839652377145885,1.81
2004-03-13,0.46083100820183936,2.15
2004-03-14,0.40814221407836837,2.36
2004-03-15,0.394933578157052,2.15
2004-03-16,0.3891825540328803,2.03
2004-03-17,0.38506146721382806,1.85
2004-03-18,0.38299990371517906,1.62
2004-03-19,0.5346530329942432,1.87
2004-03-20,0.40090334134037003,2.02
2004-03-21,0.5148748537482816,1.97
2004-03-22,0.4474204850563045,2.06
2004-03-23,0.4878017505846822,2.01
2004-03-24,0.41875243196320433,2.1
2004-03-25,0.38851487833465786,2.82
2004-03-26,0.38045444579417026,2.36
2004-03-27,0.374407272953846,2.05
2004-03-28,0.36976425675903984,1.86
2004-03-29,0.36580099321994186,1.68
2004-03-30,0.3621237139802349,1.55
2004-03-31,0.41613121884813203,1.54
2004-04-01,0.5106275062057749,1.6
2004-04-02,0.3856782877033983,1.63
2004-04-03,0.45733991801327606,1.59
2004-04-04,0.5118247149008314,1.58
2004-04-05,0.45254396063583685,1.64
2004-04-06,0.4102381002151145,1.85
2004-04-07,0.41291692980335953,1.89
2004-04-08,0.5796250759236524,2.22
2004-04-09,0.3965643073374451,3.8
2004-04-10,0.36530222814827285,2.96
2004-04-11,0.355335883006704,2.22
2004-04-12,0.4582980924276434,1.93
2004-04-13,0.3635810457939092,2.25
2004-04-14,0.3464359186299854,1.99
2004-04-15,0.3394997671826282,1.77
2004-04-16,0.3343850532571974,1.59
2004-04-17,0.4456618981149517,1.52
2004-04-18,0.8524638748244565,1.8
2004-04-19,0.40891684429877995,3.83
2004-04-20,0.35337216491532164,2.91
2004-04-21,0.36454804102687177,2.24
2004-04-22,0.3369501018030703,1.75
2004-04-23,0.32853232374844304,1.28
2004-04-24,0.32246644180442585,1.43
2004-04-25,0.3172677429046085,1.34
2004-04-26,0.3126704779926062,1.27
2004-04-27,0.9132529153456074,1.36
2004-04-28,0.4018106670212302,1.6
2004-04-29,0.39044181635865477,1.68
2004-04-30,0.8282161160450434,1.41
2004-05-01,0.39314655648477875,3.61
2004-05-02,0.33898538160890523,3.2
2004-05-03,0.9829841574784802,3.39
2004-05-04,0.6972635326867049,8.13
2004-05-05,0.43446678849460213,7.21
2004-05-06,0.3512988437349507,5.08
2004-05-07,0.9880094693354342,3.22
2004-05-08,0.424135096803129,10.5
2004-05-09,0.35311327167486345,8.04
2004-05-10,0.3284554810322262,4.1
2004-05-11,0.31509130672668567,1.99
2004-05-12,0.30588668735602226,2.12
2004-05-13,0.29839261666852396,1.86
2004-05-14,0.2920686589758094,1.68
2004-05-15,0.28665174120412984,1.52
2004-05-16,0.28195607715498144,1.41
2004-05-17,0.2778325125027921,1.4
2004-05-18,0.2741681210366597,1.19
2004-05-19,0.2708525812137092,1.22
2004-05-20,0.2993828503066268,1.19
2004-05-21,0.2743221913918638,1.18
2004-05-22,0.2662396923547134,1.18
2004-05-23,0.26268532202603995,1.1
2004-05-24,0.25976534105785865,1.08
2004-05-25,0.25742131928340034,1.01
2004-05-26,0.2553662545176908,1.01
2004-05-27,0.25220120732391127,1.02
2004-05-28,0.2498007245546849,0.986
2004-05-29,0.27829038898267605,0.973
2004-05-30,0.25172655418881124,0.959
2004-05-31,0.25715289724533286,0.962
2004-06-01,0.40573468746515556,1.04
2004-06-02,0.26989489153951945,1.09
2004-06-03,0.3192378509694529,1.08
2004-06-04,0.26323809007175747,1.02
2004-06-05,0.2505260325254793,1.01
2004-06-06,0.2447016058915773,0.939
2004-06-07,0.2402147128271383,0.844
2004-06-08,0.236322799820052,0.82
2004-06-09,0.23284282654937333,0.803
2004-06-10,0.22970550176008656,0.786
2004-06-11,0.22680451911145433,0.76
2004-06-12,0.23868863975579008,0.782
2004-06-13,0.2230563726043438,0.721
2004-06-14,0.21936562544978142,0.771
2004-06-15,0.21695753017030525,0.739
2004-06-16,0.21475536113772414,0.699
2004-06-17,0.21264113849532376,0.999
2004-06-18,0.21084289757585942,0.876
2004-06-19,0.211106279995813,0.748
2004-06-20,0.21820951146518255,0.778
2004-06-21,0.25183819923574235,0.757
2004-06-22,1.0040614900110998,0.897
2004-06-23,0.42630457763128154,1.17
2004-06-24,0.2703784653111698,1.21
2004-06-25,0.2436334806779715,0.921
2004-06-26,0.23585316712718118,0.843
2004-06-27,0.28262138204748194,0.851
2004-06-28,0.23226924332774193,0.764
2004-06-29,0.2195468656917252,0.75
2004-06-30,0.21255263637937113,1.18
2004-07-01,0.21947860472761127,1.02
2004-07-02,0.295281845864424,0.916
2004-07-03,0.22203260536821467,0.754
2004-07-04,0.21279040964498158,0.705
2004-07-05,0.20256977315736624,0.696
2004-07-06,0.1967578663969293,0.681
2004-07-07,1.1318664193205215,1.24
2004-07-08,1.1126678265033982,2.79
2004-07-09,0.8643283235002225,2.45
2004-07-10,0.35964701547438144,1.48
2004-07-11,0.2656833115465832,1.11
2004-07-12,0.23872241113224138,1.11
2004-07-13,0.2242264398763499,1.02
2004-07-14,0.21492106602210284,0.98
2004-07-15,0.21636920100249318,0.954
2004-07-16,0.205759299754022,0.985
2004-07-17,0.4450595468838777,1.02
2004-07-18,0.7297233517350057,1.2
2004-07-19,0.28251996427547976,1.68
2004-07-20,0.2277529269664471,1.53
2004-07-21,0.21230653177869238,1.1
2004-07-22,0.2194167978640531,1.05
2004-07-23,0.19876334818319424,0.974
2004-07-24,0.19454159630561077,0.95
2004-07-25,0.1890657294481149,0.749
2004-07-26,0.1834201236975971,0.643
2004-07-27,0.1800279025646601,0.627
2004-07-28,0.17727157925328027,0.618
2004-07-29,0.17498434891855053,0.613
2004-07-30,0.17282542548579635,0.584
2004-07-31,0.17096225021623926,0.572
2004-08-01,0.1692862504130833,0.587
2004-08-02,0.16899323532929136,0.703
2004-08-03,0.16947321740068066,0.699
2004-08-04,0.16622587300586988,0.785
2004-08-05,0.1649553230632993,0.751
2004-08-06,0.162637620242407,0.775
2004-08-07,0.1613255792005366,0.777
2004-08-08,0.17168645608648267,0.76
2004-08-09,1.111577054771332,1.3
2004-08-10,1.1170009375316765,4.78
2004-08-11,0.8989392876253924,3.67
2004-08-12,1.0446621406475203,1.64
2004-08-13,0.35378290842026455,1.61
2004-08-14,0.2527467720100167,1.25
2004-08-15,0.22571706026770244,0.89
2004-08-16,0.44876971464683435,0.75
2004-08-17,0.9771731343542576,1.19
2004-08-18,1.1211471659428969,3.67
2004-08-19,0.8262355376387293,6.88
2004-08-20,0.390290322208184,5.05
2004-08-21,0.2823957299029668,1.78
2004-08-22,0.4429392959561849,1.32
2004-08-23,0.3563448499014069,1.31
2004-08-24,0.26915406634730743,1.43
2004-08-25,1.0027394018799936,1.98
2004-08-26,0.624176919739043,6.77
2004-08-27,0.32373621176652045,4.0
2004-08-28,0.26391343201113326,3.05
2004-08-29,0.24663245412725582,1.78
2004-08-30,0.23241418068687397,1.55
2004-08-31,0.21731217548994697,1.39
2004-09-01,0.2081327024050876,1.06
2004-09-02,0.2011125742157069,0.871
2004-09-03,0.1955492339049838,0.866
2004-09-04,0.19111179759978106,0.876
2004-09-05,0.18755605165256636,0.853
2004-09-06,0.18469548978281866,0.991
2004-09-07,0.18238286436428575,0.605
2004-09-08,0.18049719251596827,0.723
2004-09-09,0.17893921389883224,0.654
2004-09-10,0.17783716362720012,0.737
2004-09-11,0.17667995323007538,0.765
2004-09-12,0.18213595203066857,0.696
2004-09-13,0.2047944624508537,0.795
2004-09-14,0.18191856102746395,0.903
2004-09-15,0.17685746212075354,0.877
2004-09-16,0.17500466292193606,0.795
2004-09-17,0.17437598307099123,0.784
2004-09-18,0.17803335134710438,0.71
2004-09-19,0.17259854751295867,0.655
2004-09-20,0.17130191952940105,0.68
2004-09-21,0.17032970759520852,0.572
2004-09-22,0.9371568935605273,0.635
2004-09-23,0.29162566499271686,0.741
2004-09-24,0.20842282459684994,1.02
2004-09-25,0.19487117343357002,0.859
2004-09-26,0.1877784958238496,0.792
2004-09-27,0.18306709403884303,0.766
2004-09-28,0.1801858125768256,0.733
2004-09-29,0.17730111689345607,0.721
2004-09-30,0.6672972679496718,0.884
2004-10-01,0.3012591530204077,0.922
2004-10-02,0.21203024088634628,0.933
2004-10-03,0.5222265045363451,0.911
2004-10-04,0.23795105246912457,0.91
2004-10-05,0.2034197161141807,1.2
2004-10-06,0.19133963077835034,1.0
2004-10-07,0.18721790919053036,0.877
2004-10-08,0.1802869541244586,0.823
2004-10-09,0.1758746502512724,0.728
2004-10-10,0.1724925489853062,0.736
2004-10-11,0.17025969895882845,0.788
2004-10-12,0.2844595228548236,0.703
2004-10-13,0.964847901295716,1.11
2004-10-14,1.0683708511349175,7.19
2004-10-15,1.0165195113033707,8.2
2004-10-16,0.3482346401685632,9.66
2004-10-17,0.2698872060579516,4.16
2004-10-18,0.22744119722460565,2.11
2004-10-19,0.541050000727906,2.27
2004-10-20,0.9462584404112887,3.81
2004-10-21,0.33020835038922736,10.9
2004-10-22,0.24822423641978167,4.56
2004-10-23,0.5749488021085811,2.68
2004-10-24,0.6945254260350077,4.72
2004-10-25,0.3031290398312549,8.06
2004-10-26,0.2442533302846013,2.94
2004-10-27,0.2299586936597927,2.23
2004-10-28,0.8825902055339672,2.41
2004-10-29,0.3060299909374016,7.55
2004-10-30,0.2326780502659474,3.64
2004-10-31,0.21423452292244394,1.92
2004-11-01,0.20857938935235298,1.9
2004-11-02,0.2249724171578506,1.62
2004-11-03,0.20213220692035352,1.72
2004-11-04,0.19106194955727662,1.43
2004-11-05,0.18546604788055202,1.38
2004-11-06,0.18430414630917757,1.34
2004-11-07,0.21858034609265242,1.34
2004-11-08,0.30660963494392973,1.36
2004-11-09,0.48474291532026964,1.76
2004-11-10,0.2314829018971121,4.95
2004-11-11,0.19791696146032461,3.2
2004-11-12,0.18895234503033223,2.07
2004-11-13,0.18366632099601976,1.88
2004-11-14,0.1799237110599255,1.57
2004-11-15,0.17693572204549524,1.67
2004-11-16,0.17447073772938357,1.43
2004-11-17,0.2320272563764593,1.34
2004-11-18,1.0504485406877535,5.47
2004-11-19,1.0356559894118036,11.5
2004-11-20,0.46546511199499846,8.19
2004-11-21,0.2506416448428139,4.61
2004-11-22,0.2113744710358573,2.43
2004-11-23,0.20523619831973855,2.54
2004-11-24,0.19365500082880568,2.33
2004-11-25,0.19803585068612056,2.11
2004-11-26,0.18847767683563224,1.92
2004-11-27,0.30026806175290965,1.83
2004-11-28,0.29160328792292356,1.93
2004-11-29,0.20229261400139995,2.01
2004-11-30,0.1894659751731531,2.11
2004-12-01,0.1839076783727636,2.06
2004-12-02,0.17991819450673435,1.86
2004-12-03,0.17645711523997396,1.61
2004-12-04,0.17321314048081599,1.48
2004-12-05,0.1713978867390587,1.42
2004-12-06,0.1688212077317282,1.27
2004-12-07,0.17052985397187165,1.38
2004-12-08,0.16590720119668645,1.35
2004-12-09,0.1641890522123009,1.33
2004-12-10,0.16287110535010133,1.34
2004-12-11,0.16172788695299214,1.28
2004-12-12,0.16065479223649184,1.24
2004-12-13,0.1596557930509314,1.22
2004-12-14,0.15875543126844252,1.22
2004-12-15,0.1578973399595228,1.23
2004-12-16,0.32005914921626805,1.36
2004-12-17,0.8853783347767125,3.94
2004-12-18,0.28684714299289815,5.0
2004-12-19,0.21209847081294395,3.06
2004-12-20,0.1956413644952206,1.89
2004-12-21,0.7056578794030204,1.78
2004-12-22,0.3079805380837029,5.13
2004-12-23,0.2216549558463431,6.24
2004-12-24,0.2202941226011626,3.98
2004-12-25,0.19865920603072357,3.05
2004-12-26,0.188536839259883,2.14
2004-12-27,0.8805974094593323,1.85
2004-12-28,0.30005914471507794,8.93
2004-12-29,0.2244889968362704,4.81
2004-12-30,0.2053893195940513,3.59
2004-12-31,0.198442702781045,3.03
2005-01-01,0.20097031065926843,2.67
2005-01-02,0.18580748665709992,2.39
2005-01-03,0.17849528512816942,1.91
2005-01-04,0.24928523428103255,1.87
2005-01-05,0.18666275053782475,1.82
2005-01-06,0.17517012666487497,1.69
2005-01-07,0.23491075904935382,1.55
2005-01-08,0.19171993696638537,1.68
2005-01-09,0.17632062573563087,1.57
2005-01-10,0.3133916060040468,1.97
2005-01-11,0.19390849106101105,1.42
2005-01-12,0.17353955972407112,1.52
2005-01-13,0.16749115029175946,1.38
2005-01-14,0.16462160872214576,1.27
2005-01-15,0.16086781235815523,1.34
2005-01-16,0.15810994408249035,1.34
2005-01-17,0.24442549170240396,1.37
2005-01-18,0.3353761638660658,1.52
2005-01-19,0.18789512071683112,1.61
2005-01-20,0.31527506156162954,1.61
2005-01-21,0.18799738351126705,2.09
2005-01-22,0.17063857221452433,2.07
2005-01-23,0.2243617824638694,1.72
2005-01-24,0.3627693074285549,1.6
2005-01-25,0.19947775729124065,2.04
2005-01-26,0.17849333154475705,2.32
2005-01-27,0.7575079251850604,2.28
2005-01-28,0.7856057218890432,10.7
2005-01-29,0.33826970940701206,11.8
2005-01-30,0.2621756147802915,6.28
2005-01-31,0.2535829313234306,4.63
2005-02-01,0.22634715453123144,3.1
2005-02-02,0.20829382412402023,2.19
2005-02-03,0.19551290878000882,2.36
2005-02-04,0.1859577707681721,2.22
2005-02-05,0.17879797098864486,2.24
2005-02-06,0.17397717192024503,2.03
2005-02-07,0.16799033112456133,1.79
2005-02-08,0.16422466733615876,1.68
2005-02-09,0.1637004165016765,1.61
2005-02-10,0.6785102617653591,1.82
2005-02-11,0.6173325360208148,4.25
2005-02-12,0.27414832443635506,10.2
2005-02-13,0.41777214258879214,7.21
2005-02-14,0.3785132289703268,4.82
2005-02-15,0.2617612147138791,3.73
2005-02-16,0.2282419333685298,2.98
2005-02-17,0.2656979989336845,2.47
2005-02-18,0.22348610615669645,2.51
2005-02-19,0.20314293058046928,2.43
2005-02-20,0.30120661299462353,2.2
2005-02-21,0.3983272516991964,2.33
2005-02-22,0.3273619776852996,2.87
2005-02-23,0.3700589170099944,3.58
2005-02-24,0.40185053775419166,5.13
2005-02-25,0.3220764324716198,6.04
2005-02-26,0.2834677102512767,5.24
2005-02-27,0.24504336825269674,4.55
2005-02-28,0.22993126189809224,3.57
2005-03-01,0.48571655403743164,3.86
2005-03-02,0.46759209366137433,5.33
2005-03-03,0.3395528341874487,4.2
2005-03-04,0.4947925629153745,4.57
2005-03-05,0.32651632567915573,6.47
2005-03-06,0.2691185642098998,5.35
2005-03-07,0.2515242659910928,3.71
2005-03-08,0.23629215327683334,3.14
2005-03-09,0.2207577558610426,2.72
2005-03-10,0.2098940152355391,2.55
2005-03-11,0.20409907672774702,2.67
2005-03-12,0.19631759104188018,2.66
2005-03-13,0.19133527850421406,2.22
2005-03-14,0.18765480427520623,2.02
2005-03-15,0.18458842956619978,1.9
2005-03-16,0.18229817258361336,1.81
2005-03-17,0.18027334012347204,1.74
2005-03-18,0.17870216828884122,1.63
2005-03-19,0.17744650073590096,1.59
2005-03-20,0.17636353822784456,1.59
2005-03-21,0.17550645163759238,1.59
2005-03-22,0.2513077423064928,1.63
2005-03-23,0.18895004496449155,1.57
2005-03-24,0.1929490971347466,1.48
2005-03-25,0.18083026879873146,1.46
2005-03-26,0.4740774351275291,1.62
2005-03-27,0.2159199275187917,1.6
2005-03-28,0.18961312314367218,1.46
2005-03-29,0.2464716544426519,1.39
2005-03-30,0.19361876197456265,1.4
2005-03-31,0.18425137679787634,1.37
2005-04-01,0.18067860475388395,1.23
2005-04-02,0.1780866997034001,1.22
2005-04-03,0.17625844662632204,1.24
2005-04-04,0.20500484082438944,1.23
2005-04-05,0.1772711054326793,1.23
2005-04-06,0.18875352217138566,1.23
2005-04-07,0.24617313681628064,1.25
2005-04-08,0.1881350845091549,1.27
2005-04-09,0.1777342446962054,1.19
2005-04-10,0.17360323948245424,1.12
2005-04-11,0.17122748485588427,1.09
2005-04-12,0.3482508391178767,1.11
2005-04-13,0.22170705801480137,1.23
2005-04-14,0.25743770835015245,1.35
2005-04-15,0.4505301129431112,1.36
2005-04-16,0.21918509171296247,1.43
2005-04-17,0.41581651679868487,1.35
2005-04-18,0.21988555730881687,1.46
2005-04-19,0.19173514001835673,1.37
2005-04-20,0.1833793884926676,1.22
2005-04-21,0.1780367600515628,1.13
2005-04-22,0.17378861582164246,1.11
2005-04-23,0.17026201158617238,1.09
2005-04-24,0.1682783198106662,1.06
2005-04-25,0.16666093264970777,1.06
2005-04-26,0.24452482853602725,1.05
2005-04-27,0.1778773947678984,1.02
2005-04-28,0.16830814969647542,1.01
2005-04-29,0.16428465786153598,0.98
2005-04-30,0.16630665476213827,0.993
2005-05-01,0.16259219706167105,0.97
2005-05-02,0.16133767797714244,0.969
2005-05-03,0.19411693741902408,0.975
2005-05-04,0.16522781995113991,0.964
2005-05-05,0.16024138991790743,0.939
2005-05-06,0.43280843775388383,0.909
2005-05-07,0.20524008004661595,1.26
2005-05-08,0.2137360103699245,1.24
2005-05-09,0.1728099191216089,1.05
2005-05-10,0.16488434222279252,1.01
2005-05-11,0.15863506930535196,1.0
2005-05-12,0.1552208199439169,0.934
2005-05-13,0.15253048938445812,0.909
2005-05-14,0.15021101699385186,0.895
2005-05-15,0.14819505357539195,0.881
2005-05-16,0.2134920696034862,0.929
2005-05-17,0.16111303488439027,0.925
2005-05-18,0.15623333161005493,0.933
2005-05-19,0.15775134264650023,0.963
2005-05-20,0.150829759638353,0.985
2005-05-21,0.2134859026445174,0.952
2005-05-22,0.15288612822775846,0.962
2005-05-23,0.14596377930274215,0.969
2005-05-24,0.14321533069356357,1.17
2005-05-25,0.14107809635051172,1.0
2005-05-26,0.13920512442456098,0.871
2005-05-27,0.13754348003870392,0.854
2005-05-28,0.1360447914242233,0.811
2005-05-29,0.27446187599622696,0.772
2005-05-30,0.3343628857821526,0.94
2005-05-31,0.17706739692094617,0.734
2005-06-01,0.15929209012155385,0.711
2005-06-02,0.14857968382492306,0.876
2005-06-03,0.7088266531769026,0.895
2005-06-04,0.23690784277854526,1.44
2005-06-05,0.17235579961846276,1.09
2005-06-06,0.15789528530252267,0.896
2005-06-07,0.15081983374718932,0.903
2005-06-08,0.1455639799492766,0.788
2005-06-09,0.14132271911063093,0.834
2005-06-10,0.13782603328268356,0.911
2005-06-11,0.13482697645414568,0.795
2005-06-12,0.13237953769657168,0.77
2005-06-13,0.13020232222675465,0.755
2005-06-14,0.12862916634047253,0.733
2005-06-15,0.13007191440606647,0.749
2005-06-16,0.12569024262730838,0.73
2005-06-17,0.12407937039618196,0.722
2005-06-18,0.12287626665771871,0.695
2005-06-19,0.1219272104593276,0.648
2005-06-20,0.12716143269928698,0.619
2005-06-21,0.12057846335580062,0.625
2005-06-22,0.11902608063416766,0.603
2005-06-23,0.11807886249512156,0.587
2005-06-24,0.16276399048535395,0.91
2005-06-25,0.12490099599912671,1.25
2005-06-26,0.1202567682487369,1.26
2005-06-27,0.11872962367805502,1.26
2005-06-28,0.2753361320913127,1.35
2005-06-29,0.4658152263486811,1.8
2005-06-30,0.2448418557014163,1.72
2005-07-01,0.15704844881602056,1.62
2005-07-02,0.14169575676333646,1.54
2005-07-03,0.1396838337799463,1.52
2005-07-04,0.13751628537319535,1.61
2005-07-05,0.313702378206255,1.69
2005-07-06,0.7855143524818989,1.94
2005-07-07,0.23423178870042408,1.85
2005-07-08,0.16433662070747643,1.79
2005-07-09,0.14870532071243062,1.64
2005-07-10,0.1403179242174005,1.59
2005-07-11,0.13399110441247875,1.57
2005-07-12,0.12891778030609177,1.55
2005-07-13,0.13195410964380888,1.55
2005-07-14,0.12202727077589288,1.54
2005-07-15,0.11869950602129431,1.36
2005-07-16,0.11632074743109018,1.24
2005-07-17,0.11438434535324585,1.19
2005-07-18,0.11630420357005494,1.18
2005-07-19,0.11175258892645805,1.23
2005-07-20,0.1102104684224888,1.04
2005-07-21,0.1090961007867732,0.941
2005-07-22,0.10813937521170036,0.819
2005-07-23,0.10729408634481366,0.959
2005-07-24,0.647978232578565,1.08
2005-07-25,0.18981593975506633,1.14
2005-07-26,0.14044147923618794,1.04
2005-07-27,0.20343005198265118,1.05
2005-07-28,0.13602750066904257,1.1
2005-07-29,0.12269883385403575,0.961
2005-07-30,0.12166056541849816,0.802
2005-07-31,0.11532717912507744,0.727
2005-08-01,0.11222538598085159,0.721
2005-08-02,0.11409228749871309,0.707
2005-08-03,0.10892434753253674,0.713
2005-08-04,0.1652785248359063,0.705
2005-08-05,0.12198064083001103,0.81
2005-08-06,0.11437125586823539,0.779
2005-08-07,0.11106353437459131,0.729
2005-08-08,0.10867879601753312,0.743
2005-08-09,0.10699747493368246,0.712
2005-08-10,0.10522118933186575,0.696
2005-08-11,0.3079875246343825,0.963
2005-08-12,0.16692472550857076,0.981
2005-08-13,0.31601313697002514,1.11
2005-08-14,0.15468483007912057,1.09
2005-08-15,0.12820571054487054,1.02
2005-08-16,0.12054129076880124,0.986
2005-08-17,0.11577818092505594,0.983
2005-08-18,0.11619575527312057,0.997
2005-08-19,0.9470666317214796,1.38
2005-08-20,0.4711489939825931,1.38
2005-08-21,0.18659208672562072,1.12
2005-08-22,0.5260182282876197,1.16
2005-08-23,0.19332524552612892,1.18
2005-08-24,0.3910031236184398,1.21
2005-08-25,0.31725130001693774,1.0
2005-08-26,0.1739972884871276,0.757
2005-08-27,0.14956485813064635,0.859
2005-08-28,0.13893372031464898,0.816
2005-08-29,0.13139333838184614,0.771
2005-08-30,0.12547471231453183,0.741
2005-08-31,0.12089898707240197,0.747
2005-09-01,0.11699102212238127,0.831
2005-09-02,0.11394888641744988,0.742
2005-09-03,0.11150639512451038,0.749
2005-09-04,0.6941778863114998,0.72
2005-09-05,0.38808140907239125,0.794
2005-09-06,0.1637550842453173,1.09
2005-09-07,0.13412975930091858,0.925
2005-09-08,0.12833507426488827,0.87
2005-09-09,0.6798674227939475,1.06
2005-09-10,0.6712163616291511,1.18
2005-09-11,0.2207699404402279,1.33
2005-09-12,0.16160736489808852,1.02
2005-09-13,0.1470339827049992,0.893
2005-09-14,0.14301616998154518,0.913
2005-09-15,0.6141223707375332,0.997
2005-09-16,0.200579889476263,1.09
2005-09-17,0.14995538039689063,1.0
2005-09-18,0.13839332686770367,0.942
2005-09-19,0.13214325686578687,0.888
2005-09-20,0.1275451926811285,0.923
2005-09-21,0.12354440001624092,0.906
2005-09-22,0.12051895838078293,0.892
2005-09-23,0.12376963788003502,0.894
2005-09-24,0.11677366507818684,0.908
2005-09-25,0.11531653287107788,0.891
2005-09-26,0.139477097235735,0.882
2005-09-27,0.11987081294451475,0.905
2005-09-28,0.12828821555062525,0.905
2005-09-29,0.43379953132664356,0.809
2005-09-30,0.16410640461585965,1.05
2005-10-01,0.13632681064823074,0.952
2005-10-02,0.12443638616385704,0.83
2005-10-03,0.12055841279153612,0.804
2005-10-04,0.11801961392146466,0.773
2005-10-05,0.11601545038212327,0.78
2005-10-06,0.11437694512775863,0.779
2005-10-07,0.11313149950273015,0.781
2005-10-08,0.115255837934295,0.714
2005-10-09,0.11125657254494929,0.675
2005-10-10,0.11012806201631326,0.668
2005-10-11,0.1097379633633115,0.661
2005-10-12,0.7101307177102489,0.707
2005-10-13,0.34533030756399063,0.822
2005-10-14,0.1642598994276291,0.939
2005-10-15,0.13876558575565667,0.771
2005-10-16,0.1308606430197522,0.729
2005-10-17,0.12574768501156344,0.699
2005-10-18,0.41980702615106197,0.705
2005-10-19,0.5259790263674554,0.919
2005-10-20,0.21678104728591704,0.891
2005-10-21,0.485470629337193,1.04
2005-10-22,0.18514846452457315,1.15
2005-10-23,0.9836219783038983,1.03
2005-10-24,1.0742279673219015,2.51
2005-10-25,0.4934531275822543,2.88
2005-10-26,0.23279564197151634,1.84
2005-10-27,0.18916983878443763,1.21
2005-10-28,0.2842716497825025,1.04
2005-10-29,0.17988098303090105,0.965
2005-10-30,0.36507629144577985,0.87
2005-10-31,0.9827546818014007,1.57
2005-11-01,0.5514596129715843,2.74
2005-11-02,0.49776798145364587,1.92
2005-11-03,0.2450573722421011,1.88
2005-11-04,0.2014881939264804,1.67
2005-11-05,0.18376532967689932,1.25
2005-11-06,0.4116937109451764,1.09
2005-11-07,0.19730231751474103,1.08
2005-11-08,0.16788914307862116,1.05
2005-11-09,0.15768145029501493,0.911
2005-11-10,0.1511706581532053,0.871
2005-11-11,0.2745524895499186,0.863
2005-11-12,0.16202220074718032,0.872
2005-11-13,0.14714200360214655,0.852
2005-11-14,0.1755849440524095,0.817
2005-11-15,0.14370303110189714,0.8
2005-11-16,0.13878475800541026,0.773
2005-11-17,0.13643869248685156,0.756
2005-11-18,0.1347388998562078,0.744
2005-11-19,0.13343047582205014,0.741
2005-11-20,0.13234289634498683,0.727
2005-11-21,0.131425404527174,0.921
2005-11-22,0.13070931490031892,0.731
2005-11-23,0.13007661053518602,0.586
2005-11-24,0.13114244939603936,0.652
2005-11-25,0.3117345192809138,0.762
2005-11-26,0.44673213347704616,0.933
2005-11-27,0.18111281198535403,1.01
2005-11-28,0.14943097861091337,0.989
2005-11-29,0.14276740899688944,0.922
2005-11-30,0.141581741857034,0.865
2005-12-01,0.2554676459106636,0.876
2005-12-02,0.2288093231024222,0.925
2005-12-03,0.15382393475646014,0.939
2005-12-04,0.14223237683818862,0.893
2005-12-05,0.13814851975218126,0.852
2005-12-06,0.13574219872405088,0.823
2005-12-07,0.34971404188382577,0.783
2005-12-08,0.16444143496909788,0.841
2005-12-09,0.14220284720875534,0.823
2005-12-10,0.13723394752450926,0.75
2005-12-11,0.13478661127039354,0.743
2005-12-12,0.13284440869505695,0.786
2005-12-13,0.13098635065994252,1.18
2005-12-14,0.12954794596320035,1.47
2005-12-15,0.12930431617533306,1.44
2005-12-16,0.1273538278014312,1.43
2005-12-17,0.1263048248469447,1.41
2005-12-18,0.1822299074847223,1.41
2005-12-19,0.13396175537625546,1.41
2005-12-20,0.1279187265814849,1.4
2005-12-21,0.12722157906270778,1.41
2005-12-22,0.1247743169621293,1.43
2005-12-23,0.12366467397969287,1.43
2005-12-24,0.12284733306724417,1.41
2005-12-25,0.12196375665963687,1.41
2005-12-26,0.17270398485371372,1.39
2005-12-27,0.24928156268235982,1.43
2005-12-28,0.14050228289864575,1.42
2005-12-29,0.14211030265659685,1.41
2005-12-30,0.9366987099746997,2.41
2005-12-31,0.6039746756575367,7.03
2006-01-01,0.2504125096746087,3.84
2006-01-02,0.16404094314835865,1.67
2006-01-03,0.3135937657981426,1.28
2006-01-04,0.16791951913378153,1.99
2006-01-05,0.14807637524431244,1.97
2006-01-06,0.19803929965220082,1.82
2006-01-07,0.1995485761965603,1.72
2006-01-08,0.37410172730711233,1.69
2006-01-09,0.17205180027349398,1.9
2006-01-10,0.21356215748644197,2.12
2006-01-11,0.15218500510093033,2.03
2006-01-12,0.13984288913736906,1.88
2006-01-13,0.1342426648198123,1.74
2006-01-14,0.13052499101538886,1.62
2006-01-15,0.12750985816764407,1.59
2006-01-16,0.3577724949396932,1.6
2006-01-17,0.22604896105009228,1.68
2006-01-18,0.14618883564793547,1.63
2006-01-19,0.13402623315913684,1.62
2006-01-20,0.12996885221171756,1.59
2006-01-21,0.12526594287833492,1.42
2006-01-22,0.1225803183281699,1.22
2006-01-23,0.12046338648226056,1.18
2006-01-24,0.11871164465390557,1.17
2006-01-25,0.11731421456933847,1.15
2006-01-26,0.11598849357679826,1.5
2006-01-27,0.1148681506125126,1.62
2006-01-28,0.11385784079452715,1.61
2006-01-29,0.11295898449443552,1.58
2006-01-30,0.11214178772427767,1.58
2006-01-31,0.11139473788877997,1.75
2006-02-01,0.11069029774841481,1.78
2006-02-02,0.11002285119253956,1.77
2006-02-03,0.10938142240813883,1.84
2006-02-04,0.10875839199256869,1.85
2006-02-05,0.10814926847314436,1.84
2006-02-06,0.1075494710933253,1.96
2006-02-07,0.293957042044012,2.67
2006-02-08,0.13385024010877916,2.61
2006-02-09,0.11568618984399096,2.48
2006-02-10,0.11191280490501213,2.42
2006-02-11,0.3428075462653096,2.18
2006-02-12,0.5826757111520893,2.45
2006-02-13,0.17984851761939474,3.41
2006-02-14,0.6312552308172967,3.16
2006-02-15,0.19869467957320822,4.87
2006-02-16,0.18154822856663783,5.11
2006-02-17,0.141715421580898,3.25
2006-02-18,0.13168454016147754,2.08
2006-02-19,0.12541434987122682,2.02
2006-02-20,0.12256291621352798,1.91
2006-02-21,0.12186972916519667,2.88
2006-02-22,0.11608038788116153,2.2
2006-02-23,0.33934616116715,2.45
2006-02-24,0.1419680516205187,2.65
2006-02-25,0.11939677899660528,2.67
2006-02-26,0.1147824237278097,2.54
2006-02-27,0.3315564930358188,2.4
2006-02-28,0.141956664216714,2.56
2006-03-01,0.11912950443724447,2.5
2006-03-02,0.11398031969283187,2.42
2006-03-03,0.11067192999175597,2.33
2006-03-04,0.10826276706717833,1.47
2006-03-05,0.10631808542641091,1.15
2006-03-06,0.1046757147699774,1.0
2006-03-07,0.569096932851479,0.941
2006-03-08,0.6706590321216228,2.36
2006-03-09,0.29217380323902836,7.17
2006-03-10,0.4556651730798735,5.06
2006-03-11,0.19672569658489616,7.77
2006-03-12,0.1574316690483782,4.49
2006-03-13,0.14384708449831363,3.0
2006-03-14,0.13828269277490676,3.31
2006-03-15,0.12837388100011063,3.05
2006-03-16,0.12255125594932473,2.82
2006-03-17,0.1180864636757278,2.7
2006-03-18,0.11451162440463468,2.65
2006-03-19,0.11164183114939567,2.62
2006-03-20,0.10928725156900129,2.59
2006-03-21,0.10737440513780488,2.55
2006-03-22,0.10580352851817237,2.51
2006-03-23,0.16230837137706128,2.78
2006-03-24,0.12074782079921657,2.41
2006-03-25,0.11062904917555479,2.38
2006-03-26,0.11017604114938681,2.3
2006-03-27,0.1045855301889125,2.29
2006-03-28,0.10334348965810473,2.25
2006-03-29,0.3457888362365551,2.2
2006-03-30,0.16152712242955325,2.24
2006-03-31,0.12294614318195798,2.36
2006-04-01,0.16937349168368238,2.3
2006-04-02,0.2014846854256307,2.37
2006-04-03,0.13046896286541,2.3
2006-04-04,0.11890017343380091,2.17
2006-04-05,0.11393009091799892,1.67
2006-04-06,0.11065599329757973,1.59
2006-04-07,0.11246695091252411,1.58
2006-04-08,0.10649039179150792,1.58
2006-04-09,0.36919143335370336,1.59
2006-04-10,0.14392963288466784,1.66
2006-04-11,0.2525723951486984,1.48
2006-04-12,0.13508691595397215,1.38
2006-04-13,0.22079317503805354,1.4
2006-04-14,0.13127588188842096,1.49
2006-04-15,0.11859936394277505,1.33
2006-04-16,0.1175938167553641,1.24
2006-04-17,0.11079641056715328,1.18
2006-04-18,0.1074966512272254,1.12
2006-04-19,0.10706557253175937,1.09
2006-04-20,0.10400804711050718,1.1
2006-04-21,0.1052936929195497,1.1
2006-04-22,0.10243506321572471,1.04
2006-04-23,0.10301661206739694,1.03
2006-04-24,0.09871240332480484,0.915
2006-04-25,0.09758177477622881,1.06
2006-04-26,0.09679887928906326,0.998
2006-04-27,0.09607507087561236,0.951
2006-04-28,0.09557329515153985,0.947
2006-04-29,0.09564764360887805,0.895
2006-04-30,0.757721759655776,0.916
2006-05-01,0.19562559136018612,1.29
2006-05-02,0.12813774507515316,1.24
2006-05-03,0.1161317077256583,1.05
2006-05-04,0.11087431309102293,0.982
2006-05-05,0.10710842872227412,1.13
2006-05-06,1.001464901130721,1.88
2006-05-07,1.0014288574007686,14.4
2006-05-08,0.8799251558352208,8.15
2006-05-09,0.3697267802296721,8.17
2006-05-10,0.19495891198970505,3.22
2006-05-11,0.16114360035051295,1.55
2006-05-12,0.1510279793106988,1.4
2006-05-13,0.13802500299815632,1.3
2006-05-14,0.1294398335483893,1.16
2006-05-15,0.12332344671786771,1.08
2006-05-16,0.11905665354600833,1.03
2006-05-17,0.3895023664878031,1.03
2006-05-18,0.15849529416672348,1.22
2006-05-19,0.4457756819073616,1.15
2006-05-20,0.1786934130165042,1.25
2006-05-21,0.4188549906643925,1.36
2006-05-22,0.6928826056461237,1.73
2006-05-23,0.22446071174764134,4.11
2006-05-24,0.5373115089147078,1.45
2006-05-25,0.5649954958516737,2.0
2006-05-26,0.23587154851755857,3.78
2006-05-27,0.2533808958029254,3.46
2006-05-28,0.18285401675127022,2.55
2006-05-29,0.28110210344291336,1.89
2006-05-30,0.17790211246849463,1.97
2006-05-31,0.15453715703853535,1.61
2006-06-01,0.14665780539400544,1.36
2006-06-02,0.13822961575877724,1.24
2006-06-03,0.13280748767748243,1.15
2006-06-04,0.13157120798076558,1.09
2006-06-05,0.1256144803602938,1.02
2006-06-06,0.12279574557865275,0.975
2006-06-07,0.23609264247179992,0.919
2006-06-08,0.14264479104190675,0.885
2006-06-09,0.12836893658054804,1.13
2006-06-10,0.12435643959200934,1.2
2006-06-11,0.12206402813407555,1.14
2006-06-12,0.1555208912773775,1.11
2006-06-13,0.9036410560719476,1.31
2006-06-14,0.24617511243986184,1.66
2006-06-15,0.16605083135119855,1.39
2006-06-16,0.15060798053706675,1.77
2006-06-17,0.1431409323354202,1.77
2006-06-18,0.13772051235599422,1.75
2006-06-19,0.13346428079563638,1.74
2006-06-20,0.13607109557771516,1.72
2006-06-21,0.12795186378397297,1.7
2006-06-22,0.12522796484374785,1.7
2006-06-23,0.12594080998438667,1.71
2006-06-24,0.12326652338500341,2.09
2006-06-25,0.26269697273532944,2.19
2006-06-26,0.15246646197600197,1.92
2006-06-27,0.132557631481191,1.64
2006-06-28,0.1278121938431631,1.25
2006-06-29,0.1252942376837609,1.08
2006-06-30,0.12339690421350884,1.04
2006-07-01,0.12185332162270819,1.01
2006-07-02,0.12057121287982316,0.984
2006-07-03,0.11949152358319576,0.957
2006-07-04,0.12180644495862168,0.958
2006-07-05,0.1278305531513834,0.957
2006-07-06,0.11822908751795977,0.77
2006-07-07,0.11737626812552145,0.649
2006-07-08,0.12481597847936482,0.617
2006-07-09,0.11624546430704405,0.605
2006-07-10,0.12141801506936632,0.594
2006-07-11,0.11498822191550775,0.585
2006-07-12,0.11387380630872003,0.568
2006-07-13,0.1133078507166326,0.551
2006-07-14,0.11281994588646241,0.5
2006-07-15,0.11233990757236573,0.42
2006-07-16,0.11185319972511425,0.416
2006-07-17,0.11136436923025275,0.449
2006-07-18,0.11086992724360614,0.436
2006-07-19,0.11153215623769976,0.419
2006-07-20,0.10999659113704435,0.41
2006-07-21,0.11100942433248048,0.385
2006-07-22,0.1180392290256641,0.393
2006-07-23,0.10911561883538816,0.394
2006-07-24,0.10782519218563716,0.405
2006-07-25,0.10720993208210373,0.393
2006-07-26,0.1135823747545784,0.394
2006-07-27,0.411390947417553,0.39
2006-07-28,0.1457984787167652,0.382
2006-07-29,0.12072838165748513,0.373
2006-07-30,0.11518300032511951,0.367
2006-07-31,0.11782953889498247,0.378
2006-08-01,0.1140179955673476,0.384
2006-08-02,0.30614854422719956,0.384
2006-08-03,0.14608740811771884,0.4
2006-08-04,0.12447901589323312,0.407
2006-08-05,0.11835436630227676,0.548
2006-08-06,0.18234492066982946,0.542
2006-08-07,0.1306162764916235,0.6
2006-08-08,0.12087183968516098,0.554
2006-08-09,0.11513497520261728,0.542
2006-08-10,0.11172525949595129,0.541
2006-08-11,0.598828476916844,0.602
2006-08-12,1.0334829170933617,0.791
2006-08-13,0.8304363762142475,1.19
2006-08-14,0.26046012107572925,1.24
2006-08-15,0.18038447035581529,0.958
2006-08-16,0.1629211223830608,0.95
2006-08-17,0.15136714289636732,1.2
2006-08-18,0.14200558829665177,1.07
2006-08-19,0.26794350815262125,0.965
2006-08-20,0.17862951418335238,0.985
2006-08-21,0.30545391504254055,1.17
2006-08-22,0.15546688229504332,1.13
2006-08-23,0.9549533595275422,1.26
2006-08-24,0.8334783181184579,1.99
2006-08-25,0.3572486665032891,2.0
2006-08-26,0.2024855337919287,1.48
2006-08-27,0.4228883751997077,1.34
2006-08-28,0.20756724358296433,1.41
2006-08-29,0.17281409747375304,1.85
2006-08-30,0.15789762991200265,1.31
2006-08-31,0.14726660800740293,0.954
2006-09-01,0.1386826278024282,0.739
2006-09-02,0.13755929164333663,0.654
2006-09-03,0.12877444024489287,0.615
2006-09-04,0.12513746285943764,0.588
2006-09-05,0.12211719797198034,0.567
2006-09-06,0.11992457751823911,0.534
2006-09-07,0.11817531036424923,0.533
2006-09-08,0.11681173099040047,0.489
2006-09-09,0.11567587281034658,0.425
2006-09-10,0.11477189432123695,0.434
2006-09-11,0.11813778495750193,0.452
2006-09-12,0.32045981624895914,0.469
2006-09-13,0.6517436968964577,0.755
2006-09-14,0.20388750909982944,1.11
2006-09-15,0.14938632954304246,1.31
2006-09-16,0.13794765629663713,1.04
2006-09-17,0.13322904494802063,0.963
2006-09-18,0.12836555399856472,0.941
2006-09-19,0.12505724012490502,0.922
2006-09-20,0.12244524184156952,0.812
2006-09-21,0.16501605292270896,0.925
2006-09-22,0.8633650821772682,1.21
2006-09-23,0.3498578978455819,1.71
2006-09-24,0.3465902151930203,1.25
2006-09-25,0.48641707303259746,1.39
2006-09-26,0.2016506862367251,1.24
2006-09-27,0.16298421902541266,0.928
2006-09-28,0.6434521901543147,0.799
2006-09-29,0.35781505042742906,3.46
2006-09-30,0.19160873042198145,2.43
2006-10-01,0.24279953934862014,1.57
2006-10-02,0.1744002226885423,1.71
2006-10-03,0.1558930201133588,1.68
2006-10-04,0.14696734444838358,1.09
2006-10-05,0.35415982355045295,0.751
2006-10-06,0.3313999048881479,0.923
2006-10-07,0.17388028591234986,1.11
2006-10-08,0.15125282793919653,1.08
2006-10-09,0.5535276366782216,1.02
2006-10-10,0.20358931899562852,1.0
2006-10-11,0.2774773161484008,1.23
2006-10-12,0.1709682380911926,0.998
2006-10-13,0.15222185021194934,0.914
2006-10-14,0.14498858793094613,0.816
2006-10-15,0.14014323561268968,0.73
2006-10-16,0.1364519778473802,0.686
2006-10-17,0.17214822644577013,0.506
2006-10-18,0.14418456563336746,0.663
2006-10-19,0.1358224151929821,0.683
2006-10-20,0.13385690024903768,0.689
2006-10-21,0.13224885722890564,0.639
2006-10-22,0.7410915835224181,0.8
2006-10-23,1.0169823283322657,1.06
2006-10-24,0.38898486378545816,3.63
2006-10-25,0.3183283155488185,3.18
2006-10-26,0.19566830285430503,1.8
2006-10-27,0.17531573349419977,1.41
2006-10-28,0.16283438020225138,1.09
2006-10-29,0.1543199166381918,0.953
2006-10-30,0.1482991299112399,0.891
2006-10-31,0.14411207606780688,0.813
2006-11-01,0.139922343577292,0.765
2006-11-02,0.13682958582068067,0.752
2006-11-03,0.13433771997067825,0.689
2006-11-04,0.13233172336923807,0.674
2006-11-05,0.13069861575651787,0.66
2006-11-06,0.12943244923233865,0.671
2006-11-07,0.12822210894186536,0.662
2006-11-08,0.13011908980057688,0.672
2006-11-09,0.1267092399477602,0.673
2006-11-10,0.5856177905172814,0.745
2006-11-11,0.19396803285545322,0.755
2006-11-12,0.15020227533093186,0.813
2006-11-13,0.14091472554984968,0.758
2006-11-14,0.22432491760172465,0.753
2006-11-15,0.2655803295167166,0.736
2006-11-16,0.442908345961015,0.885
2006-11-17,0.99827205111924,3.39
2006-11-18,0.613431975605068,13.0
2006-11-19,0.23931389142644557,4.78
2006-11-20,0.18096167874425367,2.61
2006-11-21,0.16538499297896914,2.11
2006-11-22,1.0546040626036293,2.31
2006-11-23,0.5913963277089492,13.2
2006-11-24,0.6626256288109624,6.67
2006-11-25,0.6587600882646121,8.94
2006-11-26,0.7595168617179608,13.4
2006-11-27,0.38057477330467143,8.79
2006-11-28,0.2842059120312294,5.02
2006-11-29,0.23236991753753394,4.27
2006-11-30,0.21318207131208886,2.88
2006-12-01,0.3237176791377714,2.59
2006-12-02,0.44669241595613907,2.42
2006-12-03,0.23366934321419885,3.2
2006-12-04,0.19689660021848143,3.8
2006-12-05,0.18606930912494415,2.89
2006-12-06,0.6786939793331341,2.37
2006-12-07,0.29796978444804656,4.07
2006-12-08,0.21522366828871609,4.6
2006-12-09,0.19087077158191573,2.1
2006-12-10,0.5854273950131758,1.88
2006-12-11,0.6024587115597025,5.73
2006-12-12,0.28342073407591234,7.45
2006-12-13,0.2317810771450056,4.27
2006-12-14,0.21252491111675362,2.75
2006-12-15,0.6685353909608457,2.35
2006-12-16,0.27828267218395064,2.83
2006-12-17,0.22575149416603493,3.5
2006-12-18,0.2087736436563454,2.54
2006-12-19,0.1978765343291687,2.02
2006-12-20,0.18983402679429026,1.75
2006-12-21,0.18314917005250467,1.6
2006-12-22,0.17800603631034576,1.52
2006-12-23,0.17346022936364972,1.48
2006-12-24,0.1701804565958701,1.47
2006-12-25,0.16765579760469712,1.43
2006-12-26,0.16665782364011872,1.39
2006-12-27,0.4016765997682443,1.39
2006-12-28,0.19988276516822334,1.46
2006-12-29,0.6075541513326255,2.22
2006-12-30,0.8407326778488116,5.95
2006-12-31,0.5298655430621665,14.5
2007-01-01,0.4400555197706792,9.3
2007-01-02,0.3047846337591976,5.18
2007-01-03,0.3371225749047575,2.99
2007-01-04,0.2663317177377222,3.52
2007-01-05,0.2798991994614221,2.68
2007-01-06,1.267684621279423,8.61
2007-01-07,0.7716603010728649,18.0
2007-01-08,0.4482607492695028,9.76
2007-01-09,0.9123285179798618,7.73
2007-01-10,0.668330227057587,10.5
2007-01-11,0.5228710300066514,10.6
2007-01-12,0.3955848832534233,5.18
2007-01-13,0.356821924146327,4.31
2007-01-14,0.31890503825837496,2.69
2007-01-15,0.37725876704890343,2.5
2007-01-16,0.9089093516181348,4.27
2007-01-17,1.5483758223203052,14.4
2007-01-18,0.77913458569686,21.6
2007-01-19,0.6728316462523988,15.2
2007-01-20,0.5073270166785085,6.21
2007-01-21,0.4562678064818827,4.91
2007-01-22,0.40689352505631016,2.79
2007-01-23,0.36989143138888597,2.65
2007-01-24,0.3390145343336986,2.55
2007-01-25,0.318669408200345,2.19
2007-01-26,0.3063434059699473,2.01
2007-01-27,0.28924542418723304,1.84
2007-01-28,0.2792120415859884,1.73
2007-01-29,0.2718163223900509,1.76
2007-01-30,0.2662222989835292,1.68
2007-01-31,0.2620930311811213,1.63
2007-02-01,0.2587992930663945,1.57
2007-02-02,0.256429533288699,1.49
2007-02-03,0.25476616884548514,1.46
2007-02-04,0.2535178338425812,1.42
2007-02-05,0.252613116331551,1.46
2007-02-06,0.2519560646733118,1.47
2007-02-07,0.41219278000893317,1.45
2007-02-08,0.34304581415242713,1.52
2007-02-09,0.6658154908743773,1.62
2007-02-10,1.0329340903594282,6.9
2007-02-11,0.4913191553963258,15.2
2007-02-12,1.2919898656407207,15.7
2007-02-13,1.3918761639420878,18.3
2007-02-14,0.8938999571245293,17.0
2007-02-15,0.63212470220166,11.9
2007-02-16,0.5469160573229753,5.81
2007-02-17,0.4919346013182197,4.15
2007-02-18,0.4499412462109382,3.23
2007-02-19,0.4651703424018871,2.91
2007-02-20,0.9166072004313239,2.81
2007-02-21,0.6156164328908377,4.09
2007-02-22,0.633877887710834,5.43
2007-02-23,0.8129698419173083,5.46
2007-02-24,1.738921353187894,7.1
2007-02-25,0.8789316269166536,18.4
2007-02-26,0.916887030914432,13.0
2007-02-27,0.911330504376408,8.95
2007-02-28,0.6760993442869762,8.79
2007-03-01,0.5906726353277987,4.79
2007-03-02,1.4960860535748988,3.57
2007-03-03,0.7778830123403526,6.21
2007-03-04,1.5696835072490554,7.59
2007-03-05,1.6008146213744692,14.0
2007-03-06,1.153047168087944,15.0
2007-03-07,0.882532773387844,9.36
2007-03-08,1.0218906293047532,4.22
2007-03-09,0.7854853080034999,3.44
2007-03-10,0.6967071793435629,3.01
2007-03-11,0.6372047402101275,2.7
2007-03-12,0.5916317842118911,2.54
2007-03-13,0.5560929559570527,2.26
2007-03-14,0.5283982312981707,2.1
2007-03-15,0.5073402457843581,2.01
2007-03-16,0.4903353429783423,1.95
2007-03-17,0.48446646710855323,1.9
2007-03-18,0.4770903274089193,1.98
2007-03-19,0.68219775872351,2.02
2007-03-20,0.7188157139649445,2.22
2007-03-21,0.5225108290939515,2.18
2007-03-22,0.4944852371605529,1.92
2007-03-23,0.4804950429418529,1.8
2007-03-24,0.47264450461206187,1.77
2007-03-25,0.46609018852047257,1.71
2007-03-26,0.46155632688827325,1.64
2007-03-27,0.4581192730667127,1.58
2007-03-28,0.4555611685304942,1.55
2007-03-29,0.480322628606027,1.59
2007-03-30,0.4590546085988547,1.55
2007-03-31,0.45452811017105776,1.46
2007-04-01,0.45248099575915274,1.4
2007-04-02,0.4510239182462099,1.36
2007-04-03,0.44978106469029777,1.35
2007-04-04,0.4485156208148736,1.34
2007-04-05,0.44742292727902244,1.33
2007-04-06,0.4463755869057434,1.31
2007-04-07,0.44533376106343386,1.28
2007-04-08,0.4442640353361688,1.26
2007-04-09,0.4431661923087601,1.26
2007-04-10,0.4419896829379961,1.25
2007-04-11,0.4407604039334873,1.23
2007-04-12,0.43945346126112134,1.21
2007-04-13,0.4380709353270347,1.22
2007-04-14,0.43661153459683233,1.24
2007-04-15,0.4350566133670855,1.24
2007-04-16,0.4334237875211117,1.21
2007-04-17,0.43170978777984775,1.16
2007-04-18,0.42991471994265607,1.18
2007-04-19,0.42803992534047347,1.19
2007-04-20,0.4260877685437017,1.17
2007-04-21,0.42406294849101583,1.15
2007-04-22,0.42196317334690353,1.16
2007-04-23,0.4206677305457817,1.18
2007-04-24,0.417723184814361,1.16
2007-04-25,0.4168151367417026,1.17
2007-04-26,0.4135032157726985,1.16
2007-04-27,0.41054725813466736,1.15
2007-04-28,0.40801608862156974,1.05
2007-04-29,0.4054866190516919,1.0
2007-04-30,0.4029120335592458,1.01
2007-05-01,0.40029347197790416,1.01
2007-05-02,0.3976308429593729,0.789
2007-05-03,0.3949279702289908,0.91
2007-05-04,0.3921871132075902,1.53
2007-05-05,0.38941077318505435,1.61
2007-05-06,0.6917181206031461,1.63
2007-05-07,0.7299914468349312,1.97
2007-05-08,0.45288875928414285,1.78
2007-05-09,0.6353471384795839,1.67
2007-05-10,1.032582422233153,1.81
2007-05-11,0.8191730043632323,2.23
2007-05-12,0.49219555652623914,2.15
2007-05-13,0.6733682631532331,1.99
2007-05-14,0.4587707423086234,2.14
2007-05-15,0.5062854247356047,1.62
2007-05-16,0.6416251597151666,1.41
2007-05-17,0.4400871581609553,1.45
2007-05-18,0.408101366741757,1.39
2007-05-19,0.3942537475171843,1.13
2007-05-20,0.3843517796061864,1.01
2007-05-21,0.37869852909460666,0.945
2007-05-22,0.3692983629970791,0.902
2007-05-23,0.3629083590329154,0.867
2007-05-24,0.3574460561267614,0.848
2007-05-25,0.3526253531618438,0.854
2007-05-26,0.3521926034774806,0.831
2007-05-27,1.3381985462873018,1.91
2007-05-28,1.3854844631324024,10.5
2007-05-29,1.3140451712006591,10.4
2007-05-30,1.2724673084715976,4.84
2007-05-31,0.6897257650646952,2.31
2007-06-01,0.44667531972874075,1.8
2007-06-02,0.4094675674676309,1.13
2007-06-03,0.38493412748469363,1.15
2007-06-04,0.37181470705445535,1.15
2007-06-05,0.36121861077673806,1.18
2007-06-06,0.35247843269655577,0.976
2007-06-07,0.39261514728553887,0.911
2007-06-08,0.4132641926087074,1.05
2007-06-09,0.35579473154775076,1.02
2007-06-10,0.3429596117981338,0.983
2007-06-11,0.3355403958420106,0.942
2007-06-12,0.3295413258409717,0.915
2007-06-13,1.0095899739749847,0.96
2007-06-14,1.0905521057574417,6.24
2007-06-15,0.6096685178407757,10.9
2007-06-16,0.49065681288089225,3.39
2007-06-17,0.38901576235194146,1.89
2007-06-18,0.3959747977445824,1.53
2007-06-19,0.8311856851849247,1.5
2007-06-20,0.41605719569246447,1.64
2007-06-21,0.3647888120263119,1.41
2007-06-22,0.34691551534800613,1.21
2007-06-23,0.8128267279800826,1.34
2007-06-24,0.8886506732441657,1.84
2007-06-25,0.5953750095110187,2.61
2007-06-26,0.39600586747453,2.5
2007-06-27,0.3664507430510138,1.87
2007-06-28,0.350749839387383,1.43
2007-06-29,0.34566007124049564,1.85
2007-06-30,0.828143286547487,0.881
2007-07-01,0.3933647261370818,1.66
2007-07-02,0.8415998690696948,2.11
2007-07-03,0.845723108894973,3.5
2007-07-04,0.9314936194488314,7.47
2007-07-05,0.6558929136680621,11.3
2007-07-06,0.42593108678238034,5.87
2007-07-07,0.3831471569629515,2.74
2007-07-08,0.3638044458864522,1.88
2007-07-09,0.3479303520685662,1.69
2007-07-10,0.33246393999349916,1.41
2007-07-11,0.3211854599943503,1.14
2007-07-12,0.31266512561348137,1.16
2007-07-13,0.305372164212913,1.04
2007-07-14,0.30050459099932897,1.01
2007-07-15,0.2985596613172227,1.01
2007-07-16,0.2898787160985805,0.993
2007-07-17,0.3699192781884109,0.958
2007-07-18,0.2948663827936323,0.994
2007-07-19,0.28722393878735364,0.949
2007-07-20,0.8491090976352175,1.68
2007-07-21,0.5164672191339985,0.979
2007-07-22,0.3302221249474722,1.3
2007-07-23,0.5034403847007569,1.56
2007-07-24,0.3310707175488015,1.41
2007-07-25,0.30403821666087333,1.23
2007-07-26,0.30604720965214843,1.06
2007-07-27,0.2876954078399668,1.02
2007-07-28,0.568937908100588,1.02
2007-07-29,0.3243865384640565,0.936
2007-07-30,0.29224337440867354,0.942
2007-07-31,0.2825944187384732,0.88
2007-08-01,0.2763373992166788,0.8
2007-08-02,0.27123247520627,0.782
2007-08-03,0.2668654784561239,0.765
2007-08-04,0.2630651012223925,0.731
2007-08-05,0.25971006350783626,0.7
2007-08-06,0.25670625663898994,0.698
2007-08-07,0.36610465111207524,0.966
2007-08-08,0.27477739004846186,0.625
2007-08-09,0.2598108181500425,0.626
2007-08-10,0.2546016148651289,0.676
2007-08-11,0.2509685234273926,0.672
2007-08-12,0.24893902957750386,0.676
2007-08-13,0.2501924521858632,0.68
2007-08-14,0.3631393382540757,0.76
2007-08-15,0.3307450191119085,0.742
2007-08-16,0.26489838737700844,0.773
2007-08-17,0.2581686921006252,0.795
2007-08-18,0.25119067667994777,0.823
2007-08-19,0.8428069565619833,0.892
2007-08-20,0.3841579663445712,1.16
2007-08-21,0.5869685356970036,1.22
2007-08-22,0.8732258875723888,2.66
2007-08-23,0.5347757022564473,8.95
2007-08-24,0.3159686489816197,8.01
2007-08-25,0.2806629296597755,3.56
2007-08-26,0.26728840770581175,2.1
2007-08-27,0.25735577046171515,1.52
2007-08-28,0.2492425427776453,1.29
2007-08-29,0.24249345820040558,1.08
2007-08-30,0.23683617261114417,1.07
2007-08-31,0.2320460001381837,0.97
2007-09-01,0.22794022062365374,0.934
2007-09-02,0.23142178162369906,0.888
2007-09-03,0.22204867163424552,0.839
2007-09-04,0.21856738650592752,0.753
2007-09-05,0.21598441417855763,0.811
2007-09-06,0.2137229330616364,0.761
2007-09-07,0.21156614021957912,0.761
2007-09-08,0.20957919482543988,0.76
2007-09-09,0.20768973177171018,0.743
2007-09-10,0.20588717949368832,0.727
2007-09-11,0.20414846899407565,0.725
2007-09-12,0.20245801634503482,0.739
2007-09-13,0.20080703555487261,0.748
2007-09-14,0.19918565448902664,0.718
2007-09-15,0.1975882469435755,0.707
2007-09-16,0.19816725508401886,0.713
2007-09-17,0.19526263848284767,0.739
2007-09-18,0.19296667956339114,0.705
2007-09-19,0.19293969619278797,0.712
2007-09-20,0.19424092877812493,0.733
2007-09-21,0.18874746565477807,0.758
2007-09-22,0.18710961883163757,0.694
2007-09-23,0.4930405552551151,0.7
2007-09-24,0.28425420916216637,0.852
2007-09-25,0.22202215813373288,0.994
2007-09-26,0.3213702488227823,0.854
2007-09-27,0.219775508029677,0.834
2007-09-28,0.5762183103715983,0.961
2007-09-29,0.25274172708088605,0.943
2007-09-30,0.21172057459834998,0.973
2007-10-01,0.24478739635095073,0.926
2007-10-02,0.20624051537583016,0.973
2007-10-03,0.19603439856606833,0.843
2007-10-04,0.19008289590426794,0.758
2007-10-05,0.1852812649061119,0.743
2007-10-06,0.1812703354538142,0.742
2007-10-07,0.17782915490827997,0.808
2007-10-08,0.1776564426722296,0.788
2007-10-09,1.0200285145426329,1.31
2007-10-10,0.794711895306563,2.62
2007-10-11,0.2846770226026042,1.68
2007-10-12,0.2159856208442901,1.26
2007-10-13,0.20030189097133305,1.07
2007-10-14,0.19170496251194302,0.96
2007-10-15,0.18574205611015696,0.913
2007-10-16,0.9987805145885964,1.05
2007-10-17,0.6057908818516087,5.66
2007-10-18,0.2550717652422635,3.98
2007-10-19,0.20643882094369811,1.8
2007-10-20,0.19399331853520968,1.4
2007-10-21,0.18614931435463,1.19
2007-10-22,0.18006256580393223,1.09
2007-10-23,0.17491274944549623,1.03
2007-10-24,0.17068486353368167,0.975
2007-10-25,0.16756054395149653,0.928
2007-10-26,0.16421918095432164,0.903
2007-10-27,0.16160137621561904,0.895
2007-10-28,0.3767240142903224,0.914
2007-10-29,0.19110000973811994,0.942
2007-10-30,0.16814745593576433,0.93
2007-10-31,0.16267156859176415,0.865
2007-11-01,0.15949523235091925,0.837
2007-11-02,0.15693249911129134,0.819
2007-11-03,0.15474373051457843,0.816
2007-11-04,0.1527477798100114,0.8
2007-11-05,0.15148074705239703,0.797
2007-11-06,0.14949980328807635,0.792
2007-11-07,0.14802322565930298,0.781
2007-11-08,0.1699867674369839,0.804
2007-11-09,0.15044804837180348,0.746
2007-11-10,0.14802398835384203,0.76
2007-11-11,0.14478325937658426,0.772
2007-11-12,0.14519262078979828,0.783
2007-11-13,0.2046981840275371,0.792
2007-11-14,0.15212363296467346,0.789
2007-11-15,0.14389744681573638,0.791
2007-11-16,0.14142832262044572,0.786
2007-11-17,0.13986042206225255,0.784
2007-11-18,0.7328807603986645,0.874
2007-11-19,0.622678366743543,1.09
2007-11-20,0.6219702739537423,1.63
2007-11-21,0.45298535176009747,3.74
2007-11-22,0.2084570300757009,4.0
2007-11-23,0.1774778809750801,3.31
2007-11-24,0.16713764977439874,1.87
2007-11-25,0.15964479019533137,1.57
2007-11-26,0.15371415656783272,1.32
2007-11-27,0.1506111887718311,1.15
2007-11-28,0.14565619589822307,1.13
2007-11-29,0.14146498872434005,1.19
2007-11-30,0.35163062091648356,1.19
2007-12-01,0.3206145973721706,1.18
2007-12-02,0.3213346473987579,1.42
2007-12-03,0.22451048496031017,2.1
2007-12-04,0.17505593357035223,1.68
2007-12-05,0.23147373388134784,1.74
2007-12-06,0.5668839387213783,2.46
2007-12-07,0.20797206759635342,6.5
2007-12-08,0.5815545433576848,4.05
2007-12-09,0.5128016070449892,6.42
2007-12-10,0.22628143038177032,7.39
2007-12-11,0.1836083003859935,5.16
2007-12-12,0.16981447472781308,2.83
2007-12-13,0.16074311670631905,2.14
2007-12-14,0.15369693408644042,1.83
2007-12-15,0.14804820712727745,1.67
2007-12-16,0.14348882412103775,1.55
2007-12-17,0.13973001714336597,1.4
2007-12-18,0.13665840712257532,1.35
2007-12-19,0.13418801270900232,1.29
2007-12-20,0.13202599253898462,1.23
2007-12-21,0.1302226590134072,1.23
2007-12-22,0.12965050327653588,1.24
2007-12-23,0.1278693988784702,1.23
2007-12-24,0.32618538745972836,1.2
2007-12-25,0.8911952331676327,5.24
2007-12-26,0.24217584475200832,10.6
2007-12-27,0.1643197240846421,4.29
2007-12-28,0.39985395626760395,3.38
2007-12-29,0.18863211025844795,3.43
2007-12-30,0.1588804169845481,2.92
2007-12-31,0.15019866897865175,1.93
2008-01-01,0.14398154694195625,2.06
2008-01-02,0.13907016486908158,1.94
2008-01-03,0.13644116320997698,1.89
2008-01-04,0.5607650125493803,1.91
2008-01-05,0.19954636980006593,2.68
2008-01-06,0.15830115257541744,2.48
2008-01-07,0.1480857973516432,2.2
2008-01-08,0.33791833531660487,1.91
2008-01-09,0.17013192053038978,1.98
2008-01-10,0.4044487844224861,1.98
2008-01-11,1.0301083800334032,8.25
2008-01-12,0.4465262632093031,18.8
2008-01-13,0.24047645334411574,9.22
2008-01-14,0.5103939554516636,5.77
2008-01-15,0.7679626267732815,9.93
2008-01-16,0.2813489726540154,16.0
2008-01-17,0.40271818415580046,6.89
2008-01-18,0.7334536974756665,6.77
2008-01-19,1.2986029343509784,17.1
2008-01-20,0.5227110059619167,27.7
2008-01-21,0.4028408243772768,15.7
2008-01-22,0.30774212731437983,6.51
2008-01-23,0.26700967737274983,4.85
2008-01-24,0.241101783488177,3.68
2008-01-25,0.22135223279719754,2.39
2008-01-26,0.2058281447257775,2.43
2008-01-27,0.19359229934208855,2.35
2008-01-28,0.18396030147989492,2.13
2008-01-29,0.31335634152616065,2.08
2008-01-30,0.19651557184196344,2.06
2008-01-31,0.5099468809211892,2.68
2008-02-01,0.23186483579527092,3.62
2008-02-02,0.1952688903919727,2.46
2008-02-03,0.3254880383026636,2.21
2008-02-04,0.5526672811406957,2.31
2008-02-05,0.379837826049016,3.78
2008-02-06,0.2528381942673027,4.19
2008-02-07,0.22494030078066576,2.96
2008-02-08,0.21049552869983337,2.24
2008-02-09,0.19996541176798188,2.17
2008-02-10,0.19187728877387178,1.96
2008-02-11,0.1854070766325494,1.84
2008-02-12,0.18027559623650818,1.76
2008-02-13,0.1761812397616243,1.68
2008-02-14,0.17302013835831578,1.65
2008-02-15,0.17053124681452958,1.59
2008-02-16,0.16857397093837423,1.53
2008-02-17,0.16702815844366287,1.49
2008-02-18,0.16581213552134957,1.48
2008-02-19,0.16481144841501058,1.49
2008-02-20,0.16401126593507365,1.51
2008-02-21,0.16334524000622722,1.47
2008-02-22,0.16275919836590677,1.42
2008-02-23,0.16226206753024172,1.4
2008-02-24,0.1855538655533696,1.39
2008-02-25,0.19412191103527288,1.45
2008-02-26,0.17238633869341521,1.45
2008-02-27,0.16826329341084809,1.4
2008-02-28,0.1662710746955649,1.31
2008-02-29,0.40849601510747463,1.31
2008-03-01,0.20085210586792518,1.47
2008-03-02,0.1762757619645803,1.41
2008-03-03,0.170972311447149,1.3
2008-03-04,0.2877930929851079,1.24
2008-03-05,0.1829353378646437,1.22
2008-03-06,0.1733457065720687,1.21
2008-03-07,0.1692967982094213,1.21
2008-03-08,0.2660364656589969,1.23
2008-03-09,0.5489547864821268,1.31
2008-03-10,1.0196178410415864,4.33
2008-03-11,0.4094771978198329,12.5
2008-03-12,0.23074612297639382,3.93
2008-03-13,0.24936076424694353,2.22
2008-03-14,0.20282674520979424,2.02
2008-03-15,1.045472714857309,2.48
2008-03-16,1.0470429390918592,17.9
2008-03-17,0.3277517819506699,22.4
2008-03-18,0.23329267208093596,6.53
2008-03-19,0.2119554765880132,4.21
2008-03-20,0.596743994657603,3.57
2008-03-21,0.9932874439656195,5.13
2008-03-22,0.6323676346238323,10.2
2008-03-23,0.7361662330048482,10.8
2008-03-24,0.44139006313706475,11.9
2008-03-25,0.39631853310698295,8.54
2008-03-26,1.2091237559448946,5.89
2008-03-27,0.662360734339211,15.3
2008-03-28,0.8619179161383967,13.9
2008-03-29,0.5249810078184989,16.8
2008-03-30,0.41660366285928385,8.14
2008-03-31,0.36861572229932604,4.57
2008-04-01,0.3334727556830532,2.92
2008-04-02,0.30654229120506765,2.83
2008-04-03,0.2854608240543259,2.44
2008-04-04,0.27356622668680386,2.28
2008-04-05,0.2682658993976317,2.3
2008-04-06,0.27358724832188935,2.25
2008-04-07,0.24462655606128195,2.2
2008-04-08,0.2354553248321554,2.02
2008-04-09,0.22987826381928841,1.89
2008-04-10,0.227535392375189,1.81
2008-04-11,0.4196183140811802,1.82
2008-04-12,0.2544233696137244,1.96
2008-04-13,0.37673585486511607,1.91
2008-04-14,0.26756918706156624,2.61
2008-04-15,0.258499095285359,1.98
2008-04-16,0.2381141093633329,1.84
2008-04-17,0.23202811287501893,1.71
2008-04-18,0.2283831777346106,1.7
2008-04-19,0.23058314145985256,1.64
2008-04-20,0.22919735614418338,1.6
2008-04-21,0.2223419012838346,1.54
2008-04-22,0.2204198079907642,1.4
2008-04-23,0.2246712534980485,1.46
2008-04-24,0.38789073797216855,1.51
2008-04-25,0.24636081241203972,1.54
2008-04-26,0.2295074000965286,1.44
2008-04-27,0.22704946596192174,1.42
2008-04-28,0.22344373677268714,1.4
2008-04-29,1.0395887645401096,1.71
2008-04-30,0.9632277273010935,5.9
2008-05-01,0.35793839276398387,4.66
2008-05-02,0.27839062321503605,2.52
2008-05-03,0.25828977525681385,2.0
2008-05-04,0.2487258005892263,1.75
2008-05-05,0.24174475390976544,1.59
2008-05-06,0.23615727582436336,1.47
2008-05-07,0.23159572068958553,1.4
2008-05-08,0.2278353662323386,1.37
2008-05-09,0.22475977768578256,1.45
2008-05-10,0.22207499365057717,1.28
2008-05-11,0.2198208472239331,1.23
2008-05-12,0.21786832814016752,1.16
2008-05-13,0.21614973707556812,1.12
2008-05-14,0.2149988393544088,1.17
2008-05-15,0.8814209639956155,1.2
2008-05-16,0.31402566907020957,1.27
2008-05-17,0.24745090930749017,1.36
2008-05-18,0.2334817773251751,1.23
2008-05-19,0.2273139153781909,1.13
2008-05-20,0.22276082845733897,1.09
2008-05-21,0.21900166406624044,1.07
2008-05-22,0.21581333916492226,1.07
2008-05-23,0.21307358236673107,1.05
2008-05-24,0.21419604260240252,1.02
2008-05-25,0.5769707451775983,1.2
2008-05-26,1.1423585894362036,1.77
2008-05-27,1.1683729652766224,3.67
2008-05-28,0.7658092607572354,3.93
2008-05-29,1.2138943354256848,3.6
2008-05-30,0.45924225094146004,7.51
2008-05-31,0.3349770324306161,2.93
2008-06-01,0.2984346523462155,1.99
2008-06-02,0.9125401416401074,1.84
2008-06-03,0.7541866710238035,2.94
2008-06-04,0.36100253506568686,6.41
2008-06-05,0.30118508189934035,3.63
2008-06-06,0.2866969758839686,2.28
2008-06-07,0.2744602619203434,2.12
2008-06-08,0.2542847118449587,2.01
2008-06-09,0.2440201720530421,1.65
2008-06-10,0.23642077123096003,1.43
2008-06-11,0.38728533413989097,1.34
2008-06-12,0.2928350029154097,1.38
2008-06-13,0.24418940325100888,1.6
2008-06-14,0.2395993406540892,1.35
2008-06-15,0.22823321876426758,1.27
2008-06-16,0.2309517131386494,1.23
2008-06-17,0.21999505261451607,1.21
2008-06-18,0.21803254317158896,1.16
2008-06-19,0.21352045024083913,1.09
2008-06-20,0.2125109770029436,1.05
2008-06-21,0.21024779699541837,1.05
2008-06-22,0.20754644344236511,1.02
2008-06-23,0.2059186575880538,0.984
2008-06-24,0.20451564983543213,0.938
2008-06-25,0.2032235838010727,0.912
2008-06-26,0.20959218601396465,0.907
2008-06-27,0.20167781431629758,0.882
2008-06-28,0.1998065877216586,0.852
2008-06-29,0.19862357356741733,0.824
2008-06-30,0.1975242361458345,0.777
2008-07-01,0.1964964732816845,0.774
2008-07-02,0.19599589669306405,0.784
2008-07-03,0.19600567605576197,0.782
2008-07-04,0.19785044483943062,0.762
2008-07-05,0.197079096674539,0.726
2008-07-06,0.34954179309004085,0.744
2008-07-07,0.7887141931910094,0.901
2008-07-08,0.2988985515431579,1.43
2008-07-09,1.0687213172166479,1.4
2008-07-10,0.5213026542586344,1.91
2008-07-11,0.7406136140751608,1.56
2008-07-12,0.3193188821398412,1.36
2008-07-13,0.26033281339761366,1.36
2008-07-14,0.24243426381791386,1.08
2008-07-15,0.23064466794160624,0.936
2008-07-16,0.22308456322425446,0.86
2008-07-17,0.2166565149327727,0.849
2008-07-18,0.32957453973446754,0.873
2008-07-19,0.23191935833572175,0.923
2008-07-20,0.21016577651212098,0.891
2008-07-21,0.20299773557567072,0.817
2008-07-22,0.19830755442477022,0.756
2008-07-23,0.1945358727568826,0.815
2008-07-24,0.1913665264559918,0.836
2008-07-25,0.18866980333803932,0.724
2008-07-26,0.1863588370945611,0.683
2008-07-27,0.18713001315481712,0.673
2008-07-28,0.18850588943452717,0.684
2008-07-29,0.18145121771066167,0.779
2008-07-30,0.1793407155551381,0.687
2008-07-31,0.18658392421137243,0.677
2008-08-01,0.17946207282037305,0.613
2008-08-02,0.1819850637110961,0.599
2008-08-03,0.317143116797752,0.65
2008-08-04,0.20116843334334455,0.621
2008-08-05,0.6092213002351403,0.739
2008-08-06,0.2529143241335871,0.726
2008-08-07,0.9147984309698761,0.907
2008-08-08,0.3048228120435543,1.44
2008-08-09,0.2862089226192588,1.34
2008-08-10,0.21974990952342185,0.914
2008-08-11,0.9909237740851379,0.87
2008-08-12,0.5133789206568333,1.61
2008-08-13,0.3736048822492732,2.32
2008-08-14,0.25224767977168017,1.38
2008-08-15,0.22280189499283976,1.01
2008-08-16,0.4884873685823172,0.864
2008-08-17,0.4372062025601239,0.926
2008-08-18,0.24997170825562295,1.15
2008-08-19,0.21810102469713713,1.1
2008-08-20,0.20788316163910922,0.965
2008-08-21,0.19973457822176444,0.855
2008-08-22,0.19076800543417466,0.753
2008-08-23,0.2927654529814412,0.673
2008-08-24,0.20384611570043656,0.701
2008-08-25,0.18827805286280708,0.762
2008-08-26,0.18244128848026994,0.792
2008-08-27,0.17839256898134168,0.686
2008-08-28,0.17505244011852722,0.622
2008-08-29,0.1722798175452246,0.652
2008-08-30,0.16993389586224625,0.63
2008-08-31,0.191068614515154,0.628
2008-09-01,0.3671915234670631,0.581
2008-09-02,0.20696772275991288,0.687
2008-09-03,0.1810382513946141,0.735
2008-09-04,0.7022168460551217,0.781
2008-09-05,0.6453686554662511,0.899
2008-09-06,0.6168708657445731,1.08
2008-09-07,0.9942482336449329,2.35
2008-09-08,0.32930853036421753,7.27
2008-09-09,0.24832661397779962,2.14
2008-09-10,0.22003069231143424,1.62
2008-09-11,0.2081985535755281,1.11
2008-09-12,0.20420141257875685,1.04
2008-09-13,0.1902189029304713,0.935
2008-09-14,0.18334482467685687,0.841
2008-09-15,0.1782345279411333,0.757
2008-09-16,0.1741081930589972,0.722
2008-09-17,0.17073076515287364,0.702
2008-09-18,0.16788876135757178,0.679
2008-09-19,0.16551727153905385,0.667
2008-09-20,0.16356493259374236,0.645
2008-09-21,0.16183709564655854,0.632
2008-09-22,0.16149291623423154,0.641
2008-09-23,0.16415489827485968,0.637
2008-09-24,0.1606172400027765,0.64
2008-09-25,0.1569039539982016,0.647
2008-09-26,0.15559519032801208,0.635
2008-09-27,0.15458690381725926,0.619
2008-09-28,0.15367821720264832,0.605
2008-09-29,0.2783733414077746,0.582
2008-09-30,0.3056823465588998,0.632
2008-10-01,0.18679892937757947,0.641
2008-10-02,0.16970230054967328,0.638
2008-10-03,0.18511791257321242,0.606
2008-10-04,0.49289264593652476,0.632
2008-10-05,0.9570662957391697,2.69
2008-10-06,0.293729646262466,7.29
2008-10-07,0.20493647319347794,2.36
2008-10-08,0.18653153944298886,1.42
2008-10-09,0.17764765074659314,1.14
2008-10-10,0.17107907352346774,0.512
2008-10-11,0.16576473155326624,0.675
2008-10-12,0.161405537892832,0.763
2008-10-13,0.157829580556195,0.758
2008-10-14,0.1571174897945664,0.757
2008-10-15,0.2173353886996132,0.779
2008-10-16,0.16265595640255112,0.719
2008-10-17,0.15473364004670714,0.704
2008-10-18,0.1514968652411689,0.682
2008-10-19,0.1490868223633985,0.675
2008-10-20,0.7543375221881836,0.777
2008-10-21,0.23446978492137205,0.921
2008-10-22,0.1738065384504091,0.892
2008-10-23,0.18691576428164908,0.779
2008-10-24,0.1649518980161082,0.739
2008-10-25,0.4830853673744249,0.73
2008-10-26,0.3194989134903532,0.864
2008-10-27,0.18734265447015921,1.5
2008-10-28,0.4988139508320942,1.31
2008-10-29,0.20430989978628095,1.56
2008-10-30,0.19259641700786223,1.67
2008-10-31,0.16852519178930117,1.27
2008-11-01,0.987813323955076,1.84
2008-11-02,0.7044145961317552,12.2
2008-11-03,0.32756499334327127,5.15
2008-11-04,0.20789281810813254,3.26
2008-11-05,0.19087211129691578,1.97
2008-11-06,0.2273249057049804,2.11
2008-11-07,0.1802128047524816,2.09
2010-02-18,1.6616189465995328,8.15
2010-02-19,0.8572000615196915,14.5
2010-02-20,0.7936566926657331,9.03
2010-02-21,2.1755027844114316,7.02
2010-02-22,1.7266662359869982,14.3
2010-02-23,1.6168998635202065,17.4
2010-02-24,1.3999826423177013,15.4
2010-02-25,1.9004519624738916,13.0
2010-02-26,1.4129494318781377,15.5
2010-02-27,2.6282981818630256,9.59
2010-02-28,2.5196810388262327,19.0
2010-03-01,1.5597663337962704,31.7
2010-03-02,1.2906633699944796,13.4
2010-03-03,1.1315682841506893,6.05
2010-03-04,1.0117369955995694,4.47
2010-03-05,0.9233888760496484,3.46
2010-03-06,0.8451810118328251,3.03
2010-03-07,0.7869419555396963,2.44
2010-03-08,0.7420455458055225,2.29
2010-03-09,0.7070689032444251,1.79
2010-03-10,0.6800841750759017,1.98
2010-03-11,0.6784075879936607,1.94
2010-03-12,0.7080101816384439,1.93
2010-03-13,0.6578399338390096,1.85
2010-03-14,0.6885546624074282,1.73
2010-03-15,0.6472415793958052,1.7
2010-03-16,0.6309874578460484,1.64
2010-03-17,0.6237678272938907,1.59
2010-03-18,0.618888592595195,1.61
2010-03-19,0.7522150181193901,1.65
2010-03-20,0.6749925941527082,1.8
2010-03-21,0.6405536243349754,1.68
2010-03-22,0.6321325310524891,1.49
2010-03-23,0.6312383640531806,1.47
2010-03-24,0.7713499764618882,1.54
2010-03-25,1.0077453865579005,1.95
2010-03-26,0.695409874452418,3.79
2010-03-27,0.6551916782140766,2.46
2010-03-28,0.6525104605702509,1.9
2010-03-29,1.1500293655187157,1.92
2010-03-30,1.278221892315709,5.53
2010-03-31,0.8490661154922065,7.16
2010-04-01,0.9277853548815966,3.88
2010-04-02,0.8326467271736225,3.02
2010-04-03,0.7573017727861635,2.82
2010-04-04,0.7229903309456237,2.3
2010-04-05,0.6998847401388243,1.9
2010-04-06,0.6828056896441003,1.77
2010-04-07,0.6727053879272873,1.69
2010-04-08,0.6582214500994548,1.54
2010-04-09,0.6485741746722412,1.43
2010-04-10,0.6407817450952337,1.38
2010-04-11,0.6342199301636352,1.35
2010-04-12,0.6285834037268758,1.46
2010-04-13,0.6236533962515979,1.33
2010-04-14,0.6192591045962131,1.14
2010-04-15,0.6152655587238944,1.21
2010-04-16,0.6115697751264664,1.17
2010-04-17,0.6080810742555262,1.15
2010-04-18,0.6047317758194438,1.15
2010-04-19,0.601640513302865,1.11
2010-04-20,0.5983199170962981,1.09
2010-04-21,0.5951024334471535,1.08
2010-04-22,0.5919157675325613,1.06
2010-04-23,0.5887121901790926,1.05
2010-04-24,0.5855849003686013,1.08
2010-04-25,0.5899636418612705,1.16
2010-04-26,0.5804999712293158,1.15
2010-04-27,0.5756602207337387,1.06
2010-04-28,0.5720522186495917,1.05
2010-04-29,0.5766228692789132,1.09
2010-04-30,0.5735572379742588,1.09
2010-05-01,0.9426939037198275,1.26
2010-05-02,0.6205346369336552,1.19
2010-05-03,0.5776961383039279,1.1
2010-05-04,0.5664263373052648,0.993
2010-05-05,0.5591970043154431,0.963
2010-05-06,0.55297203330708,0.943
2010-05-07,0.5490588848138884,0.937
2010-05-08,0.5471990669072949,0.952
2010-05-09,0.5372704876047281,0.946
2010-05-10,0.531824161407913,0.932
2010-05-11,0.5269897298897841,0.92
2010-05-12,0.5223716277729589,0.91
2010-05-13,0.517761653156462,0.892
2010-05-14,0.5132643526709736,0.887
2010-05-15,0.5088078667280547,0.905
2010-05-16,0.5063442972982418,0.868
2010-05-17,0.5024392268926234,0.862
2010-05-18,0.495923668228568,0.845
2010-05-19,0.4913405982458381,0.844
2010-05-20,0.486978733953314,0.848
2010-05-21,0.4826509989196599,0.761
2010-05-22,0.47832244455500605,0.755
2010-05-23,0.47400134497115276,0.946
2010-05-24,0.4696836175731727,0.589
2010-05-25,0.4653687502071962,0.701
2010-05-26,0.5105823295055296,0.731
2010-05-27,0.4650502754244645,0.733
2010-05-28,0.45637328818093187,0.727
2010-05-29,0.5556080295406118,0.749
2010-05-30,0.47060144142877475,0.723
2010-05-31,0.45366342792639325,0.727
2010-06-01,0.5853658106669166,0.774
2010-06-02,0.46708469159574467,0.783
2010-06-03,0.44724728968409827,0.751
2010-06-04,0.4383410035338436,0.705
2010-06-05,0.485703948735604,0.75
2010-06-06,0.7584079776528713,0.794
2010-06-07,0.5946411045964103,0.833
2010-06-08,0.47802999323862977,0.91
2010-06-09,0.5059048243019978,0.945
2010-06-10,0.44050631044133076,0.836
2010-06-11,0.42556921203906956,0.773
2010-06-12,0.41590219059818984,0.729
2010-06-13,0.40788761793310035,0.704
2010-06-14,0.4012170899508557,0.707
2010-06-15,0.39411393708596093,0.678
2010-06-16,0.3881360926256503,0.685
2010-06-17,0.3826591788315557,0.673
2010-06-18,0.37766488149936506,0.657
2010-06-19,0.3799151585115427,0.653
2010-06-20,0.3689891303316231,0.641
2010-06-21,0.3639178182417929,0.625
2010-06-22,0.35963066515890557,0.742
2010-06-23,0.35554644985876377,0.556
2010-06-24,0.3515792303040796,0.506
2010-06-25,0.3477035094565507,0.554
2010-06-26,0.3439040757729767,0.592
2010-06-27,0.3401694921481904,0.863
2010-06-28,0.337299819026193,0.908
2010-06-29,0.33322277611271744,0.859
2010-06-30,0.3293172615158971,1.24
2010-07-01,0.3257321628283074,1.16
2010-07-02,0.3222289725900574,0.871
2010-07-03,0.31873808405885895,0.832
2010-07-04,0.31528919434213465,0.822
2010-07-05,0.3118710935109874,0.856
2010-07-06,0.30876396460946476,1.21
2010-07-07,0.30542977118030573,1.25
2010-07-08,0.30182529931281993,1.24
2010-07-09,0.2984878589161555,1.14
2010-07-10,0.2951961467046864,1.05
2010-07-11,0.2954505253840107,0.941
2010-07-12,0.2944822974275808,0.932
2010-07-13,0.2883909440714188,0.927
2010-07-14,0.33405409716818424,0.968
2010-07-15,0.2917080445926646,0.957
2010-07-16,0.28113904230026665,0.942
2010-07-17,0.27689328750087144,0.884
2010-07-18,0.2727890805100861,0.858
2010-07-19,0.2691973920371085,0.839
2010-07-20,0.2657718523278003,0.83
2010-07-21,0.2624785190172134,0.781
2010-07-22,0.5704545333763954,0.93
2010-07-23,0.30616901806566443,0.856
2010-07-24,0.27504783391092746,0.881
2010-07-25,0.26625507083302746,0.774
2010-07-26,0.2670971786658275,0.769
2010-07-27,0.5143430307571578,0.856
2010-07-28,0.2963965997657856,0.88
2010-07-29,0.2667626353431867,0.927
2010-07-30,0.4785156053463557,0.909
2010-07-31,0.2974313177001906,0.921
2010-08-01,0.2643097622456673,0.998
2010-08-02,0.25630065492882353,0.93
2010-08-03,0.24836482958625083,0.869
2010-08-04,0.34875652082994935,0.951
2010-08-05,0.2593321082679574,1.07
2010-08-06,0.28798393119766585,1.03
2010-08-07,0.24693629766528366,0.987
2010-08-08,0.23582661921726725,1.0
2010-08-09,0.33696011045173513,0.971
2010-08-10,0.8297248406083286,1.31
2010-08-11,0.32218725779179314,1.28
2010-08-12,0.4032685440843786,1.22
2010-08-13,0.972324851142455,1.36
2010-08-14,0.3648712458228906,1.39
2010-08-15,0.281532832436428,1.25
2010-08-16,0.2599788670137891,1.14
2010-08-17,0.2747499544338724,1.18
2010-08-18,0.2426683460750691,1.33
2010-08-19,0.23512325110425716,1.33
2010-08-20,0.2244717187764587,1.31
2010-08-21,0.2222417020227622,1.24
2010-08-22,1.045445371828611,1.37
2010-08-23,0.7448660381730908,1.68
2010-08-24,0.3092999088704668,1.43
2010-08-25,1.252003996339423,1.22
2010-08-26,1.363460239960818,3.18
2010-08-27,1.2246737958787892,3.65
2010-08-28,1.1800929930620077,2.02
2010-08-29,0.9158266186222159,1.17
2010-08-30,0.376165388584417,0.81
2010-08-31,0.3039783012422353,0.733
2010-09-01,0.27266828146332317,0.675
2010-09-02,0.25691776897171437,0.64
2010-09-03,0.24480844349248393,0.621
2010-09-04,0.2350887264876882,0.608
2010-09-05,0.22723240610062298,0.586
2010-09-06,0.8732180143225169,0.613
2010-09-07,0.36977242156070955,0.631
2010-09-08,0.26495998057090137,0.762
2010-09-09,0.28769576469825847,0.673
2010-09-10,0.24755544634931564,0.624
2010-09-11,0.2347312341742458,0.603
2010-09-12,0.22621491335327135,0.559
2010-09-13,0.22137433618119484,0.54
2010-09-14,0.3270051640594692,0.549
2010-09-15,0.2380838463233703,0.545
2010-09-16,0.22343768589233762,0.551
2010-09-17,0.21311373275084697,0.539
2010-09-18,0.21041434386392976,0.532
2010-09-19,0.20542167664836336,0.531
2010-09-20,0.2023875306525147,0.514
2010-09-21,0.200095577136335,0.503
2010-09-22,0.19797040227524207,0.497
2010-09-23,0.35711448473164165,0.526
2010-09-24,0.22627954399658623,0.522
2010-09-25,0.21041191759371544,0.558
2010-09-26,0.9872305388602399,0.638
2010-09-27,0.31927501286228654,0.713
2010-09-28,0.2362898351514831,0.818
2010-09-29,0.8011642803683036,0.763
2010-09-30,0.2976833836394984,0.866
2010-10-01,0.6660750426226031,1.29
2010-10-02,1.0944590714275548,1.32
2010-10-03,0.6612667971934423,4.35
2010-10-04,0.3544289238112081,3.61
2010-10-05,0.6648163967284083,2.76
2010-10-06,0.3311015308806211,2.3
2010-10-07,0.2767143252100472,2.32
2010-10-08,0.25585464110165057,1.45
2010-10-09,0.24211546670260178,1.15
2010-10-10,0.23153073397379131,1.03
2010-10-11,0.2229197946536059,0.916
2010-10-12,0.21587570885181104,0.836
2010-10-13,0.21029780754448454,0.777
2010-10-14,0.20751313781616934,0.747
2010-10-15,0.227922090040505,0.721
2010-10-16,0.2035125826002499,0.721
2010-10-17,0.1993118283798554,0.713
2010-10-18,0.2663595387929972,0.697
2010-10-19,0.27208973241202167,0.691
2010-10-20,0.20890520521687045,0.698
2010-10-21,0.1997848542702627,0.666
2010-10-22,0.5901779207029525,0.672
2010-10-23,0.3326040218642204,0.767
2010-10-24,0.22528145025546412,0.952
2010-10-25,0.20862561576623673,0.831
2010-10-26,0.7894375074323463,0.888
2010-10-27,0.28327677214188707,1.27
2010-10-28,0.22268314021357435,1.38
2010-10-29,0.22258820773960197,1.12
2010-10-30,0.20669449976319912,1.03
2010-10-31,0.21641588465660158,0.971
2010-11-01,0.20080688969512953,0.873
2010-11-02,0.19833494182599906,0.857
2010-11-03,0.19177556541670496,0.814
2010-11-04,0.18840738236808163,0.792
2010-11-05,0.9975724817724141,1.04
2010-11-06,0.5451805016383955,4.39
2010-11-07,0.25617435029914515,3.4
2010-11-08,0.9651637227738419,2.43
2010-11-09,0.35462595055255164,4.69
2010-11-10,0.3952129845560763,3.07
2010-11-11,0.4013998122004773,2.25
2010-11-12,0.26745114684966087,2.99
2010-11-13,0.24018848571440132,2.17
2010-11-14,0.2852127009316051,1.71
2010-11-15,0.22799965036887704,1.4
2010-11-16,0.2133293865880962,1.16
2010-11-17,0.2061817619794919,1.08
2010-11-18,0.22515945196490428,1.03
2010-11-19,0.20057526158784464,1.05
2010-11-20,0.19416599002532064,1.01
2010-11-21,0.19329732379637402,0.969
2010-11-22,0.18759493286045759,0.955
2010-11-23,0.18417409631724277,0.941
2010-11-24,0.18154216668425627,0.921
2010-11-25,0.1793870955878545,0.897
2010-11-26,0.1774957385221393,0.878
2010-11-27,0.17606420568937933,0.855
2010-11-28,0.1747528711585417,0.846
2010-11-29,0.42800137715363284,0.836
2010-11-30,0.2596221254387961,0.873
2010-12-01,0.25734715197769586,0.859
2010-12-02,0.21913348294374613,0.841
2010-12-03,0.19954055119426906,0.811
2010-12-04,0.2873848774992643,0.857
2010-12-05,0.19432869013295678,1.24
2010-12-06,0.1816602443116375,1.73
2010-12-07,0.17729493236122026,1.43
2010-12-08,0.1740844780639379,1.16
2010-12-09,0.1715120085904873,0.995
2010-12-10,0.16918063565634067,0.905
2010-12-11,0.16727268536130885,0.882
2010-12-12,0.16549336108511545,0.917
2010-12-13,0.164932777782262,0.895
2010-12-14,0.16252166647990673,0.862
2010-12-15,0.2912581588075313,0.854
2010-12-16,0.61063608373537,1.05
2010-12-17,0.22441425000981066,3.91
2010-12-18,0.7963413202204009,2.37
2010-12-19,0.2721488217776685,1.65
2010-12-20,0.20730648021597728,1.3
2010-12-21,0.30302125834845045,1.19
2010-12-22,0.20695785266537836,1.15
2010-12-23,0.18954244533428724,1.1
2010-12-24,0.18118469316210128,1.05
2010-12-25,0.17510784926693232,0.949
2010-12-26,0.17038758271927587,0.885
2010-12-27,0.403850202111907,0.918
2010-12-28,0.2961931842358606,1.09
2010-12-29,0.2030282573428942,5.27
2010-12-30,0.18368891519385425,11.5
2010-12-31,0.17521822775496582,5.99
2011-01-01,0.20074892116789456,3.86
2011-01-02,0.17342822449509981,2.84
2011-01-03,0.16651593261391465,2.35
2011-01-04,0.162328942314672,2.16
2011-01-05,0.23326010378707832,1.99
2011-01-06,0.31155469374967476,1.98
2011-01-07,1.1008831309507814,3.44
2011-01-08,0.40597658575289725,13.4
2011-01-09,0.2561690101783143,8.01
2011-01-10,0.9940566093834284,3.83
2011-01-11,1.0556266382228676,9.6
2011-01-12,1.2594705289126438,14.4
2011-01-13,0.8914133888682352,20.5
2011-01-14,0.5403930493047961,20.8
2011-01-15,0.4236706656446733,13.4
2011-01-16,0.860131135816076,7.18
2011-01-17,1.738324166771848,10.6
2011-01-18,1.0500448602977286,20.2
2011-01-19,0.5969246372604192,18.5
2011-01-20,0.4864316850310323,7.44
2011-01-21,0.43363512875625093,5.08
2011-01-22,0.4311931294449218,3.67
2011-01-23,0.3628733126183976,3.39
2011-01-24,0.4341087495528001,2.99
2011-01-25,0.4208418429762151,3.1
2011-01-26,0.34690716215979367,3.58
2011-01-27,0.3084051155768388,3.07
2011-01-28,0.2888297929034544,2.42
2011-01-29,0.27463320046897816,2.19
2011-01-30,0.26373802047786166,2.01
2011-01-31,0.2553997816764997,1.84
2011-02-01,0.25309373927535755,1.73
2011-02-02,0.24492086891469217,1.62
2011-02-03,0.24051290479901322,1.59
2011-02-04,0.23774354573354295,1.6
2011-02-05,0.2357806771234225,1.58
2011-02-06,0.23431374034909452,1.52
2011-02-07,0.23331602628901213,1.45
2011-02-08,0.23284406196596197,1.41
2011-02-09,0.2325650842438876,1.36
2011-02-10,0.8435212393788707,1.5
2011-02-11,0.7292652826333216,1.71
2011-02-12,0.3832350429654115,2.35
2011-02-13,0.4123509861467354,3.0
2011-02-14,0.33601575655526594,2.74
2011-02-15,0.41359118115632565,2.17
2011-02-16,0.32742744465885837,2.14
2011-02-17,0.30488913450006616,1.89
2011-02-18,0.358605132847458,1.6
2011-02-19,0.6004211719793285,1.65
2011-02-20,0.3623725155210235,1.77
2011-02-21,0.40084425495071335,1.89
2011-02-22,0.4034791939806709,1.87
2011-02-23,0.7447223670418118,2.37
2011-02-24,0.4132568263153681,5.56
2011-02-25,0.8829459933354364,4.04
2011-02-26,0.7255328384406072,8.06
2011-02-27,0.5777689756087339,11.6
2011-02-28,0.45958903356659475,5.7
2011-03-01,0.40702601231535307,3.31
2011-03-02,0.37711030668242135,2.93
2011-03-03,0.3546990212741635,2.46
2011-03-04,0.3373476386499889,2.17
2011-03-05,0.32516855282131796,1.98
2011-03-06,0.3123269680375919,1.83
2011-03-07,0.30340503994435386,1.69
2011-03-08,0.296426913848588,1.53
2011-03-09,0.29128960212667454,1.61
2011-03-10,0.286565588545604,1.54
2011-03-11,0.2830293366982563,1.47
2011-03-12,0.28023794005304,1.43
2011-03-13,0.34574728613759065,1.46
2011-03-14,0.28781348412672386,1.4
2011-03-15,0.2796572844786906,1.32
2011-03-16,0.27692395728194136,1.3
2011-03-17,0.27611009158210276,1.28
2011-03-18,0.2746904401909446,1.25
2011-03-19,0.2720733259534111,1.16
2011-03-20,0.2706671777657264,1.15
2011-03-21,0.26948703963282966,1.16
2011-03-22,0.26838911146941064,1.14
2011-03-23,0.26733740022990465,1.12
2011-03-24,0.26630278013693387,1.14
2011-03-25,0.26527778484128206,1.13
2011-03-26,0.2648464334476932,1.16
2011-03-27,0.26326992305578784,1.15
2011-03-28,0.26222075605097594,1.12
2011-03-29,0.26181195789317185,1.11
2011-03-30,0.4063893701210809,1.11
2011-03-31,0.2828494631149102,1.11
2011-04-01,0.267708279449769,1.1
2011-04-02,0.26356962178461363,1.06
2011-04-03,0.29102600901419273,1.03
2011-04-04,0.26758036701883664,1.03
2011-04-05,0.2592645533825163,1.04
2011-04-06,0.25628608827159843,1.02
2011-04-07,0.25402284376880657,0.978
2011-04-08,0.25196052715969697,0.92
2011-04-09,0.2500117329093369,0.88
2011-04-10,0.24814888883953093,0.87
2011-04-11,0.24792755615466341,0.863
2011-04-12,0.24475115131883107,0.838
2011-04-13,0.24289182246081753,0.835
2011-04-14,0.2411946555036535,0.843
2011-04-15,0.23949158964772002,0.853
2011-04-16,0.23877142638738152,0.856
2011-04-17,0.23623969074875772,0.825
2011-04-18,0.2344747707508024,0.915
2011-04-19,0.23278921266557323,0.916
2011-04-20,0.23110850282723613,0.87
2011-04-21,0.2294238807673271,0.886
2011-04-22,0.22773280695501769,0.805
2011-04-23,0.2260575290243107,0.848
2011-04-24,0.2243342745125642,0.802
2011-04-25,0.22262238042673949,0.767
2011-04-26,0.22090794091004826,0.76
2011-04-27,0.21918486508588528,0.818
2011-04-28,0.21750680512420675,1.37
2011-04-29,0.21573452640353824,1.45
2011-04-30,0.21399143350675748,1.45
2011-05-01,0.21225164138401134,1.43
2011-05-02,0.21050985747974055,1.42
2011-05-03,0.20876608757822307,1.44
2011-05-04,0.20702352001282245,1.8
2011-05-05,0.2052754774910319,1.54
2011-05-06,0.20496939355318328,1.65
2011-05-07,0.20464463920435474,1.67
2011-05-08,0.2003325928155234,1.67
2011-05-09,0.19832899125494122,1.66
2011-05-10,0.19656048758789524,1.64
2011-05-11,0.19484590605650245,1.65
2011-05-12,0.19344318491811557,1.66
2011-05-13,0.19139740870541283,1.67
2011-05-14,0.18985239052753605,1.5
2011-05-15,0.18882165669644996,1.36
2011-05-16,0.18629893809503073,1.36
2011-05-17,0.1845076307001926,1.25
2011-05-18,0.18381297812571978,1.1
2011-05-19,0.18121434191443186,1.06
2011-05-20,0.17942572682372607,1.03
2011-05-21,0.17909529473625072,1.03
2011-05-22,0.17628140971864759,1.02
2011-05-23,0.17492769922737753,0.989
2011-05-24,0.17279674813643836,0.991
2011-05-25,0.17109929985126232,1.0
2011-05-26,0.2056057851516596,0.958
2011-05-27,0.1766377748300704,0.873
2011-05-28,0.17053404499511413,0.854
2011-05-29,0.16784095604637794,0.811
2011-05-30,0.2515023191323049,0.841
2011-05-31,0.1860366472192423,0.827
2011-06-01,0.17524605339104796,1.01
2011-06-02,0.1703914224420563,0.908
2011-06-03,0.16662692183608985,0.846
2011-06-04,0.16337643387304004,0.818
2011-06-05,0.22956510381855633,0.813
2011-06-06,0.1753759914211654,0.847
2011-06-07,0.16182416131417343,0.93
2011-06-08,0.15808414325431408,0.845
2011-06-09,0.15758820663747786,0.794
2011-06-10,0.1847041174260659,0.811
2011-06-11,0.15706391111359477,0.912
2011-06-12,0.47249277768256154,0.943
2011-06-13,0.2017706843420726,0.9
2011-06-14,0.1694164311220773,0.847
2011-06-15,0.16109130222900822,0.795
2011-06-16,0.16644675998614908,1.1
2011-06-17,0.8054391846763203,1.82
2011-06-18,0.2714708171793915,1.66
2011-06-19,0.1862134949251597,1.29
2011-06-20,0.1720468071635931,1.18
2011-06-21,0.16139050835289123,1.16
2011-06-22,0.42904349818360044,1.26
2011-06-23,0.20538004439025492,1.29
2011-06-24,0.5213321442935952,1.4
2011-06-25,0.21649720213062632,1.66
2011-06-26,0.175827177317068,1.61
2011-06-27,0.16493227828371274,1.53
2011-06-28,0.6571159155271782,1.66
2011-06-29,0.23333178760755902,1.98
2011-06-30,0.1785020688069293,1.92
2011-07-01,0.16470652052001514,1.56
2011-07-02,0.15699356285311705,1.61
2011-07-03,0.1511022220881023,1.63
2011-07-04,0.14644326086950277,1.62
2011-07-05,0.350885094384829,1.45
2011-07-06,0.17911009655251964,1.24
2011-07-07,0.4790599305269585,1.41
2011-07-08,0.2041606032771254,1.7
2011-07-09,0.167450859867517,1.54
2011-07-10,0.16474218044702182,1.45
2011-07-11,0.14983871090365672,1.47
2011-07-12,0.14434612019449272,1.43
2011-07-13,0.1404959291731201,1.2
2011-07-14,0.13683200132837908,1.0
2011-07-15,0.13609936045976925,0.981
2011-07-16,0.6570159930258413,1.03
2011-07-17,0.8968583059930209,1.07
2011-07-18,0.27552190936854026,1.16
2011-07-19,0.19609249582776564,1.06
2011-07-20,0.17139797227233539,1.01
2011-07-21,0.3230928913362323,1.06
2011-07-22,0.24687837769602156,1.16
2011-07-23,0.1763622078340613,1.29
2011-07-24,0.16177123376035,1.24
2011-07-25,0.15378007141788042,1.19
2011-07-26,0.14771690482295027,1.19
2011-07-27,0.14276422572914518,1.18
2011-07-28,0.138779486536621,1.25
2011-07-29,0.1355277960795992,1.36
2011-07-30,0.13285425603378986,1.37
2011-07-31,0.13063944618923373,1.37
2011-08-01,0.12967812849314536,1.36
2011-08-02,0.12770359923542682,1.4
2011-08-03,0.3098487746427831,1.31
2011-08-04,0.47617887460512,1.22
2011-08-05,0.19299404472518383,1.14
2011-08-06,0.15659122113029875,1.04
2011-08-07,0.14876394505166254,0.957
2011-08-08,0.14192501778761346,0.918
2011-08-09,0.13716598204412506,0.993
2011-08-10,0.13457787950820552,1.04
2011-08-11,0.13763630647410782,1.09
2011-08-12,0.1389412485766232,1.09
2011-08-13,0.12780572214431452,1.12
2011-08-14,0.12489399227752057,1.09
2011-08-15,0.12423375485676674,1.04
2011-08-16,0.12216918232150664,1.03
2011-08-17,0.12185277487301337,1.03
2011-08-18,0.9374725020671357,1.3
2011-08-19,0.30947285170339767,1.16
2011-08-20,0.17924015115832065,1.09
2011-08-21,0.15421588158825128,0.882
2011-08-22,0.14757068033452048,0.85
2011-08-23,0.23382730627811601,0.898
2011-08-24,0.15422500171081158,0.924
2011-08-25,0.8709184343141949,1.07
2011-08-26,0.4205636744620373,1.24
2011-08-27,0.23575203708293496,1.26
2011-08-28,0.18069598139291174,1.1
2011-08-29,0.16306107278777762,0.969
2011-08-30,0.153531014654626,0.934
2011-08-31,0.1463973476626203,0.906
2011-09-01,0.14071832267751275,0.759
2011-09-02,0.13614551711830983,0.661
2011-09-03,0.13244616921750804,0.648
2011-09-04,0.29247289506497376,0.654
2011-09-05,0.16320766682334856,0.594
2011-09-06,0.17827088737188754,0.57
2011-09-07,0.14674602469053522,0.527
2011-09-08,0.1363208127962903,0.49
2011-09-09,0.1319523574467488,0.471
2011-09-10,0.1308930641688133,0.452
2011-09-11,0.1285907064964447,0.415
2011-09-12,0.12473516507619575,0.462
2011-09-13,0.12480241742425723,0.377
2011-09-14,0.12148080100629206,0.364
2011-09-15,0.12012665125562783,0.381
2011-09-16,0.11903955762094164,0.454
2011-09-17,0.12042904823475653,0.549
2011-09-18,0.11859076696256356,0.567
2011-09-19,0.11667019891874345,0.564
2011-09-20,0.181790920000976,0.553
2011-09-21,0.12445663637272336,0.545
2011-09-22,0.11889908813706648,0.536
2011-09-23,0.11724994336274264,0.556
2011-09-24,0.11606364538356809,0.553
2011-09-25,0.11560870705900057,0.558
2011-09-26,0.11427268294777573,0.565
2011-09-27,0.113378010101914,0.519
2011-09-28,0.11249826949833376,0.551
2011-09-29,0.1117470681411434,0.551
2011-09-30,0.111045872713399,0.543
2011-10-01,0.11037250911719769,0.547
2011-10-02,0.109720750627182,0.552
2011-10-03,0.10908430330649523,0.539
2011-10-04,0.10862061865167473,0.496
2011-10-05,0.15886490194533998,0.497
2011-10-06,0.12150286999574864,0.503
2011-10-07,0.19041271439706217,0.475
2011-10-08,0.8849634346617783,0.519
2011-10-09,0.22894348730881878,0.654
2011-10-10,0.14999165592886352,0.714
2011-10-11,0.13627735487007625,0.6
2011-10-12,0.1322654647630338,0.561
2011-10-13,0.12379815822706489,0.551
2011-10-14,0.11938986302940172,0.541
2011-10-15,0.11605136005407897,0.642
2011-10-16,0.11331659245027657,0.627
2011-10-17,0.27850547536018305,0.636
2011-10-18,0.13619257982493405,0.638
2011-10-19,0.11892630054031054,0.609
2011-10-20,0.11426398836196174,0.6
2011-10-21,0.11144023774129523,1.02
2011-10-22,0.10920674484382145,1.16
2011-10-23,0.10734260652128266,1.2
2011-10-24,0.1073271740908383,1.22
2011-10-25,0.10575126530364459,1.18
2011-10-26,0.10516362418752416,1.2
2011-10-27,0.10649377714817151,1.21
2011-10-28,0.10220605745463958,1.53
2011-10-29,0.10053406838602492,1.31
2011-10-30,0.09967927993187475,1.33
2011-10-31,0.09922074580481789,1.26
2011-11-01,0.09919682672999601,1.33
2011-11-02,0.09873985930797155,1.34
2011-11-03,0.9580856250781363,1.6
2011-11-04,0.8675363939700708,1.75
2011-11-05,0.3473419189004676,1.56
2011-11-06,0.16617990898906407,1.16
2011-11-07,0.13690316504298053,1.06
2011-11-08,0.2415634873057223,1.05
2011-11-09,0.13881342011538256,1.06
2011-11-10,0.12336917559717347,1.06
2011-11-11,0.11721402444701116,1.13
2011-11-12,0.11295178126288188,1.32
2011-11-13,0.10945634348333105,1.36
2011-11-14,0.10660317619805601,1.33
2011-11-15,0.10429874169065548,1.33
2011-11-16,0.10241085420254352,1.34
2011-11-17,0.10094053232137778,1.41
2011-11-18,0.09966144184078814,1.89
2011-11-19,0.0986987215932011,1.95
2011-11-20,0.09825172166815799,1.96
2011-11-21,0.09677406114996036,1.99
2011-11-22,0.09791248846979937,2.0
2011-11-23,0.09549315061277373,1.98
2011-11-24,0.09595422218440593,2.04
2011-11-25,0.0941547812074094,2.01
2011-11-26,0.09355166448776833,2.01
2011-11-27,0.09298312502533376,2.01
2011-11-28,0.09265846146667663,1.53
2011-11-29,0.16614119061979518,0.837
2011-11-30,0.17819402905237636,1.75
2011-12-01,0.15845454368068612,2.08
2011-12-02,0.34254739339450896,2.42
2011-12-03,0.13373787537421203,2.71
2011-12-04,0.13045077485077833,2.74
2011-12-05,0.10609918940541038,2.7
2011-12-06,0.18043447856959421,2.72
2011-12-07,0.11180984063610756,2.64
2011-12-08,0.3710678853006268,2.52
2011-12-09,0.13663140813421662,1.88
2011-12-10,0.10927427067167371,1.52
2011-12-11,0.3144423886096611,1.5
2011-12-12,0.8463455680954539,1.08
2011-12-13,0.2522330706547267,1.4
2011-12-14,0.22762093333860547,0.972
2011-12-15,0.5618625121356339,1.07
2011-12-16,0.31981144079843676,1.73
2011-12-17,0.15813895141905632,1.78
2011-12-18,0.14763147433803145,1.64
2011-12-19,0.41137661617520355,1.61
2011-12-20,0.3502018145616692,1.63
2011-12-21,0.1630782145429936,1.28
2011-12-22,0.1341184329741116,1.19
2011-12-23,0.6172532451091621,1.31
2011-12-24,0.19435241675754014,1.25
2011-12-25,0.14207913574251924,1.22
2011-12-26,0.12918857905236059,1.04
2011-12-27,0.12213262669398937,0.961
2011-12-28,0.11628030629778437,0.938
2011-12-29,0.14249111636174006,1.21
2011-12-30,0.560707016705069,1.59
2011-12-31,0.17582890436048265,1.27
2012-01-01,0.3397006080563437,1.23
2012-01-02,0.2723031515318536,1.24
2012-01-03,0.7310712474811978,1.68
2012-01-04,0.7202661941242375,2.08
2012-01-05,0.24803537111735025,1.7
2012-01-06,0.1830762113475653,1.54
2012-01-07,0.16279603515752222,1.1
2012-01-08,0.15017298581551836,0.91
2012-01-09,0.14086232237086244,0.822
2012-01-10,0.1336225845167169,0.771
2012-01-11,0.12746407939312293,0.858
2012-01-12,0.12286885846561588,0.659
2012-01-13,0.11910065591886367,1.22
2012-01-14,0.11643389605295894,1.28
2012-01-15,0.11395824795756977,1.27
2012-01-16,0.1121560683235397,1.24
2012-01-17,0.1119613129402903,0.958
2012-01-18,0.8757672049357946,0.931
2012-01-19,0.3128649479746194,1.88
2012-01-20,1.0019476293921024,3.32
2012-01-21,0.40323651467918453,7.25
2012-01-22,0.2089451877880132,3.63
2012-01-23,0.1785690683094816,2.03
2012-01-24,0.4778863256186001,1.53
2012-01-25,0.39856056475956325,1.56
2012-01-26,0.20411266098349237,2.02
2012-01-27,0.19675873076637387,2.86
2012-01-28,0.1656459063521298,2.0
2012-01-29,0.15465933490742717,1.57
2012-01-30,0.14706512528282326,1.41
2012-01-31,0.1412439024922485,1.31
2012-02-01,0.13577528070735134,1.21
2012-02-02,0.1320446844851973,1.12
2012-02-03,0.1291706136438524,1.03
2012-02-04,0.8823303620970313,0.999
2012-02-05,0.23718599222121434,1.07
2012-02-06,0.1612146498911549,1.1
2012-02-07,0.14802618580814325,1.08
2012-02-08,0.14084076593654687,1.03
2012-02-09,0.18881942397944915,1.0
2012-02-10,0.14235545021469703,0.999
2012-02-11,0.13553562270307587,0.971
2012-02-12,0.13326483951063875,0.967
2012-02-13,0.20962038864525245,1.09
2012-02-14,0.1463388470679212,6.85
2012-02-15,0.1360231965962959,7.25
2012-02-16,0.1325301679716497,3.74
2012-02-17,0.13055950263205585,2.11
2012-02-18,0.17141835676885284,1.69
2012-02-19,0.13545842261953023,1.48
2012-02-20,0.13027368065710784,1.16
2012-02-21,0.1281730544225572,1.25
2012-02-22,0.15379087543797643,1.4
2012-02-23,0.13219754961923832,1.49
2012-02-24,0.1284962034875809,1.75
2012-02-25,0.1267146149961192,1.76
2012-02-26,0.12633728067929262,1.74
2012-02-27,0.12462326214105234,1.76
2012-02-28,0.12356841086280779,2.06
2012-02-29,0.1224445182274113,2.03
2012-03-01,0.12167020805235985,1.56
2012-03-02,0.12137128138539487,1.35
2012-03-03,0.12132909680501804,1.15
2012-03-04,0.9159480565337634,1.36
2012-03-05,0.9043209742210534,5.88
2012-03-06,0.2616095524013524,8.49
2012-03-07,0.4318080981956382,5.68
2012-03-08,0.20412189461395824,5.87
2012-03-09,0.16961104708766275,3.03
2012-03-10,0.15777847014980545,2.08
2012-03-11,0.14999996458059192,1.62
2012-03-12,0.14395447106989862,1.39
2012-03-13,0.13907021625254068,1.98
2012-03-14,0.135156366223725,1.71
2012-03-15,0.13195236539693272,1.79
2012-03-16,0.12938796927542912,1.78
2012-03-17,0.27373871020459917,1.83
2012-03-18,0.1516094818505631,1.76
2012-03-19,0.13351835133387907,1.66
2012-03-20,0.12905124192641307,1.63
2012-03-21,0.1266387810317271,1.53
2012-03-22,0.1248816868383229,1.69
2012-03-23,0.12325950677622043,1.46
2012-03-24,0.12194997039003279,1.3
2012-03-25,0.1208215449287147,1.34
2012-03-26,0.11983590032193846,1.4
2012-03-27,0.11896074138569558,1.47
2012-03-28,0.11816957108695925,1.25
2012-03-29,0.1174424078388904,1.33
2012-03-30,0.11676490300729508,1.17
2012-03-31,0.11612213123973354,1.28
2012-04-01,0.1155037533902928,1.29
2012-04-02,0.11490510222139737,1.29
2012-04-03,0.9107106575203646,1.39
2012-04-04,0.29112732982052686,1.94
2012-04-05,0.15993372837060726,1.87
2012-04-06,0.14245347069293798,1.27
2012-04-07,0.1356391164427906,1.36
2012-04-08,0.21495242721288382,1.36
2012-04-09,0.1867428959462125,1.43
2012-04-10,0.14227932429308845,1.46
2012-04-11,0.1386754846011191,1.45
2012-04-12,0.1318468057686677,1.48
2012-04-13,0.125490132325576,1.35
2012-04-14,0.12191963848784267,1.22
2012-04-15,0.12080954708818235,1.28
2012-04-16,0.12133592138227073,1.28
2012-04-17,0.1524597555674961,1.43
2012-04-18,0.18401338658413946,1.73
2012-04-19,0.13685411397854624,1.36
2012-04-20,0.15460138200564702,1.26
2012-04-21,0.1947159813529015,1.09
2012-04-22,0.2410816148427991,1.18
2012-04-23,0.6204170505775521,1.46
2012-04-24,0.29695681730226126,1.57
2012-04-25,1.0066629395327005,4.88
2012-04-26,0.7753283982873641,13.4
2012-04-27,0.4600277046617337,4.56
2012-04-28,1.1467408382880984,4.4
2012-04-29,1.006483289965873,15.8
2012-04-30,1.2930015688356256,18.3
2012-05-01,0.4576769544035714,15.9
2012-05-02,1.7212551820409943,13.1
2012-05-03,1.4267003775454121,24.9
2012-05-04,0.6452737296989944,42.1
2012-05-05,0.4508389592816637,20.0
2012-05-06,0.38375822754406896,6.17
2012-05-07,0.5664458048845981,4.06
2012-05-08,0.42467551139839965,3.05
2012-05-09,0.6728921716678815,3.22
2012-05-10,0.41450023189150137,3.75
2012-05-11,0.3213082437709123,3.78
2012-05-12,0.2857064376689251,2.12
2012-05-13,0.26413254793406826,1.82
2012-05-14,0.41685842475152546,1.74
2012-05-15,0.29296811915234733,1.49
2012-05-16,0.2392263840387841,1.55
2012-05-17,0.22446241505368078,1.39
2012-05-18,0.21718637899868007,1.29
2012-05-19,0.20870744622416262,1.23
2012-05-20,0.20341973591593354,1.19
2012-05-21,0.19957213872112148,1.15
2012-05-22,0.1967488032926318,1.11
2012-05-23,0.19471250951058827,1.11
2012-05-24,0.19328269420811092,1.0
2012-05-25,0.19231828914155813,0.959
2012-05-26,0.19170634757963012,0.925
2012-05-27,0.19135742284985824,0.879
2012-05-28,0.20094944359726874,0.866
2012-05-29,0.1919105742618411,0.823
2012-05-30,0.21049947501885896,0.891
2012-05-31,0.19671088071112033,0.873
2012-06-01,0.19644582850615044,0.879
2012-06-02,0.6345009802623418,0.877
2012-06-03,0.8792691626605308,1.03
2012-06-04,0.313262865158667,1.29
2012-06-05,0.4488958951929182,1.23
2012-06-06,0.28352819439673144,1.13
2012-06-07,0.7750544541514522,1.3
2012-06-08,0.31946574843583164,1.6
2012-06-09,0.2547986056559001,1.52
2012-06-10,0.9940221246103081,1.24
2012-06-11,0.5493705457150027,1.95
2012-06-12,0.30047172460049526,3.1
2012-06-13,0.26234454399489615,1.82
2012-06-14,0.5632178821007001,1.31
2012-06-15,0.2956878853224955,1.25
2012-06-16,0.25243712086273035,1.34
2012-06-17,0.24988339519154368,1.07
2012-06-18,0.2340420383757491,0.95
2012-06-19,0.22687853300790994,0.874
2012-06-20,0.5238464836828418,0.809
2012-06-21,0.30535020137117425,0.921
2012-06-22,0.24782034537588085,1.03
2012-06-23,0.9868356696994098,0.987
2012-06-24,0.3512402471879078,1.48
2012-06-25,0.26380381409717785,1.86
2012-06-26,0.24752779596365482,1.2
2012-06-27,0.23773742591496785,0.981
2012-06-28,0.2308740388417843,0.868
2012-06-29,0.22786511400041448,0.794
2012-06-30,0.22215840940070838,0.787
2012-07-01,0.21826731383064935,0.705
2012-07-02,0.3270701146253416,0.707
2012-07-03,0.3014144560989771,0.724
2012-07-04,0.2333180046217087,0.746
2012-07-05,0.8761769691566481,0.771
2012-07-06,0.37767896560128555,1.0
2012-07-07,0.9054999168361566,1.37
2012-07-08,0.38037668267685815,1.47
2012-07-09,0.2770431735549953,1.6
2012-07-10,0.6659294796648827,1.35
2012-07-11,0.5644006051305701,1.33
2012-07-12,0.8772991791743412,1.64
2012-07-13,1.22295232056798,3.43
2012-07-14,0.508891053891501,11.7
2012-07-15,0.3579217795024163,14.4
2012-07-16,0.3561469463398074,4.36
2012-07-17,0.30648355922334125,2.79
2012-07-18,0.3139357906937495,2.32
2012-07-19,0.2813314555247798,2.01
2012-07-20,0.5323956635001765,2.33
2012-07-21,0.29572960215360394,3.43
2012-07-22,0.2620379183588273,2.47
2012-07-23,0.2503405838691527,1.66
2012-07-24,0.2425715912837379,1.3
2012-07-25,0.23649222370262796,1.12
2012-07-26,0.2315934700592656,1.01
2012-07-27,0.22763185519427923,0.867
2012-07-28,0.22433758485237532,0.859
2012-07-29,0.22639392965154054,0.824
2012-07-30,0.3039704316045446,0.742
2012-07-31,0.2387828295249751,0.793
2012-08-01,0.23407819984087547,0.87
2012-08-02,0.22983613465225156,0.892
2012-08-03,0.22318359028768184,0.804
2012-08-04,0.2622300588943419,0.759
2012-08-05,0.4385672729205639,1.0
2012-08-06,0.4283852668602708,1.62
2012-08-07,0.28681154620584176,1.3
2012-08-08,0.2440457282219377,1.15
2012-08-09,0.23382558798029163,1.02
2012-08-10,0.22785077598047218,0.888
2012-08-11,0.22313428460277238,0.773
2012-08-12,0.2192239138036983,0.718
2012-08-13,0.34502777672384033,0.676
2012-08-14,0.22898221491381415,0.615
2012-08-15,0.21805047673647018,0.814
2012-08-16,0.21360691015480607,0.816
2012-08-17,0.21070522318539908,0.69
2012-08-18,0.20826538851213325,0.643
2012-08-19,0.2066917697206413,0.628
2012-08-20,0.20425744477623392,0.605
2012-08-21,0.20281023811775856,0.606
2012-08-22,0.2010147807117624,0.577
2012-08-23,0.1993704456813636,0.596
2012-08-24,0.2010530871237903,0.595
2012-08-25,0.503736981441616,0.647
2012-08-26,0.24168578882800038,0.631
2012-08-27,0.21662581800621153,0.681
2012-08-28,0.20728494817712922,0.655
2012-08-29,0.2584339769641151,0.64
2012-08-30,0.2578109841324899,0.623
2012-08-31,0.21485988882531307,0.621
2012-09-01,0.20603252184917628,0.618
2012-09-02,0.20132701607050094,0.61
2012-09-03,0.19757872443583244,0.585
2012-09-04,0.19439021215948418,0.53
2012-09-05,0.19161179445489976,0.537
2012-09-06,0.18916235129709288,0.536
2012-09-07,0.1869706539049043,0.525
2012-09-08,0.184984038199803,0.517
2012-09-09,0.18315476113865412,0.504
2012-09-10,0.18448013691311102,0.499
2012-09-11,0.18018117719708132,0.499
2012-09-12,0.2846540221566728,0.519
2012-09-13,0.1971146586465282,0.515
2012-09-14,0.1857373755650498,0.513
2012-09-15,0.18181584182093385,0.518
2012-09-16,0.1789809823318489,0.505
2012-09-17,0.17652596767616865,0.499
2012-09-18,0.17433240122866175,0.471
2012-09-19,0.17233486899654685,0.466
2012-09-20,0.17049500850087101,0.468
2012-09-21,0.17418890616857646,0.481
2012-09-22,0.1678612277215805,0.493
2012-09-23,0.97838110356882,0.654
2012-09-24,0.7562327123773743,0.784
2012-09-25,0.284856500887064,0.848
2012-09-26,0.220193240135396,0.761
2012-09-27,0.20191618760515573,0.678
2012-09-28,0.19244578832557194,0.642
2012-09-29,0.18330164396614188,0.591
2012-09-30,0.22163336928335273,0.57
2012-10-01,0.19187711051739836,0.617
2012-10-02,0.17732247862260822,0.578
2012-10-03,0.23802503088496935,0.566
2012-10-04,0.9778383628521126,0.65
2012-10-05,1.1045654922517936,1.48
2012-10-06,0.5137064542408611,5.81
2012-10-07,0.2641586266124978,4.51
2012-10-08,0.22274195242702355,1.99
2012-10-09,0.20393388901440707,1.32
2012-10-10,0.19315664560714568,1.1
2012-10-11,0.3241343711677282,0.975
2012-10-12,0.2030784488300496,0.903
2012-10-13,0.18448842078565542,0.901
2012-10-14,0.17818999897805274,0.84
2012-10-15,0.18624002024659717,0.798
2012-10-16,0.6099738103091995,0.759
2012-10-17,0.31907783536698725,0.846
2012-10-18,0.22153655338471948,1.62
2012-10-19,0.8183105425172984,1.82
2012-10-20,0.8206559225801094,6.35
2012-10-21,0.32519599103068475,8.93
2012-10-22,0.23419687852117022,6.69
2012-10-23,0.21041142741283989,3.79
2012-10-24,0.1981903669911442,2.58
2012-10-25,0.18830963458980535,2.23
2012-10-26,0.3039795193879617,1.36
2012-10-27,0.7211885809210293,1.67
2012-10-28,0.4798198809099467,4.87
2012-10-29,0.24318396994051647,4.82
2012-10-30,0.20683250624809948,4.26
2012-10-31,0.9043520109709667,2.96
2012-11-01,0.30599819487189334,6.7
2012-11-02,0.22399867598860548,7.83
2012-11-03,0.4283004953018644,3.92
2012-11-04,1.0714886736542268,6.44
2012-11-05,0.38467544268601633,13.9
2012-11-06,0.27641309972868505,5.89
2012-11-07,0.22993609409048013,3.41
2012-11-08,0.21348170108247386,2.94
2012-11-09,0.23788253593631367,2.46
2012-11-10,0.2015779595263827,2.32
2012-11-11,0.18918664281836925,2.0
2012-11-12,0.33773034331583157,1.63
2012-11-13,0.20218694802950773,1.7
2012-11-14,0.18384501226022945,1.97
2012-11-15,0.17749963490040457,1.87
2012-11-16,0.1753155844309447,1.75
2012-11-17,0.17042719795711841,1.77
2012-11-18,0.1677396595354642,1.73
2012-11-19,0.16849960823888444,1.57
2012-11-20,0.26839061200085745,1.56
2012-11-21,0.709067821135248,2.37
2012-11-22,0.8965205047439302,10.2
2012-11-23,0.3042691891926555,13.1
2012-11-24,1.1012789720908176,11.0
2012-11-25,0.7033727582744009,18.9
2012-11-26,0.9810477118867234,15.9
2012-11-27,0.5893479312356555,14.5
2012-11-28,0.4875277962531426,13.2
2012-11-29,0.3446570543161462,9.95
2012-11-30,0.30438994363761823,4.61
2012-12-01,0.35037629027981276,3.66
2012-12-02,0.7892148779860864,3.12
2012-12-03,0.37095834402127553,6.91
2012-12-04,0.5919875096563039,8.35
2012-12-05,0.36351359327560634,5.42
2012-12-06,1.0311745566366395,5.67
2012-12-07,0.7253700055841062,13.8
2012-12-08,0.4245043696771661,14.4
2012-12-09,0.3578214930043943,7.33
2012-12-10,0.3276446136729903,4.61
2012-12-11,0.29999701494775105,3.06
2012-12-12,0.27931608144887704,2.8
2012-12-13,0.26543022030668817,2.67
2012-12-14,0.9638989575889323,6.73
2012-12-15,0.48049922621412844,12.3
2012-12-16,0.3484812617339442,6.4
2012-12-17,0.33108332934005064,4.54
2012-12-18,0.2974123705406651,3.29
2012-12-19,1.4373123563431098,2.87
2012-12-20,1.5208916855744055,17.0
2012-12-21,1.3183056587918003,28.0
2012-12-22,1.981361029627099,26.9
2012-12-23,1.6459785747424105,34.9
2012-12-24,1.4047804026813377,29.7
2012-12-25,1.3646836780924338,23.8
2012-12-26,1.340046152920665,18.8
2012-12-27,1.7080349039799212,17.2
2012-12-28,1.080178585493106,18.1
2012-12-29,0.9512199110314519,14.4
2012-12-30,0.7743396658997399,8.25
2012-12-31,1.3102845014252058,6.73
2013-01-01,0.7962285114298477,11.0
2013-01-02,0.9505644005395605,6.62
2013-01-03,0.6998816340452576,5.26
2013-01-04,0.6215582262858919,4.8
2013-01-05,0.5705353531011558,4.14
2013-01-06,0.5338041807999255,3.16
2013-01-07,0.49781880877235896,3.26
2013-01-08,0.922905491551212,3.04
2013-01-09,0.5882905501357517,4.15
2013-01-10,0.5302816878505212,4.66
2013-01-11,0.4996548876280546,3.6
2013-01-12,0.4801962723420617,3.07
2013-01-13,0.4656550042587735,2.66
2013-01-14,0.9229505377270036,2.5
2013-01-15,0.5899318199550817,2.63
2013-01-16,0.5220858947602817,2.25
2013-01-17,0.4988875593222791,2.01
2013-01-18,0.5799197226142525,2.06
2013-01-19,0.5078200632158706,2.15
2013-01-20,1.3013505811121742,2.07
2013-01-21,0.7114821612666085,2.07
2013-01-22,0.6117624731345578,1.95
2013-01-23,0.5727745384619582,1.93
2013-01-24,0.546892331053597,2.08
2013-01-25,0.8653432809734227,2.41
2013-01-26,1.6371340889652395,4.31
2013-01-27,0.8774229801304856,27.4
2013-01-28,0.8838801615174328,27.4
2013-01-29,1.4900302367168399,9.76
2013-01-30,1.0926423368938754,14.8
2013-01-31,1.1496026071743057,11.1
2013-02-01,0.9845910499574307,7.13
2013-02-02,0.8283652127411592,4.92
2013-02-03,0.764906830884724,4.04
2013-02-04,0.8936222334964516,3.24
2013-02-05,1.1435695679926097,3.52
2013-02-06,0.9282449196086519,3.92
2013-02-07,0.7790031289470084,3.74
2013-02-08,0.7650504792266719,3.32
2013-02-09,1.1052558264781074,2.81
2013-02-10,1.852940114424485,4.58
2013-02-11,1.1414446309721489,11.3
2013-02-12,0.9389693686067949,8.71
2013-02-13,1.9564295342910871,5.23
2013-02-14,1.2835693585255143,16.0
2013-02-15,1.0356324202024074,13.0
2013-02-16,0.9341573021349561,6.64
2013-02-17,0.8641380120681751,4.76
2013-02-18,0.809359918562955,3.8
2013-02-19,0.7670046546600479,3.31
2013-02-20,0.7322067084198687,2.84
2013-02-21,0.7055540152694821,2.53
2013-02-22,0.6850549202056171,2.39
2013-02-23,0.6695203639603632,2.27
2013-02-24,0.6636453351288865,2.11
2013-02-25,0.6500255085435577,1.99
2013-02-26,0.6402258002945623,1.94
2013-02-27,0.6322475844696035,1.87
2013-02-28,0.6303253818205573,1.84
2013-03-01,0.6240375743159057,1.73
2013-03-02,0.620588545458891,1.62
2013-03-03,0.6180067589633387,1.63
2013-03-04,0.61591955265227,1.66
2013-03-05,0.6141230876650452,1.68
2013-03-06,0.6264437959808272,1.76
2013-03-07,0.8149538755213733,1.77
2013-03-08,0.9591617467043889,2.03
2013-03-09,1.1860326909434875,2.53
2013-03-10,0.8459642522530012,6.29
2013-03-11,0.7233436271022367,6.99
2013-03-12,0.6918271058134766,3.84
2013-03-13,0.6798459749395696,2.96
2013-03-14,0.8188723102257065,2.46
2013-03-15,0.8619397292455403,2.37
2013-03-16,1.1303009241752668,3.52
2013-03-17,0.9213877050015984,6.3
2013-03-18,0.774655900637901,6.5
2013-03-19,0.727581215067373,4.22
2013-03-20,0.70129525684732,3.07
2013-03-21,0.6791586720599974,2.4
2013-03-22,0.7730158120302638,2.22
2013-03-23,1.2083367522194983,2.32
2013-03-24,0.7887239811477972,2.59
2013-03-25,0.7077021045543818,2.6
2013-03-26,0.6796842786385738,2.56
2013-03-27,0.660894933498496,2.47
2013-03-28,0.645816012566581,2.48
2013-03-29,0.633351463743172,2.24
2013-03-30,0.6229258596482357,2.09
2013-03-31,0.6139814347734976,1.9
2013-04-01,0.6063045995094117,1.79
2013-04-02,0.5995943300951133,1.7
2013-04-03,0.5936328211870517,1.64
2013-04-04,0.5893746461446397,1.55
2013-04-05,0.5835213001641415,1.6
2013-04-06,0.578776906303067,1.52
2013-04-07,0.5743742965311983,1.49
2013-04-08,0.5702105065415969,1.53
2013-04-09,0.5662033432167353,1.52
2013-04-10,0.8908634335336681,1.7
2013-04-11,0.6506778401254173,1.72
2013-04-12,0.864044325223875,1.86
2013-04-13,0.7434952257153083,2.95
2013-04-14,0.5988197710800913,2.73
2013-04-15,0.5747268760038862,2.26
2013-04-16,0.5643196151008518,1.92
2013-04-17,0.5557909911456057,1.7
2013-04-18,0.5530784106338525,1.64
2013-04-19,0.5449854223952675,1.57
2013-04-20,0.5362902673798539,1.42
2013-04-21,0.5304154660691024,1.39
2013-04-22,0.5251397947718024,1.4
2013-04-23,0.5201512787422264,1.38
2013-04-24,0.5169351217684804,1.32
2013-04-25,0.8598423647633529,1.29
2013-04-26,0.5645535134268185,1.49
2013-04-27,0.526142701487326,1.44
2013-04-28,0.5149205765821971,1.28
2013-04-29,0.5062273378241386,1.23
2013-04-30,0.49948194357443265,1.18
2013-05-01,0.4934300489422618,1.05
2013-05-02,0.4878028607968097,1.02
2013-05-03,0.48249505389881125,1.02
2013-05-04,0.4776275719210859,0.936
2013-05-05,0.4726004071474256,0.989
2013-05-06,0.4678816826884371,1.02
2013-05-07,0.46466379209118863,1.06
2013-05-08,0.4590341154470374,1.01
2013-05-09,0.455304574247945,0.956
2013-05-10,0.45326420643106335,0.936
2013-05-11,0.6831404182089411,0.951
2013-05-12,0.48290697704742697,1.04
2013-05-13,0.4595568290745236,1.0
2013-05-14,0.9904966767703108,1.1
2013-05-15,0.5220927803495686,1.29
2013-05-16,0.4624791153716558,1.17
2013-05-17,0.44747908205919706,1.02
2013-05-18,0.4381876734433049,0.967
2013-05-19,0.43126192063362834,0.934
2013-05-20,0.4235410132554344,0.913
2013-05-21,0.41711177401351085,0.888
2013-05-22,0.43267098369923335,0.889
2013-05-23,0.5980845187539088,0.912
2013-05-24,0.7867459563579478,1.13
2013-05-25,0.464865061482293,1.46
2013-05-26,0.42435426671681997,1.14
2013-05-27,0.41688537719379554,0.989
2013-05-28,0.7593888732953961,1.06
2013-05-29,0.45479244509673006,1.29
2013-05-30,0.4107380643024924,1.12
2013-05-31,0.39749885458835793,1.02
2013-06-01,0.3887253837268155,0.953
2013-06-02,0.38130490316772025,0.902
2013-06-03,0.37472634764017587,0.854
2013-06-04,0.3687931026315488,0.829
2013-06-05,0.36337602749693376,0.827
2013-06-06,0.3583728892877856,0.782
2013-06-07,0.3537027799079331,0.752
2013-06-08,0.3493012397489074,0.687
2013-06-09,0.345116891032969,0.67
2013-06-10,0.3411178116189135,0.683
2013-06-11,0.33725703306702576,0.726
2013-06-12,0.3346384169053095,0.78
2013-06-13,0.33048827650208146,0.672
2013-06-14,0.3331529016535125,0.646
2013-06-15,0.5328436127728123,0.832
2013-06-16,0.35914992106477645,0.797
2013-06-17,0.33359200192362337,0.77
2013-06-18,0.32542085468042903,0.744
2013-06-19,0.31921587510728344,0.721
2013-06-20,0.3246625182635576,0.705
2013-06-21,0.32027259273340564,0.718
2013-06-22,0.30826341492155673,0.766
2013-06-23,0.3055447287075782,0.727
2013-06-24,0.29777576263892647,0.717
2013-06-25,0.2937065766318484,0.69
2013-06-26,0.29040893637160065,0.783
2013-06-27,0.29023634038680224,0.955
2013-06-28,0.2913383169969817,1.03
2013-06-29,0.2810388511011486,1.05
2013-06-30,0.2771667479699031,1.01
2013-07-01,0.27400004738742273,0.978
2013-07-02,0.279865298086538,1.04
2013-07-03,0.26886418018716346,1.05
2013-07-04,0.26511139799561817,0.996
2013-07-05,0.2621138078212309,0.95
2013-07-06,0.25922652365209226,0.901
2013-07-07,0.25637877839199996,0.85
2013-07-08,0.25356304439171357,0.886
2013-07-09,0.2507739269474721,0.862
2013-07-10,0.24801283764050266,0.863
2013-07-11,0.24527814477812976,0.983
2013-07-12,0.24256911824104765,1.39
2013-07-13,0.23988654355951186,1.35
2013-07-14,0.2372262399999776,1.4
2013-07-15,0.23459153401527538,1.39
2013-07-16,0.23198118617766794,1.35
2013-07-17,0.22952725288478437,1.17
2013-07-18,0.22684213158413455,0.75
2013-07-19,0.22429517221942055,0.68
2013-07-20,0.22178107571918818,0.615
2013-07-21,0.2192896841037194,0.523
2013-07-22,0.6167564136789037,0.521
2013-07-23,0.2956101619955137,0.64
2013-07-24,0.40215756375450096,0.57
2013-07-25,0.26472923383390146,0.627
2013-07-26,0.24146576117726085,0.557
2013-07-27,0.4350057786180803,0.62
2013-07-28,0.2645124638803261,0.595
2013-07-29,0.2416754686202183,0.54
2013-07-30,0.42639523792166106,0.583
2013-07-31,0.2614463957603575,0.587
2013-08-01,0.23674822025031045,0.788
2013-08-02,0.6879207435101836,1.15
2013-08-03,0.2958162622867427,1.21
2013-08-04,0.24119067626253657,1.13
2013-08-05,0.6810053266150444,1.29
2013-08-06,0.29371666279403413,1.18
2013-08-07,0.24065476158416502,1.14
2013-08-08,0.22758037198760914,1.1
2013-08-09,0.2180789498297313,1.08
2013-08-10,0.20913714655460316,1.07
2013-08-11,0.2028747757867037,1.04
2013-08-12,0.1977221454394933,1.02
2013-08-13,0.19332115156053395,1.03
2013-08-14,0.19041480048582435,1.02
2013-08-15,0.1952290670611588,0.997
2013-08-16,0.2828813123272314,1.1
2013-08-17,0.20359661367723564,0.785
2013-08-18,0.19131398635548194,0.781
2013-08-19,0.1861199996274283,0.707
2013-08-20,0.1822020395991373,0.707
2013-08-21,0.3684583639499256,0.711
2013-08-22,0.2348744473976026,0.805
2013-08-23,0.2010960254005015,0.777
2013-08-24,0.916001271817084,1.14
2013-08-25,0.5300647503214146,0.801
2013-08-26,0.2588455826282786,0.713
2013-08-27,0.21584357043290142,0.663
2013-08-28,0.20204661037659463,0.621
2013-08-29,0.1933298340458775,0.604
2013-08-30,0.18647065881329739,0.575
2013-08-31,0.18082560465604225,0.529
2013-09-01,0.17611842436011257,0.568
2013-09-02,0.17215489390946506,0.569
2013-09-03,0.16878424963372332,0.536
2013-09-04,0.1658860063026215,0.577
2013-09-05,0.16369881852622642,0.565
2013-09-06,0.169541209503002,0.579
2013-09-07,0.16188705309348408,0.569
2013-09-08,0.15904244991660435,0.565
2013-09-09,0.16503036480786948,0.585
2013-09-10,0.15847631229038944,0.574
2013-09-11,0.15664217313871484,0.58
2013-09-12,0.3935726225891617,0.595
2013-09-13,1.0159184468216715,0.788
2013-09-14,0.4520401618390678,0.879
2013-09-15,0.27827421472192054,1.05
2013-09-16,0.21414309109606341,0.864
2013-09-17,0.21656155615959,0.744
2013-09-18,0.1870792309907696,0.723
2013-09-19,0.23575132385009556,0.735
2013-09-20,0.18423745094079166,0.685
2013-09-21,0.17280527189922862,0.685
2013-09-22,0.16606114507746123,0.672
2013-09-23,0.16145855115085572,0.658
2013-09-24,0.15717090076786627,0.669
2013-09-25,0.15380523387654954,0.664
2013-09-26,0.15094400934287397,0.627
2013-09-27,0.14852970163469748,0.582
2013-09-28,0.14644551017931223,0.679
2013-09-29,0.14462340716433963,0.695
2013-09-30,0.14300835509917048,0.687
2013-10-01,0.1456190518396459,0.687
2013-10-02,0.14101732698547287,0.7
2013-10-03,0.246821430512734,0.75
2013-10-04,0.15923993636340308,0.734
2013-10-05,0.14650171981816754,0.728
2013-10-06,0.142771643052666,0.7
2013-10-07,0.14044468955433667,0.686
2013-10-08,0.13840984644998972,0.717
2013-10-09,0.13984566749266028,0.727
2013-10-10,0.47470503790888036,0.736
2013-10-11,0.829727048046325,0.888
2013-10-12,1.0568476704967962,0.98
2013-10-13,0.7184066018589544,1.43
2013-10-14,0.2696128255905916,1.43
2013-10-15,0.20193380768177618,1.11
2013-10-16,0.3437386419256632,0.769
2013-10-17,0.19684947629269534,0.675
2013-10-18,0.1779836121158705,0.666
2013-10-19,0.25831603600089753,0.6
2013-10-20,0.9150508612304628,0.898
2013-10-21,0.27202894663429605,1.01
2013-10-22,0.8111842561019647,1.27
2013-10-23,0.28384531057497914,0.88
2013-10-24,0.22891108628948897,0.957
2013-10-25,0.19669526366859727,0.922
2013-10-26,0.3307920031376912,0.745
2013-10-27,1.0585790583225652,0.814
2013-10-28,0.5155511989939086,1.18
2013-10-29,0.25333024361403483,1.97
2013-10-30,0.2160328173673232,1.22
2013-10-31,0.22022891012259127,0.858
2013-11-01,0.21019386975046347,0.766
2013-11-02,0.18581699828408776,0.703
2013-11-03,1.0329320331938683,0.811
2013-11-04,0.8219798581489951,1.18
2013-11-05,0.3997135897051735,1.87
2013-11-06,0.7794728258496151,1.68
2013-11-07,0.3098307079731948,2.09
2013-11-08,0.6698757495350929,2.15
2013-11-09,0.33897560871878973,2.19
2013-11-10,0.2515377585171569,1.96
2013-11-11,0.607746049157264,1.46
2013-11-12,0.27934035004018987,1.28
2013-11-13,0.23801565811962266,2.21
2013-11-14,0.21358699412529467,1.65
2013-11-15,0.2010722163714589,1.25
2013-11-16,0.19173564219643846,1.09
2013-11-17,0.18695852073884867,0.935
2013-11-18,0.24552381134925452,0.883
2013-11-19,0.23804060749810346,0.848
2013-11-20,0.6567535802873677,1.01
2013-11-21,0.2599523766128163,2.05
2013-11-22,0.20806871374608785,2.12
2013-11-23,0.20042587673279433,1.51
2013-11-24,0.18821334647408194,1.17
2013-11-25,0.18211352319399243,1.07
2013-11-26,0.22919313611999284,0.919
2013-11-27,0.18747605075952695,0.853
2013-11-28,0.17915832380044427,0.792
2013-11-29,0.1752474577909227,0.895
2013-11-30,0.1723559345894967,0.751
2013-12-01,0.16988715196027834,0.805
2013-12-02,0.16798935663555245,0.793
2013-12-03,0.16675643963646797,0.75
2013-12-04,0.16585964835568331,0.681
2013-12-05,0.18021005241851654,0.754
2013-12-06,0.1671251589062954,0.677
2013-12-07,0.16399315988186317,0.65
2013-12-08,0.16256681411415494,0.723
2013-12-09,0.16211081265033214,0.674
2013-12-10,0.16177236702394165,0.661
2013-12-11,0.1608603665120367,0.698
2013-12-12,0.16108911061269365,0.615
2013-12-13,0.17925290238205327,0.655
2013-12-14,0.16390544135890261,0.706
2013-12-15,0.23333624946134662,0.73
2013-12-16,0.9322048004214337,0.829
2013-12-17,0.4239366891480094,3.65
2013-12-18,0.7365233097061086,4.0
2013-12-19,0.4856719237736165,4.67
2013-12-20,0.29086226494680906,3.83
2013-12-21,0.48516637328956885,2.84
2013-12-22,0.28625659779101803,2.42
2013-12-23,1.351194480474891,4.13
2013-12-24,1.306996436760747,15.3
2013-12-25,0.700107832515236,16.5
2013-12-26,0.6254006359374805,7.69
2013-12-27,0.4308609087223114,5.11
2013-12-28,0.3697193318482064,3.66
2013-12-29,0.3334063198957545,2.48
2013-12-30,0.5764044921734728,2.03
2013-12-31,0.7267816990478606,2.75
2014-01-01,1.0788339034180745,7.31
2014-01-02,0.9197410432893809,12.0
2014-01-03,1.1222859917128396,11.3
2014-01-04,0.6509100977465356,15.2
2014-01-05,0.8639891241992081,8.95
2014-01-06,1.1552931705306038,7.47
2014-01-07,0.9876469851536603,10.3
2014-01-08,0.7803934918396503,10.1
2014-01-09,0.5656952404038094,6.11
2014-01-10,0.7686401119999237,4.51
2014-01-11,0.5201525443294966,3.81
2014-01-12,0.6443254286041014,3.98
2014-01-13,0.609214431130999,3.98
2014-01-14,0.8712236750889257,4.26
2014-01-15,0.5922012920523372,5.69
2014-01-16,0.8498625697310708,7.51
2014-01-17,0.545336636405723,6.53
2014-01-18,0.9091953945838782,4.98
2014-01-19,0.5498354549587697,4.72
2014-01-20,0.4768571771409358,5.14
2014-01-21,0.7962962076417376,3.41
2014-01-22,0.516090818159145,3.91
2014-01-23,1.1505781835945503,8.21
2014-01-24,1.2136391387342291,10.3
2014-01-25,1.197827729555205,12.9
2014-01-26,1.2929316922439142,17.2
2014-01-27,0.8057780608100794,15.3
2014-01-28,1.4372838857794012,8.34
2014-01-29,1.1078056523076887,8.07
2014-01-30,1.1399582441813922,8.94
2014-01-31,2.183709938988364,11.1
2014-02-01,1.144608757662811,20.3
2014-02-02,0.9201696895043467,18.8
2014-02-03,0.8081503905762287,7.25
2014-02-04,1.272153329837786,4.9
2014-02-05,0.9494143874118918,4.89
2014-02-06,3.2719078033043982,7.48
2014-02-07,2.7491701825028314,28.1
2014-02-08,2.0675910689901817,44.1
2014-02-09,1.3671418539691953,25.4
2014-02-10,1.7726191362320933,8.88
2014-02-11,1.6480495138707065,6.66
2014-02-12,2.2714294405239275,9.57
2014-02-13,1.4349917305611137,14.3
2014-02-14,2.9287527176990595,11.1
2014-02-15,1.8208545307824526,19.2
2014-02-16,1.4548011450504226,8.61
2014-02-17,1.6555101825739815,5.15
2014-02-18,1.9352859413900323,5.52
2014-02-19,1.395445957281554,7.63
2014-02-20,1.3687369536141103,5.67
2014-02-21,1.1810068901573343,4.6
2014-02-22,1.0787187833782679,3.17
2014-02-23,1.0042225964071763,2.97
2014-02-24,1.0106677426743274,2.78
2014-02-25,0.9416332086034827,2.65
2014-02-26,1.307649661426238,2.41
2014-02-27,1.0756185108685834,2.47
2014-02-28,2.079660279030414,5.89
2014-03-01,1.2624943923594831,14.5
2014-03-02,1.7864795645842788,7.55
2014-03-03,1.6320481057304808,8.17
2014-03-04,1.2801361747534323,8.49
2014-03-05,1.1678462004026806,4.76
2014-03-06,1.0970039781191054,3.42
2014-03-07,1.0434992632433906,2.99
2014-03-08,1.0019505842963734,2.57
2014-03-09,0.9698517855460638,2.38
2014-03-10,0.9451411374345315,2.13
2014-03-11,0.92623373738521,2.01
2014-03-12,0.9118728133776447,1.67
2014-03-13,0.9012640029975433,1.63
2014-03-14,0.8930047815793941,1.73
2014-03-15,0.8869563516157526,1.72
2014-03-16,0.8825527970880539,1.67
2014-03-17,0.8793579176285398,1.62
2014-03-18,0.8773851455779533,1.59
2014-03-19,0.8755271536483734,1.55
2014-03-20,0.8935744831404052,1.53
2014-03-21,0.9309041280937295,1.58
2014-03-22,0.8861182967072342,1.42
2014-03-23,1.0079762641780603,1.42
2014-03-24,0.9003611233953099,1.41
2014-03-25,0.8851256365572969,1.43
2014-03-26,0.9313382055438022,1.43
2014-03-27,0.8889897179973648,1.37
2014-03-28,0.8800660490878397,1.27
2014-03-29,0.8757437594207975,1.33
2014-03-30,0.8721823416639096,1.3
2014-03-31,0.868792204219169,1.28
2014-04-01,0.8655289885009428,1.28
2014-04-02,0.8623951301971788,1.31
2014-04-03,0.859089654776219,1.23
2014-04-04,0.8558008249528812,1.12
2014-04-05,0.8590070064181189,1.11
2014-04-06,0.8523010811679325,1.13
2014-04-07,0.9771877076440632,1.17
2014-04-08,0.8651017942244605,1.21
2014-04-09,0.8489036243964633,1.13
2014-04-10,0.8420859378418362,1.05
2014-04-11,0.8364455144740739,1.04
2014-04-12,0.8311574965521752,1.03
2014-04-13,0.8258358763032324,1.01
2014-04-14,0.8206506117795844,0.973
2014-04-15,0.8155001175341524,0.994
2014-04-16,0.81041113645399,0.954
2014-04-17,0.8051960320990594,0.895
2014-04-18,0.7999882196074478,0.929
2014-04-19,0.7947497023104959,0.918
2014-04-20,0.8185522727610115,0.947
2014-04-21,0.7907701349456989,0.972
2014-04-22,0.7840511317454224,0.942
2014-04-23,0.7780317442369068,0.922
2014-04-24,0.7712409198957488,0.883
2014-04-25,0.7845106668797779,0.894
2014-04-26,0.7628284699112498,0.911
2014-04-27,0.7543283927407763,0.899
2014-04-28,0.784582556432678,0.877
2014-04-29,0.7552329564475256,0.889
2014-04-30,0.7436334500857188,0.895
2014-05-01,0.8196557078318303,0.872
2014-05-02,0.7384873678235712,0.912
2014-05-03,0.725242113355896,0.893
2014-05-04,0.7172359849913449,0.826
2014-05-05,0.7121252173243996,0.8
2014-05-06,0.7037697067002479,0.794
2014-05-07,0.6971907744285247,0.779
2014-05-08,1.2675988013213664,0.931
2014-05-09,0.9274563218273179,1.15
2014-05-10,0.7414579340233304,1.0
2014-05-11,0.7057955944904123,0.936
2014-05-12,0.8249316952908046,0.931
2014-05-13,0.8657765651086198,1.1
2014-05-14,0.7098873914173457,0.98
2014-05-15,0.6795260607390106,0.882
2014-05-16,0.6655837053035764,0.813
2014-05-17,0.6546615280250692,0.758
2014-05-18,0.6449292009489964,0.728
2014-05-19,0.6360547200665109,0.717
2014-05-20,0.6277385403149837,0.744
2014-05-21,0.8786116779837283,0.711
2014-05-22,0.6620048939080524,0.735
2014-05-23,0.7458253053857667,0.789
2014-05-24,0.7487509890550944,0.812
2014-05-25,0.6369316334986765,0.871
2014-05-26,1.4564451214677498,0.984
2014-05-27,1.5790398970543416,3.33
2014-05-28,1.4588870229919124,6.16
2014-05-29,0.7809965917635276,3.11
2014-05-30,0.664366039314563,1.71
2014-05-31,0.6274944368020169,1.05
2014-06-01,0.6083890407801595,1.04
2014-06-02,0.5964679257340345,0.968
2014-06-03,0.655853153114563,0.941
2014-06-04,0.5842658086890372,0.962
2014-06-05,0.5638207855233094,0.949
2014-06-06,0.5585301171750923,0.869
2014-06-07,0.5577286079238246,0.825
2014-06-08,0.5372162668894606,0.842
2014-06-09,0.5302311301799595,0.789
2014-06-10,0.5215609077601807,0.729
2014-06-11,0.5148767216400698,0.707
2014-06-12,0.5086650016330599,0.704
2014-06-13,0.5034829143413415,0.693
2014-06-14,0.49770654058784997,0.677
2014-06-15,0.491729532634461,0.657
2014-06-16,0.48643103271675364,0.706
2014-06-17,0.4815427528846689,0.643
2014-06-18,0.47581657727380877,0.606
2014-06-19,0.47067894612267025,0.61
2014-06-20,0.46565801298664367,0.632
2014-06-21,0.4607173990119305,0.622
2014-06-22,0.4558643753325786,0.665
2014-06-23,0.4569342055677035,0.613
2014-06-24,0.4472680492156946,0.587
2014-06-25,0.44154927401996275,0.654
2014-06-26,0.44177066943974164,0.63
2014-06-27,0.44423262204176506,0.587
2014-06-28,0.4666020415098621,0.819
2014-06-29,0.4429558697189665,0.755
2014-06-30,0.4261606088274537,0.667
2014-07-01,0.4192522128921886,0.625
2014-07-02,0.41360365441033403,0.646
2014-07-03,0.4082938567082534,0.618
2014-07-04,0.41370371329092887,0.537
2014-07-05,0.40575475605239564,0.569
2014-07-06,0.39672192014679136,0.59
2014-07-07,0.39275507397516024,0.583
2014-07-08,0.3859559962680533,0.586
2014-07-09,0.38143421101466174,0.553
2014-07-10,1.2325984519661155,0.604
2014-07-11,0.9359066814812379,0.753
2014-07-12,1.2589775907281149,1.21
2014-07-13,0.8503844678561641,1.24
2014-07-14,0.4993128836892812,1.22
2014-07-15,0.4387866705949833,0.943
2014-07-16,0.4146865578854057,0.73
2014-07-17,0.4886530508089403,0.636
2014-07-18,0.6277187358394672,0.67
2014-07-19,0.42866732929924173,0.669
2014-07-20,0.7619632493286045,0.802
2014-07-21,0.44386718166721967,0.884
2014-07-22,0.39612836296311815,0.888
2014-07-23,0.3788699424389446,0.702
2014-07-24,0.36687125390073444,0.629
2014-07-25,0.35786498458240357,0.572
2014-07-26,0.3486023576985588,0.566
2014-07-27,1.1603742492279299,0.572
2014-07-28,0.47003863974304666,0.912
2014-07-29,0.3806149054818037,1.11
2014-07-30,0.35986133988852803,0.743
2014-07-31,0.3479598309188387,0.623
2014-08-01,0.3481475893932331,0.639
2014-08-02,0.33175735456905797,0.647
2014-08-03,0.323548683313345,0.538
2014-08-04,0.31734538631507064,0.532
2014-08-05,0.6115332120266431,0.562
2014-08-06,0.35917975275692127,0.627
2014-08-07,0.3269314075110025,0.643
2014-08-08,1.223549079585054,0.892
2014-08-09,1.1323045970752537,1.29
2014-08-10,1.0784935075001774,2.43
2014-08-11,0.61728355252796,2.09
2014-08-12,0.3988293175964218,1.3
2014-08-13,0.3638149198417597,0.978
2014-08-14,0.7821315617719226,0.804
2014-08-15,0.3980385422091287,1.29
2014-08-16,0.34318040881316747,1.15
2014-08-17,0.3298028805055875,0.919
2014-08-18,0.32244079808917336,0.791
2014-08-19,0.30700939166996283,0.711
2014-08-20,0.3003346019476344,0.664
2014-08-21,0.2919047816103308,0.663
2014-08-22,0.29059082066372116,0.64
2014-08-23,0.28183998138371713,0.614
2014-08-24,0.2779915702575342,0.606
2014-08-25,1.1480735977326841,0.74
2014-08-26,0.9929655150350218,1.89
2014-08-27,0.41548546405687486,3.1
2014-08-28,0.32662649203590527,1.36
2014-08-29,0.30571544720800836,0.945
2014-08-30,0.29368411211936885,0.822
2014-08-31,0.28474636673769377,0.807
2014-09-01,0.4708193463077723,0.828
2014-09-02,0.30596313544724774,0.778
2014-09-03,0.28232764455666787,0.931
2014-09-04,0.2737027469075847,0.759
2014-09-05,0.26758329500743766,0.686
2014-09-06,0.2625325940171209,0.686
2014-09-07,0.2582040068132371,0.677
2014-09-08,0.2542176382850977,0.66
2014-09-09,0.2507652995092468,0.64
2014-09-10,0.2476660034475943,0.627
2014-09-11,0.24484016328070163,0.62
2014-09-12,0.24226564209845053,0.612
2014-09-13,0.2397918839479713,0.573
2014-09-14,0.23760164923646496,0.575
2014-09-15,0.2358002477247477,0.599
2014-09-16,0.23317467759069213,0.598
2014-09-17,0.23107757313405214,0.59
2014-09-18,0.43678689649666586,0.594
2014-09-19,0.3836192314172238,0.599
2014-09-20,0.2676569745085992,1.62
2014-09-21,0.2434424163791699,1.16
2014-09-22,0.23618870637803638,0.793
2014-09-23,0.3298197963766149,0.601
2014-09-24,0.2465679438911486,0.645
2014-09-25,0.23293864411544216,0.637
2014-09-26,0.2274388958602229,0.636
2014-09-27,0.22330008786489275,0.605
2014-09-28,0.2200141236401794,0.603
2014-09-29,0.22214240177064573,0.616
2014-09-30,0.21481214930904477,0.602
2014-10-01,0.21245067248687272,0.598
2014-10-02,0.20883126469427138,0.604
2014-10-03,0.2063116436512606,0.603
2014-10-04,0.6294216227100567,0.742
2014-10-05,0.2696856514523751,0.64
2014-10-06,0.4773653588744889,0.664
2014-10-07,0.3117574378521661,0.668
2014-10-08,0.6253834002350388,0.831
2014-10-09,0.29441111356141714,0.917
2014-10-10,0.26195690114317394,0.897
2014-10-11,0.23306608176125262,0.756
2014-10-12,1.0866192634469671,0.836
2014-10-13,1.1450113101981152,7.49
2014-10-14,0.7700597276524169,12.2
2014-10-15,0.832067061958107,3.58
2014-10-16,0.35571756570041446,4.71
2014-10-17,0.28695552962136167,3.6
2014-10-18,0.4707620574607798,2.16
2014-10-19,0.28315744066343873,1.71
2014-10-20,0.26289172896541424,1.5
2014-10-21,0.2708833668324085,1.49
2014-10-22,0.2351459347583986,1.25
2014-10-23,0.2253649612671997,1.12
2014-10-24,0.21610548833823848,0.981
2014-10-25,0.20891877294339406,0.919
2014-10-26,0.20366855193577146,0.87
2014-10-27,0.1997832826871967,0.821
2014-10-28,0.19676491798718232,0.748
2014-10-29,0.2905767042339502,0.753
2014-10-30,0.20675611980581998,0.783
2014-10-31,0.19521182894817182,0.796
2014-11-01,0.20322271562459368,0.784
2014-11-02,0.42484387190368966,0.832
2014-11-03,0.403992897243903,1.02
2014-11-04,0.2280712799362789,1.04
2014-11-05,0.2042867687393706,1.05
2014-11-06,0.39994052423166826,0.974
2014-11-07,0.22336734203739372,0.892
2014-11-08,0.9164719660188614,1.19
2014-11-09,0.2990095669391723,4.07
2014-11-10,0.22327595997474653,3.48
2014-11-11,0.20964551683614432,2.22
2014-11-12,0.22633986327538397,1.84
2014-11-13,0.33922103799772685,1.56
2014-11-14,0.44905581987396637,1.54
2014-11-15,0.23599057707244608,3.19
2014-11-16,1.0323461726791925,3.64
2014-11-17,0.5806288482421631,12.4
2014-11-18,0.3541096976257615,8.71
2014-11-19,0.25420906101365215,4.46
2014-11-20,0.2294742571372972,2.58
2014-11-21,0.4011662778691184,2.39
2014-11-22,1.071173543185277,2.34
2014-11-23,1.2848141174610868,14.0
2014-11-24,0.8543023976995943,34.6
2014-11-25,1.355338508201422,23.1
2014-11-26,0.6913512233235711,16.7
2014-11-27,0.4449949498558197,21.2
2014-11-28,0.3668612338854046,13.6
2014-11-29,0.32471526105290016,6.26
2014-11-30,0.3010989749106842,3.64
2014-12-01,0.27734894992809284,2.74
2014-12-02,0.3933501447826499,2.56
2014-12-03,0.2837387784903751,2.39
2014-12-04,0.34636344537247393,2.41
2014-12-05,0.2656709327166145,2.25
2014-12-06,0.2491020285657387,1.99
2014-12-07,0.24042390088117616,1.75
2014-12-08,0.2271766540389924,1.81
2014-12-09,0.2995975791738504,1.59
2014-12-10,0.23710957552561654,1.6
2014-12-11,0.7762558253126173,1.77
2014-12-12,0.3420605966622918,3.81
2014-12-13,0.2742976356070806,4.49
2014-12-14,0.38087853815359446,3.06
2014-12-15,0.2751043401547897,2.66
2014-12-16,1.0500907661442431,2.52
2014-12-17,0.42401463606481676,11.6
2014-12-18,0.6207745489960039,7.92
2014-12-19,0.37574520932757,5.45
2014-12-20,0.32613111527261196,4.47
2014-12-21,0.30110457598285956,3.08
2014-12-22,0.2827504917415426,2.36
2014-12-23,0.3621755923297344,2.2
2014-12-24,0.2805441141701137,2.07
2014-12-25,0.2619979235117972,1.81
2014-12-26,1.2229232599768198,3.1
2014-12-27,0.9449497205016277,19.7
2014-12-28,0.40753464694131786,15.5
2014-12-29,0.3268992717076037,5.47
2014-12-30,0.3027510354379534,3.01
2014-12-31,0.2868272406340803,2.82
2015-01-01,0.2808196211020665,2.53
2015-01-02,0.87991124969054,2.48
2015-01-03,0.9858932452747367,8.24
2015-01-04,0.49092298227910774,13.5
2015-01-05,0.4035034493719151,6.61
2015-01-06,0.4819759199237529,4.67
2015-01-07,0.5013708562583625,3.63
2015-01-08,1.4390415596292065,11.8
2015-01-09,0.6199230739212653,17.5
2015-01-10,0.5705544461048618,8.85
2015-01-11,0.4628771825015484,5.21
2015-01-12,1.3277794189591872,4.3
2015-01-13,0.9011703331945755,11.7
2015-01-14,0.964564626440744,12.0
2015-01-15,0.6197350603216524,8.19
2015-01-16,0.5304721183771595,5.42
2015-01-17,0.6347658235031034,3.79
2015-01-18,0.48835533572574175,3.2
2015-01-19,0.44106234615071,2.64
2015-01-20,0.4113064875823065,2.53
2015-01-21,0.41400971957119276,2.35
2015-01-22,0.3784324531942231,1.88
2015-01-23,0.8129102752564331,2.27
2015-01-24,0.45911080009294875,3.66
2015-01-25,0.4078978922979168,3.59
2015-01-26,0.3800356920743183,3.14
2015-01-27,0.36420243108775896,2.89
2015-01-28,0.4979397389869601,2.77
2015-01-29,0.912232862669943,2.81
2015-01-30,0.4915241795785392,3.38
2015-01-31,0.8638346160160939,5.76
2015-02-01,0.6427248439244951,9.37
2015-02-02,0.5082083092150926,6.2
2015-02-03,0.5191461504643217,3.77
2015-02-04,0.4711075568438324,2.68
2015-02-05,0.42890592948146,2.91
2015-02-06,0.4095898448037493,2.76
2015-02-07,0.3924670481522404,2.42
2015-02-08,0.3797227096632659,2.2
2015-02-09,0.36965692770139086,2.12
2015-02-10,0.3615322629678954,2.02
2015-02-11,0.3555041899377707,1.98
2015-02-12,0.3537717307623654,1.96
2015-02-13,0.5051406909165073,2.04
2015-02-14,0.37195296817281037,2.15
2015-02-15,0.35391477695792656,1.99
2015-02-16,0.7606209127474705,2.0
2015-02-17,0.40966957586708996,3.49
2015-02-18,0.36799063036270646,3.23
2015-02-19,1.0060755073859455,3.39
2015-02-20,0.4922797189992349,8.34
2015-02-21,0.424566961451608,6.01
2015-02-22,0.8930550275739392,4.19
2015-02-23,0.5182362362337833,6.8
2015-02-24,0.553505513978635,4.49
2015-02-25,0.46544255227189635,3.09
2015-02-26,0.8237802339766136,3.49
2015-02-27,0.5153882790253496,5.02
2015-02-28,0.5529954455015035,4.03
2015-03-01,0.4716069207640491,3.32
2015-03-02,0.4424945918602406,2.86
2015-03-03,0.4192909169497189,2.28
2015-03-04,0.4036538763209305,2.01
2015-03-05,0.39141720757645376,1.79
2015-03-06,0.38169567521241976,1.72
2015-03-07,0.3738236997051583,1.66
2015-03-08,0.3674436564443771,1.72
2015-03-09,0.36214871301831636,1.67
2015-03-10,0.3577654326635089,1.61
2015-03-11,0.3548534736070673,1.54
2015-03-12,0.35095863262293725,1.47
2015-03-13,0.3480659275687768,1.47
2015-03-14,0.3457415769403662,1.43
2015-03-15,0.3435075689081218,1.41
2015-03-16,0.5927404934882293,1.4
2015-03-17,0.41490857323441677,1.51
2015-03-18,0.3616634202398881,1.69
2015-03-19,0.35156882594994127,1.47
2015-03-20,0.346850467747486,1.41
2015-03-21,0.3432518375790453,1.37
2015-03-22,0.33925278930500236,1.35
2015-03-23,0.33625184600111646,1.3
2015-03-24,0.33407735800793387,1.33
2015-03-25,0.5180068000702681,1.33
2015-03-26,0.3598717879113832,1.62
2015-03-27,0.3393583193373088,1.44
2015-03-28,0.4092449920167112,1.02
2015-03-29,0.35049540829520515,1.38
2015-03-30,0.44262976056909126,1.44
2015-03-31,0.3500684236124631,1.48
2015-04-01,0.726257156815174,1.48
2015-04-02,0.4070005902596557,1.62
2015-04-03,0.35064646014795176,1.77
2015-04-04,0.3361143724491775,1.72
2015-04-05,0.32840037881184836,1.57
2015-04-06,0.32278024160542523,1.45
2015-04-07,0.3177877794024804,1.37
2015-04-08,0.313502186838541,1.28
2015-04-09,0.3097916392428715,1.21
2015-04-10,0.3063094950351022,1.24
2015-04-11,0.3064315248300146,1.25
2015-04-12,0.3029185081354836,1.18
2015-04-13,0.29759825778961335,1.14
2015-04-14,0.2946920250250038,1.1
2015-04-15,0.2921181380794651,1.05
2015-04-16,0.2896494008483554,1.13
2015-04-17,0.2872450248326169,0.987
2015-04-18,0.28488596868215726,1.02
2015-04-19,0.28256379403170095,0.957
2015-04-20,0.28026438407209037,0.884
2015-04-21,0.2779916418561796,0.893
2015-04-22,0.2757201801271786,0.876
2015-04-23,0.273464232839496,0.86
2015-04-24,0.27652125130863775,0.842
2015-04-25,0.9728398047652054,1.02
2015-04-26,0.3755369920796537,1.27
2015-04-27,0.3027527298118964,1.01
2015-04-28,0.2879537427110261,0.946
2015-04-29,0.3014574648107721,0.937
2015-04-30,0.2798173106274828,0.899
2015-05-01,0.27236262615686185,0.883
2015-05-02,0.28099236470493116,0.854
2015-05-03,0.329512220807771,1.0
2015-05-04,0.7461862078596793,1.05
2015-05-05,0.340422160189641,1.18
2015-05-06,0.29011050210846223,1.08
2015-05-07,0.2741863313323007,0.93
2015-05-08,0.2687268485681433,0.867
2015-05-09,0.2599166318857596,0.828
2015-05-10,0.2540086229872617,0.803
2015-05-11,0.25042647890841047,0.783
2015-05-12,0.24561934729828694,0.781
2015-05-13,0.24183614996215175,0.802
2015-05-14,0.6127908335584835,0.959
2015-05-15,0.2948985647100522,0.895
2015-05-16,0.25544350602780924,0.872
2015-05-17,0.2514777869006141,0.757
2015-05-18,0.4559397306165637,0.815
2015-05-19,0.2897445716046576,1.14
2015-05-20,0.2772629658322362,1.03
2015-05-21,0.25105559200243793,0.91
2015-05-22,0.24214554416094758,0.841
2015-05-23,0.23576288638889487,0.794
2015-05-24,0.23079588829613318,0.758
2015-05-25,0.22618188012330537,0.76
2015-05-26,0.22228404351137948,0.686
2015-05-27,0.21886459649212392,0.67
2015-05-28,0.21575007793787757,0.665
2015-05-29,0.2494108972942497,0.694
2015-05-30,0.2256553883333049,0.691
2015-05-31,0.21624308753226135,0.697
2015-06-01,0.2109313690959516,0.672
2015-06-02,0.20636704293488142,0.678
2015-06-03,0.20329524612527705,0.644
2015-06-04,0.2056959099989098,0.626
2015-06-05,0.19936534064570663,0.626
2015-06-06,0.19677410779101273,0.619
2015-06-07,0.19474507662465906,0.593
2015-06-08,0.1928536904592772,0.587
2015-06-09,0.19094135856242755,0.576
2015-06-10,0.18911373360249678,0.576
2015-06-11,0.18732578789925092,0.624
2015-06-12,0.42045026556609005,0.606
2015-06-13,0.2300988900964174,0.609
2015-06-14,0.20146432673551368,0.65
2015-06-15,0.19409588450321272,0.662
2015-06-16,0.18969876676056088,0.617
2015-06-17,0.18859181947222367,0.618
2015-06-18,0.18319508161662226,0.595
2015-06-19,0.1800848360597225,0.577
2015-06-20,0.189182940877166,0.614
2015-06-21,0.1763740527429103,0.598
2015-06-22,0.1846982124446231,0.606
2015-06-23,0.17210749187136518,0.602
2015-06-24,0.16910533395472793,0.59
2015-06-25,0.1671538138268927,0.576
2015-06-26,0.16543516211740905,0.537
2015-06-27,0.16368771638060697,0.507
2015-06-28,0.16583051370845667,0.515
2015-06-29,0.16081222105372736,0.507
2015-06-30,0.15890823843674423,0.49
2015-07-01,0.15732158812656913,0.463
2015-07-02,0.15654881056814374,0.477
2015-07-03,0.5262698190386235,0.498
2015-07-04,0.2198074015620568,0.56
2015-07-05,0.1913635950258138,0.614
2015-07-06,0.1713545516405153,0.581
2015-07-07,0.16655098609109312,0.535
2015-07-08,0.1628770704553198,0.51
2015-07-09,0.15638176590034192,0.49
2015-07-10,0.15302533883697286,0.569
2015-07-11,0.15280840407965154,0.564
2015-07-12,0.5469444203785043,0.681
2015-07-13,0.21594865077287295,0.719
2015-07-14,0.17893030441013766,0.798
2015-07-15,0.16243643752525522,0.658
2015-07-16,0.15842424593547064,0.637
2015-07-17,0.15164538765051286,0.627
2015-07-18,0.1510187321420924,0.601
2015-07-19,0.14496191055219823,0.595
2015-07-20,0.14194057507735447,0.6
2015-07-21,0.13952739218979243,0.588
2015-07-22,0.13800843161672308,0.575
2015-07-23,0.13556856299939862,0.529
2015-07-24,1.0754317284704562,1.2
2015-07-25,1.0295211371805326,0.905
2015-07-26,1.0669826940579636,1.29
2015-07-27,0.32042521857866463,0.957
2015-07-28,0.2280118444083276,0.863
2015-07-29,0.19405308732306223,0.725
2015-07-30,0.18304729971671094,0.644
2015-07-31,0.169839600253217,0.6
2015-08-01,0.16134015496660165,0.563
2015-08-02,0.15468647769836066,0.538
2015-08-03,0.1492970919131743,0.519
2015-08-04,0.14489148652086098,0.501
2015-08-05,0.14473347852310497,0.498
2015-08-06,0.13857253302016193,0.495
2015-08-07,0.13578099527973742,0.497
2015-08-08,0.13363208237702826,0.483
2015-08-09,0.13181816347510808,0.469
2015-08-10,0.1302520553682897,0.468
2015-08-11,0.13148332701329596,0.461
2015-08-12,0.12799693070416907,0.459
2015-08-13,0.4531658079165805,0.484
2015-08-14,0.18040172582536182,0.56
2015-08-15,0.14651953682766974,0.632
2015-08-16,0.13941755355341157,0.615
2015-08-17,0.14195097753645955,0.593
2015-08-18,0.5398282431164053,0.734
2015-08-19,0.2036543615678201,1.03
2015-08-20,0.15394536902773232,0.959
2015-08-21,0.14336364027999696,0.878
2015-08-22,0.1381387174011723,0.845
2015-08-23,0.21123844927301136,0.84
2015-08-24,0.661665535745296,0.959
2015-08-25,0.21932756916633622,0.992
2015-08-26,1.0137083529125863,1.38
2015-08-27,0.6997635304471623,1.55
2015-08-28,0.4152509367948232,1.62
2015-08-29,0.21626041370063234,1.17
2015-08-30,0.34213784860261304,0.967
2015-08-31,0.9375181136157957,1.38
2015-09-01,0.29830961180562265,1.38
2015-09-02,0.2099655682476594,1.32
2015-09-03,0.18623271737981234,1.15
2015-09-04,0.17250542891706108,0.825
2015-09-05,0.16266381615031913,0.665
2015-09-06,0.15501880948257707,0.627
2015-09-07,0.14913515320729395,0.599
2015-09-08,0.1441398581608792,0.585
2015-09-09,0.14015120789301058,0.581
2015-09-10,0.13701657738929632,0.592
2015-09-11,0.1367509893302516,0.577
2015-09-12,0.13262268801075433,0.575
2015-09-13,0.16311759426924546,0.563
2015-09-14,0.1427647762992264,0.574
2015-09-15,0.44866176393913265,0.548
2015-09-16,1.0515690440232803,1.28
2015-09-17,1.0042743214283447,2.86
2015-09-18,0.6101739687948158,2.71
2015-09-19,0.2594355702313805,1.55
2015-09-20,0.20085745894908272,1.2
2015-09-21,0.537263041811442,1.0
2015-09-22,0.25863863330021003,1.0
2015-09-23,0.2345646627451248,0.884
2015-09-24,0.19022733473476125,1.03
2015-09-25,0.17570542582701912,0.834
2015-09-26,0.16659518253114833,0.724
2015-09-27,0.15960531604760986,0.663
2015-09-28,0.15406414123864604,0.632
2015-09-29,0.14964850898550788,0.614
2015-09-30,0.14619081241488247,0.599
2015-10-01,0.1432957553438738,0.588
2015-10-02,0.14105180754183666,0.583
2015-10-03,0.13916418695317598,0.607
2015-10-04,0.13765138222341944,0.605
2015-10-05,0.6825685765066408,0.624
2015-10-06,0.3675583485462148,0.642
2015-10-07,0.18719174370202288,0.735
2015-10-08,0.16403100169945126,0.876
2015-10-09,0.15660620955186755,0.751
2015-10-10,0.15166278380313175,0.66
2015-10-11,0.14778623590144363,0.622
2015-10-12,0.14559978384988406,0.602
2015-10-13,0.1422162662793632,0.586
2015-10-14,0.1448905902344981,0.586
2015-10-15,0.14074146406511925,0.694
2015-10-16,0.13748472945430762,0.645
2015-10-17,0.13594471093512614,0.585
2015-10-18,0.13528797417612212,0.583
2015-10-19,0.13378876222679448,0.587
2015-10-20,0.3513693729722162,0.579
2015-10-21,0.1915651068759536,0.609
2015-10-22,0.14999466126438138,0.594
2015-10-23,0.1430572552143537,0.623
2015-10-24,0.1959520748618325,0.62
2015-10-25,0.14797515979531178,0.601
2015-10-26,0.14091333107407278,0.6
2015-10-27,0.5136176794407775,0.593
2015-10-28,0.4146306561177187,0.647
2015-10-29,0.22269411201670067,0.894
2015-10-30,0.16974813469453406,0.932
2015-10-31,0.1546694361603158,0.761
2015-11-01,0.14931997409396033,0.711
2015-11-02,0.143855455620959,0.686
2015-11-03,0.7734501678897604,0.672
2015-11-04,0.502071622696973,1.07
2015-11-05,0.4285194907943755,1.89
2015-11-06,0.3157644913165686,1.95
2015-11-07,0.3934127462334246,2.22
2015-11-08,0.19937141841020076,2.35
2015-11-09,0.1704889107126754,1.65
2015-11-10,0.16334501993570733,1.38
2015-11-11,0.15385697624222489,1.04
2015-11-12,0.1498872785462414,0.981
2015-11-13,0.1696181191242033,0.903
2015-11-14,0.4524218826366093,1.21
2015-11-15,0.1865907801240608,0.779
2015-11-16,0.8871123221931624,1.07
2015-11-17,0.43718923227390694,3.45
2015-11-18,0.21745645163435146,5.02
2015-11-19,0.22949480613478673,2.21
2015-11-20,0.4878345798919714,1.66
2015-11-21,0.3052747484500856,1.92
2015-11-22,0.19884290276993427,1.61
2015-11-23,0.9533688727649317,1.61
2015-11-24,0.371286417951213,4.15
2015-11-25,0.22439847487927342,6.39
2015-11-26,0.19726120703482433,3.39
2015-11-27,0.2895263402343593,2.3
2015-11-28,0.19460241558479693,1.79
2015-11-29,0.6367973050965191,2.36
2015-11-30,0.6256171531489456,3.66
2015-12-01,0.25485786030811114,6.42
2015-12-02,0.20499108905481955,5.11
2015-12-03,0.34599324217757726,3.08
2015-12-04,0.20510741702667237,2.45
2015-12-05,0.1826714758343496,2.59
2015-12-06,0.17567600478976403,2.09
2015-12-07,0.17731544435204372,1.66
2015-12-08,0.187540340181209,1.51
2015-12-09,0.16429640071221327,1.39
2015-12-10,0.5722702174856799,1.63
2015-12-11,0.41456071594381844,1.49
2015-12-12,0.7399033474874336,3.04
2015-12-13,0.33259207678792646,6.2
2015-12-14,0.2938285452660986,6.33
2015-12-15,0.523738659244065,3.82
2015-12-16,0.26470962767297546,5.54
2015-12-17,0.22283636595183048,4.91
2015-12-18,0.2059596494847979,3.27
2015-12-19,0.19411336861840908,2.22
2015-12-20,0.18546956022299166,2.15
2015-12-21,0.2345937281467628,1.85
2015-12-22,0.5166364554283062,1.72
2015-12-23,0.2225472083549134,3.02
2015-12-24,0.3347207892315503,3.59
2015-12-25,0.2988111101777356,2.73
2015-12-26,0.4184735538895511,2.56
2015-12-27,0.3835810811031555,3.71
2015-12-28,0.24259871353916324,5.26
2015-12-29,0.2150727708781673,3.45
2015-12-30,0.544497483614344,3.0
2015-12-31,0.49611077297657397,2.89
2016-01-01,0.4778578335260675,4.15
2016-01-02,0.6193296555696294,5.32
2016-01-03,1.133686378167432,12.2
2016-01-04,0.5358724498728862,18.5
2016-01-05,0.37816514600154905,11.1
2016-01-06,1.2584789104788607,5.42
2016-01-07,0.6893552614222129,12.4
2016-01-08,0.45046582272467933,19.1
2016-01-09,0.6565795554342998,8.74
2016-01-10,1.5364890913660552,6.9
2016-01-11,0.8010972055309159,14.6
2016-01-12,0.5133362147236918,22.6
2016-01-13,0.6097348293697176,12.2
2016-01-14,0.5818495345955551,6.16
2016-01-15,0.4256428780589548,5.01
2016-01-16,0.37465266234364497,3.71
2016-01-17,0.34227365456316944,2.99
2016-01-18,0.31778262167419663,2.88
2016-01-19,0.29919735353560956,2.46
2016-01-20,0.28394138353107456,2.17
2016-01-21,0.2743566331491585,1.97
2016-01-22,0.6465286631994995,2.13
2016-01-23,0.5184704350901881,2.99
2016-01-24,0.35360218626504053,4.19
2016-01-25,0.31732190094209,3.55
2016-01-26,0.3006924804738634,3.15
2016-01-27,0.2932663886786607,3.14
2016-01-28,0.279011181271468,2.04
2016-01-29,0.5357808863488013,1.97
2016-01-30,0.321730512777918,2.19
2016-01-31,0.40494108045822513,2.17
2016-02-01,0.3083426093431183,2.14
2016-02-02,0.2904101073024542,2.02
2016-02-03,0.32890362172512866,1.82
2016-02-04,0.3034975500953471,1.66
2016-02-05,0.28489977546048806,1.64
2016-02-06,0.31942145203081296,1.77
2016-02-07,0.5516961249398924,2.09
2016-02-08,0.3250497198664405,2.14
2016-02-09,0.2949091770904862,1.91
2016-02-10,0.2824822403760567,1.7
2016-02-11,0.2768172363131761,1.49
2016-02-12,0.27223493838853874,1.37
2016-02-13,0.3091769962133964,1.45
2016-02-14,0.28599607196428045,1.43
2016-02-15,0.2738010026269306,1.32
2016-02-16,0.2674938065349452,1.23
2016-02-17,0.5318962399922121,1.23
2016-02-18,0.30072073893227963,1.43
2016-02-19,0.27726100819007504,1.67
2016-02-20,0.27349740492954316,1.64
2016-02-21,0.3467605380020052,1.6
2016-02-22,0.2789962822985152,1.54
2016-02-23,0.26925445669624876,1.46
2016-02-24,0.26547784861633916,1.43
2016-02-25,0.26239503808365455,1.35
2016-02-26,0.25997863210103633,1.3
2016-02-27,0.2579023244863437,1.27
2016-02-28,0.2561244170275741,1.23
2016-02-29,0.2628692905229458,1.16
2016-03-01,0.6608751180267065,1.26
2016-03-02,0.7565787120543318,2.59
2016-03-03,0.8231157165335365,8.7
2016-03-04,0.4096476250741457,10.4
2016-03-05,0.4829190703519021,6.07
2016-03-06,0.37812648273104343,4.65
2016-03-07,0.3386470659693762,3.42
2016-03-08,1.2153719938990255,2.8
2016-03-09,0.7106195215159793,12.9
2016-03-10,0.4752348187193032,16.7
2016-03-11,0.4146627449121883,5.69
2016-03-12,0.38162247776279756,3.74
2016-03-13,0.3555750430631499,2.82
2016-03-14,0.3354668047361593,2.39
2016-03-15,0.3194885627403726,2.13
2016-03-16,0.3066354600549815,1.96
2016-03-17,0.2963191706605576,1.8
2016-03-18,0.28805571755073145,1.71
2016-03-19,0.28141718655086767,1.64
2016-03-20,0.27575130102209067,1.48
2016-03-21,0.27122848134860433,1.49
2016-03-22,0.2674867810993164,1.44
2016-03-23,0.2643576844035211,1.4
2016-03-24,0.6764047078830517,1.41
2016-03-25,0.3191757784055628,1.58
2016-03-26,0.42392376294551315,1.58
2016-03-27,1.091099509321393,1.95
2016-03-28,0.5358838745480442,12.7
2016-03-29,0.6218078752785624,8.08
2016-03-30,0.377272056444135,4.22
2016-03-31,0.35231142997383025,2.72
2016-04-01,0.31766300213234944,2.32
2016-04-02,0.31302675706006,2.08
2016-04-03,0.532346268896031,2.07
2016-04-04,0.33251899464339374,2.08
2016-04-05,0.3012667231704607,1.82
2016-04-06,0.2902613383159922,1.69
2016-04-07,0.3004168720765818,1.5
2016-04-08,0.281026246532298,1.53
2016-04-09,0.27467700173046533,1.54
2016-04-10,0.2655730056583757,1.5
2016-04-11,1.002924066192434,1.52
2016-04-12,0.7232711545188651,3.77
2016-04-13,0.39667496284424253,5.48
2016-04-14,0.902196501597712,5.35
2016-04-15,1.6582259790300038,12.4
2016-04-16,0.7738582691267607,20.2
2016-04-17,0.5555092431942428,9.49
2016-04-18,0.4848561721511082,4.03
2016-04-19,0.43955084913298553,2.99
2016-04-20,0.4038763918271902,2.33
2016-04-21,0.37581335649139325,2.07
2016-04-22,0.35773707194525683,1.9
2016-04-23,0.3402835590837533,1.67
2016-04-24,0.32310841109300154,1.62
2016-04-25,0.41214941953377926,1.63
2016-04-26,0.35322480351135893,1.68
2016-04-27,0.3143337715826943,1.56
2016-04-28,0.3726870493473533,1.46
2016-04-29,0.30886733677658856,1.46
2016-04-30,0.29592384711109615,1.42
2016-05-01,0.2894581875410548,1.27
2016-05-02,0.32655938479092367,1.24
2016-05-03,0.2874414120900378,1.24
2016-05-04,0.28083844426681337,1.19
2016-05-05,0.2772978815964785,1.05
2016-05-06,0.2744881590789322,1.11
2016-05-07,0.27211390598682667,1.1
2016-05-08,0.27006583475784113,1.07
2016-05-09,0.27537484074815344,1.04
2016-05-10,0.6899065884235884,1.16
2016-05-11,0.333123840564327,1.37
2016-05-12,0.28872289856136174,1.19
2016-05-13,0.2796396486149453,1.05
2016-05-14,0.27488729504796805,0.965
2016-05-15,0.2711750531670029,0.938
2016-05-16,0.268025310840054,0.935
2016-05-17,0.26528882280092764,0.925
2016-05-18,0.38265641224614394,0.937
2016-05-19,0.2861408774201377,0.941
2016-05-20,0.27150140323422867,0.899
2016-05-21,0.26738841743239994,0.885
2016-05-22,0.3708971111768898,0.928
2016-05-23,0.282302570695906,0.922
2016-05-24,0.2674299587165097,0.906
2016-05-25,0.26226869821505305,0.869
2016-05-26,0.2584086558219396,0.852
2016-05-27,0.255273877238499,0.839
2016-05-28,0.2525112961392181,0.83
2016-05-29,0.2500196431459011,0.817
2016-05-30,1.1348053822855386,0.908
2016-05-31,1.16118848108526,3.79
2016-06-01,0.7180225416102863,3.08
2016-06-02,0.36131947912580487,1.87
2016-06-03,0.30331638102481123,1.46
2016-06-04,0.28663263334925126,1.26
2016-06-05,0.27617978385903924,1.12
2016-06-06,0.26792573394984526,1.03
2016-06-07,0.26709475007260414,0.953
2016-06-08,0.2562672734421529,0.91
2016-06-09,0.25073837082937167,0.921
2016-06-10,0.2466168006147215,0.861
2016-06-11,0.41761161664069935,1.14
2016-06-12,0.2792426105213054,1.03
2016-06-13,0.4065567902661156,0.913
2016-06-14,0.5997932200249065,1.06
2016-06-15,0.31212364485478655,1.75
2016-06-16,0.2901054421563922,1.45
2016-06-17,0.48915237643369797,1.33
2016-06-18,0.29481361728259403,1.24
2016-06-19,0.5094455404435613,1.1
2016-06-20,1.1078543398188259,2.04
2016-06-21,0.46426345973501765,3.83
2016-06-22,1.1472711150934063,2.42
2016-06-23,1.2532083967715477,7.37
2016-06-24,0.48921460869973576,13.0
2016-06-25,1.0559828280720611,6.75
2016-06-26,0.4574672498613274,9.07
2016-06-27,0.3549564103870016,9.71
2016-06-28,0.333735314752903,4.24
2016-06-29,0.30557110203249377,1.95
2016-06-30,0.2903818126749371,1.88
2016-07-01,0.2761727712184788,1.62
2016-07-02,0.2672238634008288,1.4
2016-07-03,0.25763155229168305,1.22
2016-07-04,0.25084521293519596,1.13
2016-07-05,0.2453910021250365,1.06
2016-07-06,0.24089923942866992,0.994
2016-07-07,0.23722451046233728,0.955
2016-07-08,0.2340883771231075,0.923
2016-07-09,0.23138576179070308,0.9
2016-07-10,0.22920736678529996,0.881
2016-07-11,0.2334368509109724,0.925
2016-07-12,0.5889354930831089,0.976
2016-07-13,0.27889083292972094,0.972
2016-07-14,0.2436944520891898,0.927
2016-07-15,0.2358409886897357,0.871
2016-07-16,0.2314280226781364,0.822
2016-07-17,0.22791395414373622,0.78
2016-07-18,0.22492107250970983,0.742
2016-07-19,0.2223216162396278,0.72
2016-07-20,0.2222310704473112,0.701
2016-07-21,0.21842151272878155,0.67
2016-07-22,0.21610755803521198,0.643
2016-07-23,0.21431725145500502,0.63
2016-07-24,0.2129594656592538,0.618
2016-07-25,0.21115553893830696,0.626
2016-07-26,0.2119011333042062,0.634
2016-07-27,0.21021874439615876,0.621
2016-07-28,0.21208538684477213,0.611
2016-07-29,0.21661257289361477,0.599
2016-07-30,0.20532625952826375,0.604
2016-07-31,0.20282099333642692,0.602
2016-08-01,0.6048356027376246,0.634
2016-08-02,0.27193678435091534,0.688
2016-08-03,0.22543502474519472,0.681
2016-08-04,0.2165878249802063,0.677
2016-08-05,0.21073662578372263,0.634
2016-08-06,0.20649582363814395,0.606
2016-08-07,0.20303802181367953,0.586
2016-08-08,0.20009627376459624,0.564
2016-08-09,0.1989720367699644,0.557
2016-08-10,0.19820620160465988,0.555
2016-08-11,0.1933929093073412,0.565
2016-08-12,0.19084455531155553,0.551
2016-08-13,0.1889177532549577,0.546
2016-08-14,0.18714367012607505,0.541
2016-08-15,0.18545593042331415,0.531
2016-08-16,0.1838353618387481,0.535
2016-08-17,0.1823545980181365,0.527
2016-08-18,0.1808891349244907,0.524
2016-08-19,0.1858730522621624,0.537
2016-08-20,0.18391203043027252,0.559
2016-08-21,0.22034040554613865,0.567
2016-08-22,0.18312778398716578,0.561
2016-08-23,0.177927156616385,0.535
2016-08-24,0.17644173799839172,0.535
2016-08-25,0.17374304038673233,0.517
2016-08-26,0.1715821038556908,0.495
2016-08-27,0.16975990395518664,0.5
2016-08-28,0.9693025142769481,0.541
2016-08-29,0.2919967024231872,0.556
2016-08-30,0.20964784478026008,0.704
2016-08-31,0.19392658629723436,0.628
2016-09-01,0.18625316501530148,0.557
2016-09-02,0.18102203512273496,0.526
2016-09-03,0.3103886044193285,0.532
2016-09-04,0.20005993399323255,0.512
2016-09-05,0.18267085080799747,0.52
2016-09-06,0.17546326569844378,0.543
2016-09-07,0.17078858875492822,0.541
2016-09-08,0.16687868985456403,0.511
2016-09-09,0.16480364043184012,0.5
2016-09-10,0.16901789382738022,0.49
2016-09-11,0.15909912125846537,0.486
2016-09-12,0.15612124665376656,0.469
2016-09-13,0.1540527734331604,0.46
2016-09-14,0.1522352653096302,0.452
2016-09-15,0.8642980795982644,0.465
2016-09-16,1.1237131390484898,0.997
2016-09-17,0.8932307574095629,0.763
2016-09-18,0.3055438280459289,0.942
2016-09-19,0.22221958619062535,0.685
2016-09-20,0.20094841941859293,0.595
2016-09-21,0.18907142666874313,0.577
2016-09-22,0.17985849294533562,0.556
2016-09-23,0.1725205912000284,0.54
2016-09-24,0.16740463422091953,0.527
2016-09-25,0.1617445159873668,0.483
2016-09-26,0.15952348592710958,0.475
2016-09-27,0.15453950434363134,0.506
2016-09-28,0.15181324022076523,0.493
2016-09-29,0.15028916202654924,0.511
2016-09-30,0.14938450974610137,0.48
2016-10-01,0.37046575448009045,0.524
2016-10-02,0.1794180634325484,0.528
2016-10-03,0.15638092513344165,0.51
2016-10-04,0.1507358913164513,0.521
2016-10-05,0.147499025018351,0.603
2016-10-06,0.14514911993066587,0.588
2016-10-07,0.1456847602835253,0.566
2016-10-08,0.14183175654982522,0.577
2016-10-09,0.1403455164101752,0.596
2016-10-10,0.13955528844256684,0.587
2016-10-11,0.137952577007076,0.582
2016-10-12,0.14080692475302226,0.616
2016-10-13,0.1358238507112836,0.65
2016-10-14,0.1332147509927142,0.608
2016-10-15,0.34630553613053117,0.62
2016-10-16,0.16626079414283126,0.608
2016-10-17,0.14652074773680038,0.594
2016-10-18,0.32017820666065167,0.619
2016-10-19,0.168889057747141,0.59
2016-10-20,0.14811305732921773,0.568
2016-10-21,0.14082224529326914,0.699
2016-10-22,0.13623526143583234,0.619
2016-10-23,0.13337674620333065,0.629
2016-10-24,0.13108948376358673,0.678
2016-10-25,0.12968062169675407,0.591
2016-10-26,0.1276584449222525,0.564
2016-10-27,0.12602418642948543,0.562
2016-10-28,0.1245126062099983,0.547
2016-10-29,0.12378764211170436,0.538
2016-10-30,0.12263726810120583,0.541
2016-10-31,0.12132416714436232,0.541
2016-11-01,0.12045304060420457,0.542
2016-11-02,0.11918903138597471,0.534
2016-11-03,0.11817508116975979,0.54
2016-11-04,0.22959156125860508,0.581
2016-11-05,0.13513997082394752,0.576
2016-11-06,0.39617392043008604,0.578
2016-11-07,0.15886624154668466,0.545
2016-11-08,0.6713211932849477,0.597
2016-11-09,0.26370575868780105,0.686
2016-11-10,0.213167088746529,0.762
2016-11-11,0.16452727382796808,0.718
2016-11-12,0.6379344288049233,0.735
2016-11-13,0.21808194441068846,0.87
2016-11-14,0.15848603683552684,1.056
2016-11-15,0.30022006244314814,0.959
2016-11-16,0.16321559820565282,0.915
2016-11-17,0.25219780155730087,0.921
2016-11-18,0.1513984739106812,0.856
2016-11-19,0.9526393628642348,0.949
2016-11-20,1.082618611713078,2.161
2016-11-21,1.0561899635203174,5.591
2016-11-22,0.32590273303068973,6.266
2016-11-23,0.22734064918419697,3.448
2016-11-24,0.1938817534852055,1.989
2016-11-25,0.1778896798176102,1.419
2016-11-26,0.1656790961175739,1.146
2016-11-27,0.1554704482503263,0.987
2016-11-28,0.14754836614211897,0.524
2016-11-29,0.14139061651776466,0.385
2016-11-30,0.1368595081994132,0.712
2016-12-01,0.13244971827359792,0.699
2016-12-02,0.12921234401405793,0.69
2016-12-03,0.12663746360198702,0.684
2016-12-04,0.12475129887918907,0.667
2016-12-05,0.12326292459134996,0.685
2016-12-06,0.12209823984705669,0.964
2016-12-07,0.1205122876267884,0.812
2016-12-08,0.11961026372931513,0.669
2016-12-09,0.11890218946920994,0.651
2016-12-10,0.8580376164266249,0.751
2016-12-11,0.2923030721027334,2.876
2016-12-12,0.20506213487795422,2.498
2016-12-13,0.15211519292363387,1.726
2016-12-14,0.1408653243662783,1.48
2016-12-15,0.1350295441165931,1.309
2016-12-16,0.13145938049318473,1.109
2016-12-17,0.12811891811868564,0.991
2016-12-18,0.12548679268414087,0.883
2016-12-19,0.12352392450228102,0.85
2016-12-20,0.12296247508359158,0.887
2016-12-21,0.12137363810443326,0.731
2016-12-22,0.11934961444846814,0.763
2016-12-23,0.21199347799326948,0.79
2016-12-24,0.13106457788506143,0.883
2016-12-25,0.19339225099509955,0.911
2016-12-26,0.13102082693972228,0.889
2016-12-27,0.12233740923125638,0.866
2016-12-28,0.12025595854401373,0.833
2016-12-29,0.11866137145079884,0.822
2016-12-30,0.1173221240291641,0.828
2016-12-31,0.12451037460006303,0.843
2017-01-01,0.4697273822975204,0.928
2017-01-02,0.16466185514245005,1.344
2017-01-03,0.1305507454569082,1.588
2017-01-04,0.12427907629765376,1.48
2017-01-05,0.12080915345636661,1.213
2017-01-06,0.25067413741251743,1.131
2017-01-07,0.13686044350428608,1.089
2017-01-08,0.12400710367736456,1.201
2017-01-09,0.422524081144876,1.423
2017-01-10,0.16245506628385872,2.663
2017-01-11,0.1314466515130383,2.676
2017-01-12,0.9456984940559404,3.028
2017-01-13,0.39203504610758966,7.752
2017-01-14,0.28636662886917236,4.524
2017-01-15,0.5447936767816981,3.476
2017-01-16,0.23065518029374188,6.83
2017-01-17,0.17506733304162186,4.133
2017-01-18,0.159516223914496,2.648
2017-01-19,0.14921668697353463,1.885
2017-01-20,0.14196999216909575,1.948
2017-01-21,0.13608085133194386,1.542
2017-01-22,0.13085299498676015,1.4
2017-01-23,0.12766226692937577,1.269
2017-01-24,0.12386383630210726,1.184
2017-01-25,0.12173676529447384,1.126
2017-01-26,0.11897022659033595,1.09
2017-01-27,0.11772015161797066,1.094
2017-01-28,0.1283957839021218,1.117
2017-01-29,0.7254085507263563,1.208
2017-01-30,0.20352431919934522,3.33
2017-01-31,0.783198861195607,3.687
2017-02-01,0.4261527137392662,9.527
2017-02-02,0.209640292583383,11.31
2017-02-03,0.19900456075229117,4.992
2017-02-04,0.1837167025740734,3.283
2017-02-05,0.16117021251182323,2.498
2017-02-06,0.4874709104861947,1.921
2017-02-07,0.26129443942846287,2.223
2017-02-08,0.1751840293644016,4.473
2017-02-09,0.1590128438054609,2.896
2017-02-10,0.15910018192356012,2.144
2017-02-11,0.43278311972481637,2.243
2017-02-12,0.18720410216441546,2.557
2017-02-13,0.15466762812910412,4.182
2017-02-14,0.1481533987885374,3.408
2017-02-15,0.2323048077276657,3.401
2017-02-16,0.1544287094101937,2.851
2017-02-17,0.14077371072656022,2.373
2017-02-18,0.1355444253711914,2.497
2017-02-19,0.13196161469641143,2.42
2017-02-20,0.12918436395359748,2.174
2017-02-21,0.1269145302432536,1.76
2017-02-22,0.7990563471304567,2.106
2017-02-23,0.2229985360540035,7.603
2017-02-24,0.15701882371634093,4.075
2017-02-25,0.14932668700506047,2.485
2017-02-26,0.29393209480888793,2.174
2017-02-27,0.37076621718013664,1.866
2017-02-28,0.5031099971584193,2.684
2017-03-01,0.3172368431086912,3.076
2017-03-02,0.2474573132131174,3.543
2017-03-03,0.24499936418090754,2.767
2017-03-04,0.19690944672336833,2.665
2017-03-05,0.5040116080550983,2.327
2017-03-06,0.25578984182228626,2.491
2017-03-07,0.37666101171119115,2.714
2017-03-08,0.4972002856595404,4.175
2017-03-09,0.2550446424842,5.418
2017-03-10,0.21340787333006514,2.992
2017-03-11,0.1953989296393458,2.375
2017-03-12,0.18376321613186877,2.076
2017-03-13,0.1728159669439999,1.743
2017-03-14,0.16497883305417443,1.49
2017-03-15,0.1586931298805782,1.399
2017-03-16,0.15378559861139326,1.707
2017-03-17,0.15034551784262615,1.693
2017-03-18,0.14880832341876343,1.665
2017-03-19,0.15083567518198335,1.618
2017-03-20,0.40378472661104414,1.968
2017-03-21,0.1802168138305435,1.577
2017-03-22,0.5872507986756202,1.681
2017-03-23,0.21151022378773093,1.961
2017-03-24,0.16876946203041016,2.159
2017-03-25,0.15942917768507198,1.89
2017-03-26,0.15458246067440848,1.585
2017-03-27,0.15099293284963358,1.557
2017-03-28,0.1507484925525972,1.521
2017-03-29,0.14621432935061682,1.482
2017-03-30,0.14402565941001086,1.43
2017-03-31,0.14252366475591843,1.433
2017-04-01,0.14131683874307205,1.409
2017-04-02,0.14021910358649645,1.321
2017-04-03,0.1392814397482092,1.288
2017-04-04,0.1385035141601903,1.265
2017-04-05,0.1377923550169322,1.251
2017-04-06,0.1371674982924363,0.922
2017-04-07,0.136597911015371,0.835
2017-04-08,0.1361708750341501,0.825
2017-04-09,0.13554337836866318,0.824
2017-04-10,0.13502183293734105,0.768
2017-04-11,0.13451677211290072,0.76
2017-04-12,0.13406239058511596,0.776
2017-04-13,0.1335203656405529,0.77
2017-04-14,0.1373675635935589,0.76
2017-04-15,0.13291317633418887,0.802
2017-04-16,0.13542617902123139,0.798
2017-04-17,0.1319134238109709,0.792
2017-04-18,0.13088277834123754,0.781
2017-04-19,0.1302601073711382,0.797
2017-04-20,0.12969135511881225,0.787
2017-04-21,0.1292861117745744,0.819
2017-04-22,0.12848091020123403,0.95
2017-04-23,0.12791310048888185,0.944
2017-04-24,0.12898788911175796,0.955
2017-04-25,0.12955619298606322,0.942
2017-04-26,0.1410148349255571,0.97
2017-04-27,0.13301780798312143,0.918
2017-04-28,0.12533170275338884,0.944
2017-04-29,0.12392746449596741,0.968
2017-04-30,0.13440029566042816,0.962
2017-05-01,0.1235939931752112,0.859
2017-05-02,0.12202274571047762,0.778
2017-05-03,0.1223491612852022,0.752
2017-05-04,0.12040890759104872,0.712
2017-05-05,0.11953955871351098,1.023
2017-05-06,0.11878080577928303,1.127
2017-05-07,0.11802881054828558,1.095
2017-05-08,0.11727444546176291,1.081
2017-05-09,0.11651605654168187,1.083
2017-05-10,0.11575376143449005,1.097
2017-05-11,0.11819633905050143,1.119
2017-05-12,0.11568277106125383,1.118
2017-05-13,0.11635741834832099,1.121
2017-05-14,0.11330172319993986,1.103
2017-05-15,0.11462664169589154,1.077
2017-05-16,0.9563548005632607,1.238
2017-05-17,1.035446100131278,2.228
2017-05-18,1.1101878665096794,2.499
2017-05-19,0.7617847016992056,3.705
2017-05-20,0.28159681974632356,2.667
2017-05-21,0.20236712875607316,1.645
2017-05-22,0.175809783488201,1.451
2017-05-23,0.16252043427376014,1.299
2017-05-24,0.15248505170747742,1.181
2017-05-25,0.14449538107907064,0.912
2017-05-26,0.13810776879996933,0.917
2017-05-27,0.13613715937177842,0.854
2017-05-28,0.6061433170824219,1.021
2017-05-29,0.20435466994370818,1.025
2017-05-30,0.15228630418232164,1.04
2017-05-31,0.14064427763454254,0.947
2017-06-01,0.1346229083089123,0.824
2017-06-02,0.3185261945757752,0.703
2017-06-03,0.16196470529397788,0.643
2017-06-04,0.13823248617757197,0.619
2017-06-05,0.25058434157284737,0.62
2017-06-06,0.9612981311099397,0.844
2017-06-07,0.2693223073625286,0.97
2017-06-08,0.18325648794794802,0.913
2017-06-09,0.16141700101323858,0.726
2017-06-10,0.15069725813424897,0.645
2017-06-11,0.14340851316617587,0.608
2017-06-12,0.13771530735252482,0.583
2017-06-13,0.13316420739027104,0.565
2017-06-14,0.12950448310453005,0.639
2017-06-15,0.12655140906584705,0.673
2017-06-16,0.12415741570501733,0.656
2017-06-17,0.1222052105293197,0.647
2017-06-18,0.1206013990812714,0.639
2017-06-19,0.1192713027282145,0.627
2017-06-20,0.11815552033149397,0.611
2017-06-21,0.11721848744307051,0.608
2017-06-22,0.11661235408864506,0.58
2017-06-23,0.11584483892652775,0.571
2017-06-24,0.11506870897280194,0.571
2017-06-25,0.11489756128895233,0.567
2017-06-26,0.11393446002381398,0.55
2017-06-27,1.0254598105948645,0.724
2017-06-28,0.9966910909367066,0.751
2017-06-29,0.346528913022543,1.053
2017-06-30,0.197347907681479,0.81
2017-07-01,0.16432045310488455,0.642
2017-07-02,0.15318270472287485,0.613
2017-07-03,0.14762291582282167,0.589
2017-07-04,0.13949941658522155,0.575
2017-07-05,0.1344265731406895,0.614
2017-07-06,0.1308482574299389,0.681
2017-07-07,0.1273593536462718,0.667
2017-07-08,0.1246397233845795,0.664
2017-07-09,0.12252575212509484,0.655
2017-07-10,0.13160201282949874,0.651
2017-07-11,0.9721385648999222,0.855
2017-07-12,0.516609031406352,0.923
2017-07-13,0.2077628617024043,0.993
2017-07-14,0.16441977044455694,0.81
2017-07-15,0.15263953340344397,0.747
2017-07-16,0.15351130381064737,0.756
2017-07-17,0.13995011678124933,0.723
2017-07-18,0.7730762864683594,0.728
2017-07-19,0.24091131313034306,0.777
2017-07-20,0.1732395834293921,0.828
2017-07-21,0.27058729522492764,0.784
2017-07-22,0.16750119085455864,0.655
2017-07-23,0.219088279623402,0.69
2017-07-24,0.19143664430706972,0.788
2017-07-25,0.1481442918995552,0.814
2017-07-26,0.1400558951370101,0.831
2017-07-27,0.14223895202535006,0.823
2017-07-28,0.13469429194518637,0.699
2017-07-29,0.8789304100257932,0.68
2017-07-30,0.24394369183508324,0.664
2017-07-31,0.16699438089894092,0.747
2017-08-01,0.15452408198159032,0.765
2017-08-02,0.3152131154911149,0.678
2017-08-03,0.1701160678151158,0.603
2017-08-04,0.15226369210080978,0.615
2017-08-05,0.17811056506981607,0.723
2017-08-06,0.14952906405564145,0.597
2017-08-07,0.22515653304804506,0.591
2017-08-08,0.9918789133352924,0.776
2017-08-09,1.1443381848719438,1.624
2017-08-10,1.0557080490245425,2.113
2017-08-11,0.32124922142271223,2.489
2017-08-12,0.22806801900722154,1.385
2017-08-13,0.1958941166813861,0.994
2017-08-14,0.18231357267826984,0.82
2017-08-15,0.17095405779663259,0.732
2017-08-16,0.35382695428337285,0.689
2017-08-17,0.19150927090724013,0.677
2017-08-18,0.42593144327873483,0.706
2017-08-19,0.2007158388389592,0.611
2017-08-20,0.1770204265642648,0.677
2017-08-21,0.16213205878919712,0.662
2017-08-22,0.15660582744804363,0.634
2017-08-23,0.15086523597407983,0.623
2017-08-24,0.14706339863048845,0.605
2017-08-25,0.1441100041849625,0.63
2017-08-26,0.14175992471419224,0.674
2017-08-27,0.13987723949773512,0.707
2017-08-28,0.13836019006573472,0.695
2017-08-29,0.13980104542567368,0.707
2017-08-30,0.4489025972610959,0.807
2017-08-31,0.22556522940997317,0.771
2017-09-01,0.16648807394570275,0.799
2017-09-02,0.15465713254563176,0.739
2017-09-03,0.15666781866741683,0.759
2017-09-04,0.14781790324467048,0.769
2017-09-05,0.14681079601881467,0.775
2017-09-06,0.14175313632884567,0.774
2017-09-07,0.14305679502461863,0.777
2017-09-08,0.17975024859388405,0.797
2017-09-09,0.1562187097893028,0.809
2017-09-10,0.15284306738483092,0.802
2017-09-11,0.17094584524966155,0.805
2017-09-12,0.20957746493238885,0.801
2017-09-13,0.15840133546627097,0.775
2017-09-14,0.18443484239184382,0.812
2017-09-15,0.36396014819586164,0.81
2017-09-16,0.5194289972919127,0.859
2017-09-17,0.267973551420261,1.349
2017-09-18,0.19726381398596804,1.752
2017-09-19,0.16773189716936224,1.503
2017-09-20,0.15910825261798028,1.251
2017-09-21,0.1576274104465379,1.049
2017-09-22,0.15202109338116976,0.933
2017-09-23,0.14598456369423402,0.876
2017-09-24,0.14300222263770587,0.842
2017-09-25,0.14013062957523773,0.811
2017-09-26,0.13804810261559344,0.784
2017-09-27,0.5116164558096801,0.808
2017-09-28,0.19532698273627375,0.788
2017-09-29,0.15886081356996182,0.862
2017-09-30,0.14878656608747215,0.743
2017-10-01,0.1435900605607475,0.609
2017-10-02,0.13960876239269124,0.551
2017-10-03,0.13712820797951114,0.525
2017-10-04,0.13702702345421408,0.512
2017-10-05,0.13363543707146042,0.496
2017-10-06,0.13202272197087495,0.487
2017-10-07,0.3147925299866549,0.601
2017-10-08,0.15813275428496434,0.766
2017-10-09,0.14030914639881975,0.865
2017-10-10,0.13612948615323545,0.759
2017-10-11,0.13506967450129015,0.697
2017-10-12,0.13178383292605692,0.714
2017-10-13,0.12984614112231682,0.711
2017-10-14,0.12860263230186345,0.718
2017-10-15,0.12719328188991624,0.706
2017-10-16,0.1259869357830978,0.712
2017-10-17,0.12502508058134343,0.901
2017-10-18,0.19196700914362594,0.902
2017-10-19,0.3183483854534733,1.05
2017-10-20,0.2376253616844724,1.1
2017-10-21,0.15172600773134023,1.06
2017-10-22,0.13819207906652445,1.14
2017-10-23,0.13408411306162382,1.15
2017-10-24,0.1303074206675079,1.13
2017-10-25,0.1276238009882284,1.11
2017-10-26,0.12632845529308387,1.07
2017-10-27,0.12395498358638946,1.07
2017-10-28,0.12206117564040116,1.11
2017-10-29,0.12057599816035994,1.05
2017-10-30,0.11923190978265484,1.06
2017-10-31,0.11809587058426987,1.11
2017-11-01,0.1171441950682525,1.11
2017-11-02,0.11610480920361013,1.13
2017-11-03,0.2204206070568112,1.2
2017-11-04,0.20309649891821677,1.08
2017-11-05,0.1327186907716314,1.15
2017-11-06,0.12395370553479826,1.15
2017-11-07,0.37403067428184883,1.57
2017-11-08,0.15502678368009087,1.56
2017-11-09,0.12976791681184388,1.58
2017-11-10,0.41620042176460076,1.6
2017-11-11,0.16330533187062873,1.64
2017-11-12,0.13325093445785052,1.7
2017-11-13,0.12643110751149472,1.66
2017-11-14,0.12232103154028398,1.61
2017-11-15,0.11898128442213736,1.77
2017-11-16,0.11697894336855337,1.59
2017-11-17,0.11435842840025985,1.34
2017-11-18,0.11242831440145802,1.84
2017-11-19,0.11302316514596279,1.19
2017-11-20,0.11218521420302531,2.03
2017-11-21,0.10904985570276461,2.39
2017-11-22,0.13835449492480895,2.14
2017-11-23,0.11355833091532327,1.64
2017-11-24,0.10931821189491688,1.64
2017-11-25,0.10780683401953571,1.58
2017-11-26,0.4226957291072473,1.66
2017-11-27,0.2549105284115103,1.7
2017-11-28,0.1365530115704555,1.1
2017-11-29,0.13353055334747232,0.675
2017-11-30,0.5057044495617922,0.58
2017-12-01,0.16911561117720755,0.606
2017-12-02,0.12971748899270508,0.689
2017-12-03,0.12090016795124325,0.732
2017-12-04,0.11581272612600639,0.664
2017-12-05,0.11217648042523563,0.623
2017-12-06,0.10995844219260974,0.607
2017-12-07,0.21439476763905405,0.616
2017-12-08,0.12088152379106945,0.609
2017-12-09,0.40911303902477764,0.618
2017-12-10,0.8474409384918878,0.737
2017-12-11,0.8204752393425797,1.1
2017-12-12,0.5486513375802883,2.58
2017-12-13,0.4567871747382035,3.06
2017-12-14,0.2079208071751175,5.4
2017-12-15,0.16923970597856008,2.82
2017-12-16,0.15166467657329344,1.73
2017-12-17,0.3407155932385891,1.68
2017-12-18,0.16625850588952465,1.72
2017-12-19,0.15652910677736556,1.91
2017-12-20,0.14498812291182883,2.02
2017-12-21,0.1302089521155648,1.93
2017-12-22,0.12358062615582235,1.96
2017-12-23,0.11906173940017896,1.83
2017-12-24,0.11559590713133364,1.9
2017-12-25,0.4018177483460785,1.7
2017-12-26,1.025561992139421,1.93
2017-12-27,1.0890406899914862,10.5
2017-12-28,0.9043623971173654,15.4
2017-12-29,0.8232222936502329,8.57
2017-12-30,0.5215815873056462,14.0
2017-12-31,0.361501901030026,12.5
2018-01-01,0.2511069334050089,8.86
2018-01-02,0.8357254448717477,4.47
2018-01-03,0.5162656902792107,8.83
2018-01-04,0.34764349196031985,7.42
2018-01-05,0.24680510316708343,4.58
2018-01-06,0.21975253190806707,3.08
2018-01-07,0.1973196086835624,2.04
2018-01-08,0.18235546234734368,1.37
2018-01-09,0.1947233272493202,1.6
2018-01-10,0.5163060674897579,2.28
2018-01-11,0.23628846637094883,2.54
2018-01-12,0.1902649690673309,2.93
2018-01-13,0.17578841224714814,2.62
2018-01-14,0.45394805240209885,2.16
2018-01-15,0.531110310044102,3.7
2018-01-16,0.24955334065336965,8.9
2018-01-17,0.30374621013834135,4.15
2018-01-18,0.3315917299956011,2.1
2018-01-19,0.2287365732185315,2.01
2018-01-20,0.5761535971248796,2.35
2018-01-21,1.2567090292897394,4.83
2018-01-22,0.5288475426396079,16.1
2018-01-23,0.3729147417925977,9.79
2018-01-24,0.7111771290807077,6.4
2018-01-25,0.37528734338399117,8.26
2018-01-26,0.31156119317381814,4.54
2018-01-27,0.336961155983849,2.75
2018-01-28,0.27503926831026076,2.43
2018-01-29,0.315056521114198,1.92
2018-01-30,0.25863953487044955,1.96
2018-01-31,0.42271073604756404,2.09
2018-02-01,0.5615310522266946,2.22
2018-02-02,0.3545865355794556,2.9
2018-02-03,0.27530544110531147,3.0
2018-02-04,0.2520245128684303,2.39
2018-02-05,0.23677832463365794,1.86
2018-02-06,0.2271066270064319,1.77
2018-02-07,0.2173663042803419,1.65
2018-02-08,0.7866484565506067,1.51
2018-02-09,0.3228644057459004,2.16
2018-02-10,0.4329996100102014,3.47
2018-02-11,0.29373923604083807,3.3
2018-02-12,0.2602196400183414,2.66
2018-02-13,0.38393872109673677,2.25
2018-02-14,0.8960846975340752,2.52
2018-02-15,0.3948024624520822,7.71
2018-02-16,0.3185416425422522,5.22
2018-02-17,0.2920750908550977,2.69
2018-02-18,0.28955399595515513,2.31
2018-02-19,0.7006759550166107,2.44
2018-02-20,0.6413415059806254,4.32
2018-02-21,0.375307907653348,9.31
2018-02-22,0.3212592752859654,4.93
2018-02-23,0.2980963844537052,2.7
2018-02-24,0.28093727263056245,2.41
2018-02-25,0.26797782536602177,1.92
2018-02-26,0.26048223141426385,1.67
2018-02-27,0.3755491353386902,1.58
2018-02-28,0.45863314503275737,1.55
2018-03-01,0.2908728488377667,1.5
2018-03-02,0.3258207066898569,1.52
2018-03-03,0.27388381617916574,1.62
2018-03-04,0.8408209869984196,4.56
2018-03-05,0.3637802919056707,14.4
2018-03-06,0.3083143516187687,6.41
2018-03-07,0.41932475795268775,4.04
2018-03-08,0.31835003186510846,2.65
2018-03-09,1.1117936468980336,3.27
2018-03-10,0.46612641070816,12.4
2018-03-11,0.5504815930208364,7.76
2018-03-12,1.0000369777906544,6.83
2018-03-13,0.5167599116302835,13.3
2018-03-14,0.5939194017491961,7.84
2018-03-15,0.45824196075506607,4.94
2018-03-16,0.4109401053961498,4.02
2018-03-17,0.41400845991265633,3.15
2018-03-18,0.3616612041364875,2.21
2018-03-19,0.34318693635710884,2.13
2018-03-20,0.3203919911694248,1.83
2018-03-21,0.30845273809358775,1.65
2018-03-22,0.29636364159590195,1.67
2018-03-23,0.2892386339408497,1.71
2018-03-24,0.28218053904426943,1.7
2018-03-25,0.27681165788679185,1.53
2018-03-26,0.39482414606237637,1.42
2018-03-27,0.44759979969091773,1.48
2018-03-28,0.8660351835522592,2.99
2018-03-29,0.5835856871683711,7.73
2018-03-30,1.4813851568917262,7.98
2018-03-31,0.7768378111755617,17.5
2018-04-01,1.8290641543432056,10.4
2018-04-02,0.9428234498342105,17.6
2018-04-03,0.6826060686282962,24.8
2018-04-04,0.6119662808845513,9.51
2018-04-05,0.5309812944356206,4.39
2018-04-06,0.48441138779062165,3.15
2018-04-07,0.5951990057730889,2.8
2018-04-08,0.676735760825756,2.43
2018-04-09,1.219209221381263,2.06
2018-04-10,0.631646467586275,8.52
2018-04-11,0.5285902244888879,6.23
2018-04-12,0.5202949642820569,3.61
2018-04-13,0.4553789799949821,3.01
2018-04-14,0.4260365863040545,2.49
2018-04-15,0.41188726077703114,2.25
2018-04-16,0.3894462411943833,2.17
2018-04-17,0.3761169197327363,2.25
2018-04-18,0.366101436269795,2.09
2018-04-19,0.3583274501467521,2.02
2018-04-20,0.3522769018351087,1.94
2018-04-21,0.3485708170058049,1.9
2018-04-22,0.34562566491375224,1.88
2018-04-23,0.3411854074383803,1.87
2018-04-24,0.34290514080675033,1.81
2018-04-25,0.3873107053995355,1.79
2018-04-26,0.3521762488277558,1.74
2018-04-27,0.8189092837796884,1.81
2018-04-28,0.41336720411064226,2.34
2018-04-29,0.6567464016239974,1.81
2018-04-30,0.6511833506090292,3.08
2018-05-01,0.40755129588739053,2.98
2018-05-02,0.5184817670542555,2.52
2018-05-03,0.38735972140709407,2.03
2018-05-04,0.36688826090486887,1.84
2018-05-05,0.3586490146894921,1.74
2018-05-06,0.3527974042751323,1.67
2018-05-07,0.3480655048371768,1.62
2018-05-08,0.34412515305068125,1.6
2018-05-09,0.34481108135561167,1.56
2018-05-10,0.3383341408814367,1.57
2018-05-11,0.3354583622127532,1.67
2018-05-12,0.9366536692336551,1.79
2018-05-13,0.421550382298552,1.94
2018-05-14,0.3608021712980913,1.77
2018-05-15,0.3488795636466559,1.64
2018-05-16,0.34279094867720117,1.5
2018-05-17,0.3380595242247277,1.56
2018-05-18,0.33404320841962165,1.48
2018-05-19,0.33054610768940323,1.54
2018-05-20,0.3274482222088517,1.54
2018-05-21,0.324658498595748,1.53
2018-05-22,0.32210465356357243,1.5
2018-05-23,0.32101125444782375,1.47
2018-05-24,0.6803696273461652,1.52
2018-05-25,0.3744349550990458,1.72
2018-05-26,0.34176059104783857,1.51
2018-05-27,0.3290360476932137,1.48
2018-05-28,0.3237441895493306,1.44
2018-05-29,0.47617021208263344,1.43
2018-05-30,0.3460859990124873,1.53
2018-05-31,0.32736731419720594,1.24
2018-06-01,0.32206061951203796,1.05
2018-06-02,0.31499943291141236,1.04
2018-06-03,0.3104101443937356,1.03
2018-06-04,0.3067677084597214,1.01
2018-06-05,0.30293336960261563,0.998
2018-06-06,0.29996871366585104,0.958
2018-06-07,0.2968082511915244,0.935
2018-06-08,0.29402004632426415,0.94
2018-06-09,0.2918237866701938,0.951
2018-06-10,0.28897116440784926,0.951
2018-06-11,0.2865277977682726,0.933
2018-06-12,0.2842001363619597,0.963
2018-06-13,0.2819102566622427,0.938
2018-06-14,0.27965787833017136,0.885
2018-06-15,0.2774417922911654,0.8
2018-06-16,0.2754754309129979,0.711
2018-06-17,0.2736879391886377,0.746
2018-06-18,0.2709555438845664,0.729
2018-06-19,0.26871474077898727,0.704
2018-06-20,0.2665400552147699,0.664
2018-06-21,0.264373820456492,0.571
2018-06-22,0.2622090982888926,0.535
2018-06-23,0.2600437959232649,0.558
2018-06-24,0.2578780941628242,0.789
2018-06-25,0.2557116737442325,0.681
2018-06-26,0.2535446058886222,0.967
2018-06-27,0.2513771338212611,0.935
2018-06-28,0.24920975738186985,0.917
2018-06-29,0.2470425402758464,1.11
2018-06-30,0.2448763599288978,1.12
2018-07-01,0.2427116887208288,1.07
2018-07-02,0.240549109639158,0.873
2018-07-03,0.23838923362377493,0.758
2018-07-04,0.2362326814754791,0.62
2018-07-05,0.23408007541185608,0.536
2018-07-06,0.2319320332011233,0.595
2018-07-07,0.2297891637258073,0.649
2018-07-08,0.22765494858359459,0.61
2018-07-09,0.225521650953765,0.589
2018-07-10,0.22339752206001287,0.596
2018-07-11,0.22128135033578605,0.648
2018-07-12,0.2191727521773716,0.636
2018-07-13,0.21707285952633382,0.565
2018-07-14,0.2149819703014205,0.592
2018-07-15,0.21290053984384325,0.558
2018-07-16,0.21082901591099715,0.555
2018-07-17,0.20876782727520093,0.532
2018-07-18,0.2067173831502849,0.548
2018-07-19,0.20467944817467035,0.543
2018-07-20,0.20265718832032395,0.552
2018-07-21,0.20063503229463228,0.578
2018-07-22,0.1986306457458141,0.539
2018-07-23,0.19663933189184843,0.543
2018-07-24,0.1946608873036551,0.527
2018-07-25,0.19269554099256353,0.518
2018-07-26,0.20047542047879038,0.52
2018-07-27,0.6608409539876787,0.53
2018-07-28,0.2666272271492489,0.514
2018-07-29,0.22767588831385738,0.564
2018-07-30,0.45772284690416737,0.588
2018-07-31,0.25167258157097994,0.582
2018-08-01,0.2190976994033423,0.507
2018-08-02,0.20799430159879873,0.606
2018-08-03,0.20061798617366,0.629
2018-08-04,0.19463635370221483,0.627
2018-08-05,0.18958101205026298,0.587
2018-08-06,0.1852447513921263,0.502
2018-08-07,0.18858868274988716,0.496
2018-08-08,0.1806737580898104,0.484
2018-08-09,1.0322794330999845,0.627
2018-08-10,1.132178901641245,0.758
2018-08-11,0.7907857790401425,0.775
2018-08-12,0.3215690177263928,0.84
2018-08-13,0.25521474507638975,0.681
2018-08-14,0.22264250213286127,0.618
2018-08-15,0.21245073176723886,0.601
2018-08-16,0.8505178982833407,0.888
2018-08-17,0.2925116840279169,0.952
2018-08-18,0.22195932840809177,0.947
2018-08-19,0.20507489001343265,0.787
2018-08-20,0.19840702330498103,0.858
2018-08-21,0.18849546996574118,0.852
2018-08-22,0.18441005586383583,0.842
2018-08-23,0.18141479122684392,0.732
2018-08-24,0.18043667802704294,0.617
2018-08-25,0.175522054873117,0.638
2018-08-26,0.4817765293200631,0.64
2018-08-27,0.2164993689169661,0.553
2018-08-28,0.20999126964476486,0.505
2018-08-29,0.18427973250686916,0.517
2018-08-30,0.17409499791189553,0.487
2018-08-31,0.1692720316154185,0.471
2018-09-01,0.16559317840650156,0.463
2018-09-02,0.1625200713826764,0.441
2018-09-03,0.1598928795091162,0.429
2018-09-04,0.1612685240154215,0.439
2018-09-05,0.15613170353744468,0.443
2018-09-06,0.16270593368238195,0.432
2018-09-07,0.15323238051651775,0.421
2018-09-08,0.15138074778309188,0.415
2018-09-09,0.1494917059000855,0.4
2018-09-10,0.1481656985940693,0.387
2018-09-11,0.5283814099883006,0.422
2018-09-12,0.2076406761808049,0.445
2018-09-13,0.16917449995257777,0.42
2018-09-14,0.16068450083939959,0.412
2018-09-15,0.15618219941397907,0.425
2018-09-16,0.1526882738696942,0.404
2018-09-17,0.1497568993737718,0.391
2018-09-18,0.14724783879101921,0.383
2018-09-19,0.14742852906118684,0.378
2018-09-20,0.17557181769967012,0.374
2018-09-21,0.1483831699433114,0.366
2018-09-22,0.5451368275962755,0.377
2018-09-23,0.40396702957566893,0.49
2018-09-24,0.19649457829755282,0.418
2018-09-25,0.1680373841337618,0.456
2018-09-26,0.1591813834744279,0.529
2018-09-27,0.15349301948650768,0.517
2018-09-28,0.1489739468344086,0.472
2018-09-29,0.14523337005330944,0.472
2018-09-30,0.14209535630224557,0.448
2018-10-01,0.14147159064734272,0.429
2018-10-02,0.13748816219893775,0.48
2018-10-03,0.13522611297432166,1.05
2018-10-04,0.13374620572222834,0.948
2018-10-05,0.1320551152468434,0.839
2018-10-06,0.7034479705858199,0.864
2018-10-07,0.21444607304719554,0.836
2018-10-08,0.15788081621562094,0.841
2018-10-09,0.1473088417172845,0.806
2018-10-10,0.14479642328379083,0.802
2018-10-11,0.13835858260709538,0.792
2018-10-12,0.13483906819028593,0.794
2018-10-13,0.13518321992947124,0.782
2018-10-14,0.966970234389482,0.932
2018-10-15,0.6441170917749797,0.976
2018-10-16,0.22521183009766674,1.11
2018-10-17,0.17268600689190303,0.94
2018-10-18,0.15695994006704914,0.84
2018-10-19,0.14908093527275204,1.03
2018-10-20,0.14326490626525296,1.03
2018-10-21,0.13887586462223833,0.798
2018-10-22,0.13477416001671502,0.8
2018-10-23,0.13160947110046475,0.792
2018-10-24,0.1291072225328482,0.866
2018-10-25,0.12688937023222163,1.49
2018-10-26,0.1259390830259997,1.55
2018-10-27,0.20499459428889358,1.56
2018-10-28,0.1371207813023655,1.57
2018-10-29,0.1292898363865864,1.61
2018-10-30,0.12642184115898608,1.62
2018-10-31,0.7977118960980275,1.66
2018-11-01,0.6755057341112066,1.92
2018-11-02,0.21910108272643225,2.06
2018-11-03,0.16206184986777886,1.84
2018-11-04,0.1491628984507782,1.75
2018-11-05,0.14221805222392817,1.73
2018-11-06,0.21273642443147275,1.72
2018-11-07,0.15073443785276344,1.68
2018-11-08,0.1358879813819136,1.75
2018-11-09,0.4845098937194645,1.78
2018-11-10,0.9985676784255912,2.11
2018-11-11,0.5748548001015242,2.28
2018-11-12,0.21991260202544927,2.25
2018-11-13,0.16977097525137994,1.82
2018-11-14,0.15548187692337273,1.5
2018-11-15,0.14802328539655513,1.36
2018-11-16,0.14205108663463517,1.31
2018-11-17,0.13620226909408045,1.27
2018-11-18,0.13195500315426772,1.18
2018-11-19,0.2151911753314957,1.28
2018-11-20,0.49615893740323846,1.33
2018-11-21,0.18231079308505055,1.37
2018-11-22,0.14331378607082992,1.37
2018-11-23,0.13483995506286,1.33
2018-11-24,0.13034723638884346,1.31
2018-11-25,0.1272668546469542,1.31
2018-11-26,0.12467343447435775,1.29
2018-11-27,0.6463038529611214,1.35
2018-11-28,0.23637134585359593,1.46
2018-11-29,0.15368748817486158,1.46
2018-11-30,0.13930050999891622,1.39
2018-12-01,0.4394556804600322,1.39
2018-12-02,0.1805081194149754,1.42
2018-12-03,0.17198664333076893,1.42
2018-12-04,0.3076871918780136,1.37
2018-12-05,0.3374894582385565,1.43
2018-12-06,0.3282348964592952,1.15
2018-12-07,0.5168256139079648,1.41
2018-12-08,0.22458029218068373,0.973
2018-12-09,0.17486385715298516,1.08
2018-12-10,0.15926473381884781,0.977
2018-12-11,0.1502439363589321,0.86
2018-12-12,0.14350200878445404,0.731
2018-12-13,0.13815545227930784,0.876
2018-12-14,0.13386880386951208,1.3
2018-12-15,0.8218437699545957,1.45
2018-12-16,0.3517636749373663,1.62
2018-12-17,0.18042660840241087,1.62
2018-12-18,0.31972536145352654,1.78
2018-12-19,0.17645833145194884,1.88
2018-12-20,0.637471892536363,1.92
2018-12-21,0.6453875220981278,2.04
2018-12-22,0.3469975108789634,1.76
2018-12-23,0.37456174016309085,1.88
2018-12-24,0.21240703563621469,1.54
2018-12-25,0.18411959047278545,1.41
2018-12-26,0.17048213908013213,1.12
2018-12-27,0.1611451233901254,0.957
2018-12-28,0.15370095527551803,0.872
2018-12-29,0.14882434443296444,0.805
2018-12-30,0.14338429864132246,0.741
2018-12-31,0.1395231045945153,0.704
2019-01-01,0.13655296089618388,0.678
2019-01-02,0.13429956788253306,0.662
2019-01-03,0.13229561142492488,1.35
2019-01-04,0.1310799908845307,1.98
2019-01-05,0.12951489583538442,2.04
2019-01-06,0.12844252905884265,2.07
2019-01-07,0.12756959522797223,2.09
2019-01-08,0.12750735431512547,2.08
2019-01-09,0.12811597903738453,2.08
2019-01-10,0.15887996133938137,2.16
2019-01-11,0.13065589213030754,2.33
2019-01-12,0.12776407428547934,2.4
2019-01-13,0.12661143503997072,2.4
2019-01-14,0.12567119885537814,2.38
2019-01-15,0.12479972956849855,2.39
2019-01-16,0.47734942678798403,2.8
2019-01-17,0.17223574426382196,2.21
2019-01-18,0.13964919360405958,2.24
2019-01-19,0.13357299365584574,2.17
2019-01-20,0.1309407449105685,2.25
2019-01-21,0.38956396768249485,2.29
2019-01-22,0.1649336919172069,2.36
2019-01-23,0.1383265769107248,2.32
2019-01-24,0.1372514576510617,2.3
2019-01-25,0.13177273925968133,2.31
2019-01-26,0.5208762916620011,2.34
2019-01-27,0.18159136569035172,2.92
2019-01-28,0.14326184354074073,3.05
2019-01-29,0.5457090899429495,2.36
2019-01-30,0.19024247949905454,3.0
2019-01-31,0.2323092860192456,2.51
2019-02-01,0.1595425654149394,2.31
2019-02-02,0.14400957853468632,1.47
2019-02-03,0.46745466873211955,1.06
2019-02-04,0.20279452294447695,1.02
2019-02-05,0.33305904813751364,1.21
2019-02-06,0.34923190143790467,1.83
2019-02-07,0.186276992966698,2.33
2019-02-08,0.21603068296856265,2.27
2019-02-09,0.3379171310501884,1.78
2019-02-10,0.369664481524479,1.52
2019-02-11,0.1910362979650376,2.31
2019-02-12,0.16387778892012883,1.78
2019-02-13,0.1540062455266007,1.38
2019-02-14,0.14715340274843802,1.1
2019-02-15,0.14174900716124403,0.862
2019-02-16,0.13734155938726034,0.986
2019-02-17,0.13364857611158507,0.953
2019-02-18,0.13142627004446666,0.923
2019-02-19,0.12851978825408458,0.88
2019-02-20,0.12654176928109687,0.836
2019-02-21,0.12505736965334097,0.792
2019-02-22,0.12363360005329557,0.758
2019-02-23,0.12257874255689426,0.735
2019-02-24,0.12159978559190797,0.721
2019-02-25,0.12065147641271855,0.714
2019-02-26,0.11987394588928825,0.691
2019-02-27,0.11917846206808673,0.676
2019-02-28,0.12294618267202993,0.685
2019-03-01,0.11841003589825955,0.682
2019-03-02,0.20028387803356565,0.686
2019-03-03,0.23874747902098942,0.736
2019-03-04,0.14416142319558706,0.724
2019-03-05,0.36023061283763336,0.738
2019-03-06,0.16145100430876275,0.767
2019-03-07,0.43620470141088036,2.04
2019-03-08,0.2493735410443187,2.2
2019-03-09,0.5726052087055359,2.05
2019-03-10,0.2012138507481033,2.24
2019-03-11,0.15583482718131644,2.5
2019-03-12,0.4903586147632613,2.32
2019-03-13,0.24182701538232415,2.91
2019-03-14,0.26707586978451464,2.82
2019-03-15,0.5606320665129533,2.49
2019-03-16,0.3241945159733457,3.32
2019-03-17,0.20664122431648926,3.46
2019-03-18,0.1789858091235425,2.88
2019-03-19,0.16261477044118566,2.14
2019-03-20,0.15289395427334496,2.23
2019-03-21,0.1456604511697662,2.14
2019-03-22,0.13991831474900196,1.95
2019-03-23,0.1353110117501459,1.74
2019-03-24,0.13159942161593768,1.9
2019-03-25,0.12859964351736608,1.65
2019-03-26,0.12615990913475347,1.62
2019-03-27,0.12416611077544058,2.22
2019-03-28,0.12252340062062145,2.26
2019-03-29,0.12115605665722026,2.07
2019-03-30,0.12001009820485466,1.53
2019-03-31,0.1190226773182673,1.43
2019-04-01,0.11816966015587059,1.43
2019-04-02,0.1226405554782205,1.45
2019-04-03,0.11896401162932968,1.44
2019-04-04,0.11652291571444683,1.44
2019-04-05,0.11558916345887223,1.42
2019-04-06,0.11501063577269532,1.4
2019-04-07,0.16496750269332466,1.71
2019-04-08,0.12486643171658472,1.22
2019-04-09,0.11875798863794658,1.27
2019-04-10,0.11682616912631608,1.27
2019-04-11,0.11557211822084304,1.32
2019-04-12,0.1145223537026431,1.3
2019-04-13,0.11415679337486033,1.31
2019-04-14,0.11305550844656241,1.31
2019-04-15,0.11199158874884865,1.31
2019-04-16,0.11122913497117788,1.31
2019-04-17,0.11053879171963579,1.32
2019-04-18,0.10987144324762725,1.3
2019-04-19,0.10923163795359998,1.28
2019-04-20,0.10860670063312328,1.24
2019-04-21,0.1079940882528673,1.21
2019-04-22,0.1073886159428722,1.09
2019-04-23,0.10678797648154623,1.07
2019-04-24,0.10925782442361474,1.13
2019-04-25,0.10634068096843938,1.1
2019-04-26,0.10908281953324275,1.08
2019-04-27,0.13323784811671094,1.09
2019-04-28,0.11081364764019785,1.09
2019-04-29,0.10646231688873736,1.09
2019-04-30,0.10488870301162592,1.08
2019-05-01,0.10383194326039315,1.08
2019-05-02,0.10543750562867205,1.1
2019-05-03,0.11123547890315716,1.6
2019-05-04,0.18660310359500976,1.96
2019-05-05,0.11775283610994002,1.83
2019-05-06,0.10750806537299691,1.85
2019-05-07,0.42567583897859296,1.84
2019-05-08,0.572066337298556,1.71
2019-05-09,0.19074162619194865,1.4
2019-05-10,0.1833554691263798,1.21
2019-05-11,0.13984215074430462,1.13
2019-05-12,0.12501828642021606,1.13
2019-05-13,0.11862212203055543,1.1
2019-05-14,0.11403014378595172,1.47
2019-05-15,0.11030020905048366,1.82
2019-05-16,0.10724591462059571,1.79
2019-05-17,0.10769103123653503,1.7
2019-05-18,0.11020655969273876,1.55
2019-05-19,0.10384555524722879,1.57
2019-05-20,0.09983343928505768,1.58
2019-05-21,0.09818466069142064,1.26
2019-05-22,0.09703628684960816,0.823
2019-05-23,0.09605868408790229,0.708
2019-05-24,0.09580663729400878,0.681
2019-05-25,0.09446916457600982,0.669
2019-05-26,0.0954261464356327,0.67
2019-05-27,0.1541060931221826,0.684
2019-05-28,0.20372447466612256,0.811
2019-05-29,0.12644334173682906,0.823
2019-05-30,0.1087117877892811,0.677
2019-05-31,0.10370061984752597,0.557
2019-06-01,0.10066644149543663,0.527
2019-06-02,0.09828374420760591,0.559
2019-06-03,0.09655168573797449,0.519
2019-06-04,0.1947659343712601,0.527
2019-06-05,0.12321506019978373,0.513
2019-06-06,0.10279725930014491,0.501
2019-06-07,0.16236123218378426,0.492
2019-06-08,0.12201795056347832,0.511
2019-06-09,0.684182687731227,0.474
2019-06-10,0.9763261750367245,0.755
2019-06-11,0.25569928199398556,0.881
2019-06-12,0.6226915790378221,1.25
2019-06-13,0.2868406008085744,1.05
2019-06-14,0.16922396423884817,1.46
2019-06-15,0.1468080946419313,1.29
2019-06-16,0.1370769320695964,1.05
2019-06-17,0.12594599774191625,0.882
2019-06-18,0.13705819426075086,0.871
2019-06-19,0.3023540816654853,0.962
2019-06-20,0.14133528309884305,0.804
2019-06-21,0.1208185100690154,0.671
2019-06-22,0.11423095411674034,0.848
2019-06-23,0.10987566614913391,0.769
2019-06-24,0.8464988785171541,0.738
2019-06-25,0.22450569299333412,1.04
2019-06-26,0.14601934698830307,1.03
2019-06-27,0.13028864167553517,0.975
2019-06-28,0.12267298085626045,0.779
2019-06-29,0.11715744164803205,0.674
2019-06-30,0.11282750145773231,0.68
2019-07-01,0.10938499596728261,0.667
2019-07-02,0.10663562960054357,0.67
2019-07-03,0.10443787161900436,0.675
2019-07-04,0.10285483108114574,0.666
2019-07-05,0.10127755850441607,0.668
2019-07-06,0.10321784958016379,0.682
2019-07-07,0.09951770495263251,0.684
2019-07-08,0.09845270527990016,0.677
2019-07-09,0.09817341366739189,0.686
2019-07-10,0.09756362205023063,0.645
2019-07-11,0.0969726731916442,0.564
2019-07-12,0.09689789178958075,0.48
2019-07-13,0.09819244243886832,0.434
2019-07-14,0.09579277484677419,0.392
2019-07-15,0.09527188643606362,0.36
2019-07-16,0.09493939806757133,0.339
2019-07-17,0.09835903469621095,0.33
2019-07-18,0.09610682914682958,0.382
2019-07-19,0.594095935092269,0.613
2019-07-20,0.1772086038064193,0.654
2019-07-21,0.12492867287830647,0.616
2019-07-22,0.114620546151295,0.585
2019-07-23,0.12212427569646715,0.587
2019-07-24,0.1077742125343541,0.573
2019-07-25,0.10957412549332744,0.566
2019-07-26,0.11220823089140532,0.55
2019-07-27,0.8270302409248569,0.647
2019-07-28,0.21223883146682157,0.625
2019-07-29,0.13764513643769652,0.652
2019-07-30,0.1342467590570856,0.682
2019-07-31,0.11834333416977667,0.619
2019-08-01,0.11367620740443263,0.571
2019-08-02,0.10868946914403722,0.567
2019-08-03,0.10550038496750454,0.506
2019-08-04,0.10342316880069509,0.502
2019-08-05,0.10168548291047241,0.472
2019-08-06,0.0996372790823723,0.404
2019-08-07,0.09906996677066386,0.341
2019-08-08,0.1093443236903507,0.341
2019-08-09,0.13946879695292266,0.396
2019-08-10,0.11252624471821386,0.412
2019-08-11,0.2154332215902395,0.356
2019-08-12,0.11778473670851844,0.347
2019-08-13,0.1050557173616712,0.342
2019-08-14,0.5303688928793077,0.425
2019-08-15,0.16567452766327026,0.409
2019-08-16,0.20780730567119318,0.432
2019-08-17,0.13548978684011395,0.455
2019-08-18,0.1262117114131615,0.481
2019-08-19,0.11813531772994637,0.524
2019-08-20,0.11095773544873497,0.513
2019-08-21,0.10698530212129138,0.479
2019-08-22,0.10395908780879158,0.442
2019-08-23,0.10152096551183803,0.415
2019-08-24,0.09953534008194347,0.401
2019-08-25,0.09790576605530873,0.39
2019-08-26,0.09655759657511213,0.386
2019-08-27,0.09598421655003188,0.376
2019-08-28,0.10086433264903522,0.374
2019-08-29,0.09429262120139142,0.356
2019-08-30,0.0930252196667766,0.357
2019-08-31,0.09236955855846311,0.365
2019-09-01,0.09177954840648243,0.356
2019-09-02,0.09126707486193918,0.357
2019-09-03,0.23709586277335315,0.372
2019-09-04,0.12186787640388587,0.432
2019-09-05,0.1054869507069943,0.364
2019-09-06,0.10546336015820651,0.343
2019-09-07,0.0993405281759293,0.317
2019-09-08,0.10118302686377711,0.297
2019-09-09,0.13850994091345456,0.317
2019-09-10,0.1048577159509683,0.299
2019-09-11,0.09916211082697726,0.288
2019-09-12,0.096399304892206,0.272
2019-09-13,0.09424502878239936,0.251
2019-09-14,0.09270588943475495,0.266
2019-09-15,0.09170329703494232,0.246
2019-09-16,0.09048959782653329,0.249
2019-09-17,0.08944700900852981,0.255
2019-09-18,0.0886258957739115,0.283
2019-09-19,0.0879058869032325,0.284
2019-09-20,0.08725391627928211,0.281
2019-09-21,0.0866620398851021,0.275
2019-09-22,0.08840563187030731,0.278
2019-09-23,0.1605552766163435,0.271
2019-09-24,0.2289284275458857,0.309
2019-09-25,0.1902978778113456,0.327
2019-09-26,0.1212721906115966,0.356
2019-09-27,0.16625528324346361,0.381
2019-09-28,0.4587846582064643,0.371
2019-09-29,0.21332171630855337,0.389
2019-09-30,0.9330281753451312,0.492
2019-10-01,0.6039840217959784,0.606
2019-10-02,0.2078333036722667,0.605
2019-10-03,0.28058916648839927,0.638
2019-10-04,0.159729217317199,0.719
2019-10-05,1.004817346072039,1.1
2019-10-06,1.0607976547340319,1.83
2019-10-07,0.5630031694279426,2.1
2019-10-08,0.23476630390347003,1.55
2019-10-09,0.17590554087209928,0.926
2019-10-10,0.1607744010917325,0.84
2019-10-11,0.4215678861223889,0.94
2019-10-12,0.7685431696742429,1.33
2019-10-13,0.29859554803086596,1.49
2019-10-14,0.30207121009274507,1.74
2019-10-15,0.19481757028775237,1.69
2019-10-16,0.1683641819140337,1.7
2019-10-17,0.2732092227087714,1.72
2019-10-18,0.16514475197006445,1.56
2019-10-19,0.14455029127389704,1.54
2019-10-20,0.14855750997253356,1.53
2019-10-21,0.1351881088838674,1.52
2019-10-22,0.1273951560345472,1.51
2019-10-23,0.12661820610011684,1.52
2019-10-24,0.539213675594535,1.69
2019-10-25,0.18034707924896545,1.74
2019-10-26,0.2841575822079245,1.88
2019-10-27,0.15381518596876406,1.83
2019-10-28,0.135719183249276,1.79
2019-10-29,0.1300061636553219,1.81
2019-10-30,0.12633203890354802,1.81
2019-10-31,0.22243238098783397,1.75
2019-11-01,0.14494952176961953,1.59
2019-11-02,0.5112508503522156,1.73
2019-11-03,0.18322912526716614,1.74
2019-11-04,0.1416890850154248,1.92
2019-11-05,0.1350321572539833,1.81
2019-11-06,0.501694407530442,1.73
2019-11-07,0.18450152686919785,1.78
2019-11-08,0.19337845932697081,1.88
2019-11-09,0.14950875649957834,1.88
2019-11-10,0.5285609981317616,1.75
2019-11-11,0.24484436950204816,1.81
2019-11-12,0.277531390266794,2.23
2019-11-13,0.9793965989473408,2.26
2019-11-14,0.45129551604005025,3.12
2019-11-15,0.4611207987538295,4.58
2019-11-16,0.23355689479370895,2.98
2019-11-17,0.19796586211293432,2.15
2019-11-18,0.18055477967421737,1.18
2019-11-19,0.16972277040979136,1.13
2019-11-20,0.16046919001094545,1.01
2019-11-21,0.3527782461949188,1.32
2019-11-22,0.2876158268798022,1.53
2019-11-23,0.1785711398627312,1.69
2019-11-24,0.16014566014943027,1.7
2019-11-25,0.20405314929778745,1.68
2019-11-26,0.9952011490842112,1.78
2019-11-27,0.7146792786860955,5.41
2019-11-28,0.40554550886396906,7.92
2019-11-29,0.24859536924031073,5.81
2019-11-30,0.22424646254021827,3.09
2019-12-01,0.20234441212420834,1.93
2019-12-02,0.18862642324072587,1.25
2019-12-03,0.17760874316974284,1.28
2019-12-04,0.16997212372593054,1.17
2019-12-05,0.6598946025000668,1.5
2019-12-06,0.5959757340677755,2.39
2019-12-07,0.4740166690886068,5.77
2019-12-08,0.2741726169760438,4.87
2019-12-09,0.2340692045974537,4.04
2019-12-10,0.4304001982602323,2.12
2019-12-11,0.2503196623840566,1.52
2019-12-12,1.3548600236744746,2.29
2019-12-13,1.1007871038208241,10.8
2019-12-14,1.0422819963094294,13.9
2019-12-15,0.716532702187461,7.16
2019-12-16,1.0577939159747087,5.67
2019-12-17,0.725275701963087,6.73
2019-12-18,0.8754479351643096,7.33
2019-12-19,1.9442504235823361,6.67
2019-12-20,1.881252260222704,15.5
2019-12-21,1.5419724976201743,31.5
2019-12-22,0.862448086525677,24.3
2019-12-23,1.0018684898545391,13.9
2019-12-24,0.6816553749047809,6.81
2019-12-25,0.578638493582227,5.45
2019-12-26,0.8560293903042817,4.06
2019-12-27,0.5618646293829578,4.01
2019-12-28,0.4822057904503706,3.15
2019-12-29,0.43816499585406676,2.9
2019-12-30,0.403177351293414,2.55
2019-12-31,0.376989338445922,2.06
2020-01-01,0.3569984126519201,1.85
2020-01-02,0.9177643294211549,1.82
2020-01-03,0.5428894419079645,2.82
2020-01-04,0.43203363023937474,5.67
2020-01-05,0.3997016576058729,4.02
2020-01-06,0.38191045802403734,2.75
2020-01-07,0.3651146543126712,2.09
2020-01-08,0.5291118564135862,2.03
2020-01-09,1.2452692745485874,2.09
2020-01-10,0.5911594634151197,5.14
2020-01-11,0.5673662320073618,4.66
2020-01-12,0.4870070518652024,3.29
2020-01-13,0.8804719150346891,2.76
2020-01-14,1.55274884927884,4.06
2020-01-15,0.8912332494913346,10.4
2020-01-16,1.020042151723251,16.3
2020-01-17,0.7181055349342689,9.41
2020-01-18,0.6191147538722133,5.52
2020-01-19,0.5682411361424181,3.54
2020-01-20,0.5260674993461995,2.23
2020-01-21,0.5011699129082456,2.29
2020-01-22,0.47644819312917536,2.13
2020-01-23,0.46386196877238894,2.04
2020-01-24,0.43884073296020437,2.26
2020-01-25,0.42601166987288924,2.14
2020-01-26,0.4932434364154535,2.12
2020-01-27,1.4832087147173878,3.16
2020-01-28,0.7018097374139551,7.7
2020-01-29,0.5803064210119119,4.88
2020-01-30,0.5413166495333003,3.26
2020-01-31,0.5102971041689095,2.35
2020-02-01,0.9149418682416215,2.28
2020-02-02,0.6052856338095816,2.13
2020-02-03,0.5472620033480416,2.12
2020-02-04,0.5154042538340148,1.88
2020-02-05,0.4955121058195478,1.86
2020-02-06,0.4802324503778759,1.8
2020-02-07,0.548289126064356,1.82
2020-02-08,0.48479506278997564,1.67
2020-02-09,1.1076733034646578,1.85
2020-02-10,0.7636850214111292,2.49
2020-02-11,0.595328362641977,2.36
2020-02-12,1.2319743186665393,2.07
2020-02-13,0.7436929554186144,2.61
2020-02-14,0.7582706068146072,2.74
2020-02-15,1.2249169145545675,2.52
2020-02-16,1.7967111758911334,6.73
2020-02-17,1.0271379931413411,15.9
2020-02-18,0.8683033097294813,8.49
2020-02-19,0.9028365283010839,4.56
2020-02-20,1.2050630398705844,3.93
2020-02-21,0.8456285961320671,4.63
2020-02-22,1.349286918972117,3.82
2020-02-23,1.1550930294198414,5.02
2020-02-24,1.0389387792118483,6.56
2020-02-25,1.420213454883706,6.31
2020-02-26,1.348684694236349,7.51
2020-02-27,1.29867591249067,8.23
2020-02-28,2.2434825002076337,13.0
2020-02-29,1.4562212885118644,18.5
2020-03-01,1.4548017161959703,18.8
2020-03-02,1.1201120807459723,8.71
2020-03-03,1.000107228819951,5.01
2020-03-04,0.9866863621483885,3.69
2020-03-05,1.469184705741443,3.53
2020-03-06,0.9986033170783561,4.52
2020-03-07,0.9091139517263038,4.25
2020-03-08,0.8306855364031556,3.34
2020-03-09,1.359983067901127,2.9
2020-03-10,0.9130174348745124,3.27
2020-03-11,0.8376338906089545,3.16
2020-03-12,0.7776688299842095,2.4
2020-03-13,0.7616994986879156,2.22
2020-03-14,0.7262051188790327,2.02
2020-03-15,0.9205204750637141,2.04
2020-03-16,0.7384928548936345,1.95
2020-03-17,0.7030504878669487,1.72
2020-03-18,0.6900232929331752,1.58
2020-03-19,0.6757137619974791,1.58
2020-03-20,0.6664089285605774,1.5
2020-03-21,0.6594824702776974,1.44
2020-03-22,0.6539377839130618,1.39
2020-03-23,0.6496628189304231,1.3
2020-03-24,0.6462101777230459,1.27
2020-03-25,0.643425826630273,1.22
2020-03-26,0.641095505346203,1.19
2020-03-27,0.6390587664612183,1.16
2020-03-28,0.6380358998388064,1.1
2020-03-29,0.6388190351180845,1.09
2020-03-30,0.63528795274808,1.08
2020-03-31,0.6327478033555027,1.08
2020-04-01,0.6309968231664479,1.08
2020-04-02,0.629361940539459,1.06
2020-04-03,0.627665630531609,1.08
2020-04-04,0.6258840537850827,1.04
2020-04-05,0.6240843793855471,1.02
2020-04-06,0.6220128562858552,1.08
2020-04-07,0.6198904866706756,0.921
2020-04-08,0.6176588804304658,0.931
2020-04-09,0.6153086911659169,1.58
2020-04-10,0.6128393433494755,1.67
2020-04-11,0.6102561538199393,1.65
2020-04-12,0.9222848547553879,1.74
2020-04-13,0.6573363904235172,1.7
2020-04-14,0.6229162261446761,1.66
2020-04-15,0.6135175802511115,1.65
2020-04-16,0.6079363689088688,1.65
2020-04-17,0.6032827098209061,1.63
2020-04-18,0.5972644092988334,1.63
2020-04-19,0.5924143271497914,1.62
2020-04-20,0.5878896703665606,1.59
2020-04-21,0.5835192192527819,1.56
2020-04-22,0.5792493997616712,1.55
2020-04-23,0.5750479816335865,1.53
2020-04-24,0.5708899879370336,1.53
2020-04-25,0.5667564428205379,1.77
2020-04-26,0.5626329199725065,1.6
2020-04-27,0.5681516883017299,1.58
2020-04-28,1.0315021639053616,1.72
2020-04-29,0.7806039783578288,1.8
2020-04-30,0.8498220567847635,1.49
2020-05-01,0.617327767464665,1.44
2020-05-02,0.5812207942156102,1.28
2020-05-03,0.567328348790816,1.17
2020-05-04,0.5568531090536845,1.1
2020-05-05,0.5478579718165592,1.07
2020-05-06,0.5399176020442867,1.02
2020-05-07,0.532651034788507,0.984
2020-05-08,0.526038178501093,0.968
2020-05-09,0.5199149031157646,0.952
2020-05-10,0.5142056493259582,0.923
2020-05-11,0.5087433609701356,0.901
2020-05-12,0.5035455113889055,1.09
2020-05-13,0.4985395528766125,1.37
2020-05-14,0.49368290698676226,1.39
2020-05-15,0.48894349101615736,1.38
2020-05-16,0.48429743593243907,1.41
2020-05-17,0.47972489619092523,1.41
2020-05-18,0.47521170258271583,1.39
2020-05-19,0.4707429357224233,1.39
2020-05-20,0.46631246455513115,1.38
2020-05-21,0.46191277920438645,1.12
2020-05-22,0.45753780631184277,1.22
2020-05-23,0.4547393931601334,1.18
2020-05-24,0.44900751282065493,1.15
2020-05-25,0.44454832325654325,1.17
2020-05-26,0.44023022737960826,1.13
2020-05-27,0.4359400797654307,1.06
2020-05-28,0.43166533073550123,0.941
2020-05-29,0.4274049534659227,0.911
2020-05-30,0.4231588408651583,0.893
2020-05-31,0.418927324037418,0.861
2020-06-01,0.414710893790022,0.843
2020-06-02,0.41051027760098285,0.774
2020-06-03,0.40767215228170356,0.615
2020-06-04,0.4125372308757801,0.591
2020-06-05,0.4038724658658822,0.597
2020-06-06,0.46258453755380496,0.619
2020-06-07,0.40297485953673196,0.62
2020-06-08,0.391407581309521,0.611
2020-06-09,0.39351570868138375,0.619
2020-06-10,0.517308245181511,0.878
2020-06-11,0.4052588412705959,0.834
2020-06-12,0.3849626278696781,0.823
2020-06-13,0.3768689304391321,0.74
2020-06-14,0.3707373976879736,0.721
2020-06-15,0.36525329815545476,0.704
2020-06-16,0.3613866775510856,0.707
2020-06-17,1.2244066862734369,0.879
2020-06-18,0.9643896059082236,1.17
2020-06-19,0.4682832222166735,1.22
2020-06-20,0.3984652879714782,0.857
2020-06-21,0.3794889162992922,0.665
2020-06-22,0.36745411188134497,0.589
2020-06-23,0.35774975221905453,0.551
2020-06-24,0.3494112463603468,0.612
2020-06-25,0.35100100693779185,0.674
2020-06-26,0.3382928334924673,0.935
2020-06-27,0.3335609102246174,1.02
2020-06-28,0.33134298491581154,1.02
2020-06-29,0.3204667471990405,1.04
2020-06-30,0.3154905302325204,1.03
2020-07-01,0.32547143400310724,1.08
2020-07-02,0.3273781510870025,1.15
2020-07-03,0.30658126168415545,0.972
2020-07-04,0.3012874767046924,0.931
2020-07-05,0.29639491553094366,0.901
2020-07-06,0.2927620936616019,0.874
2020-07-07,0.6118405543294279,0.893
2020-07-08,0.753956371192959,0.914
2020-07-09,0.6471150348395958,0.92
2020-07-10,0.3693839360772714,0.989
2020-07-11,0.32912511930361193,0.932
2020-07-12,0.3143690691617602,0.81
2020-07-13,0.5192161191866003,0.775
2020-07-14,0.33387221926844945,0.774
2020-07-15,0.30763636173836295,0.801
2020-07-16,0.2952143684200011,0.776
2020-07-17,0.2867549778340257,0.751
2020-07-18,0.2835417388292499,0.829
2020-07-19,0.2743719660576594,0.861
2020-07-20,0.26862785351572827,0.852
2020-07-21,0.26390350642036386,0.837
2020-07-22,0.2596940418461378,0.835
2020-07-23,0.2640289259918585,0.815
2020-07-24,0.2542131408987657,0.802
2020-07-25,0.7184519977114434,0.834
2020-07-26,0.32426497711402824,0.785
2020-07-27,0.2799212253421984,0.847
2020-07-28,0.2616218118455411,0.745
2020-07-29,0.25413659248390846,0.71
2020-07-30,0.24850518517941106,0.679
2020-07-31,0.24366468905645222,0.664
2020-08-01,0.23940131560905634,0.648
2020-08-02,0.2357262907306267,0.637
2020-08-03,0.2320912629932065,0.632
2020-08-04,0.2288528924724983,0.628
2020-08-05,0.22587300726553522,0.607
2020-08-06,0.22308055854041464,0.621
2020-08-07,0.22043790689511297,0.554
2020-08-08,0.21791666992845657,0.478
2020-08-09,0.21549654522231304,0.43
2020-08-10,0.21474356002857956,0.398
2020-08-11,0.2114218854293613,0.391
2020-08-12,0.45250494490180554,0.384
2020-08-13,1.1287943690982578,0.451
2020-08-14,1.1946582530959224,1.32
2020-08-15,1.2017689378902638,1.3
2020-08-16,1.1135342534327233,1.26
2020-08-17,0.549808169622796,1.21
2020-08-18,0.3510309774930337,1.01
2020-08-19,0.5005661793010573,0.787
2020-08-20,0.31369528919976014,0.714
2020-08-21,0.27857151413459547,0.647
2020-08-22,0.2610720351125851,0.559
2020-08-23,0.2531756377076123,0.57
2020-08-24,0.9333323170797606,0.558
2020-08-25,0.34152951193631503,0.631
2020-08-26,0.2613553873357872,0.761
2020-08-27,1.0752987170959138,0.922
2020-08-28,1.15214094331848,1.1
2020-08-29,0.8682313555443263,2.63
2020-08-30,0.47420676365217335,2.29
2020-08-31,0.32592870092350695,1.94
2020-09-01,0.29142794453726906,1.26
2020-09-02,0.27299579116957495,0.933
2020-09-03,0.2609369030420914,0.625
2020-09-04,0.24515936584836018,0.71
2020-09-05,0.23486325603408414,0.678
2020-09-06,0.2273967014028289,0.656
2020-09-07,0.22143188050967613,0.635
2020-09-08,0.21662707198674327,0.62
2020-09-09,0.2125098892682086,0.603
2020-09-10,0.20915024863069073,0.61
2020-09-11,0.2063318663399897,0.732
2020-09-12,0.20393082808455767,0.737
2020-09-13,0.2018590816484072,0.72
2020-09-14,0.20004194708621062,0.701
2020-09-15,0.19842397422068525,0.687
2020-09-16,0.19695599570439867,0.695
2020-09-17,0.19560358332526448,0.695
2020-09-18,0.19434731527729954,0.712
2020-09-19,0.19313801448918352,0.7
2020-09-20,0.1920274816230324,0.71
2020-09-21,0.19086455327237453,0.718
2020-09-22,0.19440114276598816,0.689
2020-09-23,0.7425680200943281,0.752
2020-09-24,0.41720619998012937,0.775
2020-09-25,0.24348575662933147,0.828
2020-09-26,0.22651207792576075,0.767
2020-09-27,0.21128514478332136,0.743
2020-09-28,0.2085107754656828,0.742
2020-09-29,0.206427372361984,0.733
2020-09-30,0.5470709807778233,0.643
2020-10-01,0.2546748455935566,0.596
2020-10-02,0.8416201983437358,0.685
2020-10-03,0.9632745346754429,1.23
2020-10-04,0.6605765717611203,1.61
2020-10-05,0.5043320569991532,2.68
2020-10-06,0.4493322623178419,2.61
2020-10-07,0.5705126805243377,1.98
2020-10-08,0.30552175882592664,1.79
2020-10-09,0.26410760704152775,2.05
2020-10-10,0.557396059059961,1.68
2020-10-11,0.27606454010122794,1.68
2020-10-12,0.39277072253436895,1.96
2020-10-13,0.7724223082080345,1.66
2020-10-14,0.3922646617823699,1.75
2020-10-15,0.2827028829893903,2.83
2020-10-16,0.2523534025466801,2.23
2020-10-17,0.23467189778334285,1.67
2020-10-18,0.22317514902215735,1.33
2020-10-19,0.21563241497037747,1.09
2020-10-20,0.5452627249465646,0.964
2020-10-21,0.8389772358860405,1.45
2020-10-22,0.3130355991290604,3.89
2020-10-23,0.24694130349540544,2.83
2020-10-24,0.9475203870038889,1.92
2020-10-25,0.3369399194375975,1.77
2020-10-26,0.26031208403435124,3.51
2020-10-27,0.4207964848539343,2.16
2020-10-28,0.4679631341590581,1.91
2020-10-29,0.5797874373243701,2.44
2020-10-30,0.32046397050105857,4.23
2020-10-31,0.6585810365373138,3.47
2020-11-01,0.30648558167050227,5.75
2020-11-02,0.5694764984758378,4.13
2020-11-03,0.30900264032107533,2.54
2020-11-04,0.2597185026944484,3.08
2020-11-05,0.243099421921807,2.03
2020-11-06,0.23168822941797107,1.68
2020-11-07,0.2232549611845975,1.71
2020-11-08,0.23731029149539612,1.66
2020-11-09,0.35718493542023433,1.57
2020-11-10,0.23251985616641366,1.52
2020-11-11,0.36414130638979536,1.55
2020-11-12,0.23276658198846426,1.55
2020-11-13,0.24648467772215826,1.63
2020-11-14,1.0832681471148138,1.97
2020-11-15,0.7943664316808658,5.61
2020-11-16,0.5517183311551264,12.3
2020-11-17,0.32093752333834497,6.34
2020-11-18,0.2816547627599539,4.08
2020-11-19,0.2617124178256501,2.54
2020-11-20,0.2640714549728041,1.98
2020-11-21,0.24151820103469498,1.7
2020-11-22,0.23014925506141254,1.53
2020-11-23,0.22375312474589404,1.33
2020-11-24,0.21744431417514806,1.27
2020-11-25,0.2132190236096992,1.22
2020-11-26,0.20839613232875068,1.18
2020-11-27,0.20740710906686555,1.08
2020-11-28,0.2026736551568541,1.04
2020-11-29,0.20067343509640606,0.995
2020-11-30,0.331650952750018,0.986
2020-12-01,0.22378282419187806,0.978
2020-12-02,0.22386945486057114,1.04
2020-12-03,1.405740966627089,2.92
2020-12-04,1.6280079240635617,19.1
2020-12-05,1.4234167259105057,42.1
2020-12-06,1.2195796382184634,32.1
2020-12-07,0.5395799400057856,12.6
2020-12-08,1.2536635112196204,5.2
2020-12-09,0.5941801363748827,7.13
2020-12-10,1.459838700199337,9.93
2020-12-11,0.6991505665240889,11.6
2020-12-12,0.825173980247811,14.9
2020-12-13,1.4284084615959327,11.9
2020-12-14,0.9380149755164643,13.3
2020-12-15,0.6613612452529821,14.6
2020-12-16,0.6828795985094843,8.35
2020-12-17,0.5378152232688616,5.1
2020-12-18,0.5829690681756614,3.98
2020-12-19,0.6173177430059561,3.53
2020-12-20,1.2451824762837462,3.27
2020-12-21,1.6454723060706036,7.12
2020-12-22,1.4160083786354263,17.2
2020-12-23,2.516245875395741,18.9
2020-12-24,1.7364230785198578,31.5
2020-12-25,1.0685656915191712,34.2
2020-12-26,2.0741647806158436,18.0
2020-12-27,1.166210011110427,13.6
2020-12-28,0.9717325932232204,13.2
2020-12-29,0.8316184334931445,6.53
2020-12-30,0.7433008941357894,4.35
2020-12-31,0.6747873742596218,3.37
2021-01-01,0.6211431473087633,2.48
2021-01-02,0.5897495155516395,2.4
2021-01-03,0.6102322781312512,2.24
2021-01-04,0.6127621747772831,2.08
2021-01-05,1.085189057944456,2.43
2021-01-06,0.7027659301510062,3.01
2021-01-07,0.6227170246781703,3.05
2021-01-08,0.5846542120133489,2.56
2021-01-09,0.5588222280433165,1.74
2021-01-10,0.5353529235108785,1.8
2021-01-11,1.1604343236488865,1.87
2021-01-12,0.7147689492635886,2.51
2021-01-13,2.855117427355171,4.04
2021-01-14,2.6934500105677777,17.5
2021-01-15,2.273976481718309,34.8
2021-01-16,2.7353784608894314,26.0
2021-01-17,1.6615317784482033,22.9
2021-01-18,1.8313871657938108,16.8
2021-01-19,1.3758242845270874,9.9
2021-01-20,1.612901781787235,7.99
2021-01-21,1.2257223496847733,6.5
2021-01-22,1.2424041082336847,4.95
2021-01-23,1.187374880654756,3.87
2021-01-24,1.2888858734900726,3.35
2021-01-25,1.0383174150188335,3.09
2021-01-26,1.8397037965944245,2.91
2021-01-27,3.2387509977635394,9.62
2021-01-28,3.2936157297804156,18.3
2021-01-29,2.51505533547869,29.9
2021-01-30,2.228990879495092,26.0
2021-01-31,1.989076585095263,15.4
2021-02-01,2.678760592502398,8.45
2021-02-02,1.8551791237533577,10.7
2021-02-03,1.5853882006009237,11.5
2021-02-04,2.4761158039142486,6.57
2021-02-05,2.1404248467302978,10.2
2021-02-06,3.0591264403913914,12.2
2021-02-07,2.6403609590120163,19.7
2021-02-08,2.322191825431002,17.7
2021-02-09,2.1745562923505295,8.5
2021-02-10,1.7780770385011915,5.81
2021-02-11,1.603448285942797,4.21
2021-02-12,1.4749123761928853,3.41
2021-02-13,1.3786888622349163,2.5
2021-02-14,1.6099736497791812,2.57
2021-02-15,1.4331503480092243,3.25
2021-02-16,1.3658589448732712,5.09
2021-02-17,1.3093012946377158,4.13
2021-02-18,1.4465726462928215,4.02
2021-02-19,1.2793665387537507,4.16
2021-02-20,1.2278367997662787,3.57
2021-02-21,1.1959168510757185,2.97
2021-02-22,1.2116001516127521,2.54
2021-02-23,1.1603801579417696,1.81
2021-02-24,1.142950201670376,2.05
2021-02-25,1.1324850460800342,1.98
2021-02-26,1.1261241992671995,1.84
2021-02-27,1.1203525225976239,1.75
2021-02-28,1.1165673616512541,1.71
2021-03-01,1.1140080373360408,1.7
2021-03-02,1.1122431007350806,1.67
2021-03-03,1.7258767365508325,1.71
2021-03-04,1.2528646139964374,1.92
2021-03-05,1.184244712040292,2.07
2021-03-06,1.165269760745159,1.87
2021-03-07,1.1537923360313609,1.69
2021-03-08,1.1484965848381399,1.73
2021-03-09,1.2195595496024603,1.67
2021-03-10,1.3983885216482435,2.09
2021-03-11,1.235825927489637,2.19
2021-03-12,1.372038303825885,2.06
2021-03-13,1.2299021370652001,2.09
2021-03-14,1.9928891155084878,1.79
2021-03-15,1.4382855348588135,3.75
2021-03-16,1.3386575483628889,4.53
2021-03-17,1.2869517645591657,3.58
2021-03-18,1.5607934878282925,3.33
2021-03-19,1.3127114236345139,4.03
2021-03-20,1.2529832730928738,3.56
2021-03-21,1.218903562184562,2.79
2021-03-22,1.1929061362111024,2.29
2021-03-23,1.1707974677525959,2.02
2021-03-24,1.1526210774602346,1.61
2021-03-25,1.13819787310795,1.73
2021-03-26,1.2094589644317524,1.74
2021-03-27,1.1281775163344403,1.73
2021-03-28,1.1096991869636867,1.55
2021-03-29,1.0984086022609036,1.48
2021-03-30,1.0887555026028835,1.4
2021-03-31,1.0799554796353699,1.38
2021-04-01,1.0717559222956792,1.35
2021-04-02,1.0639958359066402,1.31
2021-04-03,1.0565551826530264,1.27
2021-04-04,1.0496371304619279,1.25
2021-04-05,1.0423104438789075,1.24
2021-04-06,1.0354112407678033,1.22
2021-04-07,1.0283892571207747,1.17
2021-04-08,1.021467787461019,1.18
2021-04-09,1.015946922624721,1.17
2021-04-10,1.0090617546423515,1.17
2021-04-11,1.0015649320633329,1.14
2021-04-12,0.993653317907846,1.1
2021-04-13,0.9864978054212902,1.06
2021-04-14,0.979275411504755,1.04
2021-04-15,0.9729065245140205,1.03
2021-04-16,0.9648843852638668,1.02
2021-04-17,0.9573757752410607,1.02
2021-04-18,0.9499872916432711,1.01
2021-04-19,0.9424351457242075,1.01
2021-04-20,0.934877491054617,1.13
2021-04-21,0.9272697316470065,1.56
2021-04-22,0.9196990779789508,1.54
2021-04-23,0.9119177546779514,1.51
2021-04-24,0.9041625407974234,1.51
2021-04-25,0.8963708761601302,1.52
2021-04-26,0.8885481104242552,1.53
2021-04-27,0.8806977912835957,1.56
2021-04-28,0.8728143687675688,1.57
2021-04-29,0.8649294779081986,1.52
2021-04-30,0.8570165893135729,1.04
2021-05-01,0.8507933577774849,0.875
2021-05-02,0.8421900376925756,0.841
2021-05-03,1.2504217439421637,1.12
2021-05-04,1.0074385800433057,1.03
2021-05-05,0.8657839150053535,1.05
2021-05-06,0.8386952188769216,0.708
2021-05-07,1.278257118448195,0.858
2021-05-08,0.9132415375128837,1.07
2021-05-09,0.9356333947766229,1.28
2021-05-10,0.83757444856717,1.08
2021-05-11,0.8195670865367994,1.03
2021-05-12,0.7969800814095266,0.96
2021-05-13,1.3482406863780982,1.0
2021-05-14,0.8571577939780369,1.09
2021-05-15,0.7975307404606028,1.2
2021-05-16,0.822712833510337,1.2
2021-05-17,0.9451438558480155,1.3
2021-05-18,0.9118517746651121,1.4
2021-05-19,0.7827283024379846,1.25
2021-05-20,0.7491401912108561,1.06
2021-05-21,1.23694689190723,1.07
2021-05-22,0.7969223689082271,1.25
2021-05-23,0.967359484108483,1.65
2021-05-24,0.863964924910397,1.52
2021-05-25,0.7412619741319115,1.5
2021-05-26,0.7133760811420143,1.28
2021-05-27,0.6964271637993353,1.11
2021-05-28,0.683072388518977,0.987
2021-05-29,0.6711548367716471,0.902
2021-05-30,0.6603870870003276,0.839
2021-05-31,0.6504923839168807,0.798
2021-06-01,0.6412960153611545,0.761
2021-06-02,0.6327089334785133,0.738
2021-06-03,0.6244922879842305,0.718
2021-06-04,1.4203740618760259,0.849
2021-06-05,0.7359968152446591,1.05
2021-06-06,0.6481657135917781,1.05
2021-06-07,0.6262325639172363,0.865
2021-06-08,0.6129237517583678,0.78
2021-06-09,0.6016853616685394,0.733
2021-06-10,0.5915793303191039,0.708
2021-06-11,0.5823238997601438,0.691
2021-06-12,0.5737472997234176,0.666
2021-06-13,0.5657187260386519,0.656
2021-06-14,0.5581345312636806,0.62
2021-06-15,0.5509125591444745,0.605
2021-06-16,0.8753581401487477,0.626
2021-06-17,1.0874075043000906,0.627
2021-06-18,1.41364903561058,0.91
2021-06-19,0.7725289624290879,1.57
2021-06-20,0.6096356475833811,1.35
2021-06-21,0.5791361594381862,1.09
2021-06-22,0.5551954725975086,0.897
2021-06-23,0.5402750050136003,0.799
2021-06-24,0.530653450598351,0.737
2021-06-25,0.5200202049527561,0.705
2021-06-26,0.5082359614174516,0.667
2021-06-27,0.6128057488643758,0.685
2021-06-28,0.5168140927039169,0.679
2021-06-29,0.5011657778420503,0.67
2021-06-30,0.4892925242987103,0.688
2021-07-01,0.478636446047247,0.656
2021-07-02,0.4808721502406868,0.65
2021-07-03,0.46620392067264,0.662
2021-07-04,0.4729161790775822,0.673
2021-07-05,0.952685959719502,0.715
2021-07-06,0.5306343313649236,0.794
2021-07-07,0.4702369948071533,0.765
2021-07-08,0.5626789214094989,0.793
2021-07-09,0.47204398698505995,0.755
2021-07-10,0.44878723372658424,0.694
2021-07-11,0.45126688328331394,0.654
2021-07-12,0.7274148991282922,0.646
2021-07-13,0.4602219870823334,0.666
2021-07-14,0.4285651430981175,0.919
2021-07-15,0.41883511402884854,0.708
2021-07-16,0.41126918124762313,0.636
2021-07-17,0.40447306623917517,0.603
2021-07-18,0.39823046000730705,0.572
2021-07-19,0.3924305098302663,0.554
2021-07-20,0.7255377718075647,0.553
2021-07-21,0.5382141326312266,0.551
2021-07-22,0.4074446835083865,0.775
2021-07-23,0.3883915104474889,0.7
2021-07-24,0.3805943856048698,0.62
2021-07-25,1.0658590374257308,0.629
2021-07-26,0.6336207730709433,1.17
2021-07-27,0.42290548824291657,2.66
2021-07-28,0.39234051394162295,1.4
2021-07-29,0.39566105017699404,0.922
2021-07-30,0.6657291913896629,0.79
2021-07-31,0.4134246346634209,0.694
2021-08-01,0.432351114950381,0.743
2021-08-02,0.3776755683070632,0.691
2021-08-03,0.36299880254373557,0.664
2021-08-04,0.3533478846205132,0.651
2021-08-05,0.5257101569657984,0.685
2021-08-06,0.38132757943568135,0.672
2021-08-07,0.44204758483954587,0.616
2021-08-08,0.3863158878845842,0.737
2021-08-09,0.35039163145366664,0.941
2021-08-10,0.33529543081867824,0.73
2021-08-11,0.32711022674474377,0.662
2021-08-12,0.3204428592791543,0.63
2021-08-13,0.3145075086266362,0.602
2021-08-14,0.3092231061839809,0.58
2021-08-15,0.3074448378580901,0.57
2021-08-16,0.3075201056610741,0.579
2021-08-17,0.2980243091914802,0.559
2021-08-18,0.2923519950125482,0.555
2021-08-19,0.28871063206131675,0.571
2021-08-20,0.2852212184746232,0.496
2021-08-21,0.4769582730124186,0.511
2021-08-22,0.30978399660654965,0.545
2021-08-23,0.2893497379376594,0.538
2021-08-24,0.2825930557294488,0.634
2021-08-25,0.27767488100164545,0.592
2021-08-26,0.2732046460531943,0.547
2021-08-27,0.26912736156930656,0.525
2021-08-28,0.2660181092696528,0.528
2021-08-29,0.2619081674014095,0.636
2021-08-30,0.25889690809817145,0.678
2021-08-31,0.25547676205479053,0.69
2021-09-01,0.252335597366967,0.691
2021-09-02,0.24932423594268685,0.653
2021-09-03,0.24646147312858085,0.58
2021-09-04,0.2436785371990197,0.541
2021-09-05,0.24095909417497288,0.527
2021-09-06,0.23829368133698633,0.508
2021-09-07,0.23567536473571446,0.485
2021-09-08,0.2377909565294021,0.464
2021-09-09,0.23099185961440222,0.464
2021-09-10,0.2633853501304663,0.528
2021-09-11,0.23170964255782292,0.651
2021-09-12,0.22647254714271217,0.658
2021-09-13,0.3079366219622648,0.652
2021-09-14,0.8890105105415326,0.721
2021-09-15,0.3279134793056545,0.856
2021-09-16,0.25470664797770176,1.01
2021-09-17,0.2399957101520666,0.825
2021-09-18,0.23199656424039994,0.758
2021-09-19,1.1395876458139167,1.27
2021-09-20,1.1075411070269472,2.84
2021-09-21,0.649282084167668,2.5
2021-09-22,0.31827327746617795,1.45
2021-09-23,0.26376140659556635,1.14
2021-09-24,0.24741438035277083,0.896
2021-09-25,0.23667020567810504,0.743
2021-09-26,0.2339619149038277,0.685
2021-09-27,0.2258715101351264,0.691
2021-09-28,0.9064985758373092,0.749
2021-09-29,0.31355282259401984,0.728
2021-09-30,0.3415702197483278,0.972
2021-10-01,0.2451534145435317,0.856
2021-10-02,1.0276241878917567,0.982
2021-10-03,0.4539752385829831,1.85
2021-10-04,1.1610892366281729,2.23
2021-10-05,0.9083530204466226,3.12
2021-10-06,0.36128188337422673,4.67
2021-10-07,0.2807159395926401,2.33
2021-10-08,0.2570683965270261,1.5
2021-10-09,0.24210824554027197,0.858
2021-10-10,0.23153504527072055,0.924
2021-10-11,0.22162716170990215,0.906
2021-10-12,0.21737044396041907,0.846
2021-10-13,0.20825068497751723,0.802
2021-10-14,0.20296527856066732,0.775
2021-10-15,0.1985868420518268,0.735
2021-10-16,0.19639306700286796,0.724
2021-10-17,0.19245263916901026,0.704
2021-10-18,0.21592854532893158,0.702
2021-10-19,0.903411319249079,0.728
2021-10-20,1.1670275785934103,1.5
2021-10-21,0.9266860571909546,7.55
2021-10-22,0.343023901471234,9.03
2021-10-23,0.2648280819912349,3.1
2021-10-24,0.23872895549286235,1.67
2021-10-25,0.22933904074284522,1.51
2021-10-26,0.21674102255828606,1.3
2021-10-27,0.2093923892511112,1.12
2021-10-28,0.20628419720504174,1.12
2021-10-29,0.2092491908083983,1.08
2021-10-30,0.3246585581182119,1.04
2021-10-31,0.5199499116990842,1.08
2021-11-01,0.25187412619132354,1.55
2021-11-02,0.21544562711672832,1.35
2021-11-03,0.3436101648716516,1.13
2021-11-04,0.2241146765369825,1.03
2021-11-05,0.20361132203090956,0.977
2021-11-06,0.19669534993528473,0.931
2021-11-07,0.19160126251572163,0.88
2021-11-08,0.18817169463915637,0.865
2021-11-09,0.18763362052920388,0.843
2021-11-10,0.18405433888402775,0.837
2021-11-11,0.18030858021725527,0.807
2021-11-12,0.1816060412931993,0.796
2021-11-13,0.1800049364242142,0.796
2021-11-14,0.17413793597950653,0.812
2021-11-15,0.17224826049853958,0.792
2021-11-16,0.17138031493161254,0.774
2021-11-17,0.16964582815049384,0.76
2021-11-18,0.16852322861043548,0.765
2021-11-19,0.16709829399744022,0.736
2021-11-20,0.16595399730751498,0.733
2021-11-21,0.16979889946639748,0.731
2021-11-22,0.1645732834738305,0.708
2021-11-23,0.16306225266095983,1.14
2021-11-24,0.16232637614268083,1.39
2021-11-25,0.1792298776758485,1.43
2021-11-26,0.6460336182328109,1.54
2021-11-27,0.954858497486278,1.98
2021-11-28,0.28863975503007017,8.54
2021-11-29,0.2088611503912507,5.32
2021-11-30,0.192484858559516,2.53
2021-12-01,0.39272340108929593,2.12
2021-12-02,0.2210369675010257,1.68
2021-12-03,0.2907106611322487,1.66
2021-12-04,0.996963792048371,1.6
2021-12-05,0.3664504604771129,6.75
2021-12-06,0.5805427893224889,11.3
2021-12-07,0.7529362569503184,8.5
2021-12-08,0.30697875018990994,11.8
2021-12-09,1.156616749652586,7.53
2021-12-10,0.6962549928522574,13.7
2021-12-11,0.5810503132784134,19.7
2021-12-12,0.3242372817157967,9.42
2021-12-13,0.27421243742387097,5.9
2021-12-14,0.24981381384110793,4.18
2021-12-15,0.23203401378041447,3.08
2021-12-16,0.2181703918549335,2.46
2021-12-17,0.2311024420656049,1.79
2021-12-18,0.2100800644314482,1.81
2021-12-19,0.21151940608400344,1.71
2021-12-20,0.1945987321543731,1.68
2021-12-21,0.18742266718435122,1.63
2021-12-22,0.21519399155879046,1.57
2021-12-23,0.18813308901211523,1.55
2021-12-24,1.0915350589115018,1.72
2021-12-25,0.9325035924101653,8.34
2021-12-26,0.5712507147470314,12.9
2021-12-27,0.6792207784872113,14.1
2021-12-28,0.47688038206835487,11.2
2021-12-29,0.39351096801650925,10.1
2021-12-30,0.4020644687940939,6.2
2021-12-31,0.3142459816700226,4.36
2022-01-01,0.2824715654592791,3.4
2022-01-02,0.5940376398189138,3.15
2022-01-03,0.3285088790631766,4.88
2022-01-04,0.2829554506132434,4.11
2022-01-05,0.2586379825285644,3.28
2022-01-06,0.3017319407853492,2.43
2022-01-07,0.30431812735289054,2.22
2022-01-08,0.7296362008992883,2.63
2022-01-09,0.3456826608246194,5.49
2022-01-10,0.31068399412963177,3.56
2022-01-11,0.4390908668297568,2.66
2022-01-12,0.2968059225708935,2.87
2022-01-13,0.26788949303925214,2.46
2022-01-14,0.25347207736379157,2.38
2022-01-15,0.24119552120197457,2.2
2022-01-16,0.2324930451201637,2.07
2022-01-17,0.2268081435498091,1.8
2022-01-18,0.221333982223463,1.62
2022-01-19,0.2163332126395067,1.59
2022-01-20,0.21288333104988724,1.66
2022-01-21,0.21031963069900342,2.41
2022-01-22,0.20853278325040364,2.45
2022-01-23,0.20646232123957844,2.45
2022-01-24,0.20506386636131732,2.45
2022-01-25,0.2039274552519385,2.42
2022-01-26,0.2029848492869283,2.4
2022-01-27,0.20226795091968913,2.37
2022-01-28,0.20148817413150363,2.4
2022-01-29,0.2008165860557111,2.36
2022-01-30,0.20091724833188243,2.35
2022-01-31,0.20907759265221718,2.33
2022-02-01,0.2018090400065724,2.32
2022-02-02,0.2001287191010222,2.3
2022-02-03,0.40483710432923,2.3
2022-02-04,0.4374152240531428,2.53
2022-02-05,0.351233271548888,2.99
2022-02-06,0.3166126735176922,3.02
2022-02-07,0.23057138601377739,3.09
2022-02-08,0.21675642840988843,2.97
2022-02-09,0.4192150763761216,2.88
2022-02-10,0.23940781002264164,2.98
2022-02-11,0.21596280202969237,2.91
2022-02-12,0.2096359171837079,2.64
2022-02-13,0.7762833529389415,3.16
2022-02-14,0.3009953984053106,4.94
2022-02-15,1.0317459685244914,7.01
2022-02-16,0.4812819754659231,12.3
2022-02-17,0.38119549211269604,7.2
2022-02-18,0.3271877396921706,4.67
2022-02-19,0.9047440087454031,3.91
2022-02-20,1.2542268853157994,7.4
2022-02-21,0.5497846102477576,16.8
2022-02-22,0.4316202135933925,10.2
2022-02-23,0.6770029366195165,4.66
2022-02-24,0.6298563836013771,5.15
2022-02-25,0.42462193115680547,5.19
2022-02-26,0.36895494223249864,3.55
2022-02-27,0.3367930133433518,2.52
2022-02-28,0.8731226089972838,2.43
2022-03-01,0.9669113810957426,3.14
2022-03-02,0.6422631202858535,8.48
2022-03-03,0.45456892117079084,9.82
2022-03-04,1.0393478819264939,6.13
2022-03-05,0.5776632642571706,8.91
2022-03-06,0.4471499801923113,11.5
2022-03-07,0.3981736194772775,6.58
2022-03-08,0.3662135545812099,4.29
2022-03-09,0.34167753318405136,3.1
2022-03-10,0.3224088079250233,2.6
2022-03-11,0.3328236182251964,2.41
2022-03-12,0.3017492128521679,2.22
2022-03-13,0.2917453983605059,1.96
2022-03-14,0.2816396145054382,1.75
2022-03-15,0.2752786356484728,1.66
2022-03-16,0.7764717554047906,1.72
2022-03-17,0.34021458297561596,3.29
2022-03-18,0.2895173124267986,2.72
2022-03-19,0.27892121220132204,1.91
2022-03-20,0.273614704876816,2.01
2022-03-21,0.26971401998126016,1.92
2022-03-22,0.2666798030821386,2.65
2022-03-23,0.26424907495158084,2.67
2022-03-24,0.26230237120342975,2.61
2022-03-25,0.2607875280610202,2.56
2022-03-26,0.25947349739942666,2.39
2022-03-27,0.2584047829988285,2.43
2022-03-28,0.2573664733181657,2.45
2022-03-29,0.2586994339938576,2.48
2022-03-30,0.25843929726190346,2.53
2022-03-31,0.2566779480320817,2.42
2022-04-01,0.2550447732695765,2.35
2022-04-02,0.25373644866394457,2.29
2022-04-03,0.46921499596517663,2.29
2022-04-04,0.3130833885725934,2.43
2022-04-05,0.27062080286153456,2.45
2022-04-06,0.5031925205104234,2.43
2022-04-07,0.3034512815548229,2.77
2022-04-08,0.2734327279440013,2.37
2022-04-09,0.26694242592297573,2.25
2022-04-10,0.2615362703296412,2.19
2022-04-11,0.25793112343292823,2.19
2022-04-12,0.254946493716405,2.18
2022-04-13,0.25235961928953954,1.89
2022-04-14,0.25005499282105237,2.03
2022-04-15,0.24798002261032923,2.05
2022-04-16,0.24607906364070603,2.06
2022-04-17,0.24430960919900463,2.06
2022-04-18,0.24263897101358284,2.06
2022-04-19,0.24104168996432496,2.05
2022-04-20,0.23949477642182754,2.04
2022-04-21,0.2379848854715836,2.04
2022-04-22,0.23649880265320866,2.02
2022-04-23,0.2350268048618238,2.01
2022-04-24,0.23356170397304143,2.0
2022-04-25,0.23224253751642926,1.94
2022-04-26,0.23064563433327437,1.57
2022-04-27,0.2291576064346557,1.58
2022-04-28,0.22767380739536264,1.49
2022-04-29,0.22618134865726877,1.42
2022-04-30,0.2246971824754696,1.42
2022-05-01,0.2231656307047066,1.51
2022-05-02,0.22163725177887622,1.52
2022-05-03,0.22238649504314784,1.47
2022-05-04,0.37366858781149664,1.61
2022-05-05,0.24677967130277048,1.59
2022-05-06,0.22925439536076522,1.59
2022-05-07,0.22279968548124485,1.66
2022-05-08,0.21929629994835378,1.62
2022-05-09,0.2169688181607903,1.61
2022-05-10,0.2148382051611147,1.63
2022-05-11,0.2217459426749612,1.67
2022-05-12,0.2101700385224172,1.74
2022-05-13,0.20713363961652517,1.68
2022-05-14,0.20507225278442218,1.64
2022-05-15,0.21254669359272402,1.65
2022-05-16,0.2022254322164946,1.59
2022-05-17,0.19958214842608404,1.55
2022-05-18,0.39415479127838765,1.6
2022-05-19,0.23370910997286956,1.39
2022-05-20,0.25038827186515433,1.47
2022-05-21,0.21615031236998766,1.6
2022-05-22,0.20758039652103316,1.57
2022-05-23,0.2098307409240627,1.61
2022-05-24,0.21904901920272618,1.65
2022-05-25,0.19760990363917047,1.26
2022-05-26,0.1923435148388481,0.993
2022-05-27,0.18933893662618959,0.931
2022-05-28,0.18681682424495458,0.89
2022-05-29,0.18997980787571284,0.901
2022-05-30,0.18825955134196942,0.89
2022-05-31,0.22328894294817342,0.942
2022-06-01,0.19022417332229982,1.02
2022-06-02,0.1834711772449034,1.0
2022-06-03,0.18014147442240117,0.954
2022-06-04,0.7303643870681782,0.996
2022-06-05,0.2658717614747794,1.1
2022-06-06,0.20674710352920622,1.19
2022-06-07,0.3388726835347765,1.26
2022-06-08,0.2172403173217052,1.2
2022-06-09,0.1967430186660681,0.983
2022-06-10,0.1885874596185803,0.842
2022-06-11,0.1828123093681282,0.716
2022-06-12,0.1780708990271448,0.674
2022-06-13,0.17405530464922375,0.655
2022-06-14,0.1706077425133115,0.625
2022-06-15,0.16761253554405053,0.614
2022-06-16,0.16497851068313227,0.613
2022-06-17,0.16263322893519247,0.705
2022-06-18,0.17080782548608056,0.748
2022-06-19,0.15974142031970937,0.754
2022-06-20,0.15692959900349673,0.777
2022-06-21,0.1551628564405783,0.755
2022-06-22,0.1535766072819968,0.743
2022-06-23,0.15211517338465746,0.738
2022-06-24,0.1515350477270202,0.738
2022-06-25,0.1494968647679621,0.724
2022-06-26,0.14793356566669383,0.697
2022-06-27,0.1575112789199369,0.711
2022-06-28,0.1464955747449276,0.714
2022-06-29,0.14963983992028915,0.716
2022-06-30,0.14878005848320797,0.62
2022-07-01,0.14244762816416098,0.564
2022-07-02,0.1465087099804902,0.569
2022-07-03,0.13977469311223276,0.572
2022-07-04,0.13799929112147527,0.568
2022-07-05,0.13675230348500553,0.56
2022-07-06,0.13581766894407082,0.546
2022-07-07,0.1344124800591565,0.553
2022-07-08,0.133230022183065,0.54
2022-07-09,0.13207112049709252,0.516
2022-07-10,0.13092054612143636,0.499
2022-07-11,0.12977731096073372,0.489
2022-07-12,0.12955934963446722,0.483
2022-07-13,0.12760103171812812,0.477
2022-07-14,0.12639724251894036,0.483
2022-07-15,0.12527286695829032,0.463
2022-07-16,0.12416308884114023,0.414
2022-07-17,0.12306128597158711,0.379
2022-07-18,0.1219668210576521,0.359
2022-07-19,0.12121172546032438,0.337
2022-07-20,0.11993720630701142,0.324
2022-07-21,0.11877035182372597,0.315
2022-07-22,0.11776081478240796,0.315
2022-07-23,0.11661859836376122,0.373
2022-07-24,0.11632710232173374,0.541
2022-07-25,0.11604876691242752,0.573
2022-07-26,0.11478981755053444,0.608
2022-07-27,0.1126756579639919,0.6
2022-07-28,0.11146646174651526,0.578
2022-07-29,0.11043794213411426,0.579
2022-07-30,0.11078512176498641,0.588
2022-07-31,0.1094042781317904,0.594
2022-08-01,0.10757091225723996,0.603
2022-08-02,0.1064996788294998,0.597
2022-08-03,0.10552340906398298,0.59
2022-08-04,0.10456505146524787,0.577
2022-08-05,0.1036161573507867,0.565
2022-08-06,0.1026764568194817,0.561
2022-08-07,0.10174555929090275,0.552
2022-08-08,0.10082344040359123,0.491
2022-08-09,0.09991011522589306,0.476
2022-08-10,0.09900559981883983,0.537
2022-08-11,0.09810990675992448,0.554
2022-08-12,0.09722372289514329,0.557
2022-08-13,0.0963450726935332,0.56
2022-08-14,0.09547583411199106,0.548
2022-08-15,0.142548203368689,0.567
2022-08-16,0.10612403795682353,0.576
2022-08-17,0.5684765947301946,0.838
2022-08-18,0.17865217002996667,0.59
2022-08-19,0.12722706421123775,0.562
2022-08-20,0.11576917505834787,0.614
2022-08-21,0.10985297504061682,0.59
2022-08-22,0.10597941642164052,0.552
2022-08-23,0.10192589595546567,0.539
2022-08-24,1.0424651937851963,0.533
2022-08-25,1.034388172369368,0.676
2022-08-26,0.5559456858861656,1.06
2022-08-27,0.3479677273483053,0.913
2022-08-28,0.17840091189312127,0.608
2022-08-29,0.15276000593375827,0.474
2022-08-30,0.13468551962106268,0.417
2022-08-31,0.12586631781688534,0.374
2022-09-01,0.11900700079651175,0.353
2022-09-02,0.11373457263189789,0.328
2022-09-03,0.10955014855376029,0.331
2022-09-04,0.1082907951916956,0.351
2022-09-05,0.3278355673920149,0.432
2022-09-06,0.14605761196558906,0.507
2022-09-07,0.12889596591830557,0.637
2022-09-08,0.26702256336953983,0.719
2022-09-09,0.14420413726598824,0.657
2022-09-10,0.12439706724041706,0.721
2022-09-11,0.11347073477688269,0.791
2022-09-12,0.1087678248936213,0.758
2022-09-13,0.10715371622693119,0.71
2022-09-14,0.10285200073819203,0.646
2022-09-15,0.10053375747866909,0.645
2022-09-16,0.09888436306983964,0.624
2022-09-17,0.09735703963570577,0.597
2022-09-18,0.09616803798967441,0.523
2022-09-19,0.09518494373114682,0.488
2022-09-20,0.09435654735040455,0.479
2022-09-21,0.09364792850425618,0.487
2022-09-22,0.0972731355679765,0.481
2022-09-23,0.0930992867300836,0.449
2022-09-24,0.09332968356593872,0.399
2022-09-25,0.16184275613592458,0.363
2022-09-26,0.10925816295736686,0.363
2022-09-27,0.09995694049026323,0.348
2022-09-28,0.09702557074278148,0.342
2022-09-29,0.0952323096733252,0.338
2022-09-30,0.7105335921590151,0.443
2022-10-01,0.18566981972513502,0.772
2022-10-02,0.12398103604891789,0.791
2022-10-03,0.1125847686480222,0.85
2022-10-04,0.1074176224435285,0.764
2022-10-05,0.10729599265803548,1.05
2022-10-06,0.10120405729021668,1.08
2022-10-07,0.10388367246070772,1.02
2022-10-08,0.09695258145178076,1.02
2022-10-09,0.28740661007361173,1.03
2022-10-10,0.12423412589426389,1.04
2022-10-11,0.10502247068949527,1.03
2022-10-12,0.22162759761033243,1.14
2022-10-13,0.12113203966732541,0.853
2022-10-14,0.10634903526950304,0.72
2022-10-15,0.10191594306547866,0.623
2022-10-16,0.37639682019383547,0.676
2022-10-17,0.13872406998274128,0.645
2022-10-18,0.11063075574342149,0.673
2022-10-19,0.6054818122578659,0.725
2022-10-20,0.6362630297999005,0.752
2022-10-21,0.2567336664803582,1.31
2022-10-22,0.35735752536454696,1.2
2022-10-23,0.9922075673841246,1.65
2022-10-24,0.6742358876522394,1.71
2022-10-25,0.2229510558117469,2.17
2022-10-26,0.18958115297985856,1.81
2022-10-27,0.15007263766764928,1.63
2022-10-28,0.16415668079289386,1.56
2022-10-29,0.13869932176568467,1.58
2022-10-30,0.1307558304650169,1.37
2022-10-31,0.3377830786493926,0.907
2022-11-01,0.3738967456361362,0.853
2022-11-02,1.0846559144060899,1.43
2022-11-03,1.051384034049077,2.75
2022-11-04,0.3413738488116042,4.52
2022-11-05,0.6486256734568736,2.38
2022-11-06,1.1935835092073195,2.98
2022-11-07,0.928883931584916,7.38
2022-11-08,0.48377323312214104,3.84
2022-11-09,0.2817277801024204,2.3
2022-11-10,0.2348338675358007,2.57
2022-11-11,0.2100610976783338,2.3
2022-11-12,0.19205780804731346,2.13
2022-11-13,0.17825942666861053,2.03
2022-11-14,0.1672123749329948,2.0
2022-11-15,0.4148276024911682,2.03
2022-11-16,1.0263666142780328,2.24
2022-11-17,1.2064354809092832,4.64
2022-11-18,0.3897571228951953,9.89
2022-11-19,0.44364873535072985,5.5
2022-11-20,0.36573991371342907,2.89
2022-11-21,1.0111592711164896,2.85
2022-11-22,0.4438222852286019,6.05
2022-11-23,0.5780790775157754,5.07
2022-11-24,0.4206457648701628,4.7
2022-11-25,0.31426635183026985,3.6
2022-11-26,0.6344653823610493,2.51
2022-11-27,0.5856259002050754,2.2
2022-11-28,0.3512680099161479,3.71
2022-11-29,0.2953887564028778,4.16
2022-11-30,0.2715112317084333,3.21
2022-12-01,0.24823824915487253,2.95
2022-12-02,0.2537140189935421,2.65
2022-12-03,0.22897818636022335,2.52
2022-12-04,0.21823336049409894,2.43
2022-12-05,0.22327163262632674,2.33
2022-12-06,0.2061679672579486,2.24
2022-12-07,0.19994729997893895,2.2
2022-12-08,0.197124553852461,2.16
2022-12-09,0.19356040105406017,2.13
2022-12-10,0.19159818421106084,2.08
2022-12-11,0.6940509111634854,2.07
2022-12-12,0.26760261715476724,2.1
2022-12-13,0.21879890615774256,1.97
2022-12-14,0.20946083095587584,2.02
2022-12-15,0.2044625690972244,2.0
2022-12-16,0.20146708723307516,1.96
2022-12-17,0.1986844068474891,2.11
2022-12-18,1.09697237724461,2.23
2022-12-19,0.4586318435244916,6.53
2022-12-20,0.3058227366808107,12.3
2022-12-21,0.27562122942606815,6.0
2022-12-22,0.7919464664062131,3.72
2022-12-23,1.2670332050988082,7.24
2022-12-24,0.5356926047270066,15.3
2022-12-25,0.4687860564755294,12.7
2022-12-26,0.38618671901419915,5.39
2022-12-27,0.6316648419442016,3.44
2022-12-28,0.5886626819575926,3.45
2022-12-29,0.40087551558005846,5.17
2022-12-30,0.9323193344948698,3.89
2022-12-31,1.1634764180068096,6.18
2023-01-01,0.959076837230473,12.5
2023-01-02,0.5687405259170694,10.1
2023-01-03,0.7424704793454313,6.34
2023-01-04,0.5017892141182919,5.54
2023-01-05,0.5612724733184732,4.58
2023-01-06,0.43932617922777234,3.54
2023-01-07,0.707430905108771,3.16
2023-01-08,1.3909030555318396,4.46
2023-01-09,0.6857928940975465,12.5
2023-01-10,1.329305093340875,12.3
2023-01-11,1.4542670820414472,14.4
2023-01-12,0.7931030499010391,13.6
2023-01-13,1.246827441979967,12.1
2023-01-14,0.9278634433044751,7.99
2023-01-15,1.0340956185220427,10.8
2023-01-16,0.7117080211422094,6.95
2023-01-17,0.6144299390472548,4.76
2023-01-18,0.5587949547893615,3.23
2023-01-19,0.5147755279780224,2.58
2023-01-20,0.47737951188877137,3.02
2023-01-21,0.4494583117872352,2.72
2023-01-22,0.42859591330808633,2.61
2023-01-23,0.41127506269057523,2.53
2023-01-24,0.3984319003025099,2.58
2023-01-25,0.604019226648441,2.67
2023-01-26,0.5126281177944894,2.75
2023-01-27,0.4357049560428154,3.08
2023-01-28,0.4165140728747334,2.89
2023-01-29,0.40518889220996807,3.01
2023-01-30,0.39683143908471535,3.0
2023-01-31,0.39048827144827153,3.09
2023-02-01,0.3856831347443767,2.74
2023-02-02,0.38219344473528755,2.49
2023-02-03,0.37937905399565797,2.53
2023-02-04,0.3773651728937671,2.51
2023-02-05,0.37588705962736857,2.42
2023-02-06,0.37479653284404557,2.39
2023-02-07,0.3745211295814076,2.39
2023-02-08,0.37386035317036664,2.42
2023-02-09,0.37302443569910304,2.41
2023-02-10,0.3725334356493579,2.4
2023-02-11,0.372085653866798,2.33
2023-02-12,0.37169629863974935,2.32
2023-02-13,0.371695768240282,2.31
2023-02-14,0.37119813461355694,2.3
2023-02-15,0.3713360148324504,2.31
2023-02-16,0.3700067253019732,2.33
2023-02-17,0.3691654674437393,2.31
2023-02-18,0.3685054304359034,2.28
2023-02-19,0.36762653866944217,2.05
2023-02-20,0.36673974338418186,2.15
2023-02-21,0.3684120802408987,2.38
2023-02-22,0.3695093970851561,2.23
2023-02-23,0.36465504500464946,2.21
2023-02-24,0.3647811351150882,2.14
2023-02-25,0.3624778189888531,2.22
2023-02-26,0.36048643655469614,2.18
2023-02-27,0.3585357107121685,2.16
2023-02-28,0.35716854628886635,2.15
2023-03-01,0.3554667095148652,2.18
2023-03-02,0.3536285083735963,2.18
2023-03-03,0.35215013021805824,2.38
2023-03-04,0.35031723606451703,2.56
2023-03-05,0.3489166147658317,2.57
2023-03-06,0.7977117024193279,2.68
2023-03-07,0.41066330687206226,3.2
2023-03-08,0.8572128422166901,2.85
2023-03-09,1.2544903638528988,2.92
2023-03-10,1.2896381315175962,15.2
2023-03-11,0.7497524375399116,24.4
2023-03-12,0.5991522724387408,18.5
2023-03-13,1.0383567357045966,8.3
2023-03-14,0.7962922346611992,7.29
2023-03-15,0.7607810585015952,9.29
2023-03-16,0.5715404121214861,6.76
2023-03-17,0.9103530670278706,5.66
2023-03-18,0.9282011480448844,7.17
2023-03-19,0.6252571888119902,7.21
2023-03-20,0.6043886727883341,5.39
2023-03-21,0.5403135600805001,4.01
2023-03-22,0.6250045680943249,3.47
2023-03-23,0.6683460095584456,3.2
2023-03-24,0.5272569705721406,3.08
2023-03-25,1.023383039006427,2.64
2023-03-26,0.6014939207277902,2.75
2023-03-27,0.5188827035184499,2.98
2023-03-28,0.746924886923037,2.37
2023-03-29,0.9236520517004726,2.59
2023-03-30,1.0032672573315717,3.62
2023-03-31,1.997925359466814,7.31
2023-04-01,0.9870182003737275,14.9
2023-04-02,0.7879007909593818,13.2
2023-04-03,0.6973433967113052,5.49
2023-04-04,0.6334698334022766,2.91
2023-04-05,1.1211668427033228,2.68
2023-04-06,0.7129185151386224,2.65
2023-04-07,0.6086969344324441,2.45
2023-04-08,0.5614639352915399,2.08
2023-04-09,0.7580251010848301,1.81
2023-04-10,0.8748801053268285,2.03
2023-04-11,1.0717291456031308,2.44
2023-04-12,0.9842052092489968,2.8
2023-04-13,0.7330648649530525,3.0
2023-04-14,1.935695456482413,2.53
2023-04-15,1.1103064182384528,7.1
2023-04-16,0.8191567591238966,8.19
2023-04-17,0.7277735759684351,4.59
2023-04-18,0.6685912490467568,3.03
2023-04-19,0.6229360141039233,2.24
2023-04-20,0.6529899111022491,1.94
2023-04-21,0.5793322981877671,1.82
2023-04-22,0.5502508395512514,1.71
2023-04-23,0.6201978157597616,1.63
2023-04-24,0.5331333741912316,1.57
2023-04-25,0.5109488442066286,2.25
2023-04-26,0.49871337572821234,2.26
2023-04-27,0.7687093214216217,2.31
2023-04-28,0.528610321061745,2.53
2023-04-29,0.49524925323412844,2.46
2023-04-30,0.4882517677457789,2.34
2023-05-01,0.48365421200270525,2.3
2023-05-02,0.47512422918203256,2.28
2023-05-03,0.47079791126088333,2.21
2023-05-04,0.46773000667447207,2.2
2023-05-05,0.999462099958911,2.36
2023-05-06,0.847252100732462,5.8
2023-05-07,0.5397549900699422,7.51
2023-05-08,1.025984111029702,5.44
2023-05-09,0.8393598487928574,5.81
2023-05-10,0.554149028747567,7.45
2023-05-11,0.5210042710954091,4.6
2023-05-12,0.5374630877199722,4.4
2023-05-13,0.5009823888094945,3.29
2023-05-14,0.48912227653421253,2.46
2023-05-15,0.4809771013946904,2.03
2023-05-16,0.4744031356097083,1.64
2023-05-17,0.46885219074549417,1.47
2023-05-18,0.4643818158169812,1.28
2023-05-19,0.460949017936715,1.18
2023-05-20,0.45630501094746345,0.942
2023-05-21,0.45289211333706625,0.951
2023-05-22,0.4498067536951845,1.01
2023-05-23,0.4469201741555788,0.983
2023-05-24,0.44417458465310117,0.929
2023-05-25,0.4415264545324656,0.9
2023-05-26,0.43894218832344123,0.891
2023-05-27,0.43639568718273974,0.873
2023-05-28,0.43386679391622357,0.846
2023-05-29,0.4313400787792366,0.821
2023-05-30,0.43011985797529273,0.81
2023-05-31,0.4263855932168562,0.804
2023-06-01,0.42368540432457075,0.795
2023-06-02,0.42106445496501155,0.801
2023-06-03,0.41842322592651154,0.786
2023-06-04,0.41574958731945005,0.746
2023-06-05,0.41304148262670165,0.73
2023-06-06,0.41029858990745793,0.928
2023-06-07,0.4075212555424349,1.58
2023-06-08,0.4047102620219849,1.58
2023-06-09,0.4018667140245615,1.57
2023-06-10,0.3989920337007702,1.58
2023-06-11,0.39608751412521304,1.6
2023-06-12,0.3931637719812129,1.59
2023-06-13,0.3901970746810549,1.58
2023-06-14,0.387213717874452,1.56
2023-06-15,0.38420687891790034,1.58
2023-06-16,0.3811798503992395,1.59
2023-06-17,0.3799311261750099,1.6
2023-06-18,0.3824009531210809,1.61
2023-06-19,0.49928765267909175,1.62
2023-06-20,0.3987771011382957,1.18
2023-06-21,0.38229853580369155,0.957
2023-06-22,0.37667601175310567,0.962
2023-06-23,0.36997804245188703,0.854
2023-06-24,0.36488343376912036,0.797
2023-06-25,0.3602941173244199,0.717
2023-06-26,0.3560194772545821,0.68
2023-06-27,0.351985970970714,0.682
2023-06-28,0.6356252922408145,0.701
2023-06-29,0.39664896741663136,0.782
2023-06-30,0.3679241620889904,0.785
2023-07-01,0.35506260127444295,0.769
2023-07-02,0.3479789865416644,0.753
2023-07-03,0.35003063538352375,0.763
2023-07-04,1.162733900652085,0.851
2023-07-05,0.4715856261568157,0.909
2023-07-06,0.38166790859230754,0.98
2023-07-07,0.36156946589121886,0.98
2023-07-08,0.3505503777122192,0.898
2023-07-09,0.34107617481691677,0.868
2023-07-10,0.3348415570469208,0.857
2023-07-11,0.3269715547421397,0.861
2023-07-12,0.32548951149046684,0.873
2023-07-13,0.31745883620145926,0.855
2023-07-14,0.7598463946377881,0.939
2023-07-15,0.37819633107557743,0.925
2023-07-16,0.3313805309996339,0.931
2023-07-17,0.3197520787041459,0.879
2023-07-18,0.3142136412072293,0.855
2023-07-19,0.3071347793227889,0.857
2023-07-20,0.30357055674642774,0.972
2023-07-21,0.29715232204656616,1.06
2023-07-22,0.8026007423248536,1.09
2023-07-23,0.46388490529584553,0.973
2023-07-24,0.34498549879409596,1.12
2023-07-25,0.3149483684428336,1.12
2023-07-26,1.1167609752835805,1.37
2023-07-27,0.42723684180511773,1.41
2023-07-28,0.33863260291654024,1.59
2023-07-29,0.31703206226629965,1.44
2023-07-30,0.42283656503183464,1.31
2023-07-31,0.3203732925022431,1.28
2023-08-01,0.5579249588334833,1.29
2023-08-02,0.5167347829208087,1.34
2023-08-03,0.33879865668164283,1.15
2023-08-04,0.3619530164228001,1.1
2023-08-05,1.0941241116672613,1.23
2023-08-06,0.44395551819793294,0.949
2023-08-07,0.3329544953155808,0.939
2023-08-08,0.6712442131605527,0.924
2023-08-09,0.3533899223582235,0.829
2023-08-10,0.3084485295346965,0.765
2023-08-11,0.29312554763405796,0.689
2023-08-12,0.2832027427212184,0.63
2023-08-13,0.28693893483979915,0.586
2023-08-14,0.2694647744538295,0.609
2023-08-15,0.2619661087163289,0.644
2023-08-16,0.25689689798510607,0.958
2023-08-17,0.2525303134267089,1.01
2023-08-18,0.487491270637464,1.1
2023-08-19,0.28744592306408207,1.08
2023-08-20,0.26107161748177043,1.07
2023-08-21,0.25314498990005907,1.06
2023-08-22,0.2479440618621183,1.03
2023-08-23,0.244679759811868,1.02
2023-08-24,0.24066462490049445,1.07
2023-08-25,0.23670975599303207,1.11
2023-08-26,0.23722926005126738,1.22
2023-08-27,0.23345719751003555,1.3
2023-08-28,0.22862463549993528,1.24
2023-08-29,0.2339149494567091,1.24
2023-08-30,0.2306528806159265,1.37
2023-08-31,0.5603613500905514,1.51
2023-09-01,0.2773344065555357,1.27
2023-09-02,0.23971238886164278,0.886
2023-09-03,0.23104819639899293,0.719
2023-09-04,0.22617379240139623,0.61
2023-09-05,0.22205492696823528,0.559
2023-09-06,0.21854192470082226,0.575
2023-09-07,0.21542243612457224,0.659
2023-09-08,0.21260601675299368,0.698
2023-09-09,0.21002936568148567,0.694
2023-09-10,0.2077412834750465,0.682
2023-09-11,0.2054220969574092,0.67
2023-09-12,0.2110881302925455,0.71
2023-09-13,0.20206978756505506,0.762
2023-09-14,0.1994541503370744,0.753
2023-09-15,0.19748744989875874,0.724
2023-09-16,0.19566668038757076,0.705
2023-09-17,0.386561357474142,0.716
2023-09-18,0.22052399956724275,0.747
2023-09-19,0.19967108303105313,0.8
2023-09-20,1.0486969196952851,1.16
2023-09-21,1.090581283832518,1.06
2023-09-22,0.4009928148643387,1.33
2023-09-23,0.2665748701580913,1.16
2023-09-24,0.23701934893015514,0.98
2023-09-25,0.22494726214859687,0.874
2023-09-26,0.21526961971915382,0.834
2023-09-27,0.20769391723860406,0.813
2023-09-28,0.7395062671370946,0.836
2023-09-29,0.27684298693689713,0.902
2023-09-30,0.22084512787841568,0.971
2023-10-01,0.20784738957773483,0.901
2023-10-02,0.6593441019898076,0.881
2023-10-03,0.262668267068544,0.95
2023-10-04,0.21491877093634018,1.15
2023-10-05,0.20332301325327498,1.26
2023-10-06,0.19713142928092156,1.26
2023-10-07,0.19111771042952577,1.2
2023-10-08,0.18655105597547447,1.18
2023-10-09,0.1827409064069484,1.17
2023-10-10,0.1795387174077049,1.17
2023-10-11,0.9891865609268564,1.28
2023-10-12,1.1104057036711148,2.14
2023-10-13,1.1245031899555877,5.17
2023-10-14,0.44551730097544384,4.67
2023-10-15,0.27434265993731893,2.67
2023-10-16,0.2401921795226945,1.6
2023-10-17,0.2213834874205875,1.13
2023-10-18,1.0212873145730363,1.46
2023-10-19,1.4011211092718858,3.75
2023-10-20,1.4143616514028454,15.7
2023-10-21,1.403482720937741,45.4
2023-10-22,1.251193719893161,40.7
2023-10-23,1.0921417218446838,30.0
2023-10-24,0.6614946078490106,11.3
2023-10-25,0.5428761933144681,4.65
2023-10-26,0.38233260441549344,3.52
2023-10-27,0.3296812515393654,3.31
2023-10-28,1.2798684495053574,3.55
2023-10-29,0.9976225223535443,12.1
2023-10-30,0.4817108279857997,14.8
2023-10-31,0.5510956766931142,6.43
2023-11-01,1.6938932331024865,5.29
2023-11-02,1.904264371254479,16.2
2023-11-03,1.541583589753585,45.3
2023-11-04,1.1792071595513314,43.9
2023-11-05,0.7290230383189277,27.6
2023-11-06,0.606223578825294,10.8
2023-11-07,0.6354177536181422,4.71
2023-11-08,0.6171972588191422,3.61
2023-11-09,0.48993729979130773,3.78
2023-11-10,0.43999452986542886,3.61
2023-11-11,0.4052179542429459,2.77
2023-11-12,1.2029345597849892,2.36
2023-11-13,0.5358989104843119,5.83
2023-11-14,0.6782659852954792,9.59
2023-11-15,0.47582960746152164,5.21
2023-11-16,0.4571317728959339,3.81
2023-11-17,1.3308601247715928,3.05
2023-11-18,0.6324402363651382,7.2
2023-11-19,0.5067248692226731,12.9
2023-11-20,0.7265012238058755,6.29
2023-11-21,0.5065348038718436,4.6
2023-11-22,0.45536206559769704,4.95
2023-11-23,0.42687261518824604,3.87
2023-11-24,0.40593613686297675,3.03
2023-11-25,0.39009515048670773,2.53
2023-11-26,1.0276618472615926,1.94
2023-11-27,0.7075927634508649,2.9
2023-11-28,0.4969943590380155,5.26
2023-11-29,0.4539696400254624,4.19
2023-11-30,0.4310013205811963,3.15
2023-12-01,0.41624577017553005,2.5
2023-12-02,0.4852062330953917,2.12
2023-12-03,1.2498168731014474,2.23
2023-12-04,0.6313816577131026,8.05
2023-12-05,0.514322199739318,10.1
2023-12-06,0.48775429970523476,5.34
2023-12-07,1.3508006305023987,4.72
2023-12-08,1.0840477820019205,12.5
2023-12-09,1.061216688288645,13.6
2023-12-10,1.1119972659190722,16.9
2023-12-11,1.620780082596926,13.5
2023-12-12,1.35768487850349,11.6
2023-12-13,1.0548050377784965,15.1
2023-12-14,0.8361575919157278,14.4
2023-12-15,0.7396542745937411,8.14
2023-12-16,0.6742237534076173,4.92
2023-12-17,0.6237150705860323,3.54
2023-12-18,1.2557289611714963,3.3
2023-12-19,1.581183924646779,7.91
2023-12-20,0.9112507016940181,16.4
2023-12-21,0.7994588282782853,12.2
2023-12-22,0.7069451445203461,6.02
2023-12-23,0.6801360934904029,4.33
2023-12-24,0.9490592243036738,3.65
2023-12-25,1.036777460316084,3.64
2023-12-26,1.0416976008534922,4.05
2023-12-27,0.9192342126560072,4.26
2023-12-28,0.9147914736131002,5.51
2023-12-29,0.9183153596950675,4.58
2023-12-30,1.5531011410651168,3.89
2023-12-31,1.0729555326455607,7.36
