date,simulation,observation
2000-01-01,46.076158971805015,0.442
2000-01-02,48.6557266300671,0.352
2000-01-03,48.698169513391015,1.26
2000-01-04,47.07985922419705,0.713
2000-01-05,46.173097405769084,0.484
2000-01-06,45.167745131525216,0.416
2000-01-07,44.38924631291021,0.388
2000-01-08,43.382517349971444,0.373
2000-01-09,42.50418194523024,0.267
2000-01-10,41.65213772521931,0.227
2000-01-11,40.81778260594452,0.218
2000-01-12,40.43854808376597,0.316
2000-01-13,39.241806121620364,0.657
2000-01-14,38.44721327366628,0.326
2000-01-15,37.6556174792937,0.252
2000-01-16,36.899445004197055,0.206
2000-01-17,36.1601857038971,0.191
2000-01-18,35.436776907779794,0.176
2000-01-19,34.72691474712701,0.168
2000-01-20,34.03173007538054,0.159
2000-01-21,33.47317394046937,0.159
2000-01-22,32.69694231843301,0.283
2000-01-23,32.03404145101806,0.181
2000-01-24,31.391179421419288,0.167
2000-01-25,30.7627264133333,0.153
2000-01-26,30.147145847582966,0.145
2000-01-27,29.54399503634191,0.135
2000-01-28,29.20653672016379,0.254
2000-01-29,28.39837583816662,0.223
2000-01-30,27.81231584721681,0.168
2000-01-31,27.254172849740076,0.15
2000-02-01,27.724407373982064,1.32
2000-02-02,26.4541093650945,0.803
2000-02-03,25.689024733520103,0.358
2000-02-04,25.1535837843024,0.268
2000-02-05,24.646453338201063,0.213
2000-02-06,24.30976325373017,0.33
2000-02-07,24.223150569117603,0.848
2000-02-08,23.39900138042102,0.744
2000-02-09,22.767822488180368,0.361
2000-02-10,22.536371807033305,0.69
2000-02-11,22.06609791459303,0.345
2000-02-12,21.426966355938088,0.521
2000-02-13,20.978812367267786,0.279
2000-02-14,20.661006436469545,0.31
2000-02-15,20.338697428927503,0.447
2000-02-16,19.75978916240665,0.325
2000-02-17,19.559770746427848,0.356
2000-02-18,18.982546726254505,0.326
2000-02-19,18.585227897151153,0.227
2000-02-20,18.21245320014346,0.184
2000-02-21,17.844706178637598,0.195
2000-02-22,17.486607957274895,0.165
2000-02-23,17.136151960094193,0.156
2000-02-24,17.82470467942071,2.31
2000-02-25,17.0375309645052,0.928
2000-02-26,16.193759287614593,0.414
2000-02-27,16.130626088035697,0.45
2000-02-28,15.63254682197867,0.587
2000-02-29,16.070665201669257,2.42
2000-03-01,14.982819644049473,0.64
2000-03-02,15.280509739400173,0.818
2000-03-03,14.381070009653378,1.14
2000-03-04,14.04186427345934,0.414
2000-03-05,13.752489102761844,0.295
2000-03-06,13.47330799490806,0.247
2000-03-07,13.200782119684328,0.204
2000-03-08,12.934520463147754,0.179
2000-03-09,12.67424661500555,0.162
2000-03-10,12.419562395751777,0.148
2000-03-11,12.170382555516518,0.135
2000-03-12,11.926494664928446,0.127
2000-03-13,11.687724207863349,0.121
2000-03-14,11.453929577897771,0.114
2000-03-15,11.224926043774783,0.107
2000-03-16,11.000631876386937,0.105
2000-03-17,10.780913868326762,0.104
2000-03-18,10.56565906607911,0.101
2000-03-19,10.354761734724784,0.099
2000-03-20,10.14812126595639,0.099
2000-03-21,9.945643805388261,0.099
2000-03-22,9.747234715756585,0.097
2000-03-23,9.609735596073538,0.139
2000-03-24,9.371100196882297,0.107
2000-03-25,9.2700670202149,0.161
2000-03-26,9.014175049250987,0.109
2000-03-27,8.827969698134424,0.124
2000-03-28,8.648925380438683,0.115
2000-03-29,8.472106218119704,0.111
2000-03-30,8.301432148177415,0.103
2000-03-31,8.135163610103984,0.103
2000-04-01,8.024926434652214,0.138
2000-04-02,8.964843459350572,0.921
2000-04-03,8.966033031529072,1.76
2000-04-04,8.457709471146318,1.54
2000-04-05,7.550594202073972,0.476
2000-04-06,7.323345360380842,0.268
2000-04-07,7.155292318501733,0.19
2000-04-08,7.206888770749294,0.341
2000-04-09,6.884067587764855,0.227
2000-04-10,6.723342605414882,0.156
2000-04-11,7.4121278531827635,0.897
2000-04-12,7.136524244368993,1.12
2000-04-13,6.446323481488254,1.3
2000-04-14,7.388423160144971,1.46
2000-04-15,6.544552221423529,3.12
2000-04-16,6.275806604741248,0.812
2000-04-17,6.319137897709267,1.32
2000-04-18,6.4039681148606675,1.76
2000-04-19,5.816242648348669,0.855
2000-04-20,5.762412978444803,0.992
2000-04-21,5.52733248150459,0.566
2000-04-22,5.368453654685904,0.42
2000-04-23,5.248807137806047,0.294
2000-04-24,5.3703766359493565,0.38
2000-04-25,5.495728577150695,0.598
2000-04-26,4.987298010518258,0.765
2000-04-27,4.8389046428204,0.342
2000-04-28,5.333624715181827,0.772
2000-04-29,4.705779520048387,0.475
2000-04-30,4.566011539629709,0.27
2000-05-01,4.4615509691903155,0.199
2000-05-02,4.367373093246795,0.165
2000-05-03,4.276100864811117,0.149
2000-05-04,4.187704968073291,0.138
2000-05-05,4.102502860265972,0.125
2000-05-06,4.020230621880767,0.114
2000-05-07,3.94519532479283,0.107
2000-05-08,3.868202578542239,0.118
2000-05-09,3.7859304079382334,0.104
2000-05-10,3.7201461224552785,0.151
2000-05-11,3.784614418039159,0.358
2000-05-12,3.5971677603694703,0.119
2000-05-13,3.575199072961828,0.281
2000-05-14,3.70553123865305,0.46
2000-05-15,3.431935362851032,0.213
2000-05-16,3.3436461722031723,0.133
2000-05-17,3.2862419433567043,0.195
2000-05-18,3.389590782437376,0.257
2000-05-19,3.277693261512409,0.345
2000-05-20,3.8838800052527978,0.666
2000-05-21,3.15486151073645,0.439
2000-05-22,3.020862861816377,0.177
2000-05-23,2.9800691540481177,0.267
2000-05-24,3.505150223965758,0.768
2000-05-25,2.906586535721982,0.37
2000-05-26,3.973501998357396,3.27
2000-05-27,4.117302894141049,3.08
2000-05-28,3.92471493352141,2.78
2000-05-29,2.900903987219222,0.513
2000-05-30,2.6864548427580055,0.281
2000-05-31,2.6220920655019024,0.222
2000-06-01,2.5341985659728503,0.208
2000-06-02,2.4690385795453245,0.147
2000-06-03,2.4103005674108706,0.127
2000-06-04,2.355639956225204,0.113
2000-06-05,2.3037600834229366,0.109
2000-06-06,2.2690127519517587,0.156
2000-06-07,2.2090284183664077,0.103
2000-06-08,2.164339003193034,0.095
2000-06-09,2.419530772446478,0.5
2000-06-10,2.1297847174812636,0.118
2000-06-11,2.065161738622397,0.098
2000-06-12,2.0198479040689055,0.094
2000-06-13,1.9778907786633644,0.091
2000-06-14,1.9377811740969149,0.091
2000-06-15,1.8992402847325633,0.087
2000-06-16,1.8620123260571675,0.088
2000-06-17,1.82599268096075,0.087
2000-06-18,1.7910407305535776,0.087
2000-06-19,1.757076580336204,0.082
2000-06-20,1.7407079060522095,0.153
2000-06-21,1.6931315616865255,0.088
2000-06-22,1.6689094402654616,0.095
2000-06-23,1.630302379199926,0.086
2000-06-24,1.5994412416192103,0.085
2000-06-25,1.5696744259130824,0.087
2000-06-26,1.5410684946283641,0.089
2000-06-27,1.5123121637290085,0.088
2000-06-28,1.4844893215852129,0.083
2000-06-29,1.946101802652385,0.389
2000-06-30,1.5076006424938189,0.142
2000-07-01,1.454635643909674,0.123
2000-07-02,1.6858720781074596,0.333
2000-07-03,1.4284593743889136,0.128
2000-07-04,2.2211182632164372,0.348
2000-07-05,1.4678806826319546,0.357
2000-07-06,1.366220840229241,0.121
2000-07-07,1.3226678542151855,0.096
2000-07-08,1.300461168015809,0.102
2000-07-09,2.3984273094852755,0.908
2000-07-10,2.1478119814768832,1.12
2000-07-11,1.3759893049849488,0.246
2000-07-12,1.4112785334656592,0.213
2000-07-13,1.269711481641714,0.268
2000-07-14,1.2106398305701285,0.124
2000-07-15,1.1725705911346704,0.101
2000-07-16,1.1395875564503413,0.092
2000-07-17,1.1099515088889023,0.088
2000-07-18,1.082916244569818,0.084
2000-07-19,1.0580049598261934,0.077
2000-07-20,1.0348451127970997,0.074
2000-07-21,1.0131388973553934,0.074
2000-07-22,0.9936151342863716,0.074
2000-07-23,0.9741733259952751,0.077
2000-07-24,0.9551555731437825,0.075
2000-07-25,0.9367656614744981,0.073
2000-07-26,0.9195121067773246,0.071
2000-07-27,0.9028593203066115,0.07
2000-07-28,0.892807897042301,0.073
2000-07-29,0.8717815873030841,0.07
2000-07-30,0.8557535230274316,0.069
2000-07-31,0.8407572709931386,0.069
2000-08-01,0.8261571142284437,0.074
2000-08-02,1.4574984997478637,0.711
2000-08-03,0.9907040839188873,0.288
2000-08-04,0.8546864297252602,0.095
2000-08-05,0.8214320385013291,0.082
2000-08-06,0.7983868175723218,0.078
2000-08-07,0.7787476553415958,0.079
2000-08-08,1.3832807401758682,0.62
2000-08-09,0.8339048452015755,0.099
2000-08-10,0.7692114064799398,0.081
2000-08-11,0.7439642696050126,0.075
2000-08-12,0.7238398255858118,0.068
2000-08-13,0.7128027600430848,0.07
2000-08-14,0.6899455138798054,0.066
2000-08-15,0.6777231607726758,0.068
2000-08-16,0.6612252666996586,0.075
2000-08-17,0.6565292803108529,0.081
2000-08-18,0.7661126760892107,0.132
2000-08-19,0.6542789279079504,0.083
2000-08-20,0.6313432880545312,0.067
2000-08-21,0.6160944454636642,0.064
2000-08-22,0.6025952048345949,0.065
2000-08-23,0.5900937803770465,0.064
2000-08-24,0.5783653845830284,0.065
2000-08-25,0.5766365810196872,0.081
2000-08-26,0.5733720400841172,0.113
2000-08-27,0.6743324909903473,0.136
2000-08-28,0.5891859721011963,0.144
2000-08-29,0.548855296153375,0.077
2000-08-30,0.5342355712709802,0.071
2000-08-31,0.5435515466933848,0.155
2000-09-01,0.5299980513696907,0.125
2000-09-02,0.5083822166783617,0.087
2000-09-03,0.4924437006065593,0.077
2000-09-04,0.4828541917658124,0.073
2000-09-05,0.47894032914817236,0.073
2000-09-06,0.46749680726411824,0.075
2000-09-07,0.4581376319609617,0.073
2000-09-08,0.8426450650253418,0.291
2000-09-09,0.5045247346160752,0.104
2000-09-10,0.46586676018484713,0.082
2000-09-11,0.45139627996663095,0.075
2000-09-12,0.4399233916056487,0.071
2000-09-13,0.4296242359339634,0.07
2000-09-14,0.5231917204814593,0.073
2000-09-15,1.7913476832643005,3.81
2000-09-16,1.6399952470848755,0.244
2000-09-17,0.9271074363848392,0.125
2000-09-18,1.6749755322699682,0.687
2000-09-19,1.7534535161665752,1.31
2000-09-20,0.6748912076872232,0.35
2000-09-21,0.555667484153262,0.18
2000-09-22,0.5051355140224877,0.127
2000-09-23,0.47424912373857053,0.104
2000-09-24,1.1442372176506446,0.586
2000-09-25,1.0958403802778072,0.509
2000-09-26,0.5351046230059668,0.224
2000-09-27,1.1105027348435073,0.545
2000-09-28,0.6997401001957397,0.388
2000-09-29,0.4872422477859801,0.207
2000-09-30,0.4504747834713441,0.131
2000-10-01,1.0521471707252266,0.489
2000-10-02,0.49086928445985123,0.217
2000-10-03,0.42820127945049946,0.139
2000-10-04,0.40737316737286167,0.114
2000-10-05,0.3957084479932671,0.144
2000-10-06,0.7562812745089299,0.146
2000-10-07,1.5368500577897588,1.32
2000-10-08,0.5256224445032542,0.409
2000-10-09,1.6843694461403753,3.28
2000-10-10,1.68943258234414,1.68
2000-10-11,1.6440824300469914,0.939
2000-10-12,0.6061394062485366,0.495
2000-10-13,0.48747604407447875,0.282
2000-10-14,0.448258760402574,0.188
2000-10-15,0.4788766956496203,0.157
2000-10-16,0.602252468005452,0.42
2000-10-17,0.8824547719672763,0.368
2000-10-18,0.4670275169911445,0.451
2000-10-19,0.40459018662697627,0.239
2000-10-20,1.6897937031763262,4.3
2000-10-21,1.5673482416049151,1.24
2000-10-22,0.6848170922831571,0.498
2000-10-23,0.4696297140425556,0.448
2000-10-24,0.42430831128359614,0.311
2000-10-25,0.3986024635163004,0.221
2000-10-26,0.7118213305871328,0.29
2000-10-27,1.3753017276804267,0.762
2000-10-28,1.3227399598359089,3.14
2000-10-29,2.3207286657311257,12.9
2000-10-30,1.94599309137016,5.5
2000-10-31,1.7951220993868289,0.838
2000-11-01,1.8726881648659983,0.508
2000-11-02,2.1434584066844717,3.9
2000-11-03,1.7939868856960257,0.704
2000-11-04,0.7774816369080273,0.445
2000-11-05,2.399921292052149,4.24
2000-11-06,2.209989526321076,4.54
2000-11-07,2.0421734328861456,1.57
2000-11-08,0.9283569122747949,0.876
2000-11-09,0.7641328787134041,0.831
2000-11-10,0.7778247567413829,1.01
2000-11-11,2.0397049789987864,2.64
2000-11-12,0.973010302357506,1.01
2000-11-13,0.7230815425824934,0.487
2000-11-14,0.6469264892890366,0.34
2000-11-15,1.4622761508819855,0.535
2000-11-16,0.7235937899310247,1.16
2000-11-17,0.6215558983707652,0.491
2000-11-18,1.0631607649419639,0.636
2000-11-19,1.076816644670624,1.68
2000-11-20,0.6603785202714272,0.656
2000-11-21,1.2639749508034317,1.19
2000-11-22,0.6940194963841935,0.7
2000-11-23,1.3741121414546864,1.24
2000-11-24,0.9317222821096954,0.824
2000-11-25,1.3936968033003796,2.04
2000-11-26,0.7456211409527488,0.682
2000-11-27,1.9846093257613115,2.49
2000-11-28,1.0584020826361502,1.15
2000-11-29,0.9160592029640329,0.72
2000-11-30,1.826635629079195,0.863
2000-12-01,0.9859678265646424,1.57
2000-12-02,0.7666745718292788,0.649
2000-12-03,1.4535830988129723,0.534
2000-12-04,0.975557188842,1.27
2000-12-05,0.9048195553517558,0.677
2000-12-06,0.7336362185041951,0.516
2000-12-07,2.1088172426768073,3.35
2000-12-08,1.925078713590541,1.54
2000-12-09,1.2825425839962403,0.927
2000-12-10,1.7769616884588886,2.98
2000-12-11,1.4348260494828136,1.21
2000-12-12,2.2347971010547107,2.85
2000-12-13,1.1236436224009705,1.05
2000-12-14,0.9669561951895851,0.601
2000-12-15,0.8406644799438633,0.441
2000-12-16,0.783038492759796,0.347
2000-12-17,0.7481774780008583,0.306
2000-12-18,1.401371790538279,0.936
2000-12-19,0.8066876807523855,0.641
2000-12-20,0.7259636828114272,0.432
2000-12-21,0.6949882853760203,0.335
2000-12-22,0.6711586711571036,0.285
2000-12-23,1.0424397737739497,0.295
2000-12-24,1.7474902775436556,1.82
2000-12-25,0.8479827776629677,0.768
2000-12-26,0.7460870644248425,0.436
2000-12-27,0.8972532585686019,0.317
2000-12-28,0.727032196409978,0.292
2000-12-29,0.6902679309025925,0.223
2000-12-30,0.6705935627301284,0.194
2000-12-31,1.5519438560823697,0.802
2001-01-01,1.0618058741335303,1.19
2001-01-02,1.166996393406224,1.08
2001-01-03,2.1062813380319034,1.02
2001-01-04,2.2458854226619773,4.7
2001-01-05,1.0580359600474938,1.28
2001-01-06,0.9093070083288447,0.626
2001-01-07,0.8425208348452088,0.438
2001-01-08,0.7973197717071789,0.348
2001-01-09,0.7611550725710436,0.296
2001-01-10,0.7328148972669797,0.268
2001-01-11,0.710110861106741,0.224
2001-01-12,0.6919104181914827,0.197
2001-01-13,0.6772381619133981,0.179
2001-01-14,0.6653990956986784,0.172
2001-01-15,0.6555984915247464,0.168
2001-01-16,0.6475659038742946,0.158
2001-01-17,0.6408583716434645,0.155
2001-01-18,0.635132350117804,0.15
2001-01-19,0.6318587333229849,0.147
2001-01-20,0.8028074408145232,0.152
2001-01-21,1.2455785944307514,0.713
2001-01-22,1.2656624429170873,0.903
2001-01-23,2.106358477809861,5.6
2001-01-24,1.5814610290451698,1.69
2001-01-25,1.0251170561847835,0.916
2001-01-26,2.419576295829715,6.83
2001-01-27,2.001496134951243,1.39
2001-01-28,1.0428973383916895,0.626
2001-01-29,0.9381479795458768,0.445
2001-01-30,1.2524493779045645,0.638
2001-01-31,0.896945087558617,0.595
2001-02-01,1.3989672573152983,0.652
2001-02-02,1.4797959927274824,1.27
2001-02-03,1.9174460316359565,1.83
2001-02-04,2.426228862297956,6.53
2001-02-05,2.1546844501026325,2.15
2001-02-06,1.5301659064469018,1.65
2001-02-07,2.5792029051540477,2.68
2001-02-08,2.318009520127915,5.23
2001-02-09,1.2269161097831052,0.862
2001-02-10,1.2105611810312387,0.742
2001-02-11,1.0275500155576784,0.596
2001-02-12,2.4555789959918966,6.41
2001-02-13,1.7617931909364635,1.03
2001-02-14,1.0847062505050111,0.589
2001-02-15,0.969918356541319,0.443
2001-02-16,0.9106726615214958,0.355
2001-02-17,0.8659989447542568,0.288
2001-02-18,0.8308243820257323,0.246
2001-02-19,0.8024268582329882,0.224
2001-02-20,0.7799368273701126,0.201
2001-02-21,0.7619042443391808,0.191
2001-02-22,0.7484490604309194,0.184
2001-02-23,0.7416764247334272,0.177
2001-02-24,0.7362379617469996,0.166
2001-02-25,0.7195940301932213,0.168
2001-02-26,0.9743819561105417,0.285
2001-02-27,0.7613507359549976,0.189
2001-02-28,1.4103962693454193,0.59
2001-03-01,0.828601674610006,0.403
2001-03-02,0.7708129196127262,0.277
2001-03-03,0.7461376944002965,0.218
2001-03-04,0.7321792963074908,0.183
2001-03-05,0.7210580493106429,0.16
2001-03-06,1.515571161247502,0.858
2001-03-07,0.8350875879305192,0.655
2001-03-08,1.5586789778557442,1.49
2001-03-09,0.9959793125931273,0.784
2001-03-10,0.8358656335436863,0.75
2001-03-11,1.6271749998973097,1.95
2001-03-12,1.2376943342708773,1.13
2001-03-13,0.8859763365675669,0.634
2001-03-14,0.82952203679619,0.437
2001-03-15,0.8074547557010473,0.404
2001-03-16,2.1067838340402036,2.5
2001-03-17,2.2417042121318107,2.7
2001-03-18,1.1823664309384263,1.33
2001-03-19,0.9363946764829963,0.602
2001-03-20,2.1614444821076386,1.18
2001-03-21,1.111400571918606,1.75
2001-03-22,1.6597562561264927,0.881
2001-03-23,2.05619260336381,3.36
2001-03-24,1.1067349863227676,0.948
2001-03-25,0.9648465497168949,0.566
2001-03-26,0.9029187112306349,0.418
2001-03-27,2.1643346534792443,1.92
2001-03-28,1.9214978259856512,2.38
2001-03-29,1.079100937642265,0.875
2001-03-30,0.9510445829596323,0.508
2001-03-31,0.8890670281359863,0.379
2001-04-01,0.8482668247122723,0.314
2001-04-02,0.9725945462956506,0.376
2001-04-03,1.372307415272457,0.542
2001-04-04,1.0640581498240038,0.934
2001-04-05,1.5278757149521176,1.52
2001-04-06,1.0190335004934228,0.827
2001-04-07,0.8995476300108506,0.57
2001-04-08,2.1129915697979813,2.3
2001-04-09,1.034617040656366,0.917
2001-04-10,0.8977395446643336,0.488
2001-04-11,0.8484831836204743,0.338
2001-04-12,0.8149060297581422,0.273
2001-04-13,0.7880919786572884,0.206
2001-04-14,1.2805593414862457,0.426
2001-04-15,0.8465776559408259,0.387
2001-04-16,0.777752566593036,0.26
2001-04-17,0.7621349355692495,0.205
2001-04-18,0.740265426869259,0.18
2001-04-19,0.7383758687064915,0.243
2001-04-20,0.7219662076731719,0.209
2001-04-21,0.7042794991306276,0.166
2001-04-22,1.2628828560967118,0.376
2001-04-23,0.7822475223899459,0.408
2001-04-24,0.9612733256413329,0.95
2001-04-25,0.838649198081174,0.957
2001-04-26,0.7621327890432681,0.768
2001-04-27,1.1119023722960806,0.683
2001-04-28,1.5571716097218342,0.915
2001-04-29,0.872224037110685,1.27
2001-04-30,0.7770620402612697,0.448
2001-05-01,0.7607090718676879,0.337
2001-05-02,1.2375606985557555,1.19
2001-05-03,0.7920725666640803,0.453
2001-05-04,0.7354197021861967,0.314
2001-05-05,0.7127396247144151,0.226
2001-05-06,0.6956929068763467,0.179
2001-05-07,0.6814863117239768,0.165
2001-05-08,0.6694033691857278,0.152
2001-05-09,0.836203761662171,0.308
2001-05-10,0.683042030927196,0.178
2001-05-11,0.6602649677822622,0.2
2001-05-12,0.6488966348522895,0.141
2001-05-13,0.6424005908294593,0.158
2001-05-14,0.6327606558452493,0.148
2001-05-15,1.4243543217996095,0.559
2001-05-16,1.6493746791980266,1.12
2001-05-17,1.5065813056328927,1.44
2001-05-18,0.8000346700453875,0.436
2001-05-19,0.7174804619385055,0.237
2001-05-20,0.6875384576227074,0.174
2001-05-21,0.6655004957033918,0.149
2001-05-22,0.6473793985124422,0.135
2001-05-23,0.6321288232384696,0.126
2001-05-24,0.6191428093031592,0.117
2001-05-25,0.6079523682315641,0.117
2001-05-26,0.5982666946199936,0.112
2001-05-27,0.5895508201473553,0.11
2001-05-28,0.5817916547313939,0.109
2001-05-29,0.574757377935061,0.102
2001-05-30,0.5682475020093178,0.099
2001-05-31,0.5621789303640846,0.098
2001-06-01,0.5566108139626574,0.106
2001-06-02,0.5518295131360028,0.105
2001-06-03,0.5457855917511691,0.108
2001-06-04,0.5405776427733163,0.113
2001-06-05,0.5356066854593703,0.105
2001-06-06,0.5402269377453544,0.153
2001-06-07,0.5272877102697546,0.106
2001-06-08,0.5211311301849408,0.092
2001-06-09,0.5239869308764585,0.092
2001-06-10,0.5211444993036868,0.123
2001-06-11,0.5076604257596851,0.11
2001-06-12,0.5021638811351141,0.092
2001-06-13,0.4974057810611617,0.091
2001-06-14,0.5054552052808745,0.112
2001-06-15,1.2374757257910425,0.606
2001-06-16,1.7364050786347076,1.51
2001-06-17,0.6876447674317486,0.227
2001-06-18,0.582122200043434,0.134
2001-06-19,0.5527074665505827,0.099
2001-06-20,0.5326166212145488,0.096
2001-06-21,0.5160641842738206,0.092
2001-06-22,0.5020386033860204,0.094
2001-06-23,0.4900100204362596,0.094
2001-06-24,0.4795735855082632,0.094
2001-06-25,0.4704171566875789,0.09
2001-06-26,0.4627338335315938,0.09
2001-06-27,0.4549560779688807,0.095
2001-06-28,0.4550587679658124,0.198
2001-06-29,0.44414512265173994,0.095
2001-06-30,0.43645341861244147,0.095
2001-07-01,0.43084727035342946,0.092
2001-07-02,0.4256627620325857,0.096
2001-07-03,0.4206883360227334,0.096
2001-07-04,0.4158926991021578,0.102
2001-07-05,0.6434492051756122,0.104
2001-07-06,0.4768460566700537,0.2
2001-07-07,0.44779591803212404,0.123
2001-07-08,0.42377156526468523,0.116
2001-07-09,0.4404855756768077,0.335
2001-07-10,0.49052302231964456,0.282
2001-07-11,0.4283793892381074,0.099
2001-07-12,0.416882533819902,0.112
2001-07-13,0.562052728764004,0.366
2001-07-14,0.4365964002313171,0.096
2001-07-15,0.41167107040857026,0.086
2001-07-16,0.39954498542372474,0.089
2001-07-17,1.6360515694228461,1.59
2001-07-18,1.5510851832941461,0.55
2001-07-19,0.5835824308272084,0.176
2001-07-20,0.4922471828710875,0.205
2001-07-21,0.4475968249339395,0.131
2001-07-22,0.4289836622248917,0.11
2001-07-23,0.40836501661309343,0.095
2001-07-24,0.39382903309401335,0.098
2001-07-25,0.38181673216307804,0.101
2001-07-26,0.37164184284557494,0.1
2001-07-27,0.3629198670798616,0.097
2001-07-28,0.35535604810729854,0.095
2001-07-29,0.3487158870027921,0.093
2001-07-30,0.34281220270499363,0.095
2001-07-31,0.337495589219509,0.095
2001-08-01,0.33267075491454845,0.116
2001-08-02,1.2743828078797803,0.951
2001-08-03,0.46552538874579624,0.169
2001-08-04,0.877288024853569,0.545
2001-08-05,0.44180796262825056,0.177
2001-08-06,0.4029096127078445,0.278
2001-08-07,0.38033069885621856,0.151
2001-08-08,0.36390283037796156,0.364
2001-08-09,1.6166925463300725,1.81
2001-08-10,1.2309370978785517,0.211
2001-08-11,0.5046077886935108,0.134
2001-08-12,0.4187955880958032,0.205
2001-08-13,0.3852413060873921,0.121
2001-08-14,0.3660523672015388,0.105
2001-08-15,0.35188231815166215,0.099
2001-08-16,0.35462584975460393,0.135
2001-08-17,0.32934006403121735,0.097
2001-08-18,1.0747403867642047,0.446
2001-08-19,0.9430468748590741,1.13
2001-08-20,0.4352137717781524,0.147
2001-08-21,0.3761809083892811,0.109
2001-08-22,0.355094442200941,0.094
2001-08-23,0.34002854381981784,0.096
2001-08-24,0.3275528187997826,0.094
2001-08-25,0.31734428903177764,0.091
2001-08-26,0.34423499459701007,0.254
2001-08-27,0.30425874019866905,0.099
2001-08-28,0.2956074724948935,0.095
2001-08-29,0.29411028813461554,0.095
2001-08-30,0.2942114248205855,0.178
2001-08-31,0.29125905397136936,0.118
2001-09-01,0.27846951326631014,0.125
2001-09-02,0.7273936019436785,0.181
2001-09-03,0.35394999021245294,0.143
2001-09-04,0.303637529447209,0.114
2001-09-05,0.4374785872229239,0.252
2001-09-06,0.3158693478653419,0.137
2001-09-07,0.2980740455128392,0.106
2001-09-08,0.2875052534766591,0.099
2001-09-09,0.2802086334263704,0.096
2001-09-10,0.2736410461733958,0.096
2001-09-11,0.2681649522380612,0.096
2001-09-12,0.2745164122698208,0.123
2001-09-13,0.43231387608294924,0.188
2001-09-14,0.2896202445683307,0.097
2001-09-15,0.27139846358205655,0.089
2001-09-16,0.2661695270466203,0.091
2001-09-17,0.2696655170834941,0.091
2001-09-18,0.8312888139890432,0.375
2001-09-19,0.4947845400158471,0.373
2001-09-20,0.31935154921032843,0.149
2001-09-21,0.28582392825705494,0.109
2001-09-22,0.27324119382608764,0.096
2001-09-23,0.27375406204616337,0.124
2001-09-24,0.2576491220433255,0.104
2001-09-25,0.25002887984718936,0.1
2001-09-26,0.39785904322210675,0.164
2001-09-27,0.2682419929172059,0.103
2001-09-28,1.3955614527401023,0.413
2001-09-29,0.8190301453592042,0.688
2001-09-30,0.7610204173148725,0.368
2001-10-01,1.5946850129426478,1.12
2001-10-02,1.2583445325037568,0.99
2001-10-03,0.4524559500986385,0.2
2001-10-04,0.37027588459790495,0.206
2001-10-05,0.5077907970144994,0.203
2001-10-06,1.4851801398978364,0.86
2001-10-07,1.694624847574868,3.38
2001-10-08,1.6094153666783253,0.867
2001-10-09,0.8164027247980458,0.352
2001-10-10,0.44275655532579083,0.226
2001-10-11,0.38116614786998426,0.185
2001-10-12,0.34958573877625765,0.175
2001-10-13,0.3261522284056546,0.157
2001-10-14,0.4503333178155143,0.233
2001-10-15,0.886465325082557,0.937
2001-10-16,0.3737737220198918,0.248
2001-10-17,0.7752679556470083,0.256
2001-10-18,0.36111111209108476,0.23
2001-10-19,0.74953797132843,0.243
2001-10-20,1.154836210735663,0.324
2001-10-21,1.6615455907787182,7.22
2001-10-22,1.5939975023782402,1.26
2001-10-23,1.0990211057265948,0.959
2001-10-24,0.5576220685431073,0.972
2001-10-25,0.42889871156230736,0.494
2001-10-26,0.8260308499551701,0.81
2001-10-27,0.6460382116272465,0.484
2001-10-28,0.4051009394967006,0.461
2001-10-29,0.36289512596932727,0.29
2001-10-30,0.34966398586195413,0.252
2001-10-31,0.3247269470620292,0.185
2001-11-01,0.31311109690741035,0.153
2001-11-02,0.3007697146515676,0.14
2001-11-03,0.29192577945410564,0.134
2001-11-04,0.28526797197680576,0.128
2001-11-05,0.28081340672058624,0.124
2001-11-06,0.2795664766699054,0.127
2001-11-07,1.5132710972437209,0.908
2001-11-08,1.4894903766526524,0.526
2001-11-09,0.6380678330051079,0.398
2001-11-10,0.38234719020991464,0.244
2001-11-11,0.3457284115762061,0.194
2001-11-12,0.41100211780859736,0.228
2001-11-13,0.3328479518464854,0.179
2001-11-14,0.31531048788924154,0.155
2001-11-15,0.30477225845630673,0.155
2001-11-16,0.29742322206246663,0.149
2001-11-17,0.294879514460086,0.156
2001-11-18,0.2910936040450475,0.16
2001-11-19,0.28056575618396423,0.149
2001-11-20,0.27637957926726314,0.143
2001-11-21,0.27985081402823797,0.135
2001-11-22,0.27113782069321235,0.142
2001-11-23,0.2698576831192307,0.137
2001-11-24,0.26699501160644634,0.131
2001-11-25,0.7738086926593577,0.315
2001-11-26,0.33509276102609825,0.161
2001-11-27,0.38132676948049476,0.165
2001-11-28,0.8228845672259646,0.304
2001-11-29,1.1353019049897053,0.924
2001-11-30,0.745263035661781,0.743
2001-12-01,0.4728969829529259,0.764
2001-12-02,0.3735326768304871,0.394
2001-12-03,1.2025472358482123,0.676
2001-12-04,1.335106607767502,1.0
2001-12-05,0.5834834035857231,1.31
2001-12-06,0.4303957960103112,0.458
2001-12-07,0.3903912990903329,0.307
2001-12-08,0.3644260098172823,0.232
2001-12-09,0.3446327912203676,0.192
2001-12-10,0.32842286693607925,0.172
2001-12-11,0.3147683123555975,0.158
2001-12-12,0.30415973191713785,0.151
2001-12-13,0.2961166644341737,0.142
2001-12-14,0.2885722187868411,0.134
2001-12-15,0.28461439431325397,0.13
2001-12-16,0.2781370711558492,0.128
2001-12-17,0.278764348797745,0.131
2001-12-18,0.2713013124724229,0.128
2001-12-19,0.29354705800669967,0.132
2001-12-20,0.27171803257643207,0.127
2001-12-21,0.2702869082298528,0.133
2001-12-22,0.2643722202411421,0.119
2001-12-23,0.2630042448954964,0.122
2001-12-24,0.29420593761326536,0.121
2001-12-25,0.5055713588437332,0.289
2001-12-26,0.3477967280791933,0.16
2001-12-27,0.2811992206424695,0.169
2001-12-28,0.2707026220697015,0.154
2001-12-29,0.26691393619058884,0.139
2001-12-30,0.2609869143045847,0.123
2001-12-31,0.25706336329520024,0.121
2002-01-01,0.2540497754969417,0.112
2002-01-02,0.2508506024502503,0.113
2002-01-03,0.24806727119060812,0.113
2002-01-04,0.24684045006493666,0.115
2002-01-05,0.2456525648023559,0.134
2002-01-06,0.2443581088800681,0.145
2002-01-07,0.24243809219313048,0.151
2002-01-08,0.23728891382834771,0.146
2002-01-09,0.23545231897922286,0.139
2002-01-10,0.5787985517551909,0.307
2002-01-11,0.2768838836455421,0.223
2002-01-12,0.2500284543018361,0.18
2002-01-13,0.24379804107656008,0.172
2002-01-14,0.6469467134975059,0.326
2002-01-15,0.2878251937956531,0.331
2002-01-16,0.25437981452554226,0.217
2002-01-17,0.6354469621113207,0.475
2002-01-18,0.39715367336292445,0.373
2002-01-19,0.269436429068264,0.305
2002-01-20,0.6927017492997898,0.681
2002-01-21,0.30770101182782644,0.523
2002-01-22,0.5087916515186137,0.36
2002-01-23,0.9601169782960945,0.822
2002-01-24,0.364440815907623,0.562
2002-01-25,1.5075543633777824,1.81
2002-01-26,1.8848421171751912,3.39
2002-01-27,1.7687094843444542,1.75
2002-01-28,0.646765421383134,1.05
2002-01-29,0.49592103655177633,0.548
2002-01-30,0.6496017971977819,0.469
2002-01-31,0.7955754154862849,0.55
2002-02-01,0.45657153936015954,0.467
2002-02-02,0.3991447617092344,0.333
2002-02-03,1.9124416740501278,4.14
2002-02-04,1.9377248365524176,2.41
2002-02-05,1.7188585685574715,1.07
2002-02-06,0.6781741334713067,0.557
2002-02-07,0.7451430035813917,0.479
2002-02-08,0.572056499426276,0.457
2002-02-09,0.5604885104060074,0.421
2002-02-10,0.4887389633177681,0.328
2002-02-11,1.0781608291126994,0.961
2002-02-12,0.5126751927999443,0.492
2002-02-13,0.44357683125897734,0.318
2002-02-14,0.4009734124750095,0.24
2002-02-15,0.37650768963521325,0.206
2002-02-16,0.3564163491467344,0.195
2002-02-17,0.3552659206748542,0.193
2002-02-18,0.3303913756060658,0.171
2002-02-19,1.566825371015748,1.06
2002-02-20,0.6125359137500543,0.823
2002-02-21,0.5157308820249826,0.472
2002-02-22,0.43023321848903295,0.396
2002-02-23,0.40870704260347607,0.271
2002-02-24,1.635371479300624,1.35
2002-02-25,1.8836599769726696,2.23
2002-02-26,0.7389173906832658,1.37
2002-02-27,0.5581768628828596,0.536
2002-02-28,0.5021318769188567,0.361
2002-03-01,0.4638789728509925,0.269
2002-03-02,0.4368401986947917,0.222
2002-03-03,0.41110366591646064,0.202
2002-03-04,0.3927581021856839,0.188
2002-03-05,0.3784550009925784,0.175
2002-03-06,0.3672010770605848,0.168
2002-03-07,0.3583469560968258,0.156
2002-03-08,0.35235230647074905,0.149
2002-03-09,0.34598615931741045,0.143
2002-03-10,0.6705308542383073,0.252
2002-03-11,0.3915400244153203,0.24
2002-03-12,0.761856416160924,0.421
2002-03-13,0.4087190469211925,0.443
2002-03-14,0.7699963840234829,0.527
2002-03-15,0.8155996466886607,0.989
2002-03-16,1.679507656667032,1.42
2002-03-17,0.7679270608701269,1.66
2002-03-18,1.6069343103025655,2.69
2002-03-19,0.9743806074241024,0.865
2002-03-20,0.7244188921334999,0.827
2002-03-21,0.5804360641351257,0.539
2002-03-22,0.52878938464921,0.357
2002-03-23,0.49244883621038577,0.272
2002-03-24,0.46390730016800263,0.214
2002-03-25,0.4412403946915238,0.188
2002-03-26,0.4231703267971697,0.168
2002-03-27,0.40882563845827485,0.157
2002-03-28,0.3973025264890405,0.147
2002-03-29,0.3881068211617165,0.139
2002-03-30,0.38072861947868464,0.136
2002-03-31,0.37497568838066836,0.134
2002-04-01,0.36992123141098476,0.134
2002-04-02,0.3660311427228809,0.131
2002-04-03,0.3625982774995302,0.128
2002-04-04,0.35977336948195865,0.128
2002-04-05,0.35734402446586694,0.126
2002-04-06,0.35520420906008204,0.118
2002-04-07,0.35327532235411646,0.115
2002-04-08,0.3514960722894199,0.113
2002-04-09,0.34983298369150667,0.112
2002-04-10,0.3482059108304938,0.111
2002-04-11,0.34662509182747964,0.111
2002-04-12,0.3450619589559425,0.108
2002-04-13,0.34352603369802626,0.108
2002-04-14,0.3419097356042256,0.105
2002-04-15,0.3403352574524755,0.108
2002-04-16,0.338619137779741,0.103
2002-04-17,0.3431893954866099,0.109
2002-04-18,0.6776761592602782,0.579
2002-04-19,0.38808091968377423,0.162
2002-04-20,0.358915113021098,0.134
2002-04-21,0.3506211485751607,0.126
2002-04-22,0.3447653544943716,0.123
2002-04-23,0.33976713796334174,0.124
2002-04-24,0.33536193212287235,0.12
2002-04-25,0.44964513252615884,0.154
2002-04-26,0.6185123654272562,0.571
2002-04-27,1.1851265548184797,0.628
2002-04-28,0.49161763654060653,0.417
2002-04-29,0.682556537198383,0.338
2002-04-30,1.5602951939757814,1.87
2002-05-01,0.542854816273002,0.4
2002-05-02,0.4458082270997312,0.217
2002-05-03,0.4121426436212831,0.156
2002-05-04,0.38839985642792524,0.134
2002-05-05,0.38039067343044636,0.129
2002-05-06,0.6565392615063135,0.297
2002-05-07,0.39981146343966245,0.259
2002-05-08,0.36530370697297576,0.149
2002-05-09,0.3515879142614778,0.135
2002-05-10,0.341377631507307,0.126
2002-05-11,0.33351470813856476,0.119
2002-05-12,0.3376943220035659,0.136
2002-05-13,1.4560183254433046,1.37
2002-05-14,0.47449446981885673,0.401
2002-05-15,0.3774454809454591,0.196
2002-05-16,0.35612170399014426,0.151
2002-05-17,0.4566836151147503,0.33
2002-05-18,0.363279099526435,0.165
2002-05-19,0.3434745382230471,0.129
2002-05-20,1.2313072549977695,0.738
2002-05-21,0.9832015142725715,0.751
2002-05-22,0.4549171582003046,0.318
2002-05-23,0.7084812901644648,0.442
2002-05-24,0.4326553722311446,0.412
2002-05-25,0.6119161836416508,0.286
2002-05-26,0.5114755999059174,0.446
2002-05-27,0.39656687629591725,0.215
2002-05-28,0.3761119885690653,0.159
2002-05-29,0.35364060553666155,0.148
2002-05-30,0.35660406826827434,0.335
2002-05-31,0.32779578847611057,0.142
2002-06-01,0.3174671521868305,0.119
2002-06-02,0.30995733213444626,0.111
2002-06-03,0.307850343182892,0.109
2002-06-04,0.2999541233548745,0.108
2002-06-05,1.510952169187157,1.46
2002-06-06,1.023760188162071,0.384
2002-06-07,0.42873337424188357,0.306
2002-06-08,0.36023510211288357,0.189
2002-06-09,0.4363903965538937,0.292
2002-06-10,0.6735903018183228,0.588
2002-06-11,0.8395462955737244,0.502
2002-06-12,0.4309260648279889,0.326
2002-06-13,0.367559578288487,0.222
2002-06-14,0.3482114179522718,0.162
2002-06-15,0.33796157687086714,0.134
2002-06-16,0.31992514610754974,0.127
2002-06-17,0.9194702840164648,0.732
2002-06-18,0.39481780051312954,0.408
2002-06-19,0.3396170605753123,0.152
2002-06-20,0.32627095629192937,0.129
2002-06-21,0.3307573716623431,0.19
2002-06-22,0.3043472334256177,0.125
2002-06-23,0.29554204821536034,0.109
2002-06-24,0.2891890546334398,0.103
2002-06-25,0.28390200573156515,0.102
2002-06-26,0.2793913109882191,0.1
2002-06-27,0.2754874810454147,0.1
2002-06-28,0.27205941236958625,0.1
2002-06-29,0.2690033149849743,0.098
2002-06-30,0.28684702773574083,0.157
2002-07-01,0.2783416862113572,0.173
2002-07-02,1.4139164855666886,0.675
2002-07-03,0.5371952545059527,0.492
2002-07-04,0.4417017907793484,0.239
2002-07-05,1.483135978075101,1.02
2002-07-06,0.4785553228503045,0.237
2002-07-07,0.3749382041351158,0.153
2002-07-08,1.2665704397997282,0.503
2002-07-09,0.4657811749083882,1.06
2002-07-10,0.38554412182725273,0.294
2002-07-11,0.6102222364516935,0.316
2002-07-12,0.3718845291078228,0.164
2002-07-13,0.33465532292512123,0.129
2002-07-14,0.31695151060809124,0.112
2002-07-15,0.3035428396754785,0.106
2002-07-16,0.29269836349792383,0.103
2002-07-17,0.2838253725765634,0.1
2002-07-18,0.27651572186864465,0.099
2002-07-19,0.2704421756618343,0.101
2002-07-20,0.26578814510560184,0.095
2002-07-21,0.2610786590511756,0.098
2002-07-22,0.25733106078860796,0.097
2002-07-23,0.2558902163885876,0.108
2002-07-24,0.2513837704746906,0.095
2002-07-25,0.24865965904669157,0.096
2002-07-26,0.24630139920758434,0.098
2002-07-27,0.24412589412149457,0.096
2002-07-28,0.24210913217824956,0.095
2002-07-29,0.2403762544961878,0.101
2002-07-30,1.1219008662752359,0.348
2002-07-31,1.2412272892456158,1.1
2002-08-01,0.41502019440657545,0.168
2002-08-02,0.33313459670913087,0.122
2002-08-03,1.2511606629941823,0.674
2002-08-04,1.0268962459308797,0.694
2002-08-05,0.6467579588853756,0.197
2002-08-06,0.3969481050385912,0.159
2002-08-07,1.5470365192826534,1.16
2002-08-08,1.477618381323055,0.567
2002-08-09,1.1484504247937672,4.78
2002-08-10,0.5019177856942156,0.724
2002-08-11,0.4102248318878272,0.304
2002-08-12,0.3731791129261127,0.183
2002-08-13,0.34674306082970574,0.146
2002-08-14,0.3258310146403838,0.135
2002-08-15,0.32739734832654804,0.516
2002-08-16,0.2970575926053379,0.146
2002-08-17,0.28532023634305914,0.129
2002-08-18,0.2826674971935117,0.125
2002-08-19,0.26969259960927033,0.13
2002-08-20,0.4596458084967865,0.273
2002-08-21,0.29723878968595413,0.139
2002-08-22,0.2878834572392808,0.387
2002-08-23,0.2826516535213678,0.221
2002-08-24,0.6974437830841397,0.682
2002-08-25,0.32481807663223833,0.157
2002-08-26,0.2862703848041604,0.124
2002-08-27,0.2750432545697831,0.112
2002-08-28,0.26742086096728895,0.106
2002-08-29,0.26127392685777495,0.102
2002-08-30,0.2574793784392438,0.107
2002-08-31,0.2520215090367698,0.101
2002-09-01,0.2483239220032668,0.108
2002-09-02,0.245220604831319,0.098
2002-09-03,0.24252172264321917,0.095
2002-09-04,0.24013161312543116,0.097
2002-09-05,0.24602681520446354,0.119
2002-09-06,0.3109537004605392,0.182
2002-09-07,0.2571726660300374,0.139
2002-09-08,0.2513651745595929,0.11
2002-09-09,1.5224776022435424,2.7
2002-09-10,1.3803322757074874,0.279
2002-09-11,0.4235757426332089,0.154
2002-09-12,0.32937228296113974,0.136
2002-09-13,0.30479506395940653,0.127
2002-09-14,0.28888012564678817,0.111
2002-09-15,0.2762785440763043,0.106
2002-09-16,0.26604019001070506,0.105
2002-09-17,0.2576644313000253,0.105
2002-09-18,0.2507617803348873,0.108
2002-09-19,0.24503002222717302,0.108
2002-09-20,0.24022615107092607,0.108
2002-09-21,0.23615501692032076,0.104
2002-09-22,0.23340049836448556,0.107
2002-09-23,0.22968109300048384,0.104
2002-09-24,0.22694221894367153,0.104
2002-09-25,0.225785778675307,0.095
2002-09-26,0.22243402437284224,0.098
2002-09-27,0.2203188710314371,0.096
2002-09-28,0.2186817558168798,0.093
2002-09-29,0.216628321319214,0.091
2002-09-30,0.21487104966343046,0.093
2002-10-01,0.2142788596270632,0.095
2002-10-02,0.21809890253508502,0.093
2002-10-03,0.21043607947521578,0.093
2002-10-04,0.20836247823018433,0.093
2002-10-05,0.20675230801162536,0.097
2002-10-06,0.20512016373146352,0.098
2002-10-07,0.2035168182802666,0.1
2002-10-08,0.20191310136451207,0.098
2002-10-09,0.20031109178079334,0.103
2002-10-10,0.19870159719312444,0.108
2002-10-11,0.6032130140151983,0.154
2002-10-12,0.26092996603456325,0.54
2002-10-13,1.3661018173641934,1.72
2002-10-14,0.9205479686659953,0.859
2002-10-15,1.4811155171258754,1.69
2002-10-16,0.4783550862639231,0.228
2002-10-17,0.3338472687648367,0.143
2002-10-18,0.29967113651631566,0.142
2002-10-19,0.27399572265978483,0.118
2002-10-20,0.4092798461869391,0.16
2002-10-21,1.1383670510613944,0.644
2002-10-22,0.7222817914996077,0.915
2002-10-23,0.33152297856635693,0.273
2002-10-24,0.44567591770030973,0.27
2002-10-25,0.5331417952274295,0.312
2002-10-26,0.4825855632443234,0.267
2002-10-27,0.29377967895770096,0.308
2002-10-28,0.2628145213551634,0.214
2002-10-29,0.24999274438752175,0.201
2002-10-30,0.7298417469053177,0.498
2002-10-31,0.29389917928602877,0.211
2002-11-01,0.8813307172327468,0.652
2002-11-02,1.5229263205174344,2.4
2002-11-03,1.2670774637047664,0.829
2002-11-04,0.41226754986637626,0.394
2002-11-05,0.9216552798208962,0.296
2002-11-06,1.5518379411721577,4.79
2002-11-07,0.9921527039936252,0.59
2002-11-08,1.3110624025593085,1.68
2002-11-09,1.2413062352719806,1.05
2002-11-10,0.55074726629827,1.59
2002-11-11,1.5374908695520164,1.15
2002-11-12,1.7023810289122678,4.96
2002-11-13,1.7096717258904908,2.75
2002-11-14,1.405581961571275,2.13
2002-11-15,0.5690917540792645,0.839
2002-11-16,0.4543481352761956,0.493
2002-11-17,0.6168635500725582,0.54
2002-11-18,0.40342446947901106,0.369
2002-11-19,0.3597915364676419,0.302
2002-11-20,0.6228567732087201,0.331
2002-11-21,1.3671189634536662,1.44
2002-11-22,1.8163171403163896,3.05
2002-11-23,1.534459129393252,2.29
2002-11-24,1.3471430010726388,1.28
2002-11-25,0.6113933776868363,0.661
2002-11-26,0.503013000787127,0.446
2002-11-27,0.5244627135750832,0.37
2002-11-28,0.6590979698637273,0.486
2002-11-29,0.4440243106307051,0.359
2002-11-30,1.307958285582351,0.658
2002-12-01,1.0229592903997278,1.91
2002-12-02,0.659130168818811,0.598
2002-12-03,0.5178322601057486,0.426
2002-12-04,1.2086719194496358,1.09
2002-12-05,0.5488844967235603,0.488
2002-12-06,0.4720007218856844,0.353
2002-12-07,0.43796325833902,0.305
2002-12-08,0.4089174658552177,0.287
2002-12-09,0.38522611003292495,0.241
2002-12-10,0.36988828968550186,0.204
2002-12-11,0.3589742143444095,0.19
2002-12-12,0.7088569220952728,0.257
2002-12-13,0.43618894679449166,0.422
2002-12-14,1.6838305629203902,1.08
2002-12-15,1.5954966488576412,3.0
2002-12-16,0.6455752007760808,0.767
2002-12-17,0.527326727497534,0.46
2002-12-18,0.484221856053428,0.339
2002-12-19,0.4547066574069694,0.29
2002-12-20,0.7143961475615224,0.393
2002-12-21,2.142486013134873,4.04
2002-12-22,1.8040410257175337,2.91
2002-12-23,1.252657759977636,0.845
2002-12-24,0.6808136590599785,0.636
2002-12-25,1.2464127303730295,0.699
2002-12-26,1.8569291275809872,2.63
2002-12-27,0.7905632894676055,1.19
2002-12-28,1.7211491010612718,0.834
2002-12-29,1.4712861526943983,3.22
2002-12-30,2.5802745401115192,9.6
2002-12-31,2.5669828704787063,2.42
2003-01-01,2.740921374000379,7.88
2003-01-02,2.3781897028440837,2.8
2003-01-03,2.159075807889857,0.861
2003-01-04,1.6864214711462437,0.563
2003-01-05,0.928286529195645,0.427
2003-01-06,0.798351213643131,0.346
2003-01-07,0.7297886968824133,0.294
2003-01-08,0.7529475108449912,0.27
2003-01-09,0.6796132164245997,0.232
2003-01-10,0.7204730388441589,0.288
2003-01-11,0.6215282380597204,0.243
2003-01-12,0.5948104544753257,0.21
2003-01-13,0.5732296392898371,0.255
2003-01-14,0.558624517644258,0.249
2003-01-15,0.5593363228030366,0.226
2003-01-16,0.5402181214410793,0.203
2003-01-17,0.5374634105278172,0.201
2003-01-18,1.8783312227861457,0.645
2003-01-19,1.4626009262433661,1.81
2003-01-20,1.4563438064028338,1.78
2003-01-21,2.264553707743683,4.3
2003-01-22,1.4478951840175989,1.22
2003-01-23,0.8928450634851725,0.601
2003-01-24,0.8035260112548614,0.424
2003-01-25,0.8299719199677764,0.401
2003-01-26,0.7344373963266686,0.384
2003-01-27,0.715076732980163,0.37
2003-01-28,0.6778437523940025,0.347
2003-01-29,0.6461367715859823,0.285
2003-01-30,1.1449763249269331,0.289
2003-01-31,1.85697233282132,0.4
2003-02-01,0.9613660146962351,1.98
2003-02-02,0.7759725267535754,1.49
2003-02-03,0.7212205976954256,0.614
2003-02-04,0.6917903206492472,0.408
2003-02-05,0.6670689231397163,0.31
2003-02-06,0.7813480685961461,0.318
2003-02-07,0.6653279678845507,0.389
2003-02-08,1.2039241483965035,0.45
2003-02-09,0.9113997159587661,1.01
2003-02-10,0.9617684632537661,0.491
2003-02-11,1.1053041062863775,0.816
2003-02-12,0.7644806419758856,0.641
2003-02-13,0.7014520164388713,0.424
2003-02-14,0.6753676601807448,0.313
2003-02-15,0.6568136071940665,0.266
2003-02-16,0.6409684501654496,0.233
2003-02-17,0.6285017975314879,0.207
2003-02-18,0.6183458900798965,0.194
2003-02-19,0.6099304268442618,0.185
2003-02-20,0.6029322208797179,0.177
2003-02-21,0.5973070687984506,0.167
2003-02-22,0.5921206396863977,0.163
2003-02-23,0.587806060415203,0.16
2003-02-24,0.58332636975709,0.159
2003-02-25,0.5796093477573803,0.156
2003-02-26,0.5761767236981706,0.153
2003-02-27,0.574258541578787,0.149
2003-02-28,0.8498304612215751,0.288
2003-03-01,0.7733117305487891,0.319
2003-03-02,0.6086462994203237,0.199
2003-03-03,0.5912536704086684,0.176
2003-03-04,0.5805120333534175,0.169
2003-03-05,1.248584926218363,0.633
2003-03-06,0.655304037017796,0.417
2003-03-07,1.1656766826390488,0.866
2003-03-08,0.6662678613187103,0.516
2003-03-09,0.605758241638092,0.327
2003-03-10,0.5884860069949105,0.249
2003-03-11,0.5764868760745584,0.204
2003-03-12,0.5726141685773599,0.203
2003-03-13,0.558093811489211,0.171
2003-03-14,0.5499874190567215,0.156
2003-03-15,0.5431395321284157,0.147
2003-03-16,0.5372170837344772,0.139
2003-03-17,0.5313166006633615,0.137
2003-03-18,0.5260368614521972,0.134
2003-03-19,0.5210822159601446,0.133
2003-03-20,0.5163640517525574,0.131
2003-03-21,0.5120845019261906,0.128
2003-03-22,0.5074432915431426,0.124
2003-03-23,0.5031038650946719,0.122
2003-03-24,0.49886282573057306,0.121
2003-03-25,0.4946716204580162,0.121
2003-03-26,0.4905155717272619,0.121
2003-03-27,0.4863768430093174,0.115
2003-03-28,0.4822513053772037,0.116
2003-03-29,0.4781288430526526,0.117
2003-03-30,0.47400294459753967,0.113
2003-03-31,0.4698737584923788,0.112
2003-04-01,0.7405852134530305,0.268
2003-04-02,0.5054034901836145,0.127
2003-04-03,0.4788234831490928,0.118
2003-04-04,0.4695829096868417,0.114
2003-04-05,0.4623490207943714,0.113
2003-04-06,0.4558179128810898,0.112
2003-04-07,0.4497744111313564,0.11
2003-04-08,0.44411796084776267,0.111
2003-04-09,0.4388591339775616,0.114
2003-04-10,0.43670231825291694,0.112
2003-04-11,0.4289996623275517,0.111
2003-04-12,0.4240245020711872,0.113
2003-04-13,0.4193777428085725,0.108
2003-04-14,0.414849238363158,0.111
2003-04-15,0.41040445859524954,0.11
2003-04-16,0.4060263519357797,0.108
2003-04-17,0.40170295513274645,0.112
2003-04-18,0.397425073209568,0.111
2003-04-19,0.3931886956632005,0.112
2003-04-20,0.39177537845471755,0.112
2003-04-21,0.385015568668812,0.114
2003-04-22,0.38066652697788556,0.119
2003-04-23,0.3765242035541983,0.123
2003-04-24,0.37430657851474386,0.127
2003-04-25,0.6359132560162474,0.244
2003-04-26,0.42208431509390654,0.213
2003-04-27,0.8012623346952822,0.313
2003-04-28,0.4500896780474858,0.361
2003-04-29,0.4035131936390399,0.173
2003-04-30,1.0631794170973279,0.575
2003-05-01,0.7155203118316257,0.291
2003-05-02,0.6137079001026562,0.422
2003-05-03,0.449799401420769,0.182
2003-05-04,0.4171907566257523,0.145
2003-05-05,0.3980385377283762,0.129
2003-05-06,0.3826881935701194,0.122
2003-05-07,0.369849370156601,0.12
2003-05-08,0.35897588227655225,0.133
2003-05-09,0.3496721486041512,0.127
2003-05-10,0.34163096803734144,0.114
2003-05-11,0.33771068573672497,0.121
2003-05-12,0.6583938032977895,0.777
2003-05-13,0.39064188056841137,0.334
2003-05-14,0.347219177720559,0.227
2003-05-15,0.3541885649448427,0.216
2003-05-16,0.4344273391405119,0.562
2003-05-17,0.3819227362486176,0.524
2003-05-18,0.3338410664285613,0.324
2003-05-19,0.84290291803355,0.85
2003-05-20,0.402399607172017,0.254
2003-05-21,0.4324809948048375,0.314
2003-05-22,0.3566384191327262,0.201
2003-05-23,0.3392263587260002,0.165
2003-05-24,0.32440908814820796,0.154
2003-05-25,0.3142447406739257,0.14
2003-05-26,0.3049453996847661,0.121
2003-05-27,0.2974353350842233,0.119
2003-05-28,0.29103640976081446,0.111
2003-05-29,0.285425227911044,0.119
2003-05-30,0.280434551737767,0.11
2003-05-31,0.2760202936997762,0.105
2003-06-01,0.2936700538126221,0.136
2003-06-02,0.26992420405817363,0.128
2003-06-03,0.26549189594124256,0.104
2003-06-04,0.28227551547481666,0.195
2003-06-05,0.2596533389512385,0.101
2003-06-06,0.36990548906088994,0.211
2003-06-07,0.3098050509520622,0.249
2003-06-08,0.2894463922505934,0.364
2003-06-09,0.268438348817452,0.117
2003-06-10,0.25695922970761353,0.108
2003-06-11,0.2515596271978504,0.108
2003-06-12,0.24709339575696937,0.101
2003-06-13,0.24308316337437968,0.101
2003-06-14,0.23938057191281048,0.099
2003-06-15,0.23595257079818127,0.1
2003-06-16,0.23330253829218986,0.107
2003-06-17,0.2542349697966126,0.286
2003-06-18,0.22867191278824567,0.107
2003-06-19,0.2241378182691028,0.096
2003-06-20,0.22130034229669365,0.092
2003-06-21,0.2218729517352989,0.092
2003-06-22,1.4172589555342718,0.96
2003-06-23,0.39899790782815536,0.366
2003-06-24,0.3013933649656293,0.122
2003-06-25,0.2776582910952851,0.107
2003-06-26,0.2621496756352333,0.101
2003-06-27,0.25106136873088725,0.1
2003-06-28,0.2397753398593742,0.097
2003-06-29,0.345854394177336,0.148
2003-06-30,0.27655700685335893,0.345
2003-07-01,0.25929593614087204,0.368
2003-07-02,0.2483466577121662,0.192
2003-07-03,0.2363190260544692,0.187
2003-07-04,0.21737899442521097,0.107
2003-07-05,0.21087419863656717,0.098
2003-07-06,0.20592647379788373,0.091
2003-07-07,0.20171068933524638,0.09
2003-07-08,0.1980121651652787,0.09
2003-07-09,0.1946944772360402,0.089
2003-07-10,0.19170291382710195,0.087
2003-07-11,0.18896212692407363,0.083
2003-07-12,0.18642506654630875,0.081
2003-07-13,0.18404931821807938,0.085
2003-07-14,0.18180226972884234,0.096
2003-07-15,0.17976468841808352,0.084
2003-07-16,0.2056133896438725,0.116
2003-07-17,0.18918983361504857,0.15
2003-07-18,0.17469151019778878,0.093
2003-07-19,0.17427820164291782,0.089
2003-07-20,0.1700966805837484,0.1
2003-07-21,0.1681548192725162,0.091
2003-07-22,0.16628603189086966,0.082
2003-07-23,0.16918713029274593,0.082
2003-07-24,0.17928113587185607,0.088
2003-07-25,0.415985613830347,0.35
2003-07-26,1.0314692991343388,0.708
2003-07-27,0.30267799423788994,0.15
2003-07-28,0.23642608361230713,0.105
2003-07-29,0.23312759544981798,0.209
2003-07-30,0.20538681784258014,0.139
2003-07-31,0.1955956965198703,0.103
2003-08-01,0.18535896546184483,0.104
2003-08-02,0.17480050499801222,0.09
2003-08-03,0.16882794652148597,0.084
2003-08-04,0.1640353581784901,0.084
2003-08-05,0.15991318763289636,0.085
2003-08-06,0.15638227765562462,0.087
2003-08-07,0.1533036352673142,0.089
2003-08-08,0.15058417027793172,0.092
2003-08-09,0.14815130772457635,0.091
2003-08-10,0.1461047686764913,0.086
2003-08-11,0.1439352145022316,0.091
2003-08-12,0.14204473351181035,0.093
2003-08-13,0.14028059017351618,0.091
2003-08-14,0.1386092257279754,0.093
2003-08-15,0.13708630826635812,0.1
2003-08-16,0.13547791220502645,0.106
2003-08-17,0.1339819998396183,0.096
2003-08-18,0.15032262470984764,0.215
2003-08-19,0.1324515285254587,0.124
2003-08-20,0.12980181591055956,0.097
2003-08-21,0.12832657635659042,0.089
2003-08-22,0.12695588621627887,0.085
2003-08-23,0.12742469879070267,0.084
2003-08-24,0.12466971928272494,0.083
2003-08-25,0.12296841446377899,0.085
2003-08-26,0.12162079233281688,0.085
2003-08-27,0.12030997749019019,0.084
2003-08-28,0.5473459880163865,0.311
2003-08-29,0.19259447123027817,0.108
2003-08-30,0.1517140987016218,0.092
2003-08-31,0.14189759792246126,0.086
2003-09-01,0.13558592586192877,0.084
2003-09-02,0.1304562352640528,0.086
2003-09-03,0.12615518021252475,0.086
2003-09-04,0.12250865670073996,0.087
2003-09-05,0.12105930844211164,0.09
2003-09-06,0.13426051632791178,0.151
2003-09-07,0.11576552707775113,0.087
2003-09-08,0.11226332916660889,0.084
2003-09-09,0.12729751678722995,0.109
2003-09-10,0.1110591895247896,0.118
2003-09-11,0.11481479972777585,0.106
2003-09-12,0.10603217507618516,0.088
2003-09-13,0.10405635769503116,0.085
2003-09-14,0.10268370162850718,0.084
2003-09-15,0.10140171968377659,0.083
2003-09-16,0.10017206229458617,0.083
2003-09-17,0.09898056021546384,0.082
2003-09-18,0.09782034163180153,0.083
2003-09-19,0.09668637584704495,0.084
2003-09-20,0.09557133494787617,0.084
2003-09-21,0.0944766190683821,0.082
2003-09-22,0.6492639252154658,0.315
2003-09-23,0.17400053105422877,0.095
2003-09-24,0.12940847251211554,0.1
2003-09-25,0.11909255215284383,0.087
2003-09-26,0.18956310962194964,0.182
2003-09-27,0.12999436263272196,0.092
2003-09-28,0.11819714125140279,0.091
2003-09-29,0.1112438048781497,0.09
2003-09-30,0.10603973098874968,0.093
2003-10-01,0.10503852640189303,0.094
2003-10-02,0.10488477882777107,0.107
2003-10-03,0.09582107567787373,0.091
2003-10-04,0.09529464864553656,0.091
2003-10-05,0.09902177705863818,0.095
2003-10-06,0.09033228211608511,0.095
2003-10-07,0.09049193110523733,0.101
2003-10-08,0.08578027181860971,0.097
2003-10-09,0.08419809950027396,0.091
2003-10-10,0.08400482936010477,0.096
2003-10-11,0.08192487267082081,0.105
2003-10-12,0.0808081317366878,0.089
2003-10-13,0.0798190620786224,0.092
2003-10-14,0.07888146595913659,0.103
2003-10-15,0.07798405357149037,0.111
2003-10-16,0.07711493123633902,0.099
2003-10-17,0.07628204027084286,0.1
2003-10-18,0.07545980116537171,0.109
2003-10-19,0.07463483872747495,0.104
2003-10-20,0.07384466264871524,0.095
2003-10-21,0.4590176756771549,0.211
2003-10-22,0.17552510633790108,0.2
2003-10-23,0.1107063020773845,0.099
2003-10-24,0.09825772418572834,0.099
2003-10-25,0.09776318842477295,0.112
2003-10-26,0.08813023354785861,0.118
2003-10-27,0.08378559126190328,0.113
2003-10-28,0.3069680125496416,0.129
2003-10-29,0.4461784105221269,0.311
2003-10-30,1.2886659502248947,1.04
2003-10-31,0.5512317477284602,0.265
2003-11-01,0.5234549560310211,0.21
2003-11-02,0.9738088816725583,1.09
2003-11-03,0.2574606304841931,0.212
2003-11-04,0.18018212080208063,0.138
2003-11-05,0.15521007975207451,0.124
2003-11-06,0.139440088745302,0.119
2003-11-07,0.1264536979964986,0.137
2003-11-08,0.11641394717350423,0.113
2003-11-09,0.11097287113789066,0.114
2003-11-10,0.10240877878681981,0.113
2003-11-11,0.582850905312551,0.17
2003-11-12,0.16397051978546984,0.377
2003-11-13,0.12100773216191694,0.125
2003-11-14,0.10933580796421154,0.114
2003-11-15,0.1029269959109632,0.118
2003-11-16,0.09833901304649796,0.11
2003-11-17,0.8323858764123283,0.474
2003-11-18,0.18507992828276448,0.173
2003-11-19,0.12764031687184083,0.145
2003-11-20,0.6172146476920319,0.228
2003-11-21,1.3459194765862261,0.932
2003-11-22,1.6431644189542638,2.91
2003-11-23,1.6801201817708298,3.23
2003-11-24,1.4739427685573738,0.498
2003-11-25,1.6509377922575459,1.23
2003-11-26,1.5290620031079136,1.71
2003-11-27,1.4276475442938963,0.394
2003-11-28,1.3716766389657742,0.249
2003-11-29,0.7999780287047238,0.344
2003-11-30,0.9149774651297068,0.336
2003-12-01,0.750072191545621,0.979
2003-12-02,0.326648807400445,0.384
2003-12-03,0.25985261844493895,0.256
2003-12-04,0.2324634234631233,0.2
2003-12-05,0.2140766166219721,0.182
2003-12-06,0.19800633193211326,0.175
2003-12-07,0.18617913195248,0.165
2003-12-08,0.1773168744718445,0.143
2003-12-09,0.17072157125434295,0.149
2003-12-10,0.8829638740356999,0.314
2003-12-11,0.4363552456132107,0.668
2003-12-12,1.2340136184830186,0.806
2003-12-13,0.5110717349543346,1.13
2003-12-14,0.28419282157157105,0.416
2003-12-15,0.2436772953242524,0.267
2003-12-16,0.22615291917342603,0.205
2003-12-17,0.2126645474756082,0.186
2003-12-18,0.2029901458837074,0.175
2003-12-19,0.43341482484970634,0.161
2003-12-20,0.9053459367806108,0.877
2003-12-21,0.2964728432408162,0.469
2003-12-22,0.3516409791667701,0.265
2003-12-23,0.4498472685289249,0.418
2003-12-24,0.2526090349674832,0.297
2003-12-25,0.23374881514020587,0.25
2003-12-26,0.3424269898782439,0.309
2003-12-27,0.39288742858446335,0.289
2003-12-28,0.4069024323716712,0.223
2003-12-29,1.3245663761195328,1.18
2003-12-30,0.43533663630534275,0.634
2003-12-31,1.2698222044347152,0.885
2004-01-01,0.743560900682902,1.39
2004-01-02,0.3696312472280921,0.706
2004-01-03,0.41354798025280876,0.456
2004-01-04,0.3137893707179896,0.337
2004-01-05,0.3802141578895876,0.264
2004-01-06,0.2894842519666387,0.299
2004-01-07,1.386159039123051,0.451
2004-01-08,0.7347543611620386,1.36
2004-01-09,0.39355843433016185,0.461
2004-01-10,1.2939460754809973,0.613
2004-01-11,1.254458161319259,1.27
2004-01-12,1.3277887086386015,1.94
2004-01-13,0.6906563926465632,0.887
2004-01-14,0.4897095300382109,0.586
2004-01-15,1.1719098485549422,0.965
2004-01-16,0.5147413905723282,0.643
2004-01-17,0.42793953544021396,0.388
2004-01-18,0.38497026972565185,0.293
2004-01-19,0.36869882119553193,0.267
2004-01-20,0.5210656291918268,0.296
2004-01-21,0.357549945046873,0.307
2004-01-22,0.9673642763912351,1.04
2004-01-23,0.9897992934445754,1.15
2004-01-24,0.45982933077707544,0.862
2004-01-25,0.3914432155881597,0.565
2004-01-26,0.3627207017557793,0.462
2004-01-27,0.37782940339080795,0.403
2004-01-28,0.8639301957925198,0.282
2004-01-29,0.4135727195224268,0.289
2004-01-30,1.3141576774661323,0.778
2004-01-31,1.3428555026431672,2.28
2004-02-01,1.5891063544693336,1.8
2004-02-02,0.6464952716646769,1.2
2004-02-03,0.6114267858047852,0.646
2004-02-04,0.4999759779782887,0.548
2004-02-05,0.5533608506188016,0.461
2004-02-06,1.0481684551939336,0.925
2004-02-07,0.6352447127370394,0.568
2004-02-08,0.4781333166547086,0.4
2004-02-09,0.43724403863368067,0.286
2004-02-10,0.41132097786322075,0.238
2004-02-11,0.39348330228069706,0.208
2004-02-12,0.37592952330631674,0.191
2004-02-13,0.36798918327488633,0.192
2004-02-14,0.3554388110262664,0.181
2004-02-15,0.34757770799568927,0.165
2004-02-16,0.3442605406795332,0.163
2004-02-17,0.5282576407221533,0.214
2004-02-18,0.3705821108440563,0.174
2004-02-19,0.34700792056095003,0.191
2004-02-20,0.340522643643826,0.184
2004-02-21,0.3363073223141221,0.181
2004-02-22,0.3336094109355555,0.178
2004-02-23,0.3303595479362822,0.135
2004-02-24,0.4397607789806881,0.187
2004-02-25,0.3445988382768508,0.146
2004-02-26,0.33400821765432714,0.135
2004-02-27,0.3304723410301696,0.128
2004-02-28,0.3297936588674397,0.127
2004-02-29,0.3301520143722792,0.138
2004-03-01,0.32440082909074686,0.134
2004-03-02,0.3228236619797303,0.145
2004-03-03,0.45000002150577395,0.187
2004-03-04,0.3404133343601623,0.142
2004-03-05,0.32866469808725324,0.131
2004-03-06,0.3332575459251575,0.153
2004-03-07,0.32570925180454563,0.148
2004-03-08,0.3192967869424394,0.125
2004-03-09,0.31663085382551825,0.114
2004-03-10,0.31447021512082174,0.114
2004-03-11,0.6133054575975244,0.146
2004-03-12,1.0872170203522082,0.708
2004-03-13,0.6909779143577732,0.535
2004-03-14,0.47353238984139123,0.654
2004-03-15,0.38300705110258343,0.392
2004-03-16,0.3588023449761045,0.284
2004-03-17,0.34635408450501387,0.211
2004-03-18,0.34460106558607884,0.199
2004-03-19,0.7959233016119835,0.61
2004-03-20,0.38836594515092615,0.315
2004-03-21,0.3477104802573005,0.223
2004-03-22,0.337709166679426,0.217
2004-03-23,0.3299950878034242,0.259
2004-03-24,0.33423295310760703,0.18
2004-03-25,0.3185278471554918,0.239
2004-03-26,0.3097649490569205,0.179
2004-03-27,0.3034695536874884,0.167
2004-03-28,0.298400291887839,0.157
2004-03-29,0.29482653293524846,0.146
2004-03-30,0.29167793477184334,0.138
2004-03-31,0.2889233561716802,0.132
2004-04-01,0.39565972322717025,0.16
2004-04-02,0.3068497444891612,0.154
2004-04-03,0.731333873006916,0.314
2004-04-04,0.9090970670964869,0.691
2004-04-05,0.5386630198062622,0.484
2004-04-06,0.5418685643083597,0.564
2004-04-07,0.365754914637687,0.308
2004-04-08,0.3412432731529465,0.261
2004-04-09,0.3364531803484495,0.242
2004-04-10,0.310333139685346,0.242
2004-04-11,0.29983216595083173,0.197
2004-04-12,0.29203215887727757,0.177
2004-04-13,0.28542401372473736,0.169
2004-04-14,0.2798037753912542,0.161
2004-04-15,0.2749532313007239,0.134
2004-04-16,0.2707013110824073,0.121
2004-04-17,0.7515005483049341,0.208
2004-04-18,1.4713525145946207,1.41
2004-04-19,0.5841462102935875,0.588
2004-04-20,0.3644401992906578,0.327
2004-04-21,0.3523731360049231,0.364
2004-04-22,0.31156514521150175,0.224
2004-04-23,0.29717132109069083,0.163
2004-04-24,0.2867650968012259,0.141
2004-04-25,0.27823706289334726,0.132
2004-04-26,0.27110677858949006,0.124
2004-04-27,1.4372170203212837,0.634
2004-04-28,0.6276233384940197,0.252
2004-04-29,0.6570266302779714,0.416
2004-04-30,0.3712042761985679,0.248
2004-05-01,0.32176809094750075,0.178
2004-05-02,0.3045067789311417,0.146
2004-05-03,1.285612871649175,0.783
2004-05-04,1.2399208851898678,2.27
2004-05-05,0.4529318670631439,1.1
2004-05-06,0.353989912971686,0.46
2004-05-07,0.6046075584663164,0.445
2004-05-08,0.3561351237121981,0.452
2004-05-09,0.3225616642982625,0.266
2004-05-10,0.30140817678070503,0.189
2004-05-11,0.2882034885846177,0.154
2004-05-12,0.2777714055508369,0.138
2004-05-13,0.2692483817314504,0.13
2004-05-14,0.26221887777816494,0.119
2004-05-15,0.2563725349083751,0.112
2004-05-16,0.2514617533723307,0.106
2004-05-17,0.2472910060817241,0.103
2004-05-18,0.24370319943872223,0.1
2004-05-19,0.24057332784514524,0.097
2004-05-20,0.5543325462225296,0.324
2004-05-21,0.2895199607827712,0.163
2004-05-22,0.2612505829231817,0.11
2004-05-23,0.2526697207841924,0.104
2004-05-24,0.24663637071197062,0.102
2004-05-25,0.24160400107483948,0.105
2004-05-26,0.25600274953769997,0.178
2004-05-27,0.23502709697454735,0.127
2004-05-28,0.23045763939192807,0.096
2004-05-29,0.22763686919529352,0.093
2004-05-30,0.2285423287404286,0.091
2004-05-31,0.9418520180831402,0.399
2004-06-01,0.3363285437427541,0.39
2004-06-02,0.2659070497427641,0.135
2004-06-03,0.2598001054997408,0.123
2004-06-04,0.24322317993510953,0.11
2004-06-05,0.23569741843802675,0.099
2004-06-06,0.22986072629008017,0.094
2004-06-07,0.2249354731987039,0.092
2004-06-08,0.22070802294139782,0.089
2004-06-09,0.21751114796887472,0.087
2004-06-10,0.2138250133005277,0.086
2004-06-11,0.2109344042692924,0.083
2004-06-12,0.20831323883226432,0.082
2004-06-13,0.20583921770301336,0.082
2004-06-14,0.20358492654293572,0.084
2004-06-15,0.2014653586532118,0.084
2004-06-16,0.19944788497726187,0.079
2004-06-17,0.19755616539515275,0.081
2004-06-18,0.19574592434961094,0.08
2004-06-19,0.19387482624224875,0.079
2004-06-20,0.3165745241690113,0.181
2004-06-21,0.2320154621509255,0.104
2004-06-22,1.381824570071595,0.756
2004-06-23,0.5779662871960668,0.475
2004-06-24,0.3020880244902241,0.14
2004-06-25,0.2565421720770169,0.106
2004-06-26,0.24566798898043307,0.12
2004-06-27,0.38786404262391183,0.433
2004-06-28,0.25645600647298494,0.111
2004-06-29,0.2345406010543784,0.094
2004-06-30,0.2243198795470713,0.099
2004-07-01,0.2370517315896436,0.231
2004-07-02,0.220493735414624,0.284
2004-07-03,0.20176359000793817,0.128
2004-07-04,0.19563222171851358,0.099
2004-07-05,0.19035200650018724,0.085
2004-07-06,0.18652394263010905,0.082
2004-07-07,1.328041183106319,0.836
2004-07-08,0.4715072747747169,0.467
2004-07-09,0.27947890476696985,0.143
2004-07-10,0.5853254930869218,0.279
2004-07-11,0.2892723977916504,0.119
2004-07-12,0.249573637416544,0.105
2004-07-13,0.2453500810070489,0.103
2004-07-14,0.22207461233927162,0.157
2004-07-15,0.22768917453995471,0.12
2004-07-16,0.20366425400227248,0.165
2004-07-17,0.1999592585269143,0.146
2004-07-18,0.19140679352646753,0.089
2004-07-19,0.1849935194968231,0.083
2004-07-20,0.18770276176098352,0.098
2004-07-21,0.17823536191437053,0.084
2004-07-22,0.18217517788167295,0.101
2004-07-23,0.17292531610722212,0.08
2004-07-24,0.17027908401100006,0.074
2004-07-25,0.16826087220377745,0.07
2004-07-26,0.16689944287102917,0.076
2004-07-27,0.16483453386394656,0.074
2004-07-28,0.16326550478427937,0.079
2004-07-29,0.16184013517526613,0.073
2004-07-30,0.16041377938933704,0.075
2004-07-31,0.15906092338954506,0.073
2004-08-01,0.15774389208083958,0.075
2004-08-02,0.15759520379528738,0.075
2004-08-03,1.4031172463205974,2.4
2004-08-04,0.7674155401322563,0.203
2004-08-05,0.296191823755591,0.124
2004-08-06,0.2363903020818909,0.097
2004-08-07,0.2171977042792112,0.089
2004-08-08,0.2142786995180455,0.112
2004-08-09,1.3892945226975912,0.527
2004-08-10,0.703595380854128,1.29
2004-08-11,0.31048319759824317,0.162
2004-08-12,0.2461843000813262,0.351
2004-08-13,0.22620428176142165,0.159
2004-08-14,0.2082531714489047,0.106
2004-08-15,0.1969828026098527,0.098
2004-08-16,0.2085754415529057,0.165
2004-08-17,0.6384770655199736,0.393
2004-08-18,1.0364187648661711,0.676
2004-08-19,0.7052174329259362,0.871
2004-08-20,0.5095342849418751,0.434
2004-08-21,0.2953096920694895,0.166
2004-08-22,0.9357182711777852,0.416
2004-08-23,0.5325339638532393,0.5
2004-08-24,1.0831953607216753,1.19
2004-08-25,0.46628043895470406,0.467
2004-08-26,0.5306140519915872,0.302
2004-08-27,0.517080090557255,0.752
2004-08-28,0.3209832412219067,0.219
2004-08-29,0.2814468461360239,0.142
2004-08-30,0.2593258364599522,0.143
2004-08-31,0.2410775905476793,0.108
2004-09-01,0.22722629584598103,0.103
2004-09-02,0.21627713725641098,0.103
2004-09-03,0.20757791073050508,0.096
2004-09-04,0.20066688036627991,0.095
2004-09-05,0.19516806192425112,0.095
2004-09-06,0.19078453618854202,0.117
2004-09-07,0.18727709075047072,0.11
2004-09-08,0.18445818376518452,0.089
2004-09-09,0.1907141794267718,0.088
2004-09-10,0.18193654411960708,0.117
2004-09-11,0.18015739077600332,0.093
2004-09-12,0.7199397967852242,0.23
2004-09-13,0.26631646315011587,0.379
2004-09-14,0.22000941669028634,0.18
2004-09-15,0.20274183205395124,0.145
2004-09-16,0.1962498863271983,0.138
2004-09-17,0.19727632613996413,0.16
2004-09-18,0.2036342342700283,0.3
2004-09-19,0.18593266629275135,0.182
2004-09-20,0.18576565114401278,0.281
2004-09-21,0.1797491493955405,0.188
2004-09-22,0.17952891447400648,0.191
2004-09-23,0.1853038985377049,0.259
2004-09-24,0.17512285994921337,0.181
2004-09-25,0.1762243162898932,0.189
2004-09-26,0.17366999885507248,0.192
2004-09-27,0.17086020442530045,0.191
2004-09-28,0.16965389673703868,0.134
2004-09-29,0.1736974793938456,0.113
2004-09-30,0.2634659025919719,0.252
2004-10-01,0.2136584475684904,0.167
2004-10-02,0.4181950560781299,0.552
2004-10-03,1.3686469178821037,0.962
2004-10-04,0.3931933907225566,0.472
2004-10-05,0.2687398066543186,0.16
2004-10-06,0.24131384210574566,0.128
2004-10-07,0.22187627049063757,0.104
2004-10-08,0.2096396739229663,0.096
2004-10-09,0.20015080097840188,0.091
2004-10-10,0.19254440437212758,0.087
2004-10-11,0.1900434781333354,0.107
2004-10-12,0.22750950070674675,0.143
2004-10-13,1.4978579521668176,1.27
2004-10-14,1.4693333934757757,1.51
2004-10-15,1.5050323850963176,1.11
2004-10-16,1.2156432647004876,0.488
2004-10-17,0.6087652720720509,0.452
2004-10-18,0.3363274818961228,0.23
2004-10-19,1.0009803796122303,0.436
2004-10-20,1.4748279756681715,1.71
2004-10-21,0.43108373794613514,0.525
2004-10-22,0.3236678406364727,0.243
2004-10-23,1.4682259551534131,1.81
2004-10-24,1.4855329332262885,1.24
2004-10-25,0.44474199286376165,0.479
2004-10-26,0.33423117318004847,0.306
2004-10-27,0.5650175822716601,0.357
2004-10-28,0.4524468931630527,0.499
2004-10-29,0.3039892730243501,0.268
2004-10-30,0.2738113454583075,0.173
2004-10-31,0.25693597175723276,0.144
2004-11-01,0.3662688140307869,0.155
2004-11-02,0.25701137784170336,0.175
2004-11-03,0.24468397113981596,0.156
2004-11-04,0.22980496054969485,0.191
2004-11-05,0.22281560533722827,0.165
2004-11-06,0.21994487058582998,0.225
2004-11-07,0.22167845202313607,0.308
2004-11-08,0.3350791972043816,0.316
2004-11-09,0.6851705416919571,0.616
2004-11-10,0.27721803807537776,0.28
2004-11-11,0.23977055171955158,0.229
2004-11-12,0.23047911009709285,0.153
2004-11-13,0.22248886737338947,0.127
2004-11-14,0.21763536006835643,0.117
2004-11-15,0.21377126971703597,0.114
2004-11-16,0.21064218816860233,0.111
2004-11-17,0.4262260369565115,0.11
2004-11-18,1.421195224462834,1.91
2004-11-19,0.9858873366229406,0.596
2004-11-20,0.4107858721270482,0.329
2004-11-21,0.29287651177291457,0.271
2004-11-22,0.2660398629651092,0.216
2004-11-23,0.2525473863501649,0.21
2004-11-24,0.24223698425894036,0.199
2004-11-25,0.23598232932071353,0.2
2004-11-26,0.25207779163680455,0.19
2004-11-27,0.3303913180813607,0.158
2004-11-28,0.43979285826548964,0.239
2004-11-29,0.25531525377054665,0.207
2004-11-30,0.23392672066022105,0.169
2004-12-01,0.22655914703944713,0.15
2004-12-02,0.2210713502607819,0.136
2004-12-03,0.21641370659847592,0.127
2004-12-04,0.2126558800034733,0.123
2004-12-05,0.20955780892891654,0.122
2004-12-06,0.20694258297771917,0.123
2004-12-07,0.20465288206301774,0.124
2004-12-08,0.20264253255469045,0.122
2004-12-09,0.20085935806762753,0.117
2004-12-10,0.19926387599066608,0.107
2004-12-11,0.19775799577097292,0.103
2004-12-12,0.19654974573462125,0.101
2004-12-13,0.1951070862993421,0.101
2004-12-14,0.19376244165065018,0.101
2004-12-15,0.1952506753963549,0.102
2004-12-16,0.598841392611079,0.114
2004-12-17,1.3815417002972248,1.94
2004-12-18,1.3826553830730874,0.791
2004-12-19,0.3877979452174791,0.543
2004-12-20,0.29164541199638433,0.302
2004-12-21,1.2875460540178796,0.481
2004-12-22,0.392795292628763,1.11
2004-12-23,0.29697504722881074,0.429
2004-12-24,0.3118186405641532,0.312
2004-12-25,0.2643219646001587,0.231
2004-12-26,0.24801123428100655,0.174
2004-12-27,1.1837801606796186,0.62
2004-12-28,0.35653501901685286,0.625
2004-12-29,0.2753138777327299,0.328
2004-12-30,0.2561835511791406,0.261
2004-12-31,0.24155185653544453,0.22
2005-01-01,0.3447657067870563,0.304
2005-01-02,0.24190653009591895,0.304
2005-01-03,0.22587213825792932,0.291
2005-01-04,0.4243321123698692,0.3
2005-01-05,0.243480900811805,0.174
2005-01-06,0.2218536069321596,0.153
2005-01-07,0.4662249032068935,0.173
2005-01-08,0.24598967865837726,0.244
2005-01-09,0.22401650299114298,0.161
2005-01-10,0.5757891431267212,0.418
2005-01-11,0.3364593795608119,0.284
2005-01-12,0.2406444094623252,0.199
2005-01-13,0.22468976302552704,0.156
2005-01-14,0.21680285292336107,0.139
2005-01-15,0.2100745869061721,0.134
2005-01-16,0.20478674335819588,0.128
2005-01-17,0.6448137148273145,0.258
2005-01-18,0.25810873674098467,0.281
2005-01-19,0.22008245289976516,0.171
2005-01-20,0.21653925997804163,0.162
2005-01-21,0.2047887905155627,0.142
2005-01-22,0.20197241813509395,0.126
2005-01-23,0.19581984953390766,0.116
2005-01-24,0.19732130680852664,0.133
2005-01-25,0.1906349020971712,0.126
2005-01-26,0.18893362784622156,0.117
2005-01-27,0.5223190492752225,0.23
2005-01-28,0.28239255787851664,0.311
2005-01-29,0.2136760410633338,0.242
2005-01-30,0.2005689059906302,0.191
2005-01-31,0.24189909812809748,0.181
2005-02-01,0.20260382643513283,0.182
2005-02-02,0.19299736328827133,0.16
2005-02-03,0.18808492225039028,0.151
2005-02-04,0.18431609578786384,0.147
2005-02-05,0.18320136836739187,0.143
2005-02-06,0.17877811004367877,0.136
2005-02-07,0.17675320047736556,0.133
2005-02-08,0.1740017928047205,0.131
2005-02-09,0.17372308067000297,0.122
2005-02-10,0.7318450856009499,0.339
2005-02-11,0.41664326927921574,0.333
2005-02-12,0.4509702971084859,0.557
2005-02-13,0.2400513295606901,0.429
2005-02-14,0.2089157999291595,0.248
2005-02-15,0.19758514316485049,0.18
2005-02-16,0.18981344852510823,0.151
2005-02-17,0.18933341269762435,0.164
2005-02-18,0.18680316810147024,0.214
2005-02-19,0.17455262647807304,0.15
2005-02-20,0.17194146115685366,0.142
2005-02-21,0.37025691611694733,0.232
2005-02-22,0.22043680179492972,0.179
2005-02-23,0.20881527522043336,0.156
2005-02-24,0.2825823923775637,0.275
2005-02-25,0.24441040731419775,0.215
2005-02-26,0.3081515718816569,0.337
2005-02-27,0.1977849369575903,0.259
2005-02-28,0.18726503090531274,0.203
2005-03-01,0.7539810151308881,1.01
2005-03-02,0.3246172127739843,0.648
2005-03-03,0.21561000607662265,0.385
2005-03-04,0.26640569638931094,0.481
2005-03-05,0.2018190775841181,0.35
2005-03-06,0.18403684448547358,0.267
2005-03-07,0.1761035529761305,0.222
2005-03-08,0.16984721939730593,0.2
2005-03-09,0.16503630852709716,0.184
2005-03-10,0.16186532355091024,0.178
2005-03-11,0.21354958637100926,0.266
2005-03-12,0.16654403579096594,0.185
2005-03-13,0.1590227929207823,0.162
2005-03-14,0.1551229905568977,0.155
2005-03-15,0.15199390944054325,0.151
2005-03-16,0.15035327565770773,0.144
2005-03-17,0.14706264578241848,0.141
2005-03-18,0.14522727803934302,0.137
2005-03-19,0.14309855439680844,0.136
2005-03-20,0.1414023386741636,0.108
2005-03-21,0.1598454206705182,0.105
2005-03-22,0.2470408199373576,0.253
2005-03-23,0.17003924257395067,0.115
2005-03-24,0.1487004759027562,0.155
2005-03-25,0.14385776514658508,0.108
2005-03-26,0.47043750814249086,0.36
2005-03-27,0.18620685442268733,0.161
2005-03-28,0.158221752150674,0.126
2005-03-29,1.3328746630579913,1.73
2005-03-30,0.8501514864679219,1.45
2005-03-31,0.26957007052374704,0.504
2005-04-01,0.20509505861826036,0.319
2005-04-02,0.18712666808833706,0.214
2005-04-03,0.17601674736482636,0.168
2005-04-04,0.17118257699147335,0.16
2005-04-05,0.1602624944663856,0.136
2005-04-06,0.16569698724164247,0.146
2005-04-07,0.6432256072421677,0.34
2005-04-08,0.21460708444469345,0.213
2005-04-09,0.1693009268535112,0.138
2005-04-10,0.15854109211814607,0.12
2005-04-11,0.1517900042595007,0.111
2005-04-12,0.2681203355172855,0.117
2005-04-13,0.16672810011728442,0.184
2005-04-14,0.1529463970254195,0.123
2005-04-15,0.1529780926843974,0.116
2005-04-16,0.14187044614283043,0.112
2005-04-17,0.593891697359847,0.252
2005-04-18,0.20649351244469458,0.226
2005-04-19,0.16716373182552838,0.187
2005-04-20,0.15281241856749758,0.117
2005-04-21,0.14622979588888807,0.111
2005-04-22,0.14126122819388479,0.099
2005-04-23,0.13723565162891502,0.106
2005-04-24,0.6443881386051625,0.256
2005-04-25,0.2204143278168348,0.486
2005-04-26,0.5789202140035896,0.43
2005-04-27,0.5102205364099068,0.863
2005-04-28,0.22323620906512723,0.289
2005-04-29,0.18605667914649812,0.175
2005-04-30,0.17205350825990812,0.146
2005-05-01,0.1664391556873279,0.132
2005-05-02,0.15634205611569582,0.119
2005-05-03,0.15096493527339594,0.11
2005-05-04,0.14222704918330017,0.1
2005-05-05,0.1375516686114506,0.106
2005-05-06,0.14061387640622622,0.109
2005-05-07,0.1333621522968011,0.099
2005-05-08,0.1290639668108793,0.093
2005-05-09,0.12786801727749536,0.094
2005-05-10,0.12977561061132722,0.105
2005-05-11,0.123561178291439,0.099
2005-05-12,0.12185005350761642,0.1
2005-05-13,0.12061302837815141,0.098
2005-05-14,0.11951510703270028,0.098
2005-05-15,0.11849702715562883,0.1
2005-05-16,0.13511044641203435,0.124
2005-05-17,0.11798624717915122,0.086
2005-05-18,0.1190115438138461,0.084
2005-05-19,0.42219335442469713,0.179
2005-05-20,0.17132963832555242,0.239
2005-05-21,0.24452591122605907,0.324
2005-05-22,0.16292987959588387,0.124
2005-05-23,0.14803409873226347,0.107
2005-05-24,0.1403003189932623,0.107
2005-05-25,0.13392890463496762,0.103
2005-05-26,0.12904275064639287,0.097
2005-05-27,0.12503793183863054,0.086
2005-05-28,0.12171124445792603,0.083
2005-05-29,0.12174659072969314,0.088
2005-05-30,0.12309294760133842,0.11
2005-05-31,0.11503679793670453,0.111
2005-06-01,0.1366904393160969,0.136
2005-06-02,0.11309601961802872,0.092
2005-06-03,0.6913949148920383,0.556
2005-06-04,0.19729787213661606,0.108
2005-06-05,0.15070849210203308,0.088
2005-06-06,0.13886776276333204,0.083
2005-06-07,0.13171779406786494,0.081
2005-06-08,0.12607406287105644,0.079
2005-06-09,0.12146098174459737,0.08
2005-06-10,0.1176556785344055,0.078
2005-06-11,0.11450724691293956,0.079
2005-06-12,0.11184883966111657,0.08
2005-06-13,0.10959088090875313,0.073
2005-06-14,0.1260672327704509,0.077
2005-06-15,0.11769029744803199,0.171
2005-06-16,0.10650683145738488,0.085
2005-06-17,0.10334512162072258,0.078
2005-06-18,0.10201152856159326,0.073
2005-06-19,0.10351428843223622,0.071
2005-06-20,0.10016735359950332,0.081
2005-06-21,0.09894022374356316,0.069
2005-06-22,0.09800172443399205,0.072
2005-06-23,0.09711588541408149,0.072
2005-06-24,0.7514147137493408,0.508
2005-06-25,0.19475277681121278,0.124
2005-06-26,0.14226889064831927,0.13
2005-06-27,0.13004679754843335,0.081
2005-06-28,1.2278249595847184,0.936
2005-06-29,0.3034012088340214,0.277
2005-06-30,0.196122961653674,0.379
2005-07-01,0.16554296001694696,0.121
2005-07-02,0.14559910748610674,0.102
2005-07-03,0.1359973583723772,0.096
2005-07-04,0.13009413740017994,0.091
2005-07-05,0.1401121192804216,0.168
2005-07-06,0.12931464842264706,0.102
2005-07-07,0.12541209900620312,0.212
2005-07-08,0.10856304858099508,0.099
2005-07-09,0.1045934938455726,0.102
2005-07-10,0.10214407799866165,0.085
2005-07-11,0.10015138654865526,0.084
2005-07-12,0.09848066147288011,0.083
2005-07-13,0.0971947788420841,0.077
2005-07-14,0.09582943577139426,0.074
2005-07-15,0.0947333162090056,0.068
2005-07-16,0.0937623194659672,0.068
2005-07-17,0.09288163798052455,0.069
2005-07-18,0.09824692484044754,0.074
2005-07-19,0.09177912865020091,0.07
2005-07-20,0.09062464053661519,0.063
2005-07-21,0.08990252983305454,0.066
2005-07-22,0.08922970580576606,0.072
2005-07-23,0.09713130059507899,0.072
2005-07-24,1.2424016891065952,0.593
2005-07-25,0.2571092980944868,0.327
2005-07-26,0.35259554929797166,0.222
2005-07-27,0.4653793591252527,0.496
2005-07-28,0.20916028289487637,0.262
2005-07-29,0.16872008726679832,0.111
2005-07-30,0.16797316537167895,0.433
2005-07-31,0.15009535300831864,0.124
2005-08-01,0.17322983924294513,0.2
2005-08-02,0.1282815803297559,0.095
2005-08-03,0.11547577638324713,0.082
2005-08-04,0.2673392961703358,0.159
2005-08-05,0.1418191309735837,0.153
2005-08-06,0.12449691440498221,0.08
2005-08-07,0.11720111168072336,0.073
2005-08-08,0.11184583466581319,0.069
2005-08-09,0.10756890482051648,0.066
2005-08-10,0.10411588625936982,0.067
2005-08-11,0.10346904177228436,0.145
2005-08-12,0.09925223828312209,0.083
2005-08-13,0.2096319992813372,0.228
2005-08-14,0.1304865666376534,0.111
2005-08-15,0.11366386081129368,0.082
2005-08-16,0.10822505993742772,0.074
2005-08-17,0.10444995642657932,0.07
2005-08-18,0.26632671829252436,0.245
2005-08-19,0.30410566782874093,0.379
2005-08-20,0.15773110454434658,0.109
2005-08-21,0.1454180903494615,0.083
2005-08-22,0.7036876742431689,0.532
2005-08-23,0.20593048279939213,0.123
2005-08-24,1.0669038955842183,0.76
2005-08-25,0.27099075252924937,0.175
2005-08-26,0.18697278459608416,0.111
2005-08-27,0.16510652936263817,0.086
2005-08-28,0.15114978380236357,0.076
2005-08-29,0.14029571607528385,0.072
2005-08-30,0.13167145816583517,0.073
2005-08-31,0.12491717797847053,0.075
2005-09-01,0.11961280981282969,0.091
2005-09-02,0.11497244420671637,0.081
2005-09-03,0.11145823338516771,0.081
2005-09-04,0.4422390150497857,0.322
2005-09-05,0.16543279378417836,0.12
2005-09-06,0.13603350822516067,0.083
2005-09-07,0.12718961673673249,0.079
2005-09-08,0.12148183842156308,0.066
2005-09-09,1.0562992841193777,0.867
2005-09-10,0.2632732922095557,0.333
2005-09-11,0.1712852561417833,0.145
2005-09-12,0.1519555018733062,0.12
2005-09-13,0.1413822383367007,0.109
2005-09-14,0.22078283418613773,0.138
2005-09-15,0.9631373509367869,0.843
2005-09-16,0.25398387383050697,0.199
2005-09-17,0.18318592219916827,0.124
2005-09-18,0.1647406353788289,0.112
2005-09-19,0.15292847887990466,0.108
2005-09-20,0.14377658557345577,0.109
2005-09-21,0.13651207684849248,0.109
2005-09-22,0.13072657488046688,0.099
2005-09-23,0.14060857833175563,0.174
2005-09-24,0.12452117093490585,0.089
2005-09-25,0.12030818649516321,0.106
2005-09-26,0.31116835375415486,0.197
2005-09-27,0.148722543331054,0.15
2005-09-28,1.0037584939111295,0.803
2005-09-29,0.6033346251105746,0.353
2005-09-30,0.230577626311816,0.282
2005-10-01,0.269835178751695,0.25
2005-10-02,0.18544756923425196,0.127
2005-10-03,0.1670009519877788,0.112
2005-10-04,0.15606174592636746,0.1
2005-10-05,0.14759736600761467,0.099
2005-10-06,0.14088826145650124,0.098
2005-10-07,0.13553569555870554,0.099
2005-10-08,0.14138158116129027,0.119
2005-10-09,0.12860252835848646,0.098
2005-10-10,0.12549356887741533,0.093
2005-10-11,0.12469215021854747,0.091
2005-10-12,1.277100478585609,0.642
2005-10-13,0.7088146189455977,0.548
2005-10-14,0.23811317991675052,0.155
2005-10-15,0.18740556128448152,0.122
2005-10-16,0.17503638439533314,0.114
2005-10-17,0.16107365988573544,0.11
2005-10-18,1.0289650261200551,0.668
2005-10-19,1.4421137114894895,1.66
2005-10-20,1.4176669456587092,0.639
2005-10-21,0.449228690231644,0.843
2005-10-22,0.26789738604406277,0.22
2005-10-23,1.2721171443930104,0.558
2005-10-24,1.5103144186766926,1.86
2005-10-25,0.6930268416145858,0.785
2005-10-26,0.32064231026350143,1.93
2005-10-27,0.5336249238109432,0.668
2005-10-28,0.2877548944469943,0.259
2005-10-29,0.23919833714119368,0.16
2005-10-30,0.22435536010905155,0.129
2005-10-31,0.35158673221369924,0.202
2005-11-01,0.7365130778170134,0.412
2005-11-02,1.215956885487257,0.672
2005-11-03,0.341347615316482,0.429
2005-11-04,0.25114538809098885,0.2
2005-11-05,0.22899836674898422,0.146
2005-11-06,0.8783702607179459,0.706
2005-11-07,0.28869888260684345,0.286
2005-11-08,0.2913162336856018,0.189
2005-11-09,0.22628481636703132,0.146
2005-11-10,0.21027484910779629,0.121
2005-11-11,0.34418976400459345,0.185
2005-11-12,0.21618397304705286,0.128
2005-11-13,0.19874932556451916,0.107
2005-11-14,0.3193947198557898,0.118
2005-11-15,0.20654326722488325,0.167
2005-11-16,0.1914693872993057,0.114
2005-11-17,0.18584585881714044,0.1
2005-11-18,0.18226004425583786,0.097
2005-11-19,0.17922124203036038,0.1
2005-11-20,0.17638813920624552,0.098
2005-11-21,0.1744924245046814,0.1
2005-11-22,0.17336494512601364,0.104
2005-11-23,0.17160181050827344,0.104
2005-11-24,0.21583962012775595,0.152
2005-11-25,0.1798621413750113,0.109
2005-11-26,0.176885673923687,0.104
2005-11-27,0.1728797692673574,0.102
2005-11-28,0.1713536270445312,0.1
2005-11-29,0.17003235723581922,0.103
2005-11-30,0.1721951367625034,0.096
2005-12-01,1.0503963211658276,0.36
2005-12-02,0.4590691998439197,0.413
2005-12-03,0.24006206257027626,0.223
2005-12-04,0.21022862902707332,0.166
2005-12-05,0.2016202276390739,0.144
2005-12-06,0.19560015642927903,0.127
2005-12-07,0.8952112169055874,0.565
2005-12-08,0.2751098662350578,0.442
2005-12-09,0.2147691080160735,0.227
2005-12-10,0.20219023074426584,0.175
2005-12-11,0.19491188350355712,0.159
2005-12-12,0.18821282744392728,0.157
2005-12-13,0.18321716002413796,0.15
2005-12-14,0.17917045411793364,0.142
2005-12-15,0.17656775998905588,0.143
2005-12-16,0.17303604904705772,0.127
2005-12-17,0.17058805685654688,0.12
2005-12-18,0.174230186680644,0.116
2005-12-19,0.1674882691520868,0.116
2005-12-20,0.1652615371781751,0.114
2005-12-21,0.16371691290966053,0.112
2005-12-22,0.16235912472592318,0.11
2005-12-23,0.16181054205469556,0.11
2005-12-24,0.16038678656165653,0.112
2005-12-25,0.15938034250879637,0.106
2005-12-26,0.1584239557162576,0.106
2005-12-27,0.1622274360139059,0.107
2005-12-28,0.1567717426673779,0.107
2005-12-29,0.3298858937386555,0.112
2005-12-30,1.358722884723368,1.73
2005-12-31,1.0467501169089366,0.614
2006-01-01,0.3034835766011992,0.359
2006-01-02,0.23042230131971914,0.245
2006-01-03,0.21425571211799063,0.225
2006-01-04,0.19900019946477693,0.196
2006-01-05,0.189885075572992,0.178
2006-01-06,0.2452160103100929,0.165
2006-01-07,0.28270140985710557,0.246
2006-01-08,0.7871071168973062,0.618
2006-01-09,0.25411768180141725,0.46
2006-01-10,0.511990464231348,0.332
2006-01-11,0.23308678102341765,0.454
2006-01-12,0.20003438586860195,0.274
2006-01-13,0.18818960645094904,0.213
2006-01-14,0.2310006172250308,0.193
2006-01-15,0.18360741245465878,0.18
2006-01-16,0.598068214535647,0.319
2006-01-17,0.22738374815681128,0.3
2006-01-18,0.40500349995169405,0.486
2006-01-19,0.2123305825485211,0.306
2006-01-20,0.18591841072283144,0.249
2006-01-21,0.1769297945179116,0.185
2006-01-22,0.17096244683738793,0.165
2006-01-23,0.16551609613243584,0.158
2006-01-24,0.16128400197224224,0.149
2006-01-25,0.15810255294403994,0.138
2006-01-26,0.15487562906297747,0.133
2006-01-27,0.15244986294338952,0.13
2006-01-28,0.1502204443067835,0.124
2006-01-29,0.14833668819784543,0.117
2006-01-30,0.1466595022901251,0.122
2006-01-31,0.14516198261858154,0.121
2006-02-01,0.14379496826540605,0.117
2006-02-02,0.14252685956461753,0.12
2006-02-03,0.14133265229323405,0.116
2006-02-04,0.14019654008603014,0.116
2006-02-05,0.13911120375338817,0.116
2006-02-06,0.13803131866103657,0.117
2006-02-07,0.43715295469173976,0.305
2006-02-08,0.1761847804592246,0.157
2006-02-09,0.15209241116462568,0.125
2006-02-10,0.14668364461523423,0.118
2006-02-11,0.7217939641839263,0.147
2006-02-12,0.9599467963143106,0.955
2006-02-13,0.2621940440616541,0.397
2006-02-14,1.3159936813881987,1.37
2006-02-15,0.4572524466690184,3.03
2006-02-16,0.42370579928868124,2.51
2006-02-17,0.24630671464213122,1.0
2006-02-18,0.21572090878546374,0.701
2006-02-19,0.5983289513364675,0.752
2006-02-20,0.24425469506840922,0.566
2006-02-21,0.2710823579586961,0.631
2006-02-22,0.20306159326027762,0.532
2006-02-23,0.6433879945911414,1.07
2006-02-24,0.23887485057389768,0.66
2006-02-25,0.19514344917476567,0.52
2006-02-26,0.18143477140653147,0.452
2006-02-27,0.17791611022118975,0.472
2006-02-28,0.16506679660486795,0.433
2006-03-01,0.15878517362592234,0.393
2006-03-02,0.15420131737971945,0.384
2006-03-03,0.14987274425232922,0.367
2006-03-04,0.14659589284476218,0.361
2006-03-05,0.14391800235392557,0.354
2006-03-06,0.14177942216147169,0.355
2006-03-07,1.2447154627452142,1.31
2006-03-08,1.1572938541334328,4.2
2006-03-09,0.6053438000957274,2.89
2006-03-10,0.27916101018210204,0.981
2006-03-11,0.23196619302824395,0.582
2006-03-12,0.2117393501138054,0.458
2006-03-13,0.19691594608830562,0.401
2006-03-14,0.18911506167905864,0.379
2006-03-15,0.17603264398333937,0.352
2006-03-16,0.1682222074729695,0.324
2006-03-17,0.16210102305785,0.323
2006-03-18,0.15718908231676798,0.309
2006-03-19,0.15321209384433215,0.298
2006-03-20,0.14996965336717796,0.287
2006-03-21,0.14730597367207005,0.133
2006-03-22,0.14509710684134533,0.119
2006-03-23,0.5280768817828274,0.24
2006-03-24,0.37667858775107105,0.402
2006-03-25,0.24892341936051304,0.316
2006-03-26,0.20167387533492784,0.266
2006-03-27,0.18182922739650753,0.283
2006-03-28,0.18039058615928158,0.279
2006-03-29,0.8175370214859733,0.797
2006-03-30,0.24650775450093454,0.581
2006-03-31,0.2756647855747842,0.335
2006-04-01,0.3478379869353773,0.417
2006-04-02,0.21958204022190853,0.341
2006-04-03,0.18948267238780306,0.207
2006-04-04,0.1781476821425615,0.161
2006-04-05,0.17002596464202455,0.145
2006-04-06,0.16355333024373836,0.133
2006-04-07,0.16256209339369976,0.126
2006-04-08,0.1626610623537602,0.171
2006-04-09,0.7477637119064418,0.336
2006-04-10,0.22904888137066767,0.188
2006-04-11,0.5205994280062345,0.359
2006-04-12,0.21912690149804404,0.196
2006-04-13,0.19475569077913302,0.153
2006-04-14,0.182044288189925,0.207
2006-04-15,0.1682155651426994,0.14
2006-04-16,0.1618813798379263,0.124
2006-04-17,0.1564684819836792,0.114
2006-04-18,0.15291767977691048,0.113
2006-04-19,0.1522212958600098,0.106
2006-04-20,0.14799090555478941,0.104
2006-04-21,0.1447943354233178,0.102
2006-04-22,0.15265977177762988,0.099
2006-04-23,0.1535484017150511,0.182
2006-04-24,0.14004649804860678,0.112
2006-04-25,0.13914828040169633,0.104
2006-04-26,0.13666258816117427,0.098
2006-04-27,0.13548244828431152,0.094
2006-04-28,0.13446259045614062,0.087
2006-04-29,0.1410175469951832,0.089
2006-04-30,1.2619033161449693,0.511
2006-05-01,0.2830851414379431,0.404
2006-05-02,0.19537264469159452,0.143
2006-05-03,0.1780021731850347,0.113
2006-05-04,0.16802498669693827,0.103
2006-05-05,0.16024010011444867,0.103
2006-05-06,0.3713023426433393,0.266
2006-05-07,0.6389567694077515,0.158
2006-05-08,0.3182858138784647,0.629
2006-05-09,0.2135509923492862,0.157
2006-05-10,0.19104125612248835,0.12
2006-05-11,0.17840816519559213,0.105
2006-05-12,0.16915713318647463,0.099
2006-05-13,0.3096529143722931,0.43
2006-05-14,0.18644105050690035,0.139
2006-05-15,0.1683652628011799,0.116
2006-05-16,0.16492229224560723,0.119
2006-05-17,0.6802187185256234,0.568
2006-05-18,0.23658748661423745,0.183
2006-05-19,1.1796264895625903,0.893
2006-05-20,0.3137798405171055,0.528
2006-05-21,0.8676697485315398,0.883
2006-05-22,0.4174379479327596,0.699
2006-05-23,0.2634862306367823,0.437
2006-05-24,0.9838197325311204,0.867
2006-05-25,0.8575331652091659,0.702
2006-05-26,0.31688188108523657,0.847
2006-05-27,0.3655636856457297,0.577
2006-05-28,0.25505226235426054,0.29
2006-05-29,0.2399246986527466,0.227
2006-05-30,0.21114514741302182,0.16
2006-05-31,0.19692219227589333,0.134
2006-06-01,0.18632097435981554,0.126
2006-06-02,0.17815017916887582,0.119
2006-06-03,0.17119364033065684,0.11
2006-06-04,0.165926274543579,0.107
2006-06-05,0.16159784520134007,0.108
2006-06-06,0.158186877271808,0.107
2006-06-07,0.15547702356677232,0.102
2006-06-08,0.1532395120120785,0.096
2006-06-09,0.15143271807347378,0.107
2006-06-10,0.149943820852112,0.125
2006-06-11,0.14869824230658635,0.129
2006-06-12,0.1732122940579783,0.182
2006-06-13,0.5002315065418498,0.333
2006-06-14,0.20492448138522537,0.115
2006-06-15,0.17550050628734146,0.087
2006-06-16,0.16779061252602678,0.088
2006-06-17,0.16277119132439002,0.091
2006-06-18,0.15877389607304856,0.074
2006-06-19,0.15782704144794293,0.08
2006-06-20,0.1585524914146075,0.077
2006-06-21,0.15093745988093202,0.077
2006-06-22,0.1486026426926856,0.072
2006-06-23,0.15546383087640234,0.088
2006-06-24,0.14611688233594775,0.085
2006-06-25,0.16287190171104857,0.076
2006-06-26,0.1664046707629909,0.219
2006-06-27,0.1439495881801492,0.09
2006-06-28,0.14108099685542388,0.078
2006-06-29,0.13998449858840903,0.075
2006-06-30,0.13905372648055112,0.068
2006-07-01,0.13815691213079265,0.062
2006-07-02,0.13727359164021274,0.06
2006-07-03,0.1363981830439912,0.077
2006-07-04,0.14578855884536274,0.127
2006-07-05,1.3432338089720808,1.18
2006-07-06,0.40588890124132215,0.135
2006-07-07,0.2333876182653805,0.093
2006-07-08,0.2196910037102675,0.123
2006-07-09,0.18985740663512737,0.105
2006-07-10,0.18969110777378934,0.089
2006-07-11,0.1694134644385293,0.083
2006-07-12,0.16128986957789346,0.081
2006-07-13,0.15530210743029071,0.077
2006-07-14,0.1504455242295134,0.072
2006-07-15,0.14644303238081832,0.07
2006-07-16,0.14311551638992667,0.07
2006-07-17,0.1403202743032885,0.077
2006-07-18,0.13794754818440239,0.065
2006-07-19,0.1359410349614641,0.074
2006-07-20,0.13413230165053944,0.07
2006-07-21,0.14926792572241046,0.078
2006-07-22,0.1391520614104278,0.085
2006-07-23,0.13047252293537184,0.073
2006-07-24,0.1287039973390807,0.073
2006-07-25,0.12813714032273368,0.075
2006-07-26,0.12752745900191778,0.077
2006-07-27,0.2554379954391553,0.208
2006-07-28,0.16412288532379982,0.109
2006-07-29,0.15660059008760657,0.131
2006-07-30,0.14468436007430174,0.122
2006-07-31,0.15586377684526573,0.159
2006-08-01,0.13647011441481266,0.126
2006-08-02,0.14120882289294845,0.121
2006-08-03,0.12962895631253676,0.114
2006-08-04,0.1264561773477101,0.11
2006-08-05,0.12425718101711213,0.074
2006-08-06,0.12333311379447823,0.065
2006-08-07,0.12276517913152483,0.093
2006-08-08,0.1204171593577845,0.065
2006-08-09,0.11788230784100537,0.064
2006-08-10,0.11653127495379766,0.1
2006-08-11,0.11905239930859253,0.066
2006-08-12,0.2909629944997335,0.074
2006-08-13,0.3346701553232229,0.483
2006-08-14,0.18762228519004662,0.155
2006-08-15,0.1569210986888714,0.091
2006-08-16,0.16172627931064945,0.235
2006-08-17,1.2866349137052038,0.68
2006-08-18,0.35898905271915016,0.376
2006-08-19,0.20895278333768888,0.121
2006-08-20,0.18008934005358204,0.087
2006-08-21,0.1645485228192946,0.079
2006-08-22,0.15247520031607106,0.073
2006-08-23,1.2477799837592665,0.5
2006-08-24,0.28691369548508866,0.267
2006-08-25,0.21311757151913685,0.174
2006-08-26,0.18285335874151606,0.124
2006-08-27,0.395666885489005,0.236
2006-08-28,0.2084155216056787,0.233
2006-08-29,0.1727604134655822,0.093
2006-08-30,0.15634511167319465,0.079
2006-08-31,0.14887151147811128,0.076
2006-09-01,0.1415869432510123,0.075
2006-09-02,0.1426270175827837,0.082
2006-09-03,0.130943007022105,0.083
2006-09-04,0.12675484910709522,0.077
2006-09-05,0.1237356879591506,0.092
2006-09-06,0.121294767903883,0.077
2006-09-07,0.11926083535981173,0.079
2006-09-08,0.11755614956939447,0.085
2006-09-09,0.11611732568291665,0.085
2006-09-10,0.11486774986408366,0.083
2006-09-11,0.12534430348890924,0.113
2006-09-12,0.85294283330685,0.528
2006-09-13,1.2436205968086178,0.754
2006-09-14,0.2982981763412479,0.186
2006-09-15,0.2057011626438509,0.121
2006-09-16,0.18298245915597466,0.109
2006-09-17,0.16874822199063863,0.101
2006-09-18,0.15794479949527576,0.099
2006-09-19,0.14871726859968679,0.079
2006-09-20,0.14154593901301324,0.076
2006-09-21,0.3155972413564716,0.175
2006-09-22,1.0018552464752617,0.642
2006-09-23,0.2666716956801885,0.11
2006-09-24,0.18906203601078606,0.094
2006-09-25,0.17936886788617462,0.093
2006-09-26,0.1595481770206826,0.08
2006-09-27,0.1505732392359026,0.074
2006-09-28,1.2606890632465588,0.905
2006-09-29,1.3785518847390097,0.728
2006-09-30,0.8921806559406507,0.593
2006-10-01,0.41234927936346416,0.268
2006-10-02,0.2720318194649863,0.129
2006-10-03,0.23181890342017342,0.153
2006-10-04,0.20835444518119633,0.184
2006-10-05,0.7395417084197091,0.331
2006-10-06,0.7942392699505121,0.813
2006-10-07,0.27661786886810463,0.225
2006-10-08,0.21870002831189259,0.176
2006-10-09,0.35543718617643577,0.163
2006-10-10,0.22148357654825865,0.219
2006-10-11,0.750305840866753,0.813
2006-10-12,0.25612665912547483,0.157
2006-10-13,0.20445312518929007,0.1
2006-10-14,0.18856383115405698,0.091
2006-10-15,0.17830862915601228,0.086
2006-10-16,0.17058468250516845,0.084
2006-10-17,0.16928355594114974,0.086
2006-10-18,0.17011986663227033,0.095
2006-10-19,0.2938457477814483,0.138
2006-10-20,0.18284628716905135,0.149
2006-10-21,0.177477539681012,0.109
2006-10-22,1.1656995158981054,0.628
2006-10-23,1.4056745493448697,0.933
2006-10-24,0.39142392055972314,0.417
2006-10-25,0.6243263179925935,0.442
2006-10-26,0.2777973031093722,0.206
2006-10-27,0.23480583044042658,0.122
2006-10-28,0.21463804842329465,0.102
2006-10-29,0.20148597874783142,0.091
2006-10-30,0.19128621235348975,0.089
2006-10-31,0.18319325504686523,0.083
2006-11-01,0.17676876793090185,0.078
2006-11-02,0.17167061837465458,0.076
2006-11-03,0.1676039213149013,0.076
2006-11-04,0.1646920802600921,0.076
2006-11-05,0.16178636496266313,0.079
2006-11-06,0.16000960293135108,0.082
2006-11-07,0.15796163044696523,0.088
2006-11-08,0.15996318093667672,0.089
2006-11-09,0.15560168710237302,0.087
2006-11-10,1.0573733744550695,0.472
2006-11-11,0.26831137236212155,0.179
2006-11-12,0.20155647338164395,0.105
2006-11-13,0.18643508728142574,0.102
2006-11-14,0.3184090038814701,0.175
2006-11-15,0.6724382548803091,0.136
2006-11-16,0.5363673371443176,0.525
2006-11-17,1.4726449438203246,2.41
2006-11-18,1.3033542468472465,0.426
2006-11-19,0.777890565426274,0.292
2006-11-20,0.39647075935196635,0.699
2006-11-21,0.28243938758995807,0.338
2006-11-22,1.3753996093883731,0.957
2006-11-23,0.38800345795713903,0.876
2006-11-24,1.0367418258297127,0.59
2006-11-25,1.3288014572578735,1.39
2006-11-26,1.512116301476529,3.1
2006-11-27,1.1120576669455782,0.709
2006-11-28,0.4407166591589156,0.794
2006-11-29,0.3506552231670861,0.381
2006-11-30,0.3782045333306658,0.287
2006-12-01,0.6222827972175539,0.408
2006-12-02,0.8009976185351086,0.414
2006-12-03,0.35281508853428883,0.631
2006-12-04,0.3032409415632621,0.32
2006-12-05,0.33088384295145595,0.376
2006-12-06,1.3518709344628024,0.548
2006-12-07,0.791144797934588,1.25
2006-12-08,0.369035064838136,0.465
2006-12-09,0.30872925476292323,0.28
2006-12-10,0.7284442946475859,0.391
2006-12-11,0.6986545482138824,0.883
2006-12-12,0.34099277215704504,0.413
2006-12-13,0.2942684730651591,0.287
2006-12-14,0.2755903144311149,0.21
2006-12-15,0.7964894018041622,0.382
2006-12-16,0.32850677988166604,0.443
2006-12-17,0.2807398219949571,0.258
2006-12-18,0.263490136479697,0.199
2006-12-19,0.25429314476771486,0.168
2006-12-20,0.24674153864051737,0.154
2006-12-21,0.24084658173480977,0.149
2006-12-22,0.23610598628855886,0.139
2006-12-23,0.2309918342572737,0.139
2006-12-24,0.22790275769303325,0.134
2006-12-25,0.22551270672550303,0.131
2006-12-26,0.22424593966230436,0.125
2006-12-27,0.22497482875580152,0.115
2006-12-28,0.2210205870342169,0.115
2006-12-29,1.227023363479772,0.491
2006-12-30,1.271545230100867,1.25
2006-12-31,1.1264455167238743,0.98
2007-01-01,0.9249023097708698,1.34
2007-01-02,0.45109961005115734,0.64
2007-01-03,0.4717648075067194,0.441
2007-01-04,0.3696985360788417,0.34
2007-01-05,0.34554818743833304,0.271
2007-01-06,1.628633518342841,2.77
2007-01-07,1.1605592675100942,1.39
2007-01-08,0.5620820119488867,1.22
2007-01-09,1.6824758859997362,1.36
2007-01-10,0.6674812205612843,1.58
2007-01-11,1.0341772327205745,1.84
2007-01-12,0.5390650803184971,0.65
2007-01-13,0.4670597173838906,0.452
2007-01-14,0.4140038152206016,0.327
2007-01-15,0.5245338397563353,0.28
2007-01-16,1.1541563375878758,0.762
2007-01-17,1.5543142562291496,1.98
2007-01-18,0.9513880370122265,2.01
2007-01-19,0.7285884286319723,0.921
2007-01-20,0.5215902942492616,0.719
2007-01-21,0.4698801317972964,0.43
2007-01-22,0.4382637164809683,0.327
2007-01-23,0.4104755303178809,0.269
2007-01-24,0.38480224381725847,0.306
2007-01-25,0.36071475257193797,0.238
2007-01-26,0.3484899598358652,0.215
2007-01-27,0.3356997961404265,0.156
2007-01-28,0.32716838463926956,0.149
2007-01-29,0.3206644381503828,0.141
2007-01-30,0.3155298869020282,0.133
2007-01-31,0.31154105411699307,0.124
2007-02-01,0.30875977477207966,0.118
2007-02-02,0.30600419646667987,0.114
2007-02-03,0.30404078153912545,0.11
2007-02-04,0.30283899324308783,0.11
2007-02-05,0.30169985096671426,0.112
2007-02-06,0.30016095726670905,0.109
2007-02-07,0.9546403039126681,0.107
2007-02-08,0.6473729995977018,0.402
2007-02-09,1.2273947573660904,0.799
2007-02-10,1.5866883357409012,2.1
2007-02-11,1.1391361412057277,2.2
2007-02-12,1.1614934425186976,2.94
2007-02-13,2.0230660300299594,3.47
2007-02-14,1.2109122921717805,3.26
2007-02-15,0.6715937137153267,0.907
2007-02-16,0.5753162600617323,0.573
2007-02-17,0.5224705728462321,0.421
2007-02-18,0.4850938997287078,0.343
2007-02-19,0.49166793568813016,0.333
2007-02-20,1.1311766283402642,0.722
2007-02-21,0.5500882100421373,0.735
2007-02-22,0.9061286108415123,0.677
2007-02-23,1.2030262085736705,1.21
2007-02-24,1.564062288784131,2.07
2007-02-25,0.6839426462533003,1.89
2007-02-26,1.1403597778248533,0.916
2007-02-27,1.049149013372204,2.04
2007-02-28,0.8861842657778405,1.0
2007-03-01,0.6048504189739641,0.498
2007-03-02,1.4172771903179167,0.993
2007-03-03,0.6619957144760781,0.735
2007-03-04,1.7577592388772367,1.55
2007-03-05,2.096686884600649,1.44
2007-03-06,1.0606708392996937,1.34
2007-03-07,0.7182621448529343,0.563
2007-03-08,0.8282855487520756,0.438
2007-03-09,0.6357046157722781,0.352
2007-03-10,0.5773043208337826,0.257
2007-03-11,0.5414065958105941,0.208
2007-03-12,0.5138107968298843,0.18
2007-03-13,0.49214213064227164,0.16
2007-03-14,0.47509039169586104,0.145
2007-03-15,0.4616793933770858,0.137
2007-03-16,0.4511391944788472,0.137
2007-03-17,0.4492664096215489,0.152
2007-03-18,0.4491634961071518,0.158
2007-03-19,0.5374661852311035,0.207
2007-03-20,0.45031663562284546,0.18
2007-03-21,0.43838165779862426,0.125
2007-03-22,0.4363747354707985,0.122
2007-03-23,0.4287512295256438,0.12
2007-03-24,0.42482721969773113,0.113
2007-03-25,0.42178038568015136,0.111
2007-03-26,0.4189903085134877,0.108
2007-03-27,0.41695123437604553,0.103
2007-03-28,0.4155763500632861,0.103
2007-03-29,0.5579697670493797,0.314
2007-03-30,0.546257052413036,0.258
2007-03-31,0.44718182817679536,0.155
2007-04-01,0.4332640830909084,0.129
2007-04-02,0.4268786811532272,0.11
2007-04-03,0.4234832359953824,0.106
2007-04-04,0.41765649028280677,0.104
2007-04-05,0.41376328462829304,0.103
2007-04-06,0.4103871528442395,0.101
2007-04-07,0.40732008775950856,0.098
2007-04-08,0.4044835932747266,0.098
2007-04-09,0.40181324808239055,0.099
2007-04-10,0.3992625496952133,0.097
2007-04-11,0.3967870897501172,0.1
2007-04-12,0.3943623813872833,0.099
2007-04-13,0.3919669156439994,0.1
2007-04-14,0.38957735981413044,0.096
2007-04-15,0.3871843522414369,0.092
2007-04-16,0.3847780604012094,0.091
2007-04-17,0.38234264667120915,0.091
2007-04-18,0.37988582100590346,0.09
2007-04-19,0.3773934493965836,0.091
2007-04-20,0.37486921194061035,0.09
2007-04-21,0.37230993279774455,0.089
2007-04-22,0.36974464299046045,0.089
2007-04-23,0.37014772358306597,0.081
2007-04-24,0.3646676523943314,0.078
2007-04-25,0.3714041848727804,0.089
2007-04-26,0.36410394283848685,0.1
2007-04-27,0.35661687414172444,0.08
2007-04-28,0.3534574034583938,0.076
2007-04-29,0.35060720839647425,0.076
2007-04-30,0.3477569293913916,0.078
2007-05-01,0.3448828181058087,0.074
2007-05-02,0.34198588663655494,0.077
2007-05-03,0.3390682659144591,0.078
2007-05-04,0.3361313975094439,0.08
2007-05-05,0.3331770296906413,0.081
2007-05-06,0.6692830896808049,0.105
2007-05-07,0.39765124033355237,0.613
2007-05-08,0.35759939667077373,0.158
2007-05-09,0.3603577518751273,0.258
2007-05-10,0.8487753136286493,0.517
2007-05-11,0.7122620813354881,0.493
2007-05-12,0.4281135740490228,0.315
2007-05-13,0.8417962210273431,0.586
2007-05-14,0.4445367678140669,0.309
2007-05-15,0.40177820813532533,0.462
2007-05-16,0.5644763170000646,0.423
2007-05-17,0.3908486993284814,0.35
2007-05-18,0.3613516978521163,0.197
2007-05-19,0.3448225519010766,0.145
2007-05-20,0.3335361366905288,0.13
2007-05-21,0.332444773504559,0.107
2007-05-22,0.3172113301785396,0.083
2007-05-23,0.30957918152365604,0.077
2007-05-24,0.3035940785275461,0.077
2007-05-25,0.29888090155345903,0.075
2007-05-26,1.074479245806225,0.502
2007-05-27,1.760468367462203,3.46
2007-05-28,1.605219101060578,1.52
2007-05-29,1.353504767130957,0.534
2007-05-30,0.5276623756235963,0.433
2007-05-31,0.41358642089076353,0.211
2007-06-01,0.3811251005253419,0.137
2007-06-02,0.3594365083377084,0.107
2007-06-03,0.3422083352190248,0.097
2007-06-04,0.32806710139693507,0.092
2007-06-05,0.31648644649242313,0.088
2007-06-06,0.30694236380529716,0.087
2007-06-07,0.2999071498209228,0.096
2007-06-08,0.2931925077002745,0.087
2007-06-09,0.28680093210057944,0.084
2007-06-10,0.28163667548443316,0.078
2007-06-11,0.2773404524499871,0.075
2007-06-12,0.27355875073133157,0.072
2007-06-13,0.4474643063127779,0.196
2007-06-14,0.9586785394446847,0.368
2007-06-15,0.3866383831213927,0.148
2007-06-16,0.9181894892259295,0.294
2007-06-17,0.4014289069394388,0.104
2007-06-18,0.3459882532985127,0.119
2007-06-19,0.33310389878953817,0.335
2007-06-20,0.3047360921520962,0.099
2007-06-21,0.32175652038725266,0.117
2007-06-22,0.2947199411682169,0.262
2007-06-23,0.4648485407167013,0.679
2007-06-24,0.879119166831087,0.625
2007-06-25,0.4497369436777659,0.336
2007-06-26,0.34022237619440704,0.141
2007-06-27,0.3324322919383634,0.153
2007-06-28,0.42036390909751475,0.161
2007-06-29,0.33564123560853654,0.177
2007-06-30,1.4441983299363015,1.09
2007-07-01,0.44762552321436033,0.444
2007-07-02,1.0930517213484823,0.643
2007-07-03,0.4472316553274211,0.659
2007-07-04,0.35954299533027645,0.246
2007-07-05,0.33929354390569116,0.161
2007-07-06,0.31127599554368984,0.116
2007-07-07,0.29659035075535867,0.092
2007-07-08,0.2853596941122434,0.102
2007-07-09,0.29448880913999276,0.109
2007-07-10,0.26984392554852565,0.085
2007-07-11,0.2631332698166071,0.081
2007-07-12,0.2570797855476938,0.091
2007-07-13,0.25772541597589926,0.092
2007-07-14,0.24906497517153087,0.089
2007-07-15,0.25728998329632236,0.103
2007-07-16,0.25012620513976697,0.085
2007-07-17,0.24544749086885342,0.223
2007-07-18,0.24021289616834843,0.092
2007-07-19,0.330383968554914,0.131
2007-07-20,1.5331292020164957,2.86
2007-07-21,1.4916901564872322,1.44
2007-07-22,0.46162225636127713,0.381
2007-07-23,0.37384157097718435,0.237
2007-07-24,0.3273773791242746,0.131
2007-07-25,0.3114956407616234,0.111
2007-07-26,0.6589638447416127,0.443
2007-07-27,0.33775720573574275,0.121
2007-07-28,1.2961839360721736,0.789
2007-07-29,0.4185049255491867,0.378
2007-07-30,0.3300523872703885,0.135
2007-07-31,0.30589130540721243,0.101
2007-08-01,0.2899908221111174,0.089
2007-08-02,0.28133924603269816,0.088
2007-08-03,0.2675092469396851,0.078
2007-08-04,0.25891891674826545,0.08
2007-08-05,0.25207680531226,0.083
2007-08-06,0.24642974660111985,0.079
2007-08-07,0.2503945079374989,0.077
2007-08-08,0.2384048537633851,0.104
2007-08-09,0.2344029131915665,0.065
2007-08-10,0.2314233890587518,0.064
2007-08-11,0.22883698237388658,0.064
2007-08-12,0.22683226818676108,0.063
2007-08-13,0.47174141085901955,0.105
2007-08-14,0.7219379433085608,0.495
2007-08-15,0.7220802332616505,0.431
2007-08-16,0.34233515615076016,0.137
2007-08-17,0.2980317517578663,0.086
2007-08-18,0.8988612983831819,0.395
2007-08-19,0.3703948862234416,0.55
2007-08-20,0.29930155181299106,0.137
2007-08-21,0.285770237491409,0.128
2007-08-22,0.4698524797783593,0.376
2007-08-23,0.5124671098416026,0.482
2007-08-24,0.30839447587798846,0.151
2007-08-25,0.27838858039419223,0.102
2007-08-26,0.264490130832558,0.083
2007-08-27,0.2539914125199755,0.076
2007-08-28,0.24550289935742553,0.073
2007-08-29,0.23850315061223104,0.071
2007-08-30,0.23271940547335243,0.069
2007-08-31,0.22793631514068946,0.068
2007-09-01,0.2243272782417588,0.066
2007-09-02,0.22295576235165965,0.067
2007-09-03,0.2178868174398391,0.077
2007-09-04,0.21476540492069385,0.068
2007-09-05,0.21238212255450375,0.07
2007-09-06,0.21025754498989846,0.073
2007-09-07,0.20830839406905535,0.072
2007-09-08,0.20648684144544774,0.067
2007-09-09,0.20476451970799725,0.072
2007-09-10,0.20311834420572372,0.067
2007-09-11,0.20152896971509937,0.067
2007-09-12,0.19998311940719013,0.07
2007-09-13,0.19845088210412717,0.07
2007-09-14,0.19693935680166647,0.073
2007-09-15,0.19544822803594886,0.07
2007-09-16,0.1939526567515605,0.071
2007-09-17,0.1938324489037734,0.063
2007-09-18,0.1911471715269807,0.059
2007-09-19,0.1909597901046548,0.061
2007-09-20,0.19264216814390142,0.072
2007-09-21,0.1867884163168251,0.066
2007-09-22,0.1849343072109009,0.064
2007-09-23,0.80482818628557,0.243
2007-09-24,0.2681032269342872,0.282
2007-09-25,0.2278448239172467,0.109
2007-09-26,0.21139361751412675,0.076
2007-09-27,0.20149999765371565,0.073
2007-09-28,0.7373885203558378,0.213
2007-09-29,0.2650358840827609,0.118
2007-09-30,0.2293281795528378,0.118
2007-10-01,0.5789162836824862,0.344
2007-10-02,0.25596293696735817,0.105
2007-10-03,0.21788718812231422,0.087
2007-10-04,0.20618722033867276,0.078
2007-10-05,0.19806014920111745,0.074
2007-10-06,0.19143759235266888,0.072
2007-10-07,0.18590652299554436,0.073
2007-10-08,0.29537176276920535,0.091
2007-10-09,1.399220571855579,1.37
2007-10-10,0.8612605466709298,0.204
2007-10-11,0.3086191522561424,0.118
2007-10-12,0.24787440895933358,0.098
2007-10-13,0.22832176815799804,0.095
2007-10-14,0.21495166052967274,0.095
2007-10-15,0.2143033500665604,0.093
2007-10-16,0.7894469947785379,0.404
2007-10-17,0.2665979423155285,0.181
2007-10-18,0.21523597987040147,0.102
2007-10-19,0.2019500674224973,0.088
2007-10-20,0.1932713269474129,0.09
2007-10-21,0.18634426106102625,0.084
2007-10-22,0.18071381786053387,0.087
2007-10-23,0.1759594298716475,0.081
2007-10-24,0.17199411356440333,0.073
2007-10-25,0.17592344338643953,0.078
2007-10-26,0.16636369322023675,0.081
2007-10-27,0.1636319109004715,0.081
2007-10-28,0.763010693716256,0.391
2007-10-29,0.23756889052365324,0.137
2007-10-30,0.18979958814374262,0.101
2007-10-31,0.17981452890695393,0.094
2007-11-01,0.17374479013517893,0.098
2007-11-02,0.16891251473683797,0.101
2007-11-03,0.16517264241547117,0.099
2007-11-04,0.16145730334381042,0.093
2007-11-05,0.15858846714509744,0.093
2007-11-06,0.15596133115048846,0.094
2007-11-07,0.15372144475977959,0.096
2007-11-08,0.51669740728475,0.366
2007-11-09,0.1996051643877927,0.131
2007-11-10,0.17056970700751392,0.114
2007-11-11,0.16362303406667614,0.152
2007-11-12,0.19997705217928008,0.125
2007-11-13,0.16620236871245847,0.145
2007-11-14,0.15726926477744746,0.122
2007-11-15,0.15319080262995913,0.112
2007-11-16,0.1500936832641614,0.111
2007-11-17,0.15056853373463258,0.111
2007-11-18,1.2580817965666795,0.583
2007-11-19,1.5622086222291216,3.4
2007-11-20,1.447372168270031,1.18
2007-11-21,1.580584827661445,2.27
2007-11-22,1.4303926080387275,1.17
2007-11-23,0.753163078165507,0.45
2007-11-24,0.3280675794794285,0.314
2007-11-25,0.26879000007201864,0.243
2007-11-26,0.24339645899965173,0.15
2007-11-27,0.2271148354055835,0.142
2007-11-28,0.33216414781994447,0.167
2007-11-29,0.21735805805962016,0.203
2007-11-30,1.3276025818399708,1.48
2007-12-01,0.5708828070091553,0.608
2007-12-02,0.5565708800542607,0.533
2007-12-03,0.2690655200445952,0.298
2007-12-04,0.45872600002733405,0.211
2007-12-05,0.8186740948932225,0.66
2007-12-06,1.0424452199794687,1.18
2007-12-07,0.3334709404685717,0.544
2007-12-08,0.9736600628835753,1.37
2007-12-09,0.7112887483071513,0.814
2007-12-10,0.31497742469080164,0.53
2007-12-11,0.26233204224546136,0.302
2007-12-12,0.24171108521062235,0.209
2007-12-13,0.22748593533871334,0.194
2007-12-14,0.21499880277816052,0.168
2007-12-15,0.20566288826313356,0.154
2007-12-16,0.19877671012516346,0.146
2007-12-17,0.19251550118829291,0.136
2007-12-18,0.18782509742202091,0.131
2007-12-19,0.1842285545208861,0.127
2007-12-20,0.18141882431728704,0.125
2007-12-21,0.17882397186847676,0.127
2007-12-22,0.1777344194904194,0.131
2007-12-23,0.17629965989009577,0.131
2007-12-24,0.8009849785427668,0.221
2007-12-25,0.9339283823428474,1.43
2007-12-26,0.2935845281860896,0.44
2007-12-27,0.2319354465374524,0.317
2007-12-28,0.9797634455860315,0.602
2007-12-29,0.3098026120760031,0.484
2007-12-30,0.2438853616809693,0.262
2007-12-31,0.2317257089797856,0.207
2008-01-01,0.36996816403136645,0.257
2008-01-02,0.23198026243817957,0.276
2008-01-03,0.21375123914314723,0.201
2008-01-04,0.8408324007656005,0.687
2008-01-05,0.28474057432795014,0.458
2008-01-06,0.23669938985860714,0.287
2008-01-07,0.2892651962519383,0.302
2008-01-08,0.7226668315600592,0.868
2008-01-09,0.2808765381216583,0.597
2008-01-10,1.3163330329720233,0.984
2008-01-11,1.5478759358339957,3.92
2008-01-12,0.7024502185592528,0.98
2008-01-13,0.7065034487698949,0.721
2008-01-14,1.2696108046486283,1.06
2008-01-15,1.3453226952449922,2.43
2008-01-16,0.4920722772931566,0.74
2008-01-17,0.8407933356120023,0.775
2008-01-18,0.5572716937346655,0.958
2008-01-19,0.9302414357412256,1.96
2008-01-20,0.4471911553795111,0.909
2008-01-21,1.0674376123995934,1.3
2008-01-22,0.45491884950487627,0.653
2008-01-23,0.3750143982300951,0.471
2008-01-24,0.33764870999400376,0.397
2008-01-25,0.3127789616098323,0.311
2008-01-26,0.29351607403331004,0.27
2008-01-27,0.2784909697545576,0.237
2008-01-28,0.2664162511123067,0.226
2008-01-29,0.6394080182515942,0.335
2008-01-30,0.3128410871117471,0.338
2008-01-31,0.6285338650474147,0.609
2008-02-01,0.3235287558758475,0.322
2008-02-02,0.28688449055716514,0.243
2008-02-03,0.38373750106286453,0.247
2008-02-04,0.6333233981706362,0.395
2008-02-05,0.5417606045922173,0.752
2008-02-06,0.3312233956704806,0.466
2008-02-07,0.3001315693090122,0.315
2008-02-08,0.28563233836855845,0.204
2008-02-09,0.2749123404591692,0.169
2008-02-10,0.2664975772086801,0.151
2008-02-11,0.2604529388467982,0.143
2008-02-12,0.2547730672769263,0.134
2008-02-13,0.25020292236289093,0.127
2008-02-14,0.2469640392655836,0.121
2008-02-15,0.24393584809278718,0.12
2008-02-16,0.24162820829746634,0.115
2008-02-17,0.23974369798501904,0.111
2008-02-18,0.23817084196422103,0.114
2008-02-19,0.2369256773648557,0.114
2008-02-20,0.23578535866740663,0.112
2008-02-21,0.23491463798108095,0.112
2008-02-22,0.23337262749597845,0.106
2008-02-23,0.2323326505944647,0.106
2008-02-24,0.2991495103591041,0.154
2008-02-25,0.5908008480272767,0.218
2008-02-26,0.28687698466806527,0.215
2008-02-27,0.257206115065879,0.123
2008-02-28,0.24952797377174832,0.111
2008-02-29,0.25152671898123624,0.12
2008-03-01,0.24080253200918866,0.111
2008-03-02,0.2370602698605155,0.103
2008-03-03,0.23369954400308218,0.114
2008-03-04,0.2313844707923528,0.097
2008-03-05,0.22865542079365342,0.115
2008-03-06,0.2436747776593255,0.127
2008-03-07,0.2262284390777189,0.131
2008-03-08,0.4740590260909786,0.255
2008-03-09,1.1961845619830118,0.393
2008-03-10,1.228090251621064,2.42
2008-03-11,0.40160389131849067,0.546
2008-03-12,0.3112703216165422,0.283
2008-03-13,0.34584457481469244,0.259
2008-03-14,0.28997521707063245,0.197
2008-03-15,1.4535777571472246,2.1
2008-03-16,1.0640695106004583,2.04
2008-03-17,0.3996989801309908,0.515
2008-03-18,0.3256190494001648,0.313
2008-03-19,0.30107387214144526,0.231
2008-03-20,0.6051389853298793,0.339
2008-03-21,0.6524809123483523,0.42
2008-03-22,0.43573650994595947,0.551
2008-03-23,0.33529530200839963,0.392
2008-03-24,0.3073341538394808,0.33
2008-03-25,0.28420719996854726,0.248
2008-03-26,0.8237473616266416,1.81
2008-03-27,0.35440924435596516,0.798
2008-03-28,0.7936858706818967,1.51
2008-03-29,0.5757987199460749,0.867
2008-03-30,0.354514454072856,0.729
2008-03-31,0.32161124024735527,0.496
2008-04-01,0.29706555075441765,0.45
2008-04-02,0.2826699381658056,0.407
2008-04-03,0.26944907594616996,0.377
2008-04-04,0.2624213294403423,0.372
2008-04-05,0.4362675307515981,0.389
2008-04-06,0.3311681441867744,0.605
2008-04-07,0.26998967225424586,0.424
2008-04-08,0.25692165111076504,0.149
2008-04-09,0.24914729795138205,0.126
2008-04-10,0.24308705616700713,0.117
2008-04-11,0.34841238292469473,0.154
2008-04-12,0.2597917079190841,0.11
2008-04-13,0.3800698934461302,0.203
2008-04-14,0.2697483010950177,0.119
2008-04-15,0.27048780476321194,0.168
2008-04-16,0.24196076017654564,0.116
2008-04-17,0.2351048281606477,0.108
2008-04-18,0.231254971350428,0.109
2008-04-19,0.2280951333623697,0.097
2008-04-20,0.22818616813415724,0.101
2008-04-21,0.22189232498759107,0.095
2008-04-22,0.22607018224727304,0.092
2008-04-23,0.22518139297723616,0.155
2008-04-24,0.3106622117810392,0.215
2008-04-25,0.23553392520642122,0.102
2008-04-26,0.22536773896897427,0.096
2008-04-27,0.22806555177616794,0.147
2008-04-28,0.4722032004528973,0.202
2008-04-29,1.3982533864769882,0.924
2008-04-30,1.2430390194099439,1.72
2008-05-01,0.411183729024643,0.566
2008-05-02,0.316862132487213,0.288
2008-05-03,0.2878164745647988,0.187
2008-05-04,0.2706944886204827,0.149
2008-05-05,0.25709207204891954,0.127
2008-05-06,0.24617234606681862,0.113
2008-05-07,0.23728587289848077,0.103
2008-05-08,0.2300284202274414,0.1
2008-05-09,0.22411419460162763,0.095
2008-05-10,0.2190521545835113,0.089
2008-05-11,0.2147912749175466,0.085
2008-05-12,0.21121521643839236,0.084
2008-05-13,0.20814462430495345,0.081
2008-05-14,0.21263175659581823,0.081
2008-05-15,0.2115796238151245,0.12
2008-05-16,0.20161148655881464,0.085
2008-05-17,0.20540857871189275,0.095
2008-05-18,0.19766507937610847,0.078
2008-05-19,0.1955108898903042,0.074
2008-05-20,0.19385779414815074,0.073
2008-05-21,0.1922922076072351,0.079
2008-05-22,0.19079860599010215,0.074
2008-05-23,0.18934962704541836,0.072
2008-05-24,1.3775154774647476,0.586
2008-05-25,1.5539091096092432,1.84
2008-05-26,1.6925987837838958,5.2
2008-05-27,1.6224478506450974,1.62
2008-05-28,1.5012958143231114,0.994
2008-05-29,0.8497872940214982,0.744
2008-05-30,0.4184361932473643,0.389
2008-05-31,0.356853066147171,0.222
2008-06-01,0.3194044759894114,0.162
2008-06-02,0.9846587962244737,0.442
2008-06-03,0.9227804058871839,1.23
2008-06-04,0.38693742577486934,0.497
2008-06-05,0.32037825923339924,0.201
2008-06-06,0.2972954893988903,0.148
2008-06-07,0.2768160858493535,0.123
2008-06-08,0.2618898193375265,0.107
2008-06-09,0.2502993566558623,0.096
2008-06-10,0.2410561991914527,0.088
2008-06-11,0.851700739257623,0.33
2008-06-12,0.32491963702131704,0.206
2008-06-13,0.2655008829810093,0.105
2008-06-14,0.25094760945034444,0.086
2008-06-15,0.24167863535133005,0.082
2008-06-16,0.2345373939134698,0.085
2008-06-17,0.22869223261068253,0.093
2008-06-18,0.2293340248943274,0.109
2008-06-19,0.22050843586508964,0.109
2008-06-20,0.22668516259423974,0.094
2008-06-21,0.22037495652949124,0.139
2008-06-22,0.21251896224870725,0.099
2008-06-23,0.2101775115994501,0.099
2008-06-24,0.20847505929035634,0.07
2008-06-25,0.20698546273482513,0.069
2008-06-26,0.21457035610037573,0.092
2008-06-27,0.20790379217768676,0.08
2008-06-28,0.20347604383521273,0.07
2008-06-29,0.20209483643175039,0.067
2008-06-30,0.20097238119046268,0.067
2008-07-01,0.1998877840005533,0.067
2008-07-02,0.19969722424701314,0.069
2008-07-03,0.21009181529868454,0.19
2008-07-04,0.2044458037184676,0.087
2008-07-05,0.19799932942957926,0.113
2008-07-06,0.5844584850433747,0.205
2008-07-07,0.7929252064209449,0.802
2008-07-08,0.41990513092752957,0.195
2008-07-09,1.4847077546484524,1.48
2008-07-10,0.5991006255904506,0.23
2008-07-11,0.9103983323694042,0.575
2008-07-12,0.38871262464831213,0.179
2008-07-13,0.32079595024969393,0.108
2008-07-14,0.2936003351992164,0.096
2008-07-15,0.27386198681738794,0.092
2008-07-16,0.2582103870317345,0.077
2008-07-17,0.24598186292483934,0.079
2008-07-18,0.24557051123977636,0.095
2008-07-19,0.22933735333070418,0.084
2008-07-20,0.22063627094781396,0.077
2008-07-21,0.2149616176050191,0.072
2008-07-22,0.21042730557371236,0.071
2008-07-23,0.20667231544884115,0.068
2008-07-24,0.20351419844727847,0.067
2008-07-25,0.20082676218624304,0.068
2008-07-26,0.19859452896976842,0.065
2008-07-27,0.19678411087168982,0.063
2008-07-28,0.5239454950250292,0.34
2008-07-29,0.25091146605450404,0.118
2008-07-30,0.22252014987673294,0.082
2008-07-31,0.2193167950627696,0.08
2008-08-01,0.21538839155663878,0.078
2008-08-02,0.21462148254095764,0.123
2008-08-03,0.22794901867946776,0.24
2008-08-04,0.2004393827500675,0.108
2008-08-05,0.21355738174824482,0.139
2008-08-06,0.19254590950064476,0.086
2008-08-07,0.20721334868281835,0.286
2008-08-08,0.18793825523635577,0.083
2008-08-09,0.6506926770051052,0.332
2008-08-10,0.2670169928224807,0.183
2008-08-11,0.9737565233533577,0.437
2008-08-12,0.33220203032499235,0.505
2008-08-13,0.25920234474093634,0.215
2008-08-14,0.23974079913448437,0.262
2008-08-15,0.2198320899009418,0.092
2008-08-16,0.2169815692528399,0.096
2008-08-17,0.6429168076693847,0.292
2008-08-18,0.2708117382222395,0.219
2008-08-19,0.3995809157419109,0.405
2008-08-20,0.3057146409008203,0.227
2008-08-21,0.25012186128048586,0.173
2008-08-22,0.22583724968561084,0.109
2008-08-23,0.29129387133163515,0.092
2008-08-24,0.22773633748511274,0.138
2008-08-25,0.21248222818643037,0.083
2008-08-26,0.20383201657830008,0.082
2008-08-27,0.19704207555106537,0.081
2008-08-28,0.19146361718922128,0.081
2008-08-29,0.18683576912863945,0.079
2008-08-30,0.19615939001925578,0.067
2008-08-31,1.3070441852170716,0.696
2008-09-01,1.1679563080257704,0.339
2008-09-02,0.3510884545632279,0.331
2008-09-03,0.2671164258407135,0.104
2008-09-04,0.6823813195463139,0.324
2008-09-05,1.471419666584583,1.4
2008-09-06,1.337719069248712,0.473
2008-09-07,0.4144942142365923,0.379
2008-09-08,0.31477342766373384,0.138
2008-09-09,0.44185354182053976,0.204
2008-09-10,0.29478496349478783,0.114
2008-09-11,0.2610136612866349,0.1
2008-09-12,0.5119045907865232,0.536
2008-09-13,0.2726857489125392,0.141
2008-09-14,0.24073845002633093,0.098
2008-09-15,0.22727656412297215,0.087
2008-09-16,0.21742802692217045,0.083
2008-09-17,0.20960582588828136,0.083
2008-09-18,0.20329352498079487,0.09
2008-09-19,0.19818376315697606,0.078
2008-09-20,0.19404191186832925,0.076
2008-09-21,0.19073172104231675,0.077
2008-09-22,0.18887080311401216,0.08
2008-09-23,0.18999146850032195,0.083
2008-09-24,0.19284507937423168,0.141
2008-09-25,0.18253646914248284,0.077
2008-09-26,0.1807776029226362,0.071
2008-09-27,0.17904960694085323,0.071
2008-09-28,0.17780175992378594,0.069
2008-09-29,0.18206742541103832,0.061
2008-09-30,0.4183778815755722,0.223
2008-10-01,0.21620327732886924,0.078
2008-10-02,0.19838280072077222,0.08
2008-10-03,0.187415576269963,0.071
2008-10-04,1.0066392442680503,0.291
2008-10-05,1.1191755596044015,1.12
2008-10-06,0.3399639794529844,0.158
2008-10-07,0.26091334735995475,0.153
2008-10-08,0.23415338177515327,0.102
2008-10-09,0.2212948091278086,0.083
2008-10-10,0.21056051118153812,0.076
2008-10-11,0.2025950872765617,0.074
2008-10-12,0.19556328452915125,0.071
2008-10-13,0.19004020674057487,0.071
2008-10-14,0.19515647381565854,0.071
2008-10-15,0.18738020114210846,0.089
2008-10-16,0.17892366353466577,0.073
2008-10-17,0.17582149413883053,0.071
2008-10-18,0.17343538298299915,0.069
2008-10-19,0.1716511643275773,0.068
2008-10-20,0.9611336365219144,0.52
2008-10-21,0.27091687926752606,0.144
2008-10-22,0.20890402498663785,0.103
2008-10-23,0.37481406024398034,0.135
2008-10-24,0.21709660635038683,0.152
2008-10-25,0.6373987170222211,0.093
2008-10-26,0.41797220850103284,0.594
2008-10-27,0.23575083277090272,0.149
2008-10-28,0.9526181439033199,0.983
2008-10-29,0.43899936821046687,0.527
2008-10-30,0.33954095107918986,0.286
2008-10-31,0.24036927029933336,0.173
2008-11-01,1.3419012173816596,1.52
2008-11-02,0.4103002930871543,0.424
2008-11-03,0.37265804409145953,0.338
2008-11-04,0.25607692631435,0.254
2008-11-05,0.23558416233782223,0.202
2008-11-06,0.22446147686799647,0.173
2008-11-07,0.20966803866183428,0.168
2008-11-08,0.9664972377242633,0.431
2008-11-09,0.3746904870120564,0.333
2008-11-10,1.423973844909094,2.46
2008-11-11,0.8411095762453099,0.537
2008-11-12,0.325310618156944,0.264
2008-11-13,0.35201535455094285,0.237
2008-11-14,0.25960136017256086,0.192
2008-11-15,0.23743664502188533,0.153
2008-11-16,0.2270346439659733,0.132
2008-11-17,0.3257508683734815,0.143
2008-11-18,0.22250500214386484,0.166
2008-11-19,0.20565119083579256,0.131
2008-11-20,0.20262202753844735,0.122
2008-11-21,0.1929925920132694,0.113
2008-11-22,0.18791464467941948,0.102
2008-11-23,1.1598631039265646,0.791
2008-11-24,0.30540510660549225,0.291
2008-11-25,0.22723970415061132,0.181
2008-11-26,0.21139371750416713,0.148
2008-11-27,0.4562185756864094,0.273
2008-11-28,0.2741360532712573,0.301
2008-11-29,0.3776389026521758,0.224
2008-11-30,0.5456295137916948,0.519
2008-12-01,0.25053153031191455,0.345
2008-12-02,0.2522161030533066,0.23
2008-12-03,0.6533476614381419,0.232
2008-12-04,0.26297003539017855,0.66
2008-12-05,0.3029591593602042,0.379
2008-12-06,0.2214556933180038,0.267
2008-12-07,0.20801593249383762,0.185
2008-12-08,0.3169245553204556,0.208
2008-12-09,0.21103954657219906,0.207
2008-12-10,0.19926750882236943,0.167
2008-12-11,0.19129653720651185,0.156
2008-12-12,0.593901756143844,0.166
2008-12-13,1.4241633439169485,3.06
2008-12-14,0.9611258783221436,0.752
2008-12-15,0.3232176911623206,0.382
2008-12-16,0.2924218231701089,0.296
2008-12-17,0.24503046238411785,0.243
2008-12-18,0.24766783049547447,0.209
2008-12-19,0.22353394962355133,0.187
2008-12-20,0.2126107820403585,0.17
2008-12-21,0.2045255912123166,0.156
2008-12-22,0.19804201644050246,0.143
2008-12-23,0.19333039228192728,0.135
2008-12-24,0.1885008927625146,0.129
2008-12-25,0.18490270134873218,0.121
2008-12-26,0.1819466394096732,0.115
2008-12-27,0.17985381135131906,0.111
2008-12-28,0.17737632653257598,0.11
2008-12-29,0.1754856839454738,0.111
2008-12-30,0.17388477007062048,0.105
2008-12-31,0.1724319753868763,0.105
2009-01-01,0.1710827936058486,0.105
2009-01-02,0.1698505626989185,0.105
2009-01-03,0.16871970690670687,0.102
2009-01-04,0.16971882502522456,0.101
2009-01-05,0.16697210730067805,0.113
2009-01-06,0.1654991649080639,0.104
2009-01-07,0.16694315548679584,0.119
2009-01-08,0.16355828873357547,0.123
2009-01-09,0.1627008087660484,0.118
2009-01-10,0.1613095727247307,0.113
2009-01-11,0.16218033710452137,0.121
2009-01-12,0.28418450068717266,0.171
2009-01-13,0.1779764271317495,0.139
2009-01-14,0.1657651517846525,0.125
2009-01-15,0.2005483895764229,0.119
2009-01-16,0.7544578710865314,0.264
2009-01-17,1.349329863763886,1.53
2009-01-18,1.477742610123566,1.34
2009-01-19,0.6295344095094345,1.87
2009-01-20,0.3101793262184481,0.491
2009-01-21,0.9031238002429703,0.595
2009-01-22,1.451873159700747,1.97
2009-01-23,0.5553044093517766,1.55
2009-01-24,1.2091870839245538,0.773
2009-01-25,0.9552044644522302,2.97
2009-01-26,0.39686622894999474,0.789
2009-01-27,0.6828101933426022,0.496
2009-01-28,0.5422328297360198,0.991
2009-01-29,0.327954921120318,0.521
2009-01-30,0.28607901081198234,0.348
2009-01-31,0.2625642545159288,0.268
2009-02-01,1.0828057034785346,0.218
2009-02-02,0.5650311238132262,0.324
2009-02-03,0.3248081102922726,0.371
2009-02-04,1.0577418828538727,0.56
2009-02-05,1.109171939750236,1.93
2009-02-06,0.8136718135385327,1.88
2009-02-07,0.4233247252828781,0.817
2009-02-08,0.9888506601942734,1.2
2009-02-09,2.179374574145723,10.2
2009-02-10,1.7628379786292683,1.89
2009-02-11,1.3032069382373332,0.737
2009-02-12,1.020415670222076,0.73
2009-02-13,0.5505220018606061,0.688
2009-02-14,0.46294998921979386,0.428
2009-02-15,0.4160456628962961,0.347
2009-02-16,0.37761646369754037,0.294
2009-02-17,0.35857844649136517,0.258
2009-02-18,0.3685478919962721,0.264
2009-02-19,0.3263475281758966,0.294
2009-02-20,0.30738300451809464,0.208
2009-02-21,0.2944399152268336,0.183
2009-02-22,0.2845934499411225,0.169
2009-02-23,0.27707992867903836,0.16
2009-02-24,0.2712829029337563,0.151
2009-02-25,0.2667086887092115,0.146
2009-02-26,0.2633527176128361,0.142
2009-02-27,0.26084968922552076,0.136
2009-02-28,0.2589944380696615,0.131
2009-03-01,0.25763246348723856,0.126
2009-03-02,0.2566772104667194,0.122
2009-03-03,1.4292878624054455,1.34
2009-03-04,0.6691727840681323,0.795
2009-03-05,0.35379982133888754,0.341
2009-03-06,0.3202473588822184,0.234
2009-03-07,0.31057806386087095,0.193
2009-03-08,0.5413184713216708,0.335
2009-03-09,0.6859791328425071,0.288
2009-03-10,0.3917265110238184,0.343
2009-03-11,0.33673786881922996,0.22
2009-03-12,0.3198768356028361,0.183
2009-03-13,0.3082620153274509,0.164
2009-03-14,0.29920288456561894,0.146
2009-03-15,0.29196911749322824,0.131
2009-03-16,0.2861404636281827,0.127
2009-03-17,0.28142049289530835,0.122
2009-03-18,0.27756838791115773,0.118
2009-03-19,0.27438908535609385,0.114
2009-03-20,0.2717368754568736,0.111
2009-03-21,0.26948167358471137,0.109
2009-03-22,0.26753465326717857,0.107
2009-03-23,0.2713151167162252,0.133
2009-03-24,0.35767635369075035,0.179
2009-03-25,0.28527592372502514,0.153
2009-03-26,0.27928403843886385,0.133
2009-03-27,0.2736979695750374,0.116
2009-03-28,0.3177825102869216,0.175
2009-03-29,0.2784343876658848,0.117
2009-03-30,0.2713068448420961,0.107
2009-03-31,0.2672583307760566,0.104
2009-04-01,0.26391735961600865,0.101
2009-04-02,0.2610037556647839,0.101
2009-04-03,0.25842141772110694,0.102
2009-04-04,0.25605961353758405,0.099
2009-04-05,0.25483573329259585,0.097
2009-04-06,0.2519483692515037,0.1
2009-04-07,0.2629561027515114,0.119
2009-04-08,0.24926228190400307,0.12
2009-04-09,0.2464520731682741,0.096
2009-04-10,0.6074911438961068,0.246
2009-04-11,0.30276440713803937,0.16
2009-04-12,0.2675633430015347,0.12
2009-04-13,0.25994776809005693,0.123
2009-04-14,0.5402673587119103,0.318
2009-04-15,0.2986856123102741,0.159
2009-04-16,0.9875498102738417,0.739
2009-04-17,0.4206896660789276,0.609
2009-04-18,0.31377355686693925,0.282
2009-04-19,0.2916290589097427,0.185
2009-04-20,0.2785593521609227,0.158
2009-04-21,0.2680924375308042,0.142
2009-04-22,0.25951831458883934,0.127
2009-04-23,0.25238591634482577,0.123
2009-04-24,0.25177126921242143,0.121
2009-04-25,0.24173035273578913,0.13
2009-04-26,0.2460835022641217,0.114
2009-04-27,0.46411843088952276,0.306
2009-04-28,0.27045599359235784,0.14
2009-04-29,0.24720996495279818,0.096
2009-04-30,0.23974739245580037,0.087
2009-05-01,0.23431074035670155,0.088
2009-05-02,0.22973554225020948,0.082
2009-05-03,0.22577220297515485,0.078
2009-05-04,0.22268722245329972,0.08
2009-05-05,0.21921276878941096,0.083
2009-05-06,0.2163781191458781,0.086
2009-05-07,0.21878747958029618,0.087
2009-05-08,0.2144682179452791,0.09
2009-05-09,0.20940941215108574,0.074
2009-05-10,0.20706682836405665,0.075
2009-05-11,0.20501022553944145,0.074
2009-05-12,0.20647717515059894,0.088
2009-05-13,0.20161190375555385,0.077
2009-05-14,0.21494969846032974,0.107
2009-05-15,0.21562082491530335,0.17
2009-05-16,0.20313572970825416,0.095
2009-05-17,0.21105951823024777,0.161
2009-05-18,0.2010714384985362,0.079
2009-05-19,0.19240095836644963,0.077
2009-05-20,0.18877282228866038,0.073
2009-05-21,0.18662851135966899,0.068
2009-05-22,0.18482454730859046,0.067
2009-05-23,0.18304889010130584,0.063
2009-05-24,0.18127923780728195,0.07
2009-05-25,1.1000284502209874,0.38
2009-05-26,0.30909384694694547,0.337
2009-05-27,0.24575866852924108,0.134
2009-05-28,0.2184189717790775,0.092
2009-05-29,0.207621558770299,0.085
2009-05-30,0.19956649503859214,0.088
2009-05-31,0.1928993970759499,0.086
2009-06-01,0.18728432313304844,0.086
2009-06-02,0.1824921157784215,0.087
2009-06-03,0.1783673101114844,0.087
2009-06-04,0.17490597892066004,0.087
2009-06-05,0.4108264344907998,0.164
2009-06-06,1.4468141961536445,1.26
2009-06-07,0.8717101852892694,0.63
2009-06-08,0.3420871674570905,0.188
2009-06-09,0.2605052334173307,0.146
2009-06-10,0.4688174055239404,0.528
2009-06-11,0.2652477968725626,0.153
2009-06-12,0.23324453873320614,0.101
2009-06-13,0.2206563962807004,0.091
2009-06-14,0.2059177349672621,0.081
2009-06-15,0.8651084707878979,0.342
2009-06-16,0.28770191987722943,0.103
2009-06-17,0.22897914171291986,0.081
2009-06-18,0.21207363439150195,0.072
2009-06-19,0.20173156758495936,0.069
2009-06-20,0.19249311170593514,0.068
2009-06-21,0.1848739471556208,0.072
2009-06-22,0.17892981835625513,0.069
2009-06-23,0.1740427452335567,0.073
2009-06-24,0.1699790744414981,0.077
2009-06-25,0.16662416899711602,0.079
2009-06-26,0.16520890553376144,0.085
2009-06-27,1.3778570762631928,2.95
2009-06-28,0.5262513667230679,0.203
2009-06-29,0.2661925906308028,0.109
2009-06-30,0.2295830651868577,0.084
2009-07-01,0.2133446264481436,0.074
2009-07-02,0.20436933164171567,0.073
2009-07-03,0.19205048468094696,0.073
2009-07-04,0.18376633065371978,0.065
2009-07-05,0.17780060768208905,0.062
2009-07-06,0.18863085249350164,0.251
2009-07-07,0.9702600426944051,0.619
2009-07-08,0.2812243234588632,0.13
2009-07-09,0.21314781337413496,0.081
2009-07-10,0.19769947696319642,0.068
2009-07-11,0.6579855197217707,0.277
2009-07-12,0.25433005104358924,0.144
2009-07-13,0.2156506518239194,0.107
2009-07-14,0.21206427210438492,0.084
2009-07-15,0.19428778939971375,0.116
2009-07-16,1.152167205928336,0.796
2009-07-17,0.3312830451446868,0.231
2009-07-18,0.23095246517408066,0.113
2009-07-19,0.2160450012991001,0.101
2009-07-20,0.21379229766138724,0.09
2009-07-21,0.19425526928687717,0.105
2009-07-22,0.1820126806388654,0.072
2009-07-23,0.25344485079573337,0.138
2009-07-24,0.6071381009254211,0.31
2009-07-25,0.24891940866353127,0.085
2009-07-26,0.604922991229291,0.106
2009-07-27,0.2636374681318349,0.16
2009-07-28,0.22538662409989216,0.076
2009-07-29,0.22647148189875574,0.138
2009-07-30,0.19816054286478738,0.085
2009-07-31,0.18616033501436224,0.063
2009-08-01,0.19108930038681546,0.069
2009-08-02,0.17464746494730723,0.062
2009-08-03,0.1713446088054344,0.056
2009-08-04,0.16952971651211046,0.059
2009-08-05,0.20922032218517145,0.061
2009-08-06,1.5473402586789928,3.06
2009-08-07,1.3923578186211387,0.303
2009-08-08,0.6542869026654713,0.126
2009-08-09,0.30179129964484974,0.093
2009-08-10,0.2539396533856546,0.086
2009-08-11,0.23324672210734787,0.08
2009-08-12,0.2291122216639674,0.131
2009-08-13,0.20702761504475609,0.071
2009-08-14,0.19667223417106494,0.066
2009-08-15,0.18893408196726247,0.067
2009-08-16,0.1827546928170715,0.062
2009-08-17,0.17777574086504597,0.061
2009-08-18,0.17373568575028422,0.067
2009-08-19,0.17044263122667674,0.064
2009-08-20,0.1677330506578216,0.058
2009-08-21,0.16987295722237403,0.063
2009-08-22,0.1639259381465237,0.057
2009-08-23,0.16199257031028208,0.054
2009-08-24,0.16057041530134125,0.056
2009-08-25,0.1639378226668223,0.065
2009-08-26,0.167614949715438,0.059
2009-08-27,0.15792516992724467,0.058
2009-08-28,0.17032126902261724,0.084
2009-08-29,0.1563817222251535,0.057
2009-08-30,0.1544889792695001,0.053
2009-08-31,0.15373154225692812,0.056
2009-09-01,0.15990715523799634,0.054
2009-09-02,0.9989965688890127,0.466
2009-09-03,0.2672622338063755,0.092
2009-09-04,0.2005118976707281,0.064
2009-09-05,0.18686323461126259,0.059
2009-09-06,0.17884434106387387,0.058
2009-09-07,0.17251824145948227,0.06
2009-09-08,0.16733158188290614,0.059
2009-09-09,0.16303302484605395,0.073
2009-09-10,0.15943707338584812,0.07
2009-09-11,0.15639776945593895,0.066
2009-09-12,0.15380191309715435,0.071
2009-09-13,0.15155443613589578,0.065
2009-09-14,0.15022936137488144,0.071
2009-09-15,1.4689582730739341,1.35
2009-09-16,1.350518375979281,0.141
2009-09-17,0.4125114922056775,0.083
2009-09-18,0.2568483827894938,0.071
2009-09-19,0.23327253332428224,0.082
2009-09-20,0.2107588943311209,0.066
2009-09-21,0.1971491063800072,0.063
2009-09-22,0.1867844457839551,0.065
2009-09-23,0.17833404075182438,0.06
2009-09-24,0.171528100605238,0.058
2009-09-25,0.165978775474887,0.057
2009-09-26,0.1614577523184697,0.06
2009-09-27,0.1577305727380619,0.059
2009-09-28,0.15463507556833453,0.067
2009-09-29,0.15205001360193088,0.088
2009-09-30,0.14984504416840425,0.093
2009-10-01,0.14793490165193676,0.128
2009-10-02,0.14627579785575728,0.053
2009-10-03,0.14956084916956916,0.075
2009-10-04,0.14518601216895927,0.075
2009-10-05,0.5770804581256003,0.139
2009-10-06,0.6511332053885618,0.46
2009-10-07,0.9250324722275043,0.444
2009-10-08,0.28357592812044774,0.186
2009-10-09,0.34426869665019927,0.14
2009-10-10,0.22421511010467698,0.095
2009-10-11,0.20153170472122106,0.075
2009-10-12,0.18816980849365783,0.068
2009-10-13,0.179734475834078,0.067
2009-10-14,0.17051592651925565,0.066
2009-10-15,0.16492776268728002,0.065
2009-10-16,0.15883562751361727,0.063
2009-10-17,0.15450120149444493,0.067
2009-10-18,0.15094952004456322,0.068
2009-10-19,0.14801585801267342,0.074
2009-10-20,0.18942412205765058,0.09
2009-10-21,0.15670848063702086,0.09
2009-10-22,0.1492343586542428,0.075
2009-10-23,0.221850651669473,0.078
2009-10-24,0.16061196009617845,0.107
2009-10-25,0.15007449651619315,0.074
2009-10-26,0.3213996857597447,0.127
2009-10-27,0.17042371228811098,0.129
2009-10-28,0.1546874938971083,0.091
2009-10-29,0.14892240587881964,0.098
2009-10-30,0.30880067417885776,0.095
2009-10-31,0.3055482745369753,0.134
2009-11-01,1.1880010357391162,1.07
2009-11-02,0.6510607039542892,0.202
2009-11-03,0.5797433211213396,0.513
2009-11-04,0.25411101555831067,0.146
2009-11-05,0.2108611343921723,0.102
2009-11-06,0.769625563776657,0.37
2009-11-07,0.42091999815867454,0.196
2009-11-08,0.2270691187344397,0.174
2009-11-09,0.19778309235864636,0.114
2009-11-10,0.18748344184215843,0.102
2009-11-11,0.2886147500573129,0.136
2009-11-12,1.313275591798442,0.826
2009-11-13,1.4563855052714294,0.896
2009-11-14,1.481782138088673,1.21
2009-11-15,1.244784201076611,0.773
2009-11-16,0.38620049591787686,0.504
2009-11-17,0.28808330167436735,0.199
2009-11-18,0.2570126921130102,0.143
2009-11-19,0.25988896566808745,0.123
2009-11-20,0.23078540800189243,0.159
2009-11-21,1.3248308693968356,0.899
2009-11-22,1.216907277814094,0.994
2009-11-23,0.7255579817120505,1.18
2009-11-24,1.0109734172752842,0.656
2009-11-25,0.3580543722632487,0.569
2009-11-26,0.27946559017567213,0.262
2009-11-27,0.6058801391227893,0.31
2009-11-28,1.4862103442817525,1.97
2009-11-29,1.9007442058764163,4.84
2009-11-30,1.5953691942278025,3.5
2009-12-01,1.5401516644729478,0.713
2009-12-02,1.6580177111262626,1.5
2009-12-03,1.132672924629593,0.908
2009-12-04,0.9496067382763501,0.719
2009-12-05,1.6376805713213014,0.969
2009-12-06,0.6569068431856417,1.63
2009-12-07,0.8631436738001419,0.966
2009-12-08,0.6572811019070436,0.631
2009-12-09,0.4546526396542713,0.461
2009-12-10,0.39557324948529143,0.322
2009-12-11,0.35935303639789845,0.247
2009-12-12,0.3355709973349006,0.2
2009-12-13,0.317924509285207,0.185
2009-12-14,0.30467393619017685,0.172
2009-12-15,0.28417794887236375,0.156
2009-12-16,0.7923286340955191,0.311
2009-12-17,0.5487757872741469,0.307
2009-12-18,0.3429246981715026,0.251
2009-12-19,0.40512414062207636,0.203
2009-12-20,0.3164412336709408,0.183
2009-12-21,1.4154770890539519,0.325
2009-12-22,0.47502628386135853,0.365
2009-12-23,1.1775617990153326,0.669
2009-12-24,0.5668649609504818,0.983
2009-12-25,0.5355488257993605,0.782
2009-12-26,0.4087827724167238,0.682
2009-12-27,0.3727818254295332,0.419
2009-12-28,0.352666632980088,0.314
2009-12-29,1.6836759557445018,1.9
2009-12-30,1.6553578564508815,1.53
2009-12-31,0.6125022188287166,0.735
2010-01-01,0.4886577478446548,0.426
2010-01-02,0.4440612785301264,0.301
2010-01-03,0.4127946900508579,0.234
2010-01-04,0.3892481034828142,0.195
2010-01-05,1.035687537658183,0.187
2010-01-06,1.0447946837687283,0.247
2010-01-07,0.5091625627176181,0.181
2010-01-08,0.4383242228083961,0.179
2010-01-09,0.40854730022903074,0.178
2010-01-10,0.5912173561900842,0.244
2010-01-11,0.4121124481352094,0.25
2010-01-12,0.5208334515648695,0.269
2010-01-13,1.1866809006771109,0.369
2010-01-14,0.6328839944299189,1.13
2010-01-15,0.5065712859947861,1.54
2010-01-16,1.6179494721701604,2.06
2010-01-17,0.6148283627289932,0.828
2010-01-18,0.5004644406871087,0.515
2010-01-19,0.46219712194528245,0.397
2010-01-20,0.44026561196988023,0.316
2010-01-21,0.6602021166168401,0.282
2010-01-22,1.4364790197016266,1.07
2010-01-23,0.5830752538469588,0.71
2010-01-24,0.8282121701453229,0.556
2010-01-25,0.549358858648571,0.602
2010-01-26,0.47742606358563217,0.371
2010-01-27,0.5067093490281614,0.363
2010-01-28,1.4036849489168959,0.665
2010-01-29,0.5944151227527542,0.871
2010-01-30,0.4950673822851657,0.424
2010-01-31,0.4633885817846568,0.299
2010-02-01,0.447467058791921,0.241
2010-02-02,0.7379095766191612,0.414
2010-02-03,0.5533611762296349,0.349
2010-02-04,0.9206565798835419,0.483
2010-02-05,0.5177970832783839,0.572
2010-02-06,0.4612885363539869,0.347
2010-02-07,0.447997058412673,0.287
2010-02-08,0.4311933704286834,0.277
2010-02-09,0.4144502322020894,0.273
2010-02-10,0.40245023110996314,0.197
2010-02-11,0.45451243143200437,0.185
2010-02-12,0.40689133107132386,0.189
2010-02-13,0.4009488796251234,0.182
2010-02-14,0.392333778049319,0.186
2010-02-15,1.0179251930502358,0.287
2010-02-16,1.9671369953271767,3.17
2010-02-17,1.482089839601815,1.06
2010-02-18,1.726580614746129,1.95
2010-02-19,0.7463056829235889,0.853
2010-02-20,0.8414920919843587,0.528
2010-02-21,1.973774721522186,1.74
2010-02-22,1.3428878803870823,2.87
2010-02-23,1.1353444917955557,1.02
2010-02-24,1.1791260765883973,1.05
2010-02-25,1.7096669527234438,1.78
2010-02-26,0.9122135237186549,0.886
2010-02-27,2.246405366678804,1.8
2010-02-28,1.9965780413778569,3.71
2010-03-01,0.9200549898612997,0.796
2010-03-02,0.7633112039025329,0.504
2010-03-03,0.692455415568328,0.383
2010-03-04,0.6404538626657311,0.311
2010-03-05,0.5996738285861852,0.252
2010-03-06,0.5673392487318429,0.211
2010-03-07,0.5418680407675739,0.184
2010-03-08,0.5217880773606843,0.174
2010-03-09,0.5059711779597824,0.169
2010-03-10,0.493517005950932,0.156
2010-03-11,0.4840638991519354,0.149
2010-03-12,0.4862755108593197,0.144
2010-03-13,0.4712514543751393,0.136
2010-03-14,0.46513162093507365,0.131
2010-03-15,0.46115445004134104,0.13
2010-03-16,0.45800708007703306,0.129
2010-03-17,0.4554242768218345,0.12
2010-03-18,0.4637635754781639,0.143
2010-03-19,0.9087039628431162,0.328
2010-03-20,0.660264226632773,0.352
2010-03-21,0.5126451311075064,0.225
2010-03-22,0.497242244256897,0.174
2010-03-23,0.5778956194387265,0.273
2010-03-24,0.7816521049411785,0.373
2010-03-25,0.7213291917559647,0.524
2010-03-26,0.5412953786604552,0.338
2010-03-27,0.5165569158424907,0.306
2010-03-28,0.5889887335106485,0.261
2010-03-29,0.6892013259619798,0.329
2010-03-30,0.9172896734236136,0.556
2010-03-31,0.567913260434089,0.461
2010-04-01,0.7208619595827789,0.406
2010-04-02,1.2374809100027704,0.582
2010-04-03,0.6325272720900011,0.63
2010-04-04,0.5515795001735495,0.331
2010-04-05,0.5253767331578606,0.236
2010-04-06,0.5072340484111347,0.185
2010-04-07,0.49743150253746415,0.166
2010-04-08,0.4813340889880134,0.141
2010-04-09,0.47079402416579524,0.129
2010-04-10,0.46244751705083503,0.121
2010-04-11,0.4554207823763018,0.115
2010-04-12,0.44939933472605387,0.111
2010-04-13,0.4441616406926991,0.111
2010-04-14,0.43953357168660867,0.111
2010-04-15,0.4353768491490661,0.103
2010-04-16,0.4315820727033461,0.099
2010-04-17,0.4280630112278855,0.099
2010-04-18,0.4247463123855875,0.099
2010-04-19,0.42160054859203133,0.097
2010-04-20,0.41854092080442806,0.094
2010-04-21,0.41554941706122017,0.093
2010-04-22,0.4126174869916618,0.093
2010-04-23,0.40971557069315545,0.093
2010-04-24,0.41466513645941994,0.091
2010-04-25,0.4073589028786241,0.108
2010-04-26,0.4013269431968185,0.095
2010-04-27,0.3981584906798815,0.091
2010-04-28,0.39521405219890815,0.092
2010-04-29,0.4062313217422034,0.197
2010-04-30,0.5143791477674993,0.224
2010-05-01,1.929408505751681,6.06
2010-05-02,1.7455432398974537,3.02
2010-05-03,1.6555110317470334,0.582
2010-05-04,1.2158356875694856,0.309
2010-05-05,0.5763607123248922,0.205
2010-05-06,0.500462539957607,0.165
2010-05-07,0.47420148060378,0.14
2010-05-08,0.454087929374693,0.128
2010-05-09,0.4359529251780662,0.119
2010-05-10,0.4222660462032869,0.115
2010-05-11,0.4109869625818121,0.109
2010-05-12,0.40184431065603365,0.107
2010-05-13,0.3935001321312441,0.107
2010-05-14,0.3865759411043409,0.104
2010-05-15,0.3805754297025246,0.098
2010-05-16,0.9303119031761548,0.624
2010-05-17,0.45192782468498865,0.137
2010-05-18,0.4041076809871544,0.107
2010-05-19,0.390940485250961,0.099
2010-05-20,0.38186971319901636,0.097
2010-05-21,0.3742735689478522,0.093
2010-05-22,0.3677123347937855,0.09
2010-05-23,0.3619609591928197,0.096
2010-05-24,0.35684949411283323,0.101
2010-05-25,0.3522431982813661,0.089
2010-05-26,0.3608098198574078,0.105
2010-05-27,0.3451342322349603,0.094
2010-05-28,0.34057372953767306,0.081
2010-05-29,0.41162055756835175,0.178
2010-05-30,0.35757642612260676,0.094
2010-05-31,0.34706520304284033,0.095
2010-06-01,0.8361275971561354,0.275
2010-06-02,0.41030211356262575,0.106
2010-06-03,0.3663320357608975,0.092
2010-06-04,0.3532304698884808,0.081
2010-06-05,0.3469808119133471,0.09
2010-06-06,0.3367358420235775,0.089
2010-06-07,0.8039282709600282,0.247
2010-06-08,0.411678181392951,0.269
2010-06-09,0.3586950141413489,0.182
2010-06-10,0.34261541857403105,0.093
2010-06-11,0.3318633588633856,0.086
2010-06-12,0.3238077982674283,0.08
2010-06-13,0.31750534448589096,0.078
2010-06-14,0.33118121782447263,0.196
2010-06-15,0.30725107869396684,0.08
2010-06-16,0.30111409812245704,0.08
2010-06-17,0.29672649009078866,0.077
2010-06-18,0.3001869696330329,0.088
2010-06-19,0.2897759382755387,0.078
2010-06-20,0.28574937629541713,0.069
2010-06-21,0.28244563167767206,0.069
2010-06-22,0.279321882148787,0.069
2010-06-23,0.2763109531169394,0.066
2010-06-24,0.27338721848794967,0.071
2010-06-25,0.27053253105668207,0.071
2010-06-26,0.26773276133373686,0.067
2010-06-27,0.26497683650455256,0.066
2010-06-28,0.26869237563051585,0.064
2010-06-29,0.2600566297120309,0.069
2010-06-30,0.2569323537814608,0.066
2010-07-01,0.2542748273830915,0.065
2010-07-02,0.25324776081870015,0.065
2010-07-03,0.24911722390548133,0.063
2010-07-04,0.2463961949677613,0.061
2010-07-05,0.24379192035730426,0.064
2010-07-06,0.24123332777459278,0.064
2010-07-07,0.2390879283930368,0.068
2010-07-08,0.23610578976388902,0.069
2010-07-09,0.23351718793859524,0.068
2010-07-10,0.2309734053005249,0.065
2010-07-11,0.22854907454751933,0.065
2010-07-12,0.23311073858816303,0.075
2010-07-13,0.22490129935482897,0.081
2010-07-14,0.4127822491203386,0.308
2010-07-15,0.27471189852300887,0.18
2010-07-16,0.242922412211493,0.11
2010-07-17,0.2334634659502116,0.069
2010-07-18,0.22720846120079036,0.077
2010-07-19,0.22189343116036125,0.068
2010-07-20,0.21721284170692073,0.077
2010-07-21,0.21302600764060467,0.062
2010-07-22,0.2228954453907213,0.069
2010-07-23,0.20676372859789283,0.07
2010-07-24,0.20423845387042353,0.077
2010-07-25,0.20230151736744312,0.082
2010-07-26,0.19914211676583868,0.079
2010-07-27,0.19627955235847808,0.066
2010-07-28,0.19152557094792172,0.065
2010-07-29,0.18884274195297426,0.065
2010-07-30,0.19633526362676507,0.068
2010-07-31,0.1848331625311019,0.084
2010-08-01,0.1818085929266404,0.068
2010-08-02,0.17951783797503104,0.073
2010-08-03,0.17747507803352955,0.074
2010-08-04,0.6098030782699687,0.289
2010-08-05,0.24268954633520745,0.077
2010-08-06,0.2215831318812961,0.113
2010-08-07,0.4340350602565136,0.222
2010-08-08,0.2348104033915389,0.078
2010-08-09,0.3283546740787589,0.172
2010-08-10,0.8542881077157032,0.596
2010-08-11,0.3030087463257864,0.116
2010-08-12,0.24599288501296018,0.084
2010-08-13,0.6148548105824202,0.407
2010-08-14,0.44538500944678333,0.511
2010-08-15,0.26798323275597763,0.114
2010-08-16,0.24092503503663357,0.086
2010-08-17,1.390348858461505,0.884
2010-08-18,0.5990010576164012,0.285
2010-08-19,0.2934470757947275,0.112
2010-08-20,0.24955028331950496,0.095
2010-08-21,0.23489863920658996,0.096
2010-08-22,1.500587147215031,1.68
2010-08-23,1.4099405631336996,0.595
2010-08-24,0.38940924173194363,0.145
2010-08-25,1.5270459685476743,1.55
2010-08-26,1.5722578618718466,1.02
2010-08-27,0.9346941090246275,0.445
2010-08-28,0.3987908839544136,0.173
2010-08-29,0.33366166136673864,0.211
2010-08-30,0.2902076051343574,0.11
2010-08-31,0.26598343602306224,0.103
2010-09-01,0.247504445373137,0.097
2010-09-02,0.2328690425676038,0.086
2010-09-03,0.22120604510103972,0.084
2010-09-04,0.21192265860087975,0.083
2010-09-05,0.2045352343809356,0.082
2010-09-06,1.1509382422756027,0.644
2010-09-07,0.3322999360402104,0.159
2010-09-08,0.3427144424962595,0.185
2010-09-09,0.2543201172346963,0.117
2010-09-10,0.2340867863504429,0.098
2010-09-11,0.22190008150668425,0.097
2010-09-12,0.21347165228749085,0.085
2010-09-13,0.20638739526553262,0.088
2010-09-14,0.29193049316051456,0.176
2010-09-15,0.21948305764084514,0.098
2010-09-16,0.20801621273622395,0.087
2010-09-17,0.20167585059318976,0.083
2010-09-18,0.1971118146609163,0.078
2010-09-19,0.19374851529446224,0.077
2010-09-20,0.19037265461790892,0.078
2010-09-21,0.1878381407825568,0.077
2010-09-22,0.19189606049514257,0.079
2010-09-23,0.8071426269834591,0.382
2010-09-24,0.27580861252277855,0.165
2010-09-25,0.2192481759784451,0.092
2010-09-26,0.32496810391512787,0.136
2010-09-27,0.22753595904769336,0.105
2010-09-28,0.21649303469022474,0.098
2010-09-29,1.3204860607302138,0.819
2010-09-30,0.346067872978346,0.2
2010-10-01,1.3715339634290526,0.911
2010-10-02,1.6495280351537742,3.2
2010-10-03,1.5129956463433039,0.729
2010-10-04,0.7529678799328848,0.349
2010-10-05,1.4390168134508132,0.801
2010-10-06,0.4583461974824482,0.703
2010-10-07,0.3501841670226075,0.252
2010-10-08,0.31400424667942606,0.167
2010-10-09,0.289647023831692,0.138
2010-10-10,0.2706081894292281,0.12
2010-10-11,0.2554905887817939,0.108
2010-10-12,0.24346698868497663,0.103
2010-10-13,0.23413681729302815,0.1
2010-10-14,0.22683980268020376,0.099
2010-10-15,0.22671218681379288,0.106
2010-10-16,0.21836798751504016,0.104
2010-10-17,0.2123254945572248,0.098
2010-10-18,0.21601381700560734,0.133
2010-10-19,0.7103749227535195,0.417
2010-10-20,0.27130549424422146,0.133
2010-10-21,0.23050375346427376,0.109
2010-10-22,0.8214646517136365,0.337
2010-10-23,0.29936270413898264,0.298
2010-10-24,0.24526828970032077,0.143
2010-10-25,0.23343094443409124,0.124
2010-10-26,0.7291335833805627,0.456
2010-10-27,0.2871381989179235,0.224
2010-10-28,0.24313722945982078,0.154
2010-10-29,0.29291600504531967,0.21
2010-10-30,0.24536205779688683,0.21
2010-10-31,0.23685758022659967,0.205
2010-11-01,0.2267109283981455,0.161
2010-11-02,0.21589243585000334,0.162
2010-11-03,0.21129960015046886,0.129
2010-11-04,0.20840918680400553,0.139
2010-11-05,0.9318377182032287,0.499
2010-11-06,0.29698870990896853,0.342
2010-11-07,0.46994918007193714,0.193
2010-11-08,0.5310879212603469,0.719
2010-11-09,0.3714312304180022,0.612
2010-11-10,0.43653484576258883,0.303
2010-11-11,0.5469993097895579,0.656
2010-11-12,0.6056396878931594,0.528
2010-11-13,0.3004743720969095,0.352
2010-11-14,0.43721992073899024,0.363
2010-11-15,0.2708325649625361,0.232
2010-11-16,0.246410530348014,0.167
2010-11-17,0.5433933126961413,0.257
2010-11-18,0.2766591179738577,0.244
2010-11-19,0.2382748646603349,0.174
2010-11-20,0.2273082220181587,0.144
2010-11-21,0.2213699523331045,0.127
2010-11-22,0.2155527594487807,0.118
2010-11-23,0.21012218484169534,0.115
2010-11-24,0.20664172614702087,0.112
2010-11-25,0.2026738514609703,0.102
2010-11-26,0.199858343184933,0.098
2010-11-27,0.19783775579721136,0.092
2010-11-28,0.19561884315430142,0.105
2010-11-29,0.3859799623278882,0.095
2010-11-30,0.32226722515762085,0.159
2010-12-01,0.25169319682890157,0.108
2010-12-02,0.2116207083514864,0.11
2010-12-03,0.510811273576603,0.134
2010-12-04,0.3253998682396607,0.242
2010-12-05,0.22538691151169912,0.2
2010-12-06,0.21115777840265743,0.151
2010-12-07,0.20473185001958175,0.127
2010-12-08,0.19936316071792645,0.117
2010-12-09,0.1951216592347056,0.108
2010-12-10,0.19152882093673648,0.106
2010-12-11,0.18844443994488777,0.108
2010-12-12,0.1865229354043848,0.109
2010-12-13,0.23115338202020813,0.107
2010-12-14,0.1898379601038557,0.111
2010-12-15,0.20153644109832516,0.119
2010-12-16,0.4450273138406696,0.248
2010-12-17,0.21702258477623798,0.154
2010-12-18,0.9376660355675299,0.143
2010-12-19,0.2793539767008505,0.137
2010-12-20,0.260086124732887,0.139
2010-12-21,0.3074240214278326,0.239
2010-12-22,0.21686939882759462,0.284
2010-12-23,0.20143012770430518,0.185
2010-12-24,0.19311731305887592,0.158
2010-12-25,0.18725306373539363,0.144
2010-12-26,0.18305858861280158,0.167
2010-12-27,0.8428300322843431,0.477
2010-12-28,0.39202633467859027,1.07
2010-12-29,0.23686312347507646,0.763
2010-12-30,0.2082812757039767,0.431
2010-12-31,0.196362539586334,0.303
2011-01-01,0.19184531103928518,0.26
2011-01-02,0.18297810359690048,0.217
2011-01-03,0.177831915573599,0.191
2011-01-04,0.17452790232511664,0.179
2011-01-05,0.28445802233815637,0.194
2011-01-06,1.299466262168149,1.25
2011-01-07,1.472657638103431,2.22
2011-01-08,0.7189047519367214,1.12
2011-01-09,0.30859050001687893,0.454
2011-01-10,1.162964290701674,0.828
2011-01-11,1.065999172753818,1.02
2011-01-12,0.5515045342629228,1.18
2011-01-13,0.5885113701936389,0.91
2011-01-14,0.8288431732662668,1.39
2011-01-15,0.3490065772922225,0.586
2011-01-16,1.3832243044659618,0.721
2011-01-17,1.7033701288486915,4.29
2011-01-18,1.2587168799264836,1.69
2011-01-19,0.45840417243083653,0.61
2011-01-20,0.3606073553926314,0.419
2011-01-21,0.31924186403714205,0.321
2011-01-22,0.29442189421296144,0.273
2011-01-23,0.2719436887408569,0.239
2011-01-24,0.25316970211260087,0.213
2011-01-25,0.324694208103044,0.228
2011-01-26,0.28844783195411916,0.222
2011-01-27,0.24362749760457927,0.191
2011-01-28,0.23052498055699022,0.155
2011-01-29,0.22179082750952886,0.141
2011-01-30,0.2150249450785506,0.132
2011-01-31,0.21119312285270275,0.128
2011-02-01,0.2077617291803578,0.124
2011-02-02,0.20277887345120407,0.125
2011-02-03,0.19938483552857272,0.121
2011-02-04,0.1976276043540783,0.119
2011-02-05,0.19545583840239028,0.115
2011-02-06,0.19390205653387685,0.112
2011-02-07,0.1930586315442894,0.112
2011-02-08,0.19167192017346013,0.104
2011-02-09,0.2119824355169222,0.105
2011-02-10,1.3659159498975928,0.795
2011-02-11,0.6133967562155858,0.412
2011-02-12,0.32019110842555526,0.342
2011-02-13,0.730124694039765,0.489
2011-02-14,0.34086463095994324,0.386
2011-02-15,0.4265091300551265,0.369
2011-02-16,0.29491041623808006,0.275
2011-02-17,0.2683196475177349,0.202
2011-02-18,1.352523755515944,0.421
2011-02-19,0.6965367451245861,1.56
2011-02-20,0.3753982257128745,0.493
2011-02-21,0.40416474040625355,0.352
2011-02-22,0.6205702461141053,0.334
2011-02-23,0.42845533564822247,0.675
2011-02-24,0.3246004390341522,0.378
2011-02-25,0.5698146952258409,0.381
2011-02-26,0.47381457502898155,0.712
2011-02-27,0.6617202132019693,0.64
2011-02-28,0.35946855383529924,0.396
2011-03-01,0.30925328766332033,0.287
2011-03-02,0.28832292489230943,0.226
2011-03-03,0.2740142721208554,0.189
2011-03-04,0.2616299210819158,0.167
2011-03-05,0.25243404081903015,0.154
2011-03-06,0.24444602358626674,0.176
2011-03-07,0.23796063595575237,0.172
2011-03-08,0.23308020551727562,0.163
2011-03-09,0.22914929785603552,0.161
2011-03-10,0.22595544818035557,0.166
2011-03-11,0.2233504502836699,0.164
2011-03-12,0.22128997516099036,0.159
2011-03-13,0.22523246588526047,0.173
2011-03-14,0.21828579334386194,0.151
2011-03-15,0.21652699352545263,0.15
2011-03-16,0.21601779869031928,0.103
2011-03-17,0.21605644441138358,0.091
2011-03-18,0.5496537377541708,0.254
2011-03-19,0.2598426112845593,0.113
2011-03-20,0.2327167287845926,0.103
2011-03-21,0.2264398270676285,0.098
2011-03-22,0.2224404085222597,0.097
2011-03-23,0.2191645988382055,0.095
2011-03-24,0.21635454341892552,0.089
2011-03-25,0.2139170127840893,0.091
2011-03-26,0.21177933079007896,0.093
2011-03-27,0.20983688551894766,0.084
2011-03-28,0.20807711819996316,0.086
2011-03-29,0.20762187043505428,0.097
2011-03-30,0.5951993823809776,0.207
2011-03-31,0.2597314642633115,0.147
2011-04-01,0.2273812220186955,0.088
2011-04-02,0.21970217982634752,0.09
2011-04-03,0.2191195849288035,0.082
2011-04-04,0.22204684171592695,0.084
2011-04-05,0.2089831243090183,0.102
2011-04-06,0.20419408520495336,0.089
2011-04-07,0.20136351349548295,0.085
2011-04-08,0.19893684285404808,0.084
2011-04-09,0.19674116312611528,0.077
2011-04-10,0.19472334759667745,0.077
2011-04-11,0.19395775439109414,0.076
2011-04-12,0.1911250254550631,0.075
2011-04-13,0.1893477918099437,0.105
2011-04-14,0.18768483729424235,0.125
2011-04-15,0.18607386669985693,0.068
2011-04-16,0.18450097831383047,0.07
2011-04-17,0.18294839873108804,0.07
2011-04-18,0.18141669889466913,0.072
2011-04-19,0.17988800555162232,0.07
2011-04-20,0.1783686125169064,0.068
2011-04-21,0.17686340309147888,0.066
2011-04-22,0.17585787897412739,0.065
2011-04-23,0.17679879276611352,0.064
2011-04-24,0.17252718192786598,0.063
2011-04-25,0.17079604096175327,0.064
2011-04-26,0.16926460359051287,0.07
2011-04-27,0.16772632938257864,0.07
2011-04-28,0.16626764763069998,0.071
2011-04-29,0.16488652614158208,0.071
2011-04-30,0.16313433491128948,0.071
2011-05-01,0.16157578095312455,0.068
2011-05-02,0.16003017225837957,0.065
2011-05-03,0.15848383785019407,0.068
2011-05-04,0.15701924696553604,0.065
2011-05-05,0.15553419876622276,0.066
2011-05-06,0.1702697926107521,0.07
2011-05-07,0.2534805772714724,0.126
2011-05-08,0.18060996172237037,0.099
2011-05-09,0.16930828766730602,0.067
2011-05-10,0.16369059003881514,0.065
2011-05-11,0.1592601761759842,0.066
2011-05-12,0.15534929214388393,0.065
2011-05-13,0.15198444410828213,0.067
2011-05-14,0.14947089840002223,0.064
2011-05-15,0.14642495059036637,0.063
2011-05-16,0.14394067598120497,0.066
2011-05-17,0.14252283527270354,0.068
2011-05-18,0.14421186236317662,0.07
2011-05-19,0.13812740694035602,0.068
2011-05-20,0.13597032782353433,0.064
2011-05-21,0.1410653187971219,0.068
2011-05-22,0.1331988751952198,0.077
2011-05-23,0.13151890536446809,0.079
2011-05-24,0.12942825233833694,0.099
2011-05-25,0.12787670634841164,0.101
2011-05-26,0.8218467952495798,1.39
2011-05-27,0.2270928188667168,0.106
2011-05-28,0.17077196141960382,0.078
2011-05-29,0.15777720565418843,0.07
2011-05-30,0.1638585884794975,0.092
2011-05-31,0.14533144719190388,0.078
2011-06-01,0.1378337537951663,0.063
2011-06-02,0.13311689531268536,0.061
2011-06-03,0.12924046464844396,0.059
2011-06-04,0.12593074356065193,0.059
2011-06-05,1.3249588788839672,0.533
2011-06-06,0.41351391512014085,0.302
2011-06-07,0.21707794362768823,0.103
2011-06-08,0.2017742274588781,0.102
2011-06-09,0.17568809514782552,0.097
2011-06-10,1.1379437701520578,1.36
2011-06-11,0.2888599206967624,0.226
2011-06-12,0.9414400539220688,0.547
2011-06-13,0.2877515842121345,0.194
2011-06-14,0.21639392989003198,0.108
2011-06-15,0.7010388865765338,0.206
2011-06-16,0.48562973723436453,0.592
2011-06-17,0.8029393167536886,0.657
2011-06-18,0.31443565942273544,0.354
2011-06-19,0.23355648985038396,0.136
2011-06-20,0.2222306356860034,0.143
2011-06-21,0.19167685520673125,0.1
2011-06-22,0.5120793689587769,0.669
2011-06-23,0.22481359917494287,0.13
2011-06-24,0.6081062791036548,0.294
2011-06-25,0.24126868566683365,0.185
2011-06-26,0.19774990687146274,0.102
2011-06-27,0.1823468269406181,0.089
2011-06-28,0.615270218707617,0.587
2011-06-29,0.23417007122087974,0.115
2011-06-30,0.1928284909376149,0.09
2011-07-01,0.177851642053535,0.078
2011-07-02,0.16827000922034935,0.083
2011-07-03,0.16082115171937644,0.074
2011-07-04,0.15490464719901326,0.067
2011-07-05,0.43507021306859334,0.248
2011-07-06,0.2039052285855656,0.105
2011-07-07,0.5493473178082848,0.268
2011-07-08,0.23152566694256566,0.123
2011-07-09,0.19826810384313864,0.078
2011-07-10,0.18559169548863688,0.135
2011-07-11,0.16898030669273847,0.07
2011-07-12,0.16230039423577808,0.068
2011-07-13,0.15639390237123948,0.068
2011-07-14,0.1520900083559402,0.066
2011-07-15,0.15480275423883333,0.065
2011-07-16,1.183240200684055,0.56
2011-07-17,0.41163143576930317,0.531
2011-07-18,0.40298201762043384,0.653
2011-07-19,0.6048046780158812,0.459
2011-07-20,0.2944811040589128,0.244
2011-07-21,0.24082439028592798,0.124
2011-07-22,0.2216869830454444,0.144
2011-07-23,0.19906550788586283,0.11
2011-07-24,0.18693203218865698,0.087
2011-07-25,0.17812671468557448,0.085
2011-07-26,0.1711640861822792,0.082
2011-07-27,0.16560369495980276,0.077
2011-07-28,0.16115926868071712,0.072
2011-07-29,0.15757474159287926,0.068
2011-07-30,0.15468335089851126,0.067
2011-07-31,0.15233435701147996,0.068
2011-08-01,0.15258018946275362,0.066
2011-08-02,0.15665398391190288,0.066
2011-08-03,0.1790090154582579,0.085
2011-08-04,0.5981319797031026,0.548
2011-08-05,0.21625762991838066,0.098
2011-08-06,0.17974059459375183,0.079
2011-08-07,0.1990228518882914,0.088
2011-08-08,0.16751950658941886,0.073
2011-08-09,0.16024056399716394,0.065
2011-08-10,0.16302200643073583,0.062
2011-08-11,0.1711903917669381,0.219
2011-08-12,0.16924062102230866,0.122
2011-08-13,0.14991980721826853,0.115
2011-08-14,0.14675889235551612,0.073
2011-08-15,0.1458678937733832,0.071
2011-08-16,0.14372819171300955,0.067
2011-08-17,0.15028559168501826,0.105
2011-08-18,1.3193567961954724,1.94
2011-08-19,0.4076064611506054,0.163
2011-08-20,0.3433579640148811,0.264
2011-08-21,0.229049013131015,0.107
2011-08-22,0.2182940382756241,0.096
2011-08-23,0.6496185185232812,0.646
2011-08-24,0.26531816134289743,0.152
2011-08-25,1.0605867009651186,0.728
2011-08-26,0.6228710140634458,0.414
2011-08-27,0.29648563128342187,0.163
2011-08-28,0.2406957955049568,0.112
2011-08-29,0.21743559606603177,0.092
2011-08-30,0.2026365483460145,0.084
2011-08-31,0.19108729357708543,0.107
2011-09-01,0.18186111656769055,0.094
2011-09-02,0.17447811048869866,0.092
2011-09-03,0.16851258581777673,0.095
2011-09-04,0.4518000135010029,0.268
2011-09-05,0.30520671826733276,0.129
2011-09-06,1.1355019758826854,0.629
2011-09-07,0.3189087344993617,0.206
2011-09-08,0.34001751620063736,0.284
2011-09-09,0.2386503825640614,0.17
2011-09-10,0.4721005189067585,0.201
2011-09-11,0.25443665337672966,0.173
2011-09-12,0.21624943154335088,0.107
2011-09-13,0.20804967853253506,0.103
2011-09-14,0.19219064211732315,0.082
2011-09-15,0.1837967462993676,0.069
2011-09-16,0.17719971094410283,0.066
2011-09-17,0.1789316682737253,0.073
2011-09-18,0.1729212795243871,0.076
2011-09-19,0.16490719768732895,0.071
2011-09-20,0.36372623921951197,0.19
2011-09-21,0.19557490972785704,0.097
2011-09-22,0.17688222926655298,0.078
2011-09-23,0.1708714629052245,0.071
2011-09-24,0.16668845378951852,0.068
2011-09-25,0.16481330191726137,0.065
2011-09-26,0.16560912968978292,0.099
2011-09-27,0.15888787221239153,0.069
2011-09-28,0.15629030761119575,0.066
2011-09-29,0.15455061033812725,0.067
2011-09-30,0.15307166911883402,0.079
2011-10-01,0.15177391796377956,0.069
2011-10-02,0.15059542945251136,0.067
2011-10-03,0.14951537822308125,0.07
2011-10-04,0.14894152093428556,0.055
2011-10-05,0.5544470512748203,0.237
2011-10-06,0.20759985685663393,0.083
2011-10-07,0.1740752134707365,0.061
2011-10-08,0.1794235462960338,0.068
2011-10-09,0.16221911648407206,0.092
2011-10-10,0.15724064883239453,0.072
2011-10-11,0.15388392802826256,0.075
2011-10-12,0.151182700896939,0.074
2011-10-13,0.1487589334727906,0.076
2011-10-14,0.14664323745473504,0.072
2011-10-15,0.14505258194712992,0.069
2011-10-16,0.14323371920352299,0.068
2011-10-17,0.30224629153521343,0.12
2011-10-18,0.16803589329345076,0.105
2011-10-19,0.15389092062974305,0.06
2011-10-20,0.14915887672142875,0.053
2011-10-21,0.1458578475525429,0.05
2011-10-22,0.1433509959028062,0.055
2011-10-23,0.14072301152499353,0.05
2011-10-24,0.14800895081328602,0.068
2011-10-25,0.14823796627216193,0.071
2011-10-26,0.3173430597023136,0.096
2011-10-27,0.2002012978544634,0.108
2011-10-28,0.15904368028808297,0.089
2011-10-29,0.15032245351716217,0.075
2011-10-30,0.14566727059595727,0.07
2011-10-31,0.14935363151043798,0.078
2011-11-01,0.1392202110065573,0.071
2011-11-02,0.14593787060596358,0.06
2011-11-03,1.3712155297044901,0.835
2011-11-04,1.1874724706406123,0.509
2011-11-05,0.29648043350206255,0.118
2011-11-06,0.21130681768822182,0.089
2011-11-07,0.19419695969164177,0.091
2011-11-08,0.2252415194405171,0.133
2011-11-09,0.17870624214831474,0.124
2011-11-10,0.16613315180808588,0.097
2011-11-11,0.15914554219086108,0.092
2011-11-12,0.15146244252362578,0.09
2011-11-13,0.14512862054878856,0.082
2011-11-14,0.14131152964723742,0.08
2011-11-15,0.13689372304170794,0.077
2011-11-16,0.13376173988411327,0.072
2011-11-17,0.13136113739108496,0.07
2011-11-18,0.1290269646271862,0.069
2011-11-19,0.12750731231776907,0.068
2011-11-20,0.12575759339630654,0.069
2011-11-21,0.1285694239638442,0.073
2011-11-22,0.12710336792146074,0.097
2011-11-23,0.12261591981790325,0.075
2011-11-24,0.12147117175976084,0.069
2011-11-25,0.11944886044407048,0.069
2011-11-26,0.11913402781793511,0.07
2011-11-27,0.11745505859305481,0.073
2011-11-28,0.11819544225254773,0.183
2011-11-29,0.1199245746859718,0.09
2011-11-30,0.15748755786842222,0.113
2011-12-01,0.5717361777597556,0.317
2011-12-02,0.27037146860625977,0.13
2011-12-03,0.15385764961161577,0.116
2011-12-04,0.14064393614373769,0.097
2011-12-05,0.13232007405908636,0.087
2011-12-06,0.1310382025388608,0.086
2011-12-07,0.12381493450828891,0.072
2011-12-08,0.22285452981379317,0.095
2011-12-09,0.13299140690341005,0.08
2011-12-10,0.12328480862770916,0.075
2011-12-11,0.8214485468564453,0.418
2011-12-12,1.4013191511061676,1.64
2011-12-13,1.1016991049249774,0.514
2011-12-14,0.3267433377431181,0.208
2011-12-15,0.9830645752299048,0.451
2011-12-16,0.4966729475246453,0.552
2011-12-17,0.24206938960451974,0.21
2011-12-18,0.20032292157697754,0.147
2011-12-19,0.5822836271469389,0.336
2011-12-20,0.43259549048072055,0.235
2011-12-21,0.2088820778869665,0.227
2011-12-22,0.17681247483591891,0.174
2011-12-23,0.6886251741074373,0.486
2011-12-24,0.22424400411132603,0.222
2011-12-25,0.17443585916812657,0.156
2011-12-26,0.1606987212983669,0.136
2011-12-27,0.15188655999763517,0.125
2011-12-28,0.14477165841037923,0.131
2011-12-29,0.44524739484438863,0.407
2011-12-30,0.6659184790264895,0.451
2011-12-31,0.21447820353232638,0.257
2012-01-01,0.8851536867892232,0.507
2012-01-02,0.428831995740438,0.296
2012-01-03,1.1360366603856116,1.35
2012-01-04,0.9189905775105085,0.83
2012-01-05,0.2999061367746439,0.912
2012-01-06,0.22870462432287023,0.328
2012-01-07,0.2056054015094746,0.214
2012-01-08,0.189912236485265,0.164
2012-01-09,0.1776319910499954,0.142
2012-01-10,0.1677825681389688,0.129
2012-01-11,0.16008039576602334,0.12
2012-01-12,0.15408706572853148,0.119
2012-01-13,0.1495762336413012,0.112
2012-01-14,0.14587711289490385,0.101
2012-01-15,0.14212485827663116,0.097
2012-01-16,0.1401319346056067,0.095
2012-01-17,0.14151279420164015,0.094
2012-01-18,0.7730984889930667,0.177
2012-01-19,0.21946839550033373,0.415
2012-01-20,0.16958511385811917,0.168
2012-01-21,0.15696044404032303,0.14
2012-01-22,0.15130378839083983,0.118
2012-01-23,0.21178710250936678,0.108
2012-01-24,0.6824939988721035,0.439
2012-01-25,0.377741717055149,0.237
2012-01-26,0.19839050985776685,0.237
2012-01-27,0.21634855860428728,0.207
2012-01-28,0.1739795882066127,0.167
2012-01-29,0.16351250933185574,0.142
2012-01-30,0.15688428477401214,0.13
2012-01-31,0.151890100472946,0.119
2012-02-01,0.14782931547505593,0.11
2012-02-02,0.14484024483477376,0.101
2012-02-03,0.1418838175467212,0.103
2012-02-04,1.2616778017327797,0.113
2012-02-05,0.4102254168675792,0.319
2012-02-06,0.2101757170553309,0.455
2012-02-07,0.18189304320663097,0.273
2012-02-08,0.1711206571228314,0.176
2012-02-09,0.38565970381680664,0.169
2012-02-10,0.1894689250998442,0.201
2012-02-11,0.16685612696539995,0.148
2012-02-12,0.159386144753715,0.163
2012-02-13,0.18649495963836457,0.428
2012-02-14,0.15749263898095361,0.488
2012-02-15,0.15151114132493476,0.297
2012-02-16,0.1470308762880412,0.2
2012-02-17,0.1437897608178971,0.167
2012-02-18,0.4584810981636355,0.362
2012-02-19,0.18355530406215298,0.189
2012-02-20,0.15715873314685924,0.152
2012-02-21,0.1505394476839442,0.137
2012-02-22,0.15480745580417693,0.152
2012-02-23,0.1435824749005637,0.137
2012-02-24,0.14017716924275567,0.124
2012-02-25,0.13777628345535176,0.119
2012-02-26,0.13587975225321977,0.117
2012-02-27,0.1340972566730336,0.116
2012-02-28,0.13253492930693947,0.113
2012-02-29,0.13119691286893134,0.113
2012-03-01,0.12999073701258665,0.115
2012-03-02,0.128874967520693,0.112
2012-03-03,0.2547710682344041,0.126
2012-03-04,1.0976429277246185,0.855
2012-03-05,0.25909896932804466,0.29
2012-03-06,0.18360329776871973,0.182
2012-03-07,0.8022721862590015,0.558
2012-03-08,0.2420876397502183,0.234
2012-03-09,0.1861912128960698,0.176
2012-03-10,0.1714236432711645,0.151
2012-03-11,0.16182633417490733,0.139
2012-03-12,0.1542635599585485,0.131
2012-03-13,0.14806876968731186,0.123
2012-03-14,0.14330759867787626,0.11
2012-03-15,0.13895749041678868,0.106
2012-03-16,0.1357267704727527,0.1
2012-03-17,0.35941665594798505,0.181
2012-03-18,0.16694174936314957,0.101
2012-03-19,0.14617396137499478,0.094
2012-03-20,0.14018380343799397,0.099
2012-03-21,0.1360966879188054,0.098
2012-03-22,0.13277691575142295,0.088
2012-03-23,0.13000649918946777,0.085
2012-03-24,0.12765471006168627,0.081
2012-03-25,0.12565759205209925,0.081
2012-03-26,0.12392920178612318,0.09
2012-03-27,0.1223826466253357,0.092
2012-03-28,0.12101587674109228,0.094
2012-03-29,0.11977765431152926,0.089
2012-03-30,0.11864138315545457,0.072
2012-03-31,0.11757408910866367,0.071
2012-04-01,0.11657166024846853,0.075
2012-04-02,0.11561400754373141,0.073
2012-04-03,0.5191736468135529,0.185
2012-04-04,0.17345476891651943,0.107
2012-04-05,0.1401019121450467,0.074
2012-04-06,0.1325939098975568,0.069
2012-04-07,0.13305904165619073,0.069
2012-04-08,0.2006710723012741,0.09
2012-04-09,0.5983023407126425,0.382
2012-04-10,0.20234972272027277,0.138
2012-04-11,0.1589771335148125,0.092
2012-04-12,0.15905578618380506,0.096
2012-04-13,0.14605279237557073,0.087
2012-04-14,0.13157518985953676,0.073
2012-04-15,0.1277625675546436,0.07
2012-04-16,0.13365183696426014,0.076
2012-04-17,0.45639377970590017,0.21
2012-04-18,0.674893116484312,0.259
2012-04-19,0.7796210691826647,0.514
2012-04-20,0.635648148219141,0.405
2012-04-21,0.24893015952765155,0.158
2012-04-22,0.20853199043746606,0.29
2012-04-23,0.7642291717594852,0.496
2012-04-24,0.6533537216258355,0.326
2012-04-25,1.3823274213773977,2.42
2012-04-26,0.7172681768827702,0.709
2012-04-27,0.5119035383184461,0.704
2012-04-28,1.654189545268618,5.37
2012-04-29,1.528834133144758,4.8
2012-04-30,1.6829370198812952,2.4
2012-05-01,1.497403612141837,2.1
2012-05-02,0.9164939026580133,0.625
2012-05-03,0.37892178770711277,0.433
2012-05-04,0.30005706182887704,0.309
2012-05-05,0.2703579653814208,0.214
2012-05-06,0.24244194149386286,0.167
2012-05-07,0.4072173411456319,0.242
2012-05-08,0.2618071991417387,0.259
2012-05-09,0.7598484295876566,0.788
2012-05-10,0.5591012569672481,1.74
2012-05-11,0.281524465800296,0.493
2012-05-12,0.24200565991859233,0.252
2012-05-13,0.22556971792580865,0.177
2012-05-14,0.5369333227013573,0.239
2012-05-15,0.3658644130413402,0.358
2012-05-16,0.24380201691592224,0.17
2012-05-17,0.22220666524372926,0.137
2012-05-18,0.2118423604079358,0.124
2012-05-19,0.20256213709526955,0.112
2012-05-20,0.19596223440720237,0.104
2012-05-21,0.19088587020184852,0.102
2012-05-22,0.1869593689795758,0.093
2012-05-23,0.18393903935222147,0.087
2012-05-24,0.18159821271784468,0.087
2012-05-25,0.1798077775177167,0.078
2012-05-26,0.17843450973316036,0.078
2012-05-27,0.17737833925099578,0.081
2012-05-28,0.177040785358798,0.078
2012-05-29,0.1759550376270801,0.076
2012-05-30,0.1818908617800856,0.096
2012-05-31,0.17547533170885823,0.076
2012-06-01,0.1812697908306431,0.078
2012-06-02,0.9581200469094778,0.228
2012-06-03,1.4942021555335883,1.34
2012-06-04,0.7848371358334036,0.379
2012-06-05,0.7908967735943015,0.486
2012-06-06,0.36628633818267076,0.296
2012-06-07,1.4680852718214439,1.34
2012-06-08,0.6557584950801204,0.815
2012-06-09,0.3473561533402513,0.262
2012-06-10,1.6629706659085517,2.87
2012-06-11,1.709911982627516,6.27
2012-06-12,1.5428933199899162,1.05
2012-06-13,0.7058649621031535,0.428
2012-06-14,0.7924183058981434,0.582
2012-06-15,0.42633979161373814,0.499
2012-06-16,0.3575675332758639,0.218
2012-06-17,0.3461064727898668,0.171
2012-06-18,0.3051084367320037,0.159
2012-06-19,0.28584763310275546,0.114
2012-06-20,0.5084865849103021,0.202
2012-06-21,0.41547682282704157,0.288
2012-06-22,0.3051472254100813,0.151
2012-06-23,1.2830160149416132,0.637
2012-06-24,0.4129873676684406,0.477
2012-06-25,0.318617672879841,0.169
2012-06-26,0.2963737918635244,0.117
2012-06-27,0.28281354149799814,0.103
2012-06-28,0.2709734837297463,0.095
2012-06-29,0.26488918110076826,0.085
2012-06-30,0.2559352689361328,0.077
2012-07-01,0.25339995705490653,0.074
2012-07-02,0.6662135710740694,0.198
2012-07-03,0.976022740205778,0.494
2012-07-04,0.3764126397771695,0.328
2012-07-05,0.49231283457423225,0.135
2012-07-06,0.34704652822760856,0.416
2012-07-07,1.4841533524101616,1.76
2012-07-08,1.2800671539710644,1.23
2012-07-09,0.45864415012166276,0.509
2012-07-10,0.822682172694362,0.588
2012-07-11,0.7119402994660643,0.495
2012-07-12,1.5185974198095848,1.53
2012-07-13,1.1496286640098323,1.59
2012-07-14,0.7462740282835874,1.51
2012-07-15,0.476396553023986,0.485
2012-07-16,0.43577988741328116,0.412
2012-07-17,0.3878796548866722,0.232
2012-07-18,0.3721164561189146,0.291
2012-07-19,0.345960458511096,0.194
2012-07-20,0.3418495477604962,0.223
2012-07-21,0.31379562812609485,0.12
2012-07-22,0.30288256590831025,0.104
2012-07-23,0.2950994527679537,0.094
2012-07-24,0.2889872666640737,0.089
2012-07-25,0.2841273021703612,0.089
2012-07-26,0.2802677008084251,0.082
2012-07-27,0.27726506784190913,0.084
2012-07-28,0.274589526010589,0.074
2012-07-29,0.3843267509132649,0.124
2012-07-30,0.40477934377970703,0.149
2012-07-31,0.3177391043645729,0.175
2012-08-01,0.3057418403633876,0.134
2012-08-02,0.293738053591369,0.088
2012-08-03,0.2938364881299626,0.1
2012-08-04,0.30075895550042026,0.231
2012-08-05,0.30038423685362653,0.26
2012-08-06,0.2852975076879109,0.324
2012-08-07,0.2815263072262661,0.116
2012-08-08,0.2704399615503227,0.098
2012-08-09,0.2676530497838495,0.073
2012-08-10,0.2657004398689924,0.085
2012-08-11,0.26396038002007255,0.084
2012-08-12,0.26234155494744493,0.084
2012-08-13,0.2649514783121982,0.124
2012-08-14,0.2596369678618294,0.13
2012-08-15,0.2644678052055128,0.115
2012-08-16,0.2592421337162747,0.066
2012-08-17,0.2552074383711753,0.058
2012-08-18,0.253573245979249,0.06
2012-08-19,0.2544389954213525,0.062
2012-08-20,0.25081755442831377,0.062
2012-08-21,0.25303180332613157,0.076
2012-08-22,0.24797745732521692,0.072
2012-08-23,0.24613921589771193,0.062
2012-08-24,0.25980130046705824,0.075
2012-08-25,0.8989295494537048,0.265
2012-08-26,0.33559739118856746,0.064
2012-08-27,0.2917308651940993,0.069
2012-08-28,0.27146725292195434,0.071
2012-08-29,0.41702039721581696,0.14
2012-08-30,0.29146458060334707,0.076
2012-08-31,0.2706857978440138,0.062
2012-09-01,0.2616871136675293,0.059
2012-09-02,0.255225345809825,0.054
2012-09-03,0.24891024186838517,0.059
2012-09-04,0.24388448290227643,0.056
2012-09-05,0.2395725233230424,0.052
2012-09-06,0.23580215891775297,0.052
2012-09-07,0.23244090837107179,0.063
2012-09-08,0.2294194301538825,0.051
2012-09-09,0.2266784121611224,0.046
2012-09-10,0.2246311691011693,0.053
2012-09-11,0.2217397935822669,0.059
2012-09-12,0.27653650386535644,0.127
2012-09-13,0.23653172511570014,0.063
2012-09-14,0.2286970699933161,0.058
2012-09-15,0.22396508262357256,0.059
2012-09-16,0.21997641647218671,0.061
2012-09-17,0.21645347063132186,0.063
2012-09-18,0.21327461635064882,0.06
2012-09-19,0.21037944763593877,0.056
2012-09-20,0.20771309331121324,0.056
2012-09-21,0.21200517900079413,0.125
2012-09-22,0.20340067565483372,0.082
2012-09-23,1.5006060191895354,1.55
2012-09-24,1.5084414047906776,1.03
2012-09-25,1.4532466441733893,0.253
2012-09-26,0.5398896163680744,0.205
2012-09-27,0.33858617821514786,0.126
2012-09-28,0.30866179192559945,0.127
2012-09-29,0.27559709103729807,0.104
2012-09-30,0.5366217932242772,0.246
2012-10-01,0.30527979769896446,0.402
2012-10-02,0.2820501930676273,0.163
2012-10-03,0.35888835660303137,0.152
2012-10-04,1.1987320536570722,0.597
2012-10-05,1.5502533117188368,1.59
2012-10-06,0.7838366335222852,0.509
2012-10-07,0.37098866440079,0.171
2012-10-08,0.533342443924085,0.262
2012-10-09,0.3245680438706982,0.127
2012-10-10,0.28846114931703054,0.098
2012-10-11,0.7359162053643661,0.405
2012-10-12,0.32211959045344474,0.158
2012-10-13,0.279338993140501,0.13
2012-10-14,0.2575259681505757,0.104
2012-10-15,0.3809288804636773,0.147
2012-10-16,1.1766845676215754,0.513
2012-10-17,0.45785625213626113,0.47
2012-10-18,0.30400969736455724,0.184
2012-10-19,0.9482800880661071,0.616
2012-10-20,0.8149129566460789,0.579
2012-10-21,0.41136801737205714,0.43
2012-10-22,0.30710413604881615,0.27
2012-10-23,0.2808363366863636,0.18
2012-10-24,0.2659246917849436,0.139
2012-10-25,0.25273177018745674,0.127
2012-10-26,0.2451020868803993,0.105
2012-10-27,0.23811112413054683,0.095
2012-10-28,0.4477521352567204,0.178
2012-10-29,0.35132268188127364,0.184
2012-10-30,0.2493776130908965,0.16
2012-10-31,1.346655225676978,0.876
2012-11-01,0.396174748258743,0.62
2012-11-02,0.2833851694137029,0.241
2012-11-03,1.3761228070200624,0.321
2012-11-04,1.1036693276477094,2.63
2012-11-05,0.38929851771799256,0.432
2012-11-06,0.3143817390129728,0.223
2012-11-07,0.2882856080809268,0.185
2012-11-08,0.2719288379106696,0.156
2012-11-09,0.5394588018682441,0.165
2012-11-10,0.289820842458677,0.32
2012-11-11,0.2584616803135159,0.158
2012-11-12,0.37681428895692953,0.209
2012-11-13,0.2596245933696679,0.183
2012-11-14,0.24348625858337275,0.158
2012-11-15,0.23548283894960395,0.136
2012-11-16,0.2307788515400854,0.122
2012-11-17,0.22612345651811783,0.1
2012-11-18,0.22168316693656212,0.092
2012-11-19,0.3198637863545148,0.093
2012-11-20,0.8123448601273433,0.263
2012-11-21,0.938227332013176,1.24
2012-11-22,1.4766472277394413,1.95
2012-11-23,0.5855495412218641,0.889
2012-11-24,1.5215075532369997,2.26
2012-11-25,1.3144778284950978,1.17
2012-11-26,1.4205912766444215,1.27
2012-11-27,0.7566245383305618,1.33
2012-11-28,0.43242944752889234,0.533
2012-11-29,0.373511909315401,0.332
2012-11-30,0.3426911525700804,0.229
2012-12-01,0.3182815019262906,0.182
2012-12-02,0.8857840926899992,0.308
2012-12-03,0.5075152695260926,0.706
2012-12-04,0.496754552066797,0.324
2012-12-05,0.33217167029149064,0.238
2012-12-06,0.95780322103853,0.549
2012-12-07,0.3819615594099726,0.591
2012-12-08,0.31719996535231093,0.318
2012-12-09,0.29506920614541954,0.244
2012-12-10,0.2817511523206811,0.185
2012-12-11,0.27312886118136115,0.16
2012-12-12,0.263721027277609,0.144
2012-12-13,0.258890391495577,0.132
2012-12-14,1.382593854972947,1.48
2012-12-15,0.4143004054791573,0.512
2012-12-16,0.4527634842308718,0.36
2012-12-17,0.32363306643586154,0.248
2012-12-18,0.2994520810360657,0.187
2012-12-19,1.8510326702486017,2.13
2012-12-20,1.7524626249526631,3.58
2012-12-21,1.895662498136104,0.966
2012-12-22,1.9677967470225968,3.71
2012-12-23,1.9269335748664294,1.25
2012-12-24,1.8834370245090077,1.66
2012-12-25,1.4535157116114852,2.17
2012-12-26,1.2284826831874518,0.896
2012-12-27,1.2349117682293467,0.738
2012-12-28,0.7688265535619795,0.847
2012-12-29,0.8237338370882505,0.579
2012-12-30,0.5974903249463331,0.384
2012-12-31,1.3562413007013208,1.01
2013-01-01,0.6337899477630335,0.646
2013-01-02,0.5423949612854028,0.451
2013-01-03,0.4872947879236773,0.349
2013-01-04,0.4539694939221396,0.272
2013-01-05,0.4294097060429674,0.224
2013-01-06,0.41047282708856514,0.199
2013-01-07,0.393893840818694,0.183
2013-01-08,0.7182364415861278,0.254
2013-01-09,0.4357164160925703,0.286
2013-01-10,0.4019119892815123,0.194
2013-01-11,0.39531418273328367,0.165
2013-01-12,0.37978599159624055,0.154
2013-01-13,0.3763023734540376,0.133
2013-01-14,0.893639683340896,0.261
2013-01-15,0.4532099056806125,0.211
2013-01-16,0.4067195777271887,0.164
2013-01-17,0.39352285720001534,0.139
2013-01-18,0.7249542519324703,0.166
2013-01-19,0.43776940485571364,0.17
2013-01-20,0.8499308623742303,0.22
2013-01-21,0.4713959062857919,0.262
2013-01-22,0.4286018287935409,0.25
2013-01-23,0.4145697316749002,0.292
2013-01-24,0.40000360236420124,0.304
2013-01-25,0.8761797270635435,0.469
2013-01-26,1.7050663626819873,2.69
2013-01-27,0.6316338869478271,2.08
2013-01-28,0.914737190014287,0.966
2013-01-29,1.561400691471422,1.98
2013-01-30,0.6870664915258106,1.53
2013-01-31,1.3879187219417788,0.826
2013-02-01,0.6752169681013549,1.23
2013-02-02,0.5732258053731577,0.465
2013-02-03,0.5318257281001553,0.335
2013-02-04,0.7156948241266392,0.397
2013-02-05,0.7208927938120262,0.319
2013-02-06,0.5247630703077808,0.242
2013-02-07,0.6771167675540136,0.298
2013-02-08,0.5074558463532762,0.247
2013-02-09,0.8951694178272961,0.262
2013-02-10,2.0794208383339208,3.64
2013-02-11,1.8424205457412033,1.99
2013-02-12,0.7754062739648262,0.948
2013-02-13,1.0028007541619668,0.872
2013-02-14,0.6607028871707211,1.3
2013-02-15,0.589913353780934,0.474
2013-02-16,0.5519369689667545,0.335
2013-02-17,0.5231867949251068,0.259
2013-02-18,0.5003516209499869,0.212
2013-02-19,0.524806057563043,0.186
2013-02-20,0.4850301918563742,0.184
2013-02-21,0.4688726733306791,0.158
2013-02-22,0.45692813141096006,0.136
2013-02-23,0.4474545630523179,0.126
2013-02-24,0.44110368482180995,0.117
2013-02-25,0.4405963338221304,0.129
2013-02-26,0.4325190476856721,0.128
2013-02-27,0.425140105684249,0.124
2013-02-28,0.42401260354557657,0.113
2013-03-01,0.42057444510762826,0.107
2013-03-02,0.4159515546202071,0.102
2013-03-03,0.41347074414622276,0.1
2013-03-04,0.41131732388193215,0.1
2013-03-05,0.4093144218191386,0.096
2013-03-06,0.723114418072628,0.139
2013-03-07,0.5995419204864862,0.224
2013-03-08,1.5686440030855053,0.908
2013-03-09,0.5771302845583467,0.523
2013-03-10,0.4835421861276102,0.264
2013-03-11,0.4617642328799776,0.183
2013-03-12,0.4479423804210927,0.15
2013-03-13,0.4392421398082028,0.138
2013-03-14,0.5381380825904757,0.13
2013-03-15,1.0472566998432207,0.501
2013-03-16,1.204165293302793,0.881
2013-03-17,1.0714160123949188,1.35
2013-03-18,1.6918434744010689,2.3
2013-03-19,0.720760860982158,0.748
2013-03-20,0.6019165965429983,0.391
2013-03-21,0.7182053977106598,0.314
2013-03-22,1.5327452318678345,0.527
2013-03-23,0.9910123255267891,1.44
2013-03-24,0.644036669865234,0.608
2013-03-25,0.5772442670166457,0.38
2013-03-26,0.5403466659979054,0.291
2013-03-27,0.5120226734727976,0.289
2013-03-28,0.4893640369479168,0.242
2013-03-29,0.4710886242274283,0.19
2013-03-30,0.45634664426188076,0.158
2013-03-31,0.444243743548584,0.142
2013-04-01,0.434335778193253,0.131
2013-04-02,0.4261648712751743,0.127
2013-04-03,0.4193462639326236,0.127
2013-04-04,0.421423641597914,0.136
2013-04-05,0.4092766124694156,0.103
2013-04-06,0.404432776888068,0.095
2013-04-07,0.40060814670906475,0.093
2013-04-08,0.405221713090964,0.094
2013-04-09,0.39596113312450026,0.109
2013-04-10,1.4569659144225588,0.465
2013-04-11,0.9257148020211102,0.468
2013-04-12,0.8887727981914803,0.796
2013-04-13,1.1445365301780543,0.97
2013-04-14,0.5709915694428522,0.454
2013-04-15,0.500521112106596,0.253
2013-04-16,0.4735470653329176,0.182
2013-04-17,0.4537791763392211,0.153
2013-04-18,0.45402654361426065,0.151
2013-04-19,0.4268531046932616,0.117
2013-04-20,0.4141835356836512,0.106
2013-04-21,0.4050292626403935,0.102
2013-04-22,0.39742237887733045,0.099
2013-04-23,0.3909347719049606,0.094
2013-04-24,0.3873151003309464,0.094
2013-04-25,0.5186285255537886,0.143
2013-04-26,0.4082917658824509,0.162
2013-04-27,0.3960861919989676,0.098
2013-04-28,0.38467176241467516,0.089
2013-04-29,0.3778214718323678,0.087
2013-04-30,0.37235606542915467,0.083
2013-05-01,0.36754660102894193,0.075
2013-05-02,0.36323652936653666,0.072
2013-05-03,0.35928901160150883,0.072
2013-05-04,0.3595786464053387,0.072
2013-05-05,0.35251872093032893,0.072
2013-05-06,0.34899548668790775,0.075
2013-05-07,0.3521892191360019,0.075
2013-05-08,0.3433783740781699,0.082
2013-05-09,0.34712322250850197,0.095
2013-05-10,0.3512923212929023,0.107
2013-05-11,0.40578159345363357,0.229
2013-05-12,0.3603011916381556,0.103
2013-05-13,0.34440903990122174,0.083
2013-05-14,1.1620549287626407,0.66
2013-05-15,0.4459152742315432,0.171
2013-05-16,0.3788725693123497,0.128
2013-05-17,0.3601906287049981,0.086
2013-05-18,0.34929851169531745,0.076
2013-05-19,0.34186997860438734,0.072
2013-05-20,0.3330935925509473,0.073
2013-05-21,0.3265235864864974,0.068
2013-05-22,0.32075581813698184,0.067
2013-05-23,0.32644361536617134,0.065
2013-05-24,0.7520133439670463,0.317
2013-05-25,0.3729169239230734,0.107
2013-05-26,0.3343293103055531,0.079
2013-05-27,0.6576934428062065,0.164
2013-05-28,1.1867259044199514,0.781
2013-05-29,0.8220628353734574,0.31
2013-05-30,0.43278536342403895,0.242
2013-05-31,0.38088465330409305,0.115
2013-06-01,0.3592772918960382,0.088
2013-06-02,0.34314821003316326,0.081
2013-06-03,0.32997077074720643,0.075
2013-06-04,0.31903920234256083,0.071
2013-06-05,0.30988982457187425,0.069
2013-06-06,0.30390427790803687,0.063
2013-06-07,0.29637212180437766,0.06
2013-06-08,0.2899200855215564,0.058
2013-06-09,0.284876238426876,0.059
2013-06-10,0.2804663406890313,0.06
2013-06-11,0.27665351316562403,0.074
2013-06-12,0.2855150129897498,0.134
2013-06-13,0.27054118442754155,0.07
2013-06-14,0.2772190059581414,0.103
2013-06-15,0.5009529949311923,0.426
2013-06-16,0.30532244158731997,0.084
2013-06-17,0.28216675520553136,0.064
2013-06-18,0.27490651572176655,0.065
2013-06-19,0.26814709667746756,0.058
2013-06-20,0.2637805208193714,0.06
2013-06-21,0.4773569351815324,0.317
2013-06-22,0.301436159329429,0.14
2013-06-23,0.2800302350366578,0.092
2013-06-24,0.26692417803736623,0.069
2013-06-25,0.25980321408266677,0.059
2013-06-26,0.2540085753340524,0.056
2013-06-27,0.25878745029213035,0.063
2013-06-28,0.2555292891298843,0.085
2013-06-29,0.24142443995617482,0.064
2013-06-30,0.2370589802988849,0.057
2013-07-01,0.23370944640958222,0.057
2013-07-02,0.23958416548890862,0.067
2013-07-03,0.22854306226176727,0.057
2013-07-04,0.22513406073380693,0.049
2013-07-05,0.22249366600334336,0.047
2013-07-06,0.21998747538851052,0.049
2013-07-07,0.2175669488320022,0.059
2013-07-08,0.2152142487054486,0.056
2013-07-09,0.21290008891262574,0.053
2013-07-10,0.2106307646056443,0.052
2013-07-11,0.20839436815868553,0.053
2013-07-12,0.20618477126929022,0.058
2013-07-13,0.20401642025677386,0.074
2013-07-14,0.20183040806465755,0.07
2013-07-15,0.19967677063574865,0.055
2013-07-16,0.19753969633467502,0.053
2013-07-17,0.19602042361045863,0.053
2013-07-18,0.1933455591089957,0.053
2013-07-19,0.19120010313910676,0.054
2013-07-20,0.18910444924745565,0.063
2013-07-21,0.19065357710893557,0.117
2013-07-22,0.21124487019658647,0.285
2013-07-23,0.1954248307905152,0.265
2013-07-24,0.4229917317641746,0.237
2013-07-25,0.22962782394636722,0.15
2013-07-26,0.20687243990861062,0.074
2013-07-27,0.5918995096527548,0.467
2013-07-28,0.28461361924734924,0.301
2013-07-29,0.5355979069309963,0.296
2013-07-30,0.5155045647108235,0.821
2013-07-31,0.28341453965984154,0.159
2013-08-01,0.2502689216924793,0.108
2013-08-02,0.2395439893028601,0.269
2013-08-03,0.22188448802075023,0.109
2013-08-04,0.20714914632118486,0.204
2013-08-05,0.7631010475862721,0.465
2013-08-06,0.27820009057300027,0.106
2013-08-07,0.22705154858076365,0.072
2013-08-08,0.21970059030575081,0.064
2013-08-09,0.20179419934919776,0.069
2013-08-10,0.19232368154202778,0.058
2013-08-11,0.18517149702235802,0.056
2013-08-12,0.17928902913366312,0.055
2013-08-13,0.17501695669894884,0.055
2013-08-14,0.17219914597138275,0.056
2013-08-15,0.18031949633406116,0.086
2013-08-16,0.16829176749726119,0.083
2013-08-17,0.16313232921292997,0.061
2013-08-18,0.15863794592594577,0.066
2013-08-19,0.15625093704490015,0.054
2013-08-20,0.15425905791568625,0.053
2013-08-21,0.3740338227642677,0.086
2013-08-22,0.20198393431771525,0.119
2013-08-23,0.18521601294693835,0.061
2013-08-24,1.4660493963368066,1.16
2013-08-25,1.2957666041580789,0.259
2013-08-26,0.3511661419797996,0.097
2013-08-27,0.2560654411669533,0.076
2013-08-28,0.2301022263085747,0.068
2013-08-29,0.2130569311388716,0.079
2013-08-30,0.199614036881325,0.061
2013-08-31,0.1887775092883579,0.056
2013-09-01,0.17999823053475222,0.056
2013-09-02,0.17285603982541914,0.059
2013-09-03,0.16701656742877447,0.062
2013-09-04,0.16223019235496644,0.061
2013-09-05,0.16225562975765453,0.056
2013-09-06,0.1715302458619351,0.108
2013-09-07,0.1541963150412836,0.059
2013-09-08,0.16848287371520979,0.181
2013-09-09,0.7500168277039013,0.379
2013-09-10,0.2360438200597978,0.088
2013-09-11,0.20238716906930454,0.105
2013-09-12,0.19430385887918247,0.121
2013-09-13,1.5579602595574777,2.57
2013-09-14,1.3991153773465268,0.302
2013-09-15,1.2689281881672405,0.282
2013-09-16,0.3703850029182857,0.127
2013-09-17,0.7216349070208217,0.329
2013-09-18,0.30549664296262613,0.121
2013-09-19,0.260212126520886,0.117
2013-09-20,0.22988785155769859,0.081
2013-09-21,0.21319943404831587,0.073
2013-09-22,0.20039773568904923,0.071
2013-09-23,0.19092490750307842,0.072
2013-09-24,0.18225647194122174,0.074
2013-09-25,0.17581918602942825,0.071
2013-09-26,0.1703945164101658,0.061
2013-09-27,0.1662033268461674,0.059
2013-09-28,0.16437118915648244,0.059
2013-09-29,0.16007242619078413,0.061
2013-09-30,0.15766251779456503,0.064
2013-10-01,0.16755416947049762,0.081
2013-10-02,0.15576298399943936,0.082
2013-10-03,0.16628112019559607,0.068
2013-10-04,0.15270604491599699,0.083
2013-10-05,0.15057410366974094,0.083
2013-10-06,0.1500814322658486,0.093
2013-10-07,0.14868666616695458,0.082
2013-10-08,0.147734755370949,0.067
2013-10-09,0.1469218229734965,0.066
2013-10-10,0.3172398352020106,0.098
2013-10-11,0.9496493767260182,0.291
2013-10-12,0.7919235231536997,0.148
2013-10-13,0.9465045789252128,0.745
2013-10-14,0.4618153652627054,0.414
2013-10-15,0.2638016034096934,0.15
2013-10-16,0.7288073989853796,0.436
2013-10-17,0.2785440962458536,0.125
2013-10-18,0.23453303425860458,0.123
2013-10-19,0.6213622471214756,0.206
2013-10-20,1.3960369166379967,1.8
2013-10-21,0.6497111608440183,0.355
2013-10-22,1.433071904731846,0.983
2013-10-23,0.5197784618994082,0.428
2013-10-24,0.3910506647335725,0.202
2013-10-25,0.28057051116078174,0.188
2013-10-26,0.5688389929247519,0.267
2013-10-27,1.5709891399814118,3.04
2013-10-28,1.4641181044367948,1.34
2013-10-29,0.8552109089199305,0.363
2013-10-30,0.45325974899947613,0.214
2013-10-31,0.3135337963061824,0.211
2013-11-01,0.2818260840895048,0.163
2013-11-02,0.2589430991939154,0.139
2013-11-03,1.4608437179212501,1.4
2013-11-04,1.4962229502781048,1.22
2013-11-05,1.0286808171907162,1.13
2013-11-06,0.7840682796660495,0.734
2013-11-07,0.37623757284265,0.42
2013-11-08,1.3464270646653058,1.21
2013-11-09,0.8297270788454189,0.855
2013-11-10,0.40234608682024364,0.421
2013-11-11,0.9580113578180797,0.784
2013-11-12,0.3960658352485272,0.587
2013-11-13,0.33049798199456465,0.338
2013-11-14,0.2993939961519762,0.231
2013-11-15,0.280338977710812,0.172
2013-11-16,0.26662131069201256,0.146
2013-11-17,0.30745844110771786,0.157
2013-11-18,0.2586046383782045,0.175
2013-11-19,0.24936064043783737,0.139
2013-11-20,0.9189098543926897,0.605
2013-11-21,0.3272571799146924,0.381
2013-11-22,0.2696501992418553,0.203
2013-11-23,0.25627377271084917,0.158
2013-11-24,0.24875027109569395,0.137
2013-11-25,0.2416454917760662,0.124
2013-11-26,0.23970250348668415,0.12
2013-11-27,0.2329643818697342,0.122
2013-11-28,0.2296517661971473,0.129
2013-11-29,0.22802067548291668,0.123
2013-11-30,0.22525418166475017,0.116
2013-12-01,0.22358643695732736,0.099
2013-12-02,0.22225706008410287,0.094
2013-12-03,0.22119825169566845,0.093
2013-12-04,0.22122874873112516,0.09
2013-12-05,0.33873313882899514,0.112
2013-12-06,0.2366202048276104,0.092
2013-12-07,0.22669135568939797,0.088
2013-12-08,0.2246142686956425,0.087
2013-12-09,0.22351963727512839,0.087
2013-12-10,0.22057780438615773,0.087
2013-12-11,0.22128494401728488,0.088
2013-12-12,0.22029742750497033,0.093
2013-12-13,0.32733575587983055,0.135
2013-12-14,0.3685398407121002,0.148
2013-12-15,1.1202850113149965,0.598
2013-12-16,1.481926299162981,1.52
2013-12-17,0.8759871033156502,1.03
2013-12-18,1.2220527710492635,1.43
2013-12-19,0.835859118433727,1.19
2013-12-20,0.8051313367903601,0.685
2013-12-21,1.2302834791370174,1.46
2013-12-22,0.510001799388248,0.676
2013-12-23,2.2266726436478437,5.07
2013-12-24,2.0337730987528886,2.84
2013-12-25,1.9015977914528102,1.11
2013-12-26,1.8550981061317422,0.793
2013-12-27,0.881141706974704,0.738
2013-12-28,0.59368774024625,0.408
2013-12-29,0.5224463709403577,0.295
2013-12-30,1.168001617700175,0.753
2013-12-31,1.1510722901007076,0.912
2014-01-01,2.03146223478412,2.32
2014-01-02,1.9355935125338926,1.17
2014-01-03,1.9305596336459954,1.82
2014-01-04,1.5747497114908549,3.18
2014-01-05,2.178173029403671,2.01
2014-01-06,2.27830930063393,2.91
2014-01-07,2.0536582345503547,2.25
2014-01-08,1.43406720626684,0.972
2014-01-09,0.8839426569078715,0.766
2014-01-10,1.1315852483148943,0.592
2014-01-11,0.747956369059866,0.53
2014-01-12,0.9753330160142679,0.544
2014-01-13,1.3685185727717974,1.43
2014-01-14,1.3878603182526859,1.01
2014-01-15,1.0652389094712764,1.14
2014-01-16,2.1723114493115276,2.01
2014-01-17,1.67434111412438,1.72
2014-01-18,0.9418672414891388,0.845
2014-01-19,0.7540107385892819,0.532
2014-01-20,0.6895909862130998,0.381
2014-01-21,1.5737562704016808,0.755
2014-01-22,0.7745394935642086,0.869
2014-01-23,0.9955835072636667,0.764
2014-01-24,1.4114137593479805,0.885
2014-01-25,1.2972982120048382,0.988
2014-01-26,1.5547444681028415,1.57
2014-01-27,0.9321195718174828,0.831
2014-01-28,1.4234558097223624,0.82
2014-01-29,2.29408316422725,4.21
2014-01-30,1.6814076300281227,1.48
2014-01-31,2.4810181367729207,4.39
2014-02-01,1.8022481521745255,1.85
2014-02-02,1.0162135183246046,0.662
2014-02-03,0.8846038855631648,0.475
2014-02-04,2.095916180020822,1.07
2014-02-05,1.187641826181338,0.941
2014-02-06,2.605971900501584,4.8
2014-02-07,2.4242540863475743,3.32
2014-02-08,2.156327611472892,1.34
2014-02-09,1.1632673519538823,0.644
2014-02-10,1.1268918601513853,0.575
2014-02-11,1.213833365176788,0.687
2014-02-12,2.0469706563741044,1.78
2014-02-13,1.058868011066987,0.698
2014-02-14,2.2705881957698035,2.93
2014-02-15,1.2040986412856232,0.781
2014-02-16,0.9725379853790269,0.48
2014-02-17,1.3148759978030589,0.526
2014-02-18,1.5960203783314177,1.2
2014-02-19,1.0100322598748166,0.575
2014-02-20,0.9184737758902153,0.56
2014-02-21,0.8567977224551651,0.372
2014-02-22,0.823246121889049,0.292
2014-02-23,0.7972831628273964,0.257
2014-02-24,0.9654580259574053,0.259
2014-02-25,0.9664164198856869,0.409
2014-02-26,1.1865678619492428,0.314
2014-02-27,1.229442731022601,0.506
2014-02-28,1.3407559725684042,0.948
2014-03-01,0.9257360242290772,0.511
2014-03-02,1.8711275467797024,1.37
2014-03-03,1.1562964612198958,0.898
2014-03-04,0.9332252760898736,0.491
2014-03-05,0.8816783477681641,0.337
2014-03-06,0.8501934395373058,0.267
2014-03-07,0.8259784102588063,0.216
2014-03-08,0.8066976190440093,0.185
2014-03-09,0.7912935434749708,0.164
2014-03-10,0.778915083960361,0.157
2014-03-11,0.7689139928772053,0.14
2014-03-12,0.7613782639415493,0.13
2014-03-13,0.7541169098966463,0.124
2014-03-14,0.7482898403424613,0.126
2014-03-15,0.7434211363396351,0.112
2014-03-16,0.7391720673675674,0.107
2014-03-17,0.7353694732254781,0.106
2014-03-18,0.7320049551641905,0.102
2014-03-19,0.7286156737648003,0.102
2014-03-20,0.7999763806838761,0.154
2014-03-21,1.08669257475507,0.292
2014-03-22,0.7835136719873798,0.166
2014-03-23,0.7504837913799932,0.116
2014-03-24,0.8519026545340996,0.104
2014-03-25,0.7558911913009952,0.127
2014-03-26,0.8990385408249293,0.301
2014-03-27,0.7580669024381919,0.133
2014-03-28,0.7350440130815176,0.112
2014-03-29,0.7246799700513842,0.103
2014-03-30,0.7170071313054549,0.095
2014-03-31,0.7167667857233493,0.112
2014-04-01,0.7034245998913726,0.102
2014-04-02,0.6961470531788582,0.094
2014-04-03,0.6903599724007841,0.089
2014-04-04,0.6847664694674369,0.085
2014-04-05,0.8148205508723344,0.114
2014-04-06,0.7125906185641602,0.198
2014-04-07,0.9530300579428642,0.345
2014-04-08,0.7198195104426419,0.141
2014-04-09,0.6911621431189412,0.108
2014-04-10,0.679425988043719,0.097
2014-04-11,0.6700279010927058,0.092
2014-04-12,0.6616283995741199,0.088
2014-04-13,0.6539576648142871,0.083
2014-04-14,0.6468512561843951,0.082
2014-04-15,0.6401855047545629,0.082
2014-04-16,0.6338599567355871,0.084
2014-04-17,0.6277989677935795,0.085
2014-04-18,0.6219405144726128,0.091
2014-04-19,0.6162865975364166,0.082
2014-04-20,1.0475863453292507,0.213
2014-04-21,1.1871641720762434,0.349
2014-04-22,0.7083983940192434,0.122
2014-04-23,0.664354037684232,0.113
2014-04-24,0.637252547189061,0.097
2014-04-25,0.7585782351380452,0.143
2014-04-26,0.6386464311189826,0.103
2014-04-27,0.6170842750711112,0.092
2014-04-28,0.6019906654174612,0.086
2014-04-29,0.5924065524517518,0.08
2014-04-30,0.74639230632337,0.111
2014-05-01,1.4627828595525587,1.24
2014-05-02,0.6992643508764063,0.271
2014-05-03,0.6218341995842385,0.139
2014-05-04,0.5995900073397469,0.109
2014-05-05,0.587336543683132,0.096
2014-05-06,0.5743982496997161,0.098
2014-05-07,0.5697156157866758,0.083
2014-05-08,0.8162952182506535,0.359
2014-05-09,0.8373975613289878,0.234
2014-05-10,0.8504192828300465,0.477
2014-05-11,0.6095613894699157,0.16
2014-05-12,0.8256622470840035,0.165
2014-05-13,0.6168015909401431,0.164
2014-05-14,0.5654833098444471,0.105
2014-05-15,0.5474688733447485,0.087
2014-05-16,0.5330497820602174,0.081
2014-05-17,0.5211595580184587,0.076
2014-05-18,0.5108238302228016,0.073
2014-05-19,0.5017589331758187,0.071
2014-05-20,0.49408685491839177,0.069
2014-05-21,0.8219077220874885,0.238
2014-05-22,0.5498963574359853,0.143
2014-05-23,0.905724470102429,0.147
2014-05-24,0.5705820110996512,0.478
2014-05-25,0.5485009848404003,0.181
2014-05-26,0.740492571208414,0.36
2014-05-27,1.3187921879800644,0.559
2014-05-28,0.6080800533303249,0.341
2014-05-29,0.531926735983717,0.148
2014-05-30,0.5066187530940349,0.108
2014-05-31,0.48959857530818485,0.09
2014-06-01,0.4770685671847719,0.081
2014-06-02,0.46587366557823434,0.079
2014-06-03,0.7474314928142094,0.338
2014-06-04,0.6001048369475511,0.22
2014-06-05,0.4912236940856625,0.123
2014-06-06,0.4713660912601641,0.086
2014-06-07,0.542184723123197,0.253
2014-06-08,0.46985852770204567,0.087
2014-06-09,0.4923824295491856,0.144
2014-06-10,0.44207884022655874,0.091
2014-06-11,0.4287655109484656,0.071
2014-06-12,0.41953239675183035,0.066
2014-06-13,0.4259023340509927,0.079
2014-06-14,0.4080319795130421,0.069
2014-06-15,0.3985256801670285,0.069
2014-06-16,0.3925159252762526,0.069
2014-06-17,0.38848596669036456,0.066
2014-06-18,0.3823081273518354,0.065
2014-06-19,0.3775452169869938,0.064
2014-06-20,0.37306269163164474,0.07
2014-06-21,0.3687844476278833,0.066
2014-06-22,0.3646531423288811,0.059
2014-06-23,0.377387302103132,0.128
2014-06-24,0.3590763141658641,0.06
2014-06-25,0.353045060651573,0.056
2014-06-26,0.3642396565672594,0.12
2014-06-27,0.3466408796494597,0.07
2014-06-28,0.8480679690996187,0.214
2014-06-29,0.4217835123739934,0.074
2014-06-30,0.38432737362721087,0.089
2014-07-01,0.3613358746933935,0.067
2014-07-02,0.3514091025602183,0.059
2014-07-03,0.34350556980739744,0.059
2014-07-04,0.47258141630991396,0.133
2014-07-05,0.36816887364151624,0.174
2014-07-06,0.35784761342092175,0.096
2014-07-07,0.35342655921498306,0.206
2014-07-08,0.4816151035778804,0.16
2014-07-09,0.35931925781499413,0.103
2014-07-10,0.5373728219130299,0.107
2014-07-11,0.37379291940406323,0.177
2014-07-12,1.3761517033175876,0.655
2014-07-13,0.47700714597207083,0.259
2014-07-14,0.3867933288924019,0.092
2014-07-15,0.3621875034203814,0.075
2014-07-16,0.3457251163111223,0.066
2014-07-17,0.7616520197874765,0.556
2014-07-18,0.41667596630522075,0.216
2014-07-19,0.35203040523542345,0.162
2014-07-20,0.3465536638162454,0.176
2014-07-21,0.32198985378461437,0.101
2014-07-22,0.31074284645159855,0.071
2014-07-23,0.30196302027199384,0.066
2014-07-24,0.29453120218532214,0.075
2014-07-25,0.485660457630768,0.271
2014-07-26,0.32722685339788654,0.077
2014-07-27,0.30855387113830185,0.08
2014-07-28,0.2962105990788549,0.071
2014-07-29,0.2869102026033058,0.059
2014-07-30,0.2800077633186862,0.059
2014-07-31,0.27412050321912795,0.057
2014-08-01,0.2694589838735452,0.055
2014-08-02,0.2657444834912396,0.055
2014-08-03,0.2603891202983531,0.063
2014-08-04,0.2565606661270867,0.06
2014-08-05,0.8038482453922724,0.458
2014-08-06,0.335751404758542,0.135
2014-08-07,0.2892891059268819,0.08
2014-08-08,1.2396511000666195,0.571
2014-08-09,0.519306129740241,0.17
2014-08-10,1.3016847648636125,1.62
2014-08-11,0.8797757834385338,0.245
2014-08-12,0.4475801455650722,0.195
2014-08-13,0.3710984287292253,0.094
2014-08-14,0.5092694103399986,0.348
2014-08-15,0.35743433003217745,0.103
2014-08-16,0.325128804282343,0.078
2014-08-17,0.31060488540154024,0.106
2014-08-18,0.2988087131974454,0.232
2014-08-19,0.28013924470820883,0.091
2014-08-20,0.26923459946843414,0.073
2014-08-21,0.26118727787309937,0.069
2014-08-22,0.2544855588185269,0.066
2014-08-23,0.24937614910975994,0.064
2014-08-24,0.2613814906670245,0.068
2014-08-25,1.577778150229163,1.97
2014-08-26,1.5128503844932335,0.625
2014-08-27,1.1098969841057627,0.158
2014-08-28,0.41457398016431896,0.124
2014-08-29,0.3419739073544344,0.096
2014-08-30,0.31288402734533755,0.08
2014-08-31,0.2951120932044052,0.071
2014-09-01,0.30572484014724993,0.11
2014-09-02,0.27173141455324207,0.071
2014-09-03,0.2608233813552973,0.066
2014-09-04,0.25313463908122,0.065
2014-09-05,0.24689262159251704,0.064
2014-09-06,0.24174106546866425,0.064
2014-09-07,0.2373498911607087,0.062
2014-09-08,0.2336309868645064,0.058
2014-09-09,0.23042133675784296,0.055
2014-09-10,0.2276235565432508,0.055
2014-09-11,0.22512464730179294,0.054
2014-09-12,0.22289682605700747,0.054
2014-09-13,0.2208142528998292,0.054
2014-09-14,0.2189542050024698,0.055
2014-09-15,0.21715988185932297,0.059
2014-09-16,0.21535697216132352,0.059
2014-09-17,0.2136794893617227,0.064
2014-09-18,0.7496377881101585,0.588
2014-09-19,1.2768585136381099,0.495
2014-09-20,0.3769899211388886,0.214
2014-09-21,0.28898791933399237,0.094
2014-09-22,0.26805067481989353,0.08
2014-09-23,0.26791660507207626,0.077
2014-09-24,0.2470408633719597,0.077
2014-09-25,0.23609005837656044,0.064
2014-09-26,0.22897379380802682,0.062
2014-09-27,0.2229201842923356,0.065
2014-09-28,0.21795151674787516,0.065
2014-09-29,0.22367589632222806,0.091
2014-09-30,0.2124789314178097,0.067
2014-10-01,0.20749415905361335,0.071
2014-10-02,0.2041383130578997,0.066
2014-10-03,0.20161961962391223,0.063
2014-10-04,0.7311009424960239,0.228
2014-10-05,0.2709524972653716,0.073
2014-10-06,1.1275817289060681,0.446
2014-10-07,0.3563152623093678,0.17
2014-10-08,0.5228707305795539,0.134
2014-10-09,0.46821312087534606,0.207
2014-10-10,0.4346926190727498,0.277
2014-10-11,0.28114747447080174,0.094
2014-10-12,1.5471083540155364,1.67
2014-10-13,1.7404889249348614,3.56
2014-10-14,1.5350494377605568,0.489
2014-10-15,1.5778779521620827,0.649
2014-10-16,1.482346530880599,0.332
2014-10-17,0.556484941677023,0.186
2014-10-18,0.5100492651775281,0.182
2014-10-19,0.3451272376973224,0.211
2014-10-20,0.3467957866763071,0.156
2014-10-21,0.30284855254386395,0.198
2014-10-22,0.27923968342203737,0.152
2014-10-23,0.32234879910813224,0.168
2014-10-24,0.2684761896336297,0.151
2014-10-25,0.25156159066688355,0.116
2014-10-26,0.2420525614918998,0.105
2014-10-27,0.2355191627851911,0.107
2014-10-28,0.23078115609126115,0.109
2014-10-29,0.3676735411511876,0.191
2014-10-30,0.24405196536621665,0.136
2014-10-31,0.22937314867389938,0.126
2014-11-01,0.22987864624357646,0.144
2014-11-02,1.144763070115235,0.831
2014-11-03,0.7611130249261989,0.532
2014-11-04,1.1582803048109325,0.874
2014-11-05,0.3807275117431477,0.345
2014-11-06,0.889210013032119,0.31
2014-11-07,0.357711455326697,0.398
2014-11-08,1.3466537416909197,1.06
2014-11-09,0.41285502297365695,0.385
2014-11-10,0.3200664184855381,0.225
2014-11-11,0.5356056395260448,0.183
2014-11-12,0.321798768069895,0.405
2014-11-13,1.3942730759527795,0.267
2014-11-14,0.8399616094331339,2.17
2014-11-15,0.38328690977802043,0.424
2014-11-16,1.2446648519093726,0.595
2014-11-17,0.4516425197102073,0.806
2014-11-18,0.35228308853238977,0.361
2014-11-19,0.31820555134527384,0.247
2014-11-20,0.2988552487096157,0.177
2014-11-21,0.4427206696649471,0.169
2014-11-22,1.5298350983670386,1.16
2014-11-23,1.731175902711945,5.24
2014-11-24,1.5415152115942066,0.701
2014-11-25,1.5154300089723147,0.737
2014-11-26,1.1157969980955058,0.828
2014-11-27,0.530475878536118,0.581
2014-11-28,0.4461117956384948,0.359
2014-11-29,0.40257720198217156,0.257
2014-11-30,0.3705375722501713,0.193
2014-12-01,0.35591915238958555,0.167
2014-12-02,0.33329114409045274,0.164
2014-12-03,0.31511925815840486,0.136
2014-12-04,0.4341420976142534,0.163
2014-12-05,0.3208377201090949,0.139
2014-12-06,0.3023424530116906,0.121
2014-12-07,0.3098636291216964,0.171
2014-12-08,0.28993769713384215,0.14
2014-12-09,0.5405875900517295,0.204
2014-12-10,0.3208347713771266,0.165
2014-12-11,1.5644908592260762,0.7
2014-12-12,0.7172611666949237,0.933
2014-12-13,0.41176935061592107,0.338
2014-12-14,0.4456886391753657,0.25
2014-12-15,0.36424385738609755,0.218
2014-12-16,1.5411064595890054,0.892
2014-12-17,0.5276086012991684,0.777
2014-12-18,0.6513590321940916,0.459
2014-12-19,0.4318642936854481,0.409
2014-12-20,0.3938958703204637,0.252
2014-12-21,0.3662472376662216,0.211
2014-12-22,0.34751445096985917,0.185
2014-12-23,0.3893609616333756,0.159
2014-12-24,0.3386202991847528,0.167
2014-12-25,0.32459476506078294,0.123
2014-12-26,1.5963330764647368,1.49
2014-12-27,0.8443175062337568,0.772
2014-12-28,0.4435195940872369,0.358
2014-12-29,0.3918836991147254,0.241
2014-12-30,0.3693349825024994,0.198
2014-12-31,0.35420579059236146,0.173
2015-01-01,0.45970083226470493,0.223
2015-01-02,1.6474744513117427,0.599
2015-01-03,1.241017961438493,2.22
2015-01-04,0.5582548643403452,0.586
2015-01-05,0.4659065688194074,0.389
2015-01-06,0.5533424187228989,0.386
2015-01-07,1.090883454451351,0.319
2015-01-08,1.6299227742899485,2.12
2015-01-09,0.6414337861930094,0.589
2015-01-10,0.5270920601289327,0.445
2015-01-11,0.47945000795560755,0.297
2015-01-12,1.8319445081468733,1.72
2015-01-13,1.197604394412523,1.84
2015-01-14,1.679655657679176,1.2
2015-01-15,0.7151097683539812,1.07
2015-01-16,0.5884374389152796,0.449
2015-01-17,0.6204198900623993,0.325
2015-01-18,0.5133445713698229,0.29
2015-01-19,0.47507323168408067,0.235
2015-01-20,0.4498378369485324,0.204
2015-01-21,0.4250767717144798,0.187
2015-01-22,0.40780354461388485,0.156
2015-01-23,0.9086750204116915,0.327
2015-01-24,0.47550456593464113,0.305
2015-01-25,0.4242476761589514,0.203
2015-01-26,0.4081537361802269,0.186
2015-01-27,0.39442344169023463,0.162
2015-01-28,0.6784188579375532,0.272
2015-01-29,0.7303562644005804,0.28
2015-01-30,0.46231127912331027,0.286
2015-01-31,0.7469111476345857,0.437
2015-02-01,0.4625391300581986,0.325
2015-02-02,0.47416333441010683,0.219
2015-02-03,0.4312256654108986,0.23
2015-02-04,0.4353674726012467,0.177
2015-02-05,0.4093575154246101,0.201
2015-02-06,0.39605085747780594,0.157
2015-02-07,0.3862579695424883,0.137
2015-02-08,0.3791250002112146,0.131
2015-02-09,0.37344173046334733,0.127
2015-02-10,0.3686757743961267,0.122
2015-02-11,0.3647633442414455,0.117
2015-02-12,0.3626619056440578,0.112
2015-02-13,1.1237616613727253,0.547
2015-02-14,0.4606588858184651,0.374
2015-02-15,0.3987541169231832,0.239
2015-02-16,1.0315329323437157,0.577
2015-02-17,0.4777393877613632,0.344
2015-02-18,0.41962311359623333,0.241
2015-02-19,1.497008520906607,0.933
2015-02-20,0.7012634438901074,0.774
2015-02-21,0.5005593950505215,0.529
2015-02-22,1.2548527298459058,1.28
2015-02-23,0.5866733413205955,0.72
2015-02-24,0.6639393562837614,0.426
2015-02-25,0.5033226909455378,0.418
2015-02-26,1.0881760988232838,0.895
2015-02-27,0.550517709732331,0.408
2015-02-28,0.8166885901350812,0.55
2015-03-01,0.7746122765431789,0.534
2015-03-02,0.5216598323761845,0.321
2015-03-03,0.47456831470155125,0.234
2015-03-04,0.449278518730624,0.183
2015-03-05,0.42987698527337403,0.16
2015-03-06,0.4144256961736623,0.146
2015-03-07,0.4019272748252109,0.135
2015-03-08,0.3917699327209984,0.124
2015-03-09,0.3834507300532252,0.119
2015-03-10,0.3765365809081386,0.113
2015-03-11,0.37084894776743776,0.107
2015-03-12,0.36593807621854363,0.122
2015-03-13,0.36178028367946735,0.104
2015-03-14,0.35850697313669233,0.102
2015-03-15,0.5060045944516701,0.124
2015-03-16,0.3810456118992914,0.13
2015-03-17,0.3618177331149747,0.098
2015-03-18,0.3559908437154248,0.1
2015-03-19,0.3519246887372316,0.09
2015-03-20,0.34839711119189204,0.089
2015-03-21,0.34521452899181265,0.087
2015-03-22,0.34227147124113944,0.082
2015-03-23,0.34450343645911213,0.09
2015-03-24,0.3415640333185851,0.095
2015-03-25,0.8698223979771614,0.197
2015-03-26,0.41165098909055964,0.282
2015-03-27,0.3620117752619964,0.112
2015-03-28,0.3648493231332495,0.107
2015-03-29,0.5300508795038849,0.396
2015-03-30,0.38046821793615637,0.18
2015-03-31,0.35253748596928247,0.16
2015-04-01,0.5841232749690821,0.241
2015-04-02,0.48362083274945317,0.235
2015-04-03,0.5284360668131314,0.382
2015-04-04,0.3820347683499543,0.211
2015-04-05,0.3589626500964594,0.151
2015-04-06,0.34745030147420886,0.127
2015-04-07,0.3383849689698621,0.112
2015-04-08,0.3307646530476084,0.1
2015-04-09,0.32424869750934227,0.097
2015-04-10,0.31999946129887763,0.104
2015-04-11,0.3165264152894827,0.107
2015-04-12,0.3095255110809253,0.086
2015-04-13,0.3053098664608381,0.083
2015-04-14,0.3016476079716057,0.083
2015-04-15,0.2982853379365198,0.083
2015-04-16,0.2951441330888927,0.083
2015-04-17,0.29213314021272957,0.081
2015-04-18,0.2892689643849501,0.075
2015-04-19,0.2864987405923556,0.073
2015-04-20,0.2838024494270066,0.071
2015-04-21,0.2811669704557218,0.066
2015-04-22,0.27857449985253835,0.067
2015-04-23,0.27601157332654525,0.067
2015-04-24,0.2899589432874136,0.083
2015-04-25,0.5482491337987595,0.346
2015-04-26,0.3168406222849981,0.128
2015-04-27,0.29169642511406396,0.086
2015-04-28,0.2846664891616871,0.073
2015-04-29,0.36153644920243583,0.178
2015-04-30,0.2954694039813331,0.077
2015-05-01,0.28292640333747476,0.068
2015-05-02,0.29410133791527127,0.084
2015-05-03,0.2726352202979007,0.184
2015-05-04,0.7680521678118103,0.389
2015-05-05,0.4372257838204351,0.217
2015-05-06,0.39783179511113836,0.592
2015-05-07,0.3198655532933091,0.149
2015-05-08,0.30117170694812395,0.103
2015-05-09,0.28690073322632326,0.085
2015-05-10,0.27613261633379826,0.076
2015-05-11,0.26758826338250974,0.074
2015-05-12,0.25986918093361616,0.071
2015-05-13,0.25349642043822274,0.067
2015-05-14,1.388366038688391,0.795
2015-05-15,0.40120870144827314,0.171
2015-05-16,0.30776348361716904,0.102
2015-05-17,0.2899519530372988,0.084
2015-05-18,0.2859280596809536,0.201
2015-05-19,0.28153031998445915,0.329
2015-05-20,0.256097275010653,0.106
2015-05-21,0.2470225706895857,0.084
2015-05-22,0.24069501668145987,0.077
2015-05-23,0.2372767719395479,0.089
2015-05-24,0.23126877883866503,0.072
2015-05-25,0.2268145100016304,0.068
2015-05-26,0.2232112205208956,0.067
2015-05-27,0.22000908943274386,0.063
2015-05-28,0.21707472259375718,0.061
2015-05-29,0.23333092668062322,0.151
2015-05-30,0.23401805102263004,0.123
2015-05-31,0.2159608286129453,0.133
2015-06-01,0.21148705802808362,0.091
2015-06-02,0.2053966578410115,0.087
2015-06-03,0.20291583440277391,0.074
2015-06-04,0.20665267130193002,0.063
2015-06-05,0.19929774172082348,0.066
2015-06-06,0.19685284184049462,0.057
2015-06-07,0.19485698311394173,0.063
2015-06-08,0.19294203419962286,0.061
2015-06-09,0.19099241171036874,0.058
2015-06-10,0.18908019885222246,0.056
2015-06-11,0.18719426133818848,0.054
2015-06-12,0.19413166402342738,0.055
2015-06-13,0.18500824699144877,0.064
2015-06-14,0.18266664092202745,0.065
2015-06-15,0.17974561089656,0.066
2015-06-16,0.17780227000334276,0.055
2015-06-17,0.17719322397934792,0.055
2015-06-18,0.17418307885977577,0.057
2015-06-19,0.1722839576314324,0.058
2015-06-20,0.1970343114962904,0.289
2015-06-21,0.18666328143441827,0.119
2015-06-22,0.17138241604981702,0.078
2015-06-23,0.1652541125518782,0.061
2015-06-24,0.16310919770276938,0.055
2015-06-25,0.1613031331140561,0.055
2015-06-26,0.1595919705632108,0.055
2015-06-27,0.15770007088160415,0.055
2015-06-28,0.16321324333722143,0.078
2015-06-29,0.15466904155940756,0.067
2015-06-30,0.15239292997597448,0.07
2015-07-01,0.1506076084263905,0.056
2015-07-02,0.14914365029542434,0.054
2015-07-03,0.7445473317422107,0.566
2015-07-04,0.23950679434535382,0.109
2015-07-05,0.19070062796718792,0.064
2015-07-06,0.17710544112308985,0.058
2015-07-07,0.17173255944465612,0.06
2015-07-08,0.1637050505599893,0.054
2015-07-09,0.15646653046348338,0.052
2015-07-10,0.1515045782799607,0.053
2015-07-11,0.15051747757339765,0.052
2015-07-12,0.1650818924464299,0.099
2015-07-13,0.1471898952160433,0.085
2015-07-14,0.15377316683966033,0.088
2015-07-15,0.1398317261762595,0.146
2015-07-16,0.15237233098658914,0.06
2015-07-17,0.13254251677039194,0.054
2015-07-18,0.13242448622449837,0.051
2015-07-19,0.12881486009362317,0.057
2015-07-20,0.12576305621471806,0.067
2015-07-21,0.1239509960098025,0.064
2015-07-22,0.12350553013231175,0.057
2015-07-23,0.1214358427335551,0.05
2015-07-24,1.5606231016026895,2.87
2015-07-25,1.3850691939290438,0.217
2015-07-26,1.4226240088196587,0.614
2015-07-27,0.5157279652316139,0.178
2015-07-28,0.27725608614252845,0.095
2015-07-29,0.23384782714192015,0.075
2015-07-30,0.20988506450230923,0.066
2015-07-31,0.19214705061547863,0.063
2015-08-01,0.17803230408167298,0.068
2015-08-02,0.1667076932232575,0.064
2015-08-03,0.15762345513556125,0.058
2015-08-04,0.15023832798167766,0.055
2015-08-05,0.15493120131174337,0.077
2015-08-06,0.140278654619131,0.062
2015-08-07,0.1355702157021137,0.055
2015-08-08,0.13226380513515096,0.054
2015-08-09,0.1295673207728803,0.056
2015-08-10,0.12904627553802764,0.068
2015-08-11,0.13415570546948308,0.06
2015-08-12,0.12487727244823088,0.062
2015-08-13,0.7313269267512278,0.431
2015-08-14,0.23015044219815545,0.158
2015-08-15,0.16420791328138795,0.073
2015-08-16,0.15153451645068616,0.061
2015-08-17,0.14436640206558568,0.055
2015-08-18,0.13913090828918132,0.054
2015-08-19,0.40284804542287467,0.181
2015-08-20,0.17701761238503935,0.095
2015-08-21,0.15202033225894618,0.064
2015-08-22,0.14382844893452829,0.059
2015-08-23,0.20476247320143073,0.228
2015-08-24,1.0968270653332026,0.636
2015-08-25,0.982913510862487,0.487
2015-08-26,1.610272210784323,4.09
2015-08-27,1.42489186036768,0.567
2015-08-28,0.4011677467670589,0.166
2015-08-29,0.3071535487734652,0.153
2015-08-30,0.9977712940580599,0.33
2015-08-31,0.735345262811146,0.809
2015-09-01,0.5143836427060422,0.281
2015-09-02,0.31319240078194777,0.173
2015-09-03,0.25455082732654494,0.116
2015-09-04,0.23399257261767495,0.1
2015-09-05,0.21176286045236384,0.092
2015-09-06,0.19708333549490428,0.081
2015-09-07,0.18583692270401872,0.078
2015-09-08,0.17702357280557798,0.076
2015-09-09,0.170059687117083,0.075
2015-09-10,0.1651216244326961,0.068
2015-09-11,0.1613220155162602,0.064
2015-09-12,0.15693910935863908,0.061
2015-09-13,0.7737898681640908,0.225
2015-09-14,0.2554437638821983,0.197
2015-09-15,0.1984114553089951,0.247
2015-09-16,1.438059315587062,2.14
2015-09-17,1.2438681880037092,0.356
2015-09-18,0.35895304756896773,0.579
2015-09-19,0.2542913496446703,0.166
2015-09-20,0.22984531992351087,0.12
2015-09-21,1.213497790182074,0.454
2015-09-22,0.34687164483561,0.332
2015-09-23,0.41883874066856747,0.245
2015-09-24,0.2618560836964147,0.208
2015-09-25,0.23045983261466968,0.118
2015-09-26,0.21576419949372241,0.089
2015-09-27,0.20492612771113647,0.08
2015-09-28,0.19636069569569634,0.073
2015-09-29,0.18960406144649428,0.083
2015-09-30,0.18424808504538182,0.067
2015-10-01,0.18001343205623294,0.067
2015-10-02,0.17664640882223484,0.066
2015-10-03,0.174490580851213,0.066
2015-10-04,0.1724135745674339,0.066
2015-10-05,1.2911328780450626,0.516
2015-10-06,1.2869347426002378,1.08
2015-10-07,0.35875919115040195,0.402
2015-10-08,0.26450838977398267,0.166
2015-10-09,0.2407104838425924,0.116
2015-10-10,0.2260819772750171,0.096
2015-10-11,0.21474963024603094,0.085
2015-10-12,0.20576249611160674,0.08
2015-10-13,0.19852935271849337,0.076
2015-10-14,0.19394289650856236,0.076
2015-10-15,0.18941622043064515,0.073
2015-10-16,0.18449663874476585,0.072
2015-10-17,0.1814131258595264,0.072
2015-10-18,0.17958827415362136,0.074
2015-10-19,0.17692724644219404,0.074
2015-10-20,0.5670070224849424,0.091
2015-10-21,0.4327711190119822,0.365
2015-10-22,0.22593379862431978,0.095
2015-10-23,0.20271265832040217,0.078
2015-10-24,0.49048061001093324,0.196
2015-10-25,0.23089386833367673,0.098
2015-10-26,0.20357633502191738,0.085
2015-10-27,1.326053389697744,0.454
2015-10-28,0.4790805639982095,0.68
2015-10-29,0.8561730371453684,0.293
2015-10-30,0.3117429804049861,0.541
2015-10-31,0.2511184941414158,0.201
2015-11-01,0.23333975315440933,0.139
2015-11-02,0.21972613454724282,0.12
2015-11-03,0.8423031072427427,0.134
2015-11-04,0.5160148466024513,0.538
2015-11-05,0.6682129737781306,0.642
2015-11-06,0.6053215060766316,0.512
2015-11-07,0.9548313758213338,1.52
2015-11-08,0.3348974727106495,0.461
2015-11-09,0.2670294902369625,0.272
2015-11-10,0.24647947685805194,0.195
2015-11-11,0.2322668582924603,0.159
2015-11-12,0.22686656731866378,0.146
2015-11-13,0.30028647758558763,0.174
2015-11-14,0.9126557059869399,0.536
2015-11-15,0.29973146707436515,0.263
2015-11-16,0.6587072617413239,0.447
2015-11-17,0.7495037861053911,1.05
2015-11-18,0.3059574309581133,0.431
2015-11-19,0.5660546683002856,0.448
2015-11-20,0.533123223994445,0.286
2015-11-21,0.2788739956229411,0.429
2015-11-22,0.24459316670283665,0.21
2015-11-23,1.0945909242119252,0.423
2015-11-24,0.3669096539865694,0.729
2015-11-25,0.2678825798771378,0.36
2015-11-26,0.24806095016568405,0.248
2015-11-27,0.40200253110772777,0.376
2015-11-28,0.2883144377685287,0.35
2015-11-29,0.8574903295266649,0.546
2015-11-30,0.8462928614258793,0.778
2015-12-01,0.3210995657660062,0.606
2015-12-02,0.264748028261593,0.306
2015-12-03,0.46913936326627914,0.297
2015-12-04,0.26768145765035184,0.238
2015-12-05,0.24227693187312585,0.187
2015-12-06,0.4007800969598709,0.191
2015-12-07,0.4019223402901518,0.171
2015-12-08,0.2699027134245879,0.246
2015-12-09,0.23895155512864255,0.147
2015-12-10,0.783416343881635,0.362
2015-12-11,0.3112728958899717,0.377
2015-12-12,0.5913052313053544,0.327
2015-12-13,0.2883457016173026,0.442
2015-12-14,0.2587695128936334,0.26
2015-12-15,1.0008679497292798,0.865
2015-12-16,0.3332466079470825,0.635
2015-12-17,0.2683704216524667,0.351
2015-12-18,0.2495580941746739,0.254
2015-12-19,0.2380672865207125,0.201
2015-12-20,0.37832059038711785,0.201
2015-12-21,0.4185130193636632,0.256
2015-12-22,0.818792890135836,0.637
2015-12-23,0.31321997937797436,0.382
2015-12-24,0.4819872832755661,0.359
2015-12-25,0.43979245363862834,0.328
2015-12-26,0.2818100706437483,0.268
2015-12-27,0.2553694443692395,0.207
2015-12-28,0.4353116106176961,0.225
2015-12-29,0.2644799216911506,0.217
2015-12-30,1.1831167697845117,0.783
2015-12-31,0.6736408019088062,0.766
2016-01-01,0.7050622332134768,0.54
2016-01-02,0.9604382909978607,1.3
2016-01-03,1.2769034067077047,1.64
2016-01-04,0.5979281998308621,0.589
2016-01-05,0.39219792314074103,0.386
2016-01-06,1.640419495035996,1.03
2016-01-07,0.9445112927666399,2.32
2016-01-08,0.5924035052780217,0.55
2016-01-09,1.2066102210456933,1.05
2016-01-10,2.0112459952103396,2.56
2016-01-11,1.4419585550253093,2.0
2016-01-12,0.6344365450653981,0.584
2016-01-13,0.8539601347661929,0.51
2016-01-14,0.5190097434435507,0.417
2016-01-15,0.4451676984012685,0.276
2016-01-16,0.7963996551093199,0.254
2016-01-17,0.4481480226600812,0.355
2016-01-18,0.3901634141196163,0.298
2016-01-19,0.3658111084582866,0.199
2016-01-20,0.3451507489243915,0.164
2016-01-21,0.3338576314368006,0.153
2016-01-22,0.626768454274034,0.418
2016-01-23,0.5721788834688548,0.403
2016-01-24,0.3711479844652008,0.366
2016-01-25,0.339919235173344,0.259
2016-01-26,0.7353309982709787,0.353
2016-01-27,0.6233394036035954,0.599
2016-01-28,0.3929883467166358,0.306
2016-01-29,1.000282891748205,0.562
2016-01-30,0.4549046781716134,0.544
2016-01-31,0.5800171352523099,0.503
2016-02-01,0.40375058474434394,0.306
2016-02-02,0.37014935966888673,0.21
2016-02-03,0.35588823812919956,0.165
2016-02-04,0.34453863805182183,0.148
2016-02-05,0.3394998869247652,0.153
2016-02-06,0.9504454908765174,0.551
2016-02-07,1.7513577165897452,2.38
2016-02-08,1.0097795318571596,0.87
2016-02-09,0.5311520665071413,0.443
2016-02-10,0.4574821200876595,0.298
2016-02-11,0.4258669676915495,0.248
2016-02-12,0.3996694661964087,0.205
2016-02-13,0.7116872786081467,0.248
2016-02-14,0.42554762628974896,0.197
2016-02-15,0.3860486210812528,0.158
2016-02-16,0.37005342094628796,0.145
2016-02-17,1.3407983251967832,0.595
2016-02-18,0.5061637224284531,0.461
2016-02-19,0.43423604702731483,0.32
2016-02-20,0.6045888432142748,0.547
2016-02-21,0.5707375724003664,0.418
2016-02-22,0.43847131489694946,0.482
2016-02-23,0.39983327610156494,0.297
2016-02-24,0.38189356107151157,0.239
2016-02-25,0.3684708952118016,0.205
2016-02-26,0.3578900094937524,0.189
2016-02-27,0.3494255166523568,0.17
2016-02-28,0.342591937661069,0.161
2016-02-29,0.34038915377946444,0.147
2016-03-01,0.8655291164498589,0.559
2016-03-02,0.48221546353814265,0.319
2016-03-03,0.6200854882508062,0.379
2016-03-04,0.40216510542187833,0.252
2016-03-05,0.3809256994537674,0.173
2016-03-06,0.362298975718314,0.158
2016-03-07,0.350407766655219,0.149
2016-03-08,1.4972124785874212,0.801
2016-03-09,1.303267739551321,1.9
2016-03-10,0.5316689207297496,0.562
2016-03-11,0.4436952171178992,0.321
2016-03-12,0.4150740859604664,0.228
2016-03-13,0.3951973577860966,0.18
2016-03-14,0.37946397460651826,0.153
2016-03-15,0.36700551603522624,0.134
2016-03-16,0.35657409172468885,0.124
2016-03-17,0.34803158699845604,0.114
2016-03-18,0.3411012765360541,0.109
2016-03-19,0.3360513063234177,0.103
2016-03-20,0.3305563725854932,0.1
2016-03-21,0.32638277316104075,0.099
2016-03-22,0.3228329797555349,0.097
2016-03-23,0.3197233197788714,0.095
2016-03-24,1.1339647637762582,0.351
2016-03-25,0.421120801010015,0.228
2016-03-26,0.6283378035496769,0.274
2016-03-27,1.5886718308239371,1.91
2016-03-28,1.279355301403016,1.26
2016-03-29,1.1304444826172053,0.974
2016-03-30,0.5361360391026387,0.461
2016-03-31,0.45785414590672535,0.263
2016-04-01,0.42546661089840865,0.188
2016-04-02,0.6638255045649729,0.247
2016-04-03,0.46684279465446027,0.245
2016-04-04,0.4174284861701234,0.174
2016-04-05,0.3912554032557722,0.142
2016-04-06,0.3767675314977548,0.146
2016-04-07,0.3726180754712537,0.28
2016-04-08,0.4423554039975076,0.18
2016-04-09,0.3641140350603464,0.219
2016-04-10,0.3500145482536849,0.131
2016-04-11,0.9195416270554051,0.478
2016-04-12,0.4124885449964201,0.396
2016-04-13,0.3732556525218928,0.195
2016-04-14,0.742237212443893,0.264
2016-04-15,1.7190898718943581,4.08
2016-04-16,0.9279484574223072,0.762
2016-04-17,0.5040933195434302,0.363
2016-04-18,0.44166329398678333,0.269
2016-04-19,0.41268793869784315,0.199
2016-04-20,0.3909676145702933,0.166
2016-04-21,0.3735808989484605,0.147
2016-04-22,0.8045389883234957,0.353
2016-04-23,0.4206220387563798,0.176
2016-04-24,0.372327078083385,0.156
2016-04-25,0.3667611192714457,0.133
2016-04-26,0.34466149316113176,0.113
2016-04-27,0.3422105942907298,0.119
2016-04-28,0.3987038332002581,0.212
2016-04-29,0.3479327376744092,0.134
2016-04-30,0.33024644732702796,0.1
2016-05-01,0.32278703886310156,0.09
2016-05-02,0.31893533492780385,0.101
2016-05-03,0.31250847042449154,0.131
2016-05-04,0.30829776929207287,0.099
2016-05-05,0.3047212528556133,0.076
2016-05-06,0.3015545654220112,0.076
2016-05-07,0.29872765073452456,0.075
2016-05-08,0.2960857673248815,0.074
2016-05-09,0.4852129393818092,0.114
2016-05-10,1.2956960225003622,0.462
2016-05-11,0.8757450620487685,0.442
2016-05-12,0.42780128011966073,0.133
2016-05-13,0.3738378933806969,0.096
2016-05-14,0.35356669254504836,0.085
2016-05-15,0.3388263285639169,0.083
2016-05-16,0.32689584508520125,0.084
2016-05-17,0.31749068078605125,0.082
2016-05-18,0.636069054379231,0.246
2016-05-19,0.35668949113506876,0.095
2016-05-20,0.3251203244602554,0.078
2016-05-21,0.3141328133391402,0.082
2016-05-22,0.3075919223390543,0.166
2016-05-23,0.30426887476923326,0.093
2016-05-24,0.2923049706202376,0.075
2016-05-25,0.286838453502844,0.071
2016-05-26,0.2824669402983352,0.072
2016-05-27,0.2818591344289775,0.066
2016-05-28,0.27555046808282757,0.084
2016-05-29,0.2721633089439539,0.08
2016-05-30,0.5471855990813462,0.081
2016-05-31,0.9424625395712685,1.04
2016-06-01,0.38718984321720956,0.146
2016-06-02,0.32476703768078774,0.105
2016-06-03,0.3075643050942033,0.093
2016-06-04,0.2963552528545667,0.104
2016-06-05,0.2873344322598119,0.088
2016-06-06,0.2797962580736525,0.081
2016-06-07,0.2967020426224735,0.098
2016-06-08,0.29433247244741334,0.287
2016-06-09,0.265300794153425,0.089
2016-06-10,0.27446243585106567,0.205
2016-06-11,0.26748493750160574,0.1
2016-06-12,0.28971274558751375,0.181
2016-06-13,0.6218670105950052,0.529
2016-06-14,0.6106174446256856,0.296
2016-06-15,0.34290655936394016,0.136
2016-06-16,0.3103920771687633,0.369
2016-06-17,0.6918827252155626,0.546
2016-06-18,0.3335972826278643,0.179
2016-06-19,1.2669104357803305,0.263
2016-06-20,0.7967959267407383,1.25
2016-06-21,0.3858998071712981,0.199
2016-06-22,1.6389350971101788,1.71
2016-06-23,1.6060361575791369,1.54
2016-06-24,1.1690963459167338,0.569
2016-06-25,0.4875919622450753,0.975
2016-06-26,0.4171544457474948,0.575
2016-06-27,0.3538721602980806,0.417
2016-06-28,0.34382778944180925,0.364
2016-06-29,0.31992046667237994,0.347
2016-06-30,0.3008297618970051,0.118
2016-07-01,0.28963308265705173,0.133
2016-07-02,0.2829185346507133,0.13
2016-07-03,0.26686672825804236,0.077
2016-07-04,0.259857450511316,0.073
2016-07-05,0.2544592872354575,0.069
2016-07-06,0.25006039980554684,0.064
2016-07-07,0.2462648809132283,0.063
2016-07-08,0.2429974386363923,0.061
2016-07-09,0.2403376635547129,0.062
2016-07-10,0.23896409902204188,0.071
2016-07-11,0.24389030828457592,0.064
2016-07-12,0.9519752030260407,0.331
2016-07-13,0.3363711863201011,0.235
2016-07-14,0.2743766855985542,0.085
2016-07-15,0.2613177686676474,0.074
2016-07-16,0.253413594629336,0.074
2016-07-17,0.24715563765040666,0.074
2016-07-18,0.24178643114703455,0.062
2016-07-19,0.23739732879174236,0.059
2016-07-20,0.23345456108263976,0.066
2016-07-21,0.23378862865571634,0.063
2016-07-22,0.22773098135814285,0.065
2016-07-23,0.2245554962959061,0.064
2016-07-24,0.22363391145944386,0.068
2016-07-25,0.22002772866680828,0.079
2016-07-26,0.22626255517463803,0.068
2016-07-27,0.21678321356533223,0.077
2016-07-28,0.21664059416711653,0.063
2016-07-29,0.21581630015809597,0.067
2016-07-30,0.21082873078687778,0.065
2016-07-31,0.2088279541599533,0.059
2016-08-01,0.854852826178292,0.275
2016-08-02,0.31588872656756184,0.26
2016-08-03,0.24897501185639334,0.09
2016-08-04,0.2360028367046751,0.069
2016-08-05,0.22744561161911309,0.065
2016-08-06,0.2209287381959188,0.054
2016-08-07,0.2154794888919262,0.052
2016-08-08,0.21088550354908947,0.051
2016-08-09,0.20695962340199484,0.05
2016-08-10,0.20339242698699725,0.05
2016-08-11,0.2001426311336389,0.051
2016-08-12,0.197322085153368,0.052
2016-08-13,0.19475329085741788,0.052
2016-08-14,0.1923967895519832,0.061
2016-08-15,0.19018328603015747,0.054
2016-08-16,0.18817258387621605,0.055
2016-08-17,0.18612886045541618,0.05
2016-08-18,0.18598029323693482,0.05
2016-08-19,0.198685139167619,0.085
2016-08-20,0.192509944860149,0.104
2016-08-21,0.18449906731813298,0.077
2016-08-22,0.17750702087197262,0.073
2016-08-23,0.17536263441051397,0.061
2016-08-24,0.18255009714681322,0.067
2016-08-25,0.17640808631060573,0.068
2016-08-26,0.17071158804528935,0.067
2016-08-27,0.16882276549176858,0.067
2016-08-28,0.18529669176037494,0.165
2016-08-29,0.16669381400604247,0.082
2016-08-30,0.1637508490308228,0.06
2016-08-31,0.16199362744059584,0.052
2016-09-01,0.1603518844445844,0.054
2016-09-02,0.16078126739518286,0.053
2016-09-03,0.4751525587396354,0.206
2016-09-04,0.28095343592589106,0.106
2016-09-05,0.2063820723307302,0.137
2016-09-06,0.19089336694961512,0.068
2016-09-07,0.18180262381069157,0.062
2016-09-08,0.17457092801220442,0.06
2016-09-09,0.17544712655677686,0.053
2016-09-10,0.2840079233065883,0.203
2016-09-11,0.1888507429838413,0.073
2016-09-12,0.17444938265224336,0.067
2016-09-13,0.1670641466979497,0.074
2016-09-14,0.16139384508102708,0.056
2016-09-15,1.5098083619953826,1.11
2016-09-16,1.386914640626792,0.798
2016-09-17,0.8608019224247999,0.124
2016-09-18,0.3015537487070354,0.09
2016-09-19,0.24288361311301437,0.081
2016-09-20,0.21688704859469504,0.075
2016-09-21,0.2013540837262272,0.07
2016-09-22,0.18982230364268327,0.068
2016-09-23,0.1795024759989923,0.072
2016-09-24,0.17865770089583202,0.079
2016-09-25,0.16617160984883642,0.077
2016-09-26,0.25950848438397905,0.159
2016-09-27,0.17713509923986656,0.08
2016-09-28,0.1690959955764668,0.083
2016-09-29,0.1619454656434505,0.108
2016-09-30,0.30557881310784235,0.146
2016-10-01,0.3660641924411695,0.16
2016-10-02,0.19445922169731258,0.086
2016-10-03,0.17323463497092767,0.087
2016-10-04,0.16497899093962126,0.103
2016-10-05,0.15891666191448156,0.104
2016-10-06,0.15404380624603475,0.108
2016-10-07,0.15084634919189857,0.065
2016-10-08,0.14817830798663734,0.077
2016-10-09,0.14677912261769543,0.063
2016-10-10,0.14200615218970028,0.06
2016-10-11,0.14226832834947611,0.061
2016-10-12,0.34622151976486093,0.096
2016-10-13,0.17352464725244818,0.231
2016-10-14,0.15116207763270584,0.07
2016-10-15,1.070167821454681,0.444
2016-10-16,0.33560844092305014,0.314
2016-10-17,0.2099745237558542,0.108
2016-10-18,0.1829696577567093,0.087
2016-10-19,0.17150312784421248,0.082
2016-10-20,0.16462647111182685,0.079
2016-10-21,0.1559669078000918,0.067
2016-10-22,0.15008311622293896,0.064
2016-10-23,0.14536904645302362,0.062
2016-10-24,0.14590620240575244,0.063
2016-10-25,0.13887634955801184,0.082
2016-10-26,0.13563691111151968,0.064
2016-10-27,0.13323940962807673,0.067
2016-10-28,0.13121089224035817,0.064
2016-10-29,0.12976990824985765,0.064
2016-10-30,0.12797421605656045,0.066
2016-10-31,0.12665306097581075,0.086
2016-11-01,0.1254792973880625,0.079
2016-11-02,0.12452158135287217,0.066
2016-11-03,0.12390492695171762,0.073
2016-11-04,0.6992216876549618,0.346
2016-11-05,0.19621002732916704,0.083
2016-11-06,0.24539236531226333,0.124
2016-11-07,0.15834989543529632,0.077
2016-11-08,1.3917775469431408,0.97
2016-11-09,1.3106562152183217,0.737
2016-11-10,0.4229303035381095,0.151
2016-11-11,0.5767239464185822,0.112
2016-11-12,0.6489301091991627,0.729
2016-11-13,0.2553608591844343,0.185
2016-11-14,0.20871196062721797,0.167
2016-11-15,0.19046257675818265,0.13
2016-11-16,0.2150521691457079,0.107
2016-11-17,0.2860263397785365,0.31
2016-11-18,0.180305684610836,0.196
2016-11-19,1.386372849456115,1.45
2016-11-20,1.45389628193877,1.31
2016-11-21,1.491946584260827,1.63
2016-11-22,1.3071897730348445,0.522
2016-11-23,0.36539226962362437,0.248
2016-11-24,0.2658112785525466,0.158
2016-11-25,0.23607343544396586,0.124
2016-11-26,0.21800157737443665,0.114
2016-11-27,0.2006755196844805,0.099
2016-11-28,0.18821820406685325,0.089
2016-11-29,0.17855924155977634,0.083
2016-11-30,0.17087737080417834,0.082
2016-12-01,0.1648642547887836,0.081
2016-12-02,0.16443826705317807,0.088
2016-12-03,0.1564163584596272,0.08
2016-12-04,0.1531819036864015,0.079
2016-12-05,0.15082439893379482,0.077
2016-12-06,0.14881014574197188,0.076
2016-12-07,0.1471679782151708,0.079
2016-12-08,0.1461596528763052,0.079
2016-12-09,0.1466066059578649,0.076
2016-12-10,0.7971842336565916,0.348
2016-12-11,0.22808017586607118,0.146
2016-12-12,0.19668622975101505,0.13
2016-12-13,0.17699717277206148,0.12
2016-12-14,0.16650759158313944,0.105
2016-12-15,0.1612437672470743,0.094
2016-12-16,0.15739157468872064,0.088
2016-12-17,0.15416634074614924,0.083
2016-12-18,0.1513713850771039,0.082
2016-12-19,0.15024173399180812,0.081
2016-12-20,0.14811758607675887,0.077
2016-12-21,0.14745957223575565,0.079
2016-12-22,0.14500752954662,0.075
2016-12-23,0.30840273345972563,0.131
2016-12-24,0.16437666597372144,0.095
2016-12-25,0.192894768016086,0.091
2016-12-26,0.15494839463095578,0.094
2016-12-27,0.1493213007794956,0.086
2016-12-28,0.14670213613940114,0.086
2016-12-29,0.146153882263212,0.098
2016-12-30,0.14316561980258585,0.081
2016-12-31,0.17172148590376715,0.082
2017-01-01,0.8611878685025322,0.407
2017-01-02,0.23040840414812674,0.171
2017-01-03,0.17438408164873345,0.12
2017-01-04,0.1639445898587578,0.106
2017-01-05,0.15693891292016338,0.092
2017-01-06,0.8331689935120619,0.252
2017-01-07,0.23517271082960536,0.256
2017-01-08,0.2459721598485131,0.169
2017-01-09,0.527043844016842,0.401
2017-01-10,0.2103440302529107,0.229
2017-01-11,0.17652317685507898,0.157
2017-01-12,1.355972299430434,1.43
2017-01-13,1.020844034611342,0.589
2017-01-14,0.6223243081391401,0.34
2017-01-15,1.1163278100653649,0.995
2017-01-16,0.557708506679824,1.03
2017-01-17,0.2803785021410209,0.413
2017-01-18,0.2376815211679685,0.246
2017-01-19,0.21693138890097904,0.183
2017-01-20,0.20155211563579187,0.153
2017-01-21,0.1894374745215814,0.135
2017-01-22,0.17957534383448948,0.125
2017-01-23,0.17181303742448775,0.12
2017-01-24,0.16551835360925113,0.123
2017-01-25,0.1610300683866546,0.117
2017-01-26,0.15632794534942202,0.111
2017-01-27,0.1543415244958231,0.111
2017-01-28,0.16811926793838294,0.116
2017-01-29,1.3116299086461665,1.6
2017-01-30,0.7227170498464349,0.724
2017-01-31,0.9481306083209434,0.993
2017-02-01,0.4378263074968782,0.889
2017-02-02,0.362122791860648,0.599
2017-02-03,0.43677685590230414,0.486
2017-02-04,0.30045782767730916,0.361
2017-02-05,0.23250459406420043,0.267
2017-02-06,1.0053259984409275,0.637
2017-02-07,0.3115432567321276,0.537
2017-02-08,0.23964890618435306,0.306
2017-02-09,0.22171233022980913,0.224
2017-02-10,0.33073060083341727,0.219
2017-02-11,0.304029813195391,0.287
2017-02-12,0.21408833695586024,0.275
2017-02-13,0.19702060224964274,0.207
2017-02-14,0.18823062337550192,0.169
2017-02-15,0.29964884398316793,0.204
2017-02-16,0.19800043318144342,0.176
2017-02-17,0.18243398187481036,0.159
2017-02-18,0.17645266824910794,0.145
2017-02-19,0.17207249428513877,0.152
2017-02-20,0.17074044448456507,0.147
2017-02-21,0.16591705144493238,0.126
2017-02-22,0.2472914174621843,0.137
2017-02-23,0.17710507190321625,0.199
2017-02-24,0.16843185033613886,0.13
2017-02-25,0.29949868524738954,0.172
2017-02-26,0.8710621500188878,0.472
2017-02-27,0.8269561065738026,1.37
2017-02-28,0.42786027275297006,0.568
2017-03-01,0.2572202894270379,0.361
2017-03-02,0.27355391724343336,0.241
2017-03-03,0.4251840363118559,0.39
2017-03-04,0.3782465200146524,0.258
2017-03-05,0.7050854784893584,0.63
2017-03-06,0.28217081430403773,0.374
2017-03-07,0.4230387304147988,0.284
2017-03-08,0.25685127080358083,0.391
2017-03-09,0.2216395615523113,0.23
2017-03-10,0.2082704014898904,0.174
2017-03-11,0.1991095847043965,0.153
2017-03-12,0.22831315458539894,0.157
2017-03-13,0.19547803848992595,0.125
2017-03-14,0.18701554439056606,0.112
2017-03-15,0.18161329989059144,0.106
2017-03-16,0.1773815211850279,0.105
2017-03-17,0.177093922081937,0.1
2017-03-18,0.17125417121307202,0.1
2017-03-19,0.17671703039268558,0.097
2017-03-20,0.17954715804126603,0.164
2017-03-21,0.1676115979364256,0.101
2017-03-22,0.8014499878316452,0.308
2017-03-23,0.2470864920891335,0.161
2017-03-24,0.1969292715880805,0.112
2017-03-25,0.18660797625907435,0.094
2017-03-26,0.18050824574575686,0.086
2017-03-27,0.175678720635851,0.083
2017-03-28,0.17515952123648446,0.085
2017-03-29,0.16871086269131574,0.093
2017-03-30,0.16571835282427952,0.121
2017-03-31,0.16338215328996447,0.092
2017-04-01,0.1618286943968612,0.073
2017-04-02,0.1595619873526989,0.07
2017-04-03,0.1584460607137712,0.072
2017-04-04,0.1565858714189154,0.085
2017-04-05,0.15513450838972004,0.071
2017-04-06,0.15387923204674428,0.069
2017-04-07,0.1527337122294379,0.071
2017-04-08,0.15158265050823494,0.07
2017-04-09,0.15048900810769286,0.069
2017-04-10,0.14947817093942964,0.068
2017-04-11,0.14838792786333524,0.069
2017-04-12,0.14735556435025313,0.069
2017-04-13,0.14630515867699792,0.07
2017-04-14,0.14590090573248832,0.066
2017-04-15,0.14428337407178587,0.066
2017-04-16,0.14455633699744044,0.065
2017-04-17,0.142230010273147,0.068
2017-04-18,0.1410919216626082,0.067
2017-04-19,0.1399469135283621,0.067
2017-04-20,0.13887114445485846,0.07
2017-04-21,0.13784951173183094,0.07
2017-04-22,0.1370284706779795,0.064
2017-04-23,0.13562549848524033,0.065
2017-04-24,0.135609434984795,0.069
2017-04-25,0.13364228432109634,0.065
2017-04-26,0.13709023679310517,0.078
2017-04-27,0.13451628082168585,0.068
2017-04-28,0.1301354081912422,0.066
2017-04-29,0.1287174133618335,0.066
2017-04-30,0.14697732554013607,0.149
2017-05-01,0.13695544998817435,0.18
2017-05-02,0.12626639212909924,0.09
2017-05-03,0.12657808558097705,0.072
2017-05-04,0.12308650902934865,0.068
2017-05-05,0.12166962210570567,0.069
2017-05-06,0.12045344437287339,0.067
2017-05-07,0.1192794097067133,0.064
2017-05-08,0.11808513476164449,0.066
2017-05-09,0.11692092578451381,0.063
2017-05-10,0.11572014382254799,0.061
2017-05-11,0.12540421623918002,0.064
2017-05-12,0.11942153069355303,0.069
2017-05-13,0.1217252153985865,0.065
2017-05-14,0.1194525023936857,0.141
2017-05-15,0.11314612230436201,0.073
2017-05-16,1.2756763281927312,0.866
2017-05-17,1.4409793588751376,1.42
2017-05-18,1.4601317856487213,0.77
2017-05-19,0.5577195979985777,0.301
2017-05-20,0.2902465665375988,0.209
2017-05-21,0.23329113558429215,0.12
2017-05-22,0.20743735326087867,0.104
2017-05-23,0.1882554366122072,0.08
2017-05-24,0.17301138295769783,0.073
2017-05-25,0.16080740101178226,0.071
2017-05-26,0.15177352056592514,0.07
2017-05-27,0.1432481029427181,0.092
2017-05-28,0.7937200783512005,0.37
2017-05-29,0.23003310646457614,0.236
2017-05-30,0.17189067116733123,0.084
2017-05-31,0.1575057927100236,0.069
2017-06-01,0.14842528546738987,0.068
2017-06-02,0.3805524196694619,0.146
2017-06-03,0.18225829353205736,0.067
2017-06-04,0.1587777386937628,0.06
2017-06-05,1.2240309179684752,0.236
2017-06-06,0.6686276603487447,0.66
2017-06-07,0.26510111434913125,0.124
2017-06-08,0.21765326807810384,0.111
2017-06-09,0.1903989170395075,0.085
2017-06-10,0.17495146149805996,0.069
2017-06-11,0.16340798820535093,0.071
2017-06-12,0.15460445282088509,0.076
2017-06-13,0.14760652765629897,0.081
2017-06-14,0.14201675411258913,0.078
2017-06-15,0.13754116607792027,0.07
2017-06-16,0.13395943433594737,0.073
2017-06-17,0.1310854719743005,0.074
2017-06-18,0.12870592703472566,0.062
2017-06-19,0.12682654085673573,0.055
2017-06-20,0.12518423727614783,0.053
2017-06-21,0.12386653945845612,0.055
2017-06-22,0.1228895897009013,0.055
2017-06-23,0.12195403923275554,0.053
2017-06-24,0.12270738847042807,0.081
2017-06-25,0.12035603976407931,0.074
2017-06-26,0.11948570506537257,0.069
2017-06-27,1.3201102698091587,0.534
2017-06-28,0.3793447782409185,0.145
2017-06-29,0.2137198937442502,0.075
2017-06-30,0.19019459493721014,0.065
2017-07-01,0.173349970391659,0.062
2017-07-02,0.16212448696999573,0.064
2017-07-03,0.15341222504653654,0.064
2017-07-04,0.14662100836168016,0.063
2017-07-05,0.1411681650890668,0.063
2017-07-06,0.13831614988456825,0.092
2017-07-07,0.1332697954758497,0.054
2017-07-08,0.13025061700009166,0.052
2017-07-09,0.12783931090918058,0.051
2017-07-10,0.12583544132669153,0.049
2017-07-11,1.5030465854269661,1.54
2017-07-12,1.3541470242409361,0.248
2017-07-13,0.4352442446781388,0.105
2017-07-14,0.2522166555030947,0.092
2017-07-15,0.21824650173070756,0.092
2017-07-16,0.19933993464626673,0.111
2017-07-17,0.18418950160468722,0.1
2017-07-18,0.8526178376904409,0.544
2017-07-19,0.2833566083209067,0.226
2017-07-20,0.20658942689497023,0.131
2017-07-21,1.3565153027540011,0.673
2017-07-22,1.2613023395393599,0.627
2017-07-23,0.38517840729310837,0.181
2017-07-24,0.26831530381671187,0.137
2017-07-25,0.23675087297843095,0.089
2017-07-26,0.22830458510387955,0.119
2017-07-27,0.22960685706611003,0.253
2017-07-28,0.19718499354154204,0.12
2017-07-29,1.365575653113405,1.09
2017-07-30,0.3767716429989578,0.286
2017-07-31,0.2523716597087621,0.11
2017-08-01,0.2261749348914721,0.089
2017-08-02,0.7324647342733634,0.394
2017-08-03,0.27718888580497053,0.126
2017-08-04,0.22714871662857186,0.087
2017-08-05,0.22204498119509788,0.145
2017-08-06,0.19842872813769488,0.082
2017-08-07,0.19770262357738463,0.227
2017-08-08,0.37592702123919414,0.105
2017-08-09,1.5375657057582717,3.02
2017-08-10,1.3991562147788141,0.316
2017-08-11,0.3922674677765024,0.142
2017-08-12,0.2887006409080063,0.101
2017-08-13,0.2594658045681359,0.079
2017-08-14,0.24145852671264612,0.073
2017-08-15,0.2255445926018338,0.07
2017-08-16,0.4103562084723513,0.197
2017-08-17,0.2584160905982727,0.118
2017-08-18,0.23797815761488272,0.138
2017-08-19,0.21046662965349272,0.07
2017-08-20,0.5305012551798791,0.209
2017-08-21,0.24976199186690237,0.176
2017-08-22,0.2198224896753171,0.099
2017-08-23,0.20815407360116062,0.079
2017-08-24,0.20099376147302858,0.068
2017-08-25,0.19545883091342964,0.059
2017-08-26,0.1911030789839198,0.056
2017-08-27,0.18759410352823025,0.052
2017-08-28,0.18482679291026058,0.051
2017-08-29,0.188219490155969,0.06
2017-08-30,0.42485325522279177,0.25
2017-08-31,0.23818313743222705,0.348
2017-09-01,0.2059821870572528,0.079
2017-09-02,0.19519398310859692,0.073
2017-09-03,0.7268178847587357,0.305
2017-09-04,0.2675438270453349,0.203
2017-09-05,0.23152795787630603,0.209
2017-09-06,0.21060208711050307,0.091
2017-09-07,0.2153469564527948,0.195
2017-09-08,0.56018255565136,0.338
2017-09-09,0.26422940865407957,0.169
2017-09-10,0.22729012313620736,0.104
2017-09-11,0.22718478203011946,0.171
2017-09-12,0.4008333410572596,0.2
2017-09-13,0.2385266963071541,0.188
2017-09-14,0.21337762504487243,0.091
2017-09-15,0.21061139898861847,0.075
2017-09-16,0.20360733457758456,0.068
2017-09-17,0.20277243724001415,0.093
2017-09-18,0.5059659614175023,0.174
2017-09-19,0.23343553950538734,0.109
2017-09-20,0.20560185903213604,0.084
2017-09-21,0.20983495242263941,0.105
2017-09-22,0.1935464142431531,0.08
2017-09-23,0.18830851420144346,0.07
2017-09-24,0.19843376288759715,0.067
2017-09-25,0.18299394540215094,0.085
2017-09-26,0.17925510042865564,0.07
2017-09-27,1.3441216805419272,0.79
2017-09-28,0.8699543313517135,0.334
2017-09-29,0.3107405578442162,0.303
2017-09-30,0.259993371373465,0.138
2017-10-01,0.23079376311944555,0.11
2017-10-02,0.2174176256064898,0.088
2017-10-03,0.20778309540481843,0.074
2017-10-04,0.20294970433640935,0.069
2017-10-05,0.19401093128121266,0.08
2017-10-06,0.18864355285800996,0.061
2017-10-07,0.18904454286102398,0.078
2017-10-08,0.18118233082676785,0.074
2017-10-09,0.17866847870367986,0.06
2017-10-10,0.1758023311891588,0.06
2017-10-11,0.178402652462188,0.08
2017-10-12,0.1715721098389691,0.06
2017-10-13,0.16942452251327422,0.068
2017-10-14,0.16810070806504307,0.076
2017-10-15,0.16651790530217658,0.085
2017-10-16,0.16506974721035858,0.093
2017-10-17,0.1665261981481806,0.072
2017-10-18,0.4758762384136001,0.447
2017-10-19,0.5298649669700617,0.246
2017-10-20,0.3843497510239326,0.275
2017-10-21,0.22238628317632206,0.183
2017-10-22,0.199217653062043,0.108
2017-10-23,0.19052070932506757,0.102
2017-10-24,0.1829727984204304,0.118
2017-10-25,0.17708403428315744,0.121
2017-10-26,0.17621795690541442,0.119
2017-10-27,0.16878060605435607,0.075
2017-10-28,0.16704098845170356,0.076
2017-10-29,0.16211986619152707,0.078
2017-10-30,0.159445166098786,0.081
2017-10-31,0.15721578401427067,0.072
2017-11-01,0.15533453001184744,0.073
2017-11-02,0.15345152200027007,0.074
2017-11-03,0.5422251799121208,0.134
2017-11-04,0.23411533076540977,0.167
2017-11-05,0.18069456448401616,0.08
2017-11-06,0.17117991558525109,0.07
2017-11-07,0.6207296429943723,0.226
2017-11-08,0.2202438468648578,0.119
2017-11-09,0.18254648551254646,0.083
2017-11-10,1.1608024280836624,0.362
2017-11-11,0.5263562200184259,0.439
2017-11-12,0.24297926344431406,0.419
2017-11-13,0.20792916795775593,0.235
2017-11-14,0.1951796870487844,0.213
2017-11-15,0.1825770957255169,0.235
2017-11-16,0.17460031020662442,0.192
2017-11-17,0.16722252155432255,0.168
2017-11-18,0.3574446928421599,0.3
2017-11-19,0.21960956565025194,0.347
2017-11-20,0.1771841659302961,0.482
2017-11-21,0.16498425158824212,0.396
2017-11-22,0.43318133187122876,0.457
2017-11-23,0.19285794403988454,0.503
2017-11-24,0.16786138978956447,0.449
2017-11-25,0.16048311516497935,0.439
2017-11-26,0.4162901200606671,0.514
2017-11-27,0.18887509781132483,0.504
2017-11-28,0.1632660280179515,0.433
2017-11-29,0.1561997284220603,0.431
2017-11-30,0.1534699764002012,0.476
2017-12-01,0.14785181568754413,0.483
2017-12-02,0.1462687750094101,0.499
2017-12-03,0.142671242554974,0.497
2017-12-04,0.13943936753848726,0.512
2017-12-05,0.13731474080369488,0.537
2017-12-06,0.1362802418315114,0.493
2017-12-07,0.44318987156505274,0.71
2017-12-08,0.1743508036005246,0.474
2017-12-09,1.277410729329919,0.684
2017-12-10,1.4067682186120047,0.833
2017-12-11,1.373182804921843,1.83
2017-12-12,0.7833529088429444,0.868
2017-12-13,0.9186459064648705,1.79
2017-12-14,0.39945691585485577,0.534
2017-12-15,0.2671492818800011,0.334
2017-12-16,0.26438784688552885,0.216
2017-12-17,0.5459602075708601,0.399
2017-12-18,0.24529319362188926,0.248
2017-12-19,0.20904094569513607,0.174
2017-12-20,0.1931762714801406,0.157
2017-12-21,0.18279441866577434,0.141
2017-12-22,0.17448178421526345,0.131
2017-12-23,0.16576144676953572,0.121
2017-12-24,0.16256684297309837,0.113
2017-12-25,0.7016571259894852,0.349
2017-12-26,1.3851849355098298,1.47
2017-12-27,1.198841303326667,1.51
2017-12-28,0.8031127226739526,0.481
2017-12-29,0.8937079659891476,1.11
2017-12-30,0.846755657653782,0.784
2017-12-31,1.0045433517801543,1.17
2018-01-01,0.35542248078125455,0.491
2018-01-02,1.4383743075517883,1.61
2018-01-03,1.382242616165095,1.01
2018-01-04,0.5446059796410228,1.35
2018-01-05,0.3465894264111452,0.497
2018-01-06,0.3007926191838903,0.306
2018-01-07,0.272754007062323,0.233
2018-01-08,0.2514679030416187,0.189
2018-01-09,0.23979501572151102,0.177
2018-01-10,0.22340625668668462,0.166
2018-01-11,0.21575879091030462,0.147
2018-01-12,0.20344037306600332,0.141
2018-01-13,0.19656399264523866,0.135
2018-01-14,0.592264387273342,0.187
2018-01-15,0.6012010100507722,0.782
2018-01-16,0.26220176236883685,0.36
2018-01-17,0.43096073398935003,0.407
2018-01-18,0.24819922783024034,0.427
2018-01-19,0.303169336327781,0.28
2018-01-20,0.7202782543304501,0.743
2018-01-21,1.4638630098164067,2.22
2018-01-22,0.6039534525252657,0.717
2018-01-23,0.3279069115691796,0.439
2018-01-24,1.3277706501931354,2.31
2018-01-25,0.4321724601959539,0.721
2018-01-26,0.332141574539475,0.414
2018-01-27,0.3081344381961974,0.344
2018-01-28,0.2792702867168848,0.279
2018-01-29,0.2721796567129318,0.238
2018-01-30,0.28937955367972223,0.21
2018-01-31,0.3075292612313083,0.269
2018-02-01,0.262275400194299,0.181
2018-02-02,0.247777659812832,0.16
2018-02-03,0.6149848716605375,0.395
2018-02-04,0.2890551395009194,0.229
2018-02-05,0.2526164391511545,0.177
2018-02-06,0.24110000436075008,0.145
2018-02-07,0.23302077962555312,0.127
2018-02-08,1.0073241785171039,0.332
2018-02-09,0.33987245822191803,0.478
2018-02-10,0.782080917640926,0.751
2018-02-11,0.3475556383050198,0.479
2018-02-12,0.2925606489620711,0.276
2018-02-13,0.5134450015379677,0.3
2018-02-14,1.1885319826070317,1.14
2018-02-15,0.4210662741227489,0.607
2018-02-16,0.3341308506432342,0.336
2018-02-17,0.30647637337193123,0.249
2018-02-18,0.298670812048881,0.201
2018-02-19,0.3949525263693264,0.258
2018-02-20,0.2982401916070571,0.269
2018-02-21,0.2711495332343312,0.196
2018-02-22,0.2592222606545752,0.166
2018-02-23,0.25065491538082146,0.146
2018-02-24,0.24385332875759402,0.129
2018-02-25,0.2401851888681091,0.118
2018-02-26,0.23581270424949652,0.112
2018-02-27,0.2545888868347056,0.11
2018-02-28,0.3439911244096713,0.13
2018-03-01,0.2534947830815404,0.128
2018-03-02,0.34744065136322644,0.14
2018-03-03,0.27807773701227734,0.343
2018-03-04,0.249972645216986,0.366
2018-03-05,0.24658298780613977,0.301
2018-03-06,0.31745735527314917,0.217
2018-03-07,0.3526391259582144,0.255
2018-03-08,0.25624256861732464,0.225
2018-03-09,1.0291108367230095,0.85
2018-03-10,0.34154667519512605,0.549
2018-03-11,0.5281316025928616,0.377
2018-03-12,0.6641614466676707,1.02
2018-03-13,0.34097240525730976,0.438
2018-03-14,0.9229342596508133,0.413
2018-03-15,0.39076167439895654,0.562
2018-03-16,0.33132322733827796,0.746
2018-03-17,0.6259117517477929,0.5
2018-03-18,0.34528246754108044,0.356
2018-03-19,0.30320962852757877,0.324
2018-03-20,0.28161930076087777,0.277
2018-03-21,0.2686754715887844,0.233
2018-03-22,0.25892239224301916,0.204
2018-03-23,0.29837989704223183,0.207
2018-03-24,0.25817786490226563,0.196
2018-03-25,0.24805170779380084,0.167
2018-03-26,0.6565699560970892,0.234
2018-03-27,0.750317328953704,0.385
2018-03-28,0.9494767023291243,1.42
2018-03-29,1.0831634782969066,1.28
2018-03-30,1.7157871240257971,3.26
2018-03-31,0.8940021940076049,1.04
2018-04-01,1.8250942293387786,2.11
2018-04-02,1.0921469981711793,2.77
2018-04-03,0.6045221527482141,1.05
2018-04-04,0.5189078471032876,0.584
2018-04-05,0.4510075227663751,0.393
2018-04-06,0.40941101012203457,0.299
2018-04-07,0.39244299511518027,0.24
2018-04-08,1.1583034829627314,0.67
2018-04-09,1.4890819666145605,1.69
2018-04-10,0.7885176760630338,1.21
2018-04-11,0.5095908964860347,0.749
2018-04-12,0.45280688148931564,0.44
2018-04-13,0.4086940447948673,0.316
2018-04-14,0.3803637066375023,0.242
2018-04-15,0.36255604427744753,0.201
2018-04-16,0.34127404256317057,0.171
2018-04-17,0.32733623856609406,0.147
2018-04-18,0.31654997621638026,0.133
2018-04-19,0.30809139035496663,0.125
2018-04-20,0.30144762896625377,0.119
2018-04-21,0.7496652962774025,0.292
2018-04-22,0.3590974505313483,0.158
2018-04-23,0.3202506304027607,0.119
2018-04-24,0.3142635566553391,0.109
2018-04-25,0.30834431992600675,0.133
2018-04-26,0.31278881621752386,0.121
2018-04-27,1.179845491858445,0.588
2018-04-28,0.41180563475753557,0.261
2018-04-29,0.5395132956305477,0.229
2018-04-30,0.3679172259575846,0.293
2018-05-01,0.33443679946783594,0.195
2018-05-02,0.5852867217879094,0.406
2018-05-03,0.3545702476820252,0.162
2018-05-04,0.3268965960520449,0.127
2018-05-05,0.3166062936179701,0.11
2018-05-06,0.3091862933418276,0.099
2018-05-07,0.30320915217475863,0.094
2018-05-08,0.2982962357033254,0.091
2018-05-09,0.2989928399017672,0.089
2018-05-10,0.2911609063667968,0.087
2018-05-11,0.28823416282408304,0.08
2018-05-12,0.8840477598637315,0.338
2018-05-13,0.36660066777406236,0.119
2018-05-14,0.31820831186687915,0.094
2018-05-15,0.30710365761507896,0.081
2018-05-16,0.3001156670392744,0.086
2018-05-17,0.2944627859313392,0.078
2018-05-18,0.2897251696613594,0.077
2018-05-19,0.28569116245537884,0.077
2018-05-20,0.28220384767176465,0.072
2018-05-21,0.2801113960820629,0.072
2018-05-22,0.2764978601920817,0.072
2018-05-23,0.3937531724430825,0.074
2018-05-24,0.31186800721170393,0.089
2018-05-25,0.2911942735247181,0.093
2018-05-26,0.8705788850855667,0.285
2018-05-27,0.37127727729006593,0.144
2018-05-28,0.32201065041220645,0.11
2018-05-29,1.5129570673534767,1.73
2018-05-30,0.640040230488744,0.23
2018-05-31,0.3931665338160526,0.134
2018-06-01,0.3531104867136294,0.138
2018-06-02,0.33275125769767305,0.102
2018-06-03,0.31777316856288756,0.093
2018-06-04,0.30633392678163834,0.092
2018-06-05,0.2957285614250053,0.092
2018-06-06,0.28755240011896516,0.098
2018-06-07,0.2810539861924456,0.088
2018-06-08,0.27499195070271165,0.084
2018-06-09,0.2704369259319337,0.083
2018-06-10,0.26600808677809956,0.08
2018-06-11,0.2623879237868342,0.077
2018-06-12,0.2593024670658861,0.074
2018-06-13,0.25671656542827576,0.073
2018-06-14,0.25381788547856704,0.066
2018-06-15,0.25135739164144216,0.065
2018-06-16,0.2512231011304951,0.066
2018-06-17,0.2488946098264456,0.066
2018-06-18,0.24507562710376904,0.066
2018-06-19,0.2429548562722053,0.066
2018-06-20,0.2409984691068427,0.065
2018-06-21,0.23909401029135033,0.063
2018-06-22,0.23721822299634743,0.064
2018-06-23,0.23534360947600205,0.063
2018-06-24,0.2334805376231562,0.062
2018-06-25,0.2316194112012812,0.053
2018-06-26,0.22975631247248068,0.054
2018-06-27,0.22788864905845255,0.058
2018-06-28,0.2260210805472852,0.058
2018-06-29,0.2241335928917513,0.058
2018-06-30,0.22224340492214684,0.058
2018-07-01,0.22034929452554256,0.06
2018-07-02,0.2184466284353758,0.059
2018-07-03,0.2165238937674747,0.056
2018-07-04,0.2163458008529279,0.069
2018-07-05,0.21280811782420309,0.087
2018-07-06,0.21074309782181125,0.072
2018-07-07,0.2087915519375279,0.054
2018-07-08,0.20684066439197876,0.053
2018-07-09,0.204891668579544,0.053
2018-07-10,0.20293135127756445,0.057
2018-07-11,0.20097194726081233,0.055
2018-07-12,0.19900715097997665,0.055
2018-07-13,1.3583191347585617,0.811
2018-07-14,0.3616642839454279,0.098
2018-07-15,0.269221397790885,0.081
2018-07-16,0.2485422288813944,0.082
2018-07-17,0.23575969168302044,0.079
2018-07-18,0.22553910948164946,0.08
2018-07-19,0.21708028074637717,0.079
2018-07-20,0.21131034807294027,0.076
2018-07-21,0.20412274267055486,0.071
2018-07-22,0.19893458231818567,0.066
2018-07-23,0.19453357150992925,0.065
2018-07-24,0.1906991006907742,0.064
2018-07-25,0.18731177603618424,0.064
2018-07-26,0.18450086209532163,0.064
2018-07-27,0.2084346458076421,0.302
2018-07-28,0.20663016357228298,0.131
2018-07-29,0.19348548429414378,0.304
2018-07-30,0.3796149302767623,0.351
2018-07-31,0.21928492085933798,0.2
2018-08-01,0.19931030470269548,0.103
2018-08-02,0.19129844937014936,0.097
2018-08-03,0.1852175607864405,0.096
2018-08-04,0.18011232391592474,0.096
2018-08-05,0.17574423053100682,0.095
2018-08-06,0.17194816037863148,0.096
2018-08-07,0.1712337515724863,0.096
2018-08-08,0.17012733855264708,0.1
2018-08-09,0.9610204393926703,0.588
2018-08-10,0.8075490486875526,0.454
2018-08-11,0.3048044842070762,0.147
2018-08-12,0.2494711136806431,0.119
2018-08-13,0.2221775296905641,0.108
2018-08-14,0.20595126043628373,0.1
2018-08-15,0.309300265621785,0.095
2018-08-16,0.9883247307202666,0.877
2018-08-17,0.3117474504357852,0.128
2018-08-18,0.2410212963253009,0.117
2018-08-19,0.22011098142333438,0.111
2018-08-20,0.20604352102735207,0.107
2018-08-21,0.19477416724586213,0.102
2018-08-22,0.19127311456173815,0.105
2018-08-23,0.18095523963820673,0.123
2018-08-24,0.36246564537031234,0.176
2018-08-25,0.20629702219098311,0.09
2018-08-26,1.2893299696200227,0.787
2018-08-27,0.3252300925018932,0.121
2018-08-28,0.7489132346547696,0.244
2018-08-29,0.29184950517933306,0.337
2018-08-30,0.2371236003668413,0.097
2018-08-31,0.21771612847917785,0.082
2018-09-01,0.20400363860638368,0.075
2018-09-02,0.19310655735483676,0.073
2018-09-03,0.18432422264329207,0.07
2018-09-04,0.17786875642161334,0.069
2018-09-05,0.17163788335850075,0.069
2018-09-06,0.16915051984091262,0.068
2018-09-07,0.16304382346988447,0.067
2018-09-08,0.15970313164132596,0.07
2018-09-09,0.15686928551054474,0.069
2018-09-10,0.15458598027495357,0.069
2018-09-11,0.3226853788476427,0.119
2018-09-12,0.186777040232916,0.115
2018-09-13,0.17049224273249916,0.081
2018-09-14,0.16486996415503125,0.087
2018-09-15,0.16046539389824957,0.076
2018-09-16,0.1566750411259776,0.077
2018-09-17,0.15363903026813436,0.084
2018-09-18,0.1524114859914243,0.076
2018-09-19,0.15135873311374007,0.076
2018-09-20,0.4196344400387015,0.234
2018-09-21,0.19637378404093567,0.112
2018-09-22,1.351996056755386,0.485
2018-09-23,0.9602694233180274,0.858
2018-09-24,0.30537077858766054,0.115
2018-09-25,0.235502815258452,0.095
2018-09-26,0.214034382437349,0.089
2018-09-27,0.19947890524761494,0.087
2018-09-28,0.18791596808679306,0.079
2018-09-29,0.1786221617284843,0.076
2018-09-30,0.17111499167989613,0.076
2018-10-01,0.16538000071011402,0.077
2018-10-02,0.16009335773505368,0.064
2018-10-03,0.15602676381073158,0.062
2018-10-04,0.15265552183778774,0.068
2018-10-05,0.14986763054153293,0.068
2018-10-06,1.0631397599804857,0.401
2018-10-07,0.2662874030424152,0.102
2018-10-08,0.1943873945910356,0.1
2018-10-09,0.17980627829623577,0.102
2018-10-10,0.17141274535568413,0.096
2018-10-11,0.17799605018207046,0.1
2018-10-12,0.16287752464720268,0.106
2018-10-13,0.5561685856229206,0.177
2018-10-14,1.5246841194594456,2.144
2018-10-15,1.3788658118142074,0.407
2018-10-16,0.6120758325178026,0.15
2018-10-17,0.291207974293078,0.133
2018-10-18,0.24055679769981428,0.105
2018-10-19,0.21977247136097655,0.098
2018-10-20,0.20472407077709467,0.094
2018-10-21,0.19315504127571473,0.09
2018-10-22,0.18319837457244362,0.09
2018-10-23,0.17552876124021077,0.09
2018-10-24,0.16949003572977314,0.087
2018-10-25,0.1710697817935925,0.079
2018-10-26,0.16164802872005246,0.094
2018-10-27,0.16478199109017624,0.077
2018-10-28,0.15847193571153104,0.079
2018-10-29,0.15275743518049648,0.077
2018-10-30,0.15047059730691062,0.076
2018-10-31,0.7427035810635597,0.171
2018-11-01,0.6246322162786947,0.419
2018-11-02,0.23343041162577327,0.121
2018-11-03,0.19269138082259807,0.103
2018-11-04,0.1812168088356721,0.098
2018-11-05,0.17372536117334517,0.097
2018-11-06,0.6410076495912657,0.157
2018-11-07,0.30578712781494116,0.256
2018-11-08,0.2018382680937207,0.114
2018-11-09,1.2442909226137124,0.491
2018-11-10,1.5926921160681202,2.17
2018-11-11,1.4153654473164112,0.698
2018-11-12,0.8492226827094443,0.234
2018-11-13,0.3341404137131228,0.15
2018-11-14,0.26947929338688387,0.127
2018-11-15,0.24461871432471205,0.114
2018-11-16,0.22764523097698255,0.11
2018-11-17,0.2124364092629716,0.101
2018-11-18,0.20092009901490576,0.099
2018-11-19,0.4322809240760318,0.139
2018-11-20,0.8958912478769349,0.329
2018-11-21,0.2801972209005201,0.179
2018-11-22,0.22061361289223777,0.13
2018-11-23,0.20890561204393462,0.116
2018-11-24,0.19672382564471938,0.113
2018-11-25,0.1889081633184391,0.102
2018-11-26,0.18277691239750435,0.099
2018-11-27,1.2840424655223261,0.458
2018-11-28,0.5842351747186012,0.629
2018-11-29,0.2673446711626075,0.333
2018-11-30,0.6454176280879699,0.192
2018-12-01,0.8325609398804705,0.866
2018-12-02,0.32417627876248045,0.423
2018-12-03,0.4294995084077171,0.373
2018-12-04,0.9254607948884898,0.496
2018-12-05,0.4744329713840507,0.651
2018-12-06,0.6354126555789398,0.371
2018-12-07,0.7629310065320499,1.033
2018-12-08,0.4117875792475732,0.373
2018-12-09,0.36786229955290906,0.23
2018-12-10,0.2648322901622456,0.159
2018-12-11,0.24213836775196046,0.133
2018-12-12,0.229088712613081,0.116
2018-12-13,0.21787407003126036,0.104
2018-12-14,0.2094243318357044,0.098
2018-12-15,1.3084837781063512,0.93
2018-12-16,0.8933163998689438,0.823
2018-12-17,0.3261603500161895,0.415
2018-12-18,1.0747037410277653,0.638
2018-12-19,0.361095629239199,0.462
2018-12-20,1.208016424842207,1.093
2018-12-21,0.4226914351364217,0.851
2018-12-22,0.6482842380025134,0.401
2018-12-23,0.5901624472715186,0.658
2018-12-24,0.326368123562096,0.398
2018-12-25,0.286204542722441,0.262
2018-12-26,0.26580116490285777,0.199
2018-12-27,0.2512813572347596,0.173
2018-12-28,0.2398540813869242,0.15
2018-12-29,0.23114950796492423,0.13
2018-12-30,0.2237413542653113,0.12
2018-12-31,0.21798836668047417,0.114
2019-01-01,0.2134485560692557,0.105
2019-01-02,0.20982014305910168,0.099
2019-01-03,0.20690455025426482,0.094
2019-01-04,0.2045372679375464,0.092
2019-01-05,0.2025994612187159,0.089
2019-01-06,0.20099072938002102,0.088
2019-01-07,0.199633211320671,0.087
2019-01-08,0.19846300957104876,0.084
2019-01-09,0.1974649871134277,0.088
2019-01-10,0.19749284223100097,0.082
2019-01-11,0.1957137923755911,0.082
2019-01-12,0.19531802938095275,0.083
2019-01-13,0.19409853202815527,0.083
2019-01-14,0.1935581388581084,0.081
2019-01-15,0.19307559833705146,0.082
2019-01-16,0.5692749244583583,0.218
2019-01-17,0.24048172318600117,0.105
2019-01-18,0.21079126463472517,0.091
2019-01-19,0.2046196635206891,0.101
2019-01-20,0.20072455021558058,0.091
2019-01-21,0.7713954285772521,0.294
2019-01-22,0.5613073340163592,0.351
2019-01-23,0.26451664677505027,0.264
2019-01-24,0.33455217135689647,0.206
2019-01-25,0.23627145629479454,0.284
2019-01-26,0.8503935512822843,0.468
2019-01-27,0.30189775701042326,0.449
2019-01-28,0.24265825302023047,0.232
2019-01-29,0.799080331517767,0.472
2019-01-30,0.2981291496022613,0.356
2019-01-31,0.752560397358491,0.24
2019-02-01,1.1367126583236868,0.732
2019-02-02,0.36934737461689365,0.471
2019-02-03,1.1158192548170889,0.554
2019-02-04,0.4694542741450262,1.913
2019-02-05,0.8500757047789985,1.181
2019-02-06,0.8257185673748784,1.208
2019-02-07,0.4106757576269548,0.68
2019-02-08,0.9003913367539255,0.874
2019-02-09,0.6272616932532517,0.526
2019-02-10,0.3900530242008929,0.531
2019-02-11,0.3331826944723422,0.339
2019-02-12,0.30533671736808854,0.255
2019-02-13,0.28436811669715395,0.201
2019-02-14,0.2682670056130558,0.172
2019-02-15,0.2548973771724386,0.152
2019-02-16,0.24420933673147283,0.138
2019-02-17,0.23582430825049602,0.13
2019-02-18,0.6041573691665459,0.213
2019-02-19,0.2801973340998207,0.144
2019-02-20,0.2462534027395391,0.13
2019-02-21,0.2364378608019198,0.121
2019-02-22,0.22961777774907677,0.114
2019-02-23,0.22433070680271233,0.11
2019-02-24,0.22008913966755653,0.103
2019-02-25,0.21653370024715202,0.125
2019-02-26,0.21366885594446944,0.101
2019-02-27,0.21125375138266422,0.097
2019-02-28,0.6899851293944799,0.379
2019-03-01,0.27436607172697597,0.189
2019-03-02,0.3997389895182116,0.174
2019-03-03,0.7375961867572661,0.554
2019-03-04,0.3038127468172669,0.456
2019-03-05,0.6834075701146062,0.36
2019-03-06,0.3106791981550144,0.564
2019-03-07,0.3033026203336067,0.376
2019-03-08,0.4533388120229187,0.559
2019-03-09,1.29479532645489,1.1
2019-03-10,0.6071518123606257,1.211
2019-03-11,0.3722297228295445,0.478
2019-03-12,1.0891955860252824,1.436
2019-03-13,0.7157361275844536,0.603
2019-03-14,0.8057188746503087,0.697
2019-03-15,0.44034632217102593,0.513
2019-03-16,0.7700290447235877,0.796
2019-03-17,0.4281329632050705,0.63
2019-03-18,0.3662121871332336,0.384
2019-03-19,0.3287413681817875,0.296
2019-03-20,0.30648716133582105,0.229
2019-03-21,0.2894157435823297,0.204
2019-03-22,0.2758906925036516,0.174
2019-03-23,0.2651085366731685,0.151
2019-03-24,0.2565176918885084,0.133
2019-03-25,0.2496750349556396,0.12
2019-03-26,0.24414756795350762,0.11
2019-03-27,0.23971352917138714,0.103
2019-03-28,0.2361301151391025,0.096
2019-03-29,0.23319427051063005,0.096
2019-03-30,0.23160122192837979,0.094
2019-03-31,0.22882108766604217,0.087
2019-04-01,0.22703539620745886,0.086
2019-04-02,0.4745776249923987,0.166
2019-04-03,0.26687329388931025,0.165
2019-04-04,0.24917970983596416,0.157
2019-04-05,0.2366645457033757,0.112
2019-04-06,0.23241932695143583,0.104
2019-04-07,0.2320476164867793,0.106
2019-04-08,0.34364332279568516,0.187
2019-04-09,0.2585731324771232,0.146
2019-04-10,0.23767282911069554,0.12
2019-04-11,0.23151645211103472,0.11
2019-04-12,0.22775683765543506,0.109
2019-04-13,0.2255642026456868,0.121
2019-04-14,0.22204767578633497,0.099
2019-04-15,0.21960663421992452,0.099
2019-04-16,0.22088642535730493,0.099
2019-04-17,0.21582244153385755,0.099
2019-04-18,0.21379708041386328,0.099
2019-04-19,0.21210371009862627,0.098
2019-04-20,0.21050652793432753,0.097
2019-04-21,0.20897236982126396,0.097
2019-04-22,0.20747608342661716,0.099
2019-04-23,0.20600910105892253,0.101
2019-04-24,0.20654404374180907,0.113
2019-04-25,0.20415211290602703,0.104
2019-04-26,0.20953103228568976,0.113
2019-04-27,0.20447145407880343,0.115
2019-04-28,0.19921087285539255,0.106
2019-04-29,0.19735076661257195,0.104
2019-04-30,0.1958478639146778,0.071
2019-05-01,0.1944207411909382,0.071
2019-05-02,0.20401841067439866,0.098
2019-05-03,0.20293624177392638,0.1
2019-05-04,0.19950397292137928,0.107
2019-05-05,0.1890549476727762,0.078
2019-05-06,0.18683450211992664,0.076
2019-05-07,0.7133424660396355,0.205
2019-05-08,0.9215359300889141,0.917
2019-05-09,0.4193977607246265,0.255
2019-05-10,0.2780698571198813,0.152
2019-05-11,0.2510821147613493,0.125
2019-05-12,0.23387363450989904,0.11
2019-05-13,0.22210831634636885,0.077
2019-05-14,0.21266039929702815,0.073
2019-05-15,0.2048718745817873,0.073
2019-05-16,0.19840938217985982,0.074
2019-05-17,0.19421601203624017,0.071
2019-05-18,0.19018871379051233,0.081
2019-05-19,0.18506793997610574,0.071
2019-05-20,0.1822183111481123,0.07
2019-05-21,0.17825192908917803,0.069
2019-05-22,0.17554734163892874,0.068
2019-05-23,0.17315968414425462,0.065
2019-05-24,0.17509573126793757,0.118
2019-05-25,0.16932116879552442,0.075
2019-05-26,0.17300231488902612,0.085
2019-05-27,0.1685987795963386,0.071
2019-05-28,0.1655794405126432,0.07
2019-05-29,0.1652099485992032,0.071
2019-05-30,0.1607270431003252,0.069
2019-05-31,0.15895895924229772,0.067
2019-06-01,0.1574233473951607,0.067
2019-06-02,0.15594796046427334,0.066
2019-06-03,0.15449837770398164,0.066
2019-06-04,0.16651419294994552,0.122
2019-06-05,0.15475981250382823,0.076
2019-06-06,0.15481429567700242,0.072
2019-06-07,0.5157205687929712,0.158
2019-06-08,0.2080510024677052,0.092
2019-06-09,0.5469563307108507,0.196
2019-06-10,1.5144384574376042,2.097
2019-06-11,1.3739621919512863,0.29
2019-06-12,1.0621011483514937,0.503
2019-06-13,0.6520069812982383,2.504
2019-06-14,0.3392033735015952,0.339
2019-06-15,0.2905147762239564,0.163
2019-06-16,0.2600548833295975,0.147
2019-06-17,0.23384377209361748,0.116
2019-06-18,0.48359421356517224,0.249
2019-06-19,0.5143588241639749,0.634
2019-06-20,0.2662974529885959,0.167
2019-06-21,0.22990545737757517,0.105
2019-06-22,0.21321171544857553,0.089
2019-06-23,0.20077242303550533,0.082
2019-06-24,0.5561033588146154,0.29
2019-06-25,0.2446645949943417,0.197
2019-06-26,0.20859072758113792,0.1
2019-06-27,0.19603917472823768,0.083
2019-06-28,0.18719407830147294,0.077
2019-06-29,0.1801744859793412,0.08
2019-06-30,0.17451330530330963,0.083
2019-07-01,0.16993851831008883,0.085
2019-07-02,0.16617880879782132,0.092
2019-07-03,0.16309993239233128,0.085
2019-07-04,0.16054441192365695,0.081
2019-07-05,0.1584533424950287,0.081
2019-07-06,0.17512920120474587,0.123
2019-07-07,0.15733119648142638,0.123
2019-07-08,0.15386403486364167,0.089
2019-07-09,0.15244332687610454,0.087
2019-07-10,0.15134991956465796,0.084
2019-07-11,0.15041950709159846,0.088
2019-07-12,0.14929696263323083,0.082
2019-07-13,0.15721492824435193,0.09
2019-07-14,0.14810853695967416,0.112
2019-07-15,0.14660340958899884,0.062
2019-07-16,0.14566253879269167,0.061
2019-07-17,0.15885682986935348,0.067
2019-07-18,0.14902150487312366,0.144
2019-07-19,1.3143114424628137,0.637
2019-07-20,0.3168158955336496,0.216
2019-07-21,0.2209920126529375,0.094
2019-07-22,0.20043051927478425,0.09
2019-07-23,0.1914197226215827,0.093
2019-07-24,0.17879216980000698,0.084
2019-07-25,0.18722235856050196,0.116
2019-07-26,1.2117319172733547,0.293
2019-07-27,0.31076234216103105,0.457
2019-07-28,0.22054694242450965,0.1
2019-07-29,0.20078758712912506,0.084
2019-07-30,0.41318276881580956,0.148
2019-07-31,0.2235831001845027,0.092
2019-08-01,0.1967405266300025,0.074
2019-08-02,0.18484088856633907,0.07
2019-08-03,0.17579867610265792,0.066
2019-08-04,0.17029381678440095,0.066
2019-08-05,0.16315923989446,0.069
2019-08-06,0.16102922299943898,0.079
2019-08-07,0.16288237237068523,0.069
2019-08-08,0.1719026410370909,0.133
2019-08-09,0.22882889970106068,0.162
2019-08-10,0.17704661170183603,0.074
2019-08-11,0.1729939444443273,0.181
2019-08-12,0.17339938874124908,0.126
2019-08-13,0.16692239778591794,0.076
2019-08-14,0.9597329223916038,0.76
2019-08-15,0.2612655232959092,0.142
2019-08-16,0.5628222035630979,0.418
2019-08-17,0.24314788617749808,0.211
2019-08-18,0.22354307927940917,0.266
2019-08-19,0.20259462600540376,0.11
2019-08-20,0.17937194093639292,0.091
2019-08-21,0.1699812523402709,0.09
2019-08-22,0.16323365110219917,0.076
2019-08-23,0.15781717116661947,0.07
2019-08-24,0.15334046645387403,0.067
2019-08-25,0.14968424717941317,0.066
2019-08-26,0.1466525001925391,0.066
2019-08-27,0.14608609581570345,0.066
2019-08-28,0.14481247336214723,0.067
2019-08-29,0.14032911685109412,0.069
2019-08-30,0.13852196977833475,0.068
2019-08-31,0.13731561848912685,0.083
2019-09-01,0.13583269576619156,0.09
2019-09-02,0.1346449700278313,0.097
2019-09-03,0.6874282227699482,0.353
2019-09-04,0.21584747707035426,0.194
2019-09-05,0.17129460484754866,0.074
2019-09-06,0.162381244259885,0.077
2019-09-07,0.1543125815884195,0.061
2019-09-08,0.1495692215402086,0.054
2019-09-09,0.14844696640885532,0.078
2019-09-10,0.1413527754922639,0.119
2019-09-11,0.13807698456471584,0.084
2019-09-12,0.13568267691886807,0.084
2019-09-13,0.13332189627835211,0.082
2019-09-14,0.13122816503845933,0.078
2019-09-15,0.12957361661598737,0.081
2019-09-16,0.12923310073854308,0.057
2019-09-17,0.12672512953530127,0.053
2019-09-18,0.12535916802119343,0.052
2019-09-19,0.12417340392003592,0.052
2019-09-20,0.12303907607445506,0.052
2019-09-21,0.12505326927381646,0.052
2019-09-22,0.12962453571578916,0.123
2019-09-23,1.351625964349396,0.638
2019-09-24,1.3683736683869496,1.281
2019-09-25,0.9666180300435895,0.352
2019-09-26,0.31661616674456067,0.242
2019-09-27,0.28221063038289124,0.41
2019-09-28,1.0766176586858578,0.567
2019-09-29,0.3282204295271892,0.638
2019-09-30,0.889478137144857,0.846
2019-10-01,1.5470657724819563,2.06
2019-10-02,1.194801142603691,0.262
2019-10-03,0.44120518733007674,0.234
2019-10-04,0.2978584413496474,0.151
2019-10-05,1.4710574584873621,1.33
2019-10-06,0.9674744239327419,0.808
2019-10-07,0.3621543128959389,0.288
2019-10-08,0.3717322481508167,0.387
2019-10-09,0.26982744706269124,0.187
2019-10-10,0.4042557781464531,0.284
2019-10-11,0.8856283358609742,0.48
2019-10-12,1.4319215581146842,0.946
2019-10-13,0.6204121102217908,0.583
2019-10-14,0.38458538308809265,0.419
2019-10-15,0.3031225364563723,0.239
2019-10-16,0.2655417081345488,0.204
2019-10-17,1.2771406917232149,0.637
2019-10-18,0.3619570969777614,0.418
2019-10-19,0.2693147642347517,0.187
2019-10-20,0.25202413945163155,0.136
2019-10-21,0.23285591741908573,0.117
2019-10-22,0.2179515536621276,0.107
2019-10-23,0.2106480143561202,0.105
2019-10-24,1.071447698142158,0.62
2019-10-25,0.3102089035395401,0.182
2019-10-26,0.5869567753122856,0.442
2019-10-27,0.2725112854650647,0.207
2019-10-28,0.2362697520165916,0.144
2019-10-29,0.22371369469189198,0.121
2019-10-30,0.21498725013255013,0.105
2019-10-31,0.45934300015822743,0.128
2019-11-01,0.2619816946853441,0.262
2019-11-02,0.7422447558561998,0.598
2019-11-03,0.4243279977839783,0.291
2019-11-04,0.2619838670407661,0.209
2019-11-05,0.25996831628019934,0.182
2019-11-06,1.1391917987936462,0.897
2019-11-07,0.34147751286720635,0.627
2019-11-08,0.27119710387371876,0.264
2019-11-09,1.1960905826797763,0.905
2019-11-10,0.7923546223560418,0.674
2019-11-11,0.3422065518124757,0.608
2019-11-12,0.32039537634163673,0.36
2019-11-13,1.4404359328368443,0.815
2019-11-14,0.47751711267053065,0.745
2019-11-15,0.5380824786730272,0.411
2019-11-16,0.32961429404533565,0.326
2019-11-17,0.3050302565265513,0.23
2019-11-18,0.27741051321524596,0.188
2019-11-19,0.26286430108922565,0.158
2019-11-20,0.2512847961477832,0.137
2019-11-21,0.7361008027309638,0.251
2019-11-22,0.3324817152881739,0.381
2019-11-23,0.3736904607600342,0.305
2019-11-24,0.2717648362042889,0.214
2019-11-25,0.463491559375802,0.278
2019-11-26,0.9520613109132076,0.53
2019-11-27,0.6115608723674302,0.873
2019-11-28,0.47737214247071885,0.479
2019-11-29,0.3125932203226786,0.319
2019-11-30,0.2869319880133211,0.214
2019-12-01,0.2700050272378712,0.174
2019-12-02,0.25922683350644193,0.159
2019-12-03,0.25037113055914717,0.153
2019-12-04,0.24392507653345497,0.143
2019-12-05,0.7856336840790765,0.248
2019-12-06,0.3507366887047575,0.617
2019-12-07,0.5296118656194887,0.407
2019-12-08,0.34210805725531257,0.414
2019-12-09,0.2767529720558913,0.275
2019-12-10,0.606617744605013,0.425
2019-12-11,0.30591415687031465,0.305
2019-12-12,1.5002987520924598,2.12
2019-12-13,1.3955733660816787,1.54
2019-12-14,1.7383166025384345,2.11
2019-12-15,1.28855479486179,1.65
2019-12-16,1.109606542428704,1.05
2019-12-17,0.770953907018407,1.21
2019-12-18,1.766495188380921,1.46
2019-12-19,2.1549186493930677,2.68
2019-12-20,2.099746692988902,3.77
2019-12-21,2.168075301570873,3.79
2019-12-22,1.294222834032038,2.25
2019-12-23,0.9401856602351577,0.994
2019-12-24,0.6783984511130632,0.747
2019-12-25,0.5928741581617866,0.481
2019-12-26,1.1041403187073906,1.22
2019-12-27,0.5913404776324406,0.585
2019-12-28,0.5058264347124012,0.404
2019-12-29,0.4648343574781824,0.324
2019-12-30,0.43625813193089874,0.266
2019-12-31,0.41395860072435586,0.234
2020-01-01,0.3926742511981025,0.209
2020-01-02,0.6225471878972629,0.238
2020-01-03,0.4155082146206987,0.297
2020-01-04,0.3860729602730208,0.202
2020-01-05,0.3737512287040877,0.183
2020-01-06,0.4027689824205521,0.178
2020-01-07,0.3707594109731088,0.166
2020-01-08,0.5106347909035679,0.153
2020-01-09,0.9524361916153558,0.532
2020-01-10,0.4701333423207187,0.274
2020-01-11,0.618899753114501,0.266
2020-01-12,0.4449577415127203,0.354
2020-01-13,1.117815282807163,0.649
2020-01-14,1.8703342259754363,1.34
2020-01-15,1.0365945961324055,2.09
2020-01-16,1.5234620670249166,0.964
2020-01-17,0.7021812068428114,1.11
2020-01-18,0.5905327541340522,0.467
2020-01-19,0.542801800055549,0.324
2020-01-20,0.5075664891876553,0.267
2020-01-21,0.4812171004569295,0.216
2020-01-22,0.46140090974639686,0.201
2020-01-23,0.44303608923721605,0.189
2020-01-24,0.4284229661034019,0.176
2020-01-25,0.4179419662179094,0.164
2020-01-26,0.6705523707330089,0.245
2020-01-27,1.4560621327859218,0.989
2020-01-28,0.5944238687572979,0.499
2020-01-29,0.5027650674199218,0.308
2020-01-30,0.4771626071026365,0.264
2020-01-31,0.4672885010214987,0.218
2020-02-01,1.2784907316000471,0.409
2020-02-02,0.5752376245922325,0.561
2020-02-03,0.4994929790569009,0.31
2020-02-04,0.47242549825991703,0.21
2020-02-05,0.45517346810170617,0.173
2020-02-06,0.44317036833791607,0.159
2020-02-07,0.515312883043448,0.16
2020-02-08,0.44279669764591434,0.169
2020-02-09,1.6899041263657408,1.63
2020-02-10,1.42664325583972,1.27
2020-02-11,0.6513984483462624,0.541
2020-02-12,1.6723832039714035,0.789
2020-02-13,0.7262589089302474,1.12
2020-02-14,0.8283738218822057,0.493
2020-02-15,2.0213133264765366,1.23
2020-02-16,2.1413678672332512,4.01
2020-02-17,1.1582041161581147,0.882
2020-02-18,1.0709561998227066,0.745
2020-02-19,0.8019871708874347,0.692
2020-02-20,1.0648290474379718,1.11
2020-02-21,0.7095269053207224,0.63
2020-02-22,0.6569358055735236,0.537
2020-02-23,0.8540610871580151,0.696
2020-02-24,0.9090192514225309,1.37
2020-02-25,0.6464896453915292,0.766
2020-02-26,1.2777230412049299,0.819
2020-02-27,0.8021809420713097,1.38
2020-02-28,1.9767558562907488,2.63
2020-02-29,1.2073481738225262,2.27
2020-03-01,1.2882524371811306,0.969
2020-03-02,0.7704063007257739,0.762
2020-03-03,0.6847989250488625,0.441
2020-03-04,1.0524722423617754,0.583
2020-03-05,2.0194619752103438,3.03
2020-03-06,0.9856650474836518,0.847
2020-03-07,0.7413151835517507,0.504
2020-03-08,0.6945587339965117,0.542
2020-03-09,1.6567594112187845,0.996
2020-03-10,0.7894784061769219,0.702
2020-03-11,0.6880541067646201,0.411
2020-03-12,0.6396219291602403,0.293
2020-03-13,0.854898175172535,0.276
2020-03-14,0.6370978331814859,0.319
2020-03-15,0.7689013274058731,0.32
2020-03-16,0.614576434388937,0.228
2020-03-17,0.5836411068477445,0.182
2020-03-18,0.5727796099411187,0.177
2020-03-19,0.5572351967241232,0.188
2020-03-20,0.5421747715208308,0.158
2020-03-21,0.5331830868051687,0.142
2020-03-22,0.5260938496129364,0.133
2020-03-23,0.5203456204150774,0.127
2020-03-24,0.5155545700973627,0.129
2020-03-25,0.5115773150981078,0.176
2020-03-26,0.5080916292908342,0.196
2020-03-27,0.5050702299801875,0.197
2020-03-28,0.5024184728543223,0.195
2020-03-29,0.5004803934225291,0.255
2020-03-30,0.49831773429626,0.222
2020-03-31,0.49539548156944074,0.192
2020-04-01,0.4932351311961786,0.25
2020-04-02,0.49099865449399926,0.281
2020-04-03,0.4888183701053583,0.273
2020-04-04,0.48661701732978724,0.268
2020-04-05,0.48514934229723683,0.279
2020-04-06,0.482428774644117,0.291
2020-04-07,0.47977847358853104,0.303
2020-04-08,0.47733299148580105,0.284
2020-04-09,0.47485765437187805,0.283
2020-04-10,0.47229450076570384,0.286
2020-04-11,0.4696686200882588,0.285
2020-04-12,0.46814588795896356,0.219
2020-04-13,0.46433051247001045,0.119
2020-04-14,0.4614082717732172,0.119
2020-04-15,0.4585026939447405,0.122
2020-04-16,0.45573760926414414,0.123
2020-04-17,0.7998845715807179,0.169
2020-04-18,0.5059687824628767,0.143
2020-04-19,0.4750133431698636,0.129
2020-04-20,0.465784830989088,0.122
2020-04-21,0.45793655538652644,0.126
2020-04-22,0.4513492900280659,0.136
2020-04-23,0.445546348883736,0.133
2020-04-24,0.4402053690660873,0.13
2020-04-25,0.4352467803255784,0.126
2020-04-26,0.43058870017372175,0.128
2020-04-27,0.5708739756650746,0.153
2020-04-28,1.1884813444277949,0.558
2020-04-29,0.5648355384058602,0.252
2020-04-30,0.9291570638203573,0.535
2020-05-01,0.7442525090124008,0.809
2020-05-02,0.5201315889033665,0.19
2020-05-03,0.483155943609113,0.121
2020-05-04,0.4640822899483324,0.099
2020-05-05,0.44910627857790325,0.091
2020-05-06,0.4365956041357827,0.092
2020-05-07,0.4259813227686405,0.091
2020-05-08,0.4168798226468953,0.081
2020-05-09,0.408982392464123,0.079
2020-05-10,0.40208275477926236,0.086
2020-05-11,0.3958618500391892,0.101
2020-05-12,0.3902696533470686,0.096
2020-05-13,0.38516442223635666,0.088
2020-05-14,0.3804401238298804,0.087
2020-05-15,0.37601143035212375,0.093
2020-05-16,0.3718206330646802,0.089
2020-05-17,0.3678162792726452,0.09
2020-05-18,0.3639586589743773,0.09
2020-05-19,0.3602164405689598,0.091
2020-05-20,0.35656490581771905,0.096
2020-05-21,0.3529846085481223,0.109
2020-05-22,0.349512955793076,0.113
2020-05-23,0.34751432617172984,0.089
2020-05-24,0.34265135650486594,0.085
2020-05-25,0.3391272759522419,0.091
2020-05-26,0.3357229085848912,0.096
2020-05-27,0.3323453869181433,0.094
2020-05-28,0.3289857165143687,0.119
2020-05-29,0.32563559420914373,0.123
2020-05-30,0.32229873014030713,0.12
2020-05-31,0.31897264127334685,0.119
2020-06-01,0.3156566350398681,0.111
2020-06-02,0.31242089082356544,0.104
2020-06-03,0.3100691804879392,0.122
2020-06-04,0.31187164079462265,0.123
2020-06-05,0.3107607576422871,0.125
2020-06-06,0.6014218588913969,0.517
2020-06-07,0.3576082043715699,0.097
2020-06-08,0.32429916791270486,0.079
2020-06-09,0.3144781890349516,0.084
2020-06-10,0.3246925219832314,0.101
2020-06-11,0.30270726456175034,0.093
2020-06-12,0.3004705938951422,0.071
2020-06-13,0.29446099485079763,0.076
2020-06-14,0.28366275173829086,0.063
2020-06-15,0.285094914905153,0.065
2020-06-16,0.27948942647109454,0.062
2020-06-17,1.5574055422291446,1.49
2020-06-18,1.5319374465163713,0.91
2020-06-19,0.5078281971236879,0.147
2020-06-20,0.39697766798503664,0.103
2020-06-21,0.35592476914827426,0.116
2020-06-22,0.3340083909417373,0.086
2020-06-23,0.3169984939904703,0.085
2020-06-24,0.303069195118638,0.084
2020-06-25,0.29475609609318437,0.078
2020-06-26,0.29509780945489844,0.084
2020-06-27,0.28203389769206455,0.108
2020-06-28,0.2793310587199315,0.122
2020-06-29,0.26215220788150423,0.069
2020-06-30,0.25841064751796106,0.065
2020-07-01,0.26008017317848264,0.068
2020-07-02,0.32923735762255424,0.187
2020-07-03,0.2806250929125835,0.112
2020-07-04,0.2614777579929952,0.092
2020-07-05,0.25224902717513903,0.078
2020-07-06,0.24627378345243933,0.077
2020-07-07,1.01646776983735,0.384
2020-07-08,0.4252306952472283,0.348
2020-07-09,0.5720160051150036,0.609
2020-07-10,0.3350759134412926,0.152
2020-07-11,0.2991572405826328,0.088
2020-07-12,0.28186095953866674,0.074
2020-07-13,0.2818930327375652,0.085
2020-07-14,0.25892237171238686,0.094
2020-07-15,0.24895590429426676,0.075
2020-07-16,0.24132247036754953,0.065
2020-07-17,0.2349493672713793,0.062
2020-07-18,0.23651906225111183,0.062
2020-07-19,0.22645318948009505,0.068
2020-07-20,0.22097159477742506,0.061
2020-07-21,0.217276120480442,0.056
2020-07-22,0.21407698284599244,0.057
2020-07-23,0.21120309704435786,0.059
2020-07-24,0.2087602401306097,0.059
2020-07-25,0.6515259917643883,0.157
2020-07-26,0.29095483665627275,0.117
2020-07-27,0.24464494865799202,0.093
2020-07-28,0.22788274625721483,0.063
2020-07-29,0.2199290731292611,0.058
2020-07-30,0.2138420313874961,0.058
2020-07-31,0.20873774641660547,0.057
2020-08-01,0.20453073385744663,0.055
2020-08-02,0.20114852559859764,0.055
2020-08-03,0.19743446521744148,0.06
2020-08-04,0.19412712625011788,0.062
2020-08-05,0.19137277983665063,0.062
2020-08-06,0.18880426768458575,0.065
2020-08-07,0.18640449316870536,0.065
2020-08-08,0.18415588660144194,0.063
2020-08-09,0.1822828793928618,0.063
2020-08-10,0.18031560019678952,0.072
2020-08-11,0.178672855179198,0.073
2020-08-12,0.1919557428058994,0.068
2020-08-13,1.229328897934582,0.705
2020-08-14,0.4497208174292707,0.342
2020-08-15,1.295144142504035,0.491
2020-08-16,0.3976922349402344,0.196
2020-08-17,0.5117673821673477,0.404
2020-08-18,0.3181474020304634,0.146
2020-08-19,1.1532988352545794,0.889
2020-08-20,0.36642066646175264,0.152
2020-08-21,0.2826976747537938,0.096
2020-08-22,0.25684146638224026,0.085
2020-08-23,0.23906065711906405,0.121
2020-08-24,1.0017070349909225,0.204
2020-08-25,0.33308857273407877,0.299
2020-08-26,0.25354635949465393,0.13
2020-08-27,1.3821672875451543,0.575
2020-08-28,0.956054278333737,0.342
2020-08-29,0.3605404329178618,0.158
2020-08-30,0.28714530001427924,0.113
2020-08-31,0.2617038764696146,0.096
2020-09-01,0.24387675692048005,0.089
2020-09-02,0.23860134361280697,0.093
2020-09-03,0.2312967826166672,0.137
2020-09-04,0.21465402951998702,0.082
2020-09-05,0.20246123964774798,0.084
2020-09-06,0.1962142143099603,0.079
2020-09-07,0.19126394231209595,0.08
2020-09-08,0.18728270791740823,0.079
2020-09-09,0.18400156721180758,0.081
2020-09-10,0.18127501974749202,0.061
2020-09-11,0.17896628572881185,0.059
2020-09-12,0.17697560183013064,0.063
2020-09-13,0.17533538549833155,0.069
2020-09-14,0.17370001703733645,0.076
2020-09-15,0.17240841186665565,0.074
2020-09-16,0.17103799532069713,0.072
2020-09-17,0.169865713391236,0.075
2020-09-18,0.16872843732600468,0.079
2020-09-19,0.16763521541323073,0.083
2020-09-20,0.1665708472673219,0.078
2020-09-21,0.16554046035700706,0.093
2020-09-22,0.17968469581968363,0.102
2020-09-23,0.8336672778046885,0.499
2020-09-24,0.2849546689504657,0.174
2020-09-25,0.20536145603819228,0.138
2020-09-26,0.19288775613653394,0.081
2020-09-27,0.1847288698066108,0.077
2020-09-28,0.28743029367398076,0.104
2020-09-29,0.19888577140100105,0.124
2020-09-30,0.6083850876475588,0.226
2020-10-01,0.8269418348280979,0.234
2020-10-02,1.8710338347041242,5.532
2020-10-03,1.9019120679545403,4.492
2020-10-04,1.7201734990241841,2.69
2020-10-05,1.6352029141622764,0.86
2020-10-06,1.540090416530572,0.48
2020-10-07,1.5458034835462342,0.64
2020-10-08,1.4644270277294356,0.603
2020-10-09,1.226536276788727,0.853
2020-10-10,0.4090500041748474,0.383
2020-10-11,0.3095493959477621,0.241
2020-10-12,0.5655982211105337,0.369
2020-10-13,0.7563506127857116,0.707
2020-10-14,0.3440450043098445,0.606
2020-10-15,0.29075077828464746,0.431
2020-10-16,0.2682333242343886,0.247
2020-10-17,0.2537094455678552,0.181
2020-10-18,0.2424796076983352,0.156
2020-10-19,0.2404781859580849,0.157
2020-10-20,1.1209662128072204,0.424
2020-10-21,1.1791783396509488,2.359
2020-10-22,0.3810280013602749,0.56
2020-10-23,0.3021775931024304,0.33
2020-10-24,1.5226788291356412,2.141
2020-10-25,1.1334087825838144,1.077
2020-10-26,0.41470545747316745,0.469
2020-10-27,0.5889371102392222,0.545
2020-10-28,0.5530050300772938,0.436
2020-10-29,0.6739092808833734,0.666
2020-10-30,0.36686479004807127,0.485
2020-10-31,1.2160572993419043,1.603
2020-11-01,0.4295011935758729,0.579
2020-11-02,1.2863607843481184,0.439
2020-11-03,0.45115215347324505,0.615
2020-11-04,0.3603733191715127,0.292
2020-11-05,0.3318344832733956,0.203
2020-11-06,0.3121552729221673,0.177
2020-11-07,0.29736910940564854,0.154
2020-11-08,0.42939227681950803,0.181
2020-11-09,0.660063126480532,0.375
2020-11-10,0.334908618653192,0.262
2020-11-11,0.8263876928428133,0.415
2020-11-12,0.36035791366897957,0.372
2020-11-13,0.44556422577129945,0.239
2020-11-14,1.665847862171596,2.595
2020-11-15,1.529849089234576,2.71
2020-11-16,0.700056715786421,0.738
2020-11-17,0.42182207113573295,0.467
2020-11-18,0.37941372387074285,0.327
2020-11-19,0.47021865569787846,0.309
2020-11-20,0.454824079848219,0.272
2020-11-21,0.3631846794721889,0.234
2020-11-22,0.3332977854592464,0.188
2020-11-23,0.3185612609225787,0.169
2020-11-24,0.3069781014129487,0.157
2020-11-25,0.3004753157741704,0.149
2020-11-26,0.2912747663779912,0.14
2020-11-27,0.2862590790250856,0.13
2020-11-28,0.28053775786373103,0.123
2020-11-29,0.2768940257864501,0.12
2020-11-30,0.2759793143723613,0.119
2020-12-01,0.2714950117171615,0.116
2020-12-02,0.4652685413220911,0.117
2020-12-03,1.6909117983441957,2.198
2020-12-04,1.1500894899908465,0.863
2020-12-05,0.48946469601497594,0.438
2020-12-06,0.4029368324377541,0.314
2020-12-07,0.48948286133607216,0.276
2020-12-08,0.8377351672439262,0.396
2020-12-09,0.43227838770611876,0.372
2020-12-10,1.3931776750734606,0.851
2020-12-11,0.5411342786088678,1.256
2020-12-12,0.43657379104291405,0.508
2020-12-13,1.447202826187298,0.915
2020-12-14,0.9382594426444939,1.132
2020-12-15,0.5256827749792844,0.619
2020-12-16,1.007278519586997,0.802
2020-12-17,0.5226505247385235,0.495
2020-12-18,0.8778081036998433,0.509
2020-12-19,1.0734443185744602,1.224
2020-12-20,0.9673583769162035,0.642
2020-12-21,0.985504400589525,1.525
2020-12-22,0.7737267748309361,0.763
2020-12-23,1.2496136424257676,1.38
2020-12-24,0.6011828828832417,0.709
2020-12-25,0.5089676241769977,0.439
2020-12-26,1.8617222337910606,1.092
2020-12-27,1.0384773041463826,1.139
2020-12-28,0.5985185290577515,0.53
2020-12-29,0.5214542250051889,0.378
2020-12-30,0.48237189078420417,0.292
2020-12-31,0.45222222822320907,0.251
2021-01-01,0.5057611447434718,0.238
2021-01-02,0.4287639195251038,0.221
2021-01-03,0.4122800225764288,0.203
2021-01-04,0.4014389491642391,0.186
2021-01-05,0.5913253258348761,0.168
2021-01-06,0.41472695832136197,0.15
2021-01-07,0.3902279356430968,0.135
2021-01-08,0.3797095157920628,0.127
2021-01-09,0.372347165787039,0.12
2021-01-10,0.36646517918209776,0.119
2021-01-11,1.19859893515189,0.36
2021-01-12,0.5070988512045502,0.467
2021-01-13,2.0827865462570676,3.097
2021-01-14,1.8964695550707185,4.721
2021-01-15,1.8954440865241424,0.859
2021-01-16,1.233092720975573,1.961
2021-01-17,0.7168781656096095,0.669
2021-01-18,1.133949108947398,0.621
2021-01-19,0.6748476249347602,0.67
2021-01-20,1.2355101865595601,0.835
2021-01-21,0.6618303801324715,0.594
2021-01-22,0.6740943702368988,0.396
2021-01-23,0.5583116705612443,0.319
2021-01-24,1.1575296344263226,0.367
2021-01-25,0.6092376089783704,0.333
2021-01-26,0.7751322161588732,0.724
2021-01-27,2.103560921872269,3.231
2021-01-28,2.069652726039488,3.217
2021-01-29,2.3455737115710957,2.078
2021-01-30,2.1361440055289407,3.421
2021-01-31,1.4113630177285836,0.862
2021-02-01,1.4219223828407195,1.005
2021-02-02,0.8631249459247495,1.03
2021-02-03,0.8471307943284963,0.587
2021-02-04,2.052857435720639,2.579
2021-02-05,1.4163861395786457,1.179
2021-02-06,1.6819698826175928,1.654
2021-02-07,1.0421726112524756,0.884
2021-02-08,1.0562159422532347,0.533
2021-02-09,0.9428455952900696,0.412
2021-02-10,0.749593933784045,0.332
2021-02-11,0.6842880725974702,0.278
2021-02-12,0.6456033201566282,0.229
2021-02-13,0.6159413357782962,0.179
2021-02-14,1.0987757149666448,0.298
2021-02-15,0.7351089160288977,0.495
2021-02-16,0.8230026678704607,0.584
2021-02-17,0.8554831437870677,0.642
2021-02-18,0.729449101600703,0.519
2021-02-19,0.643746477517822,0.332
2021-02-20,0.6166407448631238,0.258
2021-02-21,0.5961403332282296,0.208
2021-02-22,0.5925083901699455,0.19
2021-02-23,0.5700820088623201,0.174
2021-02-24,0.5602215178000317,0.155
2021-02-25,0.5533360724916838,0.142
2021-02-26,0.5466115638049892,0.13
2021-02-27,0.5417876815883759,0.121
2021-02-28,0.5378189164139874,0.118
2021-03-01,0.5345470283037482,0.117
2021-03-02,0.5318781848857702,0.114
2021-03-03,1.067609073244384,0.366
2021-03-04,0.5988997583351866,0.168
2021-03-05,0.5554731067213071,0.133
2021-03-06,0.5459031706291582,0.118
2021-03-07,0.5398891423042956,0.111
2021-03-08,0.5349350232198924,0.107
2021-03-09,0.5317676583378558,0.104
2021-03-10,0.9906538969885522,0.562
2021-03-11,0.5944145107990155,0.439
2021-03-12,1.0003384544639373,0.438
2021-03-13,0.605543044644029,0.327
2021-03-14,0.5631983819041936,0.193
2021-03-15,0.5612928980209463,0.192
2021-03-16,0.5397562094515364,0.158
2021-03-17,0.5406036732732482,0.176
2021-03-18,0.5319751212418014,0.161
2021-03-19,0.5186221883903619,0.15
2021-03-20,0.5128690486021796,0.129
2021-03-21,0.5081383019064544,0.114
2021-03-22,0.5038277796458498,0.105
2021-03-23,0.49979628068716636,0.099
2021-03-24,0.4960405608785318,0.094
2021-03-25,0.4960557354641871,0.088
2021-03-26,0.7130832097465953,0.298
2021-03-27,0.5207976606814045,0.166
2021-03-28,0.4994983112212179,0.138
2021-03-29,0.4919316079469766,0.11
2021-03-30,0.4859967520092346,0.114
2021-03-31,0.48064442259579027,0.116
2021-04-01,0.47579137134308425,0.114
2021-04-02,0.4710751594936294,0.115
2021-04-03,0.46664167093615183,0.092
2021-04-04,0.46241791483054906,0.091
2021-04-05,0.4583241557575917,0.098
2021-04-06,0.45436893721031596,0.107
2021-04-07,0.4504254294632782,0.126
2021-04-08,0.446554712168648,0.11
2021-04-09,0.44354776597970746,0.09
2021-04-10,0.44058408927998877,0.09
2021-04-11,0.4388710833106929,0.091
2021-04-12,0.43169102095430206,0.102
2021-04-13,0.42773663578564497,0.094
2021-04-14,0.4238329630731291,0.101
2021-04-15,0.42114437612443817,0.11
2021-04-16,0.4163569331743278,0.109
2021-04-17,0.4124777350380448,0.114
2021-04-18,0.40867818350389523,0.116
2021-04-19,0.4048742286333011,0.123
2021-04-20,0.4010655800687958,0.102
2021-04-21,0.3972551327287844,0.101
2021-04-22,0.39344316597071544,0.104
2021-04-23,0.3896147360060867,0.067
2021-04-24,0.38579132980838277,0.061
2021-04-25,0.38197112748539164,0.063
2021-04-26,0.3781452732742551,0.068
2021-04-27,0.374529762038616,0.076
2021-04-28,0.3863685455368126,0.123
2021-04-29,0.36795879379207924,0.08
2021-04-30,0.36363670975654794,0.075
2021-05-01,0.3601077850353011,0.064
2021-05-02,0.35608474469384765,0.06
2021-05-03,1.0144305360079429,0.437
2021-05-04,0.4484638715884859,0.291
2021-05-05,0.4519255363791729,0.304
2021-05-06,0.39527696077083535,0.279
2021-05-07,1.1552216199717587,0.493
2021-05-08,0.477538734582361,0.73
2021-05-09,0.4145600403124908,0.209
2021-05-10,0.38718778652218117,0.156
2021-05-11,0.3712605689854671,0.119
2021-05-12,0.36690100884817184,0.109
2021-05-13,0.6747188651716971,0.34
2021-05-14,0.4026285339952655,0.178
2021-05-15,0.5810386658992482,0.295
2021-05-16,1.3271663354604295,2.247
2021-05-17,0.959182216481871,1.651
2021-05-18,1.0805931940548954,0.381
2021-05-19,0.5016823141007719,0.259
2021-05-20,0.42805691912555943,0.161
2021-05-21,0.9142777138499367,0.31
2021-05-22,0.4598556140132013,0.264
2021-05-23,0.9958024783523252,1.373
2021-05-24,1.038071080317734,1.506
2021-05-25,0.4780364855096559,0.505
2021-05-26,0.40860699533127914,0.262
2021-05-27,0.3822833329582988,0.17
2021-05-28,0.3674711003260665,0.148
2021-05-29,0.34864027779547235,0.11
2021-05-30,0.33589878682109364,0.095
2021-05-31,0.3255480739320059,0.088
2021-06-01,0.3168576180723608,0.083
2021-06-02,0.31083969074025697,0.078
2021-06-03,0.3047790022907071,0.075
2021-06-04,1.0125302267798304,0.359
2021-06-05,0.3935297141964473,0.1
2021-06-06,0.3346075657970164,0.076
2021-06-07,0.31902689236289744,0.069
2021-06-08,0.3092028978934167,0.065
2021-06-09,0.3012246571655865,0.064
2021-06-10,0.2944581910187604,0.066
2021-06-11,0.28867645068040565,0.069
2021-06-12,0.2836484727848252,0.066
2021-06-13,0.2792346594588378,0.07
2021-06-14,0.2752996156092812,0.078
2021-06-15,0.27175878714877855,0.078
2021-06-16,0.7347888400194652,0.295
2021-06-17,1.5993293529361048,0.493
2021-06-18,1.7439804316932508,2.33
2021-06-19,1.5635367766631576,0.274
2021-06-20,0.7817499719462974,0.149
2021-06-21,0.5335778616647088,0.244
2021-06-22,0.41658994565717244,0.111
2021-06-23,0.3805746404682009,0.089
2021-06-24,0.3576488222001995,0.098
2021-06-25,0.3389937862154352,0.105
2021-06-26,0.32139494232057436,0.087
2021-06-27,1.4590388022607657,0.87
2021-06-28,0.4637248626861003,0.304
2021-06-29,0.3758114904907691,0.17
2021-06-30,0.3384392246750624,0.104
2021-07-01,0.32049010834217473,0.091
2021-07-02,0.3178839938143364,0.079
2021-07-03,0.31596653577358763,0.077
2021-07-04,0.30409963339524426,0.083
2021-07-05,1.3258484523951615,0.474
2021-07-06,0.4400269792573262,0.358
2021-07-07,0.33418245184413997,0.115
2021-07-08,0.31398453992948494,0.084
2021-07-09,0.3042795971882876,0.072
2021-07-10,0.2914695754795603,0.065
2021-07-11,0.3015827260488686,0.087
2021-07-12,1.3462878245408276,5.058
2021-07-13,0.4157052999715284,0.449
2021-07-14,0.3285518197938629,0.175
2021-07-15,0.3086506924962452,0.111
2021-07-16,0.2962963753120496,0.087
2021-07-17,0.2865113830044989,0.073
2021-07-18,0.27849004293908713,0.067
2021-07-19,0.2719528757335776,0.065
2021-07-20,0.27257531673106644,0.173
2021-07-21,0.2620827603911213,0.068
2021-07-22,0.25763890889779323,0.061
2021-07-23,0.2581354239577227,0.063
2021-07-24,0.2521303466163932,0.075
2021-07-25,1.401444971089516,0.477
2021-07-26,0.40902368023525165,0.105
2021-07-27,0.32664052905931545,0.084
2021-07-28,0.9526626559462251,0.484
2021-07-29,0.39263526015925165,0.134
2021-07-30,0.392376593427759,0.196
2021-07-31,0.4105833071648145,0.213
2021-08-01,0.3446676263738096,0.089
2021-08-02,0.31050149784384873,0.088
2021-08-03,0.29367286058866227,0.091
2021-08-04,0.28127871845389746,0.095
2021-08-05,0.33789673444007845,0.133
2021-08-06,1.083951344325914,0.275
2021-08-07,1.2349073612373842,0.49
2021-08-08,0.7537183926107386,0.442
2021-08-09,1.0404718749262993,1.351
2021-08-10,0.4429554836882934,0.188
2021-08-11,0.3701661880493841,0.103
2021-08-12,0.3404605814465327,0.083
2021-08-13,0.3195830314387827,0.071
2021-08-14,0.30318079189933195,0.063
2021-08-15,0.29154756002668497,0.068
2021-08-16,0.2813113553149162,0.071
2021-08-17,0.27225411047705644,0.066
2021-08-18,0.2636101252885537,0.064
2021-08-19,0.26223362878530987,0.067
2021-08-20,0.25316912600122293,0.06
2021-08-21,0.6628824090807813,0.113
2021-08-22,0.31522693193971024,0.146
2021-08-23,0.2730969046502459,0.066
2021-08-24,0.26281580080454964,0.08
2021-08-25,0.25617782145520446,0.092
2021-08-26,0.25079287303698866,0.097
2021-08-27,0.24629108462283836,0.101
2021-08-28,0.24258720115476026,0.101
2021-08-29,0.23922032047480035,0.09
2021-08-30,0.23643182467732526,0.086
2021-08-31,0.23381245431413492,0.089
2021-09-01,0.23147017181446553,0.085
2021-09-02,0.229363228813474,0.083
2021-09-03,0.22741493214134637,0.09
2021-09-04,0.225580773543344,0.09
2021-09-05,0.22384685265792723,0.09
2021-09-06,0.2221313912024111,0.09
2021-09-07,0.22047801206237527,0.102
2021-09-08,0.34467482404739763,0.148
2021-09-09,0.24748676011354545,0.108
2021-09-10,0.31719733528949096,0.481
2021-09-11,0.24989935001520086,0.135
2021-09-12,0.23806828254368265,0.118
2021-09-13,1.242450135840955,0.689
2021-09-14,1.123963271420057,2.002
2021-09-15,0.3815268582232159,0.342
2021-09-16,0.30428310608853054,0.256
2021-09-17,0.28162321482113994,0.223
2021-09-18,0.2662123119042056,0.2
2021-09-19,0.2641830401178162,0.21
2021-09-20,0.24479564271279225,0.206
2021-09-21,0.23589765745212235,0.197
2021-09-22,0.22897138040208578,0.2
2021-09-23,0.2232667815421229,0.189
2021-09-24,0.2184620769317219,0.183
2021-09-25,0.21438797448496622,0.185
2021-09-26,0.5730550843171437,0.232
2021-09-27,0.26204997044739703,0.369
2021-09-28,1.4061207250005803,1.523
2021-09-29,0.7260129656389228,0.23
2021-09-30,0.9205687687895451,0.405
2021-10-01,0.3559555593936338,0.364
2021-10-02,1.490507162577144,2.561
2021-10-03,1.3179589859793903,0.466
2021-10-04,1.656846463909875,1.562
2021-10-05,1.2042004889168445,0.691
2021-10-06,0.4537047984314761,0.215
2021-10-07,0.3628969462610565,0.138
2021-10-08,0.3295810289418344,0.11
2021-10-09,0.304229123782019,0.092
2021-10-10,0.28536874838987775,0.082
2021-10-11,0.26965190888194795,0.076
2021-10-12,0.2594959657139019,0.103
2021-10-13,0.2482315666802913,0.101
2021-10-14,0.23956884897182149,0.09
2021-10-15,0.23818287129614288,0.07
2021-10-16,0.2365486702152501,0.087
2021-10-17,0.2245675774181594,0.067
2021-10-18,0.25818763138619677,0.071
2021-10-19,1.3972179894358612,1.408
2021-10-20,1.654871127770168,4.043
2021-10-21,1.474224610317058,0.844
2021-10-22,0.8890208129562484,0.299
2021-10-23,0.38603812552521005,0.182
2021-10-24,0.3259330321869671,0.138
2021-10-25,0.30511331032685435,0.12
2021-10-26,0.2835961876256493,0.109
2021-10-27,0.27039176282328287,0.096
2021-10-28,0.4092133388674095,0.099
2021-10-29,0.6358000495942696,0.175
2021-10-30,0.9185013028043408,0.266
2021-10-31,0.6213893109123632,0.911
2021-11-01,0.33207086227696975,0.225
2021-11-02,0.293594694910977,0.147
2021-11-03,0.2786602696287567,0.121
2021-11-04,0.26581761493998046,0.109
2021-11-05,0.2565593754283704,0.096
2021-11-06,0.24898987559371155,0.089
2021-11-07,0.24289566868009707,0.098
2021-11-08,0.23929201511089135,0.083
2021-11-09,0.23482696069245912,0.087
2021-11-10,0.2359831715723112,0.092
2021-11-11,0.2290702568221549,0.095
2021-11-12,0.2329383008185071,0.099
2021-11-13,0.2243980777845349,0.111
2021-11-14,0.22209748803982327,0.123
2021-11-15,0.21995406700868742,0.098
2021-11-16,0.21937506818772526,0.098
2021-11-17,0.2172048722488054,0.095
2021-11-18,0.21576711321445638,0.094
2021-11-19,0.21451223400340855,0.095
2021-11-20,0.21329102457966204,0.095
2021-11-21,0.21216981797768464,0.09
2021-11-22,0.2109698910066779,0.091
2021-11-23,0.2097856269846081,0.094
2021-11-24,0.20879045809533392,0.098
2021-11-25,0.20745890410002096,0.096
2021-11-26,0.679161677198025,0.175
2021-11-27,0.29286353708694557,0.188
2021-11-28,0.23501491541707534,0.126
2021-11-29,0.22498508728648509,0.125
2021-11-30,0.22068709010031323,0.137
2021-12-01,0.21790418280647056,0.184
2021-12-02,0.21549495531617519,0.151
2021-12-03,0.3802872635491097,0.217
2021-12-04,0.5397936459172737,0.325
2021-12-05,0.2556178526997228,0.421
2021-12-06,0.3594823702894461,0.472
2021-12-07,0.9975542717450596,1.211
2021-12-08,0.3158247919030431,0.53
2021-12-09,1.0000343836096273,0.777
2021-12-10,0.3296127971517037,0.632
2021-12-11,0.7782042931985923,0.627
2021-12-12,0.31189833596913785,0.553
2021-12-13,0.2608753515656055,0.408
2021-12-14,0.2441538245002282,0.332
2021-12-15,0.2326264042009719,0.292
2021-12-16,0.223394777492677,0.271
2021-12-17,0.21602976512676014,0.261
2021-12-18,0.21004722346555915,0.259
2021-12-19,0.20538622050626104,0.243
2021-12-20,0.2001232388407107,0.242
2021-12-21,0.196336138413214,0.239
2021-12-22,0.1936721791315145,0.229
2021-12-23,0.191113166030156,0.217
2021-12-24,1.4093281208975028,3.469
2021-12-25,1.5814134989818067,2.049
2021-12-26,1.4561347397600268,4.672
2021-12-27,1.510474006520767,1.473
2021-12-28,0.7014720111255042,0.895
2021-12-29,0.45445280097566926,0.558
2021-12-30,0.5409316471691984,0.39
2021-12-31,0.3245852240931705,0.512
2022-01-01,0.3517100020104837,0.331
2022-01-02,0.42946295793329714,0.334
2022-01-03,0.28631904423031074,0.243
2022-01-04,0.6558723749441073,0.534
2022-01-05,0.3013847764602182,0.25
2022-01-06,0.36004374079232343,0.218
2022-01-07,0.26431365062194373,0.198
2022-01-08,0.9129152180993526,1.03
2022-01-09,0.3257686968602745,0.391
2022-01-10,0.2703539101306405,0.259
2022-01-11,0.4616274100283919,0.362
2022-01-12,0.27008709246275314,0.265
2022-01-13,0.2445621620541908,0.202
2022-01-14,0.23392660286230307,0.179
2022-01-15,0.22577482873172378,0.17
2022-01-16,0.21923504481724437,0.158
2022-01-17,0.21408701519356724,0.145
2022-01-18,0.21013160824568508,0.141
2022-01-19,0.2062600430665724,0.141
2022-01-20,0.2033601201883726,0.129
2022-01-21,0.20077215746564842,0.126
2022-01-22,0.19864823078186958,0.127
2022-01-23,0.19683282253578316,0.123
2022-01-24,0.19523374024733117,0.119
2022-01-25,0.19379450038105392,0.118
2022-01-26,0.1924870419071529,0.115
2022-01-27,0.19136334348265926,0.121
2022-01-28,0.1901698738637138,0.119
2022-01-29,0.18894590421387436,0.109
2022-01-30,0.19036945468514416,0.174
2022-01-31,0.18735476759773323,0.125
2022-02-01,0.18570634157911864,0.117
2022-02-02,0.18458005891133294,0.112
2022-02-03,0.3778196101623311,0.102
2022-02-04,0.37430823077196657,0.309
2022-02-05,0.46169417441391797,0.149
2022-02-06,0.23619136704186475,0.298
2022-02-07,0.20981327519471524,0.144
2022-02-08,0.20182910896669384,0.125
2022-02-09,0.4040260036606068,0.206
2022-02-10,0.2215196650531649,0.161
2022-02-11,0.20153116461468268,0.124
2022-02-12,0.19490559366985855,0.114
2022-02-13,1.3305556311085007,1.344
2022-02-14,0.688267290678671,0.671
2022-02-15,1.4366232140929531,2.128
2022-02-16,0.41261256702534976,0.845
2022-02-17,0.34750331624981035,0.462
2022-02-18,0.2891056027090358,0.486
2022-02-19,0.7585909788515124,0.953
2022-02-20,0.9672687140433377,1.856
2022-02-21,0.37636571177192735,0.532
2022-02-22,0.3066930543614456,0.388
2022-02-23,0.7795421310110557,0.375
2022-02-24,0.3533049349030422,0.639
2022-02-25,0.2854013912285057,0.265
2022-02-26,0.26221854496984814,0.191
2022-02-27,0.245788612473704,0.162
2022-02-28,0.9648003560704127,0.37
2022-03-01,1.5847533885671106,1.526
2022-03-02,0.8554538360343457,1.384
2022-03-03,0.4246822315837217,0.57
2022-03-04,0.3668991392916938,0.359
2022-03-05,0.32997914709903436,0.298
2022-03-06,0.2957317909971329,0.234
2022-03-07,0.2747683029326432,0.189
2022-03-08,0.2588122642517879,0.163
2022-03-09,0.2462014575919863,0.145
2022-03-10,0.23608833239431903,0.137
2022-03-11,0.54912744759847,0.243
2022-03-12,0.2745559063508014,0.162
2022-03-13,0.24408844789949832,0.146
2022-03-14,0.231676145767694,0.124
2022-03-15,0.2245311327683138,0.126
2022-03-16,1.1948197178452176,1.195
2022-03-17,0.34094741602062456,0.415
2022-03-18,0.26294012972421993,0.22
2022-03-19,0.24649474858819662,0.167
2022-03-20,0.2368629449113958,0.144
2022-03-21,0.22936786748789356,0.129
2022-03-22,0.22335949186751258,0.116
2022-03-23,0.2184972017410984,0.106
2022-03-24,0.21461321248228143,0.101
2022-03-25,0.2112881554839975,0.098
2022-03-26,0.2086008110560824,0.094
2022-03-27,0.2063408826189803,0.099
2022-03-28,0.20502222965201605,0.106
2022-03-29,0.20629087910840702,0.11
2022-03-30,0.20293023777065008,0.107
2022-03-31,0.20089831865678645,0.098
2022-04-01,0.20011895608725253,0.087
2022-04-02,0.19822112483253018,0.075
2022-04-03,0.4339237893022377,0.095
2022-04-04,0.2362755860726236,0.171
2022-04-05,0.21737258510618143,0.097
2022-04-06,1.3428708157022216,0.782
2022-04-07,0.35819515619755893,0.215
2022-04-08,0.27052099109280375,0.134
2022-04-09,0.24811750178665942,0.102
2022-04-10,0.2360650721812181,0.092
2022-04-11,0.22703085470358064,0.09
2022-04-12,0.21928027547333062,0.087
2022-04-13,0.21310488113997356,0.083
2022-04-14,0.20788486385376964,0.081
2022-04-15,0.20359438930861812,0.079
2022-04-16,0.19997895433469345,0.079
2022-04-17,0.1968934516123204,0.079
2022-04-18,0.1942240070210095,0.083
2022-04-19,0.19289496280674542,0.095
2022-04-20,0.1898691626092292,0.111
2022-04-21,0.18790625519479554,0.108
2022-04-22,0.18616255680497837,0.092
2022-04-23,0.18456086961801804,0.094
2022-04-24,0.1830064202042555,0.098
2022-04-25,0.18338869145149353,0.116
2022-04-26,0.18026326361922626,0.09
2022-04-27,0.1787396970470181,0.069
2022-04-28,0.17736621385239307,0.068
2022-04-29,0.17601738657322474,0.067
2022-04-30,0.1746778669764062,0.066
2022-05-01,0.17362082711395407,0.067
2022-05-02,0.17287808026768423,0.065
2022-05-03,0.1719329477222272,0.067
2022-05-04,0.18563748426307547,0.21
2022-05-05,0.1692271154492052,0.084
2022-05-06,0.17205824501006786,0.074
2022-05-07,0.16587047771042873,0.07
2022-05-08,0.16392869083777634,0.062
2022-05-09,0.1625696797857191,0.064
2022-05-10,0.1623107357689397,0.069
2022-05-11,0.35630181887844875,0.185
2022-05-12,0.19663240591117756,0.078
2022-05-13,0.17873753541986528,0.066
2022-05-14,0.1743674308608054,0.068
2022-05-15,0.18556827619761468,0.088
2022-05-16,0.16718658738260736,0.077
2022-05-17,0.1614955707952106,0.071
2022-05-18,0.17459831358289452,0.12
2022-05-19,0.1584605466641574,0.079
2022-05-20,0.17342102894548594,0.2
2022-05-21,0.15213547711770709,0.093
2022-05-22,0.14881353727205737,0.104
2022-05-23,0.45902388344513223,0.208
2022-05-24,0.21615697431226055,0.36
2022-05-25,0.17342920535353198,0.106
2022-05-26,0.16289688257406473,0.08
2022-05-27,0.1571814434430649,0.07
2022-05-28,0.15261346285321156,0.064
2022-05-29,0.14890840041090755,0.062
2022-05-30,0.3197998472908758,0.193
2022-05-31,0.45853046744022513,0.267
2022-06-01,0.2220619903540317,0.096
2022-06-02,0.17983471816941363,0.073
2022-06-03,0.17090831932288222,0.065
2022-06-04,0.8762445946513188,0.462
2022-06-05,0.7885063960841097,0.701
2022-06-06,0.27470369883912255,0.296
2022-06-07,0.23310281152771875,0.204
2022-06-08,0.19892592229889075,0.157
2022-06-09,0.1859547579691072,0.101
2022-06-10,0.1726260343358312,0.086
2022-06-11,0.1636739770687726,0.079
2022-06-12,0.15653102419712386,0.083
2022-06-13,0.15069146090664604,0.086
2022-06-14,0.14590069951716514,0.091
2022-06-15,0.14190154792435075,0.088
2022-06-16,0.1385575881658091,0.093
2022-06-17,0.13573062673480507,0.088
2022-06-18,0.1496101180396265,0.15
2022-06-19,0.13479580154299162,0.108
2022-06-20,0.1296758877879488,0.095
2022-06-21,0.12780203396493173,0.101
2022-06-22,0.12712171889129428,0.096
2022-06-23,0.1256293369169721,0.112
2022-06-24,0.13755862227890678,0.1
2022-06-25,0.12460570469432881,0.096
2022-06-26,0.12163607610528612,0.083
2022-06-27,0.12960705510393217,0.082
2022-06-28,0.12224418424388107,0.05
2022-06-29,0.12212835726369904,0.061
2022-06-30,0.13075544687181337,0.09
2022-07-01,0.11791198537400083,0.056
2022-07-02,0.1217558498715736,0.055
2022-07-03,0.11480799812299779,0.057
2022-07-04,0.11336107167108625,0.061
2022-07-05,0.11235201642856739,0.063
2022-07-06,0.11137386927900142,0.059
2022-07-07,0.11039871606789474,0.058
2022-07-08,0.10941898823273917,0.056
2022-07-09,0.10843985217517185,0.056
2022-07-10,0.10746002680408141,0.055
2022-07-11,0.10647483575567944,0.054
2022-07-12,0.10550481825648149,0.058
2022-07-13,0.10450356730770072,0.057
2022-07-14,0.10355221364977751,0.057
2022-07-15,0.10252685791429679,0.055
2022-07-16,0.10153160107967063,0.056
2022-07-17,0.10055948432537458,0.061
2022-07-18,0.09954891602900358,0.064
2022-07-19,0.10565722728026511,0.064
2022-07-20,0.11231902774617679,0.064
2022-07-21,0.09783444100913546,0.06
2022-07-22,0.09716752001991408,0.059
2022-07-23,0.09470990704293278,0.059
2022-07-24,0.09369596494665264,0.058
2022-07-25,0.09283163283701798,0.059
2022-07-26,0.09186396837870753,0.06
2022-07-27,0.09069865426686329,0.062
2022-07-28,0.08967308731690429,0.059
2022-07-29,0.0887010390786765,0.057
2022-07-30,0.08776446214778189,0.056
2022-07-31,0.0872496984424875,0.055
2022-08-01,0.08583602366283279,0.058
2022-08-02,0.08482551130329383,0.058
2022-08-03,0.08386390309753361,0.058
2022-08-04,0.08292334801307918,0.057
2022-08-05,0.08200835816618782,0.052
2022-08-06,0.08102287112417048,0.058
2022-08-07,0.08007717798282413,0.056
2022-08-08,0.07914270144417938,0.056
2022-08-09,0.0782140164791674,0.061
2022-08-10,0.07729426673843287,0.064
2022-08-11,0.07637473981896671,0.068
2022-08-12,0.0754636171120787,0.067
2022-08-13,0.07455596303077844,0.064
2022-08-14,0.07365758018702498,0.068
2022-08-15,0.07592603332414732,0.161
2022-08-16,0.09958056147953774,0.132
2022-08-17,1.237788808385774,1.317
2022-08-18,0.23971668394961798,0.104
2022-08-19,0.14672834022632356,0.066
2022-08-20,0.12677532222707727,0.06
2022-08-21,0.11491093846771018,0.057
2022-08-22,0.10722184648220293,0.056
2022-08-23,0.09845912775886381,0.072
2022-08-24,1.3217207195076488,0.632
2022-08-25,0.8158728318869365,0.809
2022-08-26,0.2238310183885543,0.099
2022-08-27,0.15992088334220506,0.079
2022-08-28,0.139956361877666,0.087
2022-08-29,0.1263835703737081,0.076
2022-08-30,0.1157236291737389,0.076
2022-08-31,0.1071828705056761,0.083
2022-09-01,0.12286345919856617,0.083
2022-09-02,0.09755981363644645,0.07
2022-09-03,0.10161377989427983,0.056
2022-09-04,0.1044366310425982,0.081
2022-09-05,0.6519458133703621,0.265
2022-09-06,0.5492499383654638,0.808
2022-09-07,0.9018381531220269,0.578
2022-09-08,0.8446942023667057,0.508
2022-09-09,0.28701967948483603,0.218
2022-09-10,0.20024733016215043,0.097
2022-09-11,0.1723675565379511,0.077
2022-09-12,0.1543283442580421,0.069
2022-09-13,0.3452062326993017,0.141
2022-09-14,0.17084008223107586,0.086
2022-09-15,0.14461814694887276,0.066
2022-09-16,0.13249982890227852,0.055
2022-09-17,0.12347387389485473,0.053
2022-09-18,0.11648655102007931,0.053
2022-09-19,0.11113964554192049,0.053
2022-09-20,0.10655718047106007,0.052
2022-09-21,0.10311586105214042,0.053
2022-09-22,0.11164470233551617,0.054
2022-09-23,0.09962870674588765,0.078
2022-09-24,0.09688040964053617,0.052
2022-09-25,0.18349586828241282,0.075
2022-09-26,0.11857564124159671,0.093
2022-09-27,0.11607166643530198,0.078
2022-09-28,0.10381209316460734,0.134
2022-09-29,0.10073401077316833,0.086
2022-09-30,1.0236728027031279,0.499
2022-10-01,0.21990331385577486,0.116
2022-10-02,0.14654259800822247,0.075
2022-10-03,0.13235275270053154,0.064
2022-10-04,0.12442925091518169,0.061
2022-10-05,0.12699082442411416,0.079
2022-10-06,0.11429953993424836,0.063
2022-10-07,0.23110249495818347,0.15
2022-10-08,0.13065439055798736,0.063
2022-10-09,0.3372702624210395,0.081
2022-10-10,0.1480668843630136,0.104
2022-10-11,0.12696373333099914,0.06
2022-10-12,0.4429726314879043,0.186
2022-10-13,0.16238734972926913,0.122
2022-10-14,0.13566661765534271,0.069
2022-10-15,0.12656151748404137,0.061
2022-10-16,0.523213587585548,0.2
2022-10-17,0.17106241356899335,0.089
2022-10-18,0.13623881621162223,0.069
2022-10-19,0.2678942755502201,0.096
2022-10-20,0.7271056446508508,0.668
2022-10-21,1.3720968996046192,0.815
2022-10-22,1.3033746624538844,0.204
2022-10-23,1.6212052744708494,2.38
2022-10-24,1.4265089881185238,0.404
2022-10-25,0.6406339477571598,0.164
2022-10-26,0.4961114417122752,0.225
2022-10-27,0.27726526926332934,0.11
2022-10-28,0.3178652402078229,0.106
2022-10-29,0.23671647786983685,0.107
2022-10-30,0.21252510783664538,0.189
2022-10-31,0.8824127404022901,0.234
2022-11-01,0.7870504409354724,0.449
2022-11-02,1.654345040866287,3.71
2022-11-03,1.476779562088501,2.25
2022-11-04,1.4027338814658452,0.346
2022-11-05,1.6777475698918285,0.763
2022-11-06,1.6083883329826436,3.61
2022-11-07,1.509840061255802,0.653
2022-11-08,0.8732523303731208,0.579
2022-11-09,0.4288470253320249,0.328
2022-11-10,0.3533362970074562,0.192
2022-11-11,0.3152600077440874,0.142
2022-11-12,0.2862810290845483,0.119
2022-11-13,0.26408843987668085,0.107
2022-11-14,0.40944190853453627,0.103
2022-11-15,1.4234252679420798,0.709
2022-11-16,1.7110112069942103,3.12
2022-11-17,1.499763635036466,1.34
2022-11-18,0.4762232792992367,0.461
2022-11-19,0.9414817967767827,0.403
2022-11-20,0.43723132080413285,0.436
2022-11-21,1.098758036532026,0.609
2022-11-22,0.6487789973305899,0.356
2022-11-23,0.5054021298859949,0.4
2022-11-24,0.5172518322497236,0.259
2022-11-25,0.37887483278535355,0.185
2022-11-26,0.9243017041967284,0.342
2022-11-27,0.47429139947241217,0.477
2022-11-28,0.4956404184942186,0.328
2022-11-29,0.369632514476534,0.227
2022-11-30,0.338526774909393,0.173
2022-12-01,0.31868024442013454,0.143
2022-12-02,0.3048934807056915,0.131
2022-12-03,0.29262943328137914,0.121
2022-12-04,0.2842152051763424,0.112
2022-12-05,0.2794575185314586,0.097
2022-12-06,0.2722101781396409,0.09
2022-12-07,0.26798992581415676,0.086
2022-12-08,0.2655788737101249,0.083
2022-12-09,0.2631042534178447,0.081
2022-12-10,0.26196373751853635,0.077
2022-12-11,0.655197133112061,0.093
2022-12-12,0.3197869323670482,0.143
2022-12-13,0.28769145578366284,0.103
2022-12-14,0.2801925757013475,0.1
2022-12-15,0.27583513235169904,0.12
2022-12-16,0.2726537484227339,0.141
2022-12-17,0.2702953509777945,0.125
2022-12-18,1.4553530239690005,1.66
2022-12-19,1.3548080833012903,1.44
2022-12-20,0.48834643917730064,0.821
2022-12-21,0.3980494097332776,0.436
2022-12-22,1.4889068473286369,0.405
2022-12-23,1.3246218481356082,2.38
2022-12-24,0.5771513594079984,0.624
2022-12-25,0.6174757011414819,0.447
2022-12-26,0.46028846135930834,0.343
2022-12-27,1.257467075336353,0.723
2022-12-28,1.0481873455571726,1.18
2022-12-29,0.5965786595528039,0.535
2022-12-30,0.8622429681283222,0.494
2022-12-31,1.7863665893760847,1.76
2023-01-01,1.2556874742755226,1.52
2023-01-02,0.6505711191041684,0.777
2023-01-03,1.0557381514426827,0.862
2023-01-04,0.591826200248707,0.617
2023-01-05,0.7379162283294096,0.496
2023-01-06,0.5228280098610381,0.413
2023-01-07,0.978104007601505,0.484
2023-01-08,1.897355663850876,3.1
2023-01-09,1.2373043401700239,0.892
2023-01-10,1.4129031957334015,1.76
2023-01-11,1.7285261655685404,1.96
2023-01-12,0.9773041411869461,1.74
2023-01-13,1.7575013916070603,1.21
2023-01-14,1.0472374679684069,2.2
2023-01-15,1.9144193423671478,1.51
2023-01-16,0.8535853677237832,1.51
2023-01-17,0.6957818614492159,0.535
2023-01-18,0.6304560077276882,0.346
2023-01-19,0.5817106316803348,0.277
2023-01-20,0.5438499997734911,0.215
2023-01-21,0.5142751571475267,0.188
2023-01-22,0.49148734971190144,0.16
2023-01-23,0.4739888203179702,0.145
2023-01-24,0.4592218038706069,0.143
2023-01-25,0.7915246815079264,0.239
2023-01-26,0.5068671147426606,0.239
2023-01-27,0.47036478472133314,0.214
2023-01-28,0.4561459651873509,0.183
2023-01-29,0.4471390309401882,0.169
2023-01-30,0.4401913919755878,0.152
2023-01-31,0.43486895413118376,0.134
2023-02-01,0.4307086648190825,0.123
2023-02-02,0.42744780773171587,0.116
2023-02-03,0.4248620416343984,0.111
2023-02-04,0.4227878875385625,0.103
2023-02-05,0.42108188659078105,0.093
2023-02-06,0.4196839127325398,0.091
2023-02-07,0.4185487871275649,0.085
2023-02-08,0.41779562186753244,0.083
2023-02-09,0.41635687544126276,0.081
2023-02-10,0.41520664262470036,0.08
2023-02-11,0.414062972404422,0.081
2023-02-12,0.41298015845529484,0.079
2023-02-13,0.4120014424850164,0.077
2023-02-14,0.41083193816500585,0.078
2023-02-15,0.41129144564992226,0.08
2023-02-16,0.40826142131259907,0.08
2023-02-17,0.4079899689654872,0.081
2023-02-18,0.40568847010783504,0.082
2023-02-19,0.4036499233807495,0.08
2023-02-20,0.401968575883161,0.081
2023-02-21,0.5954523387276046,0.087
2023-02-22,0.43055277388110974,0.142
2023-02-23,0.41063073139307965,0.111
2023-02-24,0.4088818906391261,0.116
2023-02-25,0.4014110094110833,0.106
2023-02-26,0.39732934300447503,0.102
2023-02-27,0.39495636906246034,0.103
2023-02-28,0.39122565587829183,0.105
2023-03-01,0.3880591065894794,0.106
2023-03-02,0.3847509026288946,0.124
2023-03-03,0.38192281029250985,0.095
2023-03-04,0.37902336120950253,0.095
2023-03-05,0.37699297062208664,0.098
2023-03-06,0.9215735030218147,0.137
2023-03-07,0.7371001582529733,0.114
2023-03-08,1.5543521968432283,0.596
2023-03-09,1.6385625497156628,1.01
2023-03-10,0.5911276172384635,0.691
2023-03-11,0.531799496661436,0.339
2023-03-12,0.5071605412303423,0.289
2023-03-13,0.6877213754996527,0.332
2023-03-14,0.48503097887237,0.324
2023-03-15,0.7658998129102579,0.337
2023-03-16,0.4787818589555744,0.297
2023-03-17,1.0425234933143825,0.518
2023-03-18,0.7283728506389436,0.603
2023-03-19,0.4975254787122746,0.317
2023-03-20,0.5278931408129703,0.253
2023-03-21,0.4729990861303028,0.251
2023-03-22,0.5767795746564658,0.264
2023-03-23,0.7352575877412444,0.324
2023-03-24,1.0078799683488038,0.735
2023-03-25,1.3650522145392117,0.451
2023-03-26,0.6170301351568933,0.729
2023-03-27,0.5223307845276727,0.322
2023-03-28,0.7229031072116526,0.412
2023-03-29,1.2136129119158385,0.725
2023-03-30,1.463207702808526,0.848
2023-03-31,2.081555199989523,4.16
2023-04-01,1.1448674127930465,1.21
2023-04-02,0.7016084602300251,0.542
2023-04-03,0.6120073402350756,0.359
2023-04-04,0.5603340511444126,0.22
2023-04-05,0.8802238874218321,0.283
2023-04-06,0.5724104680685221,0.248
2023-04-07,0.5039769778914249,0.173
2023-04-08,0.47409939054169553,0.138
2023-04-09,1.1110066808739476,0.228
2023-04-10,0.8499104186875136,0.617
2023-04-11,1.5764231682505205,1.02
2023-04-12,0.8703933461600903,0.608
2023-04-13,0.6057417994149514,0.339
2023-04-14,1.312810590441666,0.466
2023-04-15,0.6457436304320702,0.353
2023-04-16,0.5608716872695747,0.221
2023-04-17,0.5176860707989797,0.173
2023-04-18,0.490007825688254,0.14
2023-04-19,0.46823950787811824,0.121
2023-04-20,0.4662631546094582,0.138
2023-04-21,0.4494245658884576,0.165
2023-04-22,0.4314479370104573,0.111
2023-04-23,0.5956426657372006,0.114
2023-04-24,0.9182474835969171,0.278
2023-04-25,0.4904546219777989,0.13
2023-04-26,0.4443430313934303,0.102
2023-04-27,1.019733848329106,0.262
2023-04-28,0.5025220194728307,0.163
2023-04-29,0.4485987690244997,0.113
2023-04-30,0.4330011041066068,0.096
2023-05-01,0.4225244613080888,0.086
2023-05-02,0.41340606671585506,0.08
2023-05-03,0.40615696725173056,0.074
2023-05-04,0.4027114530521117,0.074
2023-05-05,0.4046419737870364,0.079
2023-05-06,0.783393387342327,0.253
2023-05-07,0.44666304409185176,0.1
2023-05-08,1.192917743803237,0.563
2023-05-09,0.6469385660638656,0.561
2023-05-10,0.4860851016338861,0.191
2023-05-11,0.4526915795988578,0.133
2023-05-12,0.4314555657368538,0.101
2023-05-13,0.41565100045057474,0.088
2023-05-14,0.4141945411918949,0.094
2023-05-15,0.3981156514488621,0.088
2023-05-16,0.39058315688105755,0.068
2023-05-17,0.3846700210543213,0.069
2023-05-18,0.37964292998189314,0.064
2023-05-19,0.3755763190907555,0.062
2023-05-20,0.3712398510241049,0.058
2023-05-21,0.3676089685808773,0.056
2023-05-22,0.3643096464474351,0.057
2023-05-23,0.3612331136204055,0.057
2023-05-24,0.3583223125579839,0.059
2023-05-25,0.3555307103132234,0.056
2023-05-26,0.35282843760419025,0.05
2023-05-27,0.35020335243280626,0.051
2023-05-28,0.347598421024273,0.051
2023-05-29,0.345018761585311,0.05
2023-05-30,0.3428748850208021,0.051
2023-05-31,0.3399343426870975,0.051
2023-06-01,0.33734600633036627,0.05
2023-06-02,0.33477627559599743,0.05
2023-06-03,0.3321965180760954,0.054
2023-06-04,0.32960231654588384,0.054
2023-06-05,0.3269919174228805,0.053
2023-06-06,0.3244299419895925,0.054
2023-06-07,0.32175702583280746,0.055
2023-06-08,0.31907216328306887,0.055
2023-06-09,0.31638254048413694,0.058
2023-06-10,0.31368291612253957,0.074
2023-06-11,0.31486856462417456,0.085
2023-06-12,0.6539368805298318,0.533
2023-06-13,0.3660502206070096,0.075
2023-06-14,0.3351307928019811,0.068
2023-06-15,0.3250343738161008,0.066
2023-06-16,0.3175885787899724,0.06
2023-06-17,0.3151328117848826,0.057
2023-06-18,0.32413432143880994,0.085
2023-06-19,0.6346597806508828,0.185
2023-06-20,0.36262618993750995,0.195
2023-06-21,0.32631912948431796,0.068
2023-06-22,0.3168361942547327,0.065
2023-06-23,0.30607721720352565,0.058
2023-06-24,0.29865629419118933,0.059
2023-06-25,0.2923744341461034,0.06
2023-06-26,0.28678761837152333,0.07
2023-06-27,0.28185092915295545,0.07
2023-06-28,1.0711383204798772,0.445
2023-06-29,0.3914154428207776,0.187
2023-06-30,0.326886418229203,0.078
2023-07-01,0.3084789681292597,0.069
2023-07-02,0.297111010939372,0.063
2023-07-03,0.2891656974377018,0.057
2023-07-04,1.5134770055198439,1.67
2023-07-05,0.7692699880777378,0.349
2023-07-06,0.39167512911278957,0.18
2023-07-07,0.34340170438702106,0.151
2023-07-08,0.33442345764040093,0.403
2023-07-09,0.3070583427672181,0.148
2023-07-10,0.3027065186624084,0.133
2023-07-11,0.2839434238414206,0.151
2023-07-12,0.27747753684789994,0.129
2023-07-13,0.2799768444282626,0.154
2023-07-14,1.1475915674054937,0.655
2023-07-15,0.38503392712828033,0.2
2023-07-16,0.31642497552174675,0.183
2023-07-17,0.29232157634637135,0.152
2023-07-18,0.28223206311187976,0.134
2023-07-19,0.2692074748621841,0.159
2023-07-20,0.2613809502116057,0.124
2023-07-21,0.25419725640157714,0.126
2023-07-22,1.374956806775941,0.975
2023-07-23,0.4004940307024229,0.292
2023-07-24,0.3115979155233487,0.172
2023-07-25,0.2850651115026351,0.13
2023-07-26,1.4084668008641983,0.976
2023-07-27,0.4169017083770482,0.394
2023-07-28,0.3226960764439096,0.216
2023-07-29,0.29721823174444295,0.155
2023-07-30,0.8534860216618482,0.6
2023-07-31,0.3611417024954444,0.404
2023-08-01,0.8033760088221831,0.478
2023-08-02,1.21116312781598,1.91
2023-08-03,0.425771273343848,0.193
2023-08-04,0.3539874172012191,0.107
2023-08-05,0.6764390006444881,0.408
2023-08-06,0.3545456765671049,0.12
2023-08-07,0.31063750888471736,0.087
2023-08-08,0.3103708075352329,0.156
2023-08-09,0.2787931178156497,0.092
2023-08-10,0.26606934008318694,0.074
2023-08-11,0.25676162754895515,0.068
2023-08-12,0.2507733337695264,0.063
2023-08-13,0.2668847096555456,0.156
2023-08-14,0.24155959688492004,0.139
2023-08-15,0.23384924919179753,0.071
2023-08-16,0.22993435982284963,0.064
2023-08-17,0.23391496678657164,0.063
2023-08-18,0.5481507472281946,0.394
2023-08-19,0.27667823598612595,0.105
2023-08-20,0.24824407055583644,0.072
2023-08-21,0.23962204552081098,0.079
2023-08-22,0.23360647391746445,0.076
2023-08-23,0.23152748582508076,0.074
2023-08-24,0.22623001658539132,0.075
2023-08-25,0.22319740914307704,0.07
2023-08-26,0.34211186266543836,0.372
2023-08-27,0.24477684050393678,0.073
2023-08-28,0.23060302476049263,0.06
2023-08-29,0.2268030941941931,0.057
2023-08-30,0.22001204739701657,0.056
2023-08-31,0.31334219801841406,0.381
2023-09-01,0.24446576003040488,0.175
2023-09-02,0.22610991099392466,0.08
2023-09-03,0.21986267812710913,0.065
2023-09-04,0.21468838146066396,0.062
2023-09-05,0.21047456197953612,0.061
2023-09-06,0.20692102042101168,0.061
2023-09-07,0.20380349711855547,0.06
2023-09-08,0.2010422407059299,0.059
2023-09-09,0.19853143849746677,0.058
2023-09-10,0.196457729520801,0.056
2023-09-11,0.19427783682141012,0.06
2023-09-12,0.20322703386169128,0.075
2023-09-13,0.19108685745020126,0.068
2023-09-14,0.18848893915493303,0.068
2023-09-15,0.1867252866391266,0.067
2023-09-16,0.18860346482025644,0.068
2023-09-17,1.309461462049871,0.756
2023-09-18,0.34050654387360313,0.132
2023-09-19,0.24537397094688512,0.077
2023-09-20,1.544244335354894,2.91
2023-09-21,1.493217225594732,0.872
2023-09-22,1.216898792314085,0.244
2023-09-23,0.3930798237317838,0.124
2023-09-24,0.30407434785338694,0.1
2023-09-25,0.27612695968137285,0.091
2023-09-26,0.25663350945799196,0.092
2023-09-27,0.24118857865412713,0.091
2023-09-28,0.5388039285193383,0.322
2023-09-29,0.2673655044921677,0.182
2023-09-30,0.23463121136254989,0.092
2023-10-01,0.22254088796615676,0.081
2023-10-02,0.47205467661497524,0.177
2023-10-03,0.24929501685733416,0.087
2023-10-04,0.22188337709256614,0.073
2023-10-05,0.21206640442542565,0.069
2023-10-06,0.2049611236656156,0.068
2023-10-07,0.19924310103698897,0.071
2023-10-08,0.19452533871287725,0.074
2023-10-09,0.1908171113116995,0.076
2023-10-10,0.1873196375610735,0.08
2023-10-11,0.9590063370165922,0.276
2023-10-12,1.4238381985260098,0.834
2023-10-13,1.0524616435357141,0.914
2023-10-14,0.36345498592170633,0.205
2023-10-15,0.2857144304174276,0.114
2023-10-16,0.26102928484357973,0.093
2023-10-17,0.24410218219806135,0.08
2023-10-18,1.3813580412053306,1.291
2023-10-19,1.670192372552937,1.959
2023-10-20,1.5126830545195666,0.77
2023-10-21,1.5165217318706017,2.163
2023-10-22,0.690638180181865,0.464
2023-10-23,0.7642030876362258,0.441
2023-10-24,0.42107290599499964,0.396
2023-10-25,0.6532019918565988,0.347
2023-10-26,0.34669467066226095,0.45
2023-10-27,0.30670502126092697,0.267
2023-10-28,1.4125538199448828,1.386
2023-10-29,1.1613969423900177,1.542
2023-10-30,0.4080374896753379,0.519
2023-10-31,0.8527421665169694,0.523
2023-11-01,1.6314358013552603,3.177
2023-11-02,1.5850691548761007,2.827
2023-11-03,1.4758723673345413,0.903
2023-11-04,0.7515397162928368,1.161
2023-11-05,0.4457817530993715,0.553
2023-11-06,0.3830254538914504,0.327
2023-11-07,0.45180967715169035,0.227
2023-11-08,0.7263894856975187,0.59
2023-11-09,0.3852588133334154,0.344
2023-11-10,0.33397487770917994,0.302
2023-11-11,0.31126919637420425,0.208
2023-11-12,1.5363968951335079,1.003
2023-11-13,1.0177601529655216,1.629
2023-11-14,1.4960775774703081,1.846
2023-11-15,0.5180804582923014,0.554
2023-11-16,0.4727567644570833,0.346
2023-11-17,1.0064266101867974,0.458
2023-11-18,0.46961071824827033,0.875
2023-11-19,0.40089304009052834,0.43
2023-11-20,0.36891380710700555,0.326
2023-11-21,0.3456165925964421,0.258
2023-11-22,0.32697052175538044,0.227
2023-11-23,0.3139583059121498,0.185
2023-11-24,0.30274548518735683,0.16
2023-11-25,0.2946843532830679,0.142
2023-11-26,1.2615263168647783,0.344
2023-11-27,0.6635329193461361,0.602
2023-11-28,0.39411821692424137,0.355
2023-11-29,0.3543320931125487,0.264
2023-11-30,0.3365878479646323,0.19
2023-12-01,0.3243173229289038,0.162
2023-12-02,0.31797742304461396,0.146
2023-12-03,1.4317407728314098,0.563
2023-12-04,0.7782821503864131,0.703
2023-12-05,0.4774271520088089,0.66
2023-12-06,0.48628661981789356,0.447
2023-12-07,0.8313162498767369,1.077
2023-12-08,1.3655148522465812,0.85
2023-12-09,0.8592012883204229,3.376
2023-12-10,0.7803158830219801,1.295
2023-12-11,1.5193834420783239,1.118
2023-12-12,1.2625342604544016,1.794
2023-12-13,0.7081040929754333,0.86
2023-12-14,0.5503737222573877,0.542
2023-12-15,0.49316159883070615,0.4
2023-12-16,0.45573733551705176,0.337
2023-12-17,0.42668252232336096,0.297
2023-12-18,1.0329471281143938,0.318
2023-12-19,1.631600643451709,2.585
2023-12-20,0.6265560079954879,0.74
2023-12-21,0.51692336852497,0.493
2023-12-22,0.4690090581296651,0.405
2023-12-23,0.4514443999942057,0.315
2023-12-24,0.5528765672489417,0.299
2023-12-25,0.811619453054573,0.529
2023-12-26,0.6610209900432251,0.443
2023-12-27,0.7688614129175112,0.617
2023-12-28,0.8126092177846267,0.831
2023-12-29,0.5569941882372309,0.655
2023-12-30,1.4769118932589236,0.958
2023-12-31,0.9726107166264455,2.057
