date,simulation,observation
2000-01-01,46.79209470520672,0.12
2000-01-02,49.31289487878042,0.097
2000-01-03,49.44662692346509,0.337
2000-01-04,47.77861886816182,0.181
2000-01-05,46.809574311674034,0.125
2000-01-06,45.90738693880725,0.111
2000-01-07,45.04711650176204,0.094
2000-01-08,44.16864604177136,0.091
2000-01-09,43.323240310371105,0.065
2000-01-10,42.4959639811877,0.059
2000-01-11,41.68552007465649,0.056
2000-01-12,40.96711928865409,0.056
2000-01-13,40.12170466865947,0.084
2000-01-14,39.353594777002385,0.05
2000-01-15,38.60546804931311,0.045
2000-01-16,37.873017806379984,0.043
2000-01-17,37.15539232106253,0.045
2000-01-18,36.45237057875425,0.045
2000-01-19,35.7633684355257,0.041
2000-01-20,35.08811057396337,0.042
2000-01-21,34.59623896786251,0.042
2000-01-22,33.82699332472227,0.155
2000-01-23,33.15085418284642,0.06
2000-01-24,32.52364455958934,0.051
2000-01-25,31.912527557341097,0.047
2000-01-26,31.313932027644285,0.043
2000-01-27,30.7274848761128,0.042
2000-01-28,30.409599547852878,0.112
2000-01-29,29.61247011236432,0.066
2000-01-30,29.043292564823403,0.045
2000-01-31,28.500543220702486,0.042
2000-02-01,29.091785453887375,0.329
2000-02-02,27.54981328599189,0.199
2000-02-03,26.96172957266124,0.113
2000-02-04,26.454363544415322,0.095
2000-02-05,25.96297151617621,0.086
2000-02-06,25.602435742378013,0.113
2000-02-07,25.442500121831987,0.194
2000-02-08,24.65337106316753,0.173
2000-02-09,24.117275690862773,0.104
2000-02-10,24.00266550796677,0.229
2000-02-11,23.354264274281746,0.089
2000-02-12,23.080459601036686,0.228
2000-02-13,22.417567598063403,0.104
2000-02-14,22.056742188738053,0.11
2000-02-15,21.705857082375754,0.127
2000-02-16,21.20649007150489,0.086
2000-02-17,20.850984946861733,0.079
2000-02-18,20.441093535201546,0.083
2000-02-19,20.06743135383409,0.065
2000-02-20,19.70579911249987,0.057
2000-02-21,19.349998097883258,0.064
2000-02-22,19.002397008867078,0.056
2000-02-23,18.662085578170448,0.054
2000-02-24,19.479361510521088,0.358
2000-02-25,18.856505186130082,0.489
2000-02-26,17.76605545306993,0.179
2000-02-27,17.544630535209148,0.142
2000-02-28,17.221128788382586,0.167
2000-02-29,17.15106919507758,0.279
2000-03-01,16.57433354382062,0.207
2000-03-02,16.925523574483794,0.164
2000-03-03,15.978583085103201,0.389
2000-03-04,15.646932948501457,0.188
2000-03-05,15.366900431912127,0.141
2000-03-06,15.096568556992974,0.12
2000-03-07,14.832587543208662,0.107
2000-03-08,14.57444752462038,0.096
2000-03-09,14.321921570255128,0.089
2000-03-10,14.074799907944124,0.083
2000-03-11,13.832900403899812,0.076
2000-03-12,13.596060756892951,0.07
2000-03-13,13.36413448426395,0.068
2000-03-14,13.136985530786548,0.065
2000-03-15,12.914481691724092,0.063
2000-03-16,12.696515780821905,0.064
2000-03-17,12.482975043644805,0.065
2000-03-18,12.273755657010094,0.064
2000-03-19,12.068761175085768,0.063
2000-03-20,11.867893354349844,0.063
2000-03-21,11.671063412156714,0.064
2000-03-22,11.478186644700315,0.063
2000-03-23,11.296414592304458,0.082
2000-03-24,11.104513317538501,0.065
2000-03-25,11.022898108994704,0.104
2000-03-26,10.755668664540256,0.062
2000-03-27,10.575505557410413,0.057
2000-03-28,10.436847894410588,0.067
2000-03-29,10.241399070311953,0.108
2000-03-30,10.072158183006218,0.063
2000-03-31,9.910366896311094,0.059
2000-04-01,9.755203652101603,0.086
2000-04-02,10.719886720276138,0.242
2000-04-03,10.672235812906758,0.441
2000-04-04,10.139774527755186,0.755
2000-04-05,9.243766098758003,0.283
2000-04-06,9.041260931777218,0.155
2000-04-07,8.892420370235433,0.119
2000-04-08,9.277947183899037,0.146
2000-04-09,8.660278180794265,0.288
2000-04-10,8.490057603792515,0.142
2000-04-11,8.948468080582238,0.267
2000-04-12,9.297689252640344,0.368
2000-04-13,8.204248318159843,0.384
2000-04-14,9.050753649449177,0.271
2000-04-15,7.999139507597426,0.69
2000-04-16,8.104749556932168,0.353
2000-04-17,8.073479606628208,0.429
2000-04-18,7.775347867968306,0.267
2000-04-19,7.463846361276626,0.176
2000-04-20,7.549773985977603,0.376
2000-04-21,7.243681311068072,0.161
2000-04-22,7.115052700860542,0.124
2000-04-23,7.014689358854975,0.137
2000-04-24,7.134303299031919,0.161
2000-04-25,7.796771612017526,0.543
2000-04-26,6.820720479204106,0.347
2000-04-27,6.652960532958899,0.17
2000-04-28,7.171074654760447,0.394
2000-04-29,6.533776361536637,0.193
2000-04-30,6.435210525875275,0.238
2000-05-01,6.308935026901205,0.13
2000-05-02,6.213324092907979,0.106
2000-05-03,6.122905613513759,0.091
2000-05-04,6.0358787821848505,0.083
2000-05-05,5.951919853760898,0.076
2000-05-06,5.870674811865688,0.069
2000-05-07,5.791890938780455,0.065
2000-05-08,5.719041716532068,0.07
2000-05-09,5.641546695876812,0.064
2000-05-10,5.970625389320368,0.126
2000-05-11,5.7706254144842095,0.308
2000-05-12,5.474758809089406,0.083
2000-05-13,5.799929856177152,0.194
2000-05-14,5.36449747237805,0.079
2000-05-15,5.2646165337099875,0.07
2000-05-16,5.192534535170068,0.066
2000-05-17,5.196733054841006,0.123
2000-05-18,5.731967692844694,0.249
2000-05-19,5.114075309783094,0.237
2000-05-20,5.669411860991951,0.275
2000-05-21,5.192516382288416,0.371
2000-05-22,4.909098166523728,0.114
2000-05-23,4.833791986629167,0.109
2000-05-24,5.595122460375502,0.44
2000-05-25,4.795415593403907,0.165
2000-05-26,5.952805345643813,0.987
2000-05-27,6.189649508513262,1.095
2000-05-28,6.018374567662453,1.254
2000-05-29,5.049928985484912,0.384
2000-05-30,4.63185815525577,0.241
2000-05-31,4.528954460610547,0.177
2000-06-01,4.451430293396711,0.151
2000-06-02,4.383585842143506,0.125
2000-06-03,4.322127999264406,0.111
2000-06-04,4.265321071556922,0.1
2000-06-05,4.212391620784461,0.096
2000-06-06,4.170641394080273,0.204
2000-06-07,4.116271677181923,0.095
2000-06-08,4.071282866641754,0.087
2000-06-09,4.036862937327643,0.106
2000-06-10,3.9878730555558244,0.082
2000-06-11,3.947741561023816,0.078
2000-06-12,3.909480701960774,0.073
2000-06-13,3.8724360004976823,0.071
2000-06-14,3.836451941098492,0.078
2000-06-15,3.8014350056244157,0.071
2000-06-16,3.767290827897943,0.071
2000-06-17,3.733973468090477,0.068
2000-06-18,3.7014233750246612,0.068
2000-06-19,3.669595250421167,0.068
2000-06-20,3.7091071153103137,0.192
2000-06-21,3.6141934024739952,0.064
2000-06-22,3.579782695888684,0.078
2000-06-23,3.5496393194178557,0.054
2000-06-24,3.5207937080761083,0.049
2000-06-25,3.4925242401209005,0.046
2000-06-26,3.4649172137326856,0.047
2000-06-27,3.4377190922384546,0.045
2000-06-28,3.4111169311258633,0.044
2000-06-29,3.465379996422443,0.134
2000-06-30,3.366479277176142,0.066
2000-07-01,3.335867373174336,0.057
2000-07-02,3.310574262402214,0.042
2000-07-03,3.286234419325851,0.049
2000-07-04,4.349549530676111,0.431
2000-07-05,3.337395106101716,0.126
2000-07-06,3.225837674773078,0.067
2000-07-07,3.197045382682313,0.058
2000-07-08,3.1781032829357234,0.056
2000-07-09,4.326883055559518,0.428
2000-07-10,4.100739503514342,0.456
2000-07-11,3.2519354163474476,0.102
2000-07-12,3.2692560348165998,0.092
2000-07-13,3.152777652532665,0.121
2000-07-14,3.106705741989281,0.075
2000-07-15,3.07614466920184,0.058
2000-07-16,3.0491101179042555,0.051
2000-07-17,3.024189266197587,0.046
2000-07-18,3.0009826966074855,0.043
2000-07-19,2.97919464649706,0.041
2000-07-20,2.958596479232384,0.043
2000-07-21,2.9390060672794394,0.044
2000-07-22,2.920410336785452,0.044
2000-07-23,2.9023799265877583,0.045
2000-07-24,2.884960542752973,0.047
2000-07-25,2.8681849480028205,0.044
2000-07-26,2.8519229398419537,0.041
2000-07-27,2.836118448456508,0.042
2000-07-28,2.830013779364635,0.058
2000-07-29,2.806414524256702,0.042
2000-07-30,2.791112917845643,0.036
2000-07-31,2.776736606841436,0.036
2000-08-01,2.762724349935035,0.037
2000-08-02,2.7563782608533063,0.082
2000-08-03,2.844000653966348,0.181
2000-08-04,2.7308733015644098,0.079
2000-08-05,2.7108626671563685,0.063
2000-08-06,2.6975202143795314,0.058
2000-08-07,2.684920329636654,0.064
2000-08-08,3.310756064481928,0.34
2000-08-09,2.708985205782544,0.072
2000-08-10,2.654092389038199,0.066
2000-08-11,2.638980206162007,0.06
2000-08-12,2.627075932626343,0.051
2000-08-13,2.615714489272228,0.045
2000-08-14,2.604530367115499,0.041
2000-08-15,2.593634974842874,0.039
2000-08-16,2.5829749430862465,0.048
2000-08-17,2.573183178485279,0.041
2000-08-18,2.562836917475138,0.083
2000-08-19,2.5522685033295023,0.045
2000-08-20,2.5424169233395553,0.036
2000-08-21,2.5327249318405984,0.034
2000-08-22,2.5232311786704424,0.034
2000-08-23,2.513924374460471,0.033
2000-08-24,2.504789138510303,0.032
2000-08-25,2.4958855831021936,0.031
2000-08-26,2.4873919366473314,0.032
2000-08-27,2.480080073632102,0.064
2000-08-28,2.572308197620813,0.143
2000-08-29,2.4699379667988897,0.039
2000-08-30,2.4547349066216158,0.035
2000-08-31,2.4526736081349445,0.091
2000-09-01,2.4397774425919394,0.097
2000-09-02,2.4304378466728656,0.05
2000-09-03,2.4224640156370945,0.046
2000-09-04,2.414905517427687,0.037
2000-09-05,2.4077898630920727,0.037
2000-09-06,2.4003412962853483,0.045
2000-09-07,2.393158728308806,0.036
2000-09-08,2.4861628682176278,0.056
2000-09-09,2.387420443307908,0.053
2000-09-10,2.3739218391225365,0.038
2000-09-11,2.3666884998958677,0.035
2000-09-12,2.3600555085381734,0.035
2000-09-13,2.353598308570036,0.035
2000-09-14,2.347591999200689,0.037
2000-09-15,3.4449235139196523,1.434
2000-09-16,3.5053552351653794,0.239
2000-09-17,3.501881592831188,0.162
2000-09-18,3.736163068518395,0.577
2000-09-19,3.7941634365189625,0.844
2000-09-20,3.4639363806385424,0.266
2000-09-21,2.5360018440703285,0.1
2000-09-22,2.4216146831369305,0.075
2000-09-23,2.3902435257662518,0.065
2000-09-24,3.047832654867958,0.43
2000-09-25,2.886260450646917,0.278
2000-09-26,2.4420928780775357,0.111
2000-09-27,3.0170518369603196,0.238
2000-09-28,2.4452150664820924,0.147
2000-09-29,2.3807800911521144,0.099
2000-09-30,2.354570623328895,0.078
2000-10-01,2.9489876690511867,0.239
2000-10-02,2.3994152401410704,0.104
2000-10-03,2.3427181116455693,0.076
2000-10-04,2.327450047160134,0.071
2000-10-05,2.3129108602498,0.086
2000-10-06,2.360492620791924,0.066
2000-10-07,3.263162574500489,0.453
2000-10-08,2.40021975461541,0.121
2000-10-09,3.7355386288563657,1.673
2000-10-10,3.720782990482101,0.643
2000-10-11,3.7926700925769006,0.788
2000-10-12,3.639286008003095,0.402
2000-10-13,2.540948063485675,0.19
2000-10-14,2.416832717720629,0.14
2000-10-15,2.5336820113915866,0.133
2000-10-16,2.9907964665536415,0.696
2000-10-17,2.739875312757429,0.256
2000-10-18,2.6083484977267406,0.288
2000-10-19,2.384275999824934,0.18
2000-10-20,3.718055369405497,1.386
2000-10-21,3.624851419349934,0.56
2000-10-22,2.501713928597271,0.296
2000-10-23,2.4047704914579198,0.289
2000-10-24,2.357652737002546,0.191
2000-10-25,2.333942726131698,0.156
2000-10-26,2.5493074137094376,0.168
2000-10-27,2.943150647017865,0.221
2000-10-28,3.0921920512210015,0.717
2000-10-29,4.1452633951002245,2.035
2000-10-30,3.8601328573605795,2.02
2000-10-31,3.7480233966760528,0.467
2000-11-01,3.9035603435050716,0.296
2000-11-02,4.054384439249603,1.384
2000-11-03,2.8345736603985543,0.402
2000-11-04,2.5879056041751114,0.264
2000-11-05,4.3468577556966235,1.236
2000-11-06,4.190342526905472,1.589
2000-11-07,4.064805332126364,0.859
2000-11-08,2.9938880616584673,0.48
2000-11-09,2.6723047913703333,0.32
2000-11-10,2.595560034015457,0.251
2000-11-11,3.5378165617948913,0.442
2000-11-12,2.658671682310644,0.335
2000-11-13,2.5489897014859224,0.242
2000-11-14,2.5013612286067683,0.205
2000-11-15,3.569499844490538,0.261
2000-11-16,2.6204661047251245,0.517
2000-11-17,2.513515265199522,0.227
2000-11-18,2.742736790738966,0.258
2000-11-19,2.7101206382249408,0.279
2000-11-20,2.4991396784987923,0.205
2000-11-21,3.007176207143357,0.359
2000-11-22,2.8121054712788585,0.322
2000-11-23,2.937268944827455,0.428
2000-11-24,2.5832884319575733,0.267
2000-11-25,3.103952469395482,0.513
2000-11-26,2.5726131851533394,0.293
2000-11-27,3.4920238987120897,0.64
2000-11-28,2.645190834617358,0.391
2000-11-29,2.5443742829547418,0.314
2000-11-30,3.866423420153943,0.401
2000-12-01,2.8335563423436554,0.985
2000-12-02,2.5975484198550816,0.389
2000-12-03,3.2284854545088875,0.311
2000-12-04,2.7428394781290866,0.641
2000-12-05,2.692764233136998,0.388
2000-12-06,2.571797348153431,0.328
2000-12-07,3.9246332538095587,0.99
2000-12-08,3.301017301319426,0.662
2000-12-09,3.450317189866083,0.732
2000-12-10,3.3228349537387287,0.914
2000-12-11,3.0106389959583706,0.477
2000-12-12,4.067709499751102,1.143
2000-12-13,2.8604066261122387,0.578
2000-12-14,2.702386574215506,0.33
2000-12-15,2.642743325018121,0.234
2000-12-16,2.6032475646206463,0.187
2000-12-17,2.5768307248464746,0.165
2000-12-18,2.754255621856029,0.185
2000-12-19,2.570560245325578,0.151
2000-12-20,2.534655498560473,0.137
2000-12-21,2.5179192312143597,0.125
2000-12-22,2.505629244575774,0.117
2000-12-23,2.8760010508999243,0.124
2000-12-24,3.2651573255634854,0.381
2000-12-25,2.6239687778799254,0.275
2000-12-26,2.5555436448303697,0.185
2000-12-27,2.637145582725833,0.149
2000-12-28,2.5397402918236796,0.139
2000-12-29,2.519749101768945,0.12
2000-12-30,2.5080738332233325,0.109
2000-12-31,3.159278420264698,0.193
2001-01-01,2.8573053661625636,0.285
2001-01-02,2.9017425509780876,0.34
2001-01-03,3.2887576772980456,0.305
2001-01-04,3.7308284795124673,0.833
2001-01-05,2.7585144957342913,0.547
2001-01-06,2.6518655904768127,0.288
2001-01-07,2.607390957476906,0.215
2001-01-08,2.58046411157962,0.178
2001-01-09,2.558553763845228,0.159
2001-01-10,2.54242135441275,0.145
2001-01-11,2.5268419410571528,0.13
2001-01-12,2.5153299394908877,0.128
2001-01-13,2.506318991035839,0.112
2001-01-14,2.4983907310301072,0.108
2001-01-15,2.4923075331698246,0.104
2001-01-16,2.4865440210304155,0.097
2001-01-17,2.482166682221902,0.094
2001-01-18,2.477860533427158,0.091
2001-01-19,2.4743688805740343,0.088
2001-01-20,2.670384951879676,0.086
2001-01-21,3.0087681555858508,0.237
2001-01-22,2.8895214142041064,0.233
2001-01-23,3.6312485235742997,0.749
2001-01-24,2.908567183630212,0.445
2001-01-25,2.833829704157482,0.407
2001-01-26,4.020643875618305,1.115
2001-01-27,2.978792231139713,0.507
2001-01-28,2.681330679135498,0.281
2001-01-29,2.628134695123446,0.209
2001-01-30,2.9514907525275573,0.24
2001-01-31,2.6308613746364085,0.218
2001-02-01,3.0024950124705247,0.25
2001-02-02,3.0161348757966304,0.362
2001-02-03,3.383516275699205,0.463
2001-02-04,3.8487704031561805,1.26
2001-02-05,3.2858009629410243,0.679
2001-02-06,2.900534504467024,0.606
2001-02-07,4.298965544575136,1.394
2001-02-08,4.155455933044218,2.14
2001-02-09,2.9701436384450983,0.52
2001-02-10,2.8268918148055975,0.354
2001-02-11,2.7321313080750267,0.281
2001-02-12,4.1844998871398,1.919
2001-02-13,3.2974329108396003,0.579
2001-02-14,2.7907081183630633,0.351
2001-02-15,2.705969306245981,0.273
2001-02-16,2.661924792003294,0.224
2001-02-17,2.627522213473646,0.194
2001-02-18,2.6006578289234334,0.176
2001-02-19,2.579079292081913,0.162
2001-02-20,2.561835919258985,0.152
2001-02-21,2.548060732259916,0.14
2001-02-22,2.5386955541386875,0.137
2001-02-23,2.5306110889302005,0.135
2001-02-24,2.530146968974856,0.125
2001-02-25,2.516426675257335,0.118
2001-02-26,2.966360860123752,0.24
2001-02-27,2.7567206358303773,0.15
2001-02-28,3.551779957668487,1.027
2001-03-01,2.7459687477872543,0.427
2001-03-02,2.6946476479168813,0.279
2001-03-03,2.603540880353693,0.239
2001-03-04,2.574990457802545,0.186
2001-03-05,2.5568927520658566,0.157
2001-03-06,3.125479675383544,0.273
2001-03-07,2.6204803203074714,0.228
2001-03-08,3.699334432110032,0.83
2001-03-09,2.7167207215224973,0.337
2001-03-10,2.6246756704420764,0.29
2001-03-11,3.08893689937159,0.331
2001-03-12,3.3784894718928062,0.538
2001-03-13,2.7092765229581213,0.325
2001-03-14,2.6294545837335916,0.23
2001-03-15,2.6033461685711146,0.204
2001-03-16,3.9117865043477753,0.7
2001-03-17,3.92517794709179,1.113
2001-03-18,2.8190511705732293,0.637
2001-03-19,2.6940153522615327,0.334
2001-03-20,4.036025190515711,0.593
2001-03-21,3.0621476597644146,0.764
2001-03-22,3.935710365439138,0.882
2001-03-23,3.3652854156886916,1.526
2001-03-24,2.825575705383843,0.5
2001-03-25,2.733886715778693,0.321
2001-03-26,2.684398611653327,0.249
2001-03-27,3.822958365561592,0.363
2001-03-28,3.072152293869491,0.543
2001-03-29,2.747630387051322,0.317
2001-03-30,2.6760892108659315,0.241
2001-03-31,2.639069443139836,0.191
2001-04-01,2.613344471529747,0.17
2001-04-02,2.875672853723852,0.29
2001-04-03,3.3040919372565867,0.458
2001-04-04,2.811839049443638,0.376
2001-04-05,3.2285565459479435,0.501
2001-04-06,2.711041941642958,0.321
2001-04-07,2.643020301108555,0.229
2001-04-08,3.924352621859383,0.646
2001-04-09,2.7830248085873506,0.388
2001-04-10,2.667023130141627,0.276
2001-04-11,2.6257301010976444,0.204
2001-04-12,2.602007444477984,0.181
2001-04-13,2.582848279531619,0.155
2001-04-14,3.3680754572158373,0.347
2001-04-15,2.6779070192804477,0.295
2001-04-16,2.5954978446464616,0.201
2001-04-17,2.5840950939874676,0.172
2001-04-18,2.5628331088816108,0.155
2001-04-19,2.5580999122898613,0.154
2001-04-20,2.547015550159561,0.135
2001-04-21,2.531312505309514,0.126
2001-04-22,2.7987865020670606,0.154
2001-04-23,2.5625096691676523,0.133
2001-04-24,2.53928952339198,0.14
2001-04-25,2.7230465883804342,0.288
2001-04-26,2.5472620600108087,0.127
2001-04-27,2.6589925278979294,0.166
2001-04-28,3.2727703202895566,0.263
2001-04-29,2.8763541875568297,0.567
2001-04-30,2.58753023277189,0.212
2001-05-01,2.8226275049741676,0.293
2001-05-02,3.2401882655462746,0.661
2001-05-03,2.6366964957727625,0.214
2001-05-04,2.5719778468841445,0.141
2001-05-05,2.550094211442168,0.107
2001-05-06,2.5343538063049365,0.087
2001-05-07,2.5214376777083927,0.076
2001-05-08,2.5106076475454553,0.07
2001-05-09,2.7601560903579165,0.198
2001-05-10,2.524835557088359,0.099
2001-05-11,2.499000572606097,0.076
2001-05-12,2.489639973507341,0.067
2001-05-13,2.482865101275056,0.064
2001-05-14,2.476890543168817,0.059
2001-05-15,2.968614452720225,0.176
2001-05-16,3.538427802255393,0.493
2001-05-17,2.6030624787552106,0.186
2001-05-18,2.5017821265311473,0.094
2001-05-19,2.484018617273315,0.076
2001-05-20,2.473938425485498,0.068
2001-05-21,2.46561035760187,0.066
2001-05-22,2.4583603610678804,0.063
2001-05-23,2.451929792377079,0.068
2001-05-24,2.4461521724217534,0.064
2001-05-25,2.440886693430076,0.063
2001-05-26,2.4360241932116464,0.061
2001-05-27,2.4314747342178924,0.06
2001-05-28,2.4271714712933963,0.057
2001-05-29,2.423061920850783,0.052
2001-05-30,2.4190936269904326,0.052
2001-05-31,2.4152406406478115,0.052
2001-06-01,2.411491984732304,0.051
2001-06-02,2.407785860682936,0.052
2001-06-03,2.4041186275379407,0.051
2001-06-04,2.40049810340177,0.05
2001-06-05,2.396914135001634,0.051
2001-06-06,2.3935521835615527,0.072
2001-06-07,2.3897921728447633,0.061
2001-06-08,2.3862166065532864,0.062
2001-06-09,2.5217726120142205,0.155
2001-06-10,2.3899172593050806,0.109
2001-06-11,2.3768512515120057,0.049
2001-06-12,2.3725202713280282,0.044
2001-06-13,2.3688515456925225,0.043
2001-06-14,2.36553236505808,0.055
2001-06-15,2.37431787603723,0.06
2001-06-16,2.8728727041975475,0.211
2001-06-17,2.392768393574772,0.053
2001-06-18,2.3546706549858665,0.044
2001-06-19,2.348418219132388,0.042
2001-06-20,2.344554086099365,0.042
2001-06-21,2.3409033551721015,0.041
2001-06-22,2.3372989771564687,0.041
2001-06-23,2.3337246216309673,0.042
2001-06-24,2.330176030461321,0.039
2001-06-25,2.3266508615755246,0.042
2001-06-26,2.3232853871168206,0.049
2001-06-27,2.3196734027647787,0.046
2001-06-28,2.3162055184966706,0.041
2001-06-29,2.3127554047022323,0.04
2001-06-30,2.309324912462735,0.042
2001-07-01,2.3059149404705725,0.041
2001-07-02,2.302524243372616,0.044
2001-07-03,2.2991510178576773,0.04
2001-07-04,2.2957971872324245,0.039
2001-07-05,2.2930429029417456,0.133
2001-07-06,2.2892260146690355,0.048
2001-07-07,2.2861175477850493,0.052
2001-07-08,2.2826296867222253,0.043
2001-07-09,2.2796028407580056,0.05
2001-07-10,2.276626114812467,0.137
2001-07-11,2.2729128327955137,0.049
2001-07-12,2.26976259826827,0.044
2001-07-13,2.462973282429503,0.253
2001-07-14,2.4182591445475157,0.378
2001-07-15,2.2726049585158945,0.056
2001-07-16,2.259035490351287,0.045
2001-07-17,3.341973002966204,0.598
2001-07-18,2.9091377809024643,0.188
2001-07-19,2.2988187830641635,0.086
2001-07-20,2.251363114515281,0.066
2001-07-21,2.244422086313673,0.056
2001-07-22,2.240844525048549,0.051
2001-07-23,2.237585744937636,0.049
2001-07-24,2.2344437600045945,0.047
2001-07-25,2.2313789865269844,0.042
2001-07-26,2.228379400486201,0.042
2001-07-27,2.2254368722825535,0.042
2001-07-28,2.2225450263080426,0.044
2001-07-29,2.21969878566678,0.044
2001-07-30,2.2168941021800252,0.042
2001-07-31,2.2141277475390533,0.039
2001-08-01,2.21141328616231,0.042
2001-08-02,2.760372170937682,0.224
2001-08-03,2.2469235828958403,0.049
2001-08-04,2.476753979520193,0.112
2001-08-05,2.2220424029305392,0.04
2001-08-06,2.2026316068341782,0.142
2001-08-07,2.197549179745944,0.119
2001-08-08,2.1942532476233634,0.039
2001-08-09,3.2665504371478873,0.17
2001-08-10,2.2682726831264888,0.046
2001-08-11,2.1937224580122474,0.038
2001-08-12,2.1869251636478886,0.038
2001-08-13,2.1825175192449406,0.034
2001-08-14,2.179801441980037,0.034
2001-08-15,2.1773022822116386,0.034
2001-08-16,2.1759817123867196,0.033
2001-08-17,2.172523962002272,0.033
2001-08-18,2.7754978698953137,0.252
2001-08-19,2.370599795332727,0.153
2001-08-20,2.196639148161566,0.045
2001-08-21,2.178837814419251,0.042
2001-08-22,2.173036807516079,0.045
2001-08-23,2.1686642285879945,0.043
2001-08-24,2.164828842605516,0.039
2001-08-25,2.1615787287991584,0.036
2001-08-26,2.5231030625188122,0.238
2001-08-27,2.185646574555475,0.048
2001-08-28,2.158201886084855,0.037
2001-08-29,2.1542238484967497,0.035
2001-08-30,2.153005527021346,0.041
2001-08-31,2.259480805042655,0.163
2001-09-01,2.1577713658911937,0.039
2001-09-02,3.264596550793408,0.425
2001-09-03,2.4459760452931456,0.16
2001-09-04,2.174187033453903,0.087
2001-09-05,2.167706943344542,0.073
2001-09-06,2.1462670392117364,0.055
2001-09-07,2.145470138975609,0.041
2001-09-08,2.138261849728186,0.045
2001-09-09,2.1351123266133096,0.035
2001-09-10,2.132404392275497,0.034
2001-09-11,2.1300139686819355,0.034
2001-09-12,2.139446087486518,0.07
2001-09-13,2.270067305673104,0.095
2001-09-14,2.1487702941070217,0.041
2001-09-15,2.135364011597344,0.034
2001-09-16,2.130933442873111,0.032
2001-09-17,2.619711757331558,0.035
2001-09-18,3.259701102359841,0.758
2001-09-19,2.4164404800885366,0.225
2001-09-20,2.1962999690948255,0.074
2001-09-21,2.1669685908837493,0.05
2001-09-22,2.154914669837216,0.043
2001-09-23,2.1524542407751857,0.045
2001-09-24,2.1396599410280617,0.038
2001-09-25,2.1324448245122127,0.036
2001-09-26,2.415684753608439,0.101
2001-09-27,2.158658461181752,0.041
2001-09-28,3.0032216876468576,0.157
2001-09-29,2.602440808554816,0.283
2001-09-30,2.793835260542972,0.259
2001-10-01,3.439736639153945,0.277
2001-10-02,2.469739092794484,0.453
2001-10-03,2.2238187693147418,0.087
2001-10-04,2.1903692902497887,0.057
2001-10-05,2.17375539815825,0.068
2001-10-06,3.031478051183206,0.13
2001-10-07,3.572674167401747,1.339
2001-10-08,3.5560389602599485,0.739
2001-10-09,2.79420141894925,0.173
2001-10-10,2.3000486219338696,0.097
2001-10-11,2.232540171151597,0.074
2001-10-12,2.2076936491821995,0.064
2001-10-13,2.1898576251344175,0.057
2001-10-14,2.182425047112269,0.054
2001-10-15,2.1807443413018883,0.065
2001-10-16,2.1569608529204354,0.048
2001-10-17,2.306670978827808,0.052
2001-10-18,2.16613439553227,0.06
2001-10-19,2.3573487945661413,0.106
2001-10-20,2.984585991577997,0.097
2001-10-21,3.5099783745062956,1.267
2001-10-22,3.1918037007465014,0.24
2001-10-23,2.9943134950095915,0.215
2001-10-24,2.3667693385563253,0.293
2001-10-25,2.258694275379238,0.114
2001-10-26,2.571901939925441,0.265
2001-10-27,2.598076912299305,0.164
2001-10-28,2.25763553722004,0.165
2001-10-29,2.215781102157771,0.093
2001-10-30,2.369432758627515,0.112
2001-10-31,2.211628286870467,0.079
2001-11-01,2.1915998798133565,0.057
2001-11-02,2.179346185153613,0.052
2001-11-03,2.171705092817701,0.051
2001-11-04,2.16580483198701,0.049
2001-11-05,2.1612114506542466,0.043
2001-11-06,2.1626212907710967,0.045
2001-11-07,3.434367908506915,0.657
2001-11-08,3.4328126109500454,0.39
2001-11-09,2.3334582271581086,0.133
2001-11-10,2.2269726384360395,0.09
2001-11-11,2.2066512262422817,0.075
2001-11-12,2.20289539260272,0.07
2001-11-13,2.1867392641098284,0.058
2001-11-14,2.1789241608732315,0.051
2001-11-15,2.1732740410015388,0.048
2001-11-16,2.172083819364055,0.046
2001-11-17,2.221135737237706,0.047
2001-11-18,2.2241000489508345,0.058
2001-11-19,2.179107917022393,0.062
2001-11-20,2.1710223809627403,0.051
2001-11-21,2.2145790796855147,0.041
2001-11-22,2.1746738595033106,0.054
2001-11-23,2.168990792951941,0.043
2001-11-24,2.1651898281179833,0.042
2001-11-25,2.634771473419267,0.153
2001-11-26,2.216476505963109,0.064
2001-11-27,2.2133436151746753,0.061
2001-11-28,2.517814979033078,0.1
2001-11-29,2.679343226288777,0.214
2001-11-30,2.4265846860442557,0.154
2001-12-01,2.30729462394221,0.245
2001-12-02,2.284697047292467,0.128
2001-12-03,2.559853718498138,0.186
2001-12-04,2.8819401225310908,0.226
2001-12-05,2.286720951974817,0.277
2001-12-06,2.225816608990594,0.116
2001-12-07,2.2095359329063227,0.088
2001-12-08,2.198886389065262,0.075
2001-12-09,2.190550904374612,0.067
2001-12-10,2.1840115226846226,0.056
2001-12-11,2.178617782680834,0.053
2001-12-12,2.174849308632358,0.051
2001-12-13,2.171410139475442,0.053
2001-12-14,2.16767708935727,0.051
2001-12-15,2.165501289801498,0.05
2001-12-16,2.1632072282306494,0.051
2001-12-17,2.162709850656958,0.049
2001-12-18,2.160450311164085,0.05
2001-12-19,2.1646031968933226,0.055
2001-12-20,2.1580565810698533,0.051
2001-12-21,2.158162630463445,0.049
2001-12-22,2.155744319407505,0.046
2001-12-23,2.1559247991403243,0.045
2001-12-24,2.1576713061456387,0.048
2001-12-25,2.40739677535559,0.136
2001-12-26,2.2533943251432054,0.052
2001-12-27,2.1717027673340326,0.059
2001-12-28,2.1634669709244045,0.045
2001-12-29,2.1613313892403307,0.041
2001-12-30,2.1568336530318266,0.037
2001-12-31,2.1544972203044574,0.032
2002-01-01,2.1528692442703705,0.031
2002-01-02,2.151035248071,0.032
2002-01-03,2.1493565271997106,0.031
2002-01-04,2.1485494971161927,0.033
2002-01-05,2.147147440546002,0.036
2002-01-06,2.1481321675757483,0.042
2002-01-07,2.145050644787249,0.04
2002-01-08,2.1431655908976714,0.038
2002-01-09,2.1421035595996174,0.037
2002-01-10,2.4906026304285676,0.083
2002-01-11,2.177062456584405,0.045
2002-01-12,2.1517375454524226,0.038
2002-01-13,2.1478268418935764,0.037
2002-01-14,2.7222288853701784,0.156
2002-01-15,2.2037092351071355,0.141
2002-01-16,2.163067487128863,0.066
2002-01-17,2.421695689248668,0.121
2002-01-18,2.295544054786018,0.093
2002-01-19,2.1696548386390027,0.069
2002-01-20,2.300576775271682,0.082
2002-01-21,2.170336852592426,0.063
2002-01-22,2.4036389588728486,0.055
2002-01-23,2.8392495013428967,0.304
2002-01-24,2.2267155515174735,0.143
2002-01-25,2.7761672044007852,0.235
2002-01-26,3.4988146201690857,0.789
2002-01-27,2.8377860433429145,0.36
2002-01-28,2.296800132886003,0.214
2002-01-29,2.233494088673167,0.134
2002-01-30,2.2174082872232015,0.124
2002-01-31,2.3622607279825187,0.104
2002-02-01,2.2069132978270662,0.098
2002-02-02,2.184178961233077,0.072
2002-02-03,3.5382511381503927,0.929
2002-02-04,3.7359397513636976,0.811
2002-02-05,3.6482773446250696,0.527
2002-02-06,2.4801963816153547,0.281
2002-02-07,2.419409704155978,0.204
2002-02-08,2.3746620472979894,0.162
2002-02-09,2.3025904173834157,0.164
2002-02-10,2.2684958776699635,0.126
2002-02-11,2.5829030279198073,0.211
2002-02-12,2.28390311502343,0.129
2002-02-13,2.2460679314667864,0.118
2002-02-14,2.2228135255440606,0.098
2002-02-15,2.2092218981290084,0.089
2002-02-16,2.198832867861833,0.086
2002-02-17,2.208676836601394,0.089
2002-02-18,2.1855041757166003,0.085
2002-02-19,2.9982456846614634,0.269
2002-02-20,2.31443925232924,0.163
2002-02-21,2.2482728673979566,0.115
2002-02-22,2.218232174358454,0.121
2002-02-23,2.2101515741910363,0.099
2002-02-24,3.0349738906695247,0.31
2002-02-25,3.546919137720155,0.474
2002-02-26,2.832022805040275,0.651
2002-02-27,2.3989152455749805,0.298
2002-02-28,2.394459927347896,0.264
2002-03-01,2.322730457250024,0.184
2002-03-02,2.287772028806636,0.14
2002-03-03,2.2655465555975893,0.121
2002-03-04,2.248790507550417,0.109
2002-03-05,2.2356421811894642,0.098
2002-03-06,2.2252889449533466,0.091
2002-03-07,2.2171132613948368,0.079
2002-03-08,2.2108506548144593,0.092
2002-03-09,2.2059828107269888,0.081
2002-03-10,2.49531925589855,0.162
2002-03-11,2.2390577548328627,0.111
2002-03-12,2.6206141047819433,0.139
2002-03-13,2.2535960353075533,0.131
2002-03-14,2.5777721482319005,0.196
2002-03-15,2.5386952647275565,0.248
2002-03-16,2.8939176144924614,0.3
2002-03-17,2.419731981663575,0.298
2002-03-18,3.2215488271349533,0.783
2002-03-19,2.5935781183897935,0.324
2002-03-20,2.3641655787890556,0.245
2002-03-21,2.3079980182030035,0.181
2002-03-22,2.284657768830545,0.147
2002-03-23,2.267671641064229,0.128
2002-03-24,2.254296082974232,0.117
2002-03-25,2.2436735234688934,0.13
2002-03-26,2.2352255688660887,0.105
2002-03-27,2.228513168128431,0.095
2002-03-28,2.223136871211446,0.092
2002-03-29,2.218842447842191,0.09
2002-03-30,2.2153960521388067,0.088
2002-03-31,2.2126085748558975,0.085
2002-04-01,2.2103241743407054,0.083
2002-04-02,2.208442045040827,0.082
2002-04-03,2.206863556343217,0.08
2002-04-04,2.205514727435756,0.078
2002-04-05,2.2043407996969253,0.076
2002-04-06,2.2032936929513163,0.071
2002-04-07,2.2023369162976567,0.073
2002-04-08,2.2014419789276425,0.074
2002-04-09,2.2006661254658146,0.067
2002-04-10,2.199759083038149,0.068
2002-04-11,2.1989272834373192,0.069
2002-04-12,2.1980994043405144,0.068
2002-04-13,2.19726189098302,0.067
2002-04-14,2.196411163249856,0.064
2002-04-15,2.195558715195692,0.063
2002-04-16,2.1946390886668263,0.062
2002-04-17,2.1937762036606694,0.063
2002-04-18,2.431094676076486,0.136
2002-04-19,2.209354267200006,0.07
2002-04-20,2.1925533160193504,0.063
2002-04-21,2.1902735124107426,0.062
2002-04-22,2.189049774730744,0.062
2002-04-23,2.1878946214713517,0.061
2002-04-24,2.1867321939693,0.061
2002-04-25,2.1999044349168075,0.061
2002-04-26,2.3068446652868486,0.231
2002-04-27,2.504612812719811,0.137
2002-04-28,2.3645103214274155,0.271
2002-04-29,2.2851500288933253,0.143
2002-04-30,2.748448302037659,0.422
2002-05-01,2.2387481564150447,0.106
2002-05-02,2.2008333904992523,0.086
2002-05-03,2.6951555316728584,0.428
2002-05-04,2.2413553522706287,0.145
2002-05-05,2.2086806648498527,0.123
2002-05-06,2.2029793670512627,0.117
2002-05-07,2.1897360906194807,0.107
2002-05-08,2.183943224843485,0.071
2002-05-09,2.180158407483151,0.064
2002-05-10,2.1769655069456966,0.061
2002-05-11,2.1771153063139463,0.069
2002-05-12,2.172614727523477,0.061
2002-05-13,3.0484217989110336,0.346
2002-05-14,2.2588121578305604,0.146
2002-05-15,2.1826722084231633,0.077
2002-05-16,2.1736087128187607,0.063
2002-05-17,2.1817223458648902,0.083
2002-05-18,2.16775400311252,0.061
2002-05-19,2.1642281846223033,0.053
2002-05-20,2.778235369556578,0.243
2002-05-21,3.181590021742558,0.595
2002-05-22,2.2882738101136217,0.164
2002-05-23,2.2824369669227207,0.114
2002-05-24,2.213007484726564,0.153
2002-05-25,2.853199375654653,0.225
2002-05-26,2.5890277030528885,0.331
2002-05-27,2.2497963611602523,0.14
2002-05-28,2.21230009817124,0.118
2002-05-29,2.1993728661661622,0.115
2002-05-30,2.189775236258036,0.097
2002-05-31,2.1787550492045455,0.089
2002-06-01,2.172204320309951,0.086
2002-06-02,2.1671233382997563,0.084
2002-06-03,2.16414363363505,0.08
2002-06-04,2.1602342292854027,0.081
2002-06-05,3.330449953366056,1.726
2002-06-06,3.3781900757879284,0.464
2002-06-07,3.0995340364949415,0.184
2002-06-08,2.2428509447308556,0.119
2002-06-09,2.1958969376962907,0.129
2002-06-10,2.4569438907198538,0.23
2002-06-11,2.519892477591653,0.189
2002-06-12,2.2461914082243677,0.138
2002-06-13,2.2029959767081877,0.092
2002-06-14,2.1953989380385934,0.103
2002-06-15,2.1855608015106536,0.085
2002-06-16,2.1720496922275574,0.075
2002-06-17,2.181466334365879,0.06
2002-06-18,2.1737773198087234,0.123
2002-06-19,2.158011577781691,0.042
2002-06-20,2.1525094887840437,0.036
2002-06-21,2.1618821562005808,0.048
2002-06-22,2.147628410364323,0.035
2002-06-23,2.144563797221651,0.031
2002-06-24,2.142594587680587,0.03
2002-06-25,2.140906005693911,0.03
2002-06-26,2.139392589720956,0.031
2002-06-27,2.1380145357317746,0.033
2002-06-28,2.1367441912916076,0.033
2002-06-29,2.135550402292067,0.036
2002-06-30,2.1459717455905567,0.039
2002-07-01,2.149686412404579,0.08
2002-07-02,3.3602576828553814,0.246
2002-07-03,2.4091345655539844,0.208
2002-07-04,2.227270283993192,0.064
2002-07-05,2.374713241550791,0.105
2002-07-06,2.205331699706625,0.046
2002-07-07,2.1824579798734844,0.038
2002-07-08,2.9776529810256647,0.089
2002-07-09,2.2514726963372693,0.15
2002-07-10,2.285626565972335,0.181
2002-07-11,2.189990006194955,0.062
2002-07-12,2.1731947478922473,0.048
2002-07-13,2.1632839111360687,0.042
2002-07-14,2.156160511932832,0.038
2002-07-15,2.1504367443155443,0.036
2002-07-16,2.145765866909407,0.035
2002-07-17,2.1419215017376834,0.034
2002-07-18,2.138737466851588,0.035
2002-07-19,2.136075181701875,0.034
2002-07-20,2.1338581225887228,0.037
2002-07-21,2.1319055952849135,0.043
2002-07-22,2.130233253915474,0.033
2002-07-23,2.1288430098135316,0.036
2002-07-24,2.127464174524063,0.04
2002-07-25,2.1262654222652992,0.039
2002-07-26,2.125168983749309,0.038
2002-07-27,2.1241448651394204,0.038
2002-07-28,2.1231773394247817,0.038
2002-07-29,2.1222459762894186,0.039
2002-07-30,2.5703777874898774,0.101
2002-07-31,2.7363587511664744,0.332
2002-08-01,2.1651054634192715,0.055
2002-08-02,2.1235085080310423,0.045
2002-08-03,2.9633032658760214,0.221
2002-08-04,2.320040741881002,0.158
2002-08-05,2.520305747954231,0.199
2002-08-06,2.1840859244245516,0.058
2002-08-07,3.2845595392369042,0.329
2002-08-08,2.5815289863815156,0.132
2002-08-09,2.580189740699431,0.287
2002-08-10,2.2443108125587328,0.144
2002-08-11,2.187414011411919,0.058
2002-08-12,2.1704484839830864,0.044
2002-08-13,2.159253652831876,0.037
2002-08-14,2.15041263024487,0.035
2002-08-15,2.143376347662734,0.034
2002-08-16,2.1375270106130633,0.032
2002-08-17,2.1329014175042658,0.027
2002-08-18,2.129349568945777,0.028
2002-08-19,2.125866807689133,0.027
2002-08-20,3.224530944880173,0.69
2002-08-21,2.700563421986902,0.084
2002-08-22,2.171850933942054,0.046
2002-08-23,2.1295570286668175,0.089
2002-08-24,2.132719182318636,0.051
2002-08-25,2.122188666548958,0.036
2002-08-26,2.118615234938928,0.03
2002-08-27,2.1161947676695387,0.032
2002-08-28,2.1147370162653494,0.035
2002-08-29,2.113724740840509,0.023
2002-08-30,2.113112651638482,0.021
2002-08-31,2.11138101719121,0.021
2002-09-01,2.110381034923716,0.023
2002-09-02,2.1095056534859222,0.019
2002-09-03,2.1086510229831315,0.02
2002-09-04,2.107839275086559,0.02
2002-09-05,2.1094732527005515,0.021
2002-09-06,2.387084693145282,0.03
2002-09-07,2.148615869186167,0.045
2002-09-08,2.12961005516367,0.02
2002-09-09,3.3602327604691586,0.429
2002-09-10,2.4445065045857755,0.038
2002-09-11,2.1879283445802895,0.026
2002-09-12,2.1573341383313993,0.023
2002-09-13,2.1455582161564895,0.018
2002-09-14,2.1370353309639616,0.018
2002-09-15,2.1302177100400836,0.018
2002-09-16,2.1246929558437455,0.016
2002-09-17,2.120193256120134,0.015
2002-09-18,2.1165143827259087,0.015
2002-09-19,2.1134729183561687,0.013
2002-09-20,2.1109485884915515,0.013
2002-09-21,2.108833613323931,0.015
2002-09-22,2.1079181522520347,0.016
2002-09-23,2.1057154211787403,0.015
2002-09-24,2.104182950762132,0.015
2002-09-25,2.104405941546194,0.016
2002-09-26,2.1020404103240824,0.016
2002-09-27,2.100981785145301,0.015
2002-09-28,2.1001760061805017,0.014
2002-09-29,2.099359459954853,0.015
2002-09-30,2.09847675032804,0.016
2002-10-01,2.098239040979114,0.016
2002-10-02,2.0992339429758378,0.018
2002-10-03,2.096449426608589,0.022
2002-10-04,2.0955879193582985,0.029
2002-10-05,2.0948976424726493,0.016
2002-10-06,2.0941926772339934,0.017
2002-10-07,2.0935061708507465,0.018
2002-10-08,2.0928215996614985,0.018
2002-10-09,2.0921364444990846,0.022
2002-10-10,2.091450177858806,0.018
2002-10-11,2.4841070506581344,0.024
2002-10-12,2.1227355813764577,0.186
2002-10-13,3.232590017521049,0.302
2002-10-14,2.6221344726764,0.123
2002-10-15,2.600041082107539,0.266
2002-10-16,2.17677569726635,0.051
2002-10-17,2.1378989974795237,0.035
2002-10-18,2.1279924659372145,0.036
2002-10-19,2.1169944314477203,0.026
2002-10-20,2.1226938423778456,0.029
2002-10-21,2.7699013621673485,0.157
2002-10-22,2.6809479914056813,0.382
2002-10-23,2.185191707587881,0.075
2002-10-24,2.24438132892123,0.052
2002-10-25,2.360665707350825,0.183
2002-10-26,2.5161520075536243,0.167
2002-10-27,2.172776375880092,0.087
2002-10-28,2.1373201037084617,0.054
2002-10-29,2.1286997975124717,0.054
2002-10-30,2.6262700849880933,0.195
2002-10-31,2.173490184448281,0.076
2002-11-01,2.391683951375163,0.194
2002-11-02,3.356837102037063,0.552
2002-11-03,2.505723493164286,0.155
2002-11-04,2.1926998151529964,0.077
2002-11-05,2.243905999970647,0.062
2002-11-06,3.407619943263849,0.79
2002-11-07,2.73273897863791,0.144
2002-11-08,2.851561295467823,0.341
2002-11-09,2.7782310776082495,0.255
2002-11-10,2.304362015314116,0.313
2002-11-11,3.4293827636256813,0.408
2002-11-12,3.3867241049905323,0.825
2002-11-13,3.592724996091326,0.761
2002-11-14,3.1793516662824928,0.67
2002-11-15,2.3818529926962224,0.469
2002-11-16,2.2789411625291973,0.21
2002-11-17,2.3353030706969493,0.17
2002-11-18,2.2322615914589945,0.133
2002-11-19,2.2057900672451356,0.116
2002-11-20,2.678839878419698,0.173
2002-11-21,2.791169638379601,0.339
2002-11-22,3.5420948177364107,1.063
2002-11-23,2.7616510069046454,0.425
2002-11-24,2.441090605346583,0.292
2002-11-25,2.2695811802274375,0.196
2002-11-26,2.2355213731530252,0.153
2002-11-27,2.2676648072399397,0.142
2002-11-28,2.65015303627771,0.268
2002-11-29,2.2533742285139367,0.172
2002-11-30,2.8073858872827966,0.216
2002-12-01,2.536966118537072,0.312
2002-12-02,2.4122038961626564,0.178
2002-12-03,2.246447959926551,0.142
2002-12-04,2.7249968351092004,0.253
2002-12-05,2.271582046313041,0.131
2002-12-06,2.2280701174706943,0.108
2002-12-07,2.2128002883852305,0.11
2002-12-08,2.20139556843783,0.097
2002-12-09,2.1919471999023017,0.088
2002-12-10,2.186118096653033,0.083
2002-12-11,2.1823251246570985,0.079
2002-12-12,2.384812537508703,0.095
2002-12-13,2.206655797923684,0.112
2002-12-14,3.2818076509068623,0.263
2002-12-15,3.1965254574804445,0.686
2002-12-16,2.359189403430318,0.277
2002-12-17,2.27552331951145,0.171
2002-12-18,2.2519385594440013,0.133
2002-12-19,2.237759296834616,0.115
2002-12-20,2.7816057718999905,0.239
2002-12-21,3.8059596765428365,0.828
2002-12-22,3.261397467626337,0.714
2002-12-23,2.7585430190984854,0.318
2002-12-24,2.5195658773939877,0.309
2002-12-25,3.2122515875996775,0.379
2002-12-26,3.6558309871915227,0.971
2002-12-27,2.5694139659486748,0.527
2002-12-28,3.456395136564685,0.367
2002-12-29,3.402731918163859,1.172
2002-12-30,4.662258841584681,3.458
2002-12-31,4.449683046917387,0.984
2003-01-01,4.405621563572096,1.958
2003-01-02,4.24724385425483,1.118
2003-01-03,4.036963195565613,0.473
2003-01-04,3.693115958197097,0.317
2003-01-05,2.733669234144321,0.238
2003-01-06,2.5853791850683274,0.194
2003-01-07,2.5244977166483813,0.181
2003-01-08,2.6894596189700293,0.169
2003-01-09,2.614796882475284,0.151
2003-01-10,2.5415589892719304,0.291
2003-01-11,2.444472232842189,0.196
2003-01-12,2.4168253544625946,0.155
2003-01-13,2.3972748789392084,0.159
2003-01-14,2.383177323937678,0.143
2003-01-15,2.386990531441011,0.134
2003-01-16,2.3657964955961552,0.119
2003-01-17,2.3609274233965802,0.118
2003-01-18,3.2521380413650727,0.158
2003-01-19,3.0268267290338753,0.367
2003-01-20,3.434366956550248,1.098
2003-01-21,4.10522121756143,1.281
2003-01-22,3.225271332107986,0.56
2003-01-23,2.67619466728515,0.303
2003-01-24,2.593951389003497,0.218
2003-01-25,2.5587827000699153,0.186
2003-01-26,2.5129812784988745,0.18
2003-01-27,2.592936220319834,0.194
2003-01-28,2.499276362733776,0.203
2003-01-29,2.468431363952787,0.137
2003-01-30,2.460327084680798,0.136
2003-01-31,3.3603694284377745,0.175
2003-02-01,2.7370275460396063,0.45
2003-02-02,2.5321193516937313,0.208
2003-02-03,2.491171629810688,0.166
2003-02-04,2.4723087005215247,0.135
2003-02-05,2.4575930677859272,0.114
2003-02-06,2.5569324352470355,0.119
2003-02-07,2.4607619489535395,0.111
2003-02-08,2.825707336273833,0.119
2003-02-09,2.9038830837018708,0.376
2003-02-10,2.74520266328796,0.178
2003-02-11,2.587220175807185,0.224
2003-02-12,2.580432855361021,0.192
2003-02-13,2.5016793606562024,0.146
2003-02-14,2.480744628143211,0.124
2003-02-15,2.4670431058576656,0.111
2003-02-16,2.456267892354086,0.101
2003-02-17,2.447644930169775,0.096
2003-02-18,2.4406904617035403,0.093
2003-02-19,2.4350150570825995,0.093
2003-02-20,2.430367600125674,0.086
2003-02-21,2.4265723676051008,0.081
2003-02-22,2.4234636552655373,0.08
2003-02-23,2.420588546380235,0.079
2003-02-24,2.4178859808916444,0.077
2003-02-25,2.4156239087939992,0.073
2003-02-26,2.4135534340835756,0.072
2003-02-27,2.412592724858007,0.069
2003-02-28,2.8534453675609575,0.2
2003-03-01,2.8416662677741207,0.261
2003-03-02,2.4665788186049906,0.108
2003-03-03,2.433357710590683,0.09
2003-03-04,2.424583559457951,0.085
2003-03-05,2.964036406171126,0.253
2003-03-06,2.4734791404206655,0.131
2003-03-07,2.8667028865969177,0.343
2003-03-08,2.471983812010069,0.163
2003-03-09,2.432596494964114,0.128
2003-03-10,2.421784718421508,0.11
2003-03-11,2.4146884520633947,0.101
2003-03-12,2.410897285343402,0.098
2003-03-13,2.402994192474142,0.1
2003-03-14,2.3978994831298333,0.1
2003-03-15,2.3935946024402877,0.095
2003-03-16,2.3897018306057274,0.094
2003-03-17,2.3860855605874174,0.094
2003-03-18,2.382713810304111,0.091
2003-03-19,2.3795094908133225,0.09
2003-03-20,2.3764290412950966,0.09
2003-03-21,2.373450334530841,0.088
2003-03-22,2.3705485187032744,0.087
2003-03-23,2.36767132045668,0.09
2003-03-24,2.3648414679671053,0.086
2003-03-25,2.362022471976806,0.086
2003-03-26,2.3592173923696116,0.084
2003-03-27,2.35641372121178,0.068
2003-03-28,2.353607589196847,0.066
2003-03-29,2.3507943870674572,0.064
2003-03-30,2.347971982889376,0.064
2003-03-31,2.3451381650498937,0.063
2003-04-01,2.6661825917177646,0.213
2003-04-02,2.3662063687358064,0.08
2003-04-03,2.3408246434551625,0.069
2003-04-04,2.335853919899806,0.068
2003-04-05,2.3324638991416666,0.067
2003-04-06,2.329254014888249,0.067
2003-04-07,2.3261019048310057,0.067
2003-04-08,2.3229908166519233,0.083
2003-04-09,2.3199898403827124,0.07
2003-04-10,2.3179460099508535,0.086
2003-04-11,2.313888067093327,0.067
2003-04-12,2.3108091770671955,0.071
2003-04-13,2.3077967455287114,0.066
2003-04-14,2.3047996730850064,0.093
2003-04-15,2.301812032507525,0.07
2003-04-16,2.298832409082481,0.071
2003-04-17,2.295860206080357,0.069
2003-04-18,2.2928951651720997,0.067
2003-04-19,2.2899374273205213,0.069
2003-04-20,2.2870059627595523,0.068
2003-04-21,2.2840451541442275,0.067
2003-04-22,2.2811088507257735,0.063
2003-04-23,2.2781822753877545,0.061
2003-04-24,2.2752756108724563,0.066
2003-04-25,2.2969246688827365,0.1
2003-04-26,2.2713762958706534,0.061
2003-04-27,2.553696596671229,0.094
2003-04-28,2.2857165677194127,0.141
2003-04-29,2.262701316608401,0.066
2003-04-30,2.5429847771075234,0.156
2003-05-01,2.330832522688002,0.251
2003-05-02,2.500931265339147,0.295
2003-05-03,2.26795274882297,0.084
2003-05-04,2.248613088683381,0.073
2003-05-05,2.244524332267903,0.068
2003-05-06,2.2415888538356694,0.064
2003-05-07,2.238769948400003,0.062
2003-05-08,2.2359879585724185,0.062
2003-05-09,2.2332340929255654,0.06
2003-05-10,2.2305074274422565,0.057
2003-05-11,2.227856120213462,0.065
2003-05-12,2.6956809480727686,0.308
2003-05-13,2.2589062140325695,0.118
2003-05-14,2.2228321719402526,0.077
2003-05-15,2.2178277670174826,0.067
2003-05-16,2.214998710567248,0.094
2003-05-17,2.212337029977382,0.121
2003-05-18,2.2096642249708744,0.069
2003-05-19,2.458562329803027,0.23
2003-05-20,2.225528414208379,0.135
2003-05-21,2.205881953860242,0.095
2003-05-22,2.200195116245746,0.079
2003-05-23,2.1973535653732976,0.073
2003-05-24,2.194887568892271,0.068
2003-05-25,2.1924537647496156,0.073
2003-05-26,2.1900429200030875,0.061
2003-05-27,2.1876720241180325,0.056
2003-05-28,2.1853271321887777,0.061
2003-05-29,2.1830066112857174,0.073
2003-05-30,2.180709902146262,0.062
2003-05-31,2.1784370898895316,0.055
2003-06-01,2.692690617895923,0.253
2003-06-02,2.2118390874864855,0.103
2003-06-03,2.1748710013260353,0.068
2003-06-04,2.1702184680958445,0.16
2003-06-05,2.1676606746334923,0.064
2003-06-06,2.1654963924074715,0.065
2003-06-07,2.1633453757424284,0.061
2003-06-08,2.1612022665378463,0.061
2003-06-09,2.1591036472764,0.057
2003-06-10,2.157034770093927,0.057
2003-06-11,2.1549942571016643,0.054
2003-06-12,2.1529784306117374,0.059
2003-06-13,2.150986347941145,0.058
2003-06-14,2.1490174148834353,0.056
2003-06-15,2.147071239731578,0.055
2003-06-16,2.1451789548332614,0.055
2003-06-17,3.072992632299674,0.588
2003-06-18,2.20867881461271,0.091
2003-06-19,2.14490648335151,0.083
2003-06-20,2.1384329617317155,0.076
2003-06-21,2.1362352754580622,0.068
2003-06-22,2.827055248011924,0.278
2003-06-23,2.1827495681527185,0.134
2003-06-24,2.134830330952125,0.072
2003-06-25,2.1296022937680847,0.072
2003-06-26,2.127682408386003,0.067
2003-06-27,2.125767496128489,0.061
2003-06-28,2.124016950327896,0.06
2003-06-29,2.4739488266288374,0.091
2003-06-30,2.1515936615054527,0.256
2003-07-01,2.135137760405627,0.223
2003-07-02,2.1311467571253715,0.152
2003-07-03,2.1212925831540543,0.087
2003-07-04,2.1164290600573863,0.06
2003-07-05,2.1147961269358366,0.062
2003-07-06,2.112581774723812,0.075
2003-07-07,2.1108432508975756,0.048
2003-07-08,2.109200127619762,0.045
2003-07-09,2.1076139935750082,0.046
2003-07-10,2.1060753193406763,0.049
2003-07-11,2.104577788707394,0.048
2003-07-12,2.103116470204726,0.053
2003-07-13,2.10168740319323,0.057
2003-07-14,2.1002873964939117,0.052
2003-07-15,2.0989256542465,0.05
2003-07-16,2.2121737618766266,0.08
2003-07-17,2.104721528434846,0.096
2003-07-18,2.095739901085553,0.054
2003-07-19,2.0939817490576296,0.102
2003-07-20,2.0925284801019792,0.067
2003-07-21,2.0912459131236507,0.062
2003-07-22,2.0900020052333446,0.06
2003-07-23,2.0887848230441266,0.061
2003-07-24,2.0875998443503807,0.059
2003-07-25,2.128908997106946,0.127
2003-07-26,2.581215886482859,0.254
2003-07-27,2.120292264145349,0.084
2003-07-28,2.0860105395103874,0.062
2003-07-29,2.1474664719853513,0.173
2003-07-30,2.085816125177503,0.083
2003-07-31,2.0803707166640866,0.06
2003-08-01,2.0789030934479147,0.057
2003-08-02,2.0777612413779174,0.052
2003-08-03,2.0766696183262248,0.049
2003-08-04,2.0756040902334285,0.052
2003-08-05,2.0745600657445245,0.056
2003-08-06,2.0735363616864806,0.073
2003-08-07,2.0725313005045596,0.071
2003-08-08,2.071543670621615,0.069
2003-08-09,2.070572514394228,0.083
2003-08-10,2.069630591573767,0.074
2003-08-11,2.068678419432165,0.092
2003-08-12,2.0677502984118252,0.056
2003-08-13,2.066837858722169,0.057
2003-08-14,2.06593904820509,0.069
2003-08-15,2.0650676641144816,0.06
2003-08-16,2.0641817462172436,0.069
2003-08-17,2.0633203976906196,0.056
2003-08-18,2.0624997706092234,0.06
2003-08-19,2.061638511596257,0.074
2003-08-20,2.0608126231848236,0.055
2003-08-21,2.0600001908353134,0.054
2003-08-22,2.0591994476326385,0.062
2003-08-23,2.058410616662327,0.055
2003-08-24,2.0576318676483902,0.054
2003-08-25,2.0568646185858492,0.055
2003-08-26,2.0561084356255352,0.061
2003-08-27,2.055362933082571,0.066
2003-08-28,2.621078846055838,0.32
2003-08-29,2.0954003117149407,0.125
2003-08-30,2.0565341015722605,0.072
2003-08-31,2.0529831887440917,0.067
2003-09-01,2.0520336455866226,0.065
2003-09-02,2.0512940563384086,0.065
2003-09-03,2.0505875924745434,0.064
2003-09-04,2.0498987716017427,0.065
2003-09-05,2.0492341072665208,0.068
2003-09-06,2.048568678374452,0.066
2003-09-07,2.047917278218581,0.065
2003-09-08,2.04728115425874,0.064
2003-09-09,2.0467427489704333,0.065
2003-09-10,2.0460538330698665,0.061
2003-09-11,2.0454720625481846,0.054
2003-09-12,2.044848492808778,0.046
2003-09-13,2.044262022258316,0.048
2003-09-14,2.0436875191198087,0.046
2003-09-15,2.043121042623809,0.047
2003-09-16,2.0425638086553435,0.05
2003-09-17,2.042015174951669,0.047
2003-09-18,2.0414749758581228,0.046
2003-09-19,2.040942790009053,0.047
2003-09-20,2.04041875672637,0.048
2003-09-21,2.0399028275450704,0.048
2003-09-22,2.4688358548837237,0.299
2003-09-23,2.070068154537828,0.059
2003-09-24,2.0409418014937972,0.052
2003-09-25,2.0383032638318763,0.168
2003-09-26,2.2295643902088114,0.079
2003-09-27,2.0512575576579435,0.076
2003-09-28,2.037878243641089,0.052
2003-09-29,2.036369219307064,0.052
2003-09-30,2.035803007739433,0.063
2003-10-01,2.115985001669556,0.099
2003-10-02,2.040736844839853,0.076
2003-10-03,2.034954543364163,0.071
2003-10-04,2.0341139160688146,0.077
2003-10-05,2.0337323472227697,0.096
2003-10-06,2.033200831164151,0.096
2003-10-07,2.032795390946605,0.076
2003-10-08,2.0323556535171954,0.067
2003-10-09,2.031949891847448,0.064
2003-10-10,2.031616087798049,0.08
2003-10-11,2.0311727784800846,0.078
2003-10-12,2.0307891241660068,0.068
2003-10-13,2.0304166029403588,0.052
2003-10-14,2.0300510912821648,0.069
2003-10-15,2.029692349545485,0.07
2003-10-16,2.029339195682922,0.072
2003-10-17,2.0289922090806454,0.071
2003-10-18,2.0286510586610795,0.069
2003-10-19,2.028315420534572,0.068
2003-10-20,2.0279850357904503,0.07
2003-10-21,2.385560582399208,0.16
2003-10-22,2.0844921078757053,0.157
2003-10-23,2.0313102060401698,0.078
2003-10-24,2.027243566771956,0.083
2003-10-25,2.0266638338202285,0.073
2003-10-26,2.02627138756479,0.073
2003-10-27,2.025942766452405,0.073
2003-10-28,2.026288610115304,0.075
2003-10-29,2.3839521852656187,0.205
2003-10-30,2.867022588493619,0.276
2003-10-31,2.1053656800524023,0.123
2003-11-01,2.2138761102621802,0.13
2003-11-02,2.6131815910083587,0.295
2003-11-03,2.0668869097515,0.179
2003-11-04,2.0274602245993023,0.079
2003-11-05,2.0242043431045325,0.056
2003-11-06,2.023638811475387,0.052
2003-11-07,2.0232945191705065,0.047
2003-11-08,2.022986847135083,0.05
2003-11-09,2.0227300191233293,0.051
2003-11-10,2.0224265269072994,0.05
2003-11-11,2.158642077762242,0.052
2003-11-12,2.0317992660880115,0.093
2003-11-13,2.0225040140518873,0.048
2003-11-14,2.02157560537988,0.05
2003-11-15,2.0212812766433035,0.051
2003-11-16,2.0210431738214014,0.049
2003-11-17,2.456055306363826,0.163
2003-11-18,2.0520282660818374,0.055
2003-11-19,2.0228795688488925,0.063
2003-11-20,2.852108413884757,0.156
2003-11-21,3.162903899696483,0.392
2003-11-22,3.48806647036687,1.307
2003-11-23,3.631667048399752,1.728
2003-11-24,3.435774761775758,0.274
2003-11-25,3.551710589704132,0.3
2003-11-26,3.484975364836643,0.781
2003-11-27,3.405015684711809,0.17
2003-11-28,2.858498879643005,0.115
2003-11-29,2.4215273397551735,0.142
2003-11-30,2.62867883942991,0.122
2003-12-01,2.444975137041153,0.353
2003-12-02,2.1823835838882797,0.132
2003-12-03,2.137819973443106,0.099
2003-12-04,2.1193164552847463,0.088
2003-12-05,2.111835487100108,0.085
2003-12-06,2.0970710280228766,0.085
2003-12-07,2.0880194748935557,0.074
2003-12-08,2.0818775765668676,0.071
2003-12-09,2.0773181680100725,0.069
2003-12-10,2.6500599341772486,0.099
2003-12-11,2.1726496654577176,0.193
2003-12-12,2.7572149726891815,0.183
2003-12-13,2.297126597631055,0.252
2003-12-14,2.142762243218284,0.114
2003-12-15,2.1182340279008676,0.088
2003-12-16,2.108012232731034,0.076
2003-12-17,2.1005846908997827,0.073
2003-12-18,2.0950572252275075,0.071
2003-12-19,2.1288513565804705,0.066
2003-12-20,2.6043666345907637,0.214
2003-12-21,2.1525700732443407,0.085
2003-12-22,2.271168757646661,0.072
2003-12-23,2.1952851293259186,0.11
2003-12-24,2.121017489607537,0.083
2003-12-25,2.112853922146608,0.079
2003-12-26,2.2320561454775594,0.186
2003-12-27,3.0954810368801864,0.583
2003-12-28,2.604979583367831,0.247
2003-12-29,3.109409670537205,0.741
2003-12-30,2.2686544752978217,0.198
2003-12-31,2.9111012833359164,0.326
2004-01-01,2.6052581343863412,0.366
2004-01-02,2.2366398686032927,0.219
2004-01-03,2.288293789209186,0.167
2004-01-04,2.188140955395968,0.134
2004-01-05,2.1908687114864955,0.12
2004-01-06,2.161091546560528,0.127
2004-01-07,3.276618928165737,0.189
2004-01-08,2.9247918472859014,1.061
2004-01-09,2.2765834142697177,0.252
2004-01-10,2.905912877953677,0.29
2004-01-11,2.726148599108523,0.367
2004-01-12,3.398517722526108,0.975
2004-01-13,2.658294762693243,0.314
2004-01-14,2.5073862507792763,0.478
2004-01-15,2.8230706609436824,0.421
2004-01-16,2.3396762740278056,0.252
2004-01-17,2.274678503043237,0.173
2004-01-18,2.245288111881367,0.139
2004-01-19,2.3778972596424452,0.136
2004-01-20,2.592501283723608,0.404
2004-01-21,2.273583027759831,0.257
2004-01-22,2.7660909331997106,0.37
2004-01-23,2.7915152010105193,0.361
2004-01-24,2.3199488379989677,0.239
2004-01-25,2.2612792682028378,0.179
2004-01-26,2.2387012412006366,0.163
2004-01-27,2.258453960291725,0.149
2004-01-28,2.6450770861560766,0.16
2004-01-29,2.272356506263177,0.172
2004-01-30,2.640498242746353,0.192
2004-01-31,2.9330761073738825,0.502
2004-02-01,3.285966289775853,0.614
2004-02-02,2.4190287460819095,0.319
2004-02-03,2.330143004846959,0.224
2004-02-04,2.2935729829757183,0.178
2004-02-05,2.3135789246627914,0.195
2004-02-06,2.9018158149421303,0.517
2004-02-07,2.4415616097902584,0.295
2004-02-08,2.3065415288339315,0.206
2004-02-09,2.2779734287642066,0.157
2004-02-10,2.2612105466856547,0.139
2004-02-11,2.2508964692139517,0.126
2004-02-12,2.2388054375064934,0.118
2004-02-13,2.27648708748303,0.134
2004-02-14,2.2428055690728312,0.147
2004-02-15,2.2362383480512382,0.138
2004-02-16,2.2274288546144065,0.114
2004-02-17,2.4528888562686713,0.197
2004-02-18,2.2511273132864513,0.127
2004-02-19,2.229796527585513,0.115
2004-02-20,2.22426084157623,0.109
2004-02-21,2.2206931560097596,0.103
2004-02-22,2.218404102913978,0.099
2004-02-23,2.216091224330103,0.084
2004-02-24,2.547761742562556,0.163
2004-02-25,2.250102865233119,0.133
2004-02-26,2.22520261214015,0.102
2004-02-27,2.2206555657371765,0.093
2004-02-28,2.2188456499037787,0.092
2004-02-29,2.2164756110082635,0.102
2004-03-01,2.2146255605407172,0.087
2004-03-02,2.2129089556428387,0.09
2004-03-03,2.215211066002,0.104
2004-03-04,2.2110028107282083,0.082
2004-03-05,2.2113151936380664,0.081
2004-03-06,2.281893711516314,0.091
2004-03-07,2.221854158195668,0.09
2004-03-08,2.212839345574582,0.082
2004-03-09,2.2106183095150564,0.081
2004-03-10,2.209099611731854,0.081
2004-03-11,2.33893290430926,0.09
2004-03-12,2.882251825384365,0.301
2004-03-13,2.3953751728336714,0.149
2004-03-14,2.2547940682878216,0.178
2004-03-15,2.228500125254513,0.115
2004-03-16,2.2213137920314106,0.111
2004-03-17,2.2170478777917206,0.098
2004-03-18,2.216087236973971,0.094
2004-03-19,2.3697775162695085,0.17
2004-03-20,2.227155014929956,0.099
2004-03-21,2.214557196842132,0.099
2004-03-22,2.2115345549947865,0.102
2004-03-23,2.2451435091701026,0.102
2004-03-24,3.024336941823358,0.323
2004-03-25,2.2894989440320144,0.13
2004-03-26,2.228739333421432,0.109
2004-03-27,2.214205562506627,0.101
2004-03-28,2.208562139539963,0.096
2004-03-29,2.2043415459246813,0.091
2004-03-30,2.200766691111742,0.091
2004-03-31,2.197866508222644,0.099
2004-04-01,2.2788520589958403,0.1
2004-04-02,2.2069719776284185,0.104
2004-04-03,2.5062704637702122,0.216
2004-04-04,2.230652831359822,0.136
2004-04-05,2.2099436886332517,0.14
2004-04-06,2.4606553963027324,0.228
2004-04-07,2.2236920234573847,0.122
2004-04-08,2.29013830722694,0.157
2004-04-09,2.3690706422062986,0.152
2004-04-10,2.217125016897509,0.148
2004-04-11,2.200258666276399,0.114
2004-04-12,2.1946673048483745,0.123
2004-04-13,2.1898986948105663,0.11
2004-04-14,2.1861185972397776,0.107
2004-04-15,2.1828873435754295,0.105
2004-04-16,2.180059923718144,0.105
2004-04-17,2.2396926032188627,0.117
2004-04-18,3.164435096462904,0.546
2004-04-19,2.2685589247876448,0.258
2004-04-20,2.1952264803452954,0.163
2004-04-21,2.190705302120768,0.207
2004-04-22,2.1781312522981064,0.146
2004-04-23,2.17419624301054,0.133
2004-04-24,2.1712759289058923,0.125
2004-04-25,2.1687274221090833,0.12
2004-04-26,2.166443258124294,0.119
2004-04-27,3.3597716916092497,0.765
2004-04-28,2.744431176246648,0.634
2004-04-29,2.3477349716047975,0.312
2004-04-30,2.238953500330495,0.378
2004-05-01,2.2079033295182033,0.217
2004-05-02,2.1963865152002366,0.167
2004-05-03,3.3679790279663995,0.577
2004-05-04,3.5016646413252923,1.265
2004-05-05,2.3785153996337836,0.521
2004-05-06,2.250643031132756,0.3
2004-05-07,2.6598837031142164,0.296
2004-05-08,2.2713923610694655,0.337
2004-05-09,2.2348288798701064,0.255
2004-05-10,2.210805995243964,0.211
2004-05-11,2.1986128532128784,0.169
2004-05-12,2.1895813067028476,0.155
2004-05-13,2.182305732841043,0.136
2004-05-14,2.1763697151569237,0.138
2004-05-15,2.1715022849475347,0.115
2004-05-16,2.167462440437953,0.11
2004-05-17,2.1640962772328343,0.107
2004-05-18,2.161258540302552,0.102
2004-05-19,2.1588375951397327,0.098
2004-05-20,2.499460866340417,0.243
2004-05-21,2.19634836671377,0.227
2004-05-22,2.165610723448009,0.11
2004-05-23,2.160249172637544,0.101
2004-05-24,2.1572306636854606,0.097
2004-05-25,2.1547569262253052,0.084
2004-05-26,2.1552353600806025,0.065
2004-05-27,2.1509345887097853,0.092
2004-05-28,2.1490682958176,0.082
2004-05-29,2.147581176567168,0.076
2004-05-30,2.1461084523391043,0.077
2004-05-31,2.8778202275456164,0.199
2004-06-01,2.209468979850709,0.352
2004-06-02,2.147760399495626,0.109
2004-06-03,2.1425059180238715,0.086
2004-06-04,2.1404011596475443,0.08
2004-06-05,2.1391718057871443,0.076
2004-06-06,2.1380535986708806,0.075
2004-06-07,2.1369434267992724,0.073
2004-06-08,2.135853676068803,0.071
2004-06-09,2.134816311981763,0.068
2004-06-10,2.1337138332139305,0.068
2004-06-11,2.132625538443799,0.068
2004-06-12,2.1315592932371343,0.057
2004-06-13,2.130479370626438,0.052
2004-06-14,2.1294053528096777,0.053
2004-06-15,2.128330111828725,0.054
2004-06-16,2.1272528016529333,0.056
2004-06-17,2.1261732591353075,0.059
2004-06-18,2.1250916697611846,0.064
2004-06-19,2.1240074823628787,0.053
2004-06-20,2.3290888225166935,0.173
2004-06-21,2.1367570376604896,0.066
2004-06-22,3.063306352407628,0.29
2004-06-23,2.193098164383701,0.146
2004-06-24,2.1272653636829624,0.07
2004-06-25,2.1187171977267205,0.057
2004-06-26,2.119037558357505,0.056
2004-06-27,2.4074199894702764,0.209
2004-06-28,2.14946245054773,0.059
2004-06-29,2.127160544404533,0.051
2004-06-30,2.1225260788340607,0.047
2004-07-01,2.287020856032938,0.11
2004-07-02,2.181673658275831,0.217
2004-07-03,2.128998178318778,0.058
2004-07-04,2.12143608941054,0.047
2004-07-05,2.117734071489863,0.045
2004-07-06,2.1148144689232,0.043
2004-07-07,3.1955116848242007,0.532
2004-07-08,2.3740825861462276,0.116
2004-07-09,2.128964570686932,0.065
2004-07-10,2.1327852801406864,0.121
2004-07-11,2.1071980234992935,0.061
2004-07-12,2.104143558790838,0.05
2004-07-13,2.106837266899001,0.045
2004-07-14,2.1021064053533287,0.057
2004-07-15,2.101090011204709,0.045
2004-07-16,2.0987669162187865,0.04
2004-07-17,2.5798291089137484,0.093
2004-07-18,2.163087740856389,0.046
2004-07-19,2.1233014966419352,0.041
2004-07-20,2.117740825205502,0.101
2004-07-21,2.1103292819409596,0.049
2004-07-22,2.1143271082132133,0.102
2004-07-23,2.103458042810078,0.058
2004-07-24,2.100093360122051,0.041
2004-07-25,2.0976565861486858,0.038
2004-07-26,2.0959018678553027,0.04
2004-07-27,2.0937945619886134,0.038
2004-07-28,2.092172254995094,0.038
2004-07-29,2.090738039044636,0.039
2004-07-30,2.0894332249743948,0.038
2004-07-31,2.088237508587395,0.038
2004-08-01,2.0871271238492572,0.038
2004-08-02,2.086117114021558,0.043
2004-08-03,2.0862644625267195,0.166
2004-08-04,2.084197155425489,0.047
2004-08-05,2.0838958363647975,0.04
2004-08-06,2.0823895365464864,0.039
2004-08-07,2.0815124972491406,0.038
2004-08-08,2.0807008520921135,0.038
2004-08-09,3.1572936393043065,0.186
2004-08-10,2.168275039808896,0.39
2004-08-11,2.0888354700937475,0.074
2004-08-12,2.081837420152412,0.061
2004-08-13,2.4614235521989327,0.21
2004-08-14,2.1187262214702454,0.07
2004-08-15,2.0909690709618367,0.051
2004-08-16,2.086897859896783,0.047
2004-08-17,2.8831306332668456,0.236
2004-08-18,3.4441633930803786,0.247
2004-08-19,3.081381013254849,0.247
2004-08-20,2.245084577582371,0.142
2004-08-21,2.1512720897346176,0.077
2004-08-22,2.6156943886990196,0.105
2004-08-23,2.6754438554818165,0.393
2004-08-24,2.5405814131732964,0.171
2004-08-25,2.3126834678785984,0.195
2004-08-26,2.5345092938240166,0.09
2004-08-27,2.204576641037623,0.242
2004-08-28,2.1580438468654353,0.08
2004-08-29,2.141585189316979,0.067
2004-08-30,2.1295366788674994,0.058
2004-08-31,2.1199262859895436,0.047
2004-09-01,2.1124624669261864,0.044
2004-09-02,2.1065603853896757,0.041
2004-09-03,2.101875900291245,0.039
2004-09-04,2.098156558740822,0.037
2004-09-05,2.095201950140165,0.037
2004-09-06,2.0928522427771705,0.037
2004-09-07,2.090980163875919,0.038
2004-09-08,2.0894831921973056,0.036
2004-09-09,2.0883585698472475,0.035
2004-09-10,2.087336612053482,0.055
2004-09-11,2.0865173464043183,0.039
2004-09-12,2.480683235470157,0.047
2004-09-13,2.1159829024666243,0.184
2004-09-14,2.0874148445400214,0.073
2004-09-15,2.08478971016812,0.045
2004-09-16,2.084218829163596,0.038
2004-09-17,2.084011732866162,0.067
2004-09-18,2.0835976885106695,0.067
2004-09-19,2.083159957637822,0.044
2004-09-20,2.0828475338027523,0.04
2004-09-21,2.082509111091205,0.033
2004-09-22,2.0822309416457494,0.03
2004-09-23,2.081875792868549,0.031
2004-09-24,2.081536561586849,0.029
2004-09-25,2.081231490427436,0.029
2004-09-26,2.080898096050239,0.03
2004-09-27,2.080500295731865,0.034
2004-09-28,2.080134697978762,0.031
2004-09-29,2.0797727365015684,0.03
2004-09-30,2.0794427505873325,0.034
2004-10-01,2.0790460616753887,0.039
2004-10-02,2.4091422250330736,0.179
2004-10-03,2.761176379633643,0.162
2004-10-04,2.1284585695997,0.169
2004-10-05,2.0825438697064786,0.06
2004-10-06,2.0790021631225915,0.044
2004-10-07,2.0768369531089936,0.042
2004-10-08,2.076183925433985,0.039
2004-10-09,2.075647344754219,0.039
2004-10-10,2.0751186666260417,0.039
2004-10-11,2.0753475650196282,0.036
2004-10-12,2.157023167397872,0.065
2004-10-13,3.1992640914806922,0.519
2004-10-14,2.763359433635405,0.287
2004-10-15,2.59242141426906,0.232
2004-10-16,2.297420007993496,0.137
2004-10-17,2.144914992364173,0.12
2004-10-18,2.1165605450313842,0.064
2004-10-19,2.5106129939054873,0.076
2004-10-20,3.346842310537116,0.568
2004-10-21,2.263134735369791,0.131
2004-10-22,2.1565205595625727,0.075
2004-10-23,2.955671873853582,0.25
2004-10-24,3.315767808343467,0.521
2004-10-25,2.279478874657147,0.14
2004-10-26,2.1822257946953503,0.078
2004-10-27,2.209371113187675,0.074
2004-10-28,2.4061310250588197,0.128
2004-10-29,2.170542619975173,0.073
2004-10-30,2.1407628914837673,0.059
2004-10-31,2.128479515921285,0.052
2004-11-01,2.5848234359471127,0.109
2004-11-02,2.166820176967791,0.112
2004-11-03,2.1287192199715794,0.059
2004-11-04,2.117869924702088,0.051
2004-11-05,2.111501936025246,0.046
2004-11-06,2.1099424506909665,0.047
2004-11-07,2.107365495464389,0.066
2004-11-08,2.104542371835648,0.054
2004-11-09,2.4942060110485094,0.195
2004-11-10,2.141068386267457,0.079
2004-11-11,2.1121756536710765,0.058
2004-11-12,2.108122131092939,0.058
2004-11-13,2.102081119810746,0.049
2004-11-14,2.09939853794439,0.044
2004-11-15,2.0973905091922873,0.043
2004-11-16,2.0957957914529866,0.041
2004-11-17,2.370539812513466,0.042
2004-11-18,3.30423938470036,0.486
2004-11-19,2.22984648973118,0.126
2004-11-20,2.2307769630595438,0.085
2004-11-21,2.1414340637290015,0.067
2004-11-22,2.126451155081753,0.058
2004-11-23,2.119353480392831,0.058
2004-11-24,2.1140194311663674,0.052
2004-11-25,2.1106591966134616,0.046
2004-11-26,2.1627625702274855,0.076
2004-11-27,2.304584013807543,0.053
2004-11-28,2.3399891496513487,0.117
2004-11-29,2.1379263301327924,0.057
2004-11-30,2.118213578422458,0.05
2004-12-01,2.1125568909879586,0.051
2004-12-02,2.1087530157292105,0.04
2004-12-03,2.105788724892586,0.04
2004-12-04,2.103339131359901,0.04
2004-12-05,2.101824200043805,0.04
2004-12-06,2.099840699468331,0.04
2004-12-07,2.0985029315982264,0.041
2004-12-08,2.0973986308271653,0.04
2004-12-09,2.0964310909735517,0.041
2004-12-10,2.09563210006295,0.041
2004-12-11,2.0951461318674114,0.047
2004-12-12,2.094348681285451,0.038
2004-12-13,2.0938647948981375,0.039
2004-12-14,2.0932736540327284,0.039
2004-12-15,2.0943461155738468,0.039
2004-12-16,2.4440366746149405,0.06
2004-12-17,3.3450940108127853,0.768
2004-12-18,3.431037908536684,0.402
2004-12-19,2.3965556875968725,0.196
2004-12-20,2.1887959725887516,0.112
2004-12-21,3.012858746385866,0.151
2004-12-22,2.2492916440025317,0.357
2004-12-23,2.173616660572837,0.126
2004-12-24,2.2538154885615898,0.146
2004-12-25,2.157688589360643,0.095
2004-12-26,2.1411534390564126,0.078
2004-12-27,3.266543916837376,0.355
2004-12-28,2.2568773490478646,0.215
2004-12-29,2.1698043708231434,0.11
2004-12-30,2.151955608028003,0.092
2004-12-31,2.141492176374504,0.085
2005-01-01,2.167684072038599,0.086
2005-01-02,2.134232746953494,0.068
2005-01-03,2.1263507643542354,0.062
2005-01-04,2.1704137522122124,0.07
2005-01-05,2.1280106766752644,0.068
2005-01-06,2.119518123337267,0.068
2005-01-07,2.3089893519643208,0.069
2005-01-08,2.1377192381269636,0.099
2005-01-09,2.1256098484943915,0.066
2005-01-10,2.695677145300913,0.169
2005-01-11,2.339031692973118,0.223
2005-01-12,2.158811216508346,0.089
2005-01-13,2.138136615115392,0.071
2005-01-14,2.1318374491573056,0.063
2005-01-15,2.126846287120392,0.061
2005-01-16,2.1215409723842202,0.056
2005-01-17,2.5199260256529903,0.195
2005-01-18,2.1639851403767736,0.105
2005-01-19,2.1338653540496035,0.067
2005-01-20,2.130522654859992,0.068
2005-01-21,2.121779520640044,0.067
2005-01-22,2.1197198157708037,0.056
2005-01-23,2.1157157060773124,0.053
2005-01-24,2.1159634568425063,0.053
2005-01-25,2.1137471967327435,0.057
2005-01-26,2.1122988069723894,0.055
2005-01-27,2.319031324300762,0.078
2005-01-28,2.154586532994984,0.095
2005-01-29,2.125755976217961,0.07
2005-01-30,2.1185535585599142,0.056
2005-01-31,2.118234389573855,0.054
2005-02-01,2.1141335160894728,0.053
2005-02-02,2.1110862108713087,0.051
2005-02-03,2.1092307284943286,0.05
2005-02-04,2.108571009563512,0.049
2005-02-05,2.1074303795392595,0.049
2005-02-06,2.1058432298759016,0.048
2005-02-07,2.104773814797944,0.047
2005-02-08,2.103885752052171,0.046
2005-02-09,2.1060783818417583,0.046
2005-02-10,2.5224242057813213,0.127
2005-02-11,2.2298204591722954,0.11
2005-02-12,2.3246323271318157,0.127
2005-02-13,2.144103543022817,0.096
2005-02-14,2.124331775793025,0.062
2005-02-15,2.118185659111559,0.056
2005-02-16,2.114097366977888,0.053
2005-02-17,2.126997779464517,0.059
2005-02-18,2.1156217733525717,0.059
2005-02-19,2.1089709147779705,0.052
2005-02-20,2.106619388992478,0.049
2005-02-21,2.3783856255245226,0.094
2005-02-22,2.29750791343875,0.15
2005-02-23,2.1834983738450457,0.079
2005-02-24,2.334868588112731,0.169
2005-02-25,2.325387239951735,0.166
2005-02-26,2.1534624142475143,0.129
2005-02-27,2.1249720753975074,0.09
2005-02-28,2.1181023728828015,0.079
2005-03-01,2.5895514414247405,0.173
2005-03-02,2.8599580873572963,0.396
2005-03-03,2.1963344226054327,0.16
2005-03-04,2.2708343207255766,0.162
2005-03-05,2.1486112131665203,0.123
2005-03-06,2.1293610445575277,0.096
2005-03-07,2.1225950207203343,0.084
2005-03-08,2.1169981658459402,0.074
2005-03-09,2.1118558490939514,0.069
2005-03-10,2.1121967825372123,0.076
2005-03-11,2.1944792268863784,0.118
2005-03-12,2.116009767256264,0.072
2005-03-13,2.107288533241074,0.066
2005-03-14,2.104103438454209,0.063
2005-03-15,2.101768542482027,0.061
2005-03-16,2.101480523773999,0.061
2005-03-17,2.0983297896571655,0.06
2005-03-18,2.0968393761738384,0.06
2005-03-19,2.09562411822105,0.055
2005-03-20,2.0945818193820362,0.055
2005-03-21,2.096538944207292,0.056
2005-03-22,2.0983689365025717,0.093
2005-03-23,2.0967831508399284,0.06
2005-03-24,2.0920654370653478,0.079
2005-03-25,2.090673417001294,0.053
2005-03-26,2.0919726068377043,0.054
2005-03-27,2.0894776028836466,0.053
2005-03-28,2.0887043305757964,0.054
2005-03-29,3.2317106783305225,0.492
2005-03-30,2.3289624352207454,0.164
2005-03-31,2.1247401947712627,0.089
2005-04-01,2.1053395268630153,0.074
2005-04-02,2.1003601880867615,0.069
2005-04-03,2.097145977794552,0.063
2005-04-04,2.095526436254317,0.061
2005-04-05,2.092496364947593,0.058
2005-04-06,2.095502736363549,0.075
2005-04-07,2.4208616760368185,0.142
2005-04-08,2.131432322237166,0.069
2005-04-09,2.1037625753551077,0.057
2005-04-10,2.098038712750876,0.056
2005-04-11,2.094613528114565,0.056
2005-04-12,2.1928524977517836,0.062
2005-04-13,2.107766696566492,0.092
2005-04-14,2.102124344223914,0.072
2005-04-15,2.5133611886365355,0.374
2005-04-16,2.136740251709165,0.089
2005-04-17,2.4881454156932215,0.139
2005-04-18,2.1498134928197805,0.127
2005-04-19,2.144697659572557,0.126
2005-04-20,2.114294869133363,0.075
2005-04-21,2.1061023194841035,0.064
2005-04-22,2.1008523789223683,0.062
2005-04-23,2.0966180229178026,0.06
2005-04-24,2.367496641840649,0.06
2005-04-25,2.1967772003976513,0.208
2005-04-26,2.114938739580627,0.081
2005-04-27,2.3202506146914925,0.227
2005-04-28,2.1201385590521364,0.083
2005-04-29,2.0999213351516834,0.069
2005-04-30,2.095759132817494,0.069
2005-05-01,2.094487078236916,0.068
2005-05-02,2.0903363207629373,0.082
2005-05-03,2.0871098242965496,0.063
2005-05-04,2.084750135377399,0.054
2005-05-05,2.083001177025677,0.054
2005-05-06,2.081913271725019,0.053
2005-05-07,2.080627330829466,0.073
2005-05-08,2.079592617754697,0.053
2005-05-09,2.0787561866541355,0.08
2005-05-10,2.0779795401231067,0.052
2005-05-11,2.0772392784628164,0.048
2005-05-12,2.076588822148336,0.048
2005-05-13,2.0759827039478904,0.049
2005-05-14,2.075408837821949,0.047
2005-05-15,2.074857320251126,0.045
2005-05-16,2.110096357275372,0.099
2005-05-17,2.0765831627197655,0.055
2005-05-18,2.0736278622445385,0.047
2005-05-19,2.075199832746208,0.05
2005-05-20,2.0724731532146605,0.054
2005-05-21,2.0719386993780877,0.082
2005-05-22,2.0713464802463593,0.048
2005-05-23,2.070830910850268,0.044
2005-05-24,2.0703263907054854,0.042
2005-05-25,2.069798472939469,0.052
2005-05-26,2.0692833475008054,0.044
2005-05-27,2.068767976481503,0.043
2005-05-28,2.0682510666062717,0.04
2005-05-29,2.0678396506690384,0.044
2005-05-30,2.067419415662173,0.094
2005-05-31,2.0667013279763826,0.046
2005-06-01,2.06620922842931,0.045
2005-06-02,2.0656445909044368,0.044
2005-06-03,2.065299226211305,0.101
2005-06-04,2.0646056596580187,0.045
2005-06-05,2.0640652594089954,0.041
2005-06-06,2.0635209354332535,0.043
2005-06-07,2.0629874732600757,0.04
2005-06-08,2.0624542031638704,0.041
2005-06-09,2.0619205031883676,0.04
2005-06-10,2.061386487247127,0.041
2005-06-11,2.060854080596308,0.043
2005-06-12,2.0603184961157917,0.046
2005-06-13,2.059784674965473,0.048
2005-06-14,2.059345786055565,0.046
2005-06-15,2.05877572991762,0.066
2005-06-16,2.058204806403506,0.043
2005-06-17,2.0576575891851188,0.039
2005-06-18,2.0571267919176277,0.039
2005-06-19,2.056607042788727,0.041
2005-06-20,2.056086102987774,0.057
2005-06-21,2.055547717990268,0.04
2005-06-22,2.055023420042845,0.046
2005-06-23,2.054501966735486,0.046
2005-06-24,2.0541865863866704,0.147
2005-06-25,2.053480964079731,0.053
2005-06-26,2.052951808092654,0.045
2005-06-27,2.0524383073149917,0.048
2005-06-28,2.0533765015358663,0.06
2005-06-29,2.0515649670448233,0.054
2005-06-30,2.0509971898390704,0.069
2005-07-01,2.050460162275672,0.045
2005-07-02,2.0499196218224185,0.039
2005-07-03,2.049426936476659,0.039
2005-07-04,2.048975289602985,0.039
2005-07-05,2.0485696911230797,0.074
2005-07-06,2.0480544860694057,0.051
2005-07-07,2.0475845703829525,0.172
2005-07-08,2.046999531874815,0.073
2005-07-09,2.046512875442851,0.043
2005-07-10,2.046041524066856,0.04
2005-07-11,2.045570450535556,0.039
2005-07-12,2.0451038940791832,0.039
2005-07-13,2.044641721498668,0.04
2005-07-14,2.0441830519155006,0.043
2005-07-15,2.043728163193854,0.039
2005-07-16,2.0432770063772647,0.041
2005-07-17,2.0428296080562327,0.043
2005-07-18,2.042395527043365,0.046
2005-07-19,2.0419469170450655,0.042
2005-07-20,2.0415103024924055,0.045
2005-07-21,2.0410781614497986,0.039
2005-07-22,2.040649994366196,0.039
2005-07-23,2.0430549592323297,0.055
2005-07-24,2.970007637547879,0.334
2005-07-25,2.108727211699348,0.164
2005-07-26,2.3064722876064168,0.099
2005-07-27,2.0585035947161336,0.141
2005-07-28,2.0401006321467787,0.055
2005-07-29,2.0382860848760425,0.044
2005-07-30,2.1341745265256113,0.326
2005-07-31,2.047947492803119,0.089
2005-08-01,2.037666358724917,0.192
2005-08-02,2.0365911198135502,0.064
2005-08-03,2.0361076637632287,0.057
2005-08-04,2.148119120356157,0.067
2005-08-05,2.043333081280027,0.118
2005-08-06,2.035619706712707,0.046
2005-08-07,2.034676216296738,0.04
2005-08-08,2.034237302800852,0.037
2005-08-09,2.0338470838285416,0.035
2005-08-10,2.0334702626025107,0.038
2005-08-11,2.033152003159581,0.046
2005-08-12,2.0327480358055046,0.041
2005-08-13,2.066120300866639,0.089
2005-08-14,2.0345692424357624,0.08
2005-08-15,2.0320125545131593,0.045
2005-08-16,2.0314931505729907,0.036
2005-08-17,2.0311327309820073,0.035
2005-08-18,2.3164829479308047,0.168
2005-08-19,2.7083938491223396,0.518
2005-08-20,2.0797073993879276,0.091
2005-08-21,2.0339986137243664,0.053
2005-08-22,3.112865371960686,0.458
2005-08-23,2.1079489276874357,0.093
2005-08-24,2.545682679204789,0.2
2005-08-25,2.0666255584002826,0.082
2005-08-26,2.031849328018006,0.05
2005-08-27,2.0288933146901567,0.04
2005-08-28,2.0283073749442257,0.037
2005-08-29,2.0279225617919727,0.036
2005-08-30,2.0275734050502368,0.034
2005-08-31,2.027244148671595,0.034
2005-09-01,2.02693090448121,0.033
2005-09-02,2.026629939324978,0.032
2005-09-03,2.026340687551358,0.03
2005-09-04,2.152406549505763,0.066
2005-09-05,2.0350463636251517,0.066
2005-09-06,2.026396892874286,0.07
2005-09-07,2.025461747046724,0.038
2005-09-08,2.025150248510179,0.033
2005-09-09,2.024975335835196,0.04
2005-09-10,3.0860498280346182,0.682
2005-09-11,2.102160726891018,0.089
2005-09-12,2.0303568714156595,0.062
2005-09-13,2.024729986984265,0.045
2005-09-14,2.0241260185725416,0.04
2005-09-15,2.816983262681798,0.375
2005-09-16,2.0809766075592773,0.119
2005-09-17,2.027736536699764,0.054
2005-09-18,2.023521767650226,0.046
2005-09-19,2.0229368032483634,0.042
2005-09-20,2.0226405223682598,0.04
2005-09-21,2.0223807256751436,0.04
2005-09-22,2.0221359167848814,0.039
2005-09-23,2.038774242529631,0.093
2005-09-24,2.022981432936515,0.045
2005-09-25,2.0216542725799025,0.039
2005-09-26,2.112885378045327,0.053
2005-09-27,2.027778776942205,0.086
2005-09-28,2.7060128108122803,0.297
2005-09-29,2.2091406226028982,0.101
2005-09-30,2.0369361251375135,0.091
2005-10-01,2.0227238869879582,0.099
2005-10-02,2.020742176576501,0.044
2005-10-03,2.0202589915905707,0.039
2005-10-04,2.020012679036285,0.037
2005-10-05,2.019798926585782,0.037
2005-10-06,2.0195978320756303,0.035
2005-10-07,2.0194062640006236,0.034
2005-10-08,2.0192581414246535,0.036
2005-10-09,2.019047963447768,0.035
2005-10-10,2.018874140874827,0.032
2005-10-11,2.01871083727945,0.032
2005-10-12,3.101500443191369,0.369
2005-10-13,2.6922225796530306,0.188
2005-10-14,2.0773913273326565,0.056
2005-10-15,2.0313995100721938,0.043
2005-10-16,2.0297468396943605,0.04
2005-10-17,2.0245518871745425,0.038
2005-10-18,2.485661023185485,0.126
2005-10-19,3.2822868020488944,0.397
2005-10-20,2.6776685286702633,0.153
2005-10-21,2.2103249368080253,0.329
2005-10-22,2.105549517229564,0.076
2005-10-23,2.8631392725057823,0.197
2005-10-24,3.1069335339476885,0.359
2005-10-25,2.208677963464142,0.232
2005-10-26,2.120777456397493,0.073
2005-10-27,2.302747265237962,0.072
2005-10-28,2.2605684493547504,0.163
2005-10-29,2.109413798804842,0.092
2005-10-30,2.251408471552713,0.061
2005-10-31,2.8460401873126764,0.22
2005-11-01,2.522720623834327,0.23
2005-11-02,3.3565719922696777,0.506
2005-11-03,2.4218654917387887,0.207
2005-11-04,2.1627087229668587,0.096
2005-11-05,2.126507725256383,0.063
2005-11-06,2.63696344078648,0.217
2005-11-07,2.1588456603174615,0.089
2005-11-08,2.137423352078863,0.073
2005-11-09,2.105302804461821,0.062
2005-11-10,2.0941660427194817,0.053
2005-11-11,2.194669853219898,0.089
2005-11-12,2.0953171739862415,0.054
2005-11-13,2.0826347662243796,0.044
2005-11-14,2.208029541773308,0.047
2005-11-15,2.0906873416176066,0.098
2005-11-16,2.0776075503671394,0.047
2005-11-17,2.0736279639701864,0.045
2005-11-18,2.0710669736705,0.042
2005-11-19,2.0693368486893555,0.042
2005-11-20,2.0680787573285606,0.044
2005-11-21,2.067299532184612,0.042
2005-11-22,2.066385000037823,0.044
2005-11-23,2.0658433384517427,0.044
2005-11-24,2.0986245430085066,0.068
2005-11-25,2.0722136456561224,0.053
2005-11-26,2.0693798419434883,0.053
2005-11-27,2.068170587056769,0.052
2005-11-28,2.0679185403306475,0.053
2005-11-29,2.0675546754778495,0.06
2005-11-30,2.116541221614074,0.065
2005-12-01,2.60125993213503,0.209
2005-12-02,2.3986498928167173,0.208
2005-12-03,2.118227239143057,0.095
2005-12-04,2.091559375386928,0.066
2005-12-05,2.0876819664731507,0.058
2005-12-06,2.0837408686634906,0.068
2005-12-07,2.5478855600545405,0.151
2005-12-08,2.128081554469721,0.088
2005-12-09,2.09358273832702,0.055
2005-12-10,2.087382298133287,0.049
2005-12-11,2.0842305679094664,0.048
2005-12-12,2.0814765633691756,0.047
2005-12-13,2.07959787840058,0.051
2005-12-14,2.0780396354908044,0.058
2005-12-15,2.076887621756504,0.06
2005-12-16,2.075866701411424,0.057
2005-12-17,2.07509840625932,0.057
2005-12-18,2.0840723471869604,0.061
2005-12-19,2.077009714994398,0.067
2005-12-20,2.0755471666721967,0.059
2005-12-21,2.0747642139903486,0.058
2005-12-22,2.0741524557252315,0.059
2005-12-23,2.0736858505240665,0.059
2005-12-24,2.07326209743933,0.056
2005-12-25,2.0728719788409764,0.056
2005-12-26,2.0731240468789545,0.058
2005-12-27,2.073311942362918,0.059
2005-12-28,2.0725370787542614,0.056
2005-12-29,2.165106913303245,0.056
2005-12-30,3.2409722701015338,0.339
2005-12-31,2.19801940888566,0.093
2006-01-01,2.172783281098959,0.074
2006-01-02,2.1054685529498607,0.062
2006-01-03,2.1595229697846583,0.073
2006-01-04,2.1005690977036,0.058
2006-01-05,2.091208731013102,0.061
2006-01-06,2.192687815463355,0.06
2006-01-07,2.0995476819754733,0.084
2006-01-08,2.670931261929829,0.2
2006-01-09,2.1473035875798505,0.104
2006-01-10,2.1321410735913666,0.079
2006-01-11,2.103236527451171,0.088
2006-01-12,2.093965673818812,0.068
2006-01-13,2.0892957182668823,0.065
2006-01-14,2.087600090194312,0.064
2006-01-15,2.083468782034382,0.064
2006-01-16,2.439154506522796,0.099
2006-01-17,2.147941648218066,0.089
2006-01-18,2.164437662203584,0.114
2006-01-19,2.1015619779731236,0.075
2006-01-20,2.091511344619933,0.073
2006-01-21,2.0871375393420766,0.064
2006-01-22,2.084158258438868,0.058
2006-01-23,2.08190322717198,0.059
2006-01-24,2.0797802124813343,0.053
2006-01-25,2.0781814816568622,0.054
2006-01-26,2.0773192843696453,0.059
2006-01-27,2.076036243073437,0.072
2006-01-28,2.075027068681434,0.071
2006-01-29,2.0740240516428967,0.068
2006-01-30,2.0733084279532297,0.062
2006-01-31,2.0726963460854617,0.086
2006-02-01,2.072151119504397,0.081
2006-02-02,2.071649541997998,0.052
2006-02-03,2.0711815838624714,0.047
2006-02-04,2.070741653126262,0.045
2006-02-05,2.0703203075514,0.045
2006-02-06,2.069911361014304,0.045
2006-02-07,2.181822563057297,0.064
2006-02-08,2.0827807433315577,0.055
2006-02-09,2.074219253671427,0.047
2006-02-10,2.0723842469023137,0.047
2006-02-11,2.525721013359819,0.054
2006-02-12,2.652572366043224,0.205
2006-02-13,2.1413715276325824,0.068
2006-02-14,3.2437050981672466,0.278
2006-02-15,2.222210901598403,0.223
2006-02-16,2.1793936491034813,0.127
2006-02-17,2.1217437532200765,0.084
2006-02-18,2.305082958355985,0.158
2006-02-19,3.3263793806893127,0.602
2006-02-20,2.2449225912333715,0.201
2006-02-21,2.2464136431164468,0.144
2006-02-22,2.1460855372032293,0.109
2006-02-23,2.6403639019565106,0.282
2006-02-24,2.174583413166779,0.115
2006-02-25,2.1292427985341913,0.084
2006-02-26,2.116656014424694,0.07
2006-02-27,2.1137711408447233,0.072
2006-02-28,2.1021144716909483,0.066
2006-03-01,2.0965558213739093,0.078
2006-03-02,2.0927732261816576,0.065
2006-03-03,2.0891959028269356,0.059
2006-03-04,2.0865877407924556,0.055
2006-03-05,2.0845295076765225,0.053
2006-03-06,2.083797530980025,0.102
2006-03-07,2.8398622897165136,0.191
2006-03-08,2.696011675446064,0.249
2006-03-09,2.4534638571316227,0.226
2006-03-10,2.163685123305396,0.09
2006-03-11,2.1304502449453246,0.066
2006-03-12,2.1192201003586866,0.057
2006-03-13,2.1114527514039345,0.068
2006-03-14,2.1083707391487647,0.052
2006-03-15,2.1007233996253074,0.046
2006-03-16,2.0969085842542343,0.044
2006-03-17,2.093661832462283,0.044
2006-03-18,2.091162582866559,0.046
2006-03-19,2.0892092079645357,0.073
2006-03-20,2.087651838499572,0.042
2006-03-21,2.086399400476698,0.041
2006-03-22,2.0853848625205145,0.04
2006-03-23,2.2548476017661434,0.054
2006-03-24,2.1674892745869876,0.094
2006-03-25,2.154159571341535,0.085
2006-03-26,2.113582950435033,0.06
2006-03-27,2.1017620025604535,0.06
2006-03-28,2.4684575535948223,0.233
2006-03-29,2.8428141206126827,0.308
2006-03-30,2.178308435379059,0.143
2006-03-31,2.3481014519466914,0.158
2006-04-01,2.5463634622218576,0.207
2006-04-02,2.1951108668733954,0.223
2006-04-03,2.1378282112924283,0.092
2006-04-04,2.1248622188222592,0.077
2006-04-05,2.1168234339450005,0.06
2006-04-06,2.1106045839023353,0.057
2006-04-07,2.1060796668768416,0.054
2006-04-08,2.101988148883485,0.052
2006-04-09,3.2434904212068876,0.385
2006-04-10,2.2045967447676573,0.148
2006-04-11,2.4747575772071873,0.206
2006-04-12,2.156211181201157,0.097
2006-04-13,2.126772394696108,0.074
2006-04-14,2.220867669731157,0.209
2006-04-15,2.1386711343481557,0.122
2006-04-16,2.1184508531018573,0.078
2006-04-17,2.1112996795926167,0.069
2006-04-18,2.1074811471854837,0.062
2006-04-19,2.1034135942231806,0.057
2006-04-20,2.1012252254081853,0.055
2006-04-21,2.0983873655838314,0.051
2006-04-22,2.0970999820416965,0.05
2006-04-23,2.124554330251946,0.066
2006-04-24,2.1017770111052534,0.054
2006-04-25,2.0983337685846233,0.051
2006-04-26,2.096068699388292,0.042
2006-04-27,2.0944873724362356,0.042
2006-04-28,2.093202451628589,0.04
2006-04-29,2.092868628453724,0.044
2006-04-30,2.8557093604210104,0.137
2006-05-01,2.149931649899395,0.147
2006-05-02,2.0973848479135873,0.059
2006-05-03,2.0923386823425387,0.049
2006-05-04,2.0909670402395877,0.047
2006-05-05,2.0899961740670236,0.044
2006-05-06,2.3978874384156272,0.153
2006-05-07,2.6680149791371206,0.078
2006-05-08,2.172373564868123,0.389
2006-05-09,2.1207292746971818,0.072
2006-05-10,2.109525615902575,0.055
2006-05-11,2.1045064620658125,0.047
2006-05-12,2.102152527727102,0.047
2006-05-13,2.1030943560309985,0.057
2006-05-14,2.095618149509649,0.043
2006-05-15,2.0931471203062983,0.039
2006-05-16,2.097585104543421,0.083
2006-05-17,2.150741982966575,0.063
2006-05-18,2.1008823272591233,0.048
2006-05-19,3.0766056831552064,0.277
2006-05-20,2.190388672639052,0.166
2006-05-21,2.9487651118288314,0.266
2006-05-22,2.325790356930086,0.185
2006-05-23,2.1634350560219273,0.116
2006-05-24,3.154466309082814,0.344
2006-05-25,2.5382304840457572,0.191
2006-05-26,2.1975644570721395,0.174
2006-05-27,2.302106457407622,0.166
2006-05-28,2.166387724987719,0.078
2006-05-29,2.1989636018981558,0.2
2006-05-30,2.145154035134245,0.067
2006-05-31,2.1317968663161238,0.052
2006-06-01,2.1232835537485597,0.048
2006-06-02,2.1166806924248194,0.045
2006-06-03,2.1114182726915316,0.044
2006-06-04,2.107366877799887,0.039
2006-06-05,2.103874872062229,0.039
2006-06-06,2.1011725658534184,0.037
2006-06-07,2.0990061192714276,0.036
2006-06-08,2.097253096875259,0.038
2006-06-09,2.0958265828283293,0.036
2006-06-10,2.0946551015398063,0.036
2006-06-11,2.0936822463336027,0.034
2006-06-12,2.421396199923525,0.082
2006-06-13,3.1824430320764776,0.241
2006-06-14,2.189206147461248,0.065
2006-06-15,2.0984436853037014,0.044
2006-06-16,2.0916056225903468,0.04
2006-06-17,2.090593727459757,0.039
2006-06-18,2.090041116544187,0.043
2006-06-19,2.089589064307162,0.042
2006-06-20,2.091420872030465,0.039
2006-06-21,2.088813533272247,0.043
2006-06-22,2.08821050158125,0.037
2006-06-23,2.0926004669685008,0.038
2006-06-24,2.0878591573655196,0.04
2006-06-25,2.1069147621026527,0.05
2006-06-26,2.1510187775347025,0.221
2006-06-27,2.1017252722865383,0.053
2006-06-28,2.0957056098915423,0.04
2006-06-29,2.093155849665749,0.035
2006-06-30,2.09119893888707,0.034
2006-07-01,2.0895549137884135,0.038
2006-07-02,2.088147287032535,0.033
2006-07-03,2.0869256346959117,0.031
2006-07-04,2.086018597733201,0.082
2006-07-05,2.0850119241382057,0.178
2006-07-06,2.0840391547737886,0.039
2006-07-07,2.0832292558964385,0.032
2006-07-08,2.082528713254748,0.036
2006-07-09,2.081780420083075,0.041
2006-07-10,2.08127292397964,0.056
2006-07-11,2.080471948274027,0.048
2006-07-12,2.0798352462673892,0.033
2006-07-13,2.0792187806409785,0.032
2006-07-14,2.0786146755153547,0.028
2006-07-15,2.078017580583652,0.029
2006-07-16,2.077425054957338,0.03
2006-07-17,2.07683535883113,0.027
2006-07-18,2.0762471887633525,0.028
2006-07-19,2.075660120391959,0.024
2006-07-20,2.0750718686082834,0.025
2006-07-21,2.0746150687877596,0.099
2006-07-22,2.0739740195652367,0.096
2006-07-23,2.073309900622687,0.056
2006-07-24,2.072712401712806,0.031
2006-07-25,2.072152072435362,0.042
2006-07-26,2.071531585631793,0.032
2006-07-27,2.0709702600863076,0.027
2006-07-28,2.0703362607117066,0.026
2006-07-29,2.0697423607072434,0.026
2006-07-30,2.06914100808792,0.026
2006-07-31,2.0686333947876965,0.033
2006-08-01,2.0679507199900877,0.048
2006-08-02,2.067424681950521,0.04
2006-08-03,2.0667523947227036,0.034
2006-08-04,2.066147078202161,0.029
2006-08-05,2.0655489659165287,0.027
2006-08-06,2.0649639624631293,0.028
2006-08-07,2.064413984713128,0.05
2006-08-08,2.063772576371505,0.028
2006-08-09,2.063169895159123,0.031
2006-08-10,2.062577497205517,0.028
2006-08-11,2.0620179030728827,0.03
2006-08-12,2.2968705900628135,0.082
2006-08-13,2.8364580511510535,0.427
2006-08-14,2.1163848745630593,0.09
2006-08-15,2.064310045484658,0.05
2006-08-16,2.0599458365069028,0.052
2006-08-17,2.6228344029572406,0.251
2006-08-18,2.098714391142158,0.12
2006-08-19,2.0609639523035446,0.056
2006-08-20,2.0574882608409566,0.04
2006-08-21,2.0566957538626127,0.134
2006-08-22,2.05598641185768,0.046
2006-08-23,3.1346327892209382,0.406
2006-08-24,2.1405904397667905,0.143
2006-08-25,2.060781983401199,0.064
2006-08-26,2.0546214500984976,0.093
2006-08-27,2.170559030706475,0.089
2006-08-28,2.061390209666122,0.194
2006-08-29,2.053006477900605,0.053
2006-08-30,2.0517936323761354,0.038
2006-08-31,2.051159671404759,0.027
2006-09-01,2.0505795701007377,0.025
2006-09-02,2.050045861143087,0.025
2006-09-03,2.049475572449188,0.026
2006-09-04,2.048938616730597,0.024
2006-09-05,2.048412672320873,0.021
2006-09-06,2.0478950761406685,0.02
2006-09-07,2.047385058252058,0.021
2006-09-08,2.046881391227762,0.019
2006-09-09,2.046384438346821,0.02
2006-09-10,2.0458929206084857,0.02
2006-09-11,2.561273079956675,0.116
2006-09-12,2.803779630967816,0.289
2006-09-13,3.182651568226296,0.533
2006-09-14,2.1341609323940673,0.089
2006-09-15,2.0509980464993873,0.044
2006-09-16,2.0443722401447033,0.032
2006-09-17,2.043338048010924,0.028
2006-09-18,2.0428926418933107,0.026
2006-09-19,2.0422175159288773,0.023
2006-09-20,2.0416763516029306,0.031
2006-09-21,2.2262058182979243,0.209
2006-09-22,2.7954788642749078,0.306
2006-09-23,2.133817000234094,0.061
2006-09-24,2.0795010895402717,0.043
2006-09-25,2.592613418602198,0.15
2006-09-26,2.122275136500125,0.05
2006-09-27,2.0793899196181305,0.045
2006-09-28,2.64809612115606,0.4
2006-09-29,2.8518714920606576,0.368
2006-09-30,2.2118104549307014,0.156
2006-10-01,2.964566571678175,0.194
2006-10-02,2.19721848913986,0.07
2006-10-03,2.118857346708913,0.045
2006-10-04,2.100122385611207,0.036
2006-10-05,2.4957943752296714,0.108
2006-10-06,3.0710535662648923,0.765
2006-10-07,2.1975641538212045,0.095
2006-10-08,2.120630502242989,0.051
2006-10-09,2.1074862621821815,0.035
2006-10-10,2.1862455031526338,0.127
2006-10-11,2.4736670386988693,0.225
2006-10-12,2.1317483631417686,0.055
2006-10-13,2.097770094128994,0.034
2006-10-14,2.087793241376758,0.03
2006-10-15,2.0812271617268245,0.03
2006-10-16,2.0763088126634432,0.027
2006-10-17,2.0746320104286324,0.027
2006-10-18,2.1498323499014793,0.03
2006-10-19,2.217596869599853,0.085
2006-10-20,2.2370863889371564,0.072
2006-10-21,2.0949686566572834,0.045
2006-10-22,3.0519977646686507,0.253
2006-10-23,3.422830949260761,0.559
2006-10-24,2.7971893053848653,0.3
2006-10-25,2.363174182939311,0.129
2006-10-26,2.1600319720326095,0.077
2006-10-27,2.132573746158262,0.05
2006-10-28,2.1179981219848107,0.054
2006-10-29,2.1078359816776664,0.052
2006-10-30,2.1001475228007838,0.042
2006-10-31,2.0940931298291967,0.043
2006-11-01,2.0893441372428097,0.033
2006-11-02,2.0856674301646634,0.026
2006-11-03,2.0828420483495886,0.024
2006-11-04,2.080850539956503,0.027
2006-11-05,2.0789756252687868,0.03
2006-11-06,2.077702181302261,0.042
2006-11-07,2.076706731757392,0.045
2006-11-08,2.0774577161926517,0.045
2006-11-09,2.075574560486408,0.055
2006-11-10,2.9410027300558674,0.222
2006-11-11,2.169108392428903,0.12
2006-11-12,2.109197014993775,0.073
2006-11-13,2.098142045483154,0.07
2006-11-14,2.1554874921634197,0.087
2006-11-15,2.3639699384798485,0.072
2006-11-16,2.644593526010395,0.337
2006-11-17,3.3769918865004076,0.647
2006-11-18,2.3892956275440422,0.12
2006-11-19,2.3711895012519,0.067
2006-11-20,2.1738532519417726,0.081
2006-11-21,2.1435462800822482,0.086
2006-11-22,2.931017752684308,0.227
2006-11-23,2.2151528093438717,0.194
2006-11-24,2.7070043973802207,0.14
2006-11-25,2.650662963360348,0.36
2006-11-26,2.2667014195758934,0.099
2006-11-27,2.6179805277414676,0.126
2006-11-28,2.209850550710546,0.214
2006-11-29,2.1617373280353465,0.081
2006-11-30,2.1864400843204876,0.099
2006-12-01,2.6935112000912595,0.25
2006-12-02,3.066662646962201,0.267
2006-12-03,2.2557650361281465,0.556
2006-12-04,2.6541441822217235,0.163
2006-12-05,2.410596698073427,0.507
2006-12-06,3.4539219925453324,0.468
2006-12-07,3.363634038510076,0.916
2006-12-08,2.3947202530849783,0.369
2006-12-09,2.2531026301891486,0.175
2006-12-10,2.497445465432656,0.162
2006-12-11,2.4660525819008057,0.236
2006-12-12,2.233970721361428,0.152
2006-12-13,2.198912020596158,0.122
2006-12-14,2.182639030279697,0.111
2006-12-15,2.7335906088463755,0.158
2006-12-16,2.2316310231383656,0.2
2006-12-17,2.1837046215431575,0.113
2006-12-18,2.1709376555192943,0.095
2006-12-19,2.1620888381083683,0.084
2006-12-20,2.1558738792359713,0.091
2006-12-21,2.1506324913606933,0.065
2006-12-22,2.1467987030908966,0.053
2006-12-23,2.1437869916048493,0.051
2006-12-24,2.141586724410085,0.051
2006-12-25,2.1398701858521716,0.053
2006-12-26,2.1389560775215806,0.052
2006-12-27,2.1379720595141554,0.048
2006-12-28,2.137001533151996,0.043
2006-12-29,2.9976769399391627,0.235
2006-12-30,2.929329824185865,0.35
2006-12-31,2.7862446099730893,0.294
2007-01-01,2.7383717121229685,0.254
2007-01-02,2.2713341709787365,0.135
2007-01-03,2.523300338955178,0.328
2007-01-04,2.2439381274385264,0.154
2007-01-05,2.213556677082576,0.099
2007-01-06,3.4427362961512187,0.62
2007-01-07,2.685395818349451,0.272
2007-01-08,2.3020536129533973,0.265
2007-01-09,2.9103236949758107,0.214
2007-01-10,2.374987480325635,0.332
2007-01-11,2.4286564103279966,0.761
2007-01-12,2.276203822907839,0.199
2007-01-13,2.255338720871149,0.115
2007-01-14,2.228565392496526,0.094
2007-01-15,2.2184537728718983,0.084
2007-01-16,2.5595950644739283,0.116
2007-01-17,3.4660591221729664,0.585
2007-01-18,2.720701321192237,0.456
2007-01-19,2.4527526090982463,0.189
2007-01-20,2.32083912262198,0.172
2007-01-21,2.291336148778801,0.112
2007-01-22,2.4042811327850964,0.136
2007-01-23,2.27530572381189,0.286
2007-01-24,2.357737311739809,0.472
2007-01-25,2.2562390121610707,0.128
2007-01-26,2.2363336532659353,0.087
2007-01-27,2.2228099415903784,0.086
2007-01-28,2.2144069933769726,0.079
2007-01-29,2.2080050105257647,0.074
2007-01-30,2.2029888628607543,0.067
2007-01-31,2.199054875402272,0.064
2007-02-01,2.1960013538826595,0.063
2007-02-02,2.1935545334489768,0.061
2007-02-03,2.191675080831993,0.06
2007-02-04,2.190144744768806,0.06
2007-02-05,2.1895762630542737,0.067
2007-02-06,2.1880078138313235,0.06
2007-02-07,2.7395377322369527,0.059
2007-02-08,2.6155398694945573,0.242
2007-02-09,2.6410035804521135,0.135
2007-02-10,3.0954165459070078,0.374
2007-02-11,2.8235405672974454,0.337
2007-02-12,2.9560052211535233,0.501
2007-02-13,3.85405998290426,0.662
2007-02-14,3.2965682065814934,0.816
2007-02-15,2.5090080032814925,0.254
2007-02-16,2.4072173205499663,0.181
2007-02-17,2.3640459991802727,0.138
2007-02-18,2.333127384165538,0.111
2007-02-19,2.31123491607708,0.104
2007-02-20,3.0933204359726747,0.24
2007-02-21,2.399013894812002,0.179
2007-02-22,2.739288059721433,0.175
2007-02-23,2.6351357473865296,0.242
2007-02-24,3.5751867886757154,0.597
2007-02-25,2.55910634293151,0.343
2007-02-26,2.9253822600007893,0.234
2007-02-27,2.997228733051842,0.363
2007-02-28,3.4367613721277936,0.694
2007-03-01,2.549957448618266,0.283
2007-03-02,3.2605200784662696,0.345
2007-03-03,2.5318070865338145,0.212
2007-03-04,3.4245502383933677,0.516
2007-03-05,3.7871246547568567,0.57
2007-03-06,2.654558955596052,0.577
2007-03-07,2.506521174417641,0.253
2007-03-08,2.5619350304879434,0.192
2007-03-09,2.4446595361224643,0.154
2007-03-10,2.4049818680526687,0.118
2007-03-11,2.3788531606678833,0.104
2007-03-12,2.358663659083846,0.093
2007-03-13,2.3429200435363535,0.084
2007-03-14,2.330766570602092,0.077
2007-03-15,2.321221522187032,0.071
2007-03-16,2.3137212680026225,0.068
2007-03-17,2.311783259670117,0.067
2007-03-18,2.3112125731283695,0.078
2007-03-19,2.305584171509423,0.071
2007-03-20,2.2999358853533263,0.063
2007-03-21,2.296055190702131,0.058
2007-03-22,2.2979684813976418,0.053
2007-03-23,2.2953108558002353,0.055
2007-03-24,2.2928364608598373,0.051
2007-03-25,2.2916667275860605,0.049
2007-03-26,2.2910131647573726,0.049
2007-03-27,2.290489325726195,0.049
2007-03-28,2.291802013459015,0.048
2007-03-29,2.2984811598098087,0.062
2007-03-30,2.595773119923937,0.176
2007-03-31,2.325131698404708,0.064
2007-04-01,2.3023902120403,0.054
2007-04-02,2.297978327668584,0.052
2007-04-03,2.2953298928735086,0.055
2007-04-04,2.2931022085638184,0.049
2007-04-05,2.2911309311790236,0.049
2007-04-06,2.289364512289812,0.049
2007-04-07,2.287726489020248,0.049
2007-04-08,2.2861903191045654,0.048
2007-04-09,2.284719562437778,0.048
2007-04-10,2.283288802994405,0.048
2007-04-11,2.2818785229514047,0.048
2007-04-12,2.2804736872954865,0.048
2007-04-13,2.2790629695263007,0.048
2007-04-14,2.277638178662388,0.048
2007-04-15,2.2761906215845915,0.048
2007-04-16,2.274718109004296,0.046
2007-04-17,2.2732166620350402,0.046
2007-04-18,2.2716841036733855,0.046
2007-04-19,2.270119156627127,0.043
2007-04-20,2.2685212647362105,0.042
2007-04-21,2.2668903825819178,0.04
2007-04-22,2.2652270159605985,0.039
2007-04-23,2.263533545646306,0.038
2007-04-24,2.261805538487496,0.04
2007-04-25,2.260145948861372,0.04
2007-04-26,2.2583023938927784,0.05
2007-04-27,2.256454233808121,0.039
2007-04-28,2.254613254939473,0.038
2007-04-29,2.2527502545400826,0.038
2007-04-30,2.2508644631819528,0.038
2007-05-01,2.24895691652315,0.038
2007-05-02,2.2470292667824516,0.037
2007-05-03,2.2450829013128923,0.037
2007-05-04,2.243119219077209,0.036
2007-05-05,2.2411396031382056,0.037
2007-05-06,2.2391659636827774,0.037
2007-05-07,3.097692340684866,0.566
2007-05-08,2.2975904290134044,0.066
2007-05-09,2.2381136728162048,0.062
2007-05-10,2.4238495634763817,0.125
2007-05-11,2.580463270481017,0.291
2007-05-12,2.253146253011453,0.12
2007-05-13,2.5924788944899104,0.235
2007-05-14,2.2584325722593497,0.136
2007-05-15,2.2280149987152904,0.067
2007-05-16,2.4024447175245323,0.146
2007-05-17,2.239775095640243,0.09
2007-05-18,2.2238776829903744,0.059
2007-05-19,2.2193509845295503,0.051
2007-05-20,2.215985205638598,0.047
2007-05-21,2.214577054312668,0.066
2007-05-22,2.2102257697805094,0.045
2007-05-23,2.207441401652325,0.043
2007-05-24,2.204895501346713,0.043
2007-05-25,2.2024657601716484,0.042
2007-05-26,2.781349160877218,0.089
2007-05-27,3.5047334274697546,1.392
2007-05-28,3.512665307143958,0.508
2007-05-29,3.2334191561071384,0.153
2007-05-30,2.346983156568797,0.107
2007-05-31,2.258355188490166,0.075
2007-06-01,2.2391890119838407,0.061
2007-06-02,2.227825440032602,0.051
2007-06-03,2.2189985661170297,0.054
2007-06-04,2.2113558877625166,0.048
2007-06-05,2.2050130708091813,0.045
2007-06-06,2.1996917763016812,0.043
2007-06-07,2.202508628761587,0.041
2007-06-08,2.192317375383476,0.044
2007-06-09,2.1878473522436432,0.039
2007-06-10,2.1846876004003124,0.039
2007-06-11,2.181917932822272,0.039
2007-06-12,2.1795405300845343,0.039
2007-06-13,2.190426050339332,0.045
2007-06-14,2.19133488368395,0.057
2007-06-15,2.184987913078041,0.041
2007-06-16,2.1857707479689155,0.127
2007-06-17,2.1789965628099073,0.047
2007-06-18,2.1704949437719634,0.049
2007-06-19,2.381756448220321,0.084
2007-06-20,2.19747647531664,0.051
2007-06-21,2.185375949468192,0.043
2007-06-22,2.177261747733544,0.048
2007-06-23,2.2123668448975518,0.052
2007-06-24,2.486039139002773,0.136
2007-06-25,2.2129070088079823,0.05
2007-06-26,2.178372495212801,0.044
2007-06-27,2.4218736833526564,0.156
2007-06-28,2.204219247001582,0.055
2007-06-29,2.183586339411424,0.171
2007-06-30,2.8920666883635233,0.215
2007-07-01,2.2341192656067896,0.088
2007-07-02,2.7117077566369203,0.258
2007-07-03,2.640281344366756,0.302
2007-07-04,2.246780786317961,0.089
2007-07-05,2.201228694334168,0.052
2007-07-06,2.1840466828985616,0.046
2007-07-07,2.175055828635071,0.044
2007-07-08,2.1680680658348854,0.042
2007-07-09,2.1674159836112605,0.042
2007-07-10,2.157828683155851,0.038
2007-07-11,2.153466971065439,0.032
2007-07-12,2.150222623101037,0.031
2007-07-13,2.1474394223345428,0.032
2007-07-14,2.1447501273860303,0.032
2007-07-15,2.6151428094457025,0.09
2007-07-16,2.1796213667402924,0.035
2007-07-17,2.146156583646788,0.035
2007-07-18,2.1418698041165194,0.045
2007-07-19,2.352436329390728,0.11
2007-07-20,3.357435328143794,0.637
2007-07-21,3.416759383745359,0.137
2007-07-22,2.3072849410098355,0.06
2007-07-23,2.7282089285864743,0.237
2007-07-24,2.253435865365912,0.07
2007-07-25,2.2043491025837025,0.046
2007-07-26,2.204930815712088,0.072
2007-07-27,2.1835572367857,0.062
2007-07-28,3.4404201705184865,0.623
2007-07-29,2.604681566439905,0.176
2007-07-30,2.2457024503558007,0.067
2007-07-31,2.2036156496941643,0.056
2007-08-01,2.187575967653259,0.041
2007-08-02,2.1761208191334944,0.038
2007-08-03,2.166787713702589,0.035
2007-08-04,2.159347219315867,0.032
2007-08-05,2.153500458903521,0.032
2007-08-06,2.148446620979672,0.033
2007-08-07,2.1500559831571366,0.041
2007-08-08,2.141568225721672,0.029
2007-08-09,2.138442275801268,0.027
2007-08-10,2.136141610163552,0.027
2007-08-11,2.1341859820192255,0.026
2007-08-12,2.1335712567278167,0.026
2007-08-13,2.187248139851948,0.037
2007-08-14,2.644518228343337,0.271
2007-08-15,2.458028068205236,0.187
2007-08-16,2.179294559266821,0.062
2007-08-17,2.1540646667279915,0.04
2007-08-18,2.2930181828330354,0.051
2007-08-19,2.444991072301514,0.243
2007-08-20,2.1776432549816556,0.078
2007-08-21,2.156050552963616,0.061
2007-08-22,2.156730088540081,0.078
2007-08-23,2.24060353846173,0.117
2007-08-24,2.1501712408721176,0.045
2007-08-25,2.1396732613389924,0.034
2007-08-26,2.1355445356397933,0.031
2007-08-27,2.1324443788521106,0.03
2007-08-28,2.1298678913337805,0.029
2007-08-29,2.12768245069938,0.037
2007-08-30,2.125804245373395,0.026
2007-08-31,2.124169778172038,0.026
2007-09-01,2.1227220344796134,0.026
2007-09-02,2.121460933726519,0.034
2007-09-03,2.12024586102158,0.031
2007-09-04,2.119151685523333,0.033
2007-09-05,2.118129016498435,0.026
2007-09-06,2.1171594115837427,0.036
2007-09-07,2.1162293751070154,0.026
2007-09-08,2.1153288477196996,0.024
2007-09-09,2.1144499510934365,0.024
2007-09-10,2.1135863463508766,0.026
2007-09-11,2.1127331519348385,0.024
2007-09-12,2.1118867063821662,0.024
2007-09-13,2.1110440137119584,0.025
2007-09-14,2.1102027699054715,0.028
2007-09-15,2.109361829063331,0.03
2007-09-16,2.1085197853085553,0.037
2007-09-17,2.1076837568738536,0.041
2007-09-18,2.1068290513905272,0.038
2007-09-19,2.1060144668282677,0.033
2007-09-20,2.105142733947849,0.031
2007-09-21,2.1042704349362173,0.027
2007-09-22,2.1034103653674174,0.032
2007-09-23,2.963860705835541,0.082
2007-09-24,2.1639043528043342,0.234
2007-09-25,2.1057979038361028,0.129
2007-09-26,2.100601917654244,0.047
2007-09-27,2.099340605063382,0.032
2007-09-28,2.98347260582523,0.31
2007-09-29,2.1615454415693454,0.092
2007-09-30,2.107322617851368,0.057
2007-10-01,2.859423088945013,0.294
2007-10-02,2.169928615251918,0.123
2007-10-03,2.1119425809930465,0.059
2007-10-04,2.1043664646149245,0.047
2007-10-05,2.1011760648112374,0.036
2007-10-06,2.0986998707553686,0.033
2007-10-07,2.096550296019833,0.032
2007-10-08,2.098409409520801,0.032
2007-10-09,3.3000768745513818,0.682
2007-10-10,2.76066567614513,0.106
2007-10-11,2.1790264737471854,0.062
2007-10-12,2.128236131169024,0.054
2007-10-13,2.117469428971912,0.042
2007-10-14,2.111010267662751,0.039
2007-10-15,2.1079963603997323,0.037
2007-10-16,2.338940679586969,0.045
2007-10-17,2.129623075593233,0.05
2007-10-18,2.1092098530723384,0.034
2007-10-19,2.10335195617521,0.03
2007-10-20,2.0993292911628387,0.031
2007-10-21,2.096049627603827,0.032
2007-10-22,2.0934201834391595,0.032
2007-10-23,2.091075147171553,0.036
2007-10-24,2.0891403271282507,0.031
2007-10-25,2.08951484192695,0.031
2007-10-26,2.0862196998695226,0.032
2007-10-27,2.0849879505236824,0.038
2007-10-28,2.433178726557021,0.074
2007-10-29,2.123488322193378,0.05
2007-10-30,2.0973530940770027,0.035
2007-10-31,2.092311905259614,0.033
2007-11-01,2.0893225778042104,0.037
2007-11-02,2.086923723435738,0.038
2007-11-03,2.084922323263558,0.038
2007-11-04,2.0832185390292044,0.039
2007-11-05,2.08177885198632,0.052
2007-11-06,2.0804488179152942,0.049
2007-11-07,2.079318071134059,0.054
2007-11-08,2.5163838031610473,0.133
2007-11-09,2.1249287736538593,0.055
2007-11-10,2.0933535054180012,0.038
2007-11-11,2.10176920852004,0.059
2007-11-12,2.1086978100052356,0.041
2007-11-13,2.0916015111094337,0.047
2007-11-14,2.0860098902923894,0.054
2007-11-15,2.083073424172285,0.041
2007-11-16,2.0807106179813784,0.041
2007-11-17,2.0797398227811397,0.043
2007-11-18,3.2736775992583977,0.266
2007-11-19,3.4324012360131384,0.836
2007-11-20,3.409695763528467,0.335
2007-11-21,2.9880323426349777,0.248
2007-11-22,2.256855657658643,0.179
2007-11-23,2.1790536523579593,0.099
2007-11-24,2.157100573392805,0.067
2007-11-25,2.1403691674986063,0.054
2007-11-26,2.1284932293115237,0.06
2007-11-27,2.118938568872608,0.054
2007-11-28,2.392462641869289,0.055
2007-11-29,2.1394777113952896,0.112
2007-11-30,3.3257676078735985,0.38
2007-12-01,2.248844507006796,0.143
2007-12-02,2.637172963009576,0.213
2007-12-03,2.19435076175597,0.09
2007-12-04,2.367676169090593,0.065
2007-12-05,2.334187179787329,0.168
2007-12-06,2.819013477493227,0.272
2007-12-07,2.2162440792047287,0.122
2007-12-08,2.7567098017814864,0.214
2007-12-09,2.4197906902172335,0.157
2007-12-10,2.1861356588551164,0.11
2007-12-11,2.1553046948817984,0.074
2007-12-12,2.1422979946623055,0.061
2007-12-13,2.1337361881200065,0.054
2007-12-14,2.1254397963594145,0.051
2007-12-15,2.1195456158733195,0.047
2007-12-16,2.1150210945987653,0.045
2007-12-17,2.1113826397578,0.044
2007-12-18,2.108570677175571,0.045
2007-12-19,2.1063891159265427,0.047
2007-12-20,2.1047486569934533,0.036
2007-12-21,2.103426278305403,0.037
2007-12-22,2.1024577920302243,0.035
2007-12-23,2.1020685589869132,0.035
2007-12-24,2.188037836963075,0.038
2007-12-25,3.06043769550249,0.299
2007-12-26,2.2101899077956015,0.081
2007-12-27,2.141335654097815,0.058
2007-12-28,2.814878838923042,0.198
2007-12-29,2.202439419833961,0.145
2007-12-30,2.148738398597187,0.075
2007-12-31,2.1378503650900282,0.065
2008-01-01,2.1731224907909175,0.059
2008-01-02,2.1327680592974976,0.056
2008-01-03,2.1257725394360736,0.052
2008-01-04,2.5761900764899277,0.129
2008-01-05,2.169552396021102,0.09
2008-01-06,2.134818805885801,0.058
2008-01-07,2.1496798891405016,0.054
2008-01-08,2.6642293598665376,0.223
2008-01-09,2.184222510687489,0.125
2008-01-10,3.347874127869188,0.132
2008-01-11,2.9966355014216837,0.84
2008-01-12,2.311275132924775,0.205
2008-01-13,2.335275589441176,0.144
2008-01-14,3.0015122139422528,0.201
2008-01-15,3.475699900458545,1.061
2008-01-16,2.352492429995126,0.268
2008-01-17,2.8655054880555233,0.211
2008-01-18,2.29622825747043,0.235
2008-01-19,2.228530954237856,0.127
2008-01-20,2.2033908945895533,0.103
2008-01-21,2.383823919902074,0.117
2008-01-22,2.2047333343335542,0.082
2008-01-23,2.1787548817580866,0.073
2008-01-24,2.167983279553618,0.066
2008-01-25,2.1591781465546216,0.061
2008-01-26,2.1527755479609265,0.056
2008-01-27,2.1477813508633754,0.056
2008-01-28,2.1437882462413245,0.052
2008-01-29,2.6992621736718756,0.118
2008-01-30,2.205677271177398,0.119
2008-01-31,2.639591888752931,0.251
2008-02-01,2.2131709179907784,0.095
2008-02-02,2.1736126500612283,0.07
2008-02-03,2.2753698414872643,0.075
2008-02-04,2.6386258738129946,0.155
2008-02-05,2.2226440037819195,0.189
2008-02-06,2.1793468180009437,0.085
2008-02-07,2.1689036484690565,0.069
2008-02-08,2.1618374642439475,0.063
2008-02-09,2.1565197747848552,0.059
2008-02-10,2.152538758759505,0.054
2008-02-11,2.149234556936994,0.053
2008-02-12,2.146703018759003,0.055
2008-02-13,2.144396207202693,0.056
2008-02-14,2.1430882677341825,0.047
2008-02-15,2.141053686126721,0.046
2008-02-16,2.1398462836440983,0.046
2008-02-17,2.1390489693029218,0.046
2008-02-18,2.1380738763660028,0.045
2008-02-19,2.137482027539502,0.045
2008-02-20,2.136655511840721,0.045
2008-02-21,2.1360265860609826,0.048
2008-02-22,2.135441012326636,0.047
2008-02-23,2.1348808712090994,0.045
2008-02-24,2.175380346583956,0.056
2008-02-25,2.3831085457636743,0.075
2008-02-26,2.167951137548396,0.091
2008-02-27,2.1487097693840074,0.051
2008-02-28,2.144303351822461,0.047
2008-02-29,2.1457826117597447,0.053
2008-03-01,2.1394810433517515,0.049
2008-03-02,2.13726800570977,0.069
2008-03-03,2.135516326920715,0.047
2008-03-04,2.134085255808962,0.05
2008-03-05,2.1327101159099877,0.045
2008-03-06,2.149698095662956,0.044
2008-03-07,2.1363331214495287,0.066
2008-03-08,2.3575330821060443,0.098
2008-03-09,3.31714404115571,0.225
2008-03-10,3.3130270240873054,1.014
2008-03-11,2.2942677098093354,0.2
2008-03-12,2.194707856268834,0.116
2008-03-13,2.231270865206631,0.113
2008-03-14,2.1833299547766107,0.088
2008-03-15,3.2609142718965773,0.392
2008-03-16,2.3736753986811245,0.318
2008-03-17,2.213710549930212,0.149
2008-03-18,2.188242700422165,0.11
2008-03-19,2.1755586180454634,0.091
2008-03-20,2.676833922295817,0.22
2008-03-21,2.3883466233048196,0.182
2008-03-22,2.2041312471489345,0.141
2008-03-23,2.197224287068078,0.131
2008-03-24,2.1763375705631307,0.099
2008-03-25,2.1636163119240277,0.086
2008-03-26,2.971074430018859,0.408
2008-03-27,2.240588394100733,0.188
2008-03-28,2.819862522696852,0.537
2008-03-29,2.857051863960192,0.495
2008-03-30,2.267900682140805,0.326
2008-03-31,2.209466439040988,0.175
2008-04-01,2.19176916470663,0.135
2008-04-02,2.1808224004086045,0.113
2008-04-03,2.1699814675604583,0.099
2008-04-04,2.1653191592378795,0.093
2008-04-05,2.405170452348609,0.11
2008-04-06,2.404731538491821,0.232
2008-04-07,2.18849788002424,0.13
2008-04-08,2.1654732376691443,0.101
2008-04-09,2.1581255035028395,0.091
2008-04-10,2.1540091692490937,0.076
2008-04-11,2.155680971000202,0.084
2008-04-12,2.1903542386822523,0.096
2008-04-13,2.4385105904331477,0.262
2008-04-14,2.179952435006778,0.117
2008-04-15,2.2880121046474104,0.098
2008-04-16,2.166106457877367,0.081
2008-04-17,2.152748517270102,0.074
2008-04-18,2.1499953465744794,0.072
2008-04-19,2.1454062356943724,0.069
2008-04-20,2.1447544775293954,0.086
2008-04-21,2.139934766826318,0.069
2008-04-22,2.1400750640279362,0.063
2008-04-23,2.140291683223227,0.126
2008-04-24,2.310146912051208,0.188
2008-04-25,2.1509265096011823,0.082
2008-04-26,2.1375812706541515,0.069
2008-04-27,2.139571210741349,0.073
2008-04-28,2.332669271395707,0.091
2008-04-29,3.2873880157642352,0.495
2008-04-30,2.792265920019388,0.494
2008-05-01,2.44458325679909,0.261
2008-05-02,2.2117093481197028,0.139
2008-05-03,2.17710436023613,0.089
2008-05-04,2.1659094676764816,0.073
2008-05-05,2.1579325481978775,0.062
2008-05-06,2.151625640253312,0.057
2008-05-07,2.146502174879615,0.062
2008-05-08,2.1423543972309287,0.047
2008-05-09,2.138869003658727,0.045
2008-05-10,2.1359868871405063,0.043
2008-05-11,2.1335696016736145,0.041
2008-05-12,2.131523814525267,0.038
2008-05-13,2.1298366460658165,0.035
2008-05-14,2.1296581385536157,0.034
2008-05-15,2.1282407917201387,0.039
2008-05-16,2.1257930905292617,0.038
2008-05-17,2.1254536731778924,0.054
2008-05-18,2.1235836040665097,0.04
2008-05-19,2.1225495120313966,0.034
2008-05-20,2.121621113487068,0.032
2008-05-21,2.1207312259577074,0.031
2008-05-22,2.119866067401591,0.029
2008-05-23,2.119019128468066,0.028
2008-05-24,3.2007146087410017,0.22
2008-05-25,3.519970113207962,0.726
2008-05-26,3.536840591025078,1.194
2008-05-27,3.573062395233433,0.659
2008-05-28,3.0038894373320497,0.291
2008-05-29,2.5742104062783793,0.263
2008-05-30,2.2790399611532037,0.139
2008-05-31,2.2343875999057343,0.089
2008-06-01,2.2106244170716813,0.065
2008-06-02,2.3881258504033407,0.07
2008-06-03,2.6296804605161834,0.278
2008-06-04,2.2317711880386963,0.138
2008-06-05,2.1895159303170226,0.079
2008-06-06,2.1850774472377252,0.135
2008-06-07,2.167005880857292,0.101
2008-06-08,2.15842461079826,0.098
2008-06-09,2.152308564177766,0.077
2008-06-10,2.1474753544184497,0.071
2008-06-11,2.807760716880987,0.192
2008-06-12,2.197634791794743,0.155
2008-06-13,2.1487346032758055,0.085
2008-06-14,2.142172106749678,0.076
2008-06-15,2.138911623776848,0.072
2008-06-16,2.136906196440723,0.045
2008-06-17,2.1350962549992225,0.029
2008-06-18,2.1339944424805743,0.026
2008-06-19,2.1321429053832683,0.039
2008-06-20,2.132479688961547,0.041
2008-06-21,2.130459029364642,0.044
2008-06-22,2.1292690793904745,0.041
2008-06-23,2.1284767323586027,0.041
2008-06-24,2.1277716627055563,0.033
2008-06-25,2.1271085041423983,0.031
2008-06-26,2.1265265548299452,0.044
2008-06-27,2.1258669493745246,0.041
2008-06-28,2.1252398853869154,0.03
2008-06-29,2.124628026888213,0.029
2008-06-30,2.1240143842818466,0.029
2008-07-01,2.123394588451721,0.027
2008-07-02,2.1227785774934445,0.028
2008-07-03,2.1221622253432746,0.039
2008-07-04,2.121495897088627,0.028
2008-07-05,2.1208201382001164,0.066
2008-07-06,2.5803040738864813,0.128
2008-07-07,2.8282796048246373,0.461
2008-07-08,2.1757779243545627,0.072
2008-07-09,3.2721264597425628,0.688
2008-07-10,2.428828466307223,0.102
2008-07-11,2.38903497349604,0.171
2008-07-12,2.179491124095105,0.062
2008-07-13,2.155038279500698,0.045
2008-07-14,2.1460624321216195,0.073
2008-07-15,2.1395731941139298,0.073
2008-07-16,2.1343509151076,0.072
2008-07-17,2.130092196546159,0.071
2008-07-18,2.1267102623608882,0.069
2008-07-19,2.1237672857720473,0.034
2008-07-20,2.1209484830747543,0.026
2008-07-21,2.1187704732861192,0.026
2008-07-22,2.1169147727578266,0.025
2008-07-23,2.1152950567739635,0.026
2008-07-24,2.113858796062074,0.025
2008-07-25,2.1125662412427073,0.025
2008-07-26,2.1114069409142067,0.024
2008-07-27,2.1102996723728737,0.024
2008-07-28,2.565751933919322,0.168
2008-07-29,2.1423596772770197,0.05
2008-07-30,2.1101255325736665,0.031
2008-07-31,2.1069452776838693,0.028
2008-08-01,2.106246962286463,0.058
2008-08-02,2.1053462864575936,0.061
2008-08-03,2.111971911652842,0.093
2008-08-04,2.1054266817681904,0.068
2008-08-05,2.103821994303371,0.081
2008-08-06,2.103193530577198,0.078
2008-08-07,2.126814858551514,0.082
2008-08-08,2.1022447973317,0.073
2008-08-09,2.186151186430227,0.103
2008-08-10,2.105264884312008,0.128
2008-08-11,3.1808296556278677,0.399
2008-08-12,2.2707363969933794,0.262
2008-08-13,2.1293879970115475,0.126
2008-08-14,2.1144804818327674,0.077
2008-08-15,2.0960013952104846,0.038
2008-08-16,2.1059388086412016,0.051
2008-08-17,2.595389410490049,0.143
2008-08-18,2.16737423389319,0.078
2008-08-19,2.124684435759688,0.042
2008-08-20,2.126539912671255,0.041
2008-08-21,2.1114451595155486,0.036
2008-08-22,2.1047406328507905,0.03
2008-08-23,2.106167105683221,0.026
2008-08-24,2.098509864739113,0.026
2008-08-25,2.095216204361234,0.024
2008-08-26,2.0930563958849215,0.024
2008-08-27,2.0912987487862904,0.022
2008-08-28,2.089677818458217,0.024
2008-08-29,2.0882770561235944,0.021
2008-08-30,2.088453575022614,0.022
2008-08-31,2.092993858211881,0.025
2008-09-01,3.2207588265811324,0.104
2008-09-02,2.212950149698464,0.3
2008-09-03,2.121516738139111,0.05
2008-09-04,2.11752350304523,0.04
2008-09-05,3.2123276085595824,0.404
2008-09-06,2.910576962922456,0.258
2008-09-07,2.2214705003802564,0.115
2008-09-08,2.1567642374478724,0.054
2008-09-09,2.14874056746125,0.063
2008-09-10,2.1287874491157397,0.039
2008-09-11,2.1222065646138946,0.051
2008-09-12,2.1193255655713306,0.033
2008-09-13,2.105737791463031,0.029
2008-09-14,2.100461756236875,0.026
2008-09-15,2.096640432632078,0.025
2008-09-16,2.0935730591103408,0.025
2008-09-17,2.0910663710157973,0.024
2008-09-18,2.0900825296614576,0.024
2008-09-19,2.0873837649856677,0.024
2008-09-20,2.085882744816914,0.023
2008-09-21,2.084640066076542,0.024
2008-09-22,2.0844730256844795,0.025
2008-09-23,2.0838396961645205,0.024
2008-09-24,2.0838861011296186,0.03
2008-09-25,2.0813248428430264,0.022
2008-09-26,2.08064600124068,0.021
2008-09-27,2.079900119737804,0.022
2008-09-28,2.079327667608615,0.022
2008-09-29,2.0792428470786657,0.022
2008-09-30,2.2939889719467255,0.095
2008-10-01,2.0989833473734647,0.037
2008-10-02,2.082915996938286,0.026
2008-10-03,2.0799394559509214,0.024
2008-10-04,2.6997382175192057,0.091
2008-10-05,2.6193319366049397,0.243
2008-10-06,2.147198653558461,0.043
2008-10-07,2.1085592929384314,0.052
2008-10-08,2.095446548879882,0.032
2008-10-09,2.0904887509027086,0.027
2008-10-10,2.087112525751371,0.026
2008-10-11,2.084357917309253,0.03
2008-10-12,2.0819580727259184,0.024
2008-10-13,2.0800782561936075,0.025
2008-10-14,2.0794180068108523,0.026
2008-10-15,2.077846869354651,0.033
2008-10-16,2.0759475558385905,0.033
2008-10-17,2.0748389234244273,0.033
2008-10-18,2.0739381271631046,0.034
2008-10-19,2.073101174217982,0.04
2008-10-20,3.099015427874532,0.29
2008-10-21,2.166119623191112,0.054
2008-10-22,2.094570437442334,0.031
2008-10-23,2.1301002806671567,0.03
2008-10-24,2.0918518041411853,0.044
2008-10-25,2.1679555855728183,0.032
2008-10-26,2.327836820789382,0.128
2008-10-27,2.1133005406230136,0.038
2008-10-28,2.33582959572085,0.046
2008-10-29,2.1172340489569117,0.034
2008-10-30,2.289103511041134,0.073
2008-10-31,2.110744353644115,0.041
2008-11-01,3.291327172671725,0.533
2008-11-02,2.498400966382328,0.09
2008-11-03,2.3323947214087437,0.098
2008-11-04,2.1408128733429304,0.056
2008-11-05,2.119934933726397,0.041
2008-11-06,2.1144073067075024,0.038
2008-11-07,2.1035398935763148,0.038
2008-11-08,3.0299018930887596,0.213
2008-11-09,2.415526470332296,0.099
2008-11-10,3.4979485694852293,1.17
2008-11-11,3.4034559955649377,0.174
2008-11-12,2.292084829184633,0.085
2008-11-13,2.195170672215689,0.064
2008-11-14,2.1615408780589016,0.053
2008-11-15,2.1448224212664386,0.046
2008-11-16,2.137894296355372,0.054
2008-11-17,2.2257901664105724,0.046
2008-11-18,2.1313766478717255,0.055
2008-11-19,2.11592336593422,0.042
2008-11-20,2.113196504288479,0.044
2008-11-21,2.1059373497217235,0.042
2008-11-22,2.1011292844461025,0.036
2008-11-23,2.8494956276161645,0.196
2008-11-24,2.18481228770534,0.088
2008-11-25,2.1271747891354535,0.043
2008-11-26,2.1199105017574302,0.041
2008-11-27,2.7268369022211307,0.169
2008-11-28,2.5496705722758075,0.26
2008-11-29,2.501777300871654,0.175
2008-11-30,2.516546483806867,0.252
2008-12-01,2.187512639960117,0.12
2008-12-02,2.2277141764770443,0.104
2008-12-03,2.4903041890930826,0.082
2008-12-04,2.1817192627055335,0.234
2008-12-05,2.1553279714982145,0.093
2008-12-06,2.137008962622287,0.066
2008-12-07,2.1297401849879454,0.055
2008-12-08,2.276414386342839,0.064
2008-12-09,2.137703545228555,0.07
2008-12-10,2.1262350576749642,0.055
2008-12-11,2.1179989965732733,0.051
2008-12-12,2.6017274566458397,0.055
2008-12-13,3.4106652340439703,0.969
2008-12-14,2.542701873661305,0.227
2008-12-15,2.204311891929794,0.127
2008-12-16,2.170715802935813,0.096
2008-12-17,2.1535827077295937,0.081
2008-12-18,2.147131672764238,0.071
2008-12-19,2.1370872913235024,0.062
2008-12-20,2.1307233952727977,0.055
2008-12-21,2.1260874197085067,0.052
2008-12-22,2.1224976347718205,0.049
2008-12-23,2.1196557094746793,0.046
2008-12-24,2.1175234460339465,0.045
2008-12-25,2.1155366453182087,0.042
2008-12-26,2.1140970882848182,0.04
2008-12-27,2.113307887580123,0.038
2008-12-28,2.112359173516688,0.038
2008-12-29,2.1112988982792245,0.037
2008-12-30,2.110690335133412,0.037
2008-12-31,2.11012942331525,0.037
2009-01-01,2.1096589739082936,0.038
2009-01-02,2.1092481301907737,0.036
2009-01-03,2.1091584194718673,0.036
2009-01-04,2.1483472545537583,0.034
2009-01-05,2.1324542332951726,0.047
2009-01-06,2.1154255925870604,0.035
2009-01-07,2.112865475789969,0.037
2009-01-08,2.1113610456109457,0.037
2009-01-09,2.1102421590104092,0.037
2009-01-10,2.109544481012264,0.039
2009-01-11,2.108593490540296,0.042
2009-01-12,2.2460068849608668,0.056
2009-01-13,2.126878834787988,0.048
2009-01-14,2.1139851286749636,0.041
2009-01-15,2.16164233760873,0.043
2009-01-16,2.3710606672712577,0.052
2009-01-17,2.9669179650628412,0.246
2009-01-18,3.3325816944905244,0.315
2009-01-19,2.2804866214963475,0.426
2009-01-20,2.1843909901213903,0.131
2009-01-21,2.737380800507936,0.137
2009-01-22,3.539399657520422,0.818
2009-01-23,3.185909578983487,0.611
2009-01-24,3.3410000714964,0.331
2009-01-25,2.8834058477286533,0.965
2009-01-26,2.331328750207699,0.274
2009-01-27,2.461606984393375,0.166
2009-01-28,2.4917086513880427,0.242
2009-01-29,2.255403213542035,0.152
2009-01-30,2.217342316144685,0.118
2009-01-31,2.1979473979473263,0.099
2009-02-01,3.0647223793700213,0.089
2009-02-02,2.4837267943621786,0.129
2009-02-03,2.2895498354126884,0.179
2009-02-04,2.9400764162504425,0.241
2009-02-05,3.01777765594414,0.592
2009-02-06,2.4925763706217534,0.609
2009-02-07,2.2864418262882285,0.316
2009-02-08,2.795754865939294,0.331
2009-02-09,4.003951276938977,2.097
2009-02-10,3.698096641838163,0.828
2009-02-11,2.985360142317176,0.335
2009-02-12,3.056180084103306,0.391
2009-02-13,2.459768944388435,0.283
2009-02-14,2.372056361974385,0.181
2009-02-15,2.3314924814644225,0.159
2009-02-16,2.2987704366100306,0.138
2009-02-17,2.279269748507299,0.122
2009-02-18,2.2949553970638723,0.111
2009-02-19,2.261099043254086,0.109
2009-02-20,2.2395756629376775,0.093
2009-02-21,2.228332318048764,0.087
2009-02-22,2.220250386929007,0.082
2009-02-23,2.215108149530259,0.078
2009-02-24,2.2124420506802913,0.075
2009-02-25,2.205644239327767,0.071
2009-02-26,2.2026694003628275,0.069
2009-02-27,2.2006858307431916,0.067
2009-02-28,2.199276662926823,0.064
2009-03-01,2.1982924338373118,0.061
2009-03-02,2.198433779235386,0.059
2009-03-03,3.499967803398825,0.639
2009-03-04,2.964265102394004,0.284
2009-03-05,2.3237397601376046,0.151
2009-03-06,2.2637367811683964,0.111
2009-03-07,2.2559459092664116,0.095
2009-03-08,2.5488514736815504,0.161
2009-03-09,2.6631954302025496,0.145
2009-03-10,2.433565024102893,0.172
2009-03-11,2.306695957372593,0.105
2009-03-12,2.2811248835726277,0.09
2009-03-13,2.266376595901174,0.083
2009-03-14,2.2550309650049485,0.077
2009-03-15,2.246086216894125,0.069
2009-03-16,2.239000179958627,0.065
2009-03-17,2.2333362545667392,0.062
2009-03-18,2.228836640690852,0.061
2009-03-19,2.2252349651928522,0.063
2009-03-20,2.222347671243147,0.056
2009-03-21,2.219991701515967,0.055
2009-03-22,2.2180653774710235,0.053
2009-03-23,2.272686631410582,0.094
2009-03-24,2.2696567257944906,0.088
2009-03-25,2.2397269338891803,0.092
2009-03-26,2.2300341257484915,0.072
2009-03-27,2.225990274342321,0.072
2009-03-28,2.2483122586695474,0.06
2009-03-29,2.225077061204578,0.052
2009-03-30,2.2205076852703294,0.049
2009-03-31,2.2177290705341726,0.047
2009-04-01,2.215434918364558,0.046
2009-04-02,2.2134484183674226,0.046
2009-04-03,2.2117986133965677,0.046
2009-04-04,2.210144874587694,0.044
2009-04-05,2.208752088502333,0.043
2009-04-06,2.2073412513736725,0.045
2009-04-07,2.2088630311960515,0.047
2009-04-08,2.205094199687576,0.06
2009-04-09,2.2036901650245757,0.046
2009-04-10,2.2046682080545015,0.047
2009-04-11,2.2015263132392464,0.051
2009-04-12,2.2001547418793455,0.046
2009-04-13,2.1989683185445057,0.045
2009-04-14,2.4216464918277465,0.119
2009-04-15,2.213660865539656,0.069
2009-04-16,2.6146057056314818,0.114
2009-04-17,2.5139851579524413,0.249
2009-04-18,2.2309774715412294,0.089
2009-04-19,2.2066507984177,0.06
2009-04-20,2.201415159171163,0.052
2009-04-21,2.19802580412883,0.049
2009-04-22,2.1951363960006005,0.044
2009-04-23,2.192566384957541,0.041
2009-04-24,2.1905483956229386,0.039
2009-04-25,2.1881398991928647,0.039
2009-04-26,2.186246653297013,0.04
2009-04-27,2.2868615669039976,0.084
2009-04-28,2.1919647767041384,0.052
2009-04-29,2.1825853263725463,0.041
2009-04-30,2.180182475936906,0.039
2009-05-01,2.1783689110481315,0.036
2009-05-02,2.176663249113514,0.035
2009-05-03,2.175013424303988,0.034
2009-05-04,2.1734052938520945,0.034
2009-05-05,2.17182785725249,0.045
2009-05-06,2.1702748111292376,0.042
2009-05-07,2.168796215359317,0.041
2009-05-08,2.16725242284223,0.093
2009-05-09,2.1657116049353937,0.048
2009-05-10,2.164206731471714,0.044
2009-05-11,2.162709987643721,0.042
2009-05-12,2.161225496682085,0.048
2009-05-13,2.1597317577153574,0.044
2009-05-14,2.3592916684914753,0.097
2009-05-15,2.2297291864508235,0.173
2009-05-16,2.16072017145983,0.07
2009-05-17,2.2942572280763005,0.223
2009-05-18,2.1627603486351794,0.102
2009-05-19,2.1518467553219955,0.078
2009-05-20,2.1496218404708207,0.05
2009-05-21,2.148066567461216,0.046
2009-05-22,2.1465701947553786,0.043
2009-05-23,2.1450863100662287,0.042
2009-05-24,2.1436110852492205,0.04
2009-05-25,3.2244282266601125,0.286
2009-05-26,2.2203708409604133,0.363
2009-05-27,2.1485650681926534,0.074
2009-05-28,2.138750556753974,0.054
2009-05-29,2.1366296161409344,0.047
2009-05-30,2.1351066746292493,0.042
2009-05-31,2.1336428549917765,0.043
2009-06-01,2.132197957182515,0.04
2009-06-02,2.130763047115848,0.038
2009-06-03,2.1293413445721887,0.037
2009-06-04,2.127931215556824,0.037
2009-06-05,2.1266020576815587,0.04
2009-06-06,3.2077320227806356,0.188
2009-06-07,2.597255111406588,0.314
2009-06-08,2.55813532213648,0.138
2009-06-09,2.1893317296403594,0.122
2009-06-10,2.1676632096901685,0.108
2009-06-11,2.143491062988454,0.055
2009-06-12,2.1365134847510654,0.051
2009-06-13,2.1324819511498103,0.042
2009-06-14,2.127695430734042,0.043
2009-06-15,2.768536354447484,0.385
2009-06-16,2.203366892491727,0.087
2009-06-17,2.1536733460342625,0.052
2009-06-18,2.1424890756879567,0.046
2009-06-19,2.1355188903991302,0.044
2009-06-20,2.129883820629691,0.04
2009-06-21,2.1251992709218412,0.039
2009-06-22,2.121286376293223,0.038
2009-06-23,2.117976400310875,0.037
2009-06-24,2.1151466805530332,0.037
2009-06-25,2.112990994708009,0.036
2009-06-26,2.1106431363325004,0.037
2009-06-27,2.73124662941771,0.156
2009-06-28,2.153094724629948,0.051
2009-06-29,2.109596026284527,0.038
2009-06-30,2.1049259107203167,0.034
2009-07-01,2.1032541493946315,0.033
2009-07-02,2.109376848186146,0.035
2009-07-03,2.1011323057648266,0.052
2009-07-04,2.0995758431492915,0.034
2009-07-05,2.0987959224308415,0.032
2009-07-06,2.1013183305905767,0.07
2009-07-07,3.1513086406113993,0.421
2009-07-08,2.184977654068327,0.12
2009-07-09,2.1057792512020126,0.057
2009-07-10,2.09817241489625,0.057
2009-07-11,2.2377507462525448,0.089
2009-07-12,2.1221922738343832,0.065
2009-07-13,2.109539902015325,0.042
2009-07-14,2.358396400015056,0.196
2009-07-15,2.1338051393435347,0.07
2009-07-16,3.2558687147759633,0.463
2009-07-17,2.228616852279455,0.18
2009-07-18,2.1319132620296424,0.075
2009-07-19,2.1178752840288393,0.052
2009-07-20,2.1139057569833817,0.043
2009-07-21,2.109599817454385,0.054
2009-07-22,2.1016829331339295,0.038
2009-07-23,2.1013036988163423,0.041
2009-07-24,2.1046201657545986,0.058
2009-07-25,2.09307723509853,0.038
2009-07-26,2.099715615839367,0.048
2009-07-27,2.091350470070157,0.083
2009-07-28,2.089308227519324,0.041
2009-07-29,2.219401638232314,0.125
2009-07-30,2.107698719025776,0.151
2009-07-31,2.092322987430816,0.046
2009-08-01,2.3448314547106066,0.272
2009-08-02,2.1118751417166086,0.065
2009-08-03,2.0923564353624284,0.042
2009-08-04,2.0889511265002914,0.042
2009-08-05,2.086217608913579,0.041
2009-08-06,3.1864331786553683,0.957
2009-08-07,2.9784695239277155,0.157
2009-08-08,2.153327288265701,0.065
2009-08-09,2.0905336425688676,0.046
2009-08-10,2.0841568529543606,0.039
2009-08-11,2.0817635403364836,0.035
2009-08-12,2.188393478330141,0.068
2009-08-13,2.1076619325693264,0.06
2009-08-14,2.096688631990045,0.04
2009-08-15,2.0917081555226096,0.04
2009-08-16,2.087877585246342,0.046
2009-08-17,2.0847644989182483,0.032
2009-08-18,2.0822066797807017,0.03
2009-08-19,2.0800273861508027,0.029
2009-08-20,2.0783052717017982,0.027
2009-08-21,2.0844722890794514,0.042
2009-08-22,2.075939853691584,0.027
2009-08-23,2.0742016723666317,0.025
2009-08-24,2.0731334043177587,0.026
2009-08-25,2.074066457268115,0.026
2009-08-26,2.075404570689163,0.025
2009-08-27,2.0709445231847123,0.024
2009-08-28,2.074348009195916,0.027
2009-08-29,2.0695367000913345,0.024
2009-08-30,2.068586390031432,0.024
2009-08-31,2.0679340153560326,0.022
2009-09-01,2.0684803472495097,0.023
2009-09-02,2.9005971188148725,0.233
2009-09-03,2.1488565841840805,0.065
2009-09-04,2.089609163897741,0.032
2009-09-05,2.0813749155598242,0.027
2009-09-06,2.0777251096561575,0.025
2009-09-07,2.0748892927560445,0.024
2009-09-08,2.0723552620148085,0.035
2009-09-09,2.070379085581114,0.026
2009-09-10,2.068689020918696,0.024
2009-09-11,2.067263569681283,0.022
2009-09-12,2.066041845375141,0.022
2009-09-13,2.0649682293275076,0.022
2009-09-14,2.064338451924769,0.023
2009-09-15,3.1343678081223794,0.189
2009-09-16,2.1484129252539486,0.048
2009-09-17,2.0751440601889186,0.028
2009-09-18,2.06781995956872,0.025
2009-09-19,2.903129316010302,0.277
2009-09-20,2.161123273282762,0.083
2009-09-21,2.0997665713320703,0.035
2009-09-22,2.088663633822061,0.026
2009-09-23,2.08263635357139,0.024
2009-09-24,2.0778278285850433,0.023
2009-09-25,2.073992641087878,0.023
2009-09-26,2.0709108955287334,0.022
2009-09-27,2.068353144756657,0.022
2009-09-28,2.0662915195630576,0.022
2009-09-29,2.064564306339944,0.021
2009-09-30,2.063340601333453,0.021
2009-10-01,2.0619234438892486,0.021
2009-10-02,2.0608818850820874,0.02
2009-10-03,2.0622974445617603,0.025
2009-10-04,2.06319542495087,0.024
2009-10-05,2.345892904095773,0.096
2009-10-06,2.0908992821166628,0.051
2009-10-07,3.2194044795231207,0.427
2009-10-08,2.1755623100509855,0.076
2009-10-09,2.1652755080264074,0.067
2009-10-10,2.096524017483926,0.038
2009-10-11,2.086346180779919,0.03
2009-10-12,2.079516793864144,0.026
2009-10-13,2.075559518192023,0.024
2009-10-14,2.0709602502636617,0.023
2009-10-15,2.068162449854051,0.022
2009-10-16,2.065576948596262,0.024
2009-10-17,2.0635897251301074,0.024
2009-10-18,2.0619871657316238,0.024
2009-10-19,2.060706637785348,0.027
2009-10-20,2.063385932681565,0.031
2009-10-21,2.06380997346637,0.056
2009-10-22,2.0585003193764915,0.027
2009-10-23,2.0718243626821717,0.023
2009-10-24,2.0623521369603766,0.03
2009-10-25,2.059587273346791,0.03
2009-10-26,2.0600094520609837,0.028
2009-10-27,2.057534340660951,0.03
2009-10-28,2.056991641880225,0.032
2009-10-29,2.055952886925002,0.039
2009-10-30,2.0580073104510466,0.05
2009-10-31,2.0573847356022483,0.054
2009-11-01,3.0468572255483366,0.362
2009-11-02,2.271151614214274,0.063
2009-11-03,2.430399414609259,0.189
2009-11-04,2.1156504404060192,0.062
2009-11-05,2.0857644044571866,0.046
2009-11-06,2.4253738643578324,0.104
2009-11-07,2.149933267465105,0.066
2009-11-08,2.0911944972461476,0.042
2009-11-09,2.0807921939426546,0.04
2009-11-10,2.07666857580575,0.037
2009-11-11,2.1855375537202613,0.055
2009-11-12,3.2708396122310095,0.23
2009-11-13,3.49095693926425,0.954
2009-11-14,3.639010678715217,1.128
2009-11-15,3.5477946785936627,0.497
2009-11-16,3.450101753052644,0.391
2009-11-17,2.6214929980753956,0.122
2009-11-18,2.2349874054047842,0.083
2009-11-19,2.189625077497854,0.062
2009-11-20,2.1628235901119224,0.072
2009-11-21,3.2051303283350223,0.302
2009-11-22,2.9480750426148323,0.354
2009-11-23,2.310338473880411,0.259
2009-11-24,2.422053464665405,0.141
2009-11-25,2.293548972802188,0.137
2009-11-26,2.1829895738939697,0.094
2009-11-27,2.5984618961398014,0.104
2009-11-28,3.460240343688777,0.479
2009-11-29,3.723837794289221,0.825
2009-11-30,3.5274745373217855,0.578
2009-12-01,3.0550443164995267,0.176
2009-12-02,3.619116540099564,0.853
2009-12-03,2.5604273982335592,0.301
2009-12-04,2.6622273085851482,0.206
2009-12-05,3.20618390661418,0.334
2009-12-06,2.614377226226273,0.574
2009-12-07,2.601762011562971,0.292
2009-12-08,2.378805600259844,0.182
2009-12-09,2.2804117504011376,0.138
2009-12-10,2.246489611969642,0.108
2009-12-11,2.2249549385124263,0.09
2009-12-12,2.210020702592325,0.08
2009-12-13,2.1984326638224014,0.073
2009-12-14,2.186628906413446,0.075
2009-12-15,2.178713344349871,0.058
2009-12-16,2.458497163270252,0.085
2009-12-17,2.414957589011976,0.086
2009-12-18,2.3199039112378643,0.114
2009-12-19,2.365416206419067,0.091
2009-12-20,2.2165015056294917,0.089
2009-12-21,3.3115091938629955,0.273
2009-12-22,2.4300430466041862,0.255
2009-12-23,3.663699596675379,0.708
2009-12-24,2.8259409066883032,0.474
2009-12-25,2.4912037572566703,0.285
2009-12-26,2.3869233929574403,0.223
2009-12-27,2.3143527551580516,0.164
2009-12-28,2.2935192616154105,0.131
2009-12-29,3.6835855581431933,0.693
2009-12-30,3.509521865346358,0.55
2009-12-31,2.502573439042783,0.342
2010-01-01,2.3882939001190944,0.193
2010-01-02,2.3475529129125703,0.138
2010-01-03,2.3192594025286066,0.112
2010-01-04,2.297470806204887,0.103
2010-01-05,2.6233123847495556,0.104
2010-01-06,2.538578292936127,0.122
2010-01-07,2.3274640535063256,0.087
2010-01-08,2.2914634578116253,0.077
2010-01-09,2.2812345048619127,0.074
2010-01-10,2.6132607907023697,0.1
2010-01-11,2.342515414074974,0.107
2010-01-12,2.385540182141733,0.108
2010-01-13,3.5321786180006676,0.18
2010-01-14,2.8102803199475415,1.047
2010-01-15,2.4295522545801145,0.402
2010-01-16,3.4390061467501014,0.647
2010-01-17,2.5040663742658205,0.357
2010-01-18,2.4030702859000703,0.216
2010-01-19,2.3699197298238235,0.173
2010-01-20,2.384765594040477,0.144
2010-01-21,2.399982296577638,0.121
2010-01-22,2.8170052537317063,0.185
2010-01-23,2.39201536538104,0.147
2010-01-24,2.6900153194745924,0.177
2010-01-25,2.3878139858756544,0.15
2010-01-26,2.3416214606127355,0.113
2010-01-27,2.388092153290284,0.11
2010-01-28,3.3347344570358346,0.24
2010-01-29,2.469657283211456,0.354
2010-01-30,2.3783387603653017,0.164
2010-01-31,2.3530839076189296,0.125
2010-02-01,2.340098535350828,0.103
2010-02-02,2.411827959615153,0.116
2010-02-03,2.418775813467169,0.102
2010-02-04,2.6756380859395508,0.138
2010-02-05,2.377250581990993,0.153
2010-02-06,2.3396680599511024,0.104
2010-02-07,2.33234157615826,0.095
2010-02-08,2.3392702048537317,0.107
2010-02-09,2.3170420702293377,0.09
2010-02-10,2.3088967578877724,0.082
2010-02-11,2.3806806960757534,0.077
2010-02-12,2.382993349719574,0.126
2010-02-13,2.3790567588878098,0.099
2010-02-14,2.39733223895409,0.097
2010-02-15,2.814118691435712,0.096
2010-02-16,3.7642822059396974,0.956
2010-02-17,2.8329210797197812,0.297
2010-02-18,3.235510009705794,0.435
2010-02-19,2.5263085515547172,0.239
2010-02-20,2.470099102583621,0.168
2010-02-21,3.91727079997538,0.487
2010-02-22,3.665660092875796,1.27
2010-02-23,3.041046762653193,0.455
2010-02-24,3.091084774105773,0.517
2010-02-25,3.874246130087975,0.999
2010-02-26,2.795523517469072,0.454
2010-02-27,4.075179595213779,0.612
2010-02-28,3.7273688124626063,1.507
2010-03-01,2.7609099406893933,0.407
2010-03-02,2.626427039363615,0.257
2010-03-03,2.5651900915487125,0.2
2010-03-04,2.520173440641435,0.158
2010-03-05,2.484851234807692,0.136
2010-03-06,2.4569109671733655,0.118
2010-03-07,2.434941291913774,0.106
2010-03-08,2.417686894627,0.098
2010-03-09,2.40410515295535,0.091
2010-03-10,2.393472592227223,0.087
2010-03-11,2.389977251242372,0.084
2010-03-12,2.458132570153246,0.117
2010-03-13,2.3914317188262624,0.083
2010-03-14,2.3806569242233873,0.078
2010-03-15,2.3751960905702303,0.078
2010-03-16,2.371094146898038,0.09
2010-03-17,2.3678374466714915,0.086
2010-03-18,2.367359330949698,0.081
2010-03-19,2.6256098399293335,0.12
2010-03-20,2.5412842050728033,0.159
2010-03-21,2.4009781029840367,0.097
2010-03-22,2.387092018655373,0.089
2010-03-23,2.378978959228899,0.075
2010-03-24,2.683971876690008,0.171
2010-03-25,2.728253338129877,0.216
2010-03-26,2.4246795891962205,0.115
2010-03-27,2.5072580801821442,0.159
2010-03-28,2.567425306413843,0.159
2010-03-29,3.0221104445293476,0.414
2010-03-30,2.79510379774904,0.38
2010-03-31,2.468102142810718,0.222
2010-04-01,2.623077632116644,0.213
2010-04-02,2.932027361090804,0.248
2010-04-03,2.782731718452989,0.325
2010-04-04,2.484443531953358,0.212
2010-04-05,2.4424325982868855,0.15
2010-04-06,2.423149712057877,0.133
2010-04-07,2.4116359606031574,0.111
2010-04-08,2.397064769718887,0.097
2010-04-09,2.387225414090743,0.092
2010-04-10,2.379265352248741,0.086
2010-04-11,2.372649788359436,0.081
2010-04-12,2.367081954039893,0.079
2010-04-13,2.362336121899312,0.078
2010-04-14,2.358230797501045,0.075
2010-04-15,2.354625050515236,0.072
2010-04-16,2.3514103209273203,0.07
2010-04-17,2.3484818239938123,0.069
2010-04-18,2.3457772193408832,0.069
2010-04-19,2.3432424527109035,0.069
2010-04-20,2.340829847283795,0.068
2010-04-21,2.338504548722779,0.065
2010-04-22,2.336239171933484,0.071
2010-04-23,2.3340121512780776,0.066
2010-04-24,2.3318335048432974,0.065
2010-04-25,2.3296169331207084,0.073
2010-04-26,2.327413997025047,0.082
2010-04-27,2.325208431995478,0.066
2010-04-28,2.322989955007463,0.067
2010-04-29,2.3845699470845134,0.117
2010-04-30,2.3232329879390297,0.086
2010-05-01,3.399081479934865,0.242
2010-05-02,3.1253242943108037,0.602
2010-05-03,2.394831457871018,0.1
2010-05-04,2.3346685108144922,0.071
2010-05-05,2.324443168453239,0.062
2010-05-06,2.318620876217387,0.065
2010-05-07,2.316084668171946,0.052
2010-05-08,2.313666002677349,0.077
2010-05-09,2.3057163200633424,0.054
2010-05-10,2.301657140475295,0.052
2010-05-11,2.298209127674087,0.05
2010-05-12,2.2951502054839654,0.047
2010-05-13,2.291893934204212,0.043
2010-05-14,2.288918878966525,0.044
2010-05-15,2.286053849178676,0.051
2010-05-16,2.5379344742878427,0.125
2010-05-17,2.307302651969934,0.067
2010-05-18,2.286600653884579,0.049
2010-05-19,2.281358215209417,0.045
2010-05-20,2.277535941637129,0.042
2010-05-21,2.2740521521013797,0.039
2010-05-22,2.270775189065137,0.039
2010-05-23,2.267659366599468,0.038
2010-05-24,2.2646717363140363,0.038
2010-05-25,2.2617866530959025,0.038
2010-05-26,2.2590371857812426,0.038
2010-05-27,2.25625352017125,0.044
2010-05-28,2.253564630841335,0.038
2010-05-29,2.2529100680831182,0.053
2010-05-30,2.248384584292067,0.041
2010-05-31,2.245749380329214,0.034
2010-06-01,2.3530824207087417,0.094
2010-06-02,2.2487450651636767,0.043
2010-06-03,2.238856559654498,0.037
2010-06-04,2.235799710408448,0.035
2010-06-05,2.2333439783182936,0.034
2010-06-06,2.2308071365604505,0.034
2010-06-07,2.525879688625221,0.093
2010-06-08,2.2474110180294553,0.083
2010-06-09,2.2251862167480945,0.039
2010-06-10,2.2215515944026354,0.035
2010-06-11,2.2187548135885384,0.043
2010-06-12,2.2163264152856033,0.032
2010-06-13,2.213934160165534,0.029
2010-06-14,2.211566030900604,0.03
2010-06-15,2.20919928914215,0.029
2010-06-16,2.2068546897654167,0.028
2010-06-17,2.2045258846117854,0.03
2010-06-18,2.2022390096649045,0.031
2010-06-19,2.199924915260766,0.035
2010-06-20,2.1976317797775584,0.031
2010-06-21,2.1953633720376495,0.031
2010-06-22,2.193111154868489,0.03
2010-06-23,2.19087467087523,0.03
2010-06-24,2.188654030520692,0.03
2010-06-25,2.1864494062224513,0.03
2010-06-26,2.1842609778796573,0.031
2010-06-27,2.1820889255589475,0.031
2010-06-28,2.180030055924684,0.033
2010-06-29,2.177801983771396,0.057
2010-06-30,2.175673319122838,0.027
2010-07-01,2.1735680640781334,0.026
2010-07-02,2.1714817707185112,0.025
2010-07-03,2.169410113847349,0.025
2010-07-04,2.167357179707401,0.03
2010-07-05,2.165321932051133,0.03
2010-07-06,2.163304512577591,0.03
2010-07-07,2.1613047487241346,0.03
2010-07-08,2.1593227973970923,0.029
2010-07-09,2.157358942878285,0.034
2010-07-10,2.1554131037517186,0.025
2010-07-11,2.1535211853719387,0.026
2010-07-12,2.151652000690934,0.055
2010-07-13,2.1496919785800244,0.038
2010-07-14,2.151831160816298,0.036
2010-07-15,2.146141152455124,0.054
2010-07-16,2.1441291155270052,0.041
2010-07-17,2.1423018976752144,0.027
2010-07-18,2.140501344171159,0.026
2010-07-19,2.1387195560065426,0.023
2010-07-20,2.136956079442415,0.025
2010-07-21,2.135211779886244,0.023
2010-07-22,2.133521773607485,0.049
2010-07-23,2.1317778981778415,0.023
2010-07-24,2.130087021031556,0.021
2010-07-25,2.128415131370086,0.022
2010-07-26,2.126764891240541,0.021
2010-07-27,2.1251242510866675,0.02
2010-07-28,2.123502833694,0.023
2010-07-29,2.1219021325062175,0.022
2010-07-30,2.120334477288477,0.028
2010-07-31,2.1187567699941248,0.031
2010-08-01,2.1172079841864733,0.022
2010-08-02,2.1156773701682763,0.023
2010-08-03,2.1141663040572425,0.02
2010-08-04,2.310967230805777,0.112
2010-08-05,2.1254338584444485,0.043
2010-08-06,2.1109665750813233,0.026
2010-08-07,2.1085501554565917,0.052
2010-08-08,2.1069672669166435,0.028
2010-08-09,2.6649736005875972,0.131
2010-08-10,2.1445021525566683,0.243
2010-08-11,2.105910028093388,0.035
2010-08-12,2.1017911144448833,0.026
2010-08-13,2.1942280514275105,0.216
2010-08-14,2.1058069351957127,0.078
2010-08-15,2.0980954710323574,0.037
2010-08-16,2.0963138861142045,0.026
2010-08-17,2.094981579496173,0.026
2010-08-18,2.093669603783275,0.023
2010-08-19,2.0923966671065917,0.023
2010-08-20,2.0911520533404686,0.022
2010-08-21,2.089929466067214,0.021
2010-08-22,3.171469139652337,0.56
2010-08-23,2.8394963797112998,0.181
2010-08-24,2.1410347438463564,0.06
2010-08-25,3.1724279639498936,0.752
2010-08-26,3.2490642969815586,0.21
2010-08-27,2.3912704720996074,0.153
2010-08-28,2.1075505480619414,0.099
2010-08-29,2.0868972384054914,0.063
2010-08-30,2.0815236723832413,0.036
2010-08-31,2.0798941654157406,0.032
2010-09-01,2.0785989579866997,0.031
2010-09-02,2.0773992618612547,0.029
2010-09-03,2.0762435940366135,0.025
2010-09-04,2.0751254688740044,0.024
2010-09-05,2.0740490217373417,0.024
2010-09-06,3.155000505855729,0.146
2010-09-07,2.1662016766889636,0.229
2010-09-08,2.089233963889797,0.202
2010-09-09,2.0751880897998136,0.1
2010-09-10,2.0698672056845253,0.039
2010-09-11,2.0694474585754974,0.032
2010-09-12,2.067458925279481,0.028
2010-09-13,2.06708653053639,0.026
2010-09-14,2.280358175026895,0.12
2010-09-15,2.0956655927330883,0.043
2010-09-16,2.0791463249492343,0.03
2010-09-17,2.074227323063262,0.026
2010-09-18,2.0712483720941814,0.024
2010-09-19,2.0691922523836332,0.025
2010-09-20,2.0668007429076978,0.025
2010-09-21,2.0649320152698634,0.031
2010-09-22,2.06348574785898,0.024
2010-09-23,2.5484994982724714,0.175
2010-09-24,2.115802662603527,0.045
2010-09-25,2.0734802110456743,0.029
2010-09-26,2.4106554797294004,0.056
2010-09-27,2.105066573796587,0.071
2010-09-28,2.0780244334952207,0.034
2010-09-29,3.196276049384937,0.321
2010-09-30,2.1813053071126216,0.082
2010-10-01,3.1111044542349844,0.218
2010-10-02,3.490936168978,0.617
2010-10-03,3.435086116174131,0.227
2010-10-04,2.2942379691065824,0.106
2010-10-05,2.9086414382354264,0.125
2010-10-06,2.2445049590392876,0.183
2010-10-07,2.1717702535126335,0.062
2010-10-08,2.1473519574069493,0.048
2010-10-09,2.1309056849473578,0.04
2010-10-10,2.1180892391044113,0.036
2010-10-11,2.107941648211507,0.033
2010-10-12,2.0999148885641326,0.032
2010-10-13,2.093580977583218,0.028
2010-10-14,2.0890035648404135,0.028
2010-10-15,2.0923601953428195,0.033
2010-10-16,2.083557829199949,0.031
2010-10-17,2.079358673206184,0.027
2010-10-18,2.082716897392124,0.054
2010-10-19,2.528892067512098,0.202
2010-10-20,2.125823087968774,0.047
2010-10-21,2.0924930957110757,0.037
2010-10-22,3.27284553496835,0.301
2010-10-23,2.224087774841448,0.306
2010-10-24,2.127591037965106,0.068
2010-10-25,2.11017657632498,0.043
2010-10-26,2.5181655594777186,0.098
2010-10-27,2.1478350211262978,0.055
2010-10-28,2.1120321167592966,0.042
2010-10-29,2.1891225639799066,0.046
2010-10-30,2.1885973486067787,0.045
2010-10-31,2.1191582463587966,0.062
2010-11-01,2.1050646436810205,0.038
2010-11-02,2.0977903653355696,0.046
2010-11-03,2.09374543265643,0.042
2010-11-04,2.0907629113261437,0.047
2010-11-05,2.6501577137273036,0.147
2010-11-06,2.1480402362767848,0.088
2010-11-07,2.411162891881843,0.051
2010-11-08,2.675907118475016,0.294
2010-11-09,2.2823293391392996,0.087
2010-11-10,2.2022919816458253,0.056
2010-11-11,2.4390896136933446,0.117
2010-11-12,2.5713411304665508,0.177
2010-11-13,2.178713274031652,0.098
2010-11-14,2.4905855459036053,0.214
2010-11-15,2.1647685692097314,0.092
2010-11-16,2.131614114505837,0.068
2010-11-17,2.414579363710472,0.07
2010-11-18,2.240346146128678,0.091
2010-11-19,2.134823039592038,0.086
2010-11-20,2.120202736256375,0.117
2010-11-21,2.1137996246986592,0.085
2010-11-22,2.1092069535800237,0.05
2010-11-23,2.105390021508846,0.045
2010-11-24,2.1023435068928595,0.043
2010-11-25,2.099855470539517,0.044
2010-11-26,2.0980602492219607,0.056
2010-11-27,2.0965163294352225,0.059
2010-11-28,2.095398369476712,0.065
2010-11-29,2.3287060897966807,0.082
2010-11-30,2.7980092047033316,0.123
2010-12-01,2.5838503061302074,0.096
2010-12-02,2.2008046539789357,0.103
2010-12-03,2.888467963630674,0.108
2010-12-04,2.528151946859068,0.512
2010-12-05,2.1867613692762378,0.3
2010-12-06,2.1501657629037343,0.151
2010-12-07,2.1380342282436704,0.109
2010-12-08,2.1295871171276715,0.088
2010-12-09,2.1229827239284984,0.074
2010-12-10,2.117734217613282,0.114
2010-12-11,2.113560494172279,0.167
2010-12-12,2.110324295469077,0.112
2010-12-13,2.1089375580908754,0.082
2010-12-14,2.105547193270303,0.072
2010-12-15,2.2474773798561682,0.084
2010-12-16,2.437209237927484,0.155
2010-12-17,2.155018620366427,0.094
2010-12-18,2.770219084508367,0.082
2010-12-19,2.1874506820891293,0.083
2010-12-20,2.3453147657518745,0.066
2010-12-21,2.233700079357913,0.147
2010-12-22,2.1427328829342134,0.152
2010-12-23,2.129275272505836,0.101
2010-12-24,2.1229715739315784,0.085
2010-12-25,2.1182732159274456,0.081
2010-12-26,2.1146429538059333,0.078
2010-12-27,2.5348864141834055,0.147
2010-12-28,2.1771947873611817,0.202
2010-12-29,2.1471193661375487,0.13
2010-12-30,2.125610557845865,0.101
2010-12-31,2.1196358102779973,0.085
2011-01-01,2.154052445494769,0.087
2011-01-02,2.1189283910976853,0.073
2011-01-03,2.1138179558231593,0.067
2011-01-04,2.1108297025296108,0.064
2011-01-05,2.3147805192543327,0.067
2011-01-06,3.38137366197111,0.654
2011-01-07,3.500945745416357,0.664
2011-01-08,2.7532260843266543,0.467
2011-01-09,2.246971286170298,0.201
2011-01-10,3.1934753630252253,0.295
2011-01-11,3.0110420880575366,0.382
2011-01-12,2.481055109542403,0.408
2011-01-13,2.3933174001145585,0.248
2011-01-14,2.6655704276569248,0.267
2011-01-15,2.2632303009251142,0.164
2011-01-16,3.4170434485742702,0.202
2011-01-17,3.7560463017129297,1.771
2011-01-18,3.4014769626733248,0.711
2011-01-19,2.4051169860917505,0.277
2011-01-20,2.30042797718891,0.195
2011-01-21,2.263804828792743,0.154
2011-01-22,2.238269337409654,0.131
2011-01-23,2.216942021405293,0.144
2011-01-24,2.200765296881465,0.15
2011-01-25,2.2395773799192744,0.123
2011-01-26,2.199008094976683,0.107
2011-01-27,2.1798112312834705,0.084
2011-01-28,2.1719166694090193,0.078
2011-01-29,2.166141080373905,0.073
2011-01-30,2.1617988752764394,0.069
2011-01-31,2.158486344583714,0.065
2011-02-01,2.156741478056754,0.063
2011-02-02,2.154954414614786,0.062
2011-02-03,2.152667564054248,0.06
2011-02-04,2.1515374689766276,0.06
2011-02-05,2.1509238134168625,0.057
2011-02-06,2.1500982901667447,0.055
2011-02-07,2.149653857715906,0.055
2011-02-08,2.1494378052370617,0.052
2011-02-09,2.151230914625474,0.053
2011-02-10,3.08314406316432,0.251
2011-02-11,2.4435810696141145,0.111
2011-02-12,2.238278115669538,0.091
2011-02-13,2.6409868005426183,0.194
2011-02-14,2.265027696075784,0.131
2011-02-15,2.3817788635377606,0.129
2011-02-16,2.234782080516187,0.098
2011-02-17,2.211615082782834,0.081
2011-02-18,3.1527036126921297,0.148
2011-02-19,2.5000684432878755,0.331
2011-02-20,2.280282441833601,0.136
2011-02-21,2.251257802912613,0.108
2011-02-22,2.3713794707670846,0.095
2011-02-23,2.2972424984161015,0.131
2011-02-24,2.2335356782764992,0.09
2011-02-25,2.554430735749596,0.128
2011-02-26,2.632414082820482,0.276
2011-02-27,2.410501064394232,0.147
2011-02-28,2.2695222532159565,0.118
2011-03-01,2.239959495302149,0.096
2011-03-02,2.2252464959631233,0.086
2011-03-03,2.214217987552404,0.082
2011-03-04,2.205501544842698,0.077
2011-03-05,2.1998192521558884,0.07
2011-03-06,2.19318951194551,0.065
2011-03-07,2.188719494183161,0.063
2011-03-08,2.1852062935320253,0.063
2011-03-09,2.182381708621225,0.061
2011-03-10,2.1800783246080133,0.061
2011-03-11,2.178216730037201,0.06
2011-03-12,2.178301481641272,0.06
2011-03-13,2.1786161809088247,0.063
2011-03-14,2.1745463579385587,0.054
2011-03-15,2.173627191910702,0.053
2011-03-16,2.17252175643292,0.053
2011-03-17,2.171864346359298,0.05
2011-03-18,2.5708487118352226,0.176
2011-03-19,2.216701318970286,0.074
2011-03-20,2.187195597699089,0.057
2011-03-21,2.181747971576337,0.06
2011-03-22,2.178611757487207,0.056
2011-03-23,2.1760771327331385,0.055
2011-03-24,2.1739161989099296,0.055
2011-03-25,2.17203832646929,0.056
2011-03-26,2.170479905006027,0.055
2011-03-27,2.1689333006303917,0.053
2011-03-28,2.1675952883700678,0.053
2011-03-29,2.1666332648902813,0.053
2011-03-30,2.5390011245452575,0.115
2011-03-31,2.2041260146944843,0.098
2011-04-01,2.1764805881277476,0.064
2011-04-02,2.1715081316307496,0.069
2011-04-03,2.168652351877568,0.065
2011-04-04,2.170422845992696,0.056
2011-04-05,2.164813548464899,0.061
2011-04-06,2.1623211532955646,0.051
2011-04-07,2.160583104226322,0.05
2011-04-08,2.159026143023506,0.049
2011-04-09,2.1575825217999447,0.048
2011-04-10,2.156214110650187,0.047
2011-04-11,2.1549732031491997,0.05
2011-04-12,2.153659282685188,0.05
2011-04-13,2.1524355805821758,0.05
2011-04-14,2.1512372026707127,0.048
2011-04-15,2.1500580764105037,0.047
2011-04-16,2.148891326592434,0.047
2011-04-17,2.1477321451189315,0.046
2011-04-18,2.1465771743381676,0.048
2011-04-19,2.1454237098879534,0.049
2011-04-20,2.1442700713982763,0.048
2011-04-21,2.1431148587689286,0.045
2011-04-22,2.1419571375132382,0.043
2011-04-23,2.1417606587306244,0.064
2011-04-24,2.1396636722417886,0.047
2011-04-25,2.1384653470332733,0.046
2011-04-26,2.1372928363906887,0.046
2011-04-27,2.1361179626038513,0.046
2011-04-28,2.1349400645383922,0.047
2011-04-29,2.1337593764582303,0.046
2011-04-30,2.132575523291634,0.046
2011-05-01,2.131389787877001,0.049
2011-05-02,2.130202315990796,0.056
2011-05-03,2.1290134926109174,0.054
2011-05-04,2.1278244132719992,0.053
2011-05-05,2.126633944403303,0.055
2011-05-06,2.12550799930191,0.055
2011-05-07,2.1243321521652274,0.068
2011-05-08,2.1230701806908905,0.073
2011-05-09,2.1218765990616837,0.056
2011-05-10,2.1206898220170185,0.055
2011-05-11,2.119505487134908,0.056
2011-05-12,2.118323457287573,0.073
2011-05-13,2.117144171284608,0.056
2011-05-14,2.115968610328808,0.055
2011-05-15,2.114795422639336,0.054
2011-05-16,2.1136262547989846,0.056
2011-05-17,2.1124636488916266,0.059
2011-05-18,2.1113047774635083,0.062
2011-05-19,2.110145211060133,0.051
2011-05-20,2.108993895397394,0.051
2011-05-21,2.107898913041355,0.057
2011-05-22,2.106721472638197,0.057
2011-05-23,2.105574263351628,0.053
2011-05-24,2.1044444234487343,0.055
2011-05-25,2.103323673973745,0.054
2011-05-26,3.0767322944905375,0.347
2011-05-27,2.1718278423823247,0.076
2011-05-28,2.1054957056786994,0.059
2011-05-29,2.099536790929865,0.055
2011-05-30,2.098095497111102,0.056
2011-05-31,2.0969059469875453,0.056
2011-06-01,2.0957935074632834,0.044
2011-06-02,2.0947029454152553,0.043
2011-06-03,2.093625524665898,0.044
2011-06-04,2.092559799277621,0.058
2011-06-05,3.1752977995998206,1.416
2011-06-06,3.255853567611992,0.596
2011-06-07,2.7934851622856813,0.114
2011-06-08,2.1474551125231147,0.079
2011-06-09,2.0947218244878623,0.059
2011-06-10,2.2624520522810125,0.134
2011-06-11,2.132247415697274,0.111
2011-06-12,2.2562304641040254,0.126
2011-06-13,2.1307196882986292,0.068
2011-06-14,2.1142419480712014,0.049
2011-06-15,2.1152244959078277,0.046
2011-06-16,2.1127602749147067,0.135
2011-06-17,2.8461462447596926,0.336
2011-06-18,2.299604767820507,0.187
2011-06-19,2.1417039170491625,0.08
2011-06-20,2.1288813643298887,0.098
2011-06-21,2.112405193069696,0.062
2011-06-22,2.11145613296541,0.112
2011-06-23,2.0999941390763395,0.054
2011-06-24,2.1910051927205965,0.082
2011-06-25,2.105024634289954,0.074
2011-06-26,2.0947503656525437,0.047
2011-06-27,2.0908629830093037,0.045
2011-06-28,2.1858370524031754,0.123
2011-06-29,2.0923387642314726,0.051
2011-06-30,2.0836711582137992,0.045
2011-07-01,2.0813837367859582,0.042
2011-07-02,2.079800593206203,0.04
2011-07-03,2.0784563351418357,0.039
2011-07-04,2.077278069751403,0.039
2011-07-05,2.076321297728072,0.056
2011-07-06,2.0772417215670154,0.048
2011-07-07,3.134010120355995,0.467
2011-07-08,2.169858998670912,0.249
2011-07-09,2.0804470250318836,0.074
2011-07-10,2.0730569511010333,0.053
2011-07-11,2.071748005960407,0.046
2011-07-12,2.071389939953035,0.043
2011-07-13,2.070376221884225,0.044
2011-07-14,2.0697078088501244,0.044
2011-07-15,2.0707543924779994,0.039
2011-07-16,2.6520005488824867,0.256
2011-07-17,2.4818297879946876,0.202
2011-07-18,2.1357075010970052,0.092
2011-07-19,2.0994651246704708,0.058
2011-07-20,2.096605705037622,0.051
2011-07-21,2.086835181743909,0.046
2011-07-22,2.0844021874199274,0.044
2011-07-23,2.077210961306991,0.043
2011-07-24,2.0743141254545785,0.039
2011-07-25,2.072187630777612,0.039
2011-07-26,2.070423397696069,0.041
2011-07-27,2.068929567944353,0.039
2011-07-28,2.0676513785236748,0.058
2011-07-29,2.0665392743768414,0.053
2011-07-30,2.0655637791814283,0.06
2011-07-31,2.064695540015062,0.062
2011-08-01,2.0639781833968147,0.043
2011-08-02,2.0632225132942588,0.067
2011-08-03,2.140749096567964,0.059
2011-08-04,2.3896038993838884,0.246
2011-08-05,2.085163741751453,0.057
2011-08-06,2.0627556033551784,0.051
2011-08-07,2.060651595572664,0.073
2011-08-08,2.0598898298793418,0.043
2011-08-09,2.0593240225624156,0.042
2011-08-10,2.0588024047249536,0.041
2011-08-11,2.0583447144141953,0.105
2011-08-12,2.057800707496754,0.047
2011-08-13,2.057280757287659,0.04
2011-08-14,2.0567879274843723,0.039
2011-08-15,2.0563036243176396,0.041
2011-08-16,2.0558196473056602,0.042
2011-08-17,2.0553670066325047,0.042
2011-08-18,2.102811310031582,0.075
2011-08-19,2.057991483927947,0.047
2011-08-20,2.1343630212616564,0.105
2011-08-21,2.059340415326079,0.042
2011-08-22,2.3500447627308434,0.057
2011-08-23,2.0739731738620417,0.134
2011-08-24,2.0538864158327175,0.059
2011-08-25,2.716011476549215,0.272
2011-08-26,2.5887348898362323,0.36
2011-08-27,2.1100088060876194,0.178
2011-08-28,2.0660831070760426,0.081
2011-08-29,2.0582123878120973,0.053
2011-08-30,2.055872867864849,0.048
2011-08-31,2.0542295230446177,0.046
2011-09-01,2.052860628921609,0.039
2011-09-02,2.0516903369530852,0.043
2011-09-03,2.0506751492143076,0.038
2011-09-04,2.1180283022861612,0.128
2011-09-05,2.0598923261406217,0.046
2011-09-06,2.1174156414112617,0.102
2011-09-07,2.058132073148935,0.049
2011-09-08,2.05233073152289,0.043
2011-09-09,2.050066442093021,0.039
2011-09-10,2.0509379713320546,0.087
2011-09-11,2.047996661074079,0.088
2011-09-12,2.047020987398945,0.043
2011-09-13,2.0462754713230122,0.043
2011-09-14,2.045581605252836,0.038
2011-09-15,2.0449688017658927,0.035
2011-09-16,2.0444079268488733,0.034
2011-09-17,2.084189098997746,0.084
2011-09-18,2.04637603067291,0.049
2011-09-19,2.0432309417974883,0.046
2011-09-20,2.1055024549102623,0.058
2011-09-21,2.0467054841881804,0.073
2011-09-22,2.042116629418047,0.037
2011-09-23,2.0413954007975073,0.03
2011-09-24,2.040969937452331,0.029
2011-09-25,2.040575420140411,0.028
2011-09-26,2.0401991690206844,0.03
2011-09-27,2.0398180178679017,0.031
2011-09-28,2.0394486655401214,0.034
2011-09-29,2.0390854976879536,0.031
2011-09-30,2.038727116795557,0.032
2011-10-01,2.0383728991226038,0.034
2011-10-02,2.038022289839047,0.046
2011-10-03,2.0376749986781393,0.033
2011-10-04,2.0373348237306126,0.033
2011-10-05,2.0370565230936335,0.055
2011-10-06,2.0366613867447305,0.039
2011-10-07,2.0363162919792233,0.033
2011-10-08,2.0360473430605937,0.038
2011-10-09,2.035658452120251,0.054
2011-10-10,2.0353207688068387,0.032
2011-10-11,2.0349936215585567,0.032
2011-10-12,2.034669387935094,0.032
2011-10-13,2.034356787719065,0.032
2011-10-14,2.034028648966938,0.029
2011-10-15,2.033711253897252,0.028
2011-10-16,2.0333954601377204,0.029
2011-10-17,2.2505065595849874,0.074
2011-10-18,2.0484427889218515,0.068
2011-10-19,2.0337011593086176,0.031
2011-10-20,2.032319047608435,0.032
2011-10-21,2.031923764854973,0.033
2011-10-22,2.031606688134318,0.033
2011-10-23,2.0312998003065843,0.034
2011-10-24,2.1377232334758602,0.099
2011-10-25,2.0771000918188123,0.051
2011-10-26,2.281872417821079,0.116
2011-10-27,2.0483641724473696,0.041
2011-10-28,2.0313348504075237,0.036
2011-10-29,2.029788600051855,0.035
2011-10-30,2.0293936739106537,0.036
2011-10-31,2.0310685628646254,0.038
2011-11-01,2.028857745017222,0.098
2011-11-02,2.0583716563784287,0.043
2011-11-03,3.113489842518339,0.627
2011-11-04,3.190457833557143,0.502
2011-11-05,2.381925452434982,0.079
2011-11-06,2.054248115427001,0.05
2011-11-07,2.0359987906188337,0.045
2011-11-08,2.034538601115146,0.047
2011-11-09,2.02763982095334,0.044
2011-11-10,2.0276306090297247,0.04
2011-11-11,2.027959923020977,0.042
2011-11-12,2.0263428701996204,0.04
2011-11-13,2.025890578799166,0.04
2011-11-14,2.0257011878934916,0.042
2011-11-15,2.0253152244201327,0.045
2011-11-16,2.02507229298087,0.044
2011-11-17,2.0248678556236706,0.043
2011-11-18,2.025273835638688,0.047
2011-11-19,2.0248484875120702,0.055
2011-11-20,2.0244426382111502,0.047
2011-11-21,2.0267951709071466,0.049
2011-11-22,2.024858185207633,0.053
2011-11-23,2.0239492929062672,0.053
2011-11-24,2.0256872608289194,0.055
2011-11-25,2.0232256864107456,0.061
2011-11-26,2.0239370877925547,0.067
2011-11-27,2.0229542413501562,0.08
2011-11-28,2.0246409294968335,0.056
2011-11-29,2.223498333971829,0.078
2011-11-30,2.0885891078883607,0.051
2011-12-01,2.9898019691277553,0.251
2011-12-02,2.27229248397041,0.106
2011-12-03,2.089076021364141,0.073
2011-12-04,2.0697071723965057,0.057
2011-12-05,2.05764378328596,0.046
2011-12-06,2.0513892723646574,0.043
2011-12-07,2.0456127194237146,0.042
2011-12-08,2.205415998886555,0.078
2011-12-09,2.059046656726627,0.051
2011-12-10,2.044650858825795,0.039
2011-12-11,2.687426915430459,0.161
2011-12-12,3.315296735270481,0.319
2011-12-13,2.2072217728042327,0.223
2011-12-14,2.104588017618092,0.078
2011-12-15,3.1953380029284326,0.225
2011-12-16,2.319300531068064,0.313
2011-12-17,2.1327179756302024,0.092
2011-12-18,2.1024841816169393,0.065
2011-12-19,2.518976296210974,0.136
2011-12-20,2.293011736481236,0.108
2011-12-21,2.113265247771152,0.095
2011-12-22,2.089077104095726,0.07
2011-12-23,2.436528667828493,0.151
2011-12-24,2.116905489985752,0.077
2011-12-25,2.0839554566486638,0.06
2011-12-26,2.0745711366107162,0.054
2011-12-27,2.0686975509702217,0.052
2011-12-28,2.06386477462641,0.051
2011-12-29,2.3166620440779395,0.123
2011-12-30,2.529105494466182,0.156
2011-12-31,2.125764063518139,0.102
2012-01-01,3.321404616790017,0.565
2012-01-02,2.5672507128551474,0.264
2012-01-03,3.229815427052377,0.574
2012-01-04,2.580239876944847,0.226
2012-01-05,2.1978213895125753,0.145
2012-01-06,2.14935335281141,0.091
2012-01-07,2.1302744825401168,0.075
2012-01-08,2.1167525835086294,0.07
2012-01-09,2.1065002102119754,0.059
2012-01-10,2.0980331642366665,0.055
2012-01-11,2.0916649861426606,0.053
2012-01-12,2.0867181870309293,0.051
2012-01-13,2.0829841778095552,0.048
2012-01-14,2.080431140944707,0.049
2012-01-15,2.0781432110653326,0.049
2012-01-16,2.076558316200991,0.05
2012-01-17,2.0765794849133288,0.045
2012-01-18,2.44418574408582,0.05
2012-01-19,2.1525038976809903,0.18
2012-01-20,2.0989368955291443,0.06
2012-01-21,2.090793445606748,0.054
2012-01-22,2.087243711154951,0.052
2012-01-23,2.089773455312163,0.05
2012-01-24,2.4383238261420113,0.126
2012-01-25,2.341875834619112,0.088
2012-01-26,2.123433682539344,0.115
2012-01-27,2.1026021774246626,0.061
2012-01-28,2.096454091964591,0.057
2012-01-29,2.0938769596224995,0.051
2012-01-30,2.089947317476291,0.049
2012-01-31,2.0885954046722266,0.046
2012-02-01,2.086254919205424,0.045
2012-02-02,2.084790440458583,0.046
2012-02-03,2.083664818243077,0.045
2012-02-04,2.9971984165679393,0.051
2012-02-05,2.1803027669913595,0.111
2012-02-06,2.1154972018399043,0.119
2012-02-07,2.1050144398359123,0.069
2012-02-08,2.100118778177974,0.062
2012-02-09,2.1918995509847146,0.059
2012-02-10,2.1078738296336526,0.06
2012-02-11,2.0976691104090257,0.053
2012-02-12,2.094733352538851,0.053
2012-02-13,2.0962183750959107,0.065
2012-02-14,2.0903975333940967,0.061
2012-02-15,2.088642387869979,0.057
2012-02-16,2.0880605986330987,0.054
2012-02-17,2.086501655590903,0.053
2012-02-18,2.2631625918955027,0.117
2012-02-19,2.108270202347579,0.059
2012-02-20,2.09466044640444,0.053
2012-02-21,2.0916267173999867,0.052
2012-02-22,2.0932583407705643,0.055
2012-02-23,2.0886598369835303,0.065
2012-02-24,2.0870765982040638,0.052
2012-02-25,2.086024157307779,0.05
2012-02-26,2.0852771652149062,0.049
2012-02-27,2.084447468505022,0.05
2012-02-28,2.0837817308718356,0.047
2012-02-29,2.0832086215395447,0.047
2012-03-01,2.0827986619948526,0.045
2012-03-02,2.082249966276221,0.044
2012-03-03,2.0852066590915257,0.044
2012-03-04,2.7702536452295092,0.174
2012-03-05,2.1496571324559866,0.062
2012-03-06,2.1009602169948645,0.051
2012-03-07,2.367717831267967,0.121
2012-03-08,2.123091680268256,0.057
2012-03-09,2.100956970826437,0.05
2012-03-10,2.0956382965231883,0.047
2012-03-11,2.092326524626422,0.046
2012-03-12,2.0895416632890536,0.046
2012-03-13,2.087310761479957,0.046
2012-03-14,2.0855400501100876,0.056
2012-03-15,2.083926712769418,0.064
2012-03-16,2.08265330767653,0.05
2012-03-17,2.3272831411128556,0.1
2012-03-18,2.108296234620953,0.066
2012-03-19,2.0896721493728525,0.048
2012-03-20,2.0860673912870107,0.046
2012-03-21,2.0839889317648046,0.043
2012-03-22,2.08231494712034,0.044
2012-03-23,2.0809035265197604,0.044
2012-03-24,2.079693122970288,0.046
2012-03-25,2.0786475069161576,0.046
2012-03-26,2.0777222495785095,0.046
2012-03-27,2.076892595879363,0.054
2012-03-28,2.0761434382018775,0.056
2012-03-29,2.0754544694811363,0.05
2012-03-30,2.0748116921947006,0.051
2012-03-31,2.074204493565663,0.051
2012-04-01,2.073624253129849,0.052
2012-04-02,2.0730643293130826,0.053
2012-04-03,2.230171204138268,0.086
2012-04-04,2.0835318270828775,0.06
2012-04-05,2.072389698165313,0.043
2012-04-06,2.0710915664581675,0.041
2012-04-07,2.0705003238334094,0.042
2012-04-08,2.0859358178261687,0.044
2012-04-09,2.2801723684870203,0.146
2012-04-10,2.0851416894354355,0.081
2012-04-11,2.0704831524889458,0.069
2012-04-12,2.070017302418105,0.099
2012-04-13,2.15948138188233,0.167
2012-04-14,2.07571519278022,0.095
2012-04-15,2.068882719156515,0.057
2012-04-16,2.068321003967534,0.053
2012-04-17,2.5189180805034894,0.076
2012-04-18,2.527803670642481,0.258
2012-04-19,2.6109772448696105,0.404
2012-04-20,2.3830269167144165,0.189
2012-04-21,2.1274812421917066,0.12
2012-04-22,2.10715963525266,0.098
2012-04-23,2.4900207850764,0.177
2012-04-24,2.7116592491117637,0.161
2012-04-25,3.372576725576309,1.044
2012-04-26,2.576454897553414,0.39
2012-04-27,2.509515138716064,0.186
2012-04-28,3.546723837026269,1.308
2012-04-29,3.478012616990397,1.19
2012-04-30,3.56684616217891,0.554
2012-05-01,2.5805166161763244,0.604
2012-05-02,2.268466388684096,0.208
2012-05-03,2.2127941617454847,0.149
2012-05-04,2.1862715066174596,0.118
2012-05-05,2.175531145957327,0.125
2012-05-06,2.149178540920019,0.108
2012-05-07,2.333679561000057,0.128
2012-05-08,2.162738057856418,0.113
2012-05-09,2.524729429314874,0.178
2012-05-10,2.1822063443944364,0.201
2012-05-11,2.139453100495904,0.106
2012-05-12,2.128225036070544,0.081
2012-05-13,2.121112167925741,0.073
2012-05-14,2.448094785544056,0.114
2012-05-15,2.437643043074179,0.214
2012-05-16,2.1587559518121413,0.098
2012-05-17,2.1313298437886177,0.082
2012-05-18,2.1237223375560106,0.076
2012-05-19,2.1184781968399355,0.057
2012-05-20,2.1145804140958493,0.051
2012-05-21,2.111574318887552,0.048
2012-05-22,2.10925305934872,0.045
2012-05-23,2.107475137202171,0.043
2012-05-24,2.106101424853526,0.045
2012-05-25,2.1050589410311504,0.04
2012-05-26,2.1042673838714685,0.038
2012-05-27,2.103667105870293,0.037
2012-05-28,2.1032139523798987,0.037
2012-05-29,2.102862205748952,0.034
2012-05-30,2.1072983929165643,0.05
2012-05-31,2.1025196776340938,0.04
2012-06-01,2.1022471060662133,0.054
2012-06-02,3.1825345571766888,0.441
2012-06-03,3.4180496657726,0.633
2012-06-04,2.3914774926633227,0.298
2012-06-05,2.482775804951913,0.208
2012-06-06,2.1966575190870126,0.1
2012-06-07,3.0302486955153225,0.324
2012-06-08,2.2519341626734226,0.153
2012-06-09,2.178110525094837,0.079
2012-06-10,3.5328944670818885,1.066
2012-06-11,3.6792208852021995,1.887
2012-06-12,3.522484501182521,0.938
2012-06-13,3.216419502188608,0.269
2012-06-14,2.6864006309425688,0.28
2012-06-15,2.3027931113983358,0.18
2012-06-16,2.2435393819692173,0.11
2012-06-17,2.236820325716966,0.104
2012-06-18,2.201590966217921,0.106
2012-06-19,2.1860816501392413,0.072
2012-06-20,2.3484043486113126,0.088
2012-06-21,2.2063886596339244,0.101
2012-06-22,2.1859070175017457,0.1
2012-06-23,2.964101852082535,0.221
2012-06-24,2.257717787704636,0.201
2012-06-25,2.188913013150381,0.077
2012-06-26,2.175311605313067,0.059
2012-06-27,2.1679369808286717,0.052
2012-06-28,2.16195269520546,0.05
2012-06-29,2.1641525579868395,0.046
2012-06-30,2.1541584339421553,0.072
2012-07-01,2.1538670979952763,0.048
2012-07-02,2.2395288369636126,0.074
2012-07-03,2.2394570387597965,0.065
2012-07-04,2.1659795375139175,0.075
2012-07-05,2.1604908511320478,0.047
2012-07-06,2.155502418201412,0.096
2012-07-07,3.278916829196415,0.77
2012-07-08,3.5200486138989815,1.861
2012-07-09,3.2648695740512172,0.321
2012-07-10,2.9267729756337255,0.44
2012-07-11,2.977351527719238,0.472
2012-07-12,2.8883318505844193,0.396
2012-07-13,2.640859580656832,0.329
2012-07-14,2.711450060022029,0.391
2012-07-15,2.3273432701414194,0.19
2012-07-16,2.279377098964963,0.131
2012-07-17,2.252490204983452,0.102
2012-07-18,2.2367585224359314,0.103
2012-07-19,2.2184061922115874,0.087
2012-07-20,2.318136160550313,0.29
2012-07-21,2.2169317062891696,0.109
2012-07-22,2.201208001758811,0.076
2012-07-23,2.1935148939266136,0.07
2012-07-24,2.18779518846416,0.06
2012-07-25,2.1833089300516404,0.053
2012-07-26,2.179802331656396,0.055
2012-07-27,2.1769829073683824,0.046
2012-07-28,2.1747537952158393,0.044
2012-07-29,2.6092453432065152,0.327
2012-07-30,2.2088054826006474,0.086
2012-07-31,2.1735570434179814,0.07
2012-08-01,2.171249197500592,0.052
2012-08-02,2.171999443102105,0.076
2012-08-03,2.363200739368445,0.143
2012-08-04,2.1867977367699467,0.142
2012-08-05,2.350859346200376,0.12
2012-08-06,2.190683899327247,0.055
2012-08-07,2.175942506111184,0.042
2012-08-08,2.1719484707034122,0.035
2012-08-09,2.1700481885311134,0.031
2012-08-10,2.1685703374008902,0.029
2012-08-11,2.167285693248352,0.03
2012-08-12,2.1661363404397793,0.029
2012-08-13,2.165165333673071,0.031
2012-08-14,2.164116039455653,0.03
2012-08-15,2.1632002106292907,0.033
2012-08-16,2.162311774426151,0.028
2012-08-17,2.1614266884007667,0.046
2012-08-18,2.160568154264729,0.025
2012-08-19,2.1597207083969168,0.025
2012-08-20,2.158859090550937,0.026
2012-08-21,2.1579968087949197,0.026
2012-08-22,2.1571234549574667,0.028
2012-08-23,2.156242437942594,0.03
2012-08-24,2.155579442070361,0.026
2012-08-25,2.7040899482676792,0.246
2012-08-26,2.1934516182748,0.041
2012-08-27,2.231138913129843,0.132
2012-08-28,2.157519306611333,0.062
2012-08-29,2.215710096343239,0.084
2012-08-30,2.154507931123709,0.076
2012-08-31,2.14918367533834,0.043
2012-09-01,2.1478071337067988,0.04
2012-09-02,2.1467107861983292,0.04
2012-09-03,2.1456308191202935,0.039
2012-09-04,2.144545921081487,0.038
2012-09-05,2.143453995205238,0.037
2012-09-06,2.1423548210806094,0.037
2012-09-07,2.1412481481325742,0.038
2012-09-08,2.1401343684909397,0.037
2012-09-09,2.139013925554875,0.038
2012-09-10,2.137895620824925,0.042
2012-09-11,2.136753928875849,0.05
2012-09-12,2.1357416160932496,0.088
2012-09-13,2.134477843155399,0.048
2012-09-14,2.1333214027095324,0.041
2012-09-15,2.1321678364189727,0.038
2012-09-16,2.131011115944476,0.039
2012-09-17,2.129852832037186,0.036
2012-09-18,2.128689134140908,0.038
2012-09-19,2.127524651244245,0.045
2012-09-20,2.1263587375255173,0.04
2012-09-21,2.125236041928056,0.049
2012-09-22,2.124027756035964,0.041
2012-09-23,3.2058807837514043,0.832
2012-09-24,3.38573381853858,0.476
2012-09-25,3.40122948149666,0.184
2012-09-26,2.7286412332864436,0.204
2012-09-27,2.225035451275321,0.086
2012-09-28,2.1779007092538056,0.063
2012-09-29,2.1607482720631417,0.054
2012-09-30,2.1588052718518966,0.052
2012-10-01,2.154305037501073,0.109
2012-10-02,2.1479214128751205,0.069
2012-10-03,2.136075345873341,0.065
2012-10-04,2.652486413076813,0.133
2012-10-05,3.4282811121108883,0.801
2012-10-06,2.8403899796256846,0.292
2012-10-07,2.242153472067079,0.1
2012-10-08,2.6945148060242214,0.308
2012-10-09,2.231567412347744,0.099
2012-10-10,2.1833603880393633,0.072
2012-10-11,2.2918746671007235,0.133
2012-10-12,2.179215728857963,0.073
2012-10-13,2.164303606918249,0.062
2012-10-14,2.1513131117698268,0.054
2012-10-15,2.3277756956203866,0.085
2012-10-16,2.7612347261105694,0.171
2012-10-17,2.5149686925145094,0.246
2012-10-18,2.265524041482408,0.166
2012-10-19,3.1283390566139255,0.541
2012-10-20,2.921716978454138,0.385
2012-10-21,2.4073702978883946,0.27
2012-10-22,2.2205865934433446,0.16
2012-10-23,2.189985017314353,0.114
2012-10-24,2.1760188662496156,0.093
2012-10-25,2.166465609589854,0.084
2012-10-26,2.1584407097464906,0.082
2012-10-27,2.201211794978795,0.081
2012-10-28,2.3351930451408096,0.099
2012-10-29,2.301733364469608,0.162
2012-10-30,2.166065177948354,0.101
2012-10-31,3.3453337870687174,0.314
2012-11-01,2.3628317507129326,0.325
2012-11-02,2.193291201542979,0.126
2012-11-03,3.2485686814356263,0.139
2012-11-04,2.6409841294543472,0.737
2012-11-05,2.243438498981169,0.174
2012-11-06,2.201043252638237,0.116
2012-11-07,2.1830537342864464,0.093
2012-11-08,2.171719513820654,0.083
2012-11-09,2.4190326040638737,0.079
2012-11-10,2.1907192582391315,0.128
2012-11-11,2.1647399185534923,0.074
2012-11-12,2.222733494101388,0.074
2012-11-13,2.162010044307957,0.067
2012-11-14,2.1525052044838855,0.062
2012-11-15,2.147493872024694,0.062
2012-11-16,2.144378559668921,0.066
2012-11-17,2.141872303448703,0.073
2012-11-18,2.138509087077075,0.065
2012-11-19,2.172801727224493,0.065
2012-11-20,2.2767146011119945,0.089
2012-11-21,2.5652848186781045,0.207
2012-11-22,3.402406404872482,0.489
2012-11-23,2.444054647819614,0.357
2012-11-24,3.0960375174511694,0.426
2012-11-25,2.8644931424767797,0.323
2012-11-26,2.905074783087942,0.554
2012-11-27,2.331989638372869,0.363
2012-11-28,2.2441231692338053,0.193
2012-11-29,2.2188891241500763,0.142
2012-11-30,2.203159581415601,0.116
2012-12-01,2.1901705783617973,0.099
2012-12-02,2.5760144630123945,0.125
2012-12-03,2.290419477079282,0.15
2012-12-04,2.217590350736523,0.118
2012-12-05,2.188802672897658,0.114
2012-12-06,2.7393072625324977,0.181
2012-12-07,2.2409930923547035,0.152
2012-12-08,2.192208222284004,0.107
2012-12-09,2.1800786093567646,0.095
2012-12-10,2.1725623753933405,0.091
2012-12-11,2.16741755425101,0.082
2012-12-12,2.1627162652233025,0.078
2012-12-13,2.15994775450695,0.075
2012-12-14,3.2817314689488133,0.446
2012-12-15,2.3395842709739,0.198
2012-12-16,2.2452824824589093,0.147
2012-12-17,2.199352983397733,0.123
2012-12-18,2.1868534761484377,0.112
2012-12-19,3.459869082807378,0.356
2012-12-20,2.9089673839659134,0.425
2012-12-21,3.2315555937965037,0.277
2012-12-22,3.2547958013894243,1.049
2012-12-23,2.7718891259246874,0.404
2012-12-24,3.736554885595219,0.541
2012-12-25,3.849466981623758,1.904
2012-12-26,3.25466735591524,0.552
2012-12-27,3.135974349508442,0.583
2012-12-28,2.532187171751457,0.396
2012-12-29,2.5558633022710473,0.285
2012-12-30,2.405256964346789,0.208
2012-12-31,2.964645446639035,0.329
2013-01-01,2.419540705666503,0.227
2013-01-02,2.5228610933582067,0.241
2013-01-03,2.347796808936361,0.171
2013-01-04,2.310644072518415,0.143
2013-01-05,2.2894388301024353,0.128
2013-01-06,2.2742266100498356,0.116
2013-01-07,2.258804399983741,0.108
2013-01-08,2.5177576549846936,0.128
2013-01-09,2.2866879384270398,0.125
2013-01-10,2.258663098003373,0.102
2013-01-11,2.3262006535737663,0.095
2013-01-12,2.2617020378994273,0.114
2013-01-13,2.2457256821876683,0.088
2013-01-14,2.635816817402318,0.175
2013-01-15,2.2940728049889647,0.109
2013-01-16,2.2604209156123742,0.094
2013-01-17,2.251603219063629,0.09
2013-01-18,2.4237995502506178,0.101
2013-01-19,2.2684268846311224,0.099
2013-01-20,2.6482818057534447,0.122
2013-01-21,2.305767851811082,0.132
2013-01-22,2.5638837547302855,0.134
2013-01-23,2.310645628056876,0.159
2013-01-24,2.276017688267578,0.142
2013-01-25,2.5489305377082694,0.14
2013-01-26,3.5474956481321955,0.414
2013-01-27,2.465994690531145,0.568
2013-01-28,2.8287335955765696,0.471
2013-01-29,3.151646632526754,0.448
2013-01-30,2.612742058924867,0.479
2013-01-31,3.2041639263786528,0.342
2013-02-01,2.531989368832994,0.588
2013-02-02,2.419792565129057,0.247
2013-02-03,2.381455932534432,0.19
2013-02-04,2.566154428419892,0.212
2013-02-05,2.532006668857882,0.213
2013-02-06,2.3706662928740387,0.174
2013-02-07,2.5081341589513846,0.186
2013-02-08,2.40660682442936,0.188
2013-02-09,2.520024324091921,0.154
2013-02-10,3.7227550526501383,0.578
2013-02-11,2.96652273785589,0.632
2013-02-12,2.475490445460924,0.324
2013-02-13,2.662708296454358,0.236
2013-02-14,2.4238770424259113,0.265
2013-02-15,2.380587296582339,0.178
2013-02-16,2.3579465086496074,0.152
2013-02-17,2.3411476473544255,0.135
2013-02-18,2.3277955493536524,0.122
2013-02-19,2.322731165860046,0.113
2013-02-20,2.308739467848009,0.107
2013-02-21,2.30158593011492,0.101
2013-02-22,2.296256731821394,0.098
2013-02-23,2.29220939996072,0.094
2013-02-24,2.2892640188298112,0.09
2013-02-25,2.289794905996001,0.088
2013-02-26,2.285544929932797,0.089
2013-02-27,2.2818087551660975,0.086
2013-02-28,2.28217606819678,0.084
2013-03-01,2.2794863355365784,0.086
2013-03-02,2.2774704594400625,0.081
2013-03-03,2.2764475181358734,0.081
2013-03-04,2.2753240801301873,0.081
2013-03-05,2.274214382123643,0.081
2013-03-06,2.468929483243677,0.104
2013-03-07,2.3900361849861467,0.128
2013-03-08,3.5037895862934487,0.611
2013-03-09,2.57585649730403,0.292
2013-03-10,2.343109388914703,0.176
2013-03-11,2.3169255720720208,0.14
2013-03-12,2.305726169039518,0.123
2013-03-13,2.2981294698630843,0.11
2013-03-14,2.2954091972778983,0.1
2013-03-15,2.6168469503538834,0.114
2013-03-16,3.103004700400167,0.451
2013-03-17,3.495807279074548,1.036
2013-03-18,2.8132717943704026,0.45
2013-03-19,2.4539402766296274,0.287
2013-03-20,2.4011748594365883,0.203
2013-03-21,2.4231198146044632,0.162
2013-03-22,3.0279124447925327,0.223
2013-03-23,2.7715956645242876,0.546
2013-03-24,2.4327859944638326,0.288
2013-03-25,2.3840089722880315,0.267
2013-03-26,2.35965820605818,0.288
2013-03-27,2.3414649695067933,0.261
2013-03-28,2.327137749221871,0.244
2013-03-29,2.3155949482221865,0.232
2013-03-30,2.3066421081803177,0.219
2013-03-31,2.298967076862195,0.209
2013-04-01,2.29239324221499,0.208
2013-04-02,2.2871979154897493,0.21
2013-04-03,2.282891368815497,0.212
2013-04-04,2.3115446783294513,0.264
2013-04-05,2.2838308423755276,0.104
2013-04-06,2.278265366955853,0.09
2013-04-07,2.274834754778491,0.092
2013-04-08,2.2773502672815145,0.089
2013-04-09,2.27162852296782,0.106
2013-04-10,3.2784094566893467,0.365
2013-04-11,2.6991923724428193,0.29
2013-04-12,2.840594391928053,0.533
2013-04-13,2.83260392110056,0.469
2013-04-14,2.3839258244437054,0.276
2013-04-15,2.3345903500837624,0.189
2013-04-16,2.3173734496909923,0.155
2013-04-17,2.3046192885761387,0.138
2013-04-18,2.3847315006397456,0.22
2013-04-19,2.3040209634626314,0.125
2013-04-20,2.289737118767618,0.114
2013-04-21,2.2817015860693792,0.111
2013-04-22,2.2753422583334424,0.105
2013-04-23,2.2700152985612947,0.102
2013-04-24,2.266711089224409,0.1
2013-04-25,2.4105631483182,0.132
2013-04-26,2.277412780128911,0.173
2013-04-27,2.2645041711011324,0.11
2013-04-28,2.2582924502080197,0.099
2013-04-29,2.2546042756034796,0.095
2013-04-30,2.2515134185786456,0.092
2013-05-01,2.248745643334239,0.093
2013-05-02,2.24621930439838,0.093
2013-05-03,2.243878430739829,0.095
2013-05-04,2.2416871653655517,0.096
2013-05-05,2.2395936902139004,0.106
2013-05-06,2.2375882202850543,0.091
2013-05-07,2.2358214034334014,0.102
2013-05-08,2.233756204147744,0.121
2013-05-09,2.231899244445752,0.095
2013-05-10,2.317185744314551,0.162
2013-05-11,2.2356462271117823,0.191
2013-05-12,2.2270094286866393,0.113
2013-05-13,2.2246947188586814,0.097
2013-05-14,2.72102750642093,0.228
2013-05-15,2.2571214456948536,0.131
2013-05-16,2.2219852728717973,0.098
2013-05-17,2.2176725994217206,0.088
2013-05-18,2.215628631216006,0.087
2013-05-19,2.2137783259423127,0.083
2013-05-20,2.21189678579003,0.119
2013-05-21,2.2100361937648922,0.096
2013-05-22,2.208172237362391,0.061
2013-05-23,2.206977495342932,0.059
2013-05-24,2.7983269774385997,0.228
2013-05-25,2.2454971788147438,0.079
2013-05-26,2.204043942400726,0.065
2013-05-27,2.3532880159251777,0.083
2013-05-28,2.821082099204019,0.415
2013-05-29,2.577011892317504,0.191
2013-05-30,2.2518015779533957,0.185
2013-05-31,2.2201912453952426,0.09
2013-06-01,2.2116120797861685,0.075
2013-06-02,2.205677201256936,0.065
2013-06-03,2.200688418621926,0.06
2013-06-04,2.196367914345356,0.058
2013-06-05,2.192576143081294,0.059
2013-06-06,2.1905413248869823,0.054
2013-06-07,2.1863203419513697,0.053
2013-06-08,2.183422702223231,0.053
2013-06-09,2.1808664258453963,0.053
2013-06-10,2.1784929498394745,0.055
2013-06-11,2.17626857720404,0.054
2013-06-12,2.174192249093697,0.063
2013-06-13,2.172111093020725,0.057
2013-06-14,2.1701994786399097,0.057
2013-06-15,2.210013377769499,0.172
2013-06-16,2.16940585657713,0.062
2013-06-17,2.164882579072241,0.056
2013-06-18,2.162895786714866,0.057
2013-06-19,2.1611119788971966,0.056
2013-06-20,2.159377013224956,0.081
2013-06-21,2.1577413990563885,0.103
2013-06-22,2.1559678593229856,0.087
2013-06-23,2.1543000327104975,0.086
2013-06-24,2.152613379427497,0.07
2013-06-25,2.150960200814031,0.063
2013-06-26,2.1493214493515924,0.068
2013-06-27,2.1477375763917057,0.062
2013-06-28,2.146138747466767,0.089
2013-06-29,2.144480143349157,0.064
2013-06-30,2.142882829103388,0.061
2013-07-01,2.1412999463285707,0.063
2013-07-02,2.139815392146302,0.09
2013-07-03,2.1381730020491903,0.082
2013-07-04,2.1366159573076224,0.055
2013-07-05,2.135075174063453,0.052
2013-07-06,2.1335454007407693,0.052
2013-07-07,2.132026449615082,0.053
2013-07-08,2.1305183530283687,0.048
2013-07-09,2.1290212324924753,0.051
2013-07-10,2.1275351946653265,0.051
2013-07-11,2.126060354215934,0.053
2013-07-12,2.1245968253541467,0.061
2013-07-13,2.1231450136287817,0.064
2013-07-14,2.1217041671963868,0.063
2013-07-15,2.12027520642749,0.068
2013-07-16,2.11885802733631,0.069
2013-07-17,2.117452795546501,0.068
2013-07-18,2.1160591488149163,0.065
2013-07-19,2.1146776479831533,0.064
2013-07-20,2.1133082194636854,0.061
2013-07-21,2.1119511354788485,0.06
2013-07-22,2.110759339774509,0.087
2013-07-23,2.10928672922743,0.056
2013-07-24,2.1080856275956306,0.108
2013-07-25,2.106654661227092,0.096
2013-07-26,2.105348948363303,0.06
2013-07-27,2.5148190708268277,0.231
2013-07-28,2.1326915614577002,0.106
2013-07-29,2.1230434964432945,0.086
2013-07-30,2.1020378479392243,0.166
2013-07-31,2.099308125796812,0.061
2013-08-01,2.0980632234024066,0.052
2013-08-02,2.0968189209229178,0.206
2013-08-03,2.0955164630079777,0.082
2013-08-04,2.0943230298695537,0.066
2013-08-05,2.2349207753324514,0.237
2013-08-06,2.1024539630489367,0.078
2013-08-07,2.0917147716002837,0.059
2013-08-08,2.0899077947297706,0.064
2013-08-09,2.08865098135613,0.062
2013-08-10,2.0875108059632135,0.048
2013-08-11,2.0863972490979177,0.047
2013-08-12,2.085299849099777,0.047
2013-08-13,2.0842221226751505,0.046
2013-08-14,2.083163263160194,0.046
2013-08-15,2.082122816086521,0.046
2013-08-16,2.081057010659076,0.048
2013-08-17,2.0800456967531584,0.049
2013-08-18,2.079012069427876,0.048
2013-08-19,2.078004288645047,0.045
2013-08-20,2.0770125403008017,0.046
2013-08-21,2.734277061130602,0.164
2013-08-22,2.122761640157114,0.304
2013-08-23,2.078255473507633,0.075
2013-08-24,3.1570530179176206,1.039
2013-08-25,3.231950314819216,0.338
2013-08-26,2.1857565270803088,0.095
2013-08-27,2.079172795870789,0.073
2013-08-28,2.070686296039623,0.066
2013-08-29,2.0691503494547865,0.064
2013-08-30,2.068151823850259,0.059
2013-08-31,2.067218891056058,0.058
2013-09-01,2.0663133145717234,0.057
2013-09-02,2.065429615807851,0.055
2013-09-03,2.0645652691189555,0.052
2013-09-04,2.0637183943146282,0.052
2013-09-05,2.0629439468556052,0.053
2013-09-06,2.0642197787625167,0.1
2013-09-07,2.0613586734461187,0.102
2013-09-08,2.060514630088666,0.075
2013-09-09,2.3746484607038973,0.192
2013-09-10,2.081734321386671,0.061
2013-09-11,2.0600487870219473,0.058
2013-09-12,2.1149690097748133,0.095
2013-09-13,3.1438592862448664,0.827
2013-09-14,3.0685144504727124,0.237
2013-09-15,2.1476846115543458,0.16
2013-09-16,2.0655152158595413,0.092
2013-09-17,2.4783751686540754,0.169
2013-09-18,2.110888894826439,0.091
2013-09-19,2.081559220127914,0.071
2013-09-20,2.0720318077245787,0.06
2013-09-21,2.067176561829593,0.054
2013-09-22,2.0636885353675845,0.053
2013-09-23,2.061036566581912,0.053
2013-09-24,2.058473765505425,0.052
2013-09-25,2.057730114215907,0.051
2013-09-26,2.05486430936243,0.05
2013-09-27,2.053403848555786,0.047
2013-09-28,2.0580289776851592,0.049
2013-09-29,2.0514273482592325,0.051
2013-09-30,2.0500695640248416,0.047
2013-10-01,2.0586841185589435,0.065
2013-10-02,2.0496002722766913,0.063
2013-10-03,2.156423159618978,0.082
2013-10-04,2.066008227943172,0.07
2013-10-05,2.0562372387078405,0.05
2013-10-06,2.0535079795266715,0.047
2013-10-07,2.0514482797570532,0.046
2013-10-08,2.049828742576382,0.065
2013-10-09,2.048467392045542,0.049
2013-10-10,2.214786871974437,0.061
2013-10-11,3.2513656882485145,0.557
2013-10-12,3.1629668677993483,0.187
2013-10-13,2.9290801083070503,0.677
2013-10-14,2.2119138786651336,0.182
2013-10-15,2.126681658231511,0.103
2013-10-16,2.280559656771403,0.124
2013-10-17,2.1193211934963547,0.078
2013-10-18,2.097455751094412,0.069
2013-10-19,2.241241602437087,0.084
2013-10-20,2.606953047366969,0.308
2013-10-21,2.145638083846837,0.098
2013-10-22,2.898505964174903,0.275
2013-10-23,2.1782644926059263,0.196
2013-10-24,2.1209774805401245,0.091
2013-10-25,2.0992851813042015,0.095
2013-10-26,2.6737128054995654,0.216
2013-10-27,3.416866834419807,0.626
2013-10-28,2.8905891665563432,0.388
2013-10-29,2.2151085245267796,0.134
2013-10-30,2.3232698682736816,0.096
2013-10-31,2.221623834655289,0.173
2013-11-01,2.1444344835480185,0.109
2013-11-02,2.124154364507406,0.116
2013-11-03,3.3771018649887607,0.539
2013-11-04,3.416047154854891,0.527
2013-11-05,2.5491864282843353,0.394
2013-11-06,2.501714645932078,0.265
2013-11-07,2.2019319297186883,0.147
2013-11-08,2.7569121960308944,0.33
2013-11-09,2.7816698988678583,0.362
2013-11-10,2.2323496335557187,0.168
2013-11-11,2.539000309883731,0.158
2013-11-12,2.1990387743502153,0.204
2013-11-13,2.1613830186964087,0.131
2013-11-14,2.143507408120328,0.108
2013-11-15,2.132766085146001,0.084
2013-11-16,2.1245995376414473,0.075
2013-11-17,2.3395243539317434,0.089
2013-11-18,2.143025799046009,0.116
2013-11-19,2.1256619224909046,0.078
2013-11-20,2.659717634948028,0.205
2013-11-21,2.2153558883923115,0.15
2013-11-22,2.1412958047202215,0.116
2013-11-23,2.129493487835663,0.086
2013-11-24,2.12355262997046,0.068
2013-11-25,2.118959452497372,0.062
2013-11-26,2.11725429518929,0.056
2013-11-27,2.113171233059566,0.055
2013-11-28,2.111085998900862,0.053
2013-11-29,2.109935825179104,0.067
2013-11-30,2.108551375994747,0.069
2013-12-01,2.107724824614368,0.067
2013-12-02,2.107143068259521,0.065
2013-12-03,2.106737848791283,0.065
2013-12-04,2.10667095486322,0.064
2013-12-05,2.1571215547268845,0.099
2013-12-06,2.1142956160294113,0.087
2013-12-07,2.1102470999206213,0.071
2013-12-08,2.1092256436733203,0.07
2013-12-09,2.108766343790613,0.068
2013-12-10,2.1089459245903037,0.065
2013-12-11,2.108083754781942,0.065
2013-12-12,2.108766782507604,0.065
2013-12-13,2.2080423136258513,0.093
2013-12-14,2.1428019185671827,0.08
2013-12-15,2.8905357810317645,0.191
2013-12-16,3.3982358938528714,0.51
2013-12-17,2.719014788229499,0.334
2013-12-18,3.1336509694475954,0.523
2013-12-19,2.8267165351244263,0.444
2013-12-20,2.6129442328264063,0.238
2013-12-21,3.0874289598190203,0.54
2013-12-22,2.3175345417193522,0.233
2013-12-23,3.9807725464360635,2.42
2013-12-24,3.87836106560361,2.25
2013-12-25,3.8063650065845085,0.587
2013-12-26,3.8036142545330964,0.432
2013-12-27,3.651819361082487,0.423
2013-12-28,2.84564902722284,0.216
2013-12-29,2.4621506180983532,0.148
2013-12-30,3.2700848365898674,0.497
2013-12-31,3.405497527598744,0.578
2014-01-01,4.144190040231884,1.65
2014-01-02,4.013711760900578,0.858
2014-01-03,4.032254025337855,0.836
2014-01-04,2.9782976136031216,0.891
2014-01-05,4.001806622374473,0.697
2014-01-06,2.9216859093727505,0.771
2014-01-07,4.104450574448666,1.1
2014-01-08,3.2557525180870828,0.491
2014-01-09,2.668840385623913,0.301
2014-01-10,2.9918584801305226,0.272
2014-01-11,2.570120290848348,0.223
2014-01-12,2.6827422449883307,0.194
2014-01-13,2.6522701130859785,0.18
2014-01-14,2.911929752275856,0.199
2014-01-15,2.8694063791376365,0.24
2014-01-16,4.156402381511414,0.871
2014-01-17,3.9100230115841246,1.21
2014-01-18,2.756140752333835,0.366
2014-01-19,2.5778394431406664,0.225
2014-01-20,2.520554489499654,0.161
2014-01-21,2.644489028556936,0.133
2014-01-22,2.48337586980672,0.122
2014-01-23,2.689912573860016,0.162
2014-01-24,3.037376878092893,0.214
2014-01-25,2.725860031246662,0.219
2014-01-26,2.9708529368935026,0.29
2014-01-27,2.6221345132593683,0.2
2014-01-28,3.932038582179666,1.03
2014-01-29,4.15168337526996,1.42
2014-01-30,3.478556104311765,0.732
2014-01-31,4.229530380816413,1.31
2014-02-01,3.2184695358725697,0.813
2014-02-02,2.756777183813114,0.312
2014-02-03,2.6696347510584166,0.215
2014-02-04,3.9215292968727655,0.566
2014-02-05,3.224962131299391,0.669
2014-02-06,4.1701571040881555,1.13
2014-02-07,4.1126909974758,1.03
2014-02-08,3.332396800198608,0.983
2014-02-09,2.8490127142256165,0.355
2014-02-10,2.943092317186768,0.272
2014-02-11,3.166669763142087,0.424
2014-02-12,3.865734456644266,0.777
2014-02-13,2.8519660452723095,0.34
2014-02-14,4.142981415963521,1.03
2014-02-15,3.002012612162057,0.404
2014-02-16,2.7694604498869517,0.23
2014-02-17,2.86286719109473,0.195
2014-02-18,2.769184525089668,0.221
2014-02-19,2.6901981369900922,0.157
2014-02-20,2.6624958992191905,0.173
2014-02-21,2.6228621988645067,0.128
2014-02-22,2.6030188695904157,0.105
2014-02-23,2.587624734906696,0.093
2014-02-24,2.700504601116659,0.108
2014-02-25,2.6033414176873984,0.108
2014-02-26,2.7865583435425907,0.083
2014-02-27,2.7144239033117388,0.16
2014-02-28,3.1333213153281037,0.4
2014-03-01,2.6689282734306423,0.183
2014-03-02,3.851411849795993,0.651
2014-03-03,3.1063878628440675,0.595
2014-03-04,2.7282610454033738,0.235
2014-03-05,2.6738016392390924,0.149
2014-03-06,2.648237928577474,0.118
2014-03-07,2.6292311651720923,0.103
2014-03-08,2.614182874859338,0.094
2014-03-09,2.6021765484402732,0.085
2014-03-10,2.5925487413710773,0.077
2014-03-11,2.584783158571658,0.072
2014-03-12,2.578572774637228,0.068
2014-03-13,2.573324901684568,0.067
2014-03-14,2.5689113566770856,0.067
2014-03-15,2.565206794764818,0.064
2014-03-16,2.561991790114781,0.064
2014-03-17,2.5591315942889743,0.064
2014-03-18,2.556974864865585,0.063
2014-03-19,2.5541202165275867,0.062
2014-03-20,2.6876726998086906,0.089
2014-03-21,2.61577402789806,0.101
2014-03-22,2.566372729654689,0.077
2014-03-23,2.5589864803949802,0.064
2014-03-24,2.554650268719473,0.06
2014-03-25,2.5491351120561374,0.061
2014-03-26,2.6387465075314522,0.096
2014-03-27,2.554144261440565,0.067
2014-03-28,2.5426297366002535,0.057
2014-03-29,2.5379477635040053,0.054
2014-03-30,2.534074830684485,0.055
2014-03-31,2.530798022224864,0.055
2014-04-01,2.526825575389234,0.061
2014-04-02,2.523228801090804,0.058
2014-04-03,2.5197675126660455,0.068
2014-04-04,2.516336796228276,0.061
2014-04-05,2.5908503764725954,0.077
2014-04-06,2.5155081529110688,0.086
2014-04-07,2.5497390067282044,0.127
2014-04-08,2.505942149530679,0.069
2014-04-09,2.499547687642493,0.059
2014-04-10,2.495762329730731,0.056
2014-04-11,2.492142860483263,0.055
2014-04-12,2.4885086899789726,0.055
2014-04-13,2.484844865469153,0.048
2014-04-14,2.4811495647494217,0.048
2014-04-15,2.477422625227008,0.047
2014-04-16,2.4736645302810114,0.053
2014-04-17,2.469876204108627,0.05
2014-04-18,2.466058921137173,0.037
2014-04-19,2.4622187498312273,0.036
2014-04-20,3.2161360158491554,0.256
2014-04-21,3.648407823348725,0.249
2014-04-22,2.576847194955136,0.165
2014-04-23,2.479820528479131,0.072
2014-04-24,2.4627331247824715,0.051
2014-04-25,2.4700477901923317,0.049
2014-04-26,2.4505144426012424,0.06
2014-04-27,2.4426113763964428,0.039
2014-04-28,2.4354268936867136,0.036
2014-04-29,2.4303651332747727,0.033
2014-04-30,2.6023276221200327,0.032
2014-05-01,3.034432687392992,0.57
2014-05-02,2.495045518242562,0.071
2014-05-03,2.4450103661981544,0.041
2014-05-04,2.432037219821757,0.032
2014-05-05,2.4242700999247315,0.028
2014-05-06,2.415374461124156,0.026
2014-05-07,2.412165505289584,0.023
2014-05-08,2.4875435075073846,0.101
2014-05-09,2.417393718113951,0.049
2014-05-10,2.407106005266467,0.1
2014-05-11,2.3920247211369228,0.04
2014-05-12,2.447019890461174,0.043
2014-05-13,2.5127771533478773,0.133
2014-05-14,2.3938233054980738,0.053
2014-05-15,2.3791951495417067,0.034
2014-05-16,2.372481320543839,0.033
2014-05-17,2.366814502230485,0.033
2014-05-18,2.3615963108303153,0.035
2014-05-19,2.3567100124178855,0.038
2014-05-20,2.3520886534272267,0.04
2014-05-21,2.764316430828631,0.192
2014-05-22,2.3832634602111855,0.128
2014-05-23,2.743577217158781,0.093
2014-05-24,2.3819301951592275,0.226
2014-05-25,2.489864984164761,0.119
2014-05-26,2.939439883022007,0.252
2014-05-27,3.5906916808157177,1.43
2014-05-28,2.4832250534506186,0.464
2014-05-29,2.3841110365941094,0.167
2014-05-30,2.3631399131452713,0.106
2014-05-31,2.350303678455353,0.082
2014-06-01,2.3414180178171313,0.069
2014-06-02,2.333107113034231,0.06
2014-06-03,2.335486198893041,0.067
2014-06-04,2.3266253170332636,0.091
2014-06-05,2.3109273192188593,0.058
2014-06-06,2.3052991581716693,0.054
2014-06-07,2.3044187506711356,0.077
2014-06-08,2.2956623984256477,0.052
2014-06-09,2.2945164609590125,0.058
2014-06-10,2.287375328713092,0.055
2014-06-11,2.2833874635503655,0.055
2014-06-12,2.279797962813681,0.058
2014-06-13,2.2770122891299307,0.059
2014-06-14,2.2731446268134685,0.063
2014-06-15,2.2698230302346722,0.065
2014-06-16,2.2666645109782415,0.064
2014-06-17,2.2635776153546554,0.065
2014-06-18,2.2605452013142076,0.067
2014-06-19,2.257559586002604,0.068
2014-06-20,2.2546143504035605,0.071
2014-06-21,2.251704804941651,0.068
2014-06-22,2.2488271019498067,0.063
2014-06-23,2.24599008050776,0.063
2014-06-24,2.243158658175035,0.064
2014-06-25,2.240359140136157,0.057
2014-06-26,2.2376227950720566,0.058
2014-06-27,2.2348375504280815,0.055
2014-06-28,2.4212717326068645,0.179
2014-06-29,2.243329624856542,0.108
2014-06-30,2.227912835905406,0.087
2014-07-01,2.224237690120002,0.046
2014-07-02,2.221498528491205,0.043
2014-07-03,2.218852033206247,0.041
2014-07-04,2.216319025875696,0.045
2014-07-05,2.21373787667946,0.097
2014-07-06,2.2111153067363483,0.073
2014-07-07,2.2085417480687046,0.047
2014-07-08,2.2062084807188764,0.046
2014-07-09,2.203532579386805,0.046
2014-07-10,3.2780416590652393,0.713
2014-07-11,2.2771286897595084,0.193
2014-07-12,2.2041068594403534,0.077
2014-07-13,2.1946763493079637,0.059
2014-07-14,2.191633916068178,0.047
2014-07-15,2.18916324925404,0.044
2014-07-16,2.186769545985361,0.043
2014-07-17,2.4241332457385876,0.169
2014-07-18,2.3801212633212403,0.152
2014-07-19,2.1952063485857907,0.246
2014-07-20,2.3462815593960444,0.15
2014-07-21,2.1924857642693274,0.068
2014-07-22,2.17817789696076,0.066
2014-07-23,2.174360307767329,0.068
2014-07-24,2.171490253799857,0.055
2014-07-25,2.8092750709652616,0.37
2014-07-26,2.2125372706354143,0.078
2014-07-27,2.1725127869413816,0.072
2014-07-28,2.1644349643488567,0.121
2014-07-29,2.1597031290475126,0.071
2014-07-30,2.1572625723246497,0.069
2014-07-31,2.1550881727754416,0.08
2014-08-01,2.1534523105408363,0.074
2014-08-02,2.150956541555631,0.086
2014-08-03,2.1489059678608604,0.078
2014-08-04,2.146923446574003,0.076
2014-08-05,2.60352396353107,0.152
2014-08-06,2.176344569957292,0.125
2014-08-07,2.144106915857642,0.078
2014-08-08,3.092660209496041,0.356
2014-08-09,2.2266530009492285,0.157
2014-08-10,2.977381797595228,0.608
2014-08-11,2.260618023196375,0.28
2014-08-12,2.1825472342355154,0.116
2014-08-13,2.167712613398054,0.083
2014-08-14,3.2015998845476914,0.439
2014-08-15,2.269194338891497,0.11
2014-08-16,2.1859348704595964,0.082
2014-08-17,2.1745937441318803,0.093
2014-08-18,2.171843063786215,0.11
2014-08-19,2.1542533338859946,0.079
2014-08-20,2.1457012089620364,0.066
2014-08-21,2.1402105081589493,0.067
2014-08-22,2.1366422156967677,0.064
2014-08-23,2.1324370719456947,0.063
2014-08-24,2.1336698324372816,0.063
2014-08-25,3.32169061352173,0.894
2014-08-26,3.4117326567451594,0.409
2014-08-27,2.4372355336539964,0.13
2014-08-28,2.196744095001771,0.093
2014-08-29,2.169734077534164,0.076
2014-08-30,2.155678674627603,0.079
2014-08-31,2.14692034408549,0.075
2014-09-01,2.155518328316624,0.095
2014-09-02,2.1355515240441476,0.067
2014-09-03,2.1297680359511535,0.057
2014-09-04,2.125793433862685,0.056
2014-09-05,2.1225211610826005,0.055
2014-09-06,2.1197698887792806,0.056
2014-09-07,2.1173938051841508,0.055
2014-09-08,2.1153326171988467,0.055
2014-09-09,2.1135353979371967,0.055
2014-09-10,2.111922671970714,0.055
2014-09-11,2.110474846883203,0.054
2014-09-12,2.1091574080048416,0.054
2014-09-13,2.1079298782810816,0.053
2014-09-14,2.1067890446821136,0.051
2014-09-15,2.105705390313694,0.051
2014-09-16,2.104664660725055,0.052
2014-09-17,2.103667573913648,0.052
2014-09-18,2.2448702484038554,0.319
2014-09-19,2.118648061355566,0.127
2014-09-20,2.1070964022699985,0.064
2014-09-21,2.1039411401110075,0.072
2014-09-22,2.1022140155579456,0.071
2014-09-23,2.103696121750086,0.074
2014-09-24,2.099788132452857,0.076
2014-09-25,2.09821070363955,0.062
2014-09-26,2.0970288966095256,0.06
2014-09-27,2.095936922893106,0.06
2014-09-28,2.09489798657289,0.059
2014-09-29,2.0939117784608268,0.061
2014-09-30,2.0929590067194455,0.059
2014-10-01,2.0919989099446,0.064
2014-10-02,2.0910774091311697,0.057
2014-10-03,2.0901767131772075,0.057
2014-10-04,2.2859392412993826,0.097
2014-10-05,2.102658862708674,0.061
2014-10-06,2.767089814632848,0.166
2014-10-07,2.397617374290452,0.156
2014-10-08,2.3622328653044815,0.254
2014-10-09,2.9435264264156253,0.401
2014-10-10,2.4943700147695864,0.143
2014-10-11,2.1694969788089713,0.206
2014-10-12,3.422233382798559,0.731
2014-10-13,3.5135518500861957,1.19
2014-10-14,3.4446291030483986,0.567
2014-10-15,2.9321649445900175,0.375
2014-10-16,2.286884894837769,0.216
2014-10-17,2.2096242561149526,0.138
2014-10-18,2.4216109617186157,0.156
2014-10-19,2.1974509795257093,0.154
2014-10-20,2.168746296823519,0.102
2014-10-21,2.153725253179338,0.095
2014-10-22,2.1395321128384746,0.092
2014-10-23,2.1346045692543205,0.087
2014-10-24,2.1240943104277297,0.092
2014-10-25,2.1179993962308696,0.091
2014-10-26,2.1135511792119357,0.084
2014-10-27,2.1102241573628278,0.089
2014-10-28,2.1119429764386943,0.088
2014-10-29,2.4481880850416555,0.202
2014-10-30,2.144065611048201,0.09
2014-10-31,2.1179383521270863,0.078
2014-11-01,2.11421838179293,0.075
2014-11-02,3.244785697176947,0.324
2014-11-03,2.944238533776621,0.63
2014-11-04,3.042733312032866,0.357
2014-11-05,2.2609421261849896,0.22
2014-11-06,3.0116290365793668,0.243
2014-11-07,2.2625423252995,0.344
2014-11-08,3.406055155533611,0.449
2014-11-09,2.371072346253589,0.288
2014-11-10,2.223238356729845,0.195
2014-11-11,2.3519296887145815,0.156
2014-11-12,2.312342489017507,0.212
2014-11-13,2.6909139652202807,0.137
2014-11-14,2.4048312297554344,0.343
2014-11-15,2.208353890243612,0.151
2014-11-16,2.9745164605971404,0.272
2014-11-17,2.278707885336832,0.28
2014-11-18,2.2016559318274376,0.175
2014-11-19,2.1770108587748296,0.128
2014-11-20,2.1648620821849804,0.108
2014-11-21,2.1940002285883944,0.102
2014-11-22,3.3772674331146106,0.258
2014-11-23,3.588024116878547,1.61
2014-11-24,2.934884065958381,0.348
2014-11-25,2.826224204724029,0.295
2014-11-26,2.4928686899213592,0.259
2014-11-27,2.270187636050176,0.204
2014-11-28,2.232696149248733,0.155
2014-11-29,2.213173922370192,0.131
2014-11-30,2.1980439198565453,0.116
2014-12-01,2.187987723742649,0.104
2014-12-02,2.18203021173703,0.104
2014-12-03,2.1735531826825034,0.093
2014-12-04,2.204517548467552,0.089
2014-12-05,2.170940406766502,0.093
2014-12-06,2.1631122535023444,0.079
2014-12-07,2.162266755160646,0.081
2014-12-08,2.1558238601769637,0.077
2014-12-09,2.2148742555894767,0.089
2014-12-10,2.162204907018741,0.094
2014-12-11,3.392005750674136,0.195
2014-12-12,2.307053081809862,0.411
2014-12-13,2.21305817569531,0.152
2014-12-14,2.268833741350976,0.112
2014-12-15,2.1989772440993387,0.112
2014-12-16,2.8857368768909986,0.215
2014-12-17,2.269035228047368,0.215
2014-12-18,2.2522841177817248,0.137
2014-12-19,2.2083283453358717,0.146
2014-12-20,2.1954349280751426,0.106
2014-12-21,2.1870811541460933,0.097
2014-12-22,2.180473080008283,0.092
2014-12-23,2.180712481561,0.087
2014-12-24,2.1722815112582774,0.096
2014-12-25,2.168007553902714,0.078
2014-12-26,3.164393630547875,0.255
2014-12-27,2.2794625341393107,0.206
2014-12-28,2.2046439355715064,0.113
2014-12-29,2.19201539408412,0.098
2014-12-30,2.1854822118208266,0.093
2014-12-31,2.179258011016202,0.09
2015-01-01,2.180228836680803,0.089
2015-01-02,3.2434097304126994,0.201
2015-01-03,2.5937477918765017,0.52
2015-01-04,2.259028360999135,0.194
2015-01-05,2.221060492571244,0.15
2015-01-06,2.2719438192239765,0.16
2015-01-07,2.7144233811700818,0.136
2015-01-08,3.261056835427647,0.85
2015-01-09,2.350925945012866,0.269
2015-01-10,2.2695222535743085,0.198
2015-01-11,2.2421432503147125,0.149
2015-01-12,3.477559368062655,0.419
2015-01-13,2.5105366473240993,0.381
2015-01-14,3.3459462948618004,0.355
2015-01-15,2.4463844117473195,0.629
2015-01-16,2.3364669585031455,0.237
2015-01-17,2.3346618790599734,0.176
2015-01-18,2.2878167042319175,0.155
2015-01-19,2.2621759186414545,0.134
2015-01-20,2.247475388804329,0.121
2015-01-21,2.2330627078002445,0.116
2015-01-22,2.221918636270855,0.106
2015-01-23,2.6258838030648466,0.176
2015-01-24,2.2698654703281536,0.139
2015-01-25,2.234045274203839,0.117
2015-01-26,2.2250724446909005,0.115
2015-01-27,2.2149614184322806,0.103
2015-01-28,2.280666199274844,0.13
2015-01-29,2.4281758213254867,0.143
2015-01-30,2.2765773589561005,0.139
2015-01-31,2.450410664469298,0.204
2015-02-01,2.2536323682177897,0.131
2015-02-02,2.274021302110302,0.114
2015-02-03,2.233444361814213,0.13
2015-02-04,2.2248494056542443,0.112
2015-02-05,2.216452229613299,0.119
2015-02-06,2.208327055272557,0.101
2015-02-07,2.20380305972253,0.092
2015-02-08,2.2003155209689345,0.09
2015-02-09,2.1974807116822324,0.087
2015-02-10,2.195143397315063,0.085
2015-02-11,2.193199337941316,0.087
2015-02-12,2.192526453357108,0.088
2015-02-13,3.28989751202822,0.388
2015-02-14,2.3113186169640527,0.227
2015-02-15,2.227116518819401,0.149
2015-02-16,3.066190021084542,0.437
2015-02-17,2.325456652073232,0.238
2015-02-18,2.2570181067133928,0.171
2015-02-19,3.2500388707192003,0.355
2015-02-20,2.4468426884053596,0.297
2015-02-21,2.310345727412652,0.244
2015-02-22,2.930483794445994,0.387
2015-02-23,2.362417210684481,0.259
2015-02-24,2.5118057633474247,0.196
2015-02-25,2.3132598305879015,0.205
2015-02-26,2.8465257275209295,0.425
2015-02-27,2.347688004519947,0.223
2015-02-28,2.4837881308064635,0.238
2015-03-01,2.591685809491931,0.299
2015-03-02,2.3368802695499142,0.186
2015-03-03,2.2855178051180816,0.175
2015-03-04,2.266478334835741,0.139
2015-03-05,2.2530116270347147,0.126
2015-03-06,2.242414819920033,0.118
2015-03-07,2.233961321979621,0.131
2015-03-08,2.227175338897118,0.127
2015-03-09,2.2217455647407114,0.107
2015-03-10,2.2173211664466512,0.1
2015-03-11,2.2137851616373796,0.096
2015-03-12,2.2108190435377937,0.095
2015-03-13,2.2083911180315337,0.093
2015-03-14,2.2097651885861267,0.089
2015-03-15,2.5950621044507973,0.169
2015-03-16,2.253087999687103,0.149
2015-03-17,2.2193608928682003,0.132
2015-03-18,2.211910338248121,0.097
2015-03-19,2.208454683330043,0.092
2015-03-20,2.2058144041421808,0.091
2015-03-21,2.2035800173621043,0.089
2015-03-22,2.201625008451356,0.088
2015-03-23,2.204026921644992,0.092
2015-03-24,2.2017084236301736,0.1
2015-03-25,2.4541578690597343,0.102
2015-03-26,2.2274382489286113,0.153
2015-03-27,2.2055212141914247,0.11
2015-03-28,2.203937050527253,0.089
2015-03-29,2.4066470754665614,0.204
2015-03-30,2.2237046570245833,0.11
2015-03-31,2.204414442281993,0.101
2015-04-01,2.3769257234196237,0.154
2015-04-02,2.219235207626416,0.146
2015-04-03,2.206903878677988,0.123
2015-04-04,2.1976315990661046,0.108
2015-04-05,2.193946402242528,0.099
2015-04-06,2.1912186335520034,0.101
2015-04-07,2.188787907809921,0.095
2015-04-08,2.1866339293637638,0.094
2015-04-09,2.184675378901232,0.094
2015-04-10,2.1830390392028587,0.098
2015-04-11,2.182106310724572,0.116
2015-04-12,2.179644758959093,0.098
2015-04-13,2.178043222826556,0.097
2015-04-14,2.1765552413038827,0.099
2015-04-15,2.175110250005684,0.103
2015-04-16,2.1736935774847894,0.105
2015-04-17,2.172296730167338,0.103
2015-04-18,2.170913595947964,0.103
2015-04-19,2.1695392678035486,0.106
2015-04-20,2.168170153324172,0.107
2015-04-21,2.166803522382232,0.108
2015-04-22,2.1654373434296925,0.113
2015-04-23,2.1640701365077804,0.117
2015-04-24,2.162733119363693,0.118
2015-04-25,2.3954925530681614,0.169
2015-04-26,2.176928134434618,0.196
2015-04-27,2.1599456993113857,0.14
2015-04-28,2.157405476986009,0.13
2015-04-29,2.2730288587225242,0.23
2015-04-30,2.163041530288792,0.134
2015-05-01,2.1538149010916654,0.127
2015-05-02,2.153987515481769,0.137
2015-05-03,2.150436003973423,0.169
2015-05-04,2.767003922846069,0.312
2015-05-05,2.2342938447776746,0.304
2015-05-06,2.156792998812083,0.266
2015-05-07,2.147413335734252,0.151
2015-05-08,2.14510518958877,0.135
2015-05-09,2.143328968169131,0.129
2015-05-10,2.141684906266238,0.124
2015-05-11,2.1401011731985826,0.125
2015-05-12,2.1385621169181737,0.137
2015-05-13,2.137061557668738,0.113
2015-05-14,3.217790043728728,0.482
2015-05-15,2.2131337018835424,0.153
2015-05-16,2.1388304346711284,0.106
2015-05-17,2.1330316929063895,0.093
2015-05-18,2.133689365124529,0.091
2015-05-19,2.211738427707161,0.224
2015-05-20,2.145261696001876,0.102
2015-05-21,2.136491259473844,0.078
2015-05-22,2.13286351586278,0.071
2015-05-23,2.1300483951164892,0.071
2015-05-24,2.1275016323025526,0.065
2015-05-25,2.125168856658689,0.061
2015-05-26,2.1231034244101163,0.055
2015-05-27,2.1212119779223775,0.054
2015-05-28,2.1194577833737824,0.054
2015-05-29,2.215396762453298,0.164
2015-05-30,2.123843294813967,0.076
2015-05-31,2.1154558800819045,0.105
2015-06-01,2.1135179606011127,0.062
2015-06-02,2.1120636345370354,0.059
2015-06-03,2.110714786317513,0.054
2015-06-04,2.1094794570439226,0.059
2015-06-05,2.1081388921210196,0.067
2015-06-06,2.106885519927596,0.054
2015-06-07,2.105658402048773,0.053
2015-06-08,2.1044518479415295,0.052
2015-06-09,2.1032621456630434,0.053
2015-06-10,2.102088118329494,0.049
2015-06-11,2.100928217740115,0.048
2015-06-12,2.0998305385788414,0.051
2015-06-13,2.0986499973833657,0.049
2015-06-14,2.0975278764836167,0.049
2015-06-15,2.0964095301318686,0.049
2015-06-16,2.095306533451171,0.049
2015-06-17,2.094216681005021,0.05
2015-06-18,2.0931318012505793,0.051
2015-06-19,2.0920586285357117,0.053
2015-06-20,2.091394864896572,0.117
2015-06-21,2.120544162960201,0.127
2015-06-22,2.091217641348379,0.112
2015-06-23,2.0881347693513015,0.065
2015-06-24,2.086940124810771,0.063
2015-06-25,2.0858958824626153,0.064
2015-06-26,2.084874449497175,0.066
2015-06-27,2.0838661683925084,0.07
2015-06-28,2.08288708031874,0.075
2015-06-29,2.0818846373191606,0.077
2015-06-30,2.080908581005818,0.08
2015-07-01,2.079943668309801,0.083
2015-07-02,2.078999010527346,0.086
2015-07-03,2.199005790568692,0.215
2015-07-04,2.0861951826513145,0.108
2015-07-05,2.0770191097843056,0.152
2015-07-06,2.0754371069793853,0.101
2015-07-07,2.074468166837676,0.092
2015-07-08,2.0735606311936285,0.095
2015-07-09,2.0726482955018413,0.096
2015-07-10,2.07175988120315,0.091
2015-07-11,2.07089749556284,0.095
2015-07-12,2.070047705706582,0.087
2015-07-13,2.0691800494089803,0.088
2015-07-14,2.068346677639552,0.083
2015-07-15,2.0674905268434522,0.079
2015-07-16,2.0666691146635294,0.074
2015-07-17,2.065851054936353,0.071
2015-07-18,2.0650740706036004,0.061
2015-07-19,2.0642598602005875,0.058
2015-07-20,2.063467909020955,0.052
2015-07-21,2.062687990581379,0.047
2015-07-22,2.061924560326914,0.045
2015-07-23,2.0611663916863736,0.044
2015-07-24,3.143448024096279,0.708
2015-07-25,3.137768307440991,0.133
2015-07-26,2.322725561926545,0.234
2015-07-27,2.077875577957528,0.081
2015-07-28,2.059448634810394,0.064
2015-07-29,2.0573542173407335,0.057
2015-07-30,2.056474884086932,0.054
2015-07-31,2.055716329538111,0.053
2015-08-01,2.054986370716957,0.053
2015-08-02,2.054275655487891,0.052
2015-08-03,2.053582907637396,0.052
2015-08-04,2.052902282990219,0.052
2015-08-05,2.0522620774853015,0.061
2015-08-06,2.0515843633647437,0.053
2015-08-07,2.0509402668415975,0.052
2015-08-08,2.050307894889662,0.052
2015-08-09,2.0496858739028787,0.051
2015-08-10,2.049101532952783,0.05
2015-08-11,2.0485398751038453,0.066
2015-08-12,2.047894446433782,0.061
2015-08-13,2.8445595378139434,0.335
2015-08-14,2.1072963931145163,0.103
2015-08-15,2.050739292368437,0.06
2015-08-16,2.0461155512679894,0.044
2015-08-17,2.045224827830205,0.038
2015-08-18,2.044624038733739,0.037
2015-08-19,2.422394059850325,0.141
2015-08-20,2.07080765977015,0.063
2015-08-21,2.0451145359886684,0.041
2015-08-22,2.0427072489396174,0.035
2015-08-23,2.9003066149323375,0.055
2015-08-24,3.18635087391054,0.6
2015-08-25,3.270261046848995,0.141
2015-08-26,3.17888073669372,0.254
2015-08-27,2.2024058189419597,0.082
2015-08-28,2.1021086425864897,0.049
2015-08-29,2.2478766031237156,0.107
2015-08-30,2.5776647047581474,0.162
2015-08-31,2.7819946195745677,0.464
2015-09-01,2.438783124764617,0.252
2015-09-02,2.219368234150908,0.228
2015-09-03,2.138963894950725,0.088
2015-09-04,2.117668518187222,0.058
2015-09-05,2.1034201279753484,0.048
2015-09-06,2.0920926201366288,0.041
2015-09-07,2.0834525026883153,0.039
2015-09-08,2.076881064744279,0.041
2015-09-09,2.071289059599096,0.039
2015-09-10,2.067024736808007,0.035
2015-09-11,2.063881912812743,0.033
2015-09-12,2.0611118320914157,0.034
2015-09-13,2.237779122823402,0.039
2015-09-14,2.3217157654460285,0.12
2015-09-15,2.083911503161877,0.042
2015-09-16,3.233025472083189,0.634
2015-09-17,2.8436403720712855,0.122
2015-09-18,2.1469412011084623,0.064
2015-09-19,2.0865729368741492,0.048
2015-09-20,2.0772259219829503,0.043
2015-09-21,3.375647978146566,0.198
2015-09-22,3.1374719582003863,0.718
2015-09-23,2.2624927894899844,0.112
2015-09-24,2.1534687220878723,0.098
2015-09-25,2.130203229239407,0.062
2015-09-26,2.1164682852724317,0.051
2015-09-27,2.105820607261179,0.044
2015-09-28,2.0974977678826905,0.039
2015-09-29,2.090962244877058,0.038
2015-09-30,2.085844033333463,0.038
2015-10-01,2.081856020542376,0.038
2015-10-02,2.0787992349209827,0.037
2015-10-03,2.07633048245932,0.037
2015-10-04,2.075445974907727,0.037
2015-10-05,2.8806048904461696,0.129
2015-10-06,2.6577578136212576,0.293
2015-10-07,2.1676416950698454,0.081
2015-10-08,2.1195420261744387,0.054
2015-10-09,2.1078835782268115,0.047
2015-10-10,2.100592206457135,0.044
2015-10-11,2.0950057940711275,0.044
2015-10-12,2.090630793695088,0.043
2015-10-13,2.0871918779375656,0.041
2015-10-14,2.087173625517754,0.04
2015-10-15,2.083497919943176,0.048
2015-10-16,2.081134584842399,0.043
2015-10-17,2.0795762283873964,0.044
2015-10-18,2.0791462566987664,0.046
2015-10-19,2.077957917976088,0.047
2015-10-20,2.3921955136940682,0.046
2015-10-21,2.3307494005067175,0.199
2015-10-22,2.1123358083130648,0.057
2015-10-23,2.093031106248593,0.049
2015-10-24,2.366325445595216,0.122
2015-10-25,2.116576181966066,0.058
2015-10-26,2.094820414019175,0.05
2015-10-27,3.2597599323827153,0.191
2015-10-28,2.2083472226505956,0.412
2015-10-29,2.3242051513703377,0.102
2015-10-30,2.137430501639664,0.107
2015-10-31,2.1149286547345563,0.07
2015-11-01,2.108078613455634,0.061
2015-11-02,2.1015369915554656,0.058
2015-11-03,3.157747712194046,0.177
2015-11-04,2.2801924883508953,0.429
2015-11-05,2.647610678969919,0.288
2015-11-06,2.3100260743756196,0.171
2015-11-07,2.3313537803161215,0.166
2015-11-08,2.15826385655344,0.099
2015-11-09,2.134701847832914,0.077
2015-11-10,2.1246585217861265,0.069
2015-11-11,2.116732586323314,0.068
2015-11-12,2.11247845735007,0.068
2015-11-13,2.1108110578059383,0.079
2015-11-14,2.7388936522103653,0.216
2015-11-15,2.1754469866582866,0.091
2015-11-16,2.3364848121492674,0.123
2015-11-17,2.425058799412204,0.183
2015-11-18,2.3680106071665326,0.152
2015-11-19,2.3856954954343523,0.196
2015-11-20,2.3155040760397125,0.106
2015-11-21,2.1880642421778242,0.146
2015-11-22,2.1380245334677377,0.081
2015-11-23,2.7180886629947283,0.129
2015-11-24,2.1876573389523255,0.166
2015-11-25,2.1381292365748132,0.094
2015-11-26,2.1274930310215425,0.076
2015-11-27,2.2723263796095243,0.1
2015-11-28,2.135790667549298,0.079
2015-11-29,2.4721810909386983,0.121
2015-11-30,2.353410063644902,0.17
2015-12-01,2.1513534303887014,0.11
2015-12-02,2.131451783399619,0.087
2015-12-03,2.4111756010113425,0.133
2015-12-04,2.151941901894418,0.107
2015-12-05,2.1293372261464794,0.079
2015-12-06,2.1224265605261947,0.069
2015-12-07,2.260889449938508,0.064
2015-12-08,2.1334244240604767,0.086
2015-12-09,2.1187327123183115,0.062
2015-12-10,2.7910747089574324,0.208
2015-12-11,2.184690616703242,0.133
2015-12-12,2.255959960913891,0.09
2015-12-13,2.1426503806266544,0.104
2015-12-14,2.2044640045096866,0.091
2015-12-15,2.5338158953752186,0.164
2015-12-16,2.169270815908163,0.112
2015-12-17,2.1381667269586737,0.089
2015-12-18,2.1284634436706873,0.077
2015-12-19,2.123094870749042,0.07
2015-12-20,2.5595950201230164,0.17
2015-12-21,2.384637846380311,0.136
2015-12-22,2.4191965035514595,0.168
2015-12-23,2.167324072601441,0.119
2015-12-24,2.291957633335735,0.142
2015-12-25,2.2141641837351873,0.101
2015-12-26,2.1462017169417402,0.091
2015-12-27,2.134505545293353,0.078
2015-12-28,2.130409479928562,0.072
2015-12-29,2.1271153395777,0.071
2015-12-30,2.795473753741225,0.235
2015-12-31,2.543110656542541,0.29
2016-01-01,2.467705158733383,0.173
2016-01-02,2.4408616923648987,0.236
2016-01-03,3.3950244576018975,0.761
2016-01-04,2.85455217875702,0.481
2016-01-05,2.4540769321964397,0.259
2016-01-06,3.2035763487472164,0.244
2016-01-07,3.081160122870018,1.04
2016-01-08,2.5135749985502884,0.291
2016-01-09,3.2008898925690907,0.569
2016-01-10,3.5930446970749945,0.506
2016-01-11,2.4236062614251397,0.789
2016-01-12,2.3003974513271412,0.252
2016-01-13,2.5488856175215173,0.229
2016-01-14,2.2765741780740836,0.181
2016-01-15,2.2345703703328534,0.135
2016-01-16,2.4060609986712542,0.132
2016-01-17,2.2306681320684785,0.14
2016-01-18,2.202165212688503,0.115
2016-01-19,2.1894557757163744,0.103
2016-01-20,2.1801446678671845,0.095
2016-01-21,2.1737450509222094,0.089
2016-01-22,2.438317712357804,0.138
2016-01-23,2.228718588704062,0.114
2016-01-24,2.1851952150189082,0.108
2016-01-25,2.1756162506826033,0.095
2016-01-26,2.4677710217643964,0.123
2016-01-27,2.3905225687894656,0.188
2016-01-28,2.208926557605594,0.114
2016-01-29,2.7334353853361435,0.192
2016-01-30,2.2529397227905976,0.176
2016-01-31,2.2133196538242537,0.125
2016-02-01,2.1955096695139136,0.103
2016-02-02,2.1867484208888923,0.093
2016-02-03,2.182486178486715,0.083
2016-02-04,2.174668314079277,0.079
2016-02-05,2.1745440902854076,0.08
2016-02-06,2.751505379946132,0.261
2016-02-07,3.555527993494275,0.544
2016-02-08,2.5345416151796,0.612
2016-02-09,2.289463270926323,0.199
2016-02-10,2.2484224052719908,0.146
2016-02-11,2.229583641273781,0.12
2016-02-12,2.2159472780608165,0.108
2016-02-13,2.7627534451764673,0.192
2016-02-14,2.281723571209216,0.15
2016-02-15,2.2325391005738275,0.105
2016-02-16,2.217505338861055,0.097
2016-02-17,2.835598229195096,0.206
2016-02-18,2.2916143348727926,0.147
2016-02-19,2.2426467512216393,0.117
2016-02-20,2.23346935461897,0.121
2016-02-21,2.5273776093003653,0.15
2016-02-22,2.2691833679750637,0.27
2016-02-23,2.226545772472255,0.135
2016-02-24,2.2141022260087606,0.113
2016-02-25,2.2056749682330765,0.101
2016-02-26,2.199176251608823,0.094
2016-02-27,2.1940333514131525,0.085
2016-02-28,2.1899323217293842,0.079
2016-02-29,2.188025241586701,0.075
2016-03-01,2.508612052655202,0.167
2016-03-02,2.467112795809375,0.179
2016-03-03,2.67722430997677,0.218
2016-03-04,2.2611087814517963,0.169
2016-03-05,2.228091734355661,0.126
2016-03-06,2.21215562554338,0.102
2016-03-07,2.2031562193141268,0.091
2016-03-08,3.4255456420146206,0.329
2016-03-09,2.6581491119718335,0.641
2016-03-10,2.270027788144083,0.197
2016-03-11,2.2300501318553243,0.145
2016-03-12,2.217780513101205,0.121
2016-03-13,2.209390372813352,0.105
2016-03-14,2.202865442317578,0.098
2016-03-15,2.197924500866235,0.09
2016-03-16,2.193109771327447,0.085
2016-03-17,2.1894315569287905,0.08
2016-03-18,2.1864654280140896,0.078
2016-03-19,2.1840199872816557,0.076
2016-03-20,2.1819346628969933,0.073
2016-03-21,2.1801180571958425,0.07
2016-03-22,2.178552163081385,0.071
2016-03-23,2.177165425375858,0.068
2016-03-24,2.881141473436242,0.163
2016-03-25,2.25344642177171,0.128
2016-03-26,2.79455342269693,0.32
2016-03-27,3.5216561275676037,0.791
2016-03-28,3.241458551434011,0.929
2016-03-29,2.733195352716694,0.399
2016-03-30,2.3561697400934594,0.239
2016-03-31,2.2971144870502664,0.176
2016-04-01,2.2707462512413783,0.147
2016-04-02,2.360955572357857,0.161
2016-04-03,2.317748985484142,0.224
2016-04-04,2.2679952867071846,0.139
2016-04-05,2.246902217561922,0.12
2016-04-06,2.237537758059793,0.118
2016-04-07,2.3088564861156655,0.195
2016-04-08,2.235461848066269,0.122
2016-04-09,2.2155597342529956,0.135
2016-04-10,2.2077249219047537,0.108
2016-04-11,2.5290194791102376,0.16
2016-04-12,2.2319799300226295,0.132
2016-04-13,2.205292599974747,0.112
2016-04-14,2.3739670159758615,0.136
2016-04-15,2.7128156566327575,0.364
2016-04-16,2.250350455031505,0.169
2016-04-17,2.2100992580421597,0.131
2016-04-18,2.201712258878793,0.118
2016-04-19,2.1966732877434745,0.112
2016-04-20,2.1926831418805084,0.108
2016-04-21,2.1893375608159675,0.108
2016-04-22,2.2503812929916283,0.144
2016-04-23,2.1961567606493744,0.119
2016-04-24,2.1879672421245937,0.113
2016-04-25,2.1866623249596726,0.118
2016-04-26,2.1827282842930615,0.113
2016-04-27,2.380126782188889,0.188
2016-04-28,2.1990314170935035,0.13
2016-04-29,2.182139908861425,0.107
2016-04-30,2.1783092029522027,0.099
2016-05-01,2.1763022179587233,0.095
2016-05-02,2.1746255333446998,0.09
2016-05-03,2.17304604193538,0.09
2016-05-04,2.1716339990798392,0.092
2016-05-05,2.170307460900881,0.09
2016-05-06,2.169041445428032,0.09
2016-05-07,2.1678192411718746,0.089
2016-05-08,2.1666279594056816,0.09
2016-05-09,2.166868924078403,0.118
2016-05-10,3.2468476863031377,0.626
2016-05-11,3.4821573086158,0.927
2016-05-12,2.488955068768013,0.191
2016-05-13,2.235755529002657,0.112
2016-05-14,2.207283143953753,0.087
2016-05-15,2.196189836235241,0.076
2016-05-16,2.1882783663869376,0.07
2016-05-17,2.182601235308628,0.069
2016-05-18,2.5995934128354503,0.257
2016-05-19,2.2285651323687983,0.107
2016-05-20,2.193394482515016,0.077
2016-05-21,2.1848415869992737,0.071
2016-05-22,2.4113990066243627,0.294
2016-05-23,2.2079828134752617,0.107
2016-05-24,2.183711555231827,0.083
2016-05-25,2.1762869618201894,0.079
2016-05-26,2.171027352113394,0.074
2016-05-27,2.167099661942509,0.089
2016-05-28,2.163190631156771,0.081
2016-05-29,2.1600827845040493,0.076
2016-05-30,3.248500174027716,0.166
2016-05-31,2.7902389243724444,0.909
2016-06-01,2.252360240336978,0.301
2016-06-02,2.185379506000047,0.155
2016-06-03,2.1741711659009577,0.124
2016-06-04,2.167832803530951,0.107
2016-06-05,2.1629116856246804,0.098
2016-06-06,2.158823129396736,0.094
2016-06-07,2.2575771107779565,0.165
2016-06-08,2.1810145634928717,0.108
2016-06-09,2.1632625021099243,0.077
2016-06-10,2.157927995566698,0.117
2016-06-11,2.1628392580497127,0.166
2016-06-12,2.2450845218548503,0.579
2016-06-13,2.167614668301483,0.219
2016-06-14,2.2027181123345607,0.223
2016-06-15,2.157608490264043,0.111
2016-06-16,2.151081180543864,0.091
2016-06-17,2.334292064616311,0.132
2016-06-18,2.159098227307946,0.089
2016-06-19,2.5152666231749956,0.097
2016-06-20,2.393126823506312,0.448
2016-06-21,2.1728251562441203,0.118
2016-06-22,3.429683589499014,1.41
2016-06-23,3.478241689070795,1.66
2016-06-24,3.4150868326719968,0.34
2016-06-25,3.4637923295303024,0.929
2016-06-26,2.3459172424936066,0.285
2016-06-27,2.230356964147271,0.181
2016-06-28,2.2207763060631245,0.167
2016-06-29,2.2119216994691038,0.156
2016-06-30,2.1866787603612012,0.138
2016-07-01,2.175071650055281,0.117
2016-07-02,2.173500323030039,0.108
2016-07-03,2.1579646354749964,0.085
2016-07-04,2.1528393147370273,0.079
2016-07-05,2.148399899530849,0.076
2016-07-06,2.1455846971938413,0.074
2016-07-07,2.1424201018201146,0.072
2016-07-08,2.1401112202316197,0.07
2016-07-09,2.138185367878124,0.069
2016-07-10,2.1370840202422348,0.078
2016-07-11,2.447060896075927,0.311
2016-07-12,2.8912606062729966,0.333
2016-07-13,2.2617946119638273,0.253
2016-07-14,2.191282344993159,0.095
2016-07-15,2.175865812731739,0.076
2016-07-16,2.1665035356240288,0.067
2016-07-17,2.1591685424803106,0.062
2016-07-18,2.153224358404992,0.058
2016-07-19,2.1483995105777227,0.055
2016-07-20,2.1444192990718483,0.052
2016-07-21,2.1423114054435497,0.065
2016-07-22,2.138643652479501,0.073
2016-07-23,2.136136356504972,0.052
2016-07-24,2.134411006889415,0.045
2016-07-25,2.132497506939609,0.043
2016-07-26,2.1325401540652136,0.044
2016-07-27,2.13006352111865,0.064
2016-07-28,2.128763636021928,0.043
2016-07-29,2.127890008614839,0.045
2016-07-30,2.1264628105624968,0.042
2016-07-31,2.1254522191784884,0.041
2016-08-01,2.8651026135800737,0.222
2016-08-02,2.1825457386855,0.128
2016-08-03,2.1273629168643433,0.056
2016-08-04,2.1226936352113492,0.048
2016-08-05,2.1213011522185914,0.047
2016-08-06,2.1203996454665233,0.038
2016-08-07,2.119569444156978,0.037
2016-08-08,2.1186950102016935,0.037
2016-08-09,2.118961957485504,0.04
2016-08-10,2.117061434887968,0.042
2016-08-11,2.1161238386319114,0.041
2016-08-12,2.1152579441723134,0.04
2016-08-13,2.1143939634741344,0.039
2016-08-14,2.113525959944524,0.039
2016-08-15,2.1126531890674305,0.039
2016-08-16,2.1117756975744624,0.04
2016-08-17,2.1108932852351203,0.039
2016-08-18,2.110013407732902,0.039
2016-08-19,2.1091797665528134,0.044
2016-08-20,2.1082909433687855,0.068
2016-08-21,2.107334834727981,0.04
2016-08-22,2.106418313110583,0.039
2016-08-23,2.105511348315506,0.039
2016-08-24,2.104604776080483,0.038
2016-08-25,2.103693449249109,0.038
2016-08-26,2.10277896610396,0.038
2016-08-27,2.101864451013516,0.037
2016-08-28,2.1009547632812335,0.037
2016-08-29,2.1000329268226374,0.037
2016-08-30,2.0991157224858,0.039
2016-08-31,2.098198823615528,0.04
2016-09-01,2.097282269812977,0.039
2016-09-02,2.0963683654818563,0.039
2016-09-03,2.1404873651926497,0.108
2016-09-04,2.097906735395511,0.063
2016-09-05,2.0939584256802894,0.074
2016-09-06,2.0928103795071737,0.051
2016-09-07,2.091872010968283,0.05
2016-09-08,2.090955102480486,0.048
2016-09-09,2.0900433100354565,0.044
2016-09-10,2.0891720604605872,0.045
2016-09-11,2.088236292123838,0.043
2016-09-12,2.087336289404148,0.043
2016-09-13,2.0864431709774376,0.043
2016-09-14,2.0855548997188773,0.043
2016-09-15,2.918625625313334,0.127
2016-09-16,2.149200949254434,0.22
2016-09-17,2.08774721157714,0.058
2016-09-18,2.082603670583644,0.048
2016-09-19,2.081399911073431,0.055
2016-09-20,2.080479215696658,0.044
2016-09-21,2.0795971332074874,0.047
2016-09-22,2.0787307301668068,0.041
2016-09-23,2.0778696422992398,0.04
2016-09-24,2.077082225892882,0.056
2016-09-25,2.0761835370665596,0.055
2016-09-26,2.0753527694423886,0.037
2016-09-27,2.0745197437316127,0.043
2016-09-28,2.0737030024546725,0.057
2016-09-29,2.0729231335366674,0.045
2016-09-30,2.072131926571654,0.043
2016-10-01,2.5721759010806715,0.203
2016-10-02,2.1066641010820266,0.055
2016-10-03,2.0725197591582143,0.04
2016-10-04,2.069260848219077,0.043
2016-10-05,2.0682838836819775,0.038
2016-10-06,2.0674887693634,0.039
2016-10-07,2.0667167293831374,0.039
2016-10-08,2.0659906568030264,0.047
2016-10-09,2.0652060611472716,0.041
2016-10-10,2.0644600172100045,0.039
2016-10-11,2.0637605309861384,0.045
2016-10-12,2.328415101320735,0.114
2016-10-13,2.0815118070355005,0.064
2016-10-14,2.0630660787648076,0.044
2016-10-15,2.837866112794074,0.225
2016-10-16,2.1521112164587586,0.215
2016-10-17,2.0729617922109145,0.123
2016-10-18,2.059974489355773,0.058
2016-10-19,2.0583853463907826,0.048
2016-10-20,2.0576251053491488,0.052
2016-10-21,2.05691726133436,0.045
2016-10-22,2.0562352000656126,0.041
2016-10-23,2.055568992591734,0.038
2016-10-24,2.054909762543473,0.039
2016-10-25,2.0542643714415925,0.038
2016-10-26,2.053624883394096,0.038
2016-10-27,2.0529950073556797,0.038
2016-10-28,2.0523741233408637,0.038
2016-10-29,2.051761919236583,0.041
2016-10-30,2.051156762327454,0.042
2016-10-31,2.0505587106157854,0.045
2016-11-01,2.0499704319883265,0.045
2016-11-02,2.0493854077825775,0.044
2016-11-03,2.048825201550492,0.039
2016-11-04,2.576072586486373,0.147
2016-11-05,2.0857358268605632,0.054
2016-11-06,2.111984997552977,0.071
2016-11-07,2.0513608339220544,0.056
2016-11-08,3.1292528239491935,0.312
2016-11-09,3.2095633540092625,0.598
2016-11-10,2.3630829294729283,0.152
2016-11-11,2.1655829727344225,0.074
2016-11-12,2.562854907728225,0.263
2016-11-13,2.1255460218832534,0.083
2016-11-14,2.083973361657611,0.065
2016-11-15,2.076914886697257,0.064
2016-11-16,2.338145282517688,0.127
2016-11-17,2.1449075106848032,0.09
2016-11-18,2.0839904470410247,0.075
2016-11-19,3.4878137584946454,0.521
2016-11-20,3.527822206692006,0.882
2016-11-21,3.519334773152358,0.814
2016-11-22,3.4153115841383084,0.481
2016-11-23,2.521465282109916,0.141
2016-11-24,2.20388757662517,0.095
2016-11-25,2.1588983932979295,0.08
2016-11-26,2.141274194968581,0.068
2016-11-27,2.1232313089199994,0.064
2016-11-28,2.110641025176138,0.064
2016-11-29,2.1012850567800263,0.063
2016-11-30,2.093657948504054,0.064
2016-12-01,2.0878550300089875,0.062
2016-12-02,2.0857890820929983,0.062
2016-12-03,2.080055055609059,0.06
2016-12-04,2.077251116623331,0.06
2016-12-05,2.075276632801068,0.06
2016-12-06,2.0736857779525346,0.06
2016-12-07,2.072531874765333,0.06
2016-12-08,2.0717945031039857,0.056
2016-12-09,2.071492700250834,0.056
2016-12-10,2.43315680294044,0.146
2016-12-11,2.1165935514142284,0.066
2016-12-12,2.0912460175435874,0.053
2016-12-13,2.0878560601895066,0.055
2016-12-14,2.0821795743702447,0.05
2016-12-15,2.0798527270134795,0.048
2016-12-16,2.0782322649855423,0.045
2016-12-17,2.077098051783587,0.043
2016-12-18,2.0760000760789863,0.041
2016-12-19,2.075824052999901,0.041
2016-12-20,2.076052806051914,0.04
2016-12-21,2.074717603493215,0.042
2016-12-22,2.0739806709798407,0.04
2016-12-23,2.153871962089684,0.049
2016-12-24,2.084724518390957,0.046
2016-12-25,2.1398197566459465,0.044
2016-12-26,2.0863460066395594,0.046
2016-12-27,2.0808751110899766,0.04
2016-12-28,2.0790648952216078,0.039
2016-12-29,2.078584951243209,0.039
2016-12-30,2.0768543600520464,0.039
2016-12-31,2.0770430472021677,0.039
2017-01-01,2.895079671532865,0.211
2017-01-02,2.166075535392057,0.099
2017-01-03,2.1078093531046442,0.062
2017-01-04,2.0985455776577138,0.055
2017-01-05,2.09264223751662,0.051
2017-01-06,2.442224908507281,0.074
2017-01-07,2.129483335153267,0.086
2017-01-08,2.2720885917170754,0.135
2017-01-09,2.509784483234594,0.213
2017-01-10,2.1451110375687907,0.105
2017-01-11,2.1112630669275476,0.078
2017-01-12,3.417548154540136,0.714
2017-01-13,3.2570003987766745,0.483
2017-01-14,2.473000497378319,0.175
2017-01-15,2.7991984937504824,0.332
2017-01-16,2.293659617305394,0.34
2017-01-17,2.178987938359592,0.154
2017-01-18,2.155168445010929,0.114
2017-01-19,2.140949568403682,0.095
2017-01-20,2.129948768363069,0.085
2017-01-21,2.1211393320910448,0.078
2017-01-22,2.114295095369028,0.076
2017-01-23,2.109094850923321,0.07
2017-01-24,2.104854191502699,0.068
2017-01-25,2.101995347649952,0.07
2017-01-26,2.099024406042019,0.07
2017-01-27,2.0996267331652674,0.07
2017-01-28,2.1000575979107343,0.097
2017-01-29,3.2828380536427484,0.361
2017-01-30,2.2375215370971864,0.19
2017-01-31,2.7479310429684705,0.229
2017-02-01,2.2678377456058234,0.254
2017-02-02,2.205514639634078,0.197
2017-02-03,2.365887852523095,0.187
2017-02-04,2.2353494360696575,0.187
2017-02-05,2.156082462756517,0.119
2017-02-06,2.841428529212348,0.244
2017-02-07,2.2158407383774312,0.174
2017-02-08,2.1583127292227577,0.122
2017-02-09,2.1789929602529616,0.111
2017-02-10,2.2368765197053735,0.119
2017-02-11,2.28504289947626,0.16
2017-02-12,2.1538329675710663,0.134
2017-02-13,2.1368052674556126,0.108
2017-02-14,2.131182293704251,0.094
2017-02-15,2.169166836717163,0.108
2017-02-16,2.1297909306699365,0.092
2017-02-17,2.122270655568624,0.089
2017-02-18,2.1185727424165304,0.083
2017-02-19,2.1158216368472416,0.08
2017-02-20,2.1148571182625955,0.076
2017-02-21,2.1121402456775074,0.072
2017-02-22,2.2128772052347747,0.076
2017-02-23,2.125283364598598,0.108
2017-02-24,2.1156215692356377,0.07
2017-02-25,2.1371350838732655,0.072
2017-02-26,3.10324243001814,0.221
2017-02-27,2.6475739240042766,0.396
2017-02-28,2.2452271755137025,0.155
2017-03-01,2.1679551940671336,0.119
2017-03-02,2.1532776868657773,0.096
2017-03-03,2.184550568388043,0.099
2017-03-04,2.2955511049779154,0.088
2017-03-05,2.475460776115532,0.173
2017-03-06,2.1806888638521693,0.094
2017-03-07,2.1971687576503443,0.087
2017-03-08,2.1951681827541365,0.138
2017-03-09,2.1496405716134164,0.082
2017-03-10,2.1398928762284815,0.076
2017-03-11,2.1340074545395518,0.073
2017-03-12,2.1314053919972635,0.071
2017-03-13,2.1259408533808117,0.065
2017-03-14,2.122862696092811,0.064
2017-03-15,2.120497318835912,0.063
2017-03-16,2.118549970697842,0.063
2017-03-17,2.1192703825687675,0.062
2017-03-18,2.1158359187098843,0.064
2017-03-19,2.117421544454878,0.063
2017-03-20,2.118380167022954,0.074
2017-03-21,2.114210323793798,0.063
2017-03-22,2.7616743925770053,0.181
2017-03-23,2.175366313101678,0.106
2017-03-24,2.1293844625357896,0.069
2017-03-25,2.122947833783083,0.063
2017-03-26,2.119834035889201,0.062
2017-03-27,2.1174859959856915,0.062
2017-03-28,2.11903815638036,0.064
2017-03-29,2.114363215774076,0.061
2017-03-30,2.112542924510043,0.06
2017-03-31,2.1112954006989697,0.06
2017-04-01,2.1114520193406876,0.064
2017-04-02,2.1093714263917676,0.06
2017-04-03,2.1094243456883905,0.059
2017-04-04,2.107661988383191,0.062
2017-04-05,2.1068275063036777,0.059
2017-04-06,2.106091570810602,0.058
2017-04-07,2.1053917588575564,0.059
2017-04-08,2.1047088697854592,0.06
2017-04-09,2.104038087182484,0.062
2017-04-10,2.1033774093295774,0.061
2017-04-11,2.1027134875770033,0.061
2017-04-12,2.1020515612233006,0.062
2017-04-13,2.101388707513868,0.063
2017-04-14,2.100721917406001,0.065
2017-04-15,2.1000503665927934,0.065
2017-04-16,2.0993779498804273,0.066
2017-04-17,2.0986914240095196,0.069
2017-04-18,2.098002288042428,0.071
2017-04-19,2.0973069772670683,0.076
2017-04-20,2.0966056993054147,0.074
2017-04-21,2.0958988754936465,0.085
2017-04-22,2.0951873556821794,0.089
2017-04-23,2.0944667545013735,0.076
2017-04-24,2.0937766052255924,0.085
2017-04-25,2.093018324097938,0.083
2017-04-26,2.092310755061657,0.117
2017-04-27,2.0915755893918364,0.099
2017-04-28,2.0908024663842797,0.093
2017-04-29,2.090054632277456,0.09
2017-04-30,2.0893556854717636,0.096
2017-05-01,2.088613925387299,0.133
2017-05-02,2.0878148149683002,0.095
2017-05-03,2.087057131177987,0.094
2017-05-04,2.086289895112288,0.093
2017-05-05,2.085531613560375,0.093
2017-05-06,2.0847715513884615,0.095
2017-05-07,2.0840117001595595,0.095
2017-05-08,2.0832515944210113,0.097
2017-05-09,2.082491646846424,0.097
2017-05-10,2.0817318250452836,0.098
2017-05-11,2.0810482674377337,0.099
2017-05-12,2.0802316757450026,0.099
2017-05-13,2.079480434404219,0.092
2017-05-14,2.0787236219075425,0.091
2017-05-15,2.0779856734755455,0.096
2017-05-16,3.1598855868961957,0.524
2017-05-17,3.2900063195901983,0.759
2017-05-18,3.409210000582442,0.713
2017-05-19,2.8552893589347104,0.23
2017-05-20,2.192955053173905,0.117
2017-05-21,2.1311549370500438,0.09
2017-05-22,2.1170721850310685,0.08
2017-05-23,2.1083608580528503,0.072
2017-05-24,2.1015251385732583,0.07
2017-05-25,2.096006898424675,0.067
2017-05-26,2.094478832274184,0.065
2017-05-27,2.0880962872846944,0.093
2017-05-28,3.1615544214987126,0.384
2017-05-29,2.194810245490624,0.157
2017-05-30,2.116711592147875,0.077
2017-05-31,2.104131860104479,0.064
2017-06-01,2.097701363986058,0.06
2017-06-02,2.6608862130344946,0.264
2017-06-03,2.1551898529597557,0.09
2017-06-04,2.1107607488719107,0.064
2017-06-05,3.2900765594605264,0.176
2017-06-06,2.717229992083225,0.652
2017-06-07,2.1928649475662136,0.119
2017-06-08,2.1489416423360477,0.107
2017-06-09,2.1280491876332372,0.094
2017-06-10,2.115014099666691,0.069
2017-06-11,2.1071949064228055,0.062
2017-06-12,2.101131504458848,0.059
2017-06-13,2.0963264386917926,0.057
2017-06-14,2.092489497167616,0.055
2017-06-15,2.089414086874475,0.056
2017-06-16,2.086939410688996,0.055
2017-06-17,2.0849676637827477,0.056
2017-06-18,2.0833249649748415,0.058
2017-06-19,2.0819938776783737,0.063
2017-06-20,2.0808986295906795,0.066
2017-06-21,2.0799876618311135,0.071
2017-06-22,2.0792237496017867,0.082
2017-06-23,2.078559580736985,0.077
2017-06-24,2.0780380437385633,0.115
2017-06-25,2.0774751680694283,0.075
2017-06-26,2.0770067691243526,0.078
2017-06-27,3.159915544138456,0.935
2017-06-28,3.2242375476805627,0.377
2017-06-29,2.1597367810821657,0.113
2017-06-30,2.0867671648804174,0.079
2017-07-01,2.0777503919362443,0.067
2017-07-02,2.0752491046879484,0.06
2017-07-03,2.074648823120894,0.056
2017-07-04,2.0742173806868758,0.053
2017-07-05,2.0737866381182872,0.05
2017-07-06,2.0735220396826732,0.046
2017-07-07,2.0729691354285857,0.046
2017-07-08,2.072557301892503,0.044
2017-07-09,2.072147927249826,0.042
2017-07-10,2.0717374580652677,0.041
2017-07-11,3.5551257021540152,0.888
2017-07-12,3.4191782077273576,0.414
2017-07-13,2.542865370117847,0.094
2017-07-14,2.2090340765234364,0.067
2017-07-15,2.1654543947033167,0.055
2017-07-16,2.147430419287543,0.05
2017-07-17,2.1330653303028475,0.048
2017-07-18,2.3292464372158803,0.1
2017-07-19,2.158304562827853,0.107
2017-07-20,2.130878511097979,0.067
2017-07-21,2.8268001467739956,0.179
2017-07-22,2.628777811591162,0.329
2017-07-23,2.2049843048884155,0.097
2017-07-24,2.1476197553951235,0.084
2017-07-25,2.132383400227871,0.062
