date,simulation,observation
2000-01-01,60.00736602611535,3.1
2000-01-02,64.07519855336459,2.83
2000-01-03,63.3452007379293,3.02
2000-01-04,62.05650467080423,2.82
2000-01-05,60.88982530109512,2.94
2000-01-06,59.559123960287046,2.59
2000-01-07,58.39474433416795,2.42
2000-01-08,57.21383639238245,2.32
2000-01-09,56.04734123409435,2.19
2000-01-10,54.92374266349497,2.07
2000-01-11,53.82449080957656,2.0
2000-01-12,52.83041414289537,2.1
2000-01-13,51.70123667642951,1.88
2000-01-14,50.660303090898154,1.73
2000-01-15,49.64604108042511,1.62
2000-01-16,48.65268015614794,1.56
2000-01-17,47.67932158069259,1.51
2000-01-18,46.725507247536775,1.45
2000-01-19,45.790826848995835,1.39
2000-01-20,44.87490549321204,1.44
2000-01-21,43.97730681288075,1.3
2000-01-22,43.11005504384444,1.28
2000-01-23,42.237279606443806,1.22
2000-01-24,41.39151258101556,1.17
2000-01-25,40.563526050942485,1.13
2000-01-26,39.75219857455827,1.09
2000-01-27,38.957130358883944,1.07
2000-01-28,38.18580071732968,1.08
2000-01-29,37.47632313444862,1.05
2000-01-30,36.67335072983147,1.03
2000-01-31,35.9349724515474,0.983
2000-02-01,35.353993864063796,1.06
2000-02-02,34.52609680454853,1.01
2000-02-03,33.824474214386576,0.934
2000-02-04,33.14645835069387,0.915
2000-02-05,32.48302963182859,0.894
2000-02-06,31.91677823686403,0.902
2000-02-07,31.41395432948594,1.38
2000-02-08,30.62198860815231,1.3
2000-02-09,30.124927532377328,1.02
2000-02-10,29.383565031471804,1.37
2000-02-11,28.89184979201971,1.12
2000-02-12,28.233900346473966,1.39
2000-02-13,27.6619501487775,1.21
2000-02-14,27.096364022813805,1.23
2000-02-15,26.643539870250926,1.34
2000-02-16,26.045256176965786,1.31
2000-02-17,25.513279240721484,1.27
2000-02-18,24.990195333559633,1.23
2000-02-19,24.487886952884654,1.18
2000-02-20,23.997401477297092,1.15
2000-02-21,23.516369768243475,1.14
2000-02-22,23.045562674566142,1.12
2000-02-23,22.58417407704464,1.1
2000-02-24,22.348338752928566,2.05
2000-02-25,21.851263751649842,1.52
2000-02-26,21.275684840150127,1.33
2000-02-27,21.066336160718137,1.85
2000-02-28,20.68409529493227,2.14
2000-02-29,20.214439790966125,3.3
2000-03-01,19.649331874098497,2.18
2000-03-02,19.463007674840973,2.24
2000-03-03,18.879537970527153,2.86
2000-03-04,18.48038958097981,2.1
2000-03-05,18.10544805873131,1.97
2000-03-06,17.740219891341727,1.87
2000-03-07,17.383098188798442,1.78
2000-03-08,17.033582346957765,1.71
2000-03-09,16.69166315374842,1.62
2000-03-10,16.356761973815583,1.53
2000-03-11,16.028910219867953,1.46
2000-03-12,15.707852854463086,1.36
2000-03-13,15.393448641564836,1.38
2000-03-14,15.08558207122381,1.26
2000-03-15,14.783619512110473,1.19
2000-03-16,14.48796055740216,1.15
2000-03-17,14.198297340054443,1.1
2000-03-18,13.914480810070424,1.06
2000-03-19,13.636381006759734,1.02
2000-03-20,13.363873864047825,0.983
2000-03-21,13.096840866875187,0.963
2000-03-22,12.837361343618689,0.935
2000-03-23,12.766137289593885,1.1
2000-03-24,12.356914904290893,0.986
2000-03-25,12.141209563525397,0.918
2000-03-26,11.870698529287916,0.939
2000-03-27,11.61141441311799,0.87
2000-03-28,11.376577192135729,0.814
2000-03-29,11.148408267567989,0.791
2000-03-30,10.925119106623843,0.77
2000-03-31,10.706743203771174,0.757
2000-04-01,10.64521416171674,0.865
2000-04-02,10.516286641303436,1.21
2000-04-03,10.345602980876643,4.23
2000-04-04,10.089338889902352,1.82
2000-04-05,9.71678971492829,1.64
2000-04-06,9.504408106618245,1.46
2000-04-07,9.310311082724548,1.42
2000-04-08,9.121898264579347,1.38
2000-04-09,8.937857043315262,1.33
2000-04-10,8.766669894688453,1.28
2000-04-11,8.696743403158047,1.37
2000-04-12,8.59601650677503,1.62
2000-04-13,8.2722081537381,1.34
2000-04-14,8.141596707651352,1.21
2000-04-15,8.00840893356423,1.56
2000-04-16,7.932406511779699,1.44
2000-04-17,7.771238971196192,1.46
2000-04-18,8.01986777150292,4.55
2000-04-19,7.923924220359206,3.08
2000-04-20,7.707091154089581,2.71
2000-04-21,7.884610016853716,4.23
2000-04-22,7.581720848719422,4.81
2000-04-23,7.502447103268838,4.47
2000-04-24,7.570365635620879,5.42
2000-04-25,7.160216964988288,4.23
2000-04-26,6.889621205617508,3.88
2000-04-27,6.617213170470921,3.4
2000-04-28,6.618130283708285,3.18
2000-04-29,6.313007308350738,2.81
2000-04-30,6.13179426534913,2.52
2000-05-01,5.973498444160716,2.3
2000-05-02,5.82721600885827,2.18
2000-05-03,5.690362708226178,2.04
2000-05-04,5.56137031810623,1.92
2000-05-05,5.439033068466956,1.82
2000-05-06,5.4382213821337055,1.95
2000-05-07,5.382046655552811,2.0
2000-05-08,5.133597488505423,1.75
2000-05-09,5.010064800557642,1.57
2000-05-10,4.90870522864166,1.47
2000-05-11,4.808501146911157,1.41
2000-05-12,4.711957282742646,1.35
2000-05-13,4.618838790116204,1.29
2000-05-14,4.528362432956848,1.23
2000-05-15,4.44018681895012,1.2
2000-05-16,4.354849422266987,1.17
2000-05-17,4.310346809577013,1.15
2000-05-18,4.1936438368567135,1.11
2000-05-19,4.109497240371841,1.04
2000-05-20,4.203542615456541,1.11
2000-05-21,3.972311631311664,1.08
2000-05-22,3.883262643738086,1.0
2000-05-23,3.824004108745427,1.05
2000-05-24,3.852072968394292,1.14
2000-05-25,3.679996600540863,1.01
2000-05-26,3.76639118648877,1.28
2000-05-27,4.02486616944496,1.94
2000-05-28,3.6918053646279327,1.54
2000-05-29,3.543278748418653,1.29
2000-05-30,3.4204495301763003,1.29
2000-05-31,3.416661921682576,1.29
2000-06-01,3.2974964595881096,1.18
2000-06-02,3.218941911511998,1.13
2000-06-03,3.1437584011274136,1.09
2000-06-04,3.0744174534208706,1.03
2000-06-05,3.008961754890552,0.987
2000-06-06,2.947544954964046,0.97
2000-06-07,2.8862474064871604,0.924
2000-06-08,2.896371754476705,0.911
2000-06-09,2.7804236468587655,0.934
2000-06-10,2.7203874849512246,0.847
2000-06-11,2.66670851104906,0.82
2000-06-12,2.614946035504547,0.821
2000-06-13,2.5645952690082034,0.796
2000-06-14,2.5154658741148386,0.768
2000-06-15,2.467523702582266,0.737
2000-06-16,2.420680694383992,0.705
2000-06-17,2.3748732204581473,0.673
2000-06-18,2.33004839730979,0.638
2000-06-19,2.2870459293132765,0.635
2000-06-20,2.2444828729792716,0.635
2000-06-21,2.223445822786446,0.637
2000-06-22,2.1639156974137443,0.605
2000-06-23,2.1210060911117297,0.577
2000-06-24,2.0808496698069465,0.557
2000-06-25,2.0416824154759543,0.549
2000-06-26,2.003321610585506,0.533
2000-06-27,1.9657263926585609,0.51
2000-06-28,1.9288710585687527,0.496
2000-06-29,1.8927336503436014,0.478
2000-06-30,1.8577294402991837,0.48
2000-07-01,1.8225797582153795,0.471
2000-07-02,1.7890725821911588,0.459
2000-07-03,1.7560823594527069,0.44
2000-07-04,1.933512136498314,0.546
2000-07-05,1.8347772604415702,0.6
2000-07-06,1.6790790351963225,0.495
2000-07-07,1.635493838350287,0.47
2000-07-08,1.6033878593521083,0.445
2000-07-09,1.669995072382333,0.472
2000-07-10,1.743068431712446,0.615
2000-07-11,1.555475217406014,0.503
2000-07-12,1.4963851654434996,0.483
2000-07-13,1.4627309389518728,0.454
2000-07-14,1.4336596613571346,0.42
2000-07-15,1.4057447655872042,0.406
2000-07-16,1.3786162489044653,0.388
2000-07-17,1.352185779179211,0.376
2000-07-18,1.3263995565395674,0.36
2000-07-19,1.30121454202079,0.355
2000-07-20,1.276594863236503,0.339
2000-07-21,1.2525102816499356,0.334
2000-07-22,1.2289350829770322,0.332
2000-07-23,1.2058471992089776,0.343
2000-07-24,1.183227506616906,0.347
2000-07-25,1.1610592637382524,0.345
2000-07-26,1.139327722890563,0.335
2000-07-27,1.1867709947937064,0.355
2000-07-28,1.242345403686048,0.462
2000-07-29,1.0952914700128653,0.349
2000-07-30,1.0629972351453052,0.336
2000-07-31,1.0413120567306275,0.305
2000-08-01,1.0211613839471514,0.255
2000-08-02,1.0058554857425697,0.257
2000-08-03,0.9834508573336477,0.27
2000-08-04,0.9637418664592414,0.25
2000-08-05,0.945402682662349,0.238
2000-08-06,0.9275482049326692,0.247
2000-08-07,0.9102886799286607,0.228
2000-08-08,0.8938611260679211,0.24
2000-08-09,0.8763485203968784,0.228
2000-08-10,0.8598294594857735,0.214
2000-08-11,0.8437316388376263,0.194
2000-08-12,0.8282169470369465,0.198
2000-08-13,1.0238445355110788,0.322
2000-08-14,0.8214878519118771,0.252
2000-08-15,0.8700866707178944,0.279
2000-08-16,0.7830367487173209,0.264
2000-08-17,0.8456674417248085,0.273
2000-08-18,0.9712351934474723,0.534
2000-08-19,0.8327222503517652,0.38
2000-08-20,0.7325526517075739,0.299
2000-08-21,0.7696869066521308,0.319
2000-08-22,0.7017701538427732,0.276
2000-08-23,0.6825425820428348,0.254
2000-08-24,0.6681256162249277,0.246
2000-08-25,0.6547016831385838,0.243
2000-08-26,0.6417524383830919,0.24
2000-08-27,0.6374475920245263,0.242
2000-08-28,0.6188738227719535,0.239
2000-08-29,0.6061969903640217,0.236
2000-08-30,0.5943954213928799,0.221
2000-08-31,0.5843415748610896,0.208
2000-09-01,0.7823263177814028,0.365
2000-09-02,0.5854836088011647,0.288
2000-09-03,0.5568669759812859,0.228
2000-09-04,0.5442071080489035,0.217
2000-09-05,0.5335412833799388,0.224
2000-09-06,0.5229252957745273,0.22
2000-09-07,0.5133799883440336,0.21
2000-09-08,0.525348077455089,0.222
2000-09-09,0.4965810010558943,0.213
2000-09-10,0.48529294174213716,0.198
2000-09-11,0.47579901246720285,0.191
2000-09-12,0.4666954283326166,0.195
2000-09-13,0.4578455735273606,0.2
2000-09-14,0.6736921906215347,0.338
2000-09-15,0.6858414397206979,1.43
2000-09-16,0.6666283742878286,0.594
2000-09-17,0.6300663800818542,0.452
2000-09-18,0.4526159285746948,0.509
2000-09-19,0.5735242664806073,0.554
2000-09-20,0.43473321294386835,0.521
2000-09-21,0.5627413168231878,0.521
2000-09-22,0.4271809848762077,0.562
2000-09-23,0.4021547073916698,0.476
2000-09-24,0.40108201321724185,0.529
2000-09-25,0.5964498309252906,0.706
2000-09-26,0.3983069174637877,0.672
2000-09-27,0.6238816027905911,1.46
2000-09-28,0.5755573249579375,1.0
2000-09-29,0.3947167321272179,0.878
2000-09-30,0.36699866979047,0.8
2000-10-01,0.43434289353907163,0.783
2000-10-02,0.3573868438521337,0.729
2000-10-03,0.34193091678426113,0.69
2000-10-04,0.331575007270658,0.647
2000-10-05,0.3825041079028261,0.66
2000-10-06,0.32505428031753,0.601
2000-10-07,0.3111551191692356,0.595
2000-10-08,0.4212154532276386,0.608
2000-10-09,0.6830078835819015,2.55
2000-10-10,0.9541835196129318,1.83
2000-10-11,1.1656481175436406,2.96
2000-10-12,0.887391121968483,2.03
2000-10-13,0.8134097516259657,1.7
2000-10-14,0.5903379438898951,1.66
2000-10-15,0.4841488732634895,1.45
2000-10-16,0.42928897143298955,1.31
2000-10-17,0.5980345825392163,1.23
2000-10-18,0.4467042829808487,1.18
2000-10-19,0.4646278214501652,1.08
2000-10-20,1.0079356107187347,1.55
2000-10-21,0.60992689456492,1.41
2000-10-22,0.5216869570856411,1.2
2000-10-23,0.45863353614591323,1.16
2000-10-24,0.5018452852474318,1.13
2000-10-25,0.43819475691242815,1.13
2000-10-26,0.467761798071739,1.07
2000-10-27,0.625365453947527,1.07
2000-10-28,1.306900572810585,2.42
2000-10-29,3.371261382777526,11.1
2000-10-30,2.4322650337616376,10.7
2000-10-31,2.314254327752634,6.54
2000-11-01,2.097433030651542,5.4
2000-11-02,2.057221352263038,5.59
2000-11-03,2.040426551868245,4.61
2000-11-04,1.6182838396593013,4.25
2000-11-05,2.689757032547353,8.5
2000-11-06,2.22937404599114,5.13
2000-11-07,1.9074189432679607,5.27
2000-11-08,1.6232833373754896,4.07
2000-11-09,1.4257162618416868,3.56
2000-11-10,1.977945956803183,3.5
2000-11-11,1.7194869294911488,4.54
2000-11-12,1.2914407991050183,3.37
2000-11-13,1.0917850206321165,3.2
2000-11-14,1.2445331293148387,3.06
2000-11-15,1.7186339212782777,3.1
2000-11-16,1.6509853086840622,3.73
2000-11-17,1.2694961661969695,2.96
2000-11-18,1.320822980820153,2.8
2000-11-19,1.7587607246351473,3.21
2000-11-20,1.4141754168092475,3.5
2000-11-21,2.035727116151686,4.1
2000-11-22,1.5982835251619012,3.74
2000-11-23,1.4393984929194636,3.25
2000-11-24,1.5062496799137264,3.19
2000-11-25,2.4774529915494576,6.0
2000-11-26,1.994517794370152,4.71
2000-11-27,1.924996146092846,4.18
2000-11-28,1.4937966692742395,3.84
2000-11-29,1.3842636975858849,3.48
2000-11-30,1.841471408076599,3.62
2000-12-01,1.5830031602940795,3.66
2000-12-02,1.3322518906887557,3.08
2000-12-03,1.9934965477500992,3.27
2000-12-04,1.7792890370391703,4.36
2000-12-05,2.456354323493462,5.57
2000-12-06,2.2043404686555936,5.45
2000-12-07,3.842362730712351,19.5
2000-12-08,2.6782266522876443,11.5
2000-12-09,2.8299787108062056,8.0
2000-12-10,2.5165172617869307,6.26
2000-12-11,2.643764042275007,7.05
2000-12-12,3.368243193543398,9.56
2000-12-13,2.789430613181248,6.7
2000-12-14,2.4940381400868303,5.74
2000-12-15,2.18277870127849,4.98
2000-12-16,1.8821428663073914,4.4
2000-12-17,1.7631513828187013,3.91
2000-12-18,1.6889188428422504,3.56
2000-12-19,1.6216131426042588,3.23
2000-12-20,1.5107792887723963,2.92
2000-12-21,1.4463506096978054,2.66
2000-12-22,1.3985935482350025,2.46
2000-12-23,1.3626463160248936,2.3
2000-12-24,2.4447358885723447,3.45
2000-12-25,2.0111173753650724,3.42
2000-12-26,1.6728705211572248,2.39
2000-12-27,1.879941553704271,2.19
2000-12-28,1.888866512070372,2.14
2000-12-29,1.6472870242868576,2.0
2000-12-30,1.571574247807084,1.89
2000-12-31,2.9387624709836584,6.76
2001-01-01,3.234317642178067,5.6
2001-01-02,2.7341142852835647,5.96
2001-01-03,2.608990320932691,4.51
2001-01-04,2.517754881998165,4.2
2001-01-05,2.209591066214194,3.84
2001-01-06,2.028554937323699,3.35
2001-01-07,1.8770543155565345,3.02
2001-01-08,1.7777550011210328,2.78
2001-01-09,1.7042127831887885,2.6
2001-01-10,1.6466627772517024,2.4
2001-01-11,2.008350050442744,2.37
2001-01-12,1.718676276620571,2.19
2001-01-13,1.6461609133345705,2.0
2001-01-14,1.6048173104026016,1.9
2001-01-15,1.5692710068355642,1.81
2001-01-16,1.5436717123200625,1.72
2001-01-17,1.523422679227635,1.64
2001-01-18,1.5049227653216124,1.64
2001-01-19,1.4912019709229183,1.48
2001-01-20,2.184373937116862,1.67
2001-01-21,1.912690243414818,1.9
2001-01-22,2.5683452544365073,3.55
2001-01-23,3.054622893719247,4.94
2001-01-24,2.687308933296755,3.02
2001-01-25,2.3462916342197104,2.68
2001-01-26,2.787013864901881,3.85
2001-01-27,2.217136843601509,2.83
2001-01-28,2.057623669975563,2.58
2001-01-29,2.295766884232337,2.53
2001-01-30,2.1035949559568485,2.67
2001-01-31,1.9247708860622799,2.42
2001-02-01,1.9763364812614304,2.23
2001-02-02,1.8883586213425592,2.28
2001-02-03,2.1315969281683147,2.21
2001-02-04,2.4196140532240333,3.14
2001-02-05,2.5746933233395177,3.08
2001-02-06,2.184392895184246,2.91
2001-02-07,2.516808667936521,3.01
2001-02-08,2.088484725949051,2.98
2001-02-09,1.9576990808102595,2.57
2001-02-10,2.1018207837220957,2.55
2001-02-11,2.3664057039064783,2.52
2001-02-12,2.8233551835208925,6.17
2001-02-13,2.236490985947689,3.32
2001-02-14,2.039309445355211,3.19
2001-02-15,1.9338443732619328,2.96
2001-02-16,1.8536419358933511,2.68
2001-02-17,1.7895025282599926,2.47
2001-02-18,1.7377149823898799,2.3
2001-02-19,1.6961309312284565,2.15
2001-02-20,1.6651758752495351,2.03
2001-02-21,1.6333508613342165,1.91
2001-02-22,1.6101101526763621,1.82
2001-02-23,1.6001535370556552,1.73
2001-02-24,1.6012584858966392,1.63
2001-02-25,1.6274875517849308,1.55
2001-02-26,1.7800453247407397,1.69
2001-02-27,2.2275068951828776,2.28
2001-02-28,1.835708424736433,1.71
2001-03-01,1.7167779290109209,1.52
2001-03-02,1.6650414820626704,1.44
2001-03-03,1.6385185884148572,1.38
2001-03-04,1.5963813965490044,1.31
2001-03-05,1.5676225459989381,1.26
2001-03-06,2.2757141599392012,2.09
2001-03-07,1.868363560731728,1.57
2001-03-08,1.8284546674850053,1.42
2001-03-09,1.8884010027460019,1.43
2001-03-10,1.735444048325388,1.5
2001-03-11,1.7470346737799736,1.42
2001-03-12,2.1032198781873728,1.62
2001-03-13,1.7818885711674368,1.6
2001-03-14,1.9212929221790054,1.64
2001-03-15,1.881747179650141,1.72
2001-03-16,2.6152809836228683,3.91
2001-03-17,2.817146591303988,3.94
2001-03-18,2.3115008320934685,2.95
2001-03-19,2.215041765254182,2.54
2001-03-20,3.519323833731161,5.89
2001-03-21,3.03108734846363,6.26
2001-03-22,3.2132447812797875,4.57
2001-03-23,2.9321100217534104,6.22
2001-03-24,2.518540191433642,4.36
2001-03-25,2.191764181120968,3.83
2001-03-26,2.1339402024697027,3.41
2001-03-27,2.5339614709286002,3.92
2001-03-28,2.306174423618583,3.16
2001-03-29,2.023811039692136,2.78
2001-03-30,1.8971605202724846,2.5
2001-03-31,1.8085874708082001,2.33
2001-04-01,1.737772650480715,2.2
2001-04-02,2.0579848359022015,2.29
2001-04-03,2.6157389297600897,3.87
2001-04-04,2.1112402601778695,2.64
2001-04-05,2.468381223696923,3.7
2001-04-06,2.4762554936929964,3.4
2001-04-07,2.0552607589566203,2.64
2001-04-08,2.149694873465872,2.62
2001-04-09,1.9165137811786894,2.39
2001-04-10,1.817889026310876,2.2
2001-04-11,1.7463328095527622,2.05
2001-04-12,1.7010098859647722,2.1
2001-04-13,1.6474272184270855,2.02
2001-04-14,1.7459060578024441,1.95
2001-04-15,1.6228739373497845,1.87
2001-04-16,1.5817300575244315,1.8
2001-04-17,1.5615229029560254,1.65
2001-04-18,1.5300729808004407,1.5
2001-04-19,1.5095425952725356,1.43
2001-04-20,1.491872197274613,1.37
2001-04-21,1.5223440932409529,1.34
2001-04-22,1.7140363136774632,1.81
2001-04-23,1.641440901944045,1.38
2001-04-24,2.1069541320119574,2.4
2001-04-25,1.7365134072252433,1.57
2001-04-26,1.6245188982715846,1.44
2001-04-27,1.59693410907098,1.41
2001-04-28,1.695567653251062,1.43
2001-04-29,1.5621269381715723,1.35
2001-04-30,1.516791044487352,1.36
2001-05-01,1.5980838155368458,1.32
2001-05-02,1.4961932957712116,1.27
2001-05-03,1.461111586660121,1.22
2001-05-04,1.4356240815240835,1.17
2001-05-05,1.4139406968843105,1.12
2001-05-06,1.3949279130485503,1.09
2001-05-07,1.3779837808894213,1.05
2001-05-08,1.3627439813657853,1.03
2001-05-09,1.3492141982792583,1.02
2001-05-10,1.4718212689546732,1.15
2001-05-11,1.338578290280628,1.03
2001-05-12,1.315588586154715,0.969
2001-05-13,1.3658144737320435,1.02
2001-05-14,1.2988611917619275,0.943
2001-05-15,1.2834634044518312,0.92
2001-05-16,1.4027479685195652,1.06
2001-05-17,1.275504792541989,0.939
2001-05-18,1.2532329106365787,0.853
2001-05-19,1.240952205952328,0.837
2001-05-20,1.2297425187339512,0.817
2001-05-21,1.2187706799325253,0.792
2001-05-22,1.2079240854288713,0.772
2001-05-23,1.197162068463395,0.757
2001-05-24,1.1864575580700192,0.742
2001-05-25,1.1757905180780537,0.727
2001-05-26,1.1655282088166778,0.725
2001-05-27,1.1545731370581005,0.721
2001-05-28,1.1438904579131703,0.692
2001-05-29,1.1332567923714567,0.67
2001-05-30,1.1226240225506967,0.657
2001-05-31,1.1119870105293062,0.634
2001-06-01,1.1013460281317669,0.628
2001-06-02,1.0906979333946232,0.614
2001-06-03,1.0800482940925074,0.598
2001-06-04,1.0693979650806695,0.59
2001-06-05,1.0587620912226525,0.589
2001-06-06,1.049359610908142,0.6
2001-06-07,1.0380632407834112,0.585
2001-06-08,1.0268997652213945,0.559
2001-06-09,1.016545967449376,0.545
2001-06-10,1.0056562760986245,0.528
2001-06-11,0.9950524984259502,0.519
2001-06-12,0.9844945027322907,0.521
2001-06-13,0.9739639052973222,0.507
2001-06-14,1.004809253295234,0.545
2001-06-15,1.1720812670997423,0.691
2001-06-16,0.9983954855361534,0.602
2001-06-17,0.9437355401933156,0.54
2001-06-18,0.9282028835456573,0.508
2001-06-19,0.9164547915448952,0.486
2001-06-20,0.9052839944300906,0.485
2001-06-21,0.8943686046562449,0.467
2001-06-22,0.8836498284782565,0.453
2001-06-23,0.873098216415055,0.444
2001-06-24,0.8626918349574579,0.437
2001-06-25,0.8524139314221036,0.427
2001-06-26,0.8422511810817473,0.41
2001-06-27,0.8323570373239183,0.412
2001-06-28,0.8224202007124775,0.403
2001-06-29,0.8384727025471409,0.442
2001-06-30,0.8068662882336883,0.411
2001-07-01,0.79484019644295,0.408
2001-07-02,0.7847184471908922,0.389
2001-07-03,1.0049193555114677,0.531
2001-07-04,0.9958234904353827,0.699
2001-07-05,0.9277074199999429,0.508
2001-07-06,0.7733454036736714,0.48
2001-07-07,0.7477705219894963,0.447
2001-07-08,0.7361457413228722,0.413
2001-07-09,0.936092227315509,0.63
2001-07-10,0.7404187683288943,0.48
2001-07-11,0.7121561326974869,0.415
2001-07-12,0.7003282863018659,0.406
2001-07-13,0.8812035734520259,0.552
2001-07-14,0.7028680983132711,0.471
2001-07-15,0.6765384905435049,0.412
2001-07-16,0.6666305727267101,0.398
2001-07-17,0.8700628708007984,0.671
2001-07-18,0.6957210673642883,0.488
2001-07-19,0.6469732705552196,0.428
2001-07-20,0.6371877686781967,0.426
2001-07-21,0.6251354271836892,0.42
2001-07-22,0.6147193322647884,0.401
2001-07-23,0.6057684168552897,0.391
2001-07-24,0.5971837470289785,0.381
2001-07-25,0.5888344988817108,0.372
2001-07-26,0.5806817142089453,0.365
2001-07-27,0.572700068995288,0.353
2001-07-28,0.5648698209319407,0.345
2001-07-29,0.5571752229344584,0.338
2001-07-30,0.5496047861618207,0.344
2001-07-31,0.5421866361774895,0.335
2001-08-01,0.5348077395401142,0.336
2001-08-02,0.7387462391809482,0.49
2001-08-03,0.5448343971472304,0.389
2001-08-04,0.6389471049249349,0.42
2001-08-05,0.5423374842757005,0.37
2001-08-06,0.5108078974325645,0.38
2001-08-07,0.5921467722425411,0.459
2001-08-08,0.6101965158355315,0.374
2001-08-09,0.5697829620082364,0.582
2001-08-10,0.4912965779115355,0.39
2001-08-11,0.4764529465552352,0.365
2001-08-12,0.4677579182178503,0.357
2001-08-13,0.46001757480083405,0.35
2001-08-14,0.4526980357943602,0.334
2001-08-15,0.44575969906773866,0.328
2001-08-16,0.43958765080136664,0.326
2001-08-17,0.43342722936937284,0.331
2001-08-18,0.6067717426091647,0.424
2001-08-19,0.4982596920066621,0.552
2001-08-20,0.4258474656967783,0.374
2001-08-21,0.4132175686188257,0.349
2001-08-22,0.4058832391615342,0.344
2001-08-23,0.3993717304741055,0.337
2001-08-24,0.3931126610161579,0.328
2001-08-25,0.38709702790168604,0.322
2001-08-26,0.3812616675935808,0.318
2001-08-27,0.3755797565170021,0.302
2001-08-28,0.37003265101632565,0.306
2001-08-29,0.364695195101554,0.303
2001-08-30,0.4997720075623889,0.383
2001-08-31,0.36886974388005406,0.329
2001-09-01,0.3522565796208694,0.307
2001-09-02,0.39037302786812106,0.318
2001-09-03,0.3461643124604097,0.343
2001-09-04,0.3367423249486236,0.296
2001-09-05,0.3315774605310865,0.295
2001-09-06,0.3260648293142045,0.286
2001-09-07,0.3210884775304048,0.285
2001-09-08,0.31625147585659413,0.268
2001-09-09,0.311503363299265,0.262
2001-09-10,0.3068825922489058,0.265
2001-09-11,0.302320120302879,0.266
2001-09-12,0.3096368590793274,0.281
2001-09-13,0.29526518801443447,0.275
2001-09-14,0.2898892638199541,0.267
2001-09-15,0.2852215785449882,0.26
2001-09-16,0.28094263736880093,0.251
2001-09-17,0.2767913139187775,0.249
2001-09-18,0.27265092522254747,0.261
2001-09-19,0.2686401157614933,0.263
2001-09-20,0.26461977587646984,0.254
2001-09-21,0.2606903230905994,0.252
2001-09-22,0.25682035072897497,0.251
2001-09-23,0.25300547818002467,0.252
2001-09-24,0.24924399193097635,0.267
2001-09-25,0.24553455852869963,0.257
2001-09-26,0.2823730675329481,0.276
2001-09-27,0.24181504619771588,0.263
2001-09-28,0.23508394813561367,0.246
2001-09-29,0.23127742420944714,0.241
2001-09-30,0.3389952121152152,0.278
2001-10-01,0.37636305353731997,0.263
2001-10-02,0.2363991855595309,0.315
2001-10-03,0.2208327642571139,0.252
2001-10-04,0.21615205822132508,0.245
2001-10-05,0.3385033152419701,0.299
2001-10-06,0.2803266680343552,0.308
2001-10-07,0.42410736202811405,0.628
2001-10-08,0.4099690034183635,0.412
2001-10-09,0.22654209502181638,0.324
2001-10-10,0.20635970425822162,0.303
2001-10-11,0.20008364253933084,0.298
2001-10-12,0.1957096093936389,0.289
2001-10-13,0.19181010353056854,0.288
2001-10-14,0.18878336612283625,0.292
2001-10-15,0.39135573056328943,0.618
2001-10-16,0.2508822713989939,0.39
2001-10-17,0.4113290735917337,0.51
2001-10-18,0.2147747112321034,0.51
2001-10-19,0.42862314810549007,0.924
2001-10-20,0.3848046672991672,0.884
2001-10-21,0.20752580224433528,0.707
2001-10-22,0.4151527213620454,0.888
2001-10-23,0.3755552551527096,0.918
2001-10-24,0.21505269910004396,0.848
2001-10-25,0.4852748728700845,0.916
2001-10-26,0.6420926120184564,2.46
2001-10-27,0.5137224680336085,1.4
2001-10-28,0.3123078676188922,1.33
2001-10-29,0.26870383536891396,1.21
2001-10-30,0.3190059333331157,1.11
2001-10-31,0.24994273159705463,0.999
2001-11-01,0.22673045279230375,0.91
2001-11-02,0.2107973987237942,0.849
2001-11-03,0.22531238601405398,0.811
2001-11-04,0.19742149166533876,0.773
2001-11-05,0.21114247516826076,0.743
2001-11-06,0.25372637748479004,0.728
2001-11-07,0.3698985681612098,0.717
2001-11-08,0.22969540692233817,0.692
2001-11-09,0.19984889499192546,0.631
2001-11-10,0.1934126903322164,0.617
2001-11-11,0.18229443728285807,0.605
2001-11-12,0.1847393584325152,0.599
2001-11-13,0.1826935952292095,0.565
2001-11-14,0.1704397476514904,0.565
2001-11-15,0.16323845106689827,0.551
2001-11-16,0.1581641939291176,0.542
2001-11-17,0.15400212240371594,0.536
2001-11-18,0.15048877208660386,0.527
2001-11-19,0.14749013829241958,0.516
2001-11-20,0.1450627478429591,0.505
2001-11-21,0.15654657520467602,0.493
2001-11-22,0.14230233119882757,0.491
2001-11-23,0.13933642334873578,0.482
2001-11-24,0.13757123770812982,0.475
2001-11-25,0.19323396145303864,0.494
2001-11-26,0.1404394154051981,0.475
2001-11-27,0.2530534103786873,0.543
2001-11-28,0.2068626815155971,0.51
2001-11-29,0.22821884173221832,0.536
2001-11-30,0.5418184067964266,0.613
2001-12-01,0.2938582359284685,1.01
2001-12-02,0.2597076264810103,0.733
2001-12-03,0.5548998482517895,0.902
2001-12-04,0.6954124800533779,1.05
2001-12-05,0.3839291800768667,1.34
2001-12-06,0.3164081111865913,1.07
2001-12-07,0.2780428982763954,1.06
2001-12-08,0.24953568680456445,1.04
2001-12-09,0.22699310413130866,0.997
2001-12-10,0.2090270958246925,0.947
2001-12-11,0.19469284189071787,0.907
2001-12-12,0.18327050559700309,0.873
2001-12-13,0.17411649825897096,0.833
2001-12-14,0.16679575522170592,0.791
2001-12-15,0.16093738094316695,0.77
2001-12-16,0.15622713500381036,0.745
2001-12-17,0.1546924718882537,0.72
2001-12-18,0.14955026863189302,0.7
2001-12-19,0.20212619600572676,0.692
2001-12-20,0.16227494231567396,0.677
2001-12-21,0.1526670730009201,0.662
2001-12-22,0.1480410488053786,0.632
2001-12-23,0.17569967157473965,0.618
2001-12-24,0.21616044064494058,0.627
2001-12-25,0.19909749774593677,0.621
2001-12-26,0.21437767529328536,0.6
2001-12-27,0.1790692586674952,0.607
2001-12-28,0.2956901891479017,0.588
2001-12-29,0.19942217889305977,0.617
2001-12-30,0.179204774590947,0.564
2001-12-31,0.16904255293543055,0.531
2002-01-01,0.1622211557044704,0.524
2002-01-02,0.15683642642464315,0.525
2002-01-03,0.15240851589101273,0.518
2002-01-04,0.15119794773035747,0.506
2002-01-05,0.14737481967731983,0.501
2002-01-06,0.14349460258055233,0.502
2002-01-07,0.141238249406367,0.498
2002-01-08,0.13938839057000535,0.488
2002-01-09,0.16038167598752118,0.48
2002-01-10,0.13943694387606012,0.485
2002-01-11,0.13585814126280088,0.477
2002-01-12,0.1346379230854114,0.474
2002-01-13,0.1516098430133695,0.489
2002-01-14,0.15637084550726926,0.483
2002-01-15,0.15154876888157853,0.487
2002-01-16,0.1793368159302178,0.476
2002-01-17,0.21079085294369146,0.545
2002-01-18,0.42190438660681384,0.602
2002-01-19,0.33173416758536584,0.676
2002-01-20,0.5022776583375786,1.04
2002-01-21,0.6212665398727191,0.851
2002-01-22,0.62961924160401,1.06
2002-01-23,0.9882925628193546,2.2
2002-01-24,0.619404929528402,1.47
2002-01-25,1.5301153332646553,2.48
2002-01-26,1.9705675234420654,6.14
2002-01-27,1.575440168861509,3.85
2002-01-28,1.2401518450098254,3.25
2002-01-29,0.9314370978071993,2.86
2002-01-30,1.1606937010504352,2.8
2002-01-31,1.73155279364505,3.51
2002-02-01,1.826802198147048,3.65
2002-02-02,2.119190603849092,5.3
2002-02-03,1.6972375812024876,4.64
2002-02-04,2.191853921486694,7.31
2002-02-05,1.69525376124493,4.8
2002-02-06,1.27059577384414,4.0
2002-02-07,1.1744154406774092,3.56
2002-02-08,1.1689543597059417,3.28
2002-02-09,1.236873871507939,3.05
2002-02-10,1.6382598184229202,2.88
2002-02-11,1.8648255752772473,5.58
2002-02-12,1.2228382674612197,3.77
2002-02-13,1.1005994909270134,3.47
2002-02-14,0.9422742765094735,3.08
2002-02-15,0.8439501424315076,2.78
2002-02-16,0.7696072579095731,2.53
2002-02-17,0.7312264308713164,2.42
2002-02-18,0.6707981713420319,2.2
2002-02-19,1.4696717831782757,2.34
2002-02-20,1.0760421348905866,2.24
2002-02-21,0.9566295234749497,1.93
2002-02-22,0.9674008248646611,1.8
2002-02-23,1.0720066651309126,1.88
2002-02-24,1.0795206921264904,1.76
2002-02-25,2.4021261973723242,5.36
2002-02-26,2.072844782569292,4.2
2002-02-27,1.903130134723615,4.21
2002-02-28,1.6875795557035167,3.46
2002-03-01,1.2895976749301479,3.07
2002-03-02,1.1469165204363867,2.81
2002-03-03,1.0499146992959918,2.59
2002-03-04,0.9754201007808802,2.4
2002-03-05,0.9176024530691299,2.21
2002-03-06,0.8740058270973414,2.06
2002-03-07,0.8386392212421756,1.88
2002-03-08,0.8800275494569323,1.79
2002-03-09,0.8793796153611796,1.71
2002-03-10,0.9599177592133462,1.64
2002-03-11,0.8642013172083908,1.53
2002-03-12,1.372420414240732,1.64
2002-03-13,1.0222814763926305,1.79
2002-03-14,1.8608455494648948,2.78
2002-03-15,1.5860486274993224,2.32
2002-03-16,1.2332425395532143,1.83
2002-03-17,1.8611817297993367,1.76
2002-03-18,1.5573271474799522,3.21
2002-03-19,1.610872739134717,2.14
2002-03-20,1.466080108882192,2.17
2002-03-21,1.2625657337010958,2.0
2002-03-22,1.1688424911989488,1.94
2002-03-23,1.1012847585562664,1.88
2002-03-24,1.0487146363641902,1.8
2002-03-25,1.0075029800853565,1.72
2002-03-26,0.9752338019320664,1.63
2002-03-27,0.9500186095011677,1.55
2002-03-28,0.9303537558720633,1.48
2002-03-29,0.9150424340586539,1.42
2002-03-30,0.9202916663401025,1.37
2002-03-31,0.9014879447388844,1.34
2002-04-01,0.8978391056126891,1.31
2002-04-02,0.9694414870741097,1.3
2002-04-03,0.8947223441387149,1.22
2002-04-04,0.8828597185262631,1.16
2002-04-05,0.8775358430499309,1.11
2002-04-06,0.873489872363114,1.04
2002-04-07,0.8700628962953375,1.01
2002-04-08,0.8670417062323686,0.982
2002-04-09,0.8642853913417101,0.957
2002-04-10,0.8616859292433583,0.936
2002-04-11,0.8591594462402325,0.922
2002-04-12,0.8566411192808439,0.896
2002-04-13,0.8540826896694831,0.873
2002-04-14,0.8515120299736174,0.858
2002-04-15,0.8487028147858828,0.831
2002-04-16,0.8458230226606048,0.812
2002-04-17,0.9034094491462025,0.843
2002-04-18,0.8457721559402823,0.803
2002-04-19,0.8378080369821904,0.776
2002-04-20,0.8333547806664614,0.761
2002-04-21,0.8295484683127173,0.735
2002-04-22,0.8256709224223422,0.715
2002-04-23,0.8216550204713561,0.708
2002-04-24,0.8174961642478242,0.694
2002-04-25,0.8298227687036204,0.686
2002-04-26,0.8106049366903821,0.703
2002-04-27,0.9284895730973489,0.762
2002-04-28,0.9244227055422639,0.767
2002-04-29,0.9002339317189336,0.764
2002-04-30,0.9315483719088231,1.01
2002-05-01,0.8024408137620717,0.75
2002-05-02,0.785389565365053,0.683
2002-05-03,0.7782256516776986,0.653
2002-05-04,0.7720713008819927,0.639
2002-05-05,0.7661729392797807,0.629
2002-05-06,0.8209845193161115,0.644
2002-05-07,0.7807734515683533,0.74
2002-05-08,0.7522175055650836,0.647
2002-05-09,0.7439242685691653,0.627
2002-05-10,0.73745127737543,0.602
2002-05-11,0.7311687945820566,0.589
2002-05-12,0.8157010734972625,0.598
2002-05-13,0.8847797175677083,0.798
2002-05-14,0.7298360451385101,0.612
2002-05-15,0.7100617272801149,0.575
2002-05-16,0.7029150303034893,0.569
2002-05-17,0.9036733099441654,0.857
2002-05-18,0.7769445121887429,0.761
2002-05-19,0.6937932637702927,0.645
2002-05-20,0.8140482739218802,0.766
2002-05-21,0.9108758782294768,0.944
2002-05-22,0.8421440662414573,1.17
2002-05-23,1.0611067748898086,1.17
2002-05-24,0.8428822511487495,1.22
2002-05-25,1.062343059453159,1.2
2002-05-26,1.0561482683609162,1.31
2002-05-27,0.9824953573702605,1.24
2002-05-28,1.1009025661345995,1.27
2002-05-29,0.9035927014523724,1.2
2002-05-30,0.8353520236667116,1.11
2002-05-31,0.7851795664854414,1.06
2002-06-01,0.7486591385460938,1.02
2002-06-02,0.7191162459640804,1.0
2002-06-03,0.694506425698251,0.98
2002-06-04,0.6738101643599252,0.942
2002-06-05,0.6999858425413934,0.917
2002-06-06,0.6463007773998971,0.924
2002-06-07,0.62967637389852,0.865
2002-06-08,0.6183344576793764,0.824
2002-06-09,0.6513804621307822,0.856
2002-06-10,0.6034368357170529,0.78
2002-06-11,0.5947457796238215,0.755
2002-06-12,0.5847367582979939,0.735
2002-06-13,0.5771656891170768,0.721
2002-06-14,0.5704432990398289,0.698
2002-06-15,0.5642432227939324,0.681
2002-06-16,0.5580533050897922,0.668
2002-06-17,0.5521975102854144,0.643
2002-06-18,0.5465227224599924,0.613
2002-06-19,0.5409825029994396,0.599
2002-06-20,0.5355473888434383,0.588
2002-06-21,0.548340525639237,0.61
2002-06-22,0.5264903110002338,0.583
2002-06-23,0.5198100271965195,0.552
2002-06-24,0.5144896284547128,0.542
2002-06-25,0.5093175902248085,0.535
2002-06-26,0.5041829845715463,0.508
2002-06-27,0.49907227344794675,0.488
2002-06-28,0.49398151170442445,0.473
2002-06-29,0.4889084557738615,0.486
2002-06-30,0.4838516893400971,0.476
2002-07-01,0.4788103986794364,0.478
2002-07-02,0.6707447058567925,0.55
2002-07-03,0.48599930490512294,0.522
2002-07-04,0.4710840398557893,0.472
2002-07-05,0.46027037869384346,0.477
2002-07-06,0.45452161027726845,0.449
2002-07-07,0.45727252603625707,0.447
2002-07-08,0.6371558489294092,0.491
2002-07-09,0.45876915700691134,0.616
2002-07-10,0.43802574873697503,0.463
2002-07-11,0.6239522120458308,0.582
2002-07-12,0.4460807195860983,0.485
2002-07-13,0.42530336576924543,0.454
2002-07-14,0.41827874858729375,0.421
2002-07-15,0.4127967979891941,0.405
2002-07-16,0.40758074382732234,0.4
2002-07-17,0.40249725795909946,0.382
2002-07-18,0.3975189935899106,0.383
2002-07-19,0.3926300993639562,0.368
2002-07-20,0.38781904635237374,0.366
2002-07-21,0.3830751332534029,0.357
2002-07-22,0.37842397611729633,0.362
2002-07-23,0.37379590361644593,0.366
2002-07-24,0.3691902127585994,0.356
2002-07-25,0.3646581746228135,0.366
2002-07-26,0.3601715562967708,0.355
2002-07-27,0.3557273898262466,0.345
2002-07-28,0.35132400941803865,0.328
2002-07-29,0.34696004416312126,0.336
2002-07-30,0.3426362447441882,0.332
2002-07-31,0.535307254074032,0.63
2002-08-01,0.44016120163981076,0.415
2002-08-02,0.3394307410387904,0.363
2002-08-03,0.32787905701958775,0.372
2002-08-04,0.33494973329507716,0.375
2002-08-05,0.3199393006350782,0.355
2002-08-06,0.3146458076706048,0.329
2002-08-07,0.31075499719439575,0.352
2002-08-08,0.3941833725984908,0.361
2002-08-09,0.5347666673888942,1.17
2002-08-10,0.5275444750189529,0.536
2002-08-11,0.4063678932958391,0.442
2002-08-12,0.30787885376512375,0.388
2002-08-13,0.2943280392489903,0.382
2002-08-14,0.2885235177593978,0.372
2002-08-15,0.28368120978166955,0.356
2002-08-16,0.279280342799954,0.346
2002-08-17,0.27501101732249045,0.339
2002-08-18,0.27075500909913586,0.342
2002-08-19,0.26675698703428846,0.331
2002-08-20,0.2628830600143773,0.331
2002-08-21,0.25912719181410354,0.317
2002-08-22,0.2554707697076286,0.312
2002-08-23,0.2528997255019502,0.312
2002-08-24,0.24894204564336211,0.337
2002-08-25,0.24500022732696422,0.336
2002-08-26,0.24157462524690682,0.31
2002-08-27,0.23824199997955878,0.299
2002-08-28,0.2349621058603453,0.3
2002-08-29,0.23177436560895806,0.307
2002-08-30,0.22915391687867448,0.303
2002-08-31,0.22544266285339018,0.284
2002-09-01,0.22228416759947844,0.281
2002-09-02,0.2192089197108194,0.28
2002-09-03,0.2166422845332394,0.294
2002-09-04,0.21323363946941215,0.298
2002-09-05,0.21040037351115942,0.278
2002-09-06,0.2074590211600098,0.267
2002-09-07,0.2045283821116824,0.267
2002-09-08,0.22788618366995297,0.282
2002-09-09,0.4037591580694868,0.475
2002-09-10,0.2163174509619725,0.316
2002-09-11,0.1969715745657319,0.286
2002-09-12,0.1924175335773428,0.279
2002-09-13,0.18926439774114734,0.268
2002-09-14,0.18632472874348563,0.262
2002-09-15,0.1834823780283514,0.26
2002-09-16,0.18071688120262594,0.257
2002-09-17,0.17801820341351451,0.245
2002-09-18,0.17537877553206085,0.242
2002-09-19,0.17280743727598033,0.242
2002-09-20,0.17025655706278392,0.248
2002-09-21,0.16776176891144626,0.241
2002-09-22,0.1653095733903743,0.238
2002-09-23,0.162896305267441,0.229
2002-09-24,0.16051955914809685,0.231
2002-09-25,0.1581777330824662,0.231
2002-09-26,0.155869368241518,0.227
2002-09-27,0.1535931882447598,0.231
2002-09-28,0.15134829184308674,0.233
2002-09-29,0.14913376527635544,0.223
2002-09-30,0.14694902270440566,0.225
2002-10-01,0.31211976492270077,0.307
2002-10-02,0.1589403537677882,0.26
2002-10-03,0.14302204725966478,0.24
2002-10-04,0.13949024884076133,0.236
2002-10-05,0.13717610575540914,0.229
2002-10-06,0.13502219396164766,0.23
2002-10-07,0.1329301629120443,0.228
2002-10-08,0.13088614606989116,0.216
2002-10-09,0.1289041138878373,0.214
2002-10-10,0.12698089481931993,0.222
2002-10-11,0.23673108618654184,0.245
2002-10-12,0.23324787038666303,0.238
2002-10-13,0.3829295825266609,3.92
2002-10-14,0.4453523128290733,1.53
2002-10-15,0.7380553796165606,6.1
2002-10-16,0.5470517436849996,2.46
2002-10-17,0.672287398443625,1.96
2002-10-18,0.5484722762504405,1.56
2002-10-19,0.5620882908136262,1.29
2002-10-20,0.7616230959339299,1.51
2002-10-21,0.8327961038078974,1.66
2002-10-22,0.6664830715552721,1.47
2002-10-23,0.598004263083224,1.18
2002-10-24,0.5961438295320893,1.15
2002-10-25,0.8166442333205987,1.29
2002-10-26,0.7270636525611405,1.2
2002-10-27,0.8318225535670798,1.2
2002-10-28,0.5344664384085828,1.14
2002-10-29,0.40531660924672147,1.08
2002-10-30,0.3558269750755582,1.03
2002-10-31,0.3143454020598258,0.983
2002-11-01,0.6430303999180854,1.07
2002-11-02,1.1129732009919007,1.81
2002-11-03,1.1014479800945531,1.78
2002-11-04,0.7541018513676682,1.51
2002-11-05,0.9590364443763033,1.49
2002-11-06,0.656202991206434,1.65
2002-11-07,0.7752639165984127,1.43
2002-11-08,0.7737618176352921,1.58
2002-11-09,1.123178015980774,1.52
2002-11-10,0.7770425392059715,1.78
2002-11-11,0.797560469437503,1.54
2002-11-12,0.8720784222033988,1.6
2002-11-13,2.4113587593813435,5.76
2002-11-14,1.680258130837514,4.05
2002-11-15,1.5488225240254179,3.77
2002-11-16,1.2776558332264991,3.05
2002-11-17,0.9224326082669186,2.67
2002-11-18,0.7892599769578855,2.41
2002-11-19,1.0375746094878762,2.21
2002-11-20,1.8383012881469312,2.7
2002-11-21,1.6518602829664606,3.79
2002-11-22,1.7268910285813437,3.2
2002-11-23,1.1996805506182167,3.25
2002-11-24,0.9944942664537099,2.8
2002-11-25,0.9276523836018336,2.62
2002-11-26,1.0939588241619371,2.53
2002-11-27,1.6575637009946984,3.61
2002-11-28,1.0964848483404581,2.66
2002-11-29,0.9226548533255281,2.37
2002-11-30,1.135096530598506,2.33
2002-12-01,1.5017601926558908,2.55
2002-12-02,1.042416736781629,2.52
2002-12-03,1.0332261356744452,2.18
2002-12-04,0.8775776816323321,2.07
2002-12-05,0.8051827873868871,1.94
2002-12-06,0.8231861543783657,1.87
2002-12-07,0.7433525449437349,1.79
2002-12-08,0.7639422796592757,1.69
2002-12-09,0.7023761831765991,1.6
2002-12-10,0.8164773015241097,1.55
2002-12-11,1.1084765344847167,1.5
2002-12-12,0.9108753806652785,1.72
2002-12-13,0.8050129590435408,1.48
2002-12-14,1.9934679958229002,3.38
2002-12-15,1.5145469315239468,2.77
2002-12-16,1.1863340808620446,2.03
2002-12-17,1.023016715880301,1.85
2002-12-18,0.9438634211255919,1.73
2002-12-19,0.8861305497986782,1.67
2002-12-20,1.084184963785493,1.68
2002-12-21,1.7429929188162292,2.39
2002-12-22,1.2469820652730155,2.01
2002-12-23,1.3634188363078381,1.94
2002-12-24,1.0967315347068312,1.86
2002-12-25,1.7476946601410432,2.16
2002-12-26,1.7121968344681489,2.75
2002-12-27,1.290711500802519,2.44
2002-12-28,1.7424948525777035,2.36
2002-12-29,1.530179990518597,3.06
2002-12-30,1.9638971569354766,3.68
2002-12-31,2.3747643144174577,4.0
2003-01-01,2.807898852806352,7.42
2003-01-02,2.4636373517805623,6.48
2003-01-03,2.03134143779413,4.84
2003-01-04,1.6369995413755627,4.17
2003-01-05,1.4675144984062574,3.7
2003-01-06,1.3462775153742608,3.25
2003-01-07,1.2519006766928944,2.91
2003-01-08,1.1785000854037846,2.64
2003-01-09,1.1200770671186735,2.41
2003-01-10,1.0748782181241354,2.22
2003-01-11,1.0398138388322933,2.04
2003-01-12,1.013514053906966,1.93
2003-01-13,0.9922672313929909,1.83
2003-01-14,1.0168578352918567,1.72
2003-01-15,0.9892096886347498,1.64
2003-01-16,0.9706815186866531,1.55
2003-01-17,1.2001758281916175,1.55
2003-01-18,1.732995040896572,1.59
2003-01-19,2.0029470126635878,1.82
2003-01-20,2.3739146169870224,3.52
2003-01-21,1.8502212083748968,3.09
2003-01-22,1.5507107062219254,2.13
2003-01-23,1.4244309128425048,2.0
2003-01-24,1.3397859833477552,1.95
2003-01-25,1.2647978849159185,1.88
2003-01-26,1.2083874772947822,1.79
2003-01-27,1.2132162964232607,1.72
2003-01-28,1.4186138317526893,1.72
2003-01-29,1.7096763310411076,1.63
2003-01-30,1.3508160094727586,1.9
2003-01-31,1.527943698906765,1.58
2003-02-01,1.3559067661136064,1.61
2003-02-02,1.6174926910647638,1.66
2003-02-03,1.349023596457005,1.7
2003-02-04,1.2633668509993001,1.5
2003-02-05,1.214313292569954,1.45
2003-02-06,1.2317312196659487,1.46
2003-02-07,1.176259847186557,1.42
2003-02-08,1.632603075090939,1.53
2003-02-09,1.288973070546678,1.63
2003-02-10,1.675433907531008,1.61
2003-02-11,1.3433404380479685,1.63
2003-02-12,1.2624149659841808,1.49
2003-02-13,1.214007060797274,1.46
2003-02-14,1.1764500487098546,1.43
2003-02-15,1.1462595945657066,1.4
2003-02-16,1.1217494325036983,1.36
2003-02-17,1.1017065410891287,1.33
2003-02-18,1.0851721445950875,1.31
2003-02-19,1.0724799381274235,1.28
2003-02-20,1.061360670782843,1.23
2003-02-21,1.0499659945101294,1.18
2003-02-22,1.0837268409722531,1.15
2003-02-23,1.047134753969582,1.11
2003-02-24,1.0354930681510472,1.08
2003-02-25,1.027066878933572,1.05
2003-02-26,1.0207808094793356,1.02
2003-02-27,1.0202164127447337,1.0
2003-02-28,1.2770997439452043,1.43
2003-03-01,1.2634205400294753,1.24
2003-03-02,1.081246584013178,1.09
2003-03-03,1.6515005612763956,1.44
2003-03-04,1.7317836238962456,1.3
2003-03-05,1.8390928869093561,2.52
2003-03-06,1.4461658417615917,1.6
2003-03-07,2.0316174953589603,2.27
2003-03-08,1.6053567563979068,1.93
2003-03-09,1.4276263607953954,1.79
2003-03-10,1.3254714683439164,1.73
2003-03-11,1.2532886425298126,1.66
2003-03-12,1.195112463445416,1.56
2003-03-13,1.1489239453948885,1.51
2003-03-14,1.1113449163899696,1.45
2003-03-15,1.080521256621252,1.38
2003-03-16,1.0550476220711547,1.32
2003-03-17,1.033809337904356,1.27
2003-03-18,1.0159177280151885,1.23
2003-03-19,1.0006629193614918,1.19
2003-03-20,0.9874798440596839,1.15
2003-03-21,0.9759185194201095,1.12
2003-03-22,0.9656201201671251,1.08
2003-03-23,0.9562997802430327,1.04
2003-03-24,0.947731336009439,1.01
2003-03-25,0.9397349178312905,0.987
2003-03-26,0.9321691010368582,0.964
2003-03-27,0.9249218759021753,0.943
2003-03-28,0.9182518865995978,0.923
2003-03-29,0.9110799130938516,0.889
2003-03-30,0.9043043779836399,0.857
2003-03-31,0.8976421318893083,0.862
2003-04-01,0.9475011904127256,0.881
2003-04-02,0.890317949461336,0.798
2003-04-03,0.8790573996683345,0.767
2003-04-04,0.8718271050239775,0.768
2003-04-05,0.8649516915922754,0.755
2003-04-06,0.8580978322539851,0.744
2003-04-07,0.8512275743829725,0.725
2003-04-08,0.8443314182630921,0.716
2003-04-09,0.8374044847208547,0.68
2003-04-10,0.8304439770559248,0.668
2003-04-11,0.8234485925859075,0.655
2003-04-12,0.8164181785474307,0.646
2003-04-13,0.8094399022465234,0.641
2003-04-14,0.8022639818788005,0.619
2003-04-15,0.7951280270507638,0.604
2003-04-16,0.7879701689419547,0.591
2003-04-17,0.7807868205210848,0.573
2003-04-18,0.7735802144801899,0.555
2003-04-19,0.7663532011197308,0.562
2003-04-20,0.7591087486873572,0.568
2003-04-21,0.7518498637914731,0.557
2003-04-22,0.744579556347126,0.545
2003-04-23,0.7373008146998704,0.531
2003-04-24,0.7300165866543787,0.553
2003-04-25,0.7227297650142634,0.55
2003-04-26,0.7491786844813526,0.563
2003-04-27,0.8114800154164334,0.574
2003-04-28,0.7102301766514516,0.595
2003-04-29,0.7548486810491299,0.583
2003-04-30,0.8777243774735781,0.763
2003-05-01,0.876275878195501,0.68
2003-05-02,0.6950993505950994,0.733
2003-05-03,0.6713430675084208,0.59
2003-05-04,0.6622166327636342,0.556
2003-05-05,0.6537482986392537,0.528
2003-05-06,0.645924892657988,0.509
2003-05-07,0.6383413222067288,0.508
2003-05-08,0.6308877836035012,0.495
2003-05-09,0.6235611286796487,0.488
2003-05-10,0.6170976825908524,0.508
2003-05-11,0.6098195892604664,0.491
2003-05-12,0.6146064004490278,0.507
2003-05-13,0.5968212578813803,0.494
2003-05-14,0.5887612723879861,0.458
2003-05-15,0.6161933903164009,0.476
2003-05-16,0.5907945802879419,0.5
2003-05-17,0.5703266707917806,0.49
2003-05-18,0.5636993511611764,0.481
2003-05-19,0.555625549146423,0.455
2003-05-20,0.5484376288288819,0.436
2003-05-21,0.5417227476582883,0.447
2003-05-22,0.5349950728619969,0.445
2003-05-23,0.5283353279513561,0.428
2003-05-24,0.521761098158815,0.423
2003-05-25,0.5152733412113798,0.406
2003-05-26,0.508858687951889,0.404
2003-05-27,0.5025067196299295,0.412
2003-05-28,0.4962145628860801,0.394
2003-05-29,0.489980468936661,0.379
2003-05-30,0.48380315355535997,0.369
2003-05-31,0.47768165978668187,0.375
2003-06-01,0.4716152824295693,0.375
2003-06-02,0.4656035108408605,0.365
2003-06-03,0.45964598367566095,0.362
2003-06-04,0.4537424529337823,0.366
2003-06-05,0.4478927554236683,0.349
2003-06-06,0.44209679015195485,0.379
2003-06-07,0.5013056887418341,0.376
2003-06-08,0.43633433695939017,0.414
2003-06-09,0.4610637157435375,0.381
2003-06-10,0.42261359002095317,0.367
2003-06-11,0.4141976595028012,0.346
2003-06-12,0.408471816154708,0.328
2003-06-13,0.4030294720696191,0.32
2003-06-14,0.39766081871232256,0.309
2003-06-15,0.392347542909045,0.3
2003-06-16,0.38708801743459237,0.297
2003-06-17,0.3818820578966961,0.299
2003-06-18,0.3767295926150543,0.307
2003-06-19,0.3716305461985554,0.295
2003-06-20,0.3665848291970183,0.281
2003-06-21,0.3615923371700445,0.274
2003-06-22,0.5363365185889224,0.371
2003-06-23,0.3674431889497646,0.347
2003-06-24,0.3483040353701761,0.288
2003-06-25,0.34239449279087747,0.284
2003-06-26,0.3376016455337016,0.297
2003-06-27,0.3329018928598321,0.306
2003-06-28,0.32813693826638735,0.278
2003-06-29,0.37424745797028264,0.292
2003-06-30,0.3236462970931672,0.294
2003-07-01,0.3988489899545634,0.272
2003-07-02,0.3183663253898405,0.372
2003-07-03,0.3071797189335484,0.273
2003-07-04,0.3021385607160419,0.27
2003-07-05,0.2977089135860398,0.267
2003-07-06,0.29339907331643694,0.253
2003-07-07,0.28916188497537726,0.259
2003-07-08,0.28498944095224427,0.258
2003-07-09,0.2808780487467842,0.247
2003-07-10,0.2768250929813669,0.239
2003-07-11,0.2728282352346451,0.225
2003-07-12,0.26888558154953845,0.224
2003-07-13,0.26499555102651146,0.212
2003-07-14,0.26115680709571926,0.207
2003-07-15,0.25736820738362126,0.209
2003-07-16,0.4505892352037535,0.274
2003-07-17,0.430019486230801,0.373
2003-07-18,0.2624295458589577,0.269
2003-07-19,0.24432335422762902,0.241
2003-07-20,0.2815164703209704,0.26
2003-07-21,0.2422387322934642,0.255
2003-07-22,0.23431468060396027,0.243
2003-07-23,0.23200186074632217,0.253
2003-07-24,0.40771743715276476,0.256
2003-07-25,0.4564682057659068,0.743
2003-07-26,0.47983894419336837,0.585
2003-07-27,0.4058472861369349,0.372
2003-07-28,0.24878530536895407,0.328
2003-07-29,0.25758839996996813,0.348
2003-07-30,0.2250668547296047,0.305
2003-07-31,0.2175226748174784,0.292
2003-08-01,0.21145521905160625,0.297
2003-08-02,0.2065090395157902,0.267
2003-08-03,0.20212733007504546,0.261
2003-08-04,0.19824959479928123,0.259
2003-08-05,0.19438579895932187,0.246
2003-08-06,0.19086594718876174,0.253
2003-08-07,0.18755371796264197,0.249
2003-08-08,0.18440348512122637,0.239
2003-08-09,0.18138799500457398,0.223
2003-08-10,0.17848632011049825,0.233
2003-08-11,0.1756815502086077,0.23
2003-08-12,0.172960403684737,0.228
2003-08-13,0.17031217227335196,0.222
2003-08-14,0.16772792165423722,0.213
2003-08-15,0.16521811505226058,0.21
2003-08-16,0.16272690762071496,0.216
2003-08-17,0.1602970062552195,0.215
2003-08-18,0.15791163755599727,0.213
2003-08-19,0.1555666498343446,0.21
2003-08-20,0.15325949116397217,0.212
2003-08-21,0.15098814201373975,0.198
2003-08-22,0.1487509433330021,0.195
2003-08-23,0.14654651853570502,0.197
2003-08-24,0.1443737163057695,0.207
2003-08-25,0.14223156532220357,0.197
2003-08-26,0.14011923810581614,0.191
2003-08-27,0.13803602212616087,0.194
2003-08-28,0.3329417678310056,0.238
2003-08-29,0.3515758715674334,0.327
2003-08-30,0.1523158409805324,0.225
2003-08-31,0.13287123817392213,0.208
2003-09-01,0.12919128182580067,0.198
2003-09-02,0.12695642413512592,0.196
2003-09-03,0.12490532804722303,0.196
2003-09-04,0.12292150985269706,0.189
2003-09-05,0.12153970411367707,0.204
2003-09-06,0.11934240095943485,0.196
2003-09-07,0.12291085545435979,0.205
2003-09-08,0.11718008670625726,0.204
2003-09-09,0.1147257641119567,0.195
2003-09-10,0.11268815481600844,0.194
2003-09-11,0.11077341450872426,0.192
2003-09-12,0.10892404881241764,0.183
2003-09-13,0.1071855771163824,0.175
2003-09-14,0.10549348838488187,0.171
2003-09-15,0.10383861996326495,0.172
2003-09-16,0.1022174166034647,0.169
2003-09-17,0.10062712119127853,0.165
2003-09-18,0.09906570416479762,0.172
2003-09-19,0.09753137637504718,0.172
2003-09-20,0.09602274108572274,0.168
2003-09-21,0.09455602895487529,0.167
2003-09-22,0.14133379791935433,0.194
2003-09-23,0.0959348090789287,0.166
2003-09-24,0.09066417141319183,0.167
2003-09-25,0.08892093018316179,0.169
2003-09-26,0.08750904907759545,0.173
2003-09-27,0.08614160904159865,0.173
2003-09-28,0.08480037724461745,0.167
2003-09-29,0.08348163873211736,0.176
2003-09-30,0.08218060925263707,0.176
2003-10-01,0.0809003324860028,0.175
2003-10-02,0.07963946755806285,0.182
2003-10-03,0.07839740442899386,0.172
2003-10-04,0.07717373938764065,0.16
2003-10-05,0.07596811906359538,0.162
2003-10-06,0.162909876194009,0.159
2003-10-07,0.0814953669876427,0.182
2003-10-08,0.07314780524854149,0.17
2003-10-09,0.07139590249801818,0.163
2003-10-10,0.07027150738726931,0.162
2003-10-11,0.0691030385439322,0.162
2003-10-12,0.10665343086739494,0.167
2003-10-13,0.07064232372376741,0.179
2003-10-14,0.06642922643903858,0.165
2003-10-15,0.06507199383084804,0.157
2003-10-16,0.06398658213237941,0.157
2003-10-17,0.06294527073350908,0.16
2003-10-18,0.061926806370381435,0.161
2003-10-19,0.06092827326631128,0.158
2003-10-20,0.059949355756137745,0.156
2003-10-21,0.06809900050095258,0.166
2003-10-22,0.2577828704050166,0.284
2003-10-23,0.13016452236250706,0.197
2003-10-24,0.06334578417101984,0.179
2003-10-25,0.05695280452848589,0.178
2003-10-26,0.0549905663610408,0.176
2003-10-27,0.054010102749231605,0.173
2003-10-28,0.18053630431200424,0.185
2003-10-29,0.12715981080918384,0.222
2003-10-30,0.2737717396672028,0.424
2003-10-31,0.21696490184039416,0.273
2003-11-01,0.24314079449959775,0.226
2003-11-02,0.24979313788452326,0.33
2003-11-03,0.08443951322172405,0.284
2003-11-04,0.06609784763217429,0.22
2003-11-05,0.06084670133985835,0.201
2003-11-06,0.057326021571510816,0.198
2003-11-07,0.05462381462653721,0.193
2003-11-08,0.052374915723381675,0.188
2003-11-09,0.25735745222131723,0.261
2003-11-10,0.07085666845680255,0.264
2003-11-11,0.13042825255525886,0.219
2003-11-12,0.06013994535203606,0.228
2003-11-13,0.1286701225902894,0.213
2003-11-14,0.17802463123370404,0.244
2003-11-15,0.06668605134316508,0.288
2003-11-16,0.054066414268549384,0.236
2003-11-17,0.08077836562598911,0.227
2003-11-18,0.05224270996499864,0.218
2003-11-19,0.04930626976911144,0.21
2003-11-20,0.18444968873365997,0.263
2003-11-21,0.231197481511496,0.253
2003-11-22,0.11021088578830211,0.382
2003-11-23,0.07765477944971977,0.292
2003-11-24,0.05929138815041431,0.252
2003-11-25,0.28301686790733366,0.3
2003-11-26,0.14392487000862988,0.504
2003-11-27,0.06790592047529379,0.338
2003-11-28,0.18191817162375123,0.309
2003-11-29,0.12373619686814337,0.421
2003-11-30,0.26503550661836245,0.388
2003-12-01,0.8825742190556033,4.2
2003-12-02,0.5801727904452992,1.6
2003-12-03,0.4968743254159607,1.17
2003-12-04,0.4356695019433398,1.02
2003-12-05,0.21489192771224083,0.923
2003-12-06,0.17629913708748732,0.842
2003-12-07,0.14685895528916715,0.777
2003-12-08,0.1286966353706124,0.731
2003-12-09,0.11449884974767902,0.681
2003-12-10,0.30545175874409625,0.649
2003-12-11,0.3196807169835955,0.676
2003-12-12,0.7975245668384211,0.807
2003-12-13,0.5157655781782602,1.27
2003-12-14,0.3256290914833795,0.915
2003-12-15,0.2674726135863871,0.902
2003-12-16,0.22957359351230783,0.881
2003-12-17,0.2003490128748774,0.858
2003-12-18,0.17740365637150146,0.823
2003-12-19,0.5566961212398186,0.789
2003-12-20,0.5995601874118582,1.16
2003-12-21,0.341240805981053,0.941
2003-12-22,0.3366436033870414,0.822
2003-12-23,0.26639030910717554,0.794
2003-12-24,0.23375787074319052,0.772
2003-12-25,0.2602163707734724,0.768
2003-12-26,0.6603980036887753,0.937
2003-12-27,0.3508167591504513,0.913
2003-12-28,0.864465932392637,0.842
2003-12-29,0.5248969247908166,1.26
2003-12-30,0.3914040022511679,0.985
2003-12-31,0.9829463235830465,1.24
2004-01-01,0.557341785533076,1.44
2004-01-02,0.5126094682027791,1.15
2004-01-03,0.41755454674009607,1.15
2004-01-04,0.35690099169573036,1.11
2004-01-05,0.5694934315078846,1.09
2004-01-06,0.3814627780909563,1.11
2004-01-07,1.395081134747866,1.26
2004-01-08,1.4482672649945008,3.36
2004-01-09,1.2078177864989943,2.45
2004-01-10,1.2767307183103727,2.32
2004-01-11,2.0675649263373677,2.68
2004-01-12,1.7166402686673137,5.95
2004-01-13,1.591403951014002,3.87
2004-01-14,1.2921478619284918,3.67
2004-01-15,1.3792513880953108,3.43
2004-01-16,1.0015418896364932,2.98
2004-01-17,0.8412458960213061,2.6
2004-01-18,0.7373593764237817,2.34
2004-01-19,0.6589900229843484,2.18
2004-01-20,0.6041134302123492,2.0
2004-01-21,0.5964600592457772,1.84
2004-01-22,1.0648075346484052,1.87
2004-01-23,0.9817916353744495,1.82
2004-01-24,0.7266448246850646,1.63
2004-01-25,0.8569751870632424,1.55
2004-01-26,0.6782821545358925,1.49
2004-01-27,0.6262533673112313,1.38
2004-01-28,0.6875124947098195,1.31
2004-01-29,0.5975618974147121,1.24
2004-01-30,1.4586629585120845,1.39
2004-01-31,1.5156526162731596,2.92
2004-02-01,1.9649100086354034,3.36
2004-02-02,1.459905120463689,2.72
2004-02-03,1.5404806948278726,2.74
2004-02-04,1.1540773745585908,2.7
2004-02-05,1.9201814740337535,2.66
2004-02-06,1.5043102406338875,3.63
2004-02-07,1.2159206163020684,2.74
2004-02-08,1.0534968225222852,2.5
2004-02-09,0.9545134771123766,2.34
2004-02-10,0.8794911063717318,2.19
2004-02-11,0.8211635559945144,2.03
2004-02-12,0.7768482054691404,1.88
2004-02-13,0.7433884906354065,1.76
2004-02-14,0.7185329936459804,1.67
2004-02-15,0.6944247085736699,1.56
2004-02-16,0.6841267257901249,1.47
2004-02-17,0.7326494226224279,1.41
2004-02-18,0.686678599450484,1.32
2004-02-19,0.6735973869871057,1.25
2004-02-20,0.6697906856443379,1.21
2004-02-21,0.6603677880078741,1.14
2004-02-22,0.6560847660804053,1.09
2004-02-23,0.653512722937473,1.05
2004-02-24,0.6894795381220292,1.05
2004-02-25,0.664111506934929,0.996
2004-02-26,0.7119332106592673,0.979
2004-02-27,0.6769108603266482,0.948
2004-02-28,0.6668893244388283,0.901
2004-02-29,0.6633176071580643,0.858
2004-03-01,0.6609030131480051,0.827
2004-03-02,0.6590141902371478,0.816
2004-03-03,0.665476493777051,0.814
2004-03-04,0.6591794367875656,0.797
2004-03-05,0.65696460004479,0.773
2004-03-06,0.6555028628655387,0.746
2004-03-07,0.6539641696817607,0.725
2004-03-08,0.6523315964252995,0.695
2004-03-09,0.6508025000219831,0.688
2004-03-10,0.6492387243278434,0.685
2004-03-11,0.7876628097340738,0.707
2004-03-12,0.9156079542095084,1.23
2004-03-13,0.9907716447791207,1.06
2004-03-14,1.0265928646353581,1.08
2004-03-15,0.8352478819346199,0.886
2004-03-16,0.7799728601992479,0.813
2004-03-17,0.999431371696604,0.793
2004-03-18,1.4272060214730242,0.895
2004-03-19,1.221487578280923,1.89
2004-03-20,1.2478043904057532,1.33
2004-03-21,1.3193631566989072,1.68
2004-03-22,1.0453458189580347,1.47
2004-03-23,1.015955297568367,1.4
2004-03-24,0.9270818226040521,1.35
2004-03-25,1.0049911708705892,1.37
2004-03-26,0.8754267684671317,1.29
2004-03-27,0.8285704173321742,1.25
2004-03-28,0.7965717065039147,1.19
2004-03-29,0.7621381948058258,1.14
2004-03-30,0.738856814006588,1.1
2004-03-31,0.7206326039825776,1.07
2004-04-01,0.7630801589914942,1.07
2004-04-02,0.7064023439882959,1.0
2004-04-03,0.9517925895895841,1.29
2004-04-04,0.772088251451387,1.13
2004-04-05,0.7079548457599121,1.01
2004-04-06,0.6940243236758498,0.955
2004-04-07,0.789525554578916,0.942
2004-04-08,0.730978668941699,0.913
2004-04-09,0.6999251821331648,0.885
2004-04-10,0.685897225208465,0.875
2004-04-11,0.6660838888136312,0.849
2004-04-12,0.6561329482225043,0.842
2004-04-13,0.6479900410905031,0.82
2004-04-14,0.6408969700525966,0.786
2004-04-15,0.6349844311132773,0.797
2004-04-16,0.7210637654322413,0.845
2004-04-17,0.801235929709358,0.864
2004-04-18,0.7548253316165303,0.892
2004-04-19,0.6762501623321969,0.828
2004-04-20,0.7209233491228586,0.783
2004-04-21,0.808378405847743,0.877
2004-04-22,0.6952741260927447,0.773
2004-04-23,0.6669398155495757,0.733
2004-04-24,0.6492135229824458,0.715
2004-04-25,0.6347805357810101,0.709
2004-04-26,0.6225127785268291,0.705
2004-04-27,0.6119256231236043,0.697
2004-04-28,0.8130225506692579,1.39
2004-04-29,0.8538432043739507,2.82
2004-04-30,1.2387035278519645,1.79
2004-05-01,0.9313682477308243,1.58
2004-05-02,0.7444139259368547,1.43
2004-05-03,1.3224805089806893,1.41
2004-05-04,1.3775259176500705,1.89
2004-05-05,1.1869991321319358,1.61
2004-05-06,0.9749903723777991,1.44
2004-05-07,0.8845932827803218,1.33
2004-05-08,0.8251049967303851,1.29
2004-05-09,0.7750906201127117,1.25
2004-05-10,0.7275770402596948,1.19
2004-05-11,0.7001710472793438,1.15
2004-05-12,0.6661046497677311,1.09
2004-05-13,0.6432073997480677,1.03
2004-05-14,0.6248398424520158,0.973
2004-05-15,0.6096878678133909,0.949
2004-05-16,0.5970503833651506,0.913
2004-05-17,0.5863984256325924,0.88
2004-05-18,0.5773125880522539,0.849
2004-05-19,0.5694587369519672,0.832
2004-05-20,0.5625707866815374,0.801
2004-05-21,0.5564360252947371,0.77
2004-05-22,0.5508866025254967,0.754
2004-05-23,0.545788438517522,0.728
2004-05-24,0.5410353054565702,0.728
2004-05-25,0.5365431482138059,0.682
2004-05-26,0.5322456129700531,0.666
2004-05-27,0.5280949507670336,0.651
2004-05-28,0.5243682135300489,0.653
2004-05-29,0.520130909693708,0.636
2004-05-30,0.5163077467030593,0.629
2004-05-31,0.6040295792789995,0.665
2004-06-01,0.5173927362078068,0.612
2004-06-02,0.5060635799710259,0.571
2004-06-03,0.5015770889644316,0.561
2004-06-04,0.49723171858004384,0.56
2004-06-05,0.49314600103378325,0.537
2004-06-06,0.48908673088768073,0.52
2004-06-07,0.4850262967798511,0.499
2004-06-08,0.4809822304003592,0.494
2004-06-09,0.47691217101112415,0.499
2004-06-10,0.4727903550019614,0.475
2004-06-11,0.4686817121992503,0.458
2004-06-12,0.4645610748077953,0.446
2004-06-13,0.460426334611688,0.434
2004-06-14,0.45627784979586244,0.424
2004-06-15,0.45211647424116924,0.41
2004-06-16,0.44794331478010563,0.407
2004-06-17,0.4437596537824924,0.406
2004-06-18,0.4395668978328863,0.401
2004-06-19,0.43540410656271306,0.408
2004-06-20,0.43116339541827287,0.405
2004-06-21,0.42694949846053365,0.396
2004-06-22,0.6196958984926871,0.742
2004-06-23,0.6340103205528147,0.582
2004-06-24,0.5405643200813941,0.435
2004-06-25,0.42244958448083403,0.398
2004-06-26,0.438492428346783,0.487
2004-06-27,0.40740726876948885,0.416
2004-06-28,0.39956840792374476,0.388
2004-06-29,0.3948611531624704,0.388
2004-06-30,0.39051363332797595,0.376
2004-07-01,0.38752824531406105,0.371
2004-07-02,0.3825620456331747,0.366
2004-07-03,0.3775100994327485,0.355
2004-07-04,0.3734867472607381,0.355
2004-07-05,0.36889953211294246,0.334
2004-07-06,0.3647207741889537,0.329
2004-07-07,0.5805634477821736,0.565
2004-07-08,0.5622212352605414,0.511
2004-07-09,0.37775374315909965,0.383
2004-07-10,0.4500299658624638,0.445
2004-07-11,0.3607444402188145,0.377
2004-07-12,0.34792599527406287,0.35
2004-07-13,0.34209528966723696,0.341
2004-07-14,0.3371530478329948,0.343
2004-07-15,0.33260053146726387,0.337
2004-07-16,0.3282416594603801,0.349
2004-07-17,0.32364912538124285,0.331
2004-07-18,0.3198274468451801,0.319
2004-07-19,0.31532886837461754,0.31
2004-07-20,0.3113287377902438,0.307
2004-07-21,0.30772607882151704,0.32
2004-07-22,0.30391725999727004,0.333
2004-07-23,0.29972681042821847,0.299
2004-07-24,0.29598611056873136,0.294
2004-07-25,0.2922868714348727,0.29
2004-07-26,0.2886152011953392,0.304
2004-07-27,0.2850088943798375,0.296
2004-07-28,0.28139186995796234,0.284
2004-07-29,0.27788568390180124,0.282
2004-07-30,0.2743461047261124,0.27
2004-07-31,0.2708718467919296,0.264
2004-08-01,0.26743330231765833,0.256
2004-08-02,0.26402843848476104,0.24
2004-08-03,0.26065300141049863,0.254
2004-08-04,0.2573099065054201,0.242
2004-08-05,0.2539979309919486,0.239
2004-08-06,0.2507167765214928,0.24
2004-08-07,0.24746627757487996,0.225
2004-08-08,0.2684028993040807,0.239
2004-08-09,0.2431638003066063,0.249
2004-08-10,0.23808150410617115,0.225
2004-08-11,0.43174547937578156,0.377
2004-08-12,0.4245064660348122,0.348
2004-08-13,0.24551720287001352,0.271
2004-08-14,0.22762717369864,0.25
2004-08-15,0.22343888235610557,0.272
2004-08-16,0.22772845155746835,0.314
2004-08-17,0.35588709842559063,0.372
2004-08-18,0.39865099523112785,0.364
2004-08-19,0.2344074288055246,0.265
2004-08-20,0.3399554711551873,0.333
2004-08-21,0.22405631717538776,0.281
2004-08-22,0.28588602616909975,0.26
2004-08-23,0.21559617652383092,0.355
2004-08-24,0.20556371331800485,0.279
2004-08-25,0.19959686774926885,0.256
2004-08-26,0.2522584704627677,0.244
2004-08-27,0.1996169987955453,0.285
2004-08-28,0.1912889216649603,0.249
2004-08-29,0.18773578474725214,0.245
2004-08-30,0.18443341109999173,0.23
2004-08-31,0.18146843221982237,0.225
2004-09-01,0.17866029036706693,0.223
2004-09-02,0.17595464669237357,0.22
2004-09-03,0.17333376710591097,0.216
2004-09-04,0.1707853915014974,0.217
2004-09-05,0.16830009190284279,0.215
2004-09-06,0.1658703112935279,0.206
2004-09-07,0.1634899174028255,0.202
2004-09-08,0.1611540084444011,0.198
2004-09-09,0.1887953256248117,0.197
2004-09-10,0.17518819233645533,0.236
2004-09-11,0.21927256670560621,0.234
2004-09-12,0.3379876411698458,0.257
2004-09-13,0.20749630348790551,0.287
2004-09-14,0.156214290740424,0.238
2004-09-15,0.14916183214779805,0.207
2004-09-16,0.2729663744893729,0.214
2004-09-17,0.15727500999246277,0.303
2004-09-18,0.14436511128268578,0.243
2004-09-19,0.14083542723139775,0.223
2004-09-20,0.13818703381327252,0.212
2004-09-21,0.13575654696545092,0.201
2004-09-22,0.13361613880066503,0.204
2004-09-23,0.13148359757238107,0.206
2004-09-24,0.12934996915760832,0.195
2004-09-25,0.12974077406800638,0.216
2004-09-26,0.12616562479391535,0.208
2004-09-27,0.12395888801124853,0.208
2004-09-28,0.12208235799445481,0.203
2004-09-29,0.12039556556199554,0.21
2004-09-30,0.11835713272589403,0.206
2004-10-01,0.16438879240454646,0.225
2004-10-02,0.11988906469640408,0.216
2004-10-03,0.32052903397845245,0.321
2004-10-04,0.33070554579265277,0.44
2004-10-05,0.13323408565708703,0.267
2004-10-06,0.1232198634334485,0.26
2004-10-07,0.11160744125244523,0.254
2004-10-08,0.10828908246883556,0.251
2004-10-09,0.1061782337639156,0.248
2004-10-10,0.10414399179502105,0.245
2004-10-11,0.10273661344354873,0.245
2004-10-12,0.2087927134868671,0.264
2004-10-13,0.1610298990851063,0.355
2004-10-14,0.2816846145647143,0.339
2004-10-15,0.347510445016167,0.798
2004-10-16,0.23660802444653423,0.5
2004-10-17,0.12300986664761678,0.436
2004-10-18,0.10966584878059413,0.411
2004-10-19,0.253324088806344,0.43
2004-10-20,0.3252026238643199,0.718
2004-10-21,0.21107933298331386,0.612
2004-10-22,0.17632950301895253,0.623
2004-10-23,0.35992888378930016,1.38
2004-10-24,0.4487514960431613,1.09
2004-10-25,0.21922734949350423,1.04
2004-10-26,0.15301897778941667,0.982
2004-10-27,0.6410297217996164,1.45
2004-10-28,0.8692866791598396,1.98
2004-10-29,0.9050201313705427,2.61
2004-10-30,0.6874923704591053,1.96
2004-10-31,0.4110482838345577,1.75
2004-11-01,0.34132717235639254,1.55
2004-11-02,0.3850249300979514,1.42
2004-11-03,0.30622622608336153,1.28
2004-11-04,0.24971211497394039,1.15
2004-11-05,0.22096377655096208,1.05
2004-11-06,0.3450089851869197,1.01
2004-11-07,0.23853438314278297,0.962
2004-11-08,0.20819051299731747,0.912
2004-11-09,0.22175815515758857,0.865
2004-11-10,0.19803990564623505,0.828
2004-11-11,0.17383967773387946,0.789
2004-11-12,0.16453709020582433,0.746
2004-11-13,0.15446415254394325,0.704
2004-11-14,0.1494900045105969,0.689
2004-11-15,0.14733060224044667,0.679
2004-11-16,0.1404419233056382,0.66
2004-11-17,0.14848526771054696,0.638
2004-11-18,0.189013458316066,0.644
2004-11-19,0.2091325342998401,0.615
2004-11-20,0.5936462159542512,0.917
2004-11-21,0.37265531594309054,0.897
2004-11-22,0.23987878365441617,0.744
2004-11-23,0.21119895764001584,0.708
2004-11-24,0.19537868997999525,0.683
2004-11-25,0.23388809162063476,0.69
2004-11-26,0.19433271647149905,0.686
2004-11-27,0.40294645825018155,0.688
2004-11-28,0.24690925333168015,0.713
2004-11-29,0.21680994467824277,0.675
2004-11-30,0.20115032039769487,0.665
2004-12-01,0.1893794096522512,0.643
2004-12-02,0.18019927552355414,0.622
2004-12-03,0.17470027700039323,0.61
2004-12-04,0.16752209917165078,0.598
2004-12-05,0.18371913783721655,0.59
2004-12-06,0.16803647248393086,0.578
2004-12-07,0.16306665070493837,0.573
2004-12-08,0.1593203351527895,0.559
2004-12-09,0.15656934849478685,0.556
2004-12-10,0.15439473790254604,0.543
2004-12-11,0.1526591317342812,0.534
2004-12-12,0.15124114379712225,0.526
2004-12-13,0.15008489651257279,0.512
2004-12-14,0.14912144974039318,0.508
2004-12-15,0.17296494494384707,0.506
2004-12-16,0.37329641450654766,0.52
2004-12-17,0.28582568974569744,0.738
2004-12-18,1.6849279272198354,2.64
2004-12-19,1.02437384385658,2.96
2004-12-20,0.8888267321884299,1.53
2004-12-21,0.9119820506161551,1.44
2004-12-22,0.7455712667403676,1.54
2004-12-23,0.5550929894361336,1.47
2004-12-24,0.9312631304940349,1.5
2004-12-25,1.3343981265663964,1.97
2004-12-26,0.7822858424791366,1.71
2004-12-27,1.2138919542606326,1.88
2004-12-28,0.7747833282860451,1.73
2004-12-29,0.644298963060209,1.56
2004-12-30,0.5611897809917786,1.53
2004-12-31,0.49381866408375835,1.47
2005-01-01,0.696932816686114,1.44
2005-01-02,0.5067337281678241,1.33
2005-01-03,0.4455478552408634,1.26
2005-01-04,0.4514312321954211,1.23
2005-01-05,0.49351844014280527,1.2
2005-01-06,0.4117052376977692,1.14
2005-01-07,0.7832346193819394,1.15
2005-01-08,0.5658168947315327,1.15
2005-01-09,0.9825357945676123,1.23
2005-01-10,0.6350850962006733,1.27
2005-01-11,0.8893812894219302,1.29
2005-01-12,0.7665855222412131,1.25
2005-01-13,0.6064345511263038,1.22
2005-01-14,0.6421011359302418,1.23
2005-01-15,0.60351875040735,1.24
2005-01-16,0.5273997739762476,1.2
2005-01-17,1.0106801709058353,1.33
2005-01-18,0.7263536351725093,1.4
2005-01-19,0.6747807360573368,1.28
2005-01-20,0.579757221180383,1.22
2005-01-21,0.8023498655393679,1.24
2005-01-22,1.410892869976274,1.82
2005-01-23,0.9127188921735537,1.63
2005-01-24,0.737223005462772,1.47
2005-01-25,0.6693212923494165,1.43
2005-01-26,0.609022337218588,1.41
2005-01-27,0.5848490772016345,1.38
2005-01-28,0.5477323428090684,1.34
2005-01-29,0.509364627620312,1.27
2005-01-30,0.48846006364467653,1.22
2005-01-31,0.4730706285505259,1.17
2005-02-01,0.4613245348867988,1.12
2005-02-02,0.5188921236042415,1.08
2005-02-03,0.47297886574994025,1.06
2005-02-04,0.4610848109351883,1.03
2005-02-05,0.5818424211198795,1.05
2005-02-06,0.491426899462785,0.976
2005-02-07,0.4731855452958358,0.946
2005-02-08,0.4649326713521852,0.906
2005-02-09,0.5249378377940068,0.885
2005-02-10,0.5513447009511023,0.897
2005-02-11,0.7717358229714087,0.933
2005-02-12,0.6977176103519526,0.961
2005-02-13,0.5898714726799327,0.898
2005-02-14,0.5459130337607974,0.843
2005-02-15,0.5227601327059116,0.809
2005-02-16,0.518663887739696,0.787
2005-02-17,0.5064867885130145,0.805
2005-02-18,0.4886989919947188,0.792
2005-02-19,0.48072324422030155,0.774
2005-02-20,0.46745986908310566,0.762
2005-02-21,0.464460891333373,0.759
2005-02-22,0.45721556092815896,0.742
2005-02-23,0.4531309351531991,0.736
2005-02-24,0.45063206359919716,0.727
2005-02-25,0.44724351129695755,0.711
2005-02-26,0.44425094787113417,0.701
2005-02-27,0.4418822341364482,0.678
2005-02-28,0.4521753640063343,0.686
2005-03-01,0.506838165369532,0.735
2005-03-02,0.47225001099037495,0.681
2005-03-03,0.4463384491560732,0.66
2005-03-04,0.44110931490291133,0.67
2005-03-05,0.4372914384235021,0.638
2005-03-06,0.43306179036296355,0.622
2005-03-07,0.43012139956314194,0.624
2005-03-08,0.42738598011907303,0.613
2005-03-09,0.4247488011463281,0.603
2005-03-10,0.42217116607001814,0.595
2005-03-11,0.4197181493551215,0.589
2005-03-12,0.4170935417842665,0.58
2005-03-13,0.4145432513547637,0.576
2005-03-14,0.41198500116358977,0.57
2005-03-15,0.4096832424363629,0.56
2005-03-16,0.44468671284588723,0.591
2005-03-17,0.40812875817663985,0.546
2005-03-18,0.40235694715490994,0.534
2005-03-19,0.3992619645573477,0.534
2005-03-20,0.39638816583264036,0.529
2005-03-21,0.5570005170355388,0.595
2005-03-22,0.407098837797791,0.602
2005-03-23,0.459802686420594,0.585
2005-03-24,0.3961207857498305,0.575
2005-03-25,0.3852368001477675,0.543
2005-03-26,0.3810936881988781,0.531
2005-03-27,0.3776600065792286,0.519
2005-03-28,0.4241013700456521,0.516
2005-03-29,0.5904547352886794,1.85
2005-03-30,0.5930380347299079,1.13
2005-03-31,0.4891074268660249,0.991
2005-04-01,0.37696257703281616,0.956
2005-04-02,0.3634660150052443,0.908
2005-04-03,0.36666420963995594,0.886
2005-04-04,0.37360780421950107,0.842
2005-04-05,0.7824241518367598,0.812
2005-04-06,0.7918102507004995,0.94
2005-04-07,0.5876351870596065,0.839
2005-04-08,0.5131117139073917,0.745
2005-04-09,0.475261919632976,0.712
2005-04-10,0.4467657325821079,0.696
2005-04-11,0.42378342511149747,0.687
2005-04-12,0.4147052269978641,0.701
2005-04-13,0.4844289648695659,0.756
2005-04-14,0.5023837901248442,0.728
2005-04-15,0.5179812398566017,0.697
2005-04-16,0.43352164432287593,0.648
2005-04-17,0.7150232322573072,0.781
2005-04-18,0.6730295184808431,0.833
2005-04-19,0.5100292065152673,0.752
2005-04-20,0.4623106981011564,0.683
2005-04-21,0.43327390765198104,0.673
2005-04-22,0.7179778187019116,0.766
2005-04-23,0.48594161838298366,0.877
2005-04-24,0.4460086179184765,0.767
2005-04-25,0.41355262180770963,0.748
2005-04-26,0.4743109856144593,0.764
2005-04-27,0.45171595020641014,0.766
2005-04-28,0.4020351799323935,0.741
2005-04-29,0.3820718732105667,0.72
2005-04-30,0.36799758778432623,0.708
2005-05-01,0.35667359344477656,0.702
2005-05-02,0.34781697053936556,0.677
2005-05-03,0.3394531847161001,0.673
2005-05-04,0.33268952619444153,0.64
2005-05-05,0.32698937074143425,0.621
2005-05-06,0.32208447722982836,0.579
2005-05-07,0.31778353536370063,0.558
2005-05-08,0.3139571857205308,0.564
2005-05-09,0.3106864248285416,0.549
2005-05-10,0.30738227826510844,0.529
2005-05-11,0.3043927800777427,0.516
2005-05-12,0.3016151506396029,0.508
2005-05-13,0.2989822914237565,0.501
2005-05-14,0.29643744533582134,0.506
2005-05-15,0.29395525981173143,0.493
2005-05-16,0.29153614829419416,0.479
2005-05-17,0.28914910174122505,0.46
2005-05-18,0.2867904164889247,0.456
2005-05-19,0.2880539859388212,0.469
2005-05-20,0.29069277559405954,0.485
2005-05-21,0.47812122124837525,0.888
2005-05-22,0.5096678188677521,0.684
2005-05-23,0.5173207387683096,0.532
2005-05-24,0.45462361487068637,0.514
2005-05-25,0.2967371263175136,0.488
2005-05-26,0.2788641424945284,0.478
2005-05-27,0.27362158199140457,0.458
2005-05-28,0.2697957726966582,0.462
2005-05-29,0.26635143508181847,0.44
2005-05-30,0.26311504574273165,0.425
2005-05-31,0.2601270201319592,0.431
2005-06-01,0.2576940428746213,0.438
2005-06-02,0.25444099381828145,0.426
2005-06-03,0.28471223229810105,0.431
2005-06-04,0.25368235804550987,0.419
2005-06-05,0.4555738829944048,0.512
2005-06-06,0.2674555296348958,0.491
2005-06-07,0.24758381347722302,0.416
2005-06-08,0.24281119134593196,0.398
2005-06-09,0.23954019586529798,0.39
2005-06-10,0.23654489522329253,0.379
2005-06-11,0.23369018379282225,0.373
2005-06-12,0.23094160726634907,0.367
2005-06-13,0.22827820170669055,0.359
2005-06-14,0.4301207046242177,0.388
2005-06-15,0.24402789255243323,0.524
2005-06-16,0.22491443311684275,0.39
2005-06-17,0.2205141483676614,0.378
2005-06-18,0.21757012558555722,0.354
2005-06-19,0.21485144241176693,0.343
2005-06-20,0.21223255038891695,0.331
2005-06-21,0.20968808245879994,0.329
2005-06-22,0.20720443434313338,0.323
2005-06-23,0.4155665847978318,0.449
2005-06-24,0.4275536684378916,0.897
2005-06-25,0.3480869858735783,0.42
2005-06-26,0.21560703039211684,0.36
2005-06-27,0.20104353469426833,0.337
2005-06-28,0.41034332234929066,0.654
2005-06-29,0.3634242507630072,0.494
2005-06-30,0.21759686354133073,0.474
2005-07-01,0.19978694790878096,0.428
2005-07-02,0.19388791963737706,0.387
2005-07-03,0.19018491253502834,0.365
2005-07-04,0.18648805917616948,0.36
2005-07-05,0.18405942512333412,0.44
2005-07-06,0.18041064677972787,0.402
2005-07-07,0.1776053423990414,0.379
2005-07-08,0.17504621136348894,0.353
2005-07-09,0.17261561790806632,0.348
2005-07-10,0.17028389349719494,0.332
2005-07-11,0.1680332811592956,0.325
2005-07-12,0.16585002621905437,0.308
2005-07-13,0.16372828224603833,0.307
2005-07-14,0.16164483119673798,0.307
2005-07-15,0.15960631088652616,0.296
2005-07-16,0.1576036831307486,0.288
2005-07-17,0.15563229010695304,0.288
2005-07-18,0.15371449270902615,0.291
2005-07-19,0.1688553990870044,0.284
2005-07-20,0.15149535992751262,0.313
2005-07-21,0.14823374038038165,0.285
2005-07-22,0.14624080168877227,0.297
2005-07-23,0.34133977744022304,0.306
2005-07-24,0.3645805881295186,0.562
2005-07-25,0.16325409341397415,0.361
2005-07-26,0.14403103973740583,0.327
2005-07-27,0.2998342968567687,0.408
2005-07-28,0.1551549685206477,0.384
2005-07-29,0.13968856715797093,0.324
2005-07-30,0.1366917461747037,0.332
2005-07-31,0.1613903807477021,0.32
2005-08-01,0.13498466267413395,0.341
2005-08-02,0.13056880028861284,0.293
2005-08-03,0.12813818866716048,0.276
2005-08-04,0.150050445088422,0.29
2005-08-05,0.12706086400477645,0.284
2005-08-06,0.12317912717380175,0.277
2005-08-07,0.1210695784125132,0.265
2005-08-08,0.11919942590259483,0.264
2005-08-09,0.11742033637435559,0.258
2005-08-10,0.11570787133530244,0.256
2005-08-11,0.11405069489734973,0.251
2005-08-12,0.11244045119562572,0.242
2005-08-13,0.15557474623278433,0.286
2005-08-14,0.11323743002607248,0.246
2005-08-15,0.10817191884246477,0.247
2005-08-16,0.10638484472700835,0.248
2005-08-17,0.1049059814798528,0.213
2005-08-18,0.10347442935416927,0.214
2005-08-19,0.10206589356363917,0.205
2005-08-20,0.10067701241809286,0.203
2005-08-21,0.22451604878757525,0.212
2005-08-22,0.10889240036463946,0.295
2005-08-23,0.09814780964011356,0.224
2005-08-24,0.12028020010813832,0.286
2005-08-25,0.09725795153882857,0.243
2005-08-26,0.09360258673682285,0.226
2005-08-27,0.09205918835119739,0.232
2005-08-28,0.09061851458895392,0.223
2005-08-29,0.08928794640597033,0.221
2005-08-30,0.08799441941827973,0.216
2005-08-31,0.08674077459842638,0.221
2005-09-01,0.08548839239359537,0.213
2005-09-02,0.08426819359241904,0.21
2005-09-03,0.08306915925974219,0.206
2005-09-04,0.08188902168104278,0.208
2005-09-05,0.08072652474740569,0.173
2005-09-06,0.0795806987655365,0.166
2005-09-07,0.07845075716411827,0.164
2005-09-08,0.0773360554761049,0.168
2005-09-09,0.13803187482328763,0.192
2005-09-10,0.08054357328128002,0.192
2005-09-11,0.07455019100268805,0.184
2005-09-12,0.0730613181257752,0.173
2005-09-13,0.07197890924437335,0.178
2005-09-14,0.07094379690195522,0.176
2005-09-15,0.08423816617305216,0.179
2005-09-16,0.07016671718976748,0.178
2005-09-17,0.06803342557471885,0.183
2005-09-18,0.06695268510305394,0.19
2005-09-19,0.06597492342106095,0.181
2005-09-20,0.06501719572605745,0.181
2005-09-21,0.0640721553765014,0.172
2005-09-22,0.06313905460540055,0.177
2005-09-23,0.06221772481917483,0.176
2005-09-24,0.06130805067654676,0.17
2005-09-25,0.060409923559185535,0.168
2005-09-26,0.10208628380005358,0.176
2005-09-27,0.062362558258914326,0.182
2005-09-28,0.15963041497278393,0.219
2005-09-29,0.08768414421183392,0.197
2005-09-30,0.07637083894972715,0.214
2005-10-01,0.06905012009133157,0.203
2005-10-02,0.056327334345493626,0.175
2005-10-03,0.05434764496581048,0.176
2005-10-04,0.053345707038173276,0.176
2005-10-05,0.05246027030804746,0.183
2005-10-06,0.05161757663642154,0.187
2005-10-07,0.050788411304562554,0.184
2005-10-08,0.05865953838557607,0.186
2005-10-09,0.05001725207608574,0.178
2005-10-10,0.0485612797962771,0.173
2005-10-11,0.1699146547421372,0.201
2005-10-12,0.2666927314676691,0.492
2005-10-13,0.20943721861109216,0.277
2005-10-14,0.06369470853473022,0.231
2005-10-15,0.04960475290113423,0.209
2005-10-16,0.15747961547234962,0.223
2005-10-17,0.07249960142563773,0.229
2005-10-18,0.2740218111416842,0.558
2005-10-19,0.2915370856743388,0.627
2005-10-20,0.29403679938340216,0.481
2005-10-21,0.2131988263704637,0.473
2005-10-22,0.07519403032026742,0.35
2005-10-23,0.2604976102802978,0.399
2005-10-24,0.3312611720466621,0.848
2005-10-25,0.20964760981250635,0.741
2005-10-26,0.08613538921458223,0.577
2005-10-27,0.08064633194158546,0.538
2005-10-28,0.0887433664602404,0.519
2005-10-29,0.3380760179245847,0.543
2005-10-30,0.21529323754064783,0.883
2005-10-31,0.293542462596095,0.709
2005-11-01,0.5631907523786602,1.0
2005-11-02,0.7263041538781698,1.44
2005-11-03,0.4770140171447065,1.51
2005-11-04,0.5840135477285326,1.35
2005-11-05,1.129090261250872,1.53
2005-11-06,1.009142285684707,4.15
2005-11-07,0.7005511449584867,2.3
2005-11-08,1.1992153179707943,2.3
2005-11-09,0.7211769921834003,2.21
2005-11-10,0.5256629851339214,1.79
2005-11-11,0.5647949287371783,1.7
2005-11-12,0.43086906039042855,1.56
2005-11-13,0.35484088489556204,1.4
2005-11-14,0.31477783744619536,1.31
2005-11-15,0.2709680115538964,1.23
2005-11-16,0.2417216841128742,1.13
2005-11-17,0.21955843303296685,1.05
2005-11-18,0.2025126359251877,0.989
2005-11-19,0.1894878688358823,0.933
2005-11-20,0.1796322155985298,0.892
2005-11-21,0.1723610745768741,0.85
2005-11-22,0.16732461910912477,0.817
2005-11-23,0.16377229103456215,0.787
2005-11-24,0.4749034399495037,0.795
2005-11-25,0.24902557962364366,0.898
2005-11-26,0.21766471174235014,0.857
2005-11-27,0.20410866690293805,0.806
2005-11-28,0.2187583504951786,0.772
2005-11-29,0.20306180885290065,0.726
2005-11-30,0.43411992864249727,0.745
2005-12-01,1.3917264574452626,2.55
2005-12-02,1.7624924931579935,4.74
2005-12-03,1.529855705086973,3.1
2005-12-04,1.2308070836141858,2.67
2005-12-05,1.0547211699050478,2.34
2005-12-06,0.7322506247940364,2.1
2005-12-07,1.722325806866284,3.22
2005-12-08,1.1339823985700892,2.34
2005-12-09,0.8240307852580929,2.03
2005-12-10,0.7025505526428648,1.92
2005-12-11,0.634767777687791,1.81
2005-12-12,0.553423209246974,1.69
2005-12-13,0.5014500205381978,1.59
2005-12-14,0.4605950683622877,1.5
2005-12-15,0.42994586777955923,1.41
2005-12-16,0.41167763582407885,1.34
2005-12-17,0.3882816197316247,1.25
2005-12-18,0.5386937558388101,1.22
2005-12-19,0.42716757969790875,1.14
2005-12-20,0.41196868311096085,1.09
2005-12-21,0.387306453503588,1.04
2005-12-22,0.3764146523041245,1.0
2005-12-23,0.3690732349960028,0.967
2005-12-24,0.36473928706496456,0.934
2005-12-25,0.36026722878078055,0.898
2005-12-26,0.3577730264680671,0.877
2005-12-27,0.3561544696658674,0.847
2005-12-28,0.3552872583041481,0.82
2005-12-29,0.7996956799909941,0.849
2005-12-30,1.1117592986331526,1.12
2005-12-31,1.032500209438479,1.34
2006-01-01,0.7260426662443364,1.07
2006-01-02,0.6419680954198885,0.961
2006-01-03,0.6184478814053657,0.941
2006-01-04,0.5608563825307467,0.93
2006-01-05,0.5254789081194293,0.932
2006-01-06,0.4985302468821698,0.908
2006-01-07,0.4774325612594467,0.893
2006-01-08,0.6262804982554325,0.913
2006-01-09,0.5126378459577231,0.889
2006-01-10,0.7523438321467381,0.914
2006-01-11,0.562481215984532,0.944
2006-01-12,0.5245773852994808,0.881
2006-01-13,0.7380586283531472,0.885
2006-01-14,0.5682733544267068,0.892
2006-01-15,0.7959140569921666,0.915
2006-01-16,0.6794359875144527,0.964
2006-01-17,0.5881418023993013,0.908
2006-01-18,0.5505082886719462,0.874
2006-01-19,0.622209150182758,0.868
2006-01-20,0.5418899105259056,0.871
2006-01-21,0.5147036076232595,0.845
2006-01-22,0.4967068624620663,0.835
2006-01-23,0.48268518895093976,0.831
2006-01-24,0.4715491634396346,0.823
2006-01-25,0.4626785431940334,0.816
2006-01-26,0.45554633350243473,0.794
2006-01-27,0.48750134318598837,0.787
2006-01-28,0.45925733129334384,0.765
2006-01-29,0.4512726967102905,0.749
2006-01-30,0.44597060938143385,0.736
2006-01-31,0.44173675769536414,0.73
2006-02-01,0.4386808663132254,0.715
2006-02-02,0.4351613431362922,0.701
2006-02-03,0.4324327183299327,0.693
2006-02-04,0.4300144652958862,0.668
2006-02-05,0.42779552300878354,0.654
2006-02-06,0.4257110994575812,0.647
2006-02-07,0.47401413842989837,0.657
2006-02-08,0.43099559481467337,0.652
2006-02-09,0.4245460388645111,0.624
2006-02-10,0.4214915503723989,0.609
2006-02-11,0.5603320483475402,0.611
2006-02-12,0.43856641133352525,0.635
2006-02-13,0.4575364078712222,0.604
2006-02-14,0.9565390861378488,1.14
2006-02-15,1.0619138094814633,1.26
2006-02-16,1.1348814622454244,1.21
2006-02-17,0.8534092440567914,1.11
2006-02-18,0.7157247731167671,0.973
2006-02-19,1.6005406668830309,2.21
2006-02-20,1.0711327706433948,1.46
2006-02-21,0.9556126490911734,1.35
2006-02-22,0.8149494115182929,1.37
2006-02-23,1.1746100708639087,1.66
2006-02-24,0.8344993476648876,1.51
2006-02-25,0.7387610784150439,1.36
2006-02-26,0.6780482191374124,1.29
2006-02-27,0.6408149079077466,1.27
2006-02-28,0.6112647670378473,1.23
2006-03-01,0.5700290094048789,1.19
2006-03-02,0.5417516462860525,1.16
2006-03-03,0.521862920770607,1.11
2006-03-04,0.506841168094103,1.07
2006-03-05,0.4946753614921725,1.02
2006-03-06,0.6509386853922441,0.981
2006-03-07,0.8940118206149777,1.17
2006-03-08,0.9002200716774452,1.25
2006-03-09,0.797748626475648,1.12
2006-03-10,0.6891389977644264,1.01
2006-03-11,0.7994594178110542,0.981
2006-03-12,0.6721762704683597,1.03
2006-03-13,0.6180010791342233,0.981
2006-03-14,0.6425077978281664,0.985
2006-03-15,0.5825152356486515,0.963
2006-03-16,0.5562093224937166,0.937
2006-03-17,0.5366128324715209,0.919
2006-03-18,0.5211315715744583,0.906
2006-03-19,0.5086500830581808,0.889
2006-03-20,0.5001890339292958,0.873
2006-03-21,0.4903315455853576,0.847
2006-03-22,0.48331764238448877,0.827
2006-03-23,0.5730175786863849,0.854
2006-03-24,0.5647816853339477,0.908
2006-03-25,0.5765291048074996,0.878
2006-03-26,0.8247122672469788,0.946
2006-03-27,0.8400693058045589,1.23
2006-03-28,0.6604934373820205,1.01
2006-03-29,0.9374690529526661,1.11
2006-03-30,1.1727864855071846,1.49
2006-03-31,0.9417938360428421,1.45
2006-04-01,0.8914022661963528,1.44
2006-04-02,0.7557521361406302,1.4
2006-04-03,0.6933145784971051,1.34
2006-04-04,0.6478286387496782,1.32
2006-04-05,0.6117891802209771,1.27
2006-04-06,0.5832952584253965,1.23
2006-04-07,0.5808131361958812,1.2
2006-04-08,0.5500571346573787,1.15
2006-04-09,0.5323499976927456,1.09
2006-04-10,0.5181546193145742,1.04
2006-04-11,0.507660281363721,1.03
2006-04-12,0.4982919593547644,0.978
2006-04-13,0.49092307039072425,0.957
2006-04-14,0.48463023966057545,0.933
2006-04-15,0.4791952789720833,0.911
2006-04-16,0.4745604005193554,0.873
2006-04-17,0.4704861476493874,0.828
2006-04-18,0.46685203660304303,0.817
2006-04-19,0.4635615686341766,0.807
2006-04-20,0.46053223186189657,0.799
2006-04-21,0.4574523295866683,0.728
2006-04-22,0.45484892596272697,0.704
2006-04-23,0.4519600994001925,0.702
2006-04-24,0.44916637328985104,0.679
2006-04-25,0.44647248280121815,0.658
2006-04-26,0.44378791202562295,0.628
2006-04-27,0.4410949087168758,0.616
2006-04-28,0.43837760068905524,0.602
2006-04-29,0.4356318347219035,0.593
2006-04-30,0.46406994714537136,0.608
2006-05-01,0.43275636420745456,0.591
2006-05-02,0.42743041808109866,0.58
2006-05-03,0.4242934434209119,0.559
2006-05-04,0.42132806914753673,0.548
2006-05-05,0.4183401368037031,0.522
2006-05-06,0.41531282762208177,0.521
2006-05-07,0.6092063052106952,0.594
2006-05-08,0.4946334767299533,0.644
2006-05-09,0.41471549683954273,0.544
2006-05-10,0.4046621210454245,0.521
2006-05-11,0.40096207875063133,0.51
2006-05-12,0.39721892504708134,0.495
2006-05-13,0.3937422004085436,0.488
2006-05-14,0.3907621899839804,0.479
2006-05-15,0.38697587354583574,0.481
2006-05-16,0.3835275689184837,0.465
2006-05-17,0.47724105656271165,0.54
2006-05-18,0.4765293084691043,0.514
2006-05-19,0.5764942230087691,0.695
2006-05-20,0.4028167001740431,0.576
2006-05-21,0.5850198742492789,0.776
2006-05-22,0.5286725925538818,0.871
2006-05-23,0.4067712652302329,0.648
2006-05-24,0.5571567618379095,0.833
2006-05-25,0.38794166364647675,0.77
2006-05-26,0.3668409784305493,0.709
2006-05-27,0.3588808178888409,0.706
2006-05-28,0.35288243886473697,0.69
2006-05-29,0.34767222068731696,0.672
2006-05-30,0.3428290256563829,0.638
2006-05-31,0.33830088720628726,0.62
2006-06-01,0.33401400951158705,0.589
2006-06-02,0.3299197138427475,0.571
2006-06-03,0.3259809050871422,0.553
2006-06-04,0.3221678802861243,0.539
2006-06-05,0.3184570920632574,0.527
2006-06-06,0.3148299945749821,0.517
2006-06-07,0.3112718903943869,0.51
2006-06-08,0.3077712123232087,0.489
2006-06-09,0.30431888069855906,0.46
2006-06-10,0.30090806702360057,0.454
2006-06-11,0.30694523160029735,0.47
2006-06-12,0.29541798443491,0.473
2006-06-13,0.3074329946774797,0.485
2006-06-14,0.28955018430216156,0.455
2006-06-15,0.2849138690706024,0.428
2006-06-16,0.2814735854008171,0.416
2006-06-17,0.27817326829283284,0.404
2006-06-18,0.2749169866433791,0.409
2006-06-19,0.2716934015277398,0.408
2006-06-20,0.26849924439092937,0.39
2006-06-21,0.2653324928050245,0.381
2006-06-22,0.262191661921913,0.368
2006-06-23,0.2590756522034286,0.364
2006-06-24,0.2559836639225967,0.354
2006-06-25,0.4498756031960292,0.555
2006-06-26,0.4659771678382965,0.697
2006-06-27,0.4284583357645274,0.454
2006-06-28,0.2596918114628126,0.408
2006-06-29,0.24225493374548285,0.376
2006-06-30,0.23803591839119526,0.357
2006-07-01,0.2350502465056883,0.34
2006-07-02,0.23319093676532546,0.361
2006-07-03,0.22928668724219498,0.331
2006-07-04,0.2263397854601043,0.321
2006-07-05,0.4380702427976022,0.423
2006-07-06,0.29848435636381093,0.523
2006-07-07,0.23086584884246728,0.384
2006-07-08,0.22209039661026947,0.352
2006-07-09,0.21689488447531385,0.352
2006-07-10,0.2131886639125592,0.35
2006-07-11,0.2098255788621086,0.322
2006-07-12,0.20673446023809616,0.317
2006-07-13,0.20366399105129357,0.312
2006-07-14,0.2007500939442043,0.298
2006-07-15,0.19792791358245246,0.299
2006-07-16,0.19518057029893898,0.292
2006-07-17,0.19249744342086825,0.272
2006-07-18,0.18987033867757203,0.26
2006-07-19,0.1872927566730924,0.258
2006-07-20,0.18475941801016196,0.263
2006-07-21,0.1822662211115486,0.259
2006-07-22,0.18072612118934883,0.261
2006-07-23,0.17746885733797388,0.265
2006-07-24,0.17500444781956664,0.254
2006-07-25,0.17263821640065768,0.233
2006-07-26,0.17030623405129316,0.231
2006-07-27,0.1680028181562974,0.225
2006-07-28,0.1657263594946937,0.229
2006-07-29,0.19087605326032345,0.264
2006-07-30,0.16481425466621571,0.261
2006-07-31,0.2346587519387953,0.278
2006-08-01,0.16480759189333402,0.255
2006-08-02,0.15650207180989983,0.229
2006-08-03,0.15363807734260268,0.217
2006-08-04,0.1516709330880511,0.219
2006-08-05,0.14913178348006093,0.236
2006-08-06,0.1470788310144849,0.218
2006-08-07,0.14483285389471012,0.234
2006-08-08,0.14273299965152472,0.22
2006-08-09,0.14069097259424185,0.207
2006-08-10,0.13868580509317815,0.212
2006-08-11,0.13671280704054226,0.225
2006-08-12,0.1347697091486031,0.214
2006-08-13,0.1328548026848114,0.212
2006-08-14,0.13096670665872745,0.205
2006-08-15,0.12910429111415975,0.214
2006-08-16,0.12726662535269553,0.215
2006-08-17,0.3224134084950229,0.274
2006-08-18,0.26818554724427335,0.39
2006-08-19,0.1372231680410168,0.246
2006-08-20,0.12322161893575265,0.228
2006-08-21,0.12002750160484289,0.216
2006-08-22,0.15116138603766102,0.228
2006-08-23,0.24590821719222955,0.331
2006-08-24,0.12814828159872838,0.242
2006-08-25,0.1157954094573108,0.232
2006-08-26,0.11279460971751777,0.226
2006-08-27,0.11092133474808227,0.219
2006-08-28,0.10927733915308632,0.218
2006-08-29,0.10692953747678441,0.222
2006-08-30,0.10521114344932656,0.221
2006-08-31,0.10351537841797827,0.224
2006-09-01,0.10191414644535812,0.216
2006-09-02,0.12985253055964585,0.242
2006-09-03,0.10189344564913776,0.234
2006-09-04,0.0979619137740257,0.226
2006-09-05,0.09618996287033968,0.223
2006-09-06,0.09465587688187406,0.216
2006-09-07,0.09318143886436535,0.192
2006-09-08,0.09174700401372267,0.187
2006-09-09,0.090346668765572,0.18
2006-09-10,0.08897673054448633,0.178
2006-09-11,0.08763432857615039,0.182
2006-09-12,0.08631712888116429,0.183
2006-09-13,0.08502324142883276,0.18
2006-09-14,0.08375112596891861,0.188
2006-09-15,0.08249952150625109,0.168
2006-09-16,0.08126739031441296,0.168
2006-09-17,0.08005387319850554,0.176
2006-09-18,0.0788582537233157,0.17
2006-09-19,0.07767992961034148,0.161
2006-09-20,0.07651838986910874,0.163
2006-09-21,0.07537319651537261,0.155
2006-09-22,0.07424396995831341,0.158
2006-09-23,0.2700908484347793,0.199
2006-09-24,0.08928360247117785,0.239
2006-09-25,0.07248320982360068,0.179
2006-09-26,0.07001427669021885,0.171
2006-09-27,0.12641916785617494,0.203
2006-09-28,0.07420821774838934,0.192
2006-09-29,0.0856367667140454,0.196
2006-09-30,0.2721142205836407,0.227
2006-10-01,0.2722679409364343,0.32
2006-10-02,0.08772851447518631,0.212
2006-10-03,0.07006902498460126,0.19
2006-10-04,0.06666624092162565,0.189
2006-10-05,0.1956000082301803,0.196
2006-10-06,0.11671669409726743,0.291
2006-10-07,0.07030044260801552,0.213
2006-10-08,0.0648845575232949,0.207
2006-10-09,0.06258220673713019,0.211
2006-10-10,0.19817108341593995,0.252
2006-10-11,0.07347005369123832,0.298
2006-10-12,0.06080319020903919,0.222
2006-10-13,0.05823725085981914,0.217
2006-10-14,0.05671179419682103,0.213
2006-10-15,0.0554108596309359,0.205
2006-10-16,0.0898913393895251,0.228
2006-10-17,0.2326845454340864,0.357
2006-10-18,0.342610538611053,0.573
2006-10-19,0.3312050335005331,0.962
2006-10-20,0.3146283997778636,0.51
2006-10-21,0.3096716274240272,0.439
2006-10-22,0.32925892577506916,0.526
2006-10-23,0.390093499205363,0.685
2006-10-24,0.2271524780676718,0.621
2006-10-25,0.2997396605634471,0.643
2006-10-26,0.15462708202749756,0.547
2006-10-27,0.12603727117943525,0.527
2006-10-28,0.17058995213564196,0.525
2006-10-29,0.11801472625275194,0.512
2006-10-30,0.10235417196587586,0.49
2006-10-31,0.09224784005807923,0.451
2006-11-01,0.08416894972161404,0.423
2006-11-02,0.07795177562078157,0.411
2006-11-03,0.07302844259081033,0.397
2006-11-04,0.0690965412229076,0.39
2006-11-05,0.06595396786380146,0.388
2006-11-06,0.06344331975485437,0.38
2006-11-07,0.06146070865634333,0.371
2006-11-08,0.11072990040124837,0.374
2006-11-09,0.06399638200448832,0.357
2006-11-10,0.16376748765811222,0.38
2006-11-11,0.0691330209900652,0.378
2006-11-12,0.06026457271095456,0.446
2006-11-13,0.058499103796671545,0.351
2006-11-14,0.08003028791134538,0.34
2006-11-15,0.09073543174363702,0.342
2006-11-16,0.27819990520585886,0.36
2006-11-17,0.3924821553747326,0.555
2006-11-18,0.18644294974125764,0.481
2006-11-19,0.5535153954364879,0.577
2006-11-20,0.44146527849497125,0.794
2006-11-21,0.4244796794183639,0.959
2006-11-22,0.6482718341368386,0.965
2006-11-23,0.7164602701603799,1.09
2006-11-24,1.355753197308369,1.98
2006-11-25,1.0801536183835982,2.54
2006-11-26,1.1636074097411533,2.11
2006-11-27,1.774604502797747,4.09
2006-11-28,1.204548219251865,3.45
2006-11-29,0.8639419222828132,2.74
2006-11-30,0.9476420143822007,2.46
2006-12-01,0.6723225611509582,2.21
2006-12-02,1.4543297211114863,2.15
2006-12-03,1.3265006775589558,2.81
2006-12-04,1.4077530300426604,2.74
2006-12-05,0.9155056123111448,2.57
2006-12-06,1.4939266455480964,2.7
2006-12-07,1.4718318512116833,3.89
2006-12-08,0.96384938804064,2.94
2006-12-09,0.7983577693287228,2.6
2006-12-10,1.3036229738363723,2.49
2006-12-11,0.9756901855515535,2.64
2006-12-12,0.8892919588257857,2.26
2006-12-13,0.7166259845617281,2.08
2006-12-14,0.6312225151340598,1.94
2006-12-15,0.7642013524807308,1.85
2006-12-16,0.8141836546578959,1.78
2006-12-17,0.929298288112604,1.74
2006-12-18,0.6824541052200386,1.7
2006-12-19,0.6005519682807778,1.54
2006-12-20,0.5545472020699035,1.43
2006-12-21,0.5193472550044387,1.35
2006-12-22,0.492867462974882,1.27
2006-12-23,0.4728872995109431,1.2
2006-12-24,0.45859365483720627,1.18
2006-12-25,0.45618584210717217,1.14
2006-12-26,0.4410787689708335,1.09
2006-12-27,0.4465395498096672,1.06
2006-12-28,0.5631005443029712,1.03
2006-12-29,1.3575733320097985,1.89
2006-12-30,1.5479798706071481,2.33
2006-12-31,1.9238433634625627,2.47
2007-01-01,1.6442472615612558,2.71
2007-01-02,1.2855666018171628,2.3
2007-01-03,1.336740449014987,2.4
2007-01-04,1.0936618546461443,2.22
2007-01-05,1.1416964556122708,2.06
2007-01-06,1.7608749800782844,2.95
2007-01-07,1.6254758046496591,2.7
2007-01-08,1.3315942278372332,2.66
2007-01-09,2.0937606881848705,3.85
2007-01-10,1.6888751570071936,3.54
2007-01-11,1.3552594076677322,3.39
2007-01-12,1.1657208040459626,3.07
2007-01-13,1.1567644225545164,2.85
2007-01-14,1.006946331393487,2.57
2007-01-15,1.177329451408146,2.44
2007-01-16,1.2410357648882882,2.33
2007-01-17,2.028104127370333,2.93
2007-01-18,1.6426633954727197,4.07
2007-01-19,1.5542103322704446,2.97
2007-01-20,1.6516132073555174,3.15
2007-01-21,1.615244908907019,3.19
2007-01-22,1.2799618805868103,2.9
2007-01-23,1.2098201453608635,2.66
2007-01-24,1.0965638773561468,2.49
2007-01-25,1.0259164763388873,2.29
2007-01-26,0.9725496330565493,2.14
2007-01-27,0.9308285105810185,1.98
2007-01-28,0.8987158156037612,1.86
2007-01-29,0.8740225988679864,1.75
2007-01-30,0.8551584288923358,1.63
2007-01-31,0.8408641343908465,1.53
2007-02-01,0.8303696543505661,1.46
2007-02-02,0.8221502306374825,1.38
2007-02-03,0.8162711675781471,1.3
2007-02-04,0.8120297649028095,1.27
2007-02-05,0.8089385018306858,1.22
2007-02-06,0.8067876563351164,1.19
2007-02-07,1.0644903173700093,1.18
2007-02-08,1.1248406452697608,1.21
2007-02-09,1.8086816098873226,2.64
2007-02-10,1.8461406685287474,2.11
2007-02-11,1.8819441204184593,2.27
2007-02-12,1.531197107111486,2.23
2007-02-13,1.9511795385116228,2.67
2007-02-14,1.449639579927204,2.31
2007-02-15,1.5674034655968527,2.2
2007-02-16,1.6931875386322925,2.81
2007-02-17,1.4064724611728476,2.3
2007-02-18,1.2751112451741495,2.16
2007-02-19,1.3400097642938777,2.13
2007-02-20,1.199003111205982,2.02
2007-02-21,1.4618358713160078,1.93
2007-02-22,1.908334628487785,2.73
2007-02-23,2.013319208184116,3.06
2007-02-24,1.8786165588599202,2.95
2007-02-25,1.5009610986368649,2.68
2007-02-26,1.5173640512626683,2.55
2007-02-27,1.821260604125176,2.77
2007-02-28,1.6482500921047158,2.81
2007-03-01,1.400915308764323,2.44
2007-03-02,1.7225742229472774,2.5
2007-03-03,1.601544331183091,2.33
2007-03-04,2.4176691525349754,4.7
2007-03-05,2.8942288426544374,5.65
2007-03-06,2.4873009916454305,5.14
2007-03-07,2.1369679308675327,4.38
2007-03-08,1.900717373139715,3.84
2007-03-09,1.6398161937116897,3.5
2007-03-10,1.5108922755359897,3.11
2007-03-11,1.4157925153791293,2.83
2007-03-12,1.3413361428676054,2.56
2007-03-13,1.282575860347212,2.33
2007-03-14,1.2362048232584943,2.15
2007-03-15,1.2027081608557906,2.01
2007-03-16,1.170852275927899,1.87
2007-03-17,1.1523417839400003,1.78
2007-03-18,1.2381051815501005,1.72
2007-03-19,1.1568153500979848,1.61
2007-03-20,1.1319158678278072,1.47
2007-03-21,1.2722842905325262,1.42
2007-03-22,1.1493186231786727,1.43
2007-03-23,1.123275257048194,1.31
2007-03-24,1.109406214306907,1.24
2007-03-25,1.0986573844007048,1.2
2007-03-26,1.0896489357628907,1.14
2007-03-27,1.0820046838478365,1.1
2007-03-28,1.0754331692750774,1.07
2007-03-29,1.0701528610584392,1.03
2007-03-30,1.0644516069153485,1.02
2007-03-31,1.0590837351741726,0.966
2007-04-01,1.0542666071818705,0.944
2007-04-02,1.0496171533573442,0.919
2007-04-03,1.0450298574527026,0.88
2007-04-04,1.0404426095578971,0.861
2007-04-05,1.0358097815606757,0.834
2007-04-06,1.0310971936731788,0.818
2007-04-07,1.026279693804689,0.798
2007-04-08,1.0213392480978258,0.786
2007-04-09,1.016263206097811,0.77
2007-04-10,1.0110436165371255,0.747
2007-04-11,1.005675836560879,0.744
2007-04-12,1.0001579740221946,0.72
2007-04-13,0.994493786088364,0.714
2007-04-14,0.9886748510863326,0.691
2007-04-15,0.9827139797008447,0.68
2007-04-16,0.9766125514050824,0.661
2007-04-17,0.9703751032272341,0.637
2007-04-18,0.9640069005590909,0.637
2007-04-19,0.9575135897103468,0.63
2007-04-20,0.9509010604250964,0.623
2007-04-21,0.9441753493797783,0.615
2007-04-22,0.937342565357466,0.61
2007-04-23,0.958622431166814,0.628
2007-04-24,0.9258821901062819,0.632
2007-04-25,0.916481037793331,0.592
2007-04-26,0.9090815013734906,0.573
2007-04-27,0.9017866950399773,0.567
2007-04-28,0.8944363405476036,0.551
2007-04-29,0.8870215061113023,0.548
2007-04-30,0.8795463246703144,0.533
2007-05-01,0.8720159279288148,0.515
2007-05-02,0.8644353911879491,0.506
2007-05-03,0.8568096400508739,0.5
2007-05-04,0.8491434421551796,0.495
2007-05-05,0.8414414071991496,0.487
2007-05-06,0.8337079883706905,0.485
2007-05-07,0.8259474844201292,0.484
2007-05-08,0.8221838774380926,0.498
2007-05-09,0.9174006654862796,0.57
2007-05-10,1.0088470854262073,0.707
2007-05-11,1.0212578759860362,0.769
2007-05-12,0.8716024542180271,0.589
2007-05-13,1.0101192540415846,1.41
2007-05-14,1.0017466834424555,0.752
2007-05-15,0.8836848319495524,0.73
2007-05-16,0.7896988734936954,0.675
2007-05-17,0.7630513369755135,0.632
2007-05-18,0.7515519712173605,0.606
2007-05-19,0.7416074351228491,0.579
2007-05-20,0.7321181657129555,0.567
2007-05-21,0.7231089317223877,0.556
2007-05-22,0.7143962420946719,0.54
2007-05-23,0.7059185920753057,0.539
2007-05-24,0.6976341981477013,0.532
2007-05-25,0.6895180069204535,0.52
2007-05-26,0.7018815465359636,0.514
2007-05-27,0.8799394455765441,0.742
2007-05-28,0.8475398110204496,0.641
2007-05-29,0.6821912950372759,0.545
2007-05-30,0.6597529391982256,0.541
2007-05-31,0.6495826627711832,0.547
2007-06-01,0.6398084794881054,0.504
2007-06-02,0.6315707623532277,0.487
2007-06-03,0.6236946677382962,0.493
2007-06-04,0.6158943561822583,0.477
2007-06-05,0.6082951046352226,0.434
2007-06-06,0.6008283919574189,0.429
2007-06-07,0.5934743109514696,0.438
2007-06-08,0.5862192363163592,0.43
2007-06-09,0.5790597238800266,0.424
2007-06-10,0.5719734366539966,0.413
2007-06-11,0.5650111585034187,0.418
2007-06-12,0.5580243797678338,0.41
2007-06-13,0.5514672044973262,0.42
2007-06-14,0.5697369048007916,0.432
2007-06-15,0.5999921051171622,0.456
2007-06-16,0.541979591601352,0.463
2007-06-17,0.5276296162008874,0.414
2007-06-18,0.5192846634565952,0.4
2007-06-19,0.5384595654100985,0.405
2007-06-20,0.5576425504977015,0.394
2007-06-21,0.5863920990332376,0.484
2007-06-22,0.5062217609748909,0.401
2007-06-23,0.5248263769597775,0.451
2007-06-24,0.6922990126628605,1.03
2007-06-25,0.7360346765461316,2.63
2007-06-26,0.7087910860637981,0.968
2007-06-27,0.5556076698220447,0.795
2007-06-28,0.5715339483286692,0.731
2007-06-29,0.48037593622045666,0.704
2007-06-30,0.586067011967758,0.711
2007-07-01,0.5893203189382848,0.801
2007-07-02,0.4713344223957321,0.698
2007-07-03,0.48599785519793326,0.66
2007-07-04,0.4455559329106737,0.63
2007-07-05,0.4523028130274961,0.663
2007-07-06,0.42751103619907116,0.606
2007-07-07,0.4181485732490557,0.586
2007-07-08,0.5356895630087714,0.636
2007-07-09,0.5530407931239236,0.632
2007-07-10,0.4147419597761611,0.624
2007-07-11,0.3972178254529063,0.569
2007-07-12,0.3886905952071054,0.563
2007-07-13,0.4408859147781672,0.592
2007-07-14,0.5618556274607591,0.558
2007-07-15,0.5387604578541585,0.925
2007-07-16,0.6524101609628883,0.696
2007-07-17,0.6187572243928476,0.9
2007-07-18,0.4678446578408318,0.697
2007-07-19,0.7418673690185731,0.873
2007-07-20,0.9823853090687384,1.61
2007-07-21,1.4216211148994333,2.02
2007-07-22,1.1348779080025273,1.61
2007-07-23,1.6480661376405337,3.08
2007-07-24,1.0524194711902446,2.1
2007-07-25,0.9999985808254781,1.87
2007-07-26,1.590491152046227,3.14
2007-07-27,1.051073471880406,2.04
2007-07-28,1.6047268278917999,2.11
2007-07-29,1.0400729027672937,2.05
2007-07-30,0.8815518283392944,1.75
2007-07-31,0.7807939694407181,1.65
2007-08-01,0.8630712078920972,1.54
2007-08-02,0.7739587881788995,1.86
2007-08-03,0.6618979325588897,1.41
2007-08-04,0.6063884051354343,1.31
2007-08-05,0.5660910509497544,1.23
2007-08-06,0.5437462254577456,1.15
2007-08-07,0.5093978696339614,1.1
2007-08-08,0.4879992227767124,1.01
2007-08-09,0.47171959141834,0.968
2007-08-10,0.45887334791316586,0.935
2007-08-11,0.44870744100741056,0.903
2007-08-12,0.44059473538834787,0.878
2007-08-13,0.5447596662298854,0.875
2007-08-14,0.468221313494913,0.951
2007-08-15,0.5009442473728394,0.959
2007-08-16,0.4307966690371269,0.829
2007-08-17,0.4212475034532914,0.787
2007-08-18,0.5220771656646858,0.913
2007-08-19,0.42591765144918403,0.832
2007-08-20,0.5786570638849137,1.19
2007-08-21,0.42883883846237303,0.851
2007-08-22,0.41352867898839735,0.769
2007-08-23,0.4101675112068239,0.728
2007-08-24,0.40799837155298124,0.715
2007-08-25,0.4060312513689373,0.7
2007-08-26,0.4041421872230242,0.687
2007-08-27,0.402291078674809,0.671
2007-08-28,0.40045174586396065,0.663
2007-08-29,0.39860452992980583,0.645
2007-08-30,0.39673463846107815,0.629
2007-08-31,0.39483092768319483,0.626
2007-09-01,0.3928853059620255,0.618
2007-09-02,0.3908969196883767,0.598
2007-09-03,0.388847999057554,0.571
2007-09-04,0.38674930480462316,0.568
2007-09-05,0.3845960350440485,0.558
2007-09-06,0.38238756044935845,0.553
2007-09-07,0.380124261268517,0.534
2007-09-08,0.37780707533898833,0.528
2007-09-09,0.37543735679285095,0.517
2007-09-10,0.37301676884694884,0.5
2007-09-11,0.3705472022266752,0.492
2007-09-12,0.36803071076653854,0.504
2007-09-13,0.36546946044890766,0.483
2007-09-14,0.3628656891543878,0.475
2007-09-15,0.3602216749659612,0.462
2007-09-16,0.35753971130292533,0.462
2007-09-17,0.35482208750595884,0.444
2007-09-18,0.35207107377069913,0.42
2007-09-19,0.34928890954804903,0.425
2007-09-20,0.34647779470607987,0.415
2007-09-21,0.34363988288971864,0.414
2007-09-22,0.3407772766274502,0.413
2007-09-23,0.5348524949353313,0.556
2007-09-24,0.5177757423035128,0.615
2007-09-25,0.3627415104863724,0.506
2007-09-26,0.33410530168796987,0.441
2007-09-27,0.3281471840111658,0.419
2007-09-28,0.4584144284974282,0.484
2007-09-29,0.35972032385415953,0.479
2007-09-30,0.5284305749186545,0.482
2007-10-01,0.38869658522075706,0.698
2007-10-02,0.32408838588285643,0.522
2007-10-03,0.314094488971272,0.472
2007-10-04,0.309597560890683,0.436
2007-10-05,0.30579978411256553,0.423
2007-10-06,0.3021992755024819,0.418
2007-10-07,0.2987264240982558,0.407
2007-10-08,0.2955836611777582,0.398
2007-10-09,0.2923361348238747,0.397
2007-10-10,0.288872162187842,0.388
2007-10-11,0.2856657694115951,0.387
2007-10-12,0.2827601144146141,0.388
2007-10-13,0.2794732148978753,0.391
2007-10-14,0.27639024347872015,0.384
2007-10-15,0.2757484357542367,0.379
2007-10-16,0.47942904222372806,0.842
2007-10-17,0.48742394600738626,0.615
2007-10-18,0.3013563114464419,0.506
2007-10-19,0.26787993338190674,0.467
2007-10-20,0.2617092099233327,0.461
2007-10-21,0.25805082146568825,0.46
2007-10-22,0.25472807538198644,0.454
2007-10-23,0.2515265167450682,0.443
2007-10-24,0.2484117001383144,0.438
2007-10-25,0.24537364210311766,0.436
2007-10-26,0.2426160859452204,0.431
2007-10-27,0.2396369353713764,0.433
2007-10-28,0.29884255620192,0.459
2007-10-29,0.24096402674334105,0.425
2007-10-30,0.23275056329732474,0.409
2007-10-31,0.2292675392465707,0.407
2007-11-01,0.2262700937618489,0.395
2007-11-02,0.2233824740102112,0.389
2007-11-03,0.220556963753316,0.387
2007-11-04,0.2177978803658889,0.387
2007-11-05,0.2150602881236432,0.375
2007-11-06,0.21236144330721787,0.362
2007-11-07,0.20973587519433376,0.364
2007-11-08,0.2288792060429303,0.365
2007-11-09,0.2070740450650999,0.352
2007-11-10,0.20270103645135246,0.354
2007-11-11,0.1999069015084834,0.349
2007-11-12,0.1976023357375929,0.349
2007-11-13,0.19476053348516623,0.351
2007-11-14,0.19226754847771793,0.347
2007-11-15,0.189730631426381,0.339
2007-11-16,0.18736949289287166,0.343
2007-11-17,0.3929191846148149,0.382
2007-11-18,0.36651650263464486,0.634
2007-11-19,0.3421607989673125,0.579
2007-11-20,0.43513012712846905,1.22
2007-11-21,0.3451896400911465,0.825
2007-11-22,0.20571774890154512,0.651
2007-11-23,0.18818254514209637,0.598
2007-11-24,0.1822057464486898,0.587
2007-11-25,0.17747463425695212,0.57
2007-11-26,0.1734041175345202,0.558
2007-11-27,0.16983194714415206,0.554
2007-11-28,0.23436667487648538,0.566
2007-11-29,0.17183960003216264,0.558
2007-11-30,0.38873000566746485,0.889
2007-12-01,0.4288480870782127,0.943
2007-12-02,0.5321356688774158,2.37
2007-12-03,0.5086058479120211,1.45
2007-12-04,0.6829512883163664,1.42
2007-12-05,0.5486095519462953,2.05
2007-12-06,0.8453334282413627,1.91
2007-12-07,1.197959113889076,2.02
2007-12-08,1.8119668556510222,4.97
2007-12-09,1.531770818418021,5.89
2007-12-10,1.1050544516448162,3.6
2007-12-11,0.8097217408730533,3.06
2007-12-12,0.6788178826809608,2.64
2007-12-13,0.5840996495601427,2.32
2007-12-14,0.5096308536881214,2.07
2007-12-15,0.45089590167442734,1.86
2007-12-16,0.4045597448185366,1.69
2007-12-17,0.3681035289903682,1.57
2007-12-18,0.3394548566669005,1.44
2007-12-19,0.31706500934305926,1.35
2007-12-20,0.29975027711662444,1.28
2007-12-21,0.2865838881085207,1.22
2007-12-22,0.2759360055265407,1.15
2007-12-23,0.2685018431573246,1.09
2007-12-24,1.0408117959527823,1.24
2007-12-25,0.6873518362538756,1.47
2007-12-26,0.4800547212275759,1.16
2007-12-27,0.42403992621537645,1.08
2007-12-28,1.3025522048864686,1.75
2007-12-29,1.0972954702535904,1.71
2007-12-30,0.7164223667968693,1.45
2007-12-31,0.6102233107767229,1.41
2008-01-01,0.543368068391096,1.41
2008-01-02,0.4925873223962831,1.39
2008-01-03,0.4535686312593173,1.35
2008-01-04,0.984510127336955,1.51
2008-01-05,0.6599276738396456,1.43
2008-01-06,0.6948506952810404,1.33
2008-01-07,0.7592399171037271,1.4
2008-01-08,1.021507948871119,1.48
2008-01-09,0.7679458432093945,1.49
2008-01-10,1.5287364177254448,2.07
2008-01-11,2.0481801738907324,7.9
2008-01-12,1.5321405578255087,3.22
2008-01-13,1.8069776046683512,3.83
2008-01-14,2.255135858473939,3.92
2008-01-15,2.0337901129231626,6.64
2008-01-16,1.6173764952819518,4.12
2008-01-17,1.4519694548989086,3.75
2008-01-18,1.3375959226423175,3.45
2008-01-19,1.312993019726587,3.24
2008-01-20,1.1271093774757561,3.11
2008-01-21,1.453852033163538,3.58
2008-01-22,1.0567795326085858,3.18
2008-01-23,0.9672666330421578,3.0
2008-01-24,0.8661699988946026,2.74
2008-01-25,0.7995976182502424,2.52
2008-01-26,0.7492188506908359,2.32
2008-01-27,0.7106297925156717,2.15
2008-01-28,0.6807242750270223,2.0
2008-01-29,0.6656230029328314,1.87
2008-01-30,0.7411491664740982,1.72
2008-01-31,1.0109449382257856,1.84
2008-02-01,0.7751355849448573,1.67
2008-02-02,0.8033888586705799,1.55
2008-02-03,1.1903867513241364,1.72
2008-02-04,1.5124053974569935,2.05
2008-02-05,1.2809949217660739,2.01
2008-02-06,1.0244771707876839,1.62
2008-02-07,0.9344071042789801,1.54
2008-02-08,0.874236507558918,1.52
2008-02-09,0.8284052451083677,1.47
2008-02-10,0.7925988045513139,1.42
2008-02-11,0.7646560038676354,1.38
2008-02-12,0.7429938780640234,1.33
2008-02-13,0.7262176918286668,1.29
2008-02-14,0.7134278880968039,1.24
2008-02-15,0.7032434171192176,1.2
2008-02-16,0.6955731346430144,1.15
2008-02-17,0.6897498942219499,1.12
2008-02-18,0.6852808582811838,1.09
2008-02-19,0.6818744243823476,1.07
2008-02-20,0.6791824964697624,1.04
2008-02-21,0.6773956835439359,1.0
2008-02-22,0.6756720681625662,0.97
2008-02-23,0.6739655110125592,0.947
2008-02-24,0.6729743341153508,0.922
2008-02-25,0.8652180595703463,1.0
2008-02-26,0.7036079157482801,0.964
2008-02-27,0.6853349833748514,0.884
2008-02-28,0.6799803131125121,0.853
2008-02-29,0.7263005851998705,0.861
2008-03-01,0.6884058540907638,0.808
2008-03-02,0.6815314077496278,0.787
2008-03-03,0.7106505666824667,0.787
2008-03-04,0.6796097612296621,0.745
2008-03-05,0.6722956196501912,0.733
2008-03-06,0.6691547653370201,0.738
2008-03-07,0.6638969838301512,0.725
2008-03-08,0.7117180075708022,0.747
2008-03-09,0.9469133468042917,1.09
2008-03-10,1.7258116167656057,3.28
2008-03-11,1.4951612099829505,1.53
2008-03-12,1.1929775844408574,1.3
2008-03-13,1.1222587195149423,1.29
2008-03-14,0.9980282136480547,1.29
2008-03-15,2.661742096810335,3.64
2008-03-16,1.958339381985373,5.49
2008-03-17,1.6578789305930004,3.16
2008-03-18,1.3341983560838795,2.75
2008-03-19,1.1679988046095116,2.44
2008-03-20,1.0891279220342611,2.25
2008-03-21,1.1507294446915783,2.09
2008-03-22,1.102928533196587,1.85
2008-03-23,1.0456634848990338,1.8
2008-03-24,0.9500893938465302,1.62
2008-03-25,0.9124037088123659,1.5
2008-03-26,1.0084509069762666,1.46
2008-03-27,0.9629676318929937,1.37
2008-03-28,0.8935893858829139,1.34
2008-03-29,1.4371576623168332,2.03
2008-03-30,1.1057142706212868,1.54
2008-03-31,0.9579935139679032,1.35
2008-04-01,0.9233945561530595,1.25
2008-04-02,0.8559873760843345,1.2
2008-04-03,0.8245404544731985,1.16
2008-04-04,0.8117339631490849,1.14
2008-04-05,0.7915829760813577,1.12
2008-04-06,0.7747643073205244,1.1
2008-04-07,0.7572856442292395,1.09
2008-04-08,0.7454420007979854,1.03
2008-04-09,0.7365521950214627,1.01
2008-04-10,0.8037363549232087,1.0
2008-04-11,0.7899014898833909,1.01
2008-04-12,0.7720328355269892,0.953
2008-04-13,0.7699987438876446,0.933
2008-04-14,0.7407294592174427,0.87
2008-04-15,0.7291880683667861,0.849
2008-04-16,0.7203383393217976,0.84
2008-04-17,0.7128032698936909,0.817
2008-04-18,0.7873169896916646,0.854
2008-04-19,0.9093706195617393,1.27
2008-04-20,0.9915599140493252,0.964
2008-04-21,1.0685415834423149,1.72
2008-04-22,0.8927909329915374,1.07
2008-04-23,1.0892017921253379,1.0
2008-04-24,0.9042386947863165,1.12
2008-04-25,0.8326133641296518,0.941
2008-04-26,0.7972370480472566,0.904
2008-04-27,0.7772331658065542,0.901
2008-04-28,0.7666236280323948,0.896
2008-04-29,0.9371981145376669,1.1
2008-04-30,0.7901571515343435,0.993
2008-05-01,0.7414857372477153,0.88
2008-05-02,0.7150367263946468,0.837
2008-05-03,0.6958915675527727,0.822
2008-05-04,0.6841454439665141,0.803
2008-05-05,0.6742864025981644,0.791
2008-05-06,0.6655549825623014,0.766
2008-05-07,0.6578147077316198,0.751
2008-05-08,0.6573147351150543,0.749
2008-05-09,0.6455003463187998,0.751
2008-05-10,0.6388874450060738,0.711
2008-05-11,0.6330251886273466,0.692
2008-05-12,0.6274746996339652,0.677
2008-05-13,0.6221305696206997,0.654
2008-05-14,0.6869294041583532,0.648
2008-05-15,0.6920509070218486,0.76
2008-05-16,0.6811571461226608,0.747
2008-05-17,0.6107353619300199,0.704
2008-05-18,0.5995258897970621,0.634
2008-05-19,0.5937402075007234,0.609
2008-05-20,0.5884946696820348,0.596
2008-05-21,0.5833577628794606,0.584
2008-05-22,0.5782898904922233,0.585
2008-05-23,0.5734587859192913,0.575
2008-05-24,0.7495577465422361,0.598
2008-05-25,0.7923538732840277,1.11
2008-05-26,0.8688951959202549,6.43
2008-05-27,1.4779035127756168,3.26
2008-05-28,2.333183156430544,8.73
2008-05-29,2.1960558850471785,4.46
2008-05-30,1.6922240272188005,3.41
2008-05-31,1.4907587119289631,2.82
2008-06-01,1.3487454748451881,2.5
2008-06-02,1.3110963680283865,2.31
2008-06-03,1.0337156247173347,2.02
2008-06-04,1.06818551254563,1.83
2008-06-05,0.9421117563882382,1.69
2008-06-06,0.8518269458311867,1.52
2008-06-07,0.7959828971511886,1.4
2008-06-08,0.7526728314823362,1.31
2008-06-09,0.7180637158794254,1.24
2008-06-10,0.6902536588785932,1.17
2008-06-11,0.6712242814922079,1.14
2008-06-12,0.6505892670106674,1.09
2008-06-13,0.635334767460503,1.03
2008-06-14,0.6231254600118142,0.992
2008-06-15,0.613060080409403,0.96
2008-06-16,0.6046381223006926,0.916
2008-06-17,0.5975215289893652,0.886
2008-06-18,0.5914115548829803,0.89
2008-06-19,0.5860773635616021,0.834
2008-06-20,0.6505321527177373,0.869
2008-06-21,0.6590442868343108,0.939
2008-06-22,0.5809223263021323,0.806
2008-06-23,0.570606953653329,0.761
2008-06-24,0.5663841254322454,0.734
2008-06-25,0.5628120653992826,0.708
2008-06-26,0.5652879918724651,0.693
2008-06-27,0.5568774448898498,0.69
2008-06-28,0.5529860951251361,0.656
2008-06-29,0.5495410524838569,0.631
2008-06-30,0.546132052777918,0.619
2008-07-01,0.54270826297115,0.614
2008-07-02,0.6393694530405459,0.743
2008-07-03,0.5445219958635945,0.64
2008-07-04,0.5689075690350698,0.614
2008-07-05,0.7370215520895592,0.854
2008-07-06,0.7533596619959623,0.965
2008-07-07,0.5996478235987424,0.757
2008-07-08,0.7183044944294477,0.7
2008-07-09,0.7703065353893822,1.48
2008-07-10,0.6064934099732879,1.02
2008-07-11,0.5437250127485089,1.0
2008-07-12,0.5238173449447532,0.925
2008-07-13,0.5152002792607011,0.89
2008-07-14,0.5082277360081592,0.85
2008-07-15,0.5019059024825868,0.815
2008-07-16,0.49603726510622825,0.778
2008-07-17,0.49053126420636034,0.761
2008-07-18,0.48538280769359576,0.74
2008-07-19,0.4803080458404221,0.692
2008-07-20,0.475464765212379,0.657
2008-07-21,0.4707628259036937,0.63
2008-07-22,0.4661652731282209,0.626
2008-07-23,0.4616480149063114,0.588
2008-07-24,0.4571927248556698,0.563
2008-07-25,0.45278517122537343,0.578
2008-07-26,0.4484143898135581,0.552
2008-07-27,0.44407200423064735,0.533
2008-07-28,0.51785061549292,0.562
2008-07-29,0.5934612278694089,0.619
2008-07-30,0.4456256854393813,0.56
2008-07-31,0.6345086539671606,0.68
2008-08-01,0.4979140859529209,0.571
2008-08-02,0.42947140818353413,0.555
2008-08-03,0.419323257866881,0.534
2008-08-04,0.48178676366567963,0.518
2008-08-05,0.4166456320756035,0.571
2008-08-06,0.40616437608270123,0.524
2008-08-07,0.5369295200618753,0.603
2008-08-08,0.40961322575648745,0.499
2008-08-09,0.4750084472244693,0.552
2008-08-10,0.39731711775153505,0.527
2008-08-11,0.5925138090140248,0.719
2008-08-12,0.5889788943853398,0.868
2008-08-13,0.43019390392649115,0.819
2008-08-14,0.3881412347931682,0.725
2008-08-15,0.376755315627793,0.694
2008-08-16,0.5230049346115094,0.853
2008-08-17,0.44149706432772307,0.837
2008-08-18,0.37606580643781795,0.94
2008-08-19,0.36312188757619973,0.812
2008-08-20,0.35626695150402954,0.804
2008-08-21,0.35057703661246864,0.797
2008-08-22,0.344509715547493,0.773
2008-08-23,0.3757909004290646,0.754
2008-08-24,0.3389648955311561,0.734
2008-08-25,0.33126613369741564,0.702
2008-08-26,0.32648763553819815,0.684
2008-08-27,0.32214426839320787,0.668
2008-08-28,0.31797207381537446,0.639
2008-08-29,0.3138769305904793,0.622
2008-08-30,0.3099918685307667,0.6
2008-08-31,0.3060980347431298,0.599
2008-09-01,0.5038310846144541,0.69
2008-09-02,0.31843974189264973,0.64
2008-09-03,0.37076003972140037,0.605
2008-09-04,0.5076955271656366,0.693
2008-09-05,0.9896879611909887,3.06
2008-09-06,0.9343032322259002,1.65
2008-09-07,0.7169444873876802,1.39
2008-09-08,1.4535645178379146,1.45
2008-09-09,0.9380733812914852,2.44
2008-09-10,0.9212567100525069,1.64
2008-09-11,0.7273398070094445,1.61
2008-09-12,0.6140716316330523,1.47
2008-09-13,0.5462153461465376,1.36
2008-09-14,0.49563485897029685,1.29
2008-09-15,0.45527469788263397,1.21
2008-09-16,0.43170907969339506,1.13
2008-09-17,0.4009491527153678,1.09
2008-09-18,0.37690792276554225,1.02
2008-09-19,0.35993364129593974,0.957
2008-09-20,0.34642002735659017,0.911
2008-09-21,0.33550646121919564,0.876
2008-09-22,0.3266791696232412,0.847
2008-09-23,0.31935321855233373,0.814
2008-09-24,0.3133302683262753,0.783
2008-09-25,0.308307472699674,0.753
2008-09-26,0.3040710117474997,0.719
2008-09-27,0.3004487859263413,0.712
2008-09-28,0.29729848224121863,0.693
2008-09-29,0.31158927254120855,0.668
2008-09-30,0.3614260829039128,0.68
2008-10-01,0.413724041152593,0.674
2008-10-02,0.34418046403153907,0.707
2008-10-03,0.2943817872649842,0.632
2008-10-04,0.47434001810311116,0.699
2008-10-05,0.4045922187805387,0.88
2008-10-06,0.4860775677615748,0.701
2008-10-07,0.4948665232226667,0.818
2008-10-08,0.38631291297463755,0.694
2008-10-09,0.3580797534803895,0.672
2008-10-10,0.34051234453989354,0.664
2008-10-11,0.3266698799578252,0.664
2008-10-12,0.31536742553832897,0.665
2008-10-13,0.3060611863741618,0.659
2008-10-14,0.29840750268328375,0.655
2008-10-15,0.3055253346502081,0.652
2008-10-16,0.28803586653164515,0.623
2008-10-17,0.2821897954987356,0.617
2008-10-18,0.27792163341293774,0.598
2008-10-19,0.274433820008181,0.591
2008-10-20,0.4752995275303887,0.732
2008-10-21,0.47878174543408003,0.672
2008-10-22,0.4687881176942207,0.74
2008-10-23,0.5137802756201618,0.693
2008-10-24,0.3813852915542304,0.687
2008-10-25,0.5693553370470003,0.656
2008-10-26,0.7501146373012796,0.806
2008-10-27,0.5378007352127526,1.04
2008-10-28,0.6069022198520395,0.868
2008-10-29,1.3629762296724004,1.39
2008-10-30,0.9454238932520685,1.75
2008-10-31,0.6576152315707431,1.21
2008-11-01,0.9767680392486734,1.28
2008-11-02,0.6629942332332013,1.24
2008-11-03,0.58780258885312,1.16
2008-11-04,0.5151409830539485,1.12
2008-11-05,0.4698906148600194,1.07
2008-11-06,0.6304876416970498,1.07
2008-11-07,0.6566057844790392,1.05
2008-11-08,1.2999305456043322,2.07
2008-11-09,1.5069203800945987,1.98
2008-11-10,1.6234179609068033,2.69
2008-11-11,1.2968005546971004,2.05
2008-11-12,0.9435167778308747,1.94
2008-11-13,1.070854731092455,2.01
2008-11-14,0.8171051159375177,1.8
2008-11-15,0.719247638398538,1.67
2008-11-16,0.7430468149586535,1.58
2008-11-17,0.6870341684167021,1.53
2008-11-18,0.5992529664874215,1.42
2008-11-19,0.5524759658183386,1.34
2008-11-20,0.5196279725488658,1.28
2008-11-21,0.4987733636676487,1.21
2008-11-22,0.5464255622434983,1.17
2008-11-23,0.5597111315481239,1.17
2008-11-24,0.49168108456925824,1.08
2008-11-25,0.46938916515034257,1.01
2008-11-26,0.45510996969532513,0.992
2008-11-27,0.5148795217763759,0.99
2008-11-28,0.46172943698728913,0.97
2008-11-29,0.4473614262685701,0.925
2008-11-30,0.4386676805792741,0.881
2008-12-01,0.5184072737895413,0.851
2008-12-02,0.7250902343649104,0.953
2008-12-03,1.3575510871251133,1.41
2008-12-04,1.4968692402752843,2.13
2008-12-05,1.1893860457339644,1.81
2008-12-06,0.8763667017189526,1.26
2008-12-07,0.7760279126230007,1.21
2008-12-08,0.8089305947151614,1.24
2008-12-09,0.7086314187623453,1.22
2008-12-10,0.6449303431500681,1.19
2008-12-11,0.6181435779137855,1.15
2008-12-12,2.07863453718613,2.64
2008-12-13,1.5102484330877926,4.07
2008-12-14,1.2711140434490127,2.02
2008-12-15,0.9600199572318943,1.9
2008-12-16,0.8950278643363407,1.81
2008-12-17,0.8027767502443043,1.69
2008-12-18,0.7793509323958915,1.59
2008-12-19,0.7277064112728161,1.48
2008-12-20,0.6721414796136752,1.39
2008-12-21,0.6409685222544201,1.32
2008-12-22,0.6211567376785291,1.26
2008-12-23,0.6107764352515284,1.21
2008-12-24,0.582206043487768,1.16
2008-12-25,0.569961174014171,1.11
2008-12-26,0.5601538296794395,1.05
2008-12-27,0.5530809021196105,1.02
2008-12-28,0.547511497136198,0.995
2008-12-29,0.5430932319245811,0.96
2008-12-30,0.5396561707130928,0.928
2008-12-31,0.5369035263412384,0.902
2009-01-01,0.5346607866408113,0.876
2009-01-02,0.5327853041584155,0.851
2009-01-03,0.5311733924840357,0.827
2009-01-04,0.5368767856344575,0.818
2009-01-05,0.5290205561627266,0.791
2009-01-06,0.5270813607954703,0.759
2009-01-07,0.5257492461278569,0.752
2009-01-08,0.5243589559979397,0.738
2009-01-09,0.5229946060976223,0.711
2009-01-10,0.5216275266012043,0.707
2009-01-11,0.7871066634665452,0.717
2009-01-12,0.8951308343749482,0.933
2009-01-13,0.70519600539869,0.793
2009-01-14,0.6768009613179541,0.742
2009-01-15,0.8695927004948439,0.767
2009-01-16,1.3163168608248272,1.0
2009-01-17,1.5801029814818024,1.81
2009-01-18,1.688122070906478,1.65
2009-01-19,1.3010780157890296,1.91
2009-01-20,1.1392984390634633,1.43
2009-01-21,1.657037171416105,1.89
2009-01-22,2.02434571202914,2.64
2009-01-23,1.4061806022158185,3.24
2009-01-24,1.9283707105474008,3.06
2009-01-25,1.3827296089529073,2.91
2009-01-26,1.173974520094806,2.38
2009-01-27,1.2811311251947504,2.29
2009-01-28,1.0607602010587527,2.16
2009-01-29,1.1056828393676075,2.02
2009-01-30,0.9440551376160159,1.91
2009-01-31,0.8725239015845069,1.78
2009-02-01,0.8214762218714943,1.66
2009-02-02,0.9374056640589087,1.61
2009-02-03,1.0733621405203777,1.56
2009-02-04,0.9860998448715568,1.63
2009-02-05,1.9686534862298537,1.65
2009-02-06,1.4575174598564569,2.43
2009-02-07,1.125151086461483,2.2
2009-02-08,1.6288802026273286,2.48
2009-02-09,2.655556350316613,9.72
2009-02-10,1.9015079114682805,5.65
2009-02-11,1.5504351358074484,4.1
2009-02-12,1.3053409468866752,3.73
2009-02-13,1.1827371857542746,3.6
2009-02-14,1.0887347192807062,3.44
2009-02-15,1.0148777296968066,3.19
2009-02-16,0.9582833159898025,2.92
2009-02-17,0.916168578736883,2.69
2009-02-18,0.8876572815282915,2.49
2009-02-19,0.8953077590427123,2.24
2009-02-20,0.8505842269923827,2.05
2009-02-21,0.828558117867894,1.9
2009-02-22,0.8132633525133987,1.77
2009-02-23,0.8003740085468312,1.65
2009-02-24,0.7935428339070699,1.56
2009-02-25,0.7833514853626606,1.47
2009-02-26,0.7767968754467113,1.39
2009-02-27,0.7734127227147688,1.33
2009-02-28,0.7680966303152218,1.28
2009-03-01,0.7649200212032976,1.22
2009-03-02,0.8175712430780442,1.17
2009-03-03,1.4997869940591502,1.96
2009-03-04,1.3048716417792905,1.47
2009-03-05,1.0169371707642876,1.23
2009-03-06,0.9489941412698939,1.16
2009-03-07,0.9668882732937129,1.13
2009-03-08,1.3114443686216166,1.25
2009-03-09,1.2715494421614941,1.16
2009-03-10,1.0513125672341714,1.13
2009-03-11,0.9860375030557872,1.08
2009-03-12,0.9515330809768991,1.06
2009-03-13,0.9054509804627413,1.07
2009-03-14,0.8759373497522428,1.03
2009-03-15,0.8528351146411298,1.0
2009-03-16,0.8345266686967745,0.989
2009-03-17,0.8188632215671062,0.963
2009-03-18,0.8061875170374466,0.958
2009-03-19,0.7954862273508525,0.938
2009-03-20,0.7864410195125298,0.91
2009-03-21,0.7786391864897718,0.889
2009-03-22,0.7717970886760407,0.871
2009-03-23,0.7658228783403814,0.861
2009-03-24,0.7601508319899616,0.845
2009-03-25,0.756731294958569,0.822
2009-03-26,0.7508390612867986,0.801
2009-03-27,0.7566279799810013,0.798
2009-03-28,0.7428547944388288,0.779
2009-03-29,0.7374173231700166,0.749
2009-03-30,0.732803892755982,0.727
2009-03-31,0.7282990650493828,0.72
2009-04-01,0.723810360323369,0.717
2009-04-02,0.7193105978748466,0.704
2009-04-03,0.7363332288326894,0.711
2009-04-04,0.7128061388570596,0.688
2009-04-05,0.7063887215988511,0.671
2009-04-06,0.7143641120077705,0.685
2009-04-07,0.7907891582873334,0.706
2009-04-08,0.7018337923319371,0.675
2009-04-09,0.6895672687160737,0.671
2009-04-10,0.6832762263719595,0.644
2009-04-11,0.6777938403285023,0.617
2009-04-12,0.6724941233683076,0.608
2009-04-13,0.6672436722615654,0.595
2009-04-14,0.6618851351260797,0.595
2009-04-15,0.6568417913797215,0.597
2009-04-16,0.6513222878699788,0.577
2009-04-17,0.6458530486017475,0.572
2009-04-18,0.6403548009155137,0.555
2009-04-19,0.6348897199119744,0.544
2009-04-20,0.6294023708507658,0.533
2009-04-21,0.6238907685625457,0.528
2009-04-22,0.6183533374248149,0.528
2009-04-23,0.6127931013559852,0.517
2009-04-24,0.6258548473768245,0.527
2009-04-25,0.6036594640851772,0.527
2009-04-26,0.7223266961239133,0.539
2009-04-27,0.6041374599635637,0.615
2009-04-28,0.5866406272237334,0.522
2009-04-29,0.5862136198124519,0.504
2009-04-30,0.6262089229875367,0.535
2009-05-01,0.5741638980289406,0.48
2009-05-02,0.5642058903755405,0.463
2009-05-03,0.5578097799722709,0.448
2009-05-04,0.5518777275657368,0.452
2009-05-05,0.5460328787228566,0.44
2009-05-06,0.5402759252200515,0.432
2009-05-07,0.5347098571730934,0.434
2009-05-08,0.5287927977888747,0.415
2009-05-09,0.5230709029681165,0.405
2009-05-10,0.5174075371394588,0.398
2009-05-11,0.5117743440435306,0.383
2009-05-12,0.506272047966306,0.387
2009-05-13,0.5006764189528694,0.421
2009-05-14,0.6359467642698975,0.456
2009-05-15,0.503704876843299,0.525
2009-05-16,0.5687896761787047,0.436
2009-05-17,0.5625425340618464,0.544
2009-05-18,0.5645407585032735,0.475
2009-05-19,0.53871100474211,0.54
2009-05-20,0.4731627320160543,0.45
2009-05-21,0.461677383897109,0.427
2009-05-22,0.4551261719346351,0.412
2009-05-23,0.44918511239686754,0.398
2009-05-24,0.44343895163231956,0.39
2009-05-25,0.437883526417039,0.392
2009-05-26,0.4326451520278248,0.371
2009-05-27,0.4543767221137365,0.403
2009-05-28,0.4245659135666758,0.374
2009-05-29,0.4170916182931782,0.361
2009-05-30,0.4116487472952488,0.341
2009-05-31,0.40645615790243295,0.339
2009-06-01,0.4013508152426021,0.328
2009-06-02,0.3963123461200488,0.321
2009-06-03,0.3913342374745923,0.321
2009-06-04,0.38641213704320265,0.321
2009-06-05,0.3815427051084445,0.329
2009-06-06,0.5736838113846177,0.833
2009-06-07,0.5969516958884614,0.558
2009-06-08,0.5888689443056889,0.438
2009-06-09,0.39787944096857086,0.397
2009-06-10,0.4462419156174102,0.435
2009-06-11,0.36606318604357607,0.372
2009-06-12,0.35399516392175867,0.364
2009-06-13,0.34811146489316913,0.351
2009-06-14,0.34294003882436686,0.343
2009-06-15,0.34871593173892174,0.453
2009-06-16,0.33551234447548217,0.362
2009-06-17,0.3308825519038178,0.359
2009-06-18,0.32511607397448333,0.339
2009-06-19,0.3204056106812383,0.327
2009-06-20,0.3158829241729328,0.322
2009-06-21,0.31148165586504384,0.319
2009-06-22,0.30717576905218896,0.306
2009-06-23,0.30295889176085417,0.307
2009-06-24,0.29880513679143006,0.294
2009-06-25,0.5145851112174418,0.578
2009-06-26,0.5116334030328165,0.505
2009-06-27,0.3133284046706448,0.364
2009-06-28,0.2931446952743068,0.343
2009-06-29,0.284803314854091,0.323
2009-06-30,0.279693237446424,0.31
2009-07-01,0.27512805280359526,0.291
2009-07-02,0.48600670875878693,0.536
2009-07-03,0.412185323300541,0.476
2009-07-04,0.28125581491632734,0.355
2009-07-05,0.2656855240184837,0.33
2009-07-06,0.4408475654639694,0.394
2009-07-07,0.2829064971586958,0.392
2009-07-08,0.2573169043698557,0.334
2009-07-09,0.25070583898375676,0.313
2009-07-10,0.2466729060997047,0.324
2009-07-11,0.3924212903209652,0.388
2009-07-12,0.25348738810990984,0.359
2009-07-13,0.23791227053471153,0.336
2009-07-14,0.3915147845599961,0.403
2009-07-15,0.24483510396134908,0.355
2009-07-16,0.41498962339752443,0.466
2009-07-17,0.2591602311173892,0.562
2009-07-18,0.22894402796159224,0.428
2009-07-19,0.22312974798897375,0.398
2009-07-20,0.4389545130578136,0.408
2009-07-21,0.3370987157125099,0.877
2009-07-22,0.2320111041177278,0.545
2009-07-23,0.229840495298327,0.523
2009-07-24,0.21341379369548205,0.511
2009-07-25,0.20732565939780034,0.512
2009-07-26,0.37599417958628767,0.598
2009-07-27,0.2172396907758905,0.581
2009-07-28,0.2091516384628012,0.5
2009-07-29,0.43214217529671867,1.71
2009-07-30,0.42705122158450975,0.921
2009-07-31,0.3166501314331846,0.831
2009-08-01,0.21085929510017398,0.862
2009-08-02,0.19324070604234295,0.775
2009-08-03,0.1917909431816847,0.733
2009-08-04,0.2366992679875019,0.762
2009-08-05,0.1907978625276841,0.685
2009-08-06,0.18210072492329452,0.636
2009-08-07,0.17709317208202674,0.586
2009-08-08,0.1729539163511908,0.563
2009-08-09,0.1692969562038349,0.545
2009-08-10,0.16599352126628555,0.543
2009-08-11,0.16284557036341765,0.505
2009-08-12,0.17022505939824084,0.508
2009-08-13,0.15911605023224526,0.489
2009-08-14,0.1557285526600367,0.479
2009-08-15,0.1530733837061949,0.464
2009-08-16,0.15063447553819098,0.442
2009-08-17,0.14832040070388322,0.426
2009-08-18,0.14610053095418088,0.419
2009-08-19,0.14430858483842718,0.405
2009-08-20,0.14199807830717892,0.393
2009-08-21,0.14022268170557894,0.39
2009-08-22,0.13792548935600918,0.378
2009-08-23,0.19773114528100433,0.377
2009-08-24,0.18927688626706657,0.479
2009-08-25,0.13925678564094324,0.385
2009-08-26,0.13702481267389305,0.408
2009-08-27,0.1309506079323476,0.361
2009-08-28,0.1598099951451551,0.367
2009-08-29,0.12959530293663613,0.337
2009-08-30,0.12518848094934332,0.343
2009-08-31,0.12292602737370699,0.333
2009-09-01,0.1212285721874699,0.321
2009-09-02,0.32105363045083346,0.52
2009-09-03,0.34142500536088904,0.479
2009-09-04,0.15636549950871664,0.472
2009-09-05,0.12126101027743622,0.374
2009-09-06,0.11615832542606715,0.351
2009-09-07,0.11356023437411089,0.348
2009-09-08,0.11164291242994369,0.334
2009-09-09,0.10955183522422948,0.315
2009-09-10,0.1077135012364335,0.306
2009-09-11,0.10597516644951345,0.303
2009-09-12,0.10431211020724297,0.303
2009-09-13,0.10270774610799202,0.298
2009-09-14,0.10115658712621081,0.294
2009-09-15,0.0996503202946827,0.298
2009-09-16,0.09818268684712797,0.288
2009-09-17,0.09674911345668144,0.284
2009-09-18,0.09534578162534724,0.297
2009-09-19,0.09396966526352858,0.292
2009-09-20,0.09261811936352315,0.284
2009-09-21,0.09128935553712167,0.278
2009-09-22,0.09000549757346182,0.278
2009-09-23,0.08908988754560447,0.29
2009-09-24,0.08745911000802449,0.275
2009-09-25,0.08617608804853025,0.271
2009-09-26,0.0849392989310741,0.27
2009-09-27,0.08372122899536347,0.265
2009-09-28,0.0825194465597316,0.267
2009-09-29,0.08133337462352046,0.252
2009-09-30,0.0801634517933379,0.248
2009-10-01,0.07900688035315885,0.241
2009-10-02,0.0778773344888083,0.238
2009-10-03,0.07689029478539514,0.237
2009-10-04,0.07569443546614546,0.24
2009-10-05,0.14642554855135606,0.254
2009-10-06,0.09978043660882463,0.31
2009-10-07,0.23967292170214213,0.348
2009-10-08,0.088471185531288,0.279
2009-10-09,0.07474629488282823,0.271
2009-10-10,0.0713649568346115,0.259
2009-10-11,0.07035999406869858,0.258
2009-10-12,0.06856538463933744,0.241
2009-10-13,0.06734659786454396,0.244
2009-10-14,0.06616138246328637,0.242
2009-10-15,0.06534804149498276,0.24
2009-10-16,0.06412298893184402,0.235
2009-10-17,0.06300136177960332,0.232
2009-10-18,0.0619993572903943,0.234
2009-10-19,0.06130843618243421,0.233
2009-10-20,0.2535881158740706,0.313
2009-10-21,0.2465131299711132,0.32
2009-10-22,0.14319044081802876,0.416
2009-10-23,0.13443733127107707,0.299
2009-10-24,0.06906076264516046,0.303
2009-10-25,0.06131598082510285,0.266
2009-10-26,0.06825181297179991,0.267
2009-10-27,0.058703500717333386,0.26
2009-10-28,0.05654039411761737,0.251
2009-10-29,0.05516779198169965,0.246
2009-10-30,0.13599405264660724,0.251
2009-10-31,0.22117628976553044,0.281
2009-11-01,0.17558741362785016,0.42
2009-11-02,0.13324568546765111,0.384
2009-11-03,0.30677971861827846,0.855
2009-11-04,0.3047445264685857,0.895
2009-11-05,0.1634875168004799,0.673
2009-11-06,0.1935746448297967,0.678
2009-11-07,0.15259177476743174,0.772
2009-11-08,0.08072225855160457,0.694
2009-11-09,0.12517260645673,0.665
2009-11-10,0.07488024363740615,0.681
2009-11-11,0.14048370579834274,0.705
2009-11-12,0.28440513096220477,0.865
2009-11-13,0.6215237727857126,1.86
2009-11-14,0.6139728706680742,1.87
2009-11-15,0.7845740860890325,1.7
2009-11-16,0.404393840941629,2.03
2009-11-17,0.3517227066328974,1.59
2009-11-18,0.3341992703704052,1.5
2009-11-19,0.6888882023560312,1.43
2009-11-20,0.42384225714677176,1.48
2009-11-21,1.04355644344009,1.97
2009-11-22,1.3101799872077367,1.91
2009-11-23,1.0044527438073836,2.54
2009-11-24,1.5815132776059198,3.15
2009-11-25,1.365527480603126,2.94
2009-11-26,1.4678396303994397,3.07
2009-11-27,1.7600338920640664,4.29
2009-11-28,1.7840700529316018,5.09
2009-11-29,1.846486720355347,4.67
2009-11-30,1.1972027931850586,3.7
2009-12-01,1.1615852543895797,3.35
2009-12-02,1.0328956382459518,3.07
2009-12-03,0.863536596997774,2.67
2009-12-04,0.9555238443492087,2.48
2009-12-05,1.6253576800130287,2.91
2009-12-06,1.1734615140589635,3.28
2009-12-07,1.3084440299448972,3.16
2009-12-08,1.329501575780806,3.21
2009-12-09,1.0360404630838558,2.85
2009-12-10,0.8440913967425722,2.64
2009-12-11,0.7415470435320816,2.46
2009-12-12,0.66645183488059,2.28
2009-12-13,0.6114765292112706,2.12
2009-12-14,0.5778937909142744,1.98
2009-12-15,0.6156998383277422,1.86
2009-12-16,0.7143435866335889,1.79
2009-12-17,0.5789783091152849,1.66
2009-12-18,0.5391681003670886,1.52
2009-12-19,0.7470681512729958,1.5
2009-12-20,0.5952573724819255,1.43
2009-12-21,0.5531171906461866,1.36
2009-12-22,0.5289718209461964,1.29
2009-12-23,0.8974339291817353,1.37
2009-12-24,0.7598218446211629,1.27
2009-12-25,0.7619357325272182,1.23
2009-12-26,0.8838078868060503,1.23
2009-12-27,0.7028628631218881,1.26
2009-12-28,1.1824180523525019,1.2
2009-12-29,1.8868758594797324,3.21
2009-12-30,1.4010297572920332,2.39
2009-12-31,1.0467490588276769,1.97
2010-01-01,0.9295627025591702,1.87
2010-01-02,0.8533702325592633,1.78
2010-01-03,0.7913823432316724,1.69
2010-01-04,0.7449463886631752,1.6
2010-01-05,1.300890615218957,1.58
2010-01-06,0.9034617614765168,1.51
2010-01-07,0.8125579489967907,1.38
2010-01-08,0.766401388173496,1.29
2010-01-09,0.7301542058244089,1.24
2010-01-10,0.7055316934284958,1.22
2010-01-11,0.680640955042718,1.17
2010-01-12,1.2316537008019826,1.25
2010-01-13,0.8986769398623407,1.43
2010-01-14,0.8363298334439861,1.42
2010-01-15,1.7153152719237283,2.33
2010-01-16,1.6977323682115235,4.14
2010-01-17,1.2403701525486321,2.57
2010-01-18,1.060549439661807,2.37
2010-01-19,1.548677586502738,2.28
2010-01-20,1.2519778408731548,2.74
2010-01-21,1.7715139920676592,2.41
2010-01-22,1.3731301709258077,3.25
2010-01-23,1.1560188924729435,2.42
2010-01-24,1.057027484076984,2.31
2010-01-25,0.9841582970724911,2.15
2010-01-26,0.9279316553503147,2.01
2010-01-27,0.8846860153099279,1.93
2010-01-28,1.0454808973401737,1.87
2010-01-29,0.9005887420642535,1.78
2010-01-30,0.8538661737690137,1.63
2010-01-31,0.826859189436638,1.53
2010-02-01,0.8407864741645353,1.43
2010-02-02,1.2579387534475868,1.48
2010-02-03,1.2695998731727067,1.61
2010-02-04,1.381330519324774,1.74
2010-02-05,1.4972958304156676,1.9
2010-02-06,1.1554115336383948,1.72
2010-02-07,1.0583735926155344,1.54
2010-02-08,0.995410114779656,1.51
2010-02-09,0.9474514002841803,1.46
2010-02-10,0.9096235554546777,1.4
2010-02-11,0.879603037569784,1.36
2010-02-12,0.8565188564804962,1.32
2010-02-13,0.8370474230635919,1.28
2010-02-14,0.9221463378430521,1.25
2010-02-15,0.9866959053465394,1.26
2010-02-16,1.1861369461796347,1.26
2010-02-17,1.6388096424490495,1.46
2010-02-18,1.6379030689768062,2.77
2010-02-19,1.299233037260086,1.65
2010-02-20,1.317266294729685,1.48
2010-02-21,1.4257725579528444,1.53
2010-02-22,1.2396575100149156,1.75
2010-02-23,1.3697226696260787,1.73
2010-02-24,1.2048032442851848,1.72
2010-02-25,1.4364712221162959,1.94
2010-02-26,1.425245822409158,1.91
2010-02-27,1.3038503893244247,1.92
2010-02-28,1.214504071850525,1.79
2010-03-01,1.1022991194791314,1.69
2010-03-02,1.0425547097065122,1.6
2010-03-03,0.9969683886294642,1.54
2010-03-04,0.9609665938803199,1.44
2010-03-05,0.9321965653277704,1.38
2010-03-06,0.909022717379083,1.34
2010-03-07,0.8903056026454104,1.3
2010-03-08,0.8751194932134626,1.26
2010-03-09,0.8626850908752104,1.22
2010-03-10,0.8523991595965061,1.18
2010-03-11,0.8454476185024369,1.14
2010-03-12,0.8379099981154463,1.1
2010-03-13,0.8303862177277128,1.05
2010-03-14,0.8245024963854188,1.02
2010-03-15,0.8194929590367177,0.992
2010-03-16,0.8147849348198705,0.963
2010-03-17,0.8103503894703976,0.939
2010-03-18,0.8085960463237616,0.934
2010-03-19,1.0469086417739215,1.05
2010-03-20,1.024366690895306,1.14
2010-03-21,0.8760370515283525,0.964
2010-03-22,0.9111432659683913,0.927
2010-03-23,1.0162474462485567,0.963
2010-03-24,0.9784497648034272,0.968
2010-03-25,1.1260124849898185,1.14
2010-03-26,1.2390349945361467,1.26
2010-03-27,1.0057408561942378,1.11
2010-03-28,1.1001890658158966,1.08
2010-03-29,1.1173319849563992,1.15
2010-03-30,1.6383326617768044,1.79
2010-03-31,1.2591141117783629,1.76
2010-04-01,1.3090440968534967,1.48
2010-04-02,1.5144118304443932,1.95
2010-04-03,1.48597587972094,2.21
2010-04-04,1.1975552303744126,1.82
2010-04-05,1.0996197776703143,1.77
2010-04-06,1.1740829836169335,1.75
2010-04-07,1.035684958783997,1.64
2010-04-08,0.9771790490224285,1.53
2010-04-09,0.934557118110046,1.45
2010-04-10,0.9004054945460865,1.38
2010-04-11,0.8726207655922879,1.32
2010-04-12,0.8498564234493265,1.26
2010-04-13,0.8310664931955349,1.21
2010-04-14,0.8154176976509342,1.17
2010-04-15,0.8022465052911887,1.11
2010-04-16,0.7910231453831894,1.07
2010-04-17,0.7813255028330135,1.04
2010-04-18,0.7728174976483928,1.01
2010-04-19,0.7652318387085018,0.976
2010-04-20,0.7583560894355523,0.935
2010-04-21,0.7520217628878161,0.908
2010-04-22,0.7460954792829427,0.9
2010-04-23,0.7404718511352528,0.862
2010-04-24,0.7350811397668097,0.842
2010-04-25,0.7299536753085983,0.833
2010-04-26,0.7246841998769429,0.803
2010-04-27,0.7195913595393674,0.755
2010-04-28,0.7145434090004068,0.743
2010-04-29,0.8178052371171199,0.822
2010-04-30,0.7142018601123487,0.744
2010-05-01,0.7638823385274129,0.744
2010-05-02,0.7012694529584623,0.749
2010-05-03,0.6908240764703918,0.673
2010-05-04,0.6849890124593405,0.657
2010-05-05,0.6798722538933416,0.654
2010-05-06,0.6746484659747141,0.671
2010-05-07,0.66885324055694,0.634
2010-05-08,0.6635692517409494,0.634
2010-05-09,0.6578670265560066,0.619
2010-05-10,0.6523587237138847,0.597
2010-05-11,0.6468437159299163,0.583
2010-05-12,0.6413094887413586,0.57
2010-05-13,0.6357667986467027,0.575
2010-05-14,0.6302476037136356,0.576
2010-05-15,0.6245469081267652,0.547
2010-05-16,0.6189225909658622,0.559
2010-05-17,0.6132202290014734,0.526
2010-05-18,0.6075387432399568,0.514
2010-05-19,0.601845224039122,0.514
2010-05-20,0.5961389084178268,0.499
2010-05-21,0.5904218887092616,0.484
2010-05-22,0.5846965026864303,0.47
2010-05-23,0.5789650895812966,0.46
2010-05-24,0.5732299562535794,0.448
2010-05-25,0.5674933646975789,0.448
2010-05-26,0.5617575238025696,0.444
2010-05-27,0.5560245833851168,0.429
2010-05-28,0.550296629927663,0.43
2010-05-29,0.5445756836601325,0.453
2010-05-30,0.5388636967020375,0.414
2010-05-31,0.6358687024635271,0.421
2010-06-01,0.5364358587172025,0.514
2010-06-02,0.5225845607297787,0.419
2010-06-03,0.5162102196751659,0.397
2010-06-04,0.5105075781588642,0.386
2010-06-05,0.5048810401116537,0.391
2010-06-06,0.49928015659209385,0.379
2010-06-07,0.6392733783635133,0.46
2010-06-08,0.5471292461784772,0.509
2010-06-09,0.4886384881512791,0.412
2010-06-10,0.4783384733304979,0.391
2010-06-11,0.472308349179859,0.367
2010-06-12,0.4667085462005339,0.352
2010-06-13,0.4749175761630818,0.363
2010-06-14,0.4572300513647512,0.363
2010-06-15,0.4506915342660693,0.335
2010-06-16,0.4451775810286695,0.326
2010-06-17,0.4398012945676073,0.317
2010-06-18,0.43448238552169205,0.32
2010-06-19,0.429211614250404,0.317
2010-06-20,0.4239864858273474,0.307
2010-06-21,0.41880552468863347,0.302
2010-06-22,0.4136676825087593,0.299
2010-06-23,0.40857221260458765,0.298
2010-06-24,0.40351860003967366,0.301
2010-06-25,0.3985065085857016,0.295
2010-06-26,0.39353573874711156,0.281
2010-06-27,0.3886061944191274,0.28
2010-06-28,0.3837178564278812,0.262
2010-06-29,0.3788707615685333,0.272
2010-06-30,0.37406498603572264,0.264
2010-07-01,0.4104738113163245,0.272
2010-07-02,0.36817108643364194,0.28
2010-07-03,0.36020999216935584,0.261
2010-07-04,0.3552846495344207,0.254
2010-07-05,0.3506622767946281,0.242
2010-07-06,0.34610471153349587,0.246
2010-07-07,0.34159128125503124,0.253
2010-07-08,0.3371202709909352,0.244
2010-07-09,0.3326916072600387,0.242
2010-07-10,0.3283053467776054,0.235
2010-07-11,0.32396154402165245,0.23
2010-07-12,0.3196602393216227,0.231
2010-07-13,0.31540145765538596,0.257
2010-07-14,0.3798552324119263,0.272
2010-07-15,0.3917438783302202,0.289
2010-07-16,0.34288064222938747,0.274
2010-07-17,0.30228356538315937,0.243
2010-07-18,0.29505266122962454,0.239
2010-07-19,0.29076786221608286,0.229
2010-07-20,0.4665781162543438,0.353
2010-07-21,0.2990528294419068,0.292
2010-07-22,0.2805618212262988,0.261
2010-07-23,0.2752857026897885,0.246
2010-07-24,0.27136795303773387,0.249
2010-07-25,0.26760285292119557,0.239
2010-07-26,0.26389135328945496,0.218
2010-07-27,0.260223223876899,0.22
2010-07-28,0.2565967762913236,0.208
2010-07-29,0.2530077804077999,0.205
2010-07-30,0.24946165461398406,0.208
2010-07-31,0.2459563461315369,0.204
2010-08-01,0.24249148584979982,0.2
2010-08-02,0.23906684432559436,0.197
2010-08-03,0.235682197459415,0.201
2010-08-04,0.2323373151258214,0.202
2010-08-05,0.22903196051885144,0.198
2010-08-06,0.225765890422033,0.205
2010-08-07,0.22253885554908673,0.203
2010-08-08,0.21935060088097252,0.202
2010-08-09,0.2837439699979953,0.212
2010-08-10,0.25132655244587637,0.276
2010-08-11,0.21335413319635488,0.215
2010-08-12,0.20727411375665505,0.211
2010-08-13,0.26974724543382494,0.223
2010-08-14,0.22867676928340222,0.283
2010-08-15,0.2009480219582582,0.222
2010-08-16,0.19594515185666617,0.208
2010-08-17,0.192792634883227,0.224
2010-08-18,0.18986638937049843,0.209
2010-08-19,0.2237134841773561,0.222
2010-08-20,0.1880133145273532,0.228
2010-08-21,0.2104966434640262,0.238
2010-08-22,0.38494920307019237,0.357
2010-08-23,0.3181252819529086,0.316
2010-08-24,0.18870214181990339,0.217
2010-08-25,0.3959375789128221,0.5
2010-08-26,0.4071552883768576,0.39
2010-08-27,0.29987638436783653,0.3
2010-08-28,0.18605145219082564,0.246
2010-08-29,0.17246962198895463,0.23
2010-08-30,0.16694543536841172,0.217
2010-08-31,0.16310522618908307,0.214
2010-09-01,0.15960878268919917,0.209
2010-09-02,0.15641578985960425,0.203
2010-09-03,0.1534649645677435,0.206
2010-09-04,0.1904741942535344,0.204
2010-09-05,0.15303446270606752,0.227
2010-09-06,0.2856924949761219,0.28
2010-09-07,0.314266595853205,0.369
2010-09-08,0.26405539545429163,0.398
2010-09-09,0.1624178748841243,0.283
2010-09-10,0.15902265394868514,0.256
2010-09-11,0.14586457722398255,0.244
2010-09-12,0.14114175158041267,0.224
2010-09-13,0.13764786714271937,0.223
2010-09-14,0.15736864571647358,0.234
2010-09-15,0.13430246997484507,0.215
2010-09-16,0.12970818215139318,0.211
2010-09-17,0.1269838684172377,0.204
2010-09-18,0.12459104652091756,0.203
2010-09-19,0.1223941198017849,0.203
2010-09-20,0.12026539463369773,0.192
2010-09-21,0.1182640258908014,0.191
2010-09-22,0.21838175673388247,0.206
2010-09-23,0.14336410939392605,0.233
2010-09-24,0.1164856925359717,0.201
2010-09-25,0.11233752095608704,0.19
2010-09-26,0.11026096063843976,0.187
2010-09-27,0.10845969067698291,0.195
2010-09-28,0.16479343796069648,0.196
2010-09-29,0.13568293352582095,0.24
2010-09-30,0.28350627278227053,0.232
2010-10-01,0.3075514825364789,0.496
2010-10-02,0.35748388836120804,0.338
2010-10-03,0.24398887678107878,0.626
2010-10-04,0.1261503097707656,0.356
2010-10-05,0.17142049982396695,0.339
2010-10-06,0.1146001821264233,0.332
2010-10-07,0.10604611775336151,0.312
2010-10-08,0.10205643838873005,0.296
2010-10-09,0.09901831285144604,0.291
2010-10-10,0.09633807613795958,0.282
2010-10-11,0.09399359495785474,0.262
2010-10-12,0.09191002244842061,0.255
2010-10-13,0.0900024200425898,0.247
2010-10-14,0.0882633275420615,0.257
2010-10-15,0.08665953273687864,0.247
2010-10-16,0.08516982720217282,0.236
2010-10-17,0.08380115283440122,0.234
2010-10-18,0.11302262957408803,0.236
2010-10-19,0.09499351045702402,0.241
2010-10-20,0.08220441642755479,0.227
2010-10-21,0.07991072810509352,0.227
2010-10-22,0.15145470933560334,0.234
2010-10-23,0.22350535757505424,0.342
2010-10-24,0.09165798814780589,0.252
2010-10-25,0.08811298725298676,0.238
2010-10-26,0.15875882210879277,0.251
2010-10-27,0.08356260119557518,0.245
2010-10-28,0.07524626686900159,0.236
2010-10-29,0.07327896878590388,0.228
2010-10-30,0.13954657561292647,0.244
2010-10-31,0.07743227096256518,0.242
2010-11-01,0.07103391455629515,0.226
2010-11-02,0.06911007876677384,0.217
2010-11-03,0.06763645997992522,0.213
2010-11-04,0.06654418425960888,0.208
2010-11-05,0.269215399108036,0.266
2010-11-06,0.1264147084978034,0.355
2010-11-07,0.26616608396481994,0.335
2010-11-08,0.19854574834660735,0.602
2010-11-09,0.16346863552732618,0.619
2010-11-10,0.34749156669234565,0.504
2010-11-11,0.2599481371910328,0.916
2010-11-12,0.31421392753893873,0.804
2010-11-13,0.16657543364064983,0.793
2010-11-14,0.20433522049136563,0.785
2010-11-15,0.139294761488815,0.719
2010-11-16,0.49434515762178394,0.697
2010-11-17,0.5191083948211629,1.3
2010-11-18,0.2549595997160109,0.911
2010-11-19,0.38233366204846714,0.872
2010-11-20,0.2273210462979278,0.889
2010-11-21,0.22316440664972767,0.824
2010-11-22,0.17674778022924667,0.788
2010-11-23,0.18082113173516925,0.754
2010-11-24,0.1527026856950364,0.728
2010-11-25,0.13302047725937846,0.685
2010-11-26,0.23086605420765452,0.68
2010-11-27,0.14375590069762154,0.637
2010-11-28,0.12559734851063892,0.608
2010-11-29,0.11596877655501796,0.581
2010-11-30,0.11008886859566722,0.558
2010-12-01,0.10422930429542182,0.535
2010-12-02,0.09877978531139861,0.526
2010-12-03,0.2076941168370864,0.54
2010-12-04,0.20878675646356792,0.553
2010-12-05,0.13264352400159773,0.53
2010-12-06,0.11826191437727152,0.503
2010-12-07,0.11090021669242592,0.48
2010-12-08,0.10561367071593342,0.461
2010-12-09,0.10158847723719548,0.445
2010-12-10,0.09785621950379444,0.444
2010-12-11,0.09517913163028949,0.442
2010-12-12,0.09318197908220416,0.435
2010-12-13,0.09158557340716825,0.419
2010-12-14,0.09034294966460156,0.414
2010-12-15,0.08929051847560017,0.41
2010-12-16,0.12689720082618666,0.422
2010-12-17,0.25934098760754104,0.436
2010-12-18,0.12331753586291183,0.429
2010-12-19,0.35186249569142436,0.41
2010-12-20,0.33955542039820147,0.426
2010-12-21,0.1966750295713574,0.404
2010-12-22,0.16736660308558873,0.391
2010-12-23,0.15144062957046486,0.384
2010-12-24,0.14022800921441692,0.375
2010-12-25,0.12999180710120858,0.347
2010-12-26,0.1236550260760058,0.382
2010-12-27,0.33307656035919464,0.623
2010-12-28,0.18430323599712436,0.647
2010-12-29,0.15712758970718663,0.538
2010-12-30,0.14114659321962714,0.508
2010-12-31,0.13158234794809087,0.502
2011-01-01,0.16796791004157435,0.506
2011-01-02,0.1374716553641055,0.509
2011-01-03,0.17802544956216274,0.522
2011-01-04,0.16747537029949863,0.527
2011-01-05,0.28903319862376076,0.56
2011-01-06,0.6915733709270945,0.649
2011-01-07,0.8131375536356472,1.31
2011-01-08,0.45771504148933684,1.1
2011-01-09,0.352844698013747,0.918
2011-01-10,0.9028646375641491,1.3
2011-01-11,0.708401897035145,1.3
2011-01-12,0.9615113679886921,1.35
2011-01-13,0.7857159473669468,1.61
2011-01-14,0.624538358901284,1.58
2011-01-15,0.5316352149124393,1.57
2011-01-16,0.9381889830437369,1.53
2011-01-17,1.13640938760579,2.14
2011-01-18,0.6729889850128136,1.84
2011-01-19,0.5499665226875223,1.66
2011-01-20,0.47511916314156205,1.57
2011-01-21,0.4180544682468068,1.46
2011-01-22,0.37542588193889775,1.37
2011-01-23,0.3390729082205897,1.29
2011-01-24,0.3109927049138827,1.21
2011-01-25,0.4612616452500212,1.18
2011-01-26,0.3376912094930313,1.1
2011-01-27,0.3058881101960164,1.02
2011-01-28,0.2874928453748984,0.962
2011-01-29,0.2739519161701778,0.914
2011-01-30,0.2637016050356991,0.864
2011-01-31,0.2568805294638366,0.831
2011-02-01,0.25139978369090354,0.803
2011-02-02,0.29894713848625326,0.783
2011-02-03,0.26714217137476737,0.755
2011-02-04,0.31137284019533545,0.735
2011-02-05,0.33844814958107466,0.733
2011-02-06,0.2923700936069792,0.704
2011-02-07,0.28296136022991086,0.684
2011-02-08,0.27224231062680365,0.665
2011-02-09,0.2849892051993199,0.654
2011-02-10,0.42319553064943916,0.672
2011-02-11,0.34473861200562067,0.648
2011-02-12,0.570681579367278,0.637
2011-02-13,0.7848849706584001,0.985
2011-02-14,0.7831976014344917,0.809
2011-02-15,0.9334440130870679,1.26
2011-02-16,0.6610940267964104,1.03
2011-02-17,0.5515767121028952,0.959
2011-02-18,1.1264015299194616,1.13
2011-02-19,0.6786676084909362,1.31
2011-02-20,0.6294218670500672,1.14
2011-02-21,0.7633511242362482,1.2
2011-02-22,0.6600584614153985,1.15
2011-02-23,0.5835676626324776,1.15
2011-02-24,0.5122799000656795,1.1
2011-02-25,0.804459477067386,1.16
2011-02-26,0.5678281796221923,1.14
2011-02-27,0.5135583222630851,1.07
2011-02-28,0.4660024751865961,1.03
2011-03-01,0.4367051812345187,1.0
2011-03-02,0.4154390438818684,0.994
2011-03-03,0.39820429143011316,0.966
2011-03-04,0.38549266537161675,0.949
2011-03-05,0.3790084319947216,0.922
2011-03-06,0.36734192120356934,0.892
2011-03-07,0.36249277305079886,0.869
2011-03-08,0.36570791293287547,0.848
2011-03-09,0.3541183948803867,0.822
2011-03-10,0.35020960609482726,0.796
2011-03-11,0.3481128171813419,0.788
2011-03-12,0.5241949023598549,0.791
2011-03-13,0.39697851481223795,0.777
2011-03-14,0.37835744318266,0.719
2011-03-15,0.37404112494074165,0.701
2011-03-16,0.36485825284983814,0.682
2011-03-17,0.43381643995423086,0.664
2011-03-18,0.5534125178332259,0.758
2011-03-19,0.42281659942706257,0.656
2011-03-20,0.39934372307624766,0.636
2011-03-21,0.3874505683697894,0.619
2011-03-22,0.3784787013280528,0.604
2011-03-23,0.3712618421096166,0.593
2011-03-24,0.36536039757932653,0.587
2011-03-25,0.36048156804074233,0.584
2011-03-26,0.35656869438057004,0.577
2011-03-27,0.35294950920086715,0.564
2011-03-28,0.3561683381684306,0.554
2011-03-29,0.36121825794636525,0.569
2011-03-30,0.4175401410801021,0.579
2011-03-31,0.3509503051698161,0.56
2011-04-01,0.3430394462307874,0.531
2011-04-02,0.3402624780851906,0.519
2011-04-03,0.36718792265677985,0.528
2011-04-04,0.3394468494803292,0.494
2011-04-05,0.3350028744628888,0.453
2011-04-06,0.3327737481617704,0.44
2011-04-07,0.33077709559491336,0.433
2011-04-08,0.3288159834339585,0.427
2011-04-09,0.3268606174418675,0.415
2011-04-10,0.3248985877038041,0.412
2011-04-11,0.3229217381729997,0.405
2011-04-12,0.3209231872370301,0.395
2011-04-13,0.3191057104667313,0.414
2011-04-14,0.3168657582737542,0.402
2011-04-15,0.31476692768311104,0.398
2011-04-16,0.31265183504661354,0.388
2011-04-17,0.3105062931162251,0.383
2011-04-18,0.30832961639970835,0.384
2011-04-19,0.3061220712504985,0.375
2011-04-20,0.3038844939575755,0.369
2011-04-21,0.3016179681074719,0.364
2011-04-22,0.2993237480534697,0.362
2011-04-23,0.29700320944856307,0.339
2011-04-24,0.2946578117572753,0.324
2011-04-25,0.2922890687873728,0.321
2011-04-26,0.2898985254922853,0.318
2011-04-27,0.28748773976878483,0.314
2011-04-28,0.285058268240588,0.313
2011-04-29,0.282611655221582,0.316
2011-04-30,0.2801494242139383,0.311
2011-05-01,0.2776730714255523,0.301
2011-05-02,0.2751840608945707,0.299
2011-05-03,0.2726838208914236,0.293
2011-05-04,0.2701737413348989,0.287
2011-05-05,0.2676551720116842,0.292
2011-05-06,0.3500657727043364,0.341
2011-05-07,0.46363359804495136,0.442
2011-05-08,0.27837784374961505,0.374
2011-05-09,0.2596882745613232,0.324
2011-05-10,0.2552911143307041,0.305
2011-05-11,0.2525366143168129,0.292
2011-05-12,0.249938913594733,0.283
2011-05-13,0.2473538250649071,0.28
2011-05-14,0.24495445761318335,0.271
2011-05-15,0.24228247932636046,0.264
2011-05-16,0.239736333326725,0.262
2011-05-17,0.23725218722173924,0.266
2011-05-18,0.23468746004851837,0.261
2011-05-19,0.23216210962164874,0.25
2011-05-20,0.2296492080099442,0.247
2011-05-21,0.2272259702593505,0.247
2011-05-22,0.2246574635593949,0.24
2011-05-23,0.2221626562338037,0.239
2011-05-24,0.21968458564127089,0.226
2011-05-25,0.21721741321433805,0.225
2011-05-26,0.2147611157309303,0.235
2011-05-27,0.21231619430982557,0.216
2011-05-28,0.2098831717696124,0.223
2011-05-29,0.20746254953264825,0.222
2011-05-30,0.21136632162931152,0.256
2011-05-31,0.20321089195053008,0.217
2011-06-01,0.2003277537575514,0.214
2011-06-02,0.19791743687020416,0.208
2011-06-03,0.19556167943476305,0.196
2011-06-04,0.1932243289880574,0.189
2011-06-05,0.19090254428140793,0.204
2011-06-06,0.18859637178568409,0.196
2011-06-07,0.18630609251270897,0.194
2011-06-08,0.18403199115784735,0.202
2011-06-09,0.22174546761052225,0.233
2011-06-10,0.2866668997466437,0.258
2011-06-11,0.3073830524504121,0.24
2011-06-12,0.3917055437328538,0.535
2011-06-13,0.1953724886445284,0.28
2011-06-14,0.175627532079953,0.232
2011-06-15,0.1717552461854822,0.226
2011-06-16,0.16893653470508663,0.219
2011-06-17,0.28476388501134164,0.264
2011-06-18,0.1769018305896381,0.263
2011-06-19,0.16432688487871885,0.219
2011-06-20,0.18056710178649893,0.248
2011-06-21,0.16177816764909747,0.222
2011-06-22,0.15739306916498505,0.233
2011-06-23,0.1544437407087632,0.208
2011-06-24,0.17791322885927016,0.208
2011-06-25,0.1527765404263719,0.209
2011-06-26,0.14847121919250691,0.193
2011-06-27,0.14620131053347138,0.198
2011-06-28,0.143933383920492,0.186
2011-06-29,0.14185474960573344,0.184
2011-06-30,0.13984136041280032,0.18
2011-07-01,0.1378815514683011,0.176
2011-07-02,0.13596611819712864,0.181
2011-07-03,0.13408952671801572,0.17
2011-07-04,0.13224749567139468,0.165
2011-07-05,0.14080553677833835,0.198
2011-07-06,0.19687627407870512,0.214
2011-07-07,0.17626230965633846,0.213
2011-07-08,0.22731678606025266,0.267
2011-07-09,0.13390437564824786,0.203
2011-07-10,0.12392886335931029,0.195
2011-07-11,0.12130587227023445,0.185
2011-07-12,0.11939524873596749,0.185
2011-07-13,0.11760093172279655,0.176
2011-07-14,0.11586549852886997,0.172
2011-07-15,0.11449196210992861,0.182
2011-07-16,0.11716349003595987,0.192
2011-07-17,0.11175414069497847,0.186
2011-07-18,0.209509764785207,0.205
2011-07-19,0.1176338541148805,0.192
2011-07-20,0.10813889286301215,0.195
2011-07-21,0.17309712156315105,0.201
2011-07-22,0.11097110803041317,0.209
2011-07-23,0.10374997089080468,0.181
2011-07-24,0.10157108757629679,0.181
2011-07-25,0.09991293797573224,0.177
2011-07-26,0.09834177250251139,0.153
2011-07-27,0.09683199089834853,0.15
2011-07-28,0.09536842810679538,0.149
2011-07-29,0.09409579826547008,0.156
2011-07-30,0.0925639989109362,0.158
2011-07-31,0.0911950737832752,0.151
2011-08-01,0.08985540693418816,0.152
2011-08-02,0.08854531601975864,0.151
2011-08-03,0.18556895468348655,0.148
2011-08-04,0.1213920017987507,0.241
2011-08-05,0.08860596327637667,0.17
2011-08-06,0.08460786191508458,0.166
2011-08-07,0.16393541857498378,0.19
2011-08-08,0.08945790332353683,0.17
2011-08-09,0.08165464938346652,0.155
2011-08-10,0.08010010148698155,0.158
2011-08-11,0.07846449931764023,0.163
2011-08-12,0.07742506216389991,0.169
2011-08-13,0.07593769866258412,0.167
2011-08-14,0.07473527957736573,0.155
2011-08-15,0.07372018533379766,0.163
2011-08-16,0.072512749326264,0.165
2011-08-17,0.07377130055684875,0.169
2011-08-18,0.07070764120619531,0.18
2011-08-19,0.06938859107899693,0.165
2011-08-20,0.06831586602490064,0.162
2011-08-21,0.06727573515308856,0.151
2011-08-22,0.06626151810715837,0.134
2011-08-23,0.06526625436464281,0.135
2011-08-24,0.21684744894757013,0.171
2011-08-25,0.07720826875088015,0.175
2011-08-26,0.26814694408153933,0.229
2011-08-27,0.0960024894564529,0.233
2011-08-28,0.06636527568687368,0.18
2011-08-29,0.06210632276545626,0.155
2011-08-30,0.060561706876615544,0.151
2011-08-31,0.05934660873489674,0.143
2011-09-01,0.05822091295820824,0.136
2011-09-02,0.05717169937983298,0.136
2011-09-03,0.09696475542223233,0.144
2011-09-04,0.07515332098855791,0.161
2011-09-05,0.202203793664617,0.161
2011-09-06,0.06982095206883938,0.196
2011-09-07,0.05685457848510961,0.165
2011-09-08,0.05431729698257006,0.157
2011-09-09,0.053120836386741234,0.154
2011-09-10,0.06749450621660258,0.16
2011-09-11,0.05332486334976354,0.155
2011-09-12,0.050560968357546775,0.148
2011-09-13,0.04952103146023631,0.138
2011-09-14,0.04843261683823974,0.142
2011-09-15,0.04752776227376022,0.143
2011-09-16,0.046768376010181405,0.144
2011-09-17,0.2500702241703682,0.201
2011-09-18,0.2289370920654793,0.349
2011-09-19,0.06410450239398637,0.203
2011-09-20,0.23522268450216952,0.288
2011-09-21,0.06569453707186794,0.261
2011-09-22,0.04908167202117532,0.197
2011-09-23,0.04618249135624526,0.192
2011-09-24,0.05266578498270056,0.185
2011-09-25,0.18669885583112292,0.216
2011-09-26,0.05816933519420286,0.22
2011-09-27,0.045296652087077935,0.19
2011-09-28,0.04289145882581486,0.178
2011-09-29,0.04156449900905523,0.169
2011-09-30,0.04047687802450708,0.163
2011-10-01,0.03952588607737379,0.159
2011-10-02,0.03865528870722087,0.158
2011-10-03,0.03793266030381627,0.155
2011-10-04,0.03738298752580039,0.162
2011-10-05,0.199355139155719,0.178
2011-10-06,0.05284394549550785,0.187
2011-10-07,0.038791401205324344,0.163
2011-10-08,0.036635029516717786,0.163
2011-10-09,0.035641702933831954,0.16
2011-10-10,0.03486346071129983,0.159
2011-10-11,0.03417905496457524,0.158
2011-10-12,0.03352502141956221,0.157
2011-10-13,0.03288999682359655,0.159
2011-10-14,0.0323247311963143,0.154
2011-10-15,0.03180006599675552,0.154
2011-10-16,0.03132420661660158,0.155
2011-10-17,0.13457274488301568,0.169
2011-10-18,0.04129249455325849,0.175
2011-10-19,0.03239689251726123,0.155
2011-10-20,0.030659280814154567,0.159
2011-10-21,0.029942484682448645,0.158
2011-10-22,0.029400988623661573,0.156
2011-10-23,0.16283931841611082,0.16
2011-10-24,0.2493271557847473,0.379
2011-10-25,0.13309151704891217,0.258
2011-10-26,0.24987965721104494,0.215
2011-10-27,0.19628908097765618,0.484
2011-10-28,0.05810541800583912,0.302
2011-10-29,0.043395788140239255,0.274
2011-10-30,0.03871017712827277,0.269
2011-10-31,0.24982292132224673,0.349
2011-11-01,0.05945847724623085,0.383
2011-11-02,0.21685103034424585,0.385
2011-11-03,0.16974454488158358,0.505
2011-11-04,0.2362843924714535,0.667
2011-11-05,0.06953155019873364,0.572
2011-11-06,0.04996575493449882,0.519
2011-11-07,0.04489931845218488,0.524
2011-11-08,0.04163866013974872,0.496
2011-11-09,0.1650817730127777,0.556
2011-11-10,0.0528445275796735,0.495
2011-11-11,0.3043753589138522,0.696
2011-11-12,0.10305945931171788,0.621
2011-11-13,0.06188354059966298,0.554
2011-11-14,0.05362812500219015,0.551
2011-11-15,0.04784796973267698,0.537
2011-11-16,0.15724769426598167,0.536
2011-11-17,0.0715544039672375,0.519
2011-11-18,0.053881007090488466,0.481
2011-11-19,0.04844192801144325,0.457
2011-11-20,0.04621318587762938,0.434
2011-11-21,0.3415857640610633,0.532
2011-11-22,0.10698429062992651,0.514
2011-11-23,0.07677710804767864,0.449
2011-11-24,0.08232081108194664,0.438
2011-11-25,0.07157063897118862,0.436
2011-11-26,0.0888244326753736,0.415
2011-11-27,0.06400255520702107,0.412
2011-11-28,0.07496960784456778,0.417
2011-11-29,0.2867715787304802,0.478
2011-11-30,0.30136768567891964,0.491
2011-12-01,0.2656516754531334,0.546
2011-12-02,0.23948154693210166,0.557
2011-12-03,0.15301627656567454,0.526
2011-12-04,0.3372293763986387,0.552
2011-12-05,0.3033985583275866,0.595
2011-12-06,0.595371247071788,0.724
2011-12-07,0.32032334501257304,0.989
2011-12-08,0.44054324886508567,0.909
2011-12-09,0.3037815470093338,0.909
2011-12-10,0.2647536972812558,0.909
2011-12-11,0.5350900843990248,0.99
2011-12-12,1.2649136996137242,2.58
2011-12-13,1.1280348311141342,2.39
2011-12-14,1.13345316478662,2.23
2011-12-15,1.3302029794306247,2.5
2011-12-16,0.9567833035866836,2.67
2011-12-17,0.6891878899771916,2.12
2011-12-18,0.5606582488658758,1.94
2011-12-19,0.6166283041651278,1.79
2011-12-20,0.6214425286413032,1.64
2011-12-21,0.45568926367600926,1.5
2011-12-22,0.3894747422372555,1.35
2011-12-23,0.8054116359981698,1.48
2011-12-24,0.5279964829023424,1.3
2011-12-25,0.4655707830259605,1.2
2011-12-26,0.39112851142775745,1.13
2011-12-27,0.3644875294222203,1.09
2011-12-28,0.3585186104226198,1.06
2011-12-29,0.4431248237983302,1.03
2011-12-30,0.559517084592151,1.07
2011-12-31,0.5139250947587318,1.03
2012-01-01,0.6832989047561242,1.04
2012-01-02,1.3705608211755742,1.33
2012-01-03,1.6709793452289055,4.76
2012-01-04,1.5083999582298029,2.53
2012-01-05,1.095744950119841,2.38
2012-01-06,0.898346551065576,2.14
2012-01-07,0.7423868639975335,1.98
2012-01-08,0.6514500072120407,1.83
2012-01-09,0.5934185854239798,1.68
2012-01-10,0.5333719977184832,1.56
2012-01-11,0.4887640942457531,1.45
2012-01-12,0.4565474904908016,1.35
2012-01-13,0.43134522226173017,1.27
2012-01-14,0.41338381938797814,1.2
2012-01-15,0.39857532316530997,1.13
2012-01-16,0.3886992517696487,1.07
2012-01-17,0.388456508164275,1.02
2012-01-18,0.5278192695327466,0.978
2012-01-19,0.49655645412907873,0.957
2012-01-20,0.4384723639527922,0.904
2012-01-21,0.4216850513794081,0.866
2012-01-22,0.4100345905182196,0.829
2012-01-23,0.5955102524240635,0.806
2012-01-24,0.5798950252525853,0.858
2012-01-25,0.8551372854628082,0.881
2012-01-26,0.7152803709124607,0.913
2012-01-27,0.6348041470336581,0.849
2012-01-28,0.5614275391368077,0.791
2012-01-29,1.0739716788038174,0.921
2012-01-30,0.7450147153170371,1.06
2012-01-31,0.6383540180852411,0.901
2012-02-01,0.5901149673768621,0.837
2012-02-02,0.5553552813976584,0.802
2012-02-03,0.5283679353600602,0.778
2012-02-04,0.8704748011296176,0.861
2012-02-05,0.6228404008049211,0.848
2012-02-06,0.5689959306376727,0.823
2012-02-07,0.5397461254491867,0.797
2012-02-08,0.5185085612058578,0.787
2012-02-09,1.1332419889028502,0.926
2012-02-10,0.7940983522779855,1.2
2012-02-11,0.6612612982979503,0.976
2012-02-12,0.6282945236765322,0.949
2012-02-13,0.5886574840590107,0.949
2012-02-14,0.5554653190430544,0.929
2012-02-15,0.5348058559377759,0.908
2012-02-16,0.5222542012696305,0.895
2012-02-17,0.5086562283758221,0.875
2012-02-18,0.5731723933258226,0.871
2012-02-19,0.5185301778411306,0.82
2012-02-20,0.5036775162818714,0.796
2012-02-21,0.49494776556950854,0.777
2012-02-22,0.5003016737922077,0.766
2012-02-23,0.4828503782396015,0.73
2012-02-24,0.4774030296149069,0.749
2012-02-25,0.4724492598148238,0.733
2012-02-26,0.4689923725606989,0.715
2012-02-27,0.4671493809134764,0.701
2012-02-28,0.46345973612154945,0.686
2012-02-29,0.4611042007649401,0.667
2012-03-01,0.4589159979255504,0.653
2012-03-02,0.4628370579802194,0.646
2012-03-03,0.6191610466373952,0.648
2012-03-04,0.5116781004570307,0.767
2012-03-05,0.47459381627461306,0.641
2012-03-06,0.5026252995059629,0.623
2012-03-07,0.47569956351851134,0.622
2012-03-08,0.46590517392522307,0.589
2012-03-09,0.4601921959844804,0.581
2012-03-10,0.4550408190254657,0.57
2012-03-11,0.45084589672905856,0.567
2012-03-12,0.44690737464129554,0.568
2012-03-13,0.4430375621877109,0.544
2012-03-14,0.43954026730897355,0.52
2012-03-15,0.4362607383361401,0.52
2012-03-16,0.4515817555822941,0.512
2012-03-17,0.4710700125525689,0.578
2012-03-18,0.432529899601669,0.566
2012-03-19,0.42574399331962476,0.512
2012-03-20,0.4222730906839621,0.491
2012-03-21,0.4191362676858464,0.48
2012-03-22,0.41605861234592206,0.477
2012-03-23,0.4129947742993989,0.47
2012-03-24,0.40993815802564676,0.453
2012-03-25,0.4068779848468627,0.451
2012-03-26,0.40380754140122943,0.446
2012-03-27,0.4007222333808428,0.443
2012-03-28,0.39761880580723974,0.433
2012-03-29,0.39449534051891794,0.431
2012-03-30,0.3913504952907584,0.425
2012-03-31,0.38818394891045527,0.417
2012-04-01,0.3849958067713602,0.42
2012-04-02,0.38178641669696534,0.424
2012-04-03,0.37864486922263946,0.421
2012-04-04,0.3818764966107219,0.414
2012-04-05,0.3728150006156301,0.414
2012-04-06,0.36894650615973995,0.408
2012-04-07,0.3656276185729693,0.409
2012-04-08,0.36535446574872704,0.41
2012-04-09,0.5574629184965425,0.565
2012-04-10,0.4631582565164955,0.475
2012-04-11,0.3628755133538465,0.433
2012-04-12,0.35081530106036496,0.406
2012-04-13,0.4303958187529444,0.425
2012-04-14,0.35216548273160564,0.401
2012-04-15,0.34174651449404886,0.386
2012-04-16,0.4179154031563722,0.395
2012-04-17,0.49818508164378794,0.485
2012-04-18,0.4379703226565765,0.635
2012-04-19,0.5375807401422535,0.843
2012-04-20,0.35363110059226993,0.796
2012-04-21,0.3318684715634001,0.625
2012-04-22,0.4341625998974928,0.584
2012-04-23,0.5957446422365675,1.32
2012-04-24,1.3218656314366053,1.4
2012-04-25,1.5581549958265377,4.39
2012-04-26,1.1673587971231385,2.33
2012-04-27,1.853479785648528,4.01
2012-04-28,2.191541339809244,3.34
2012-04-29,3.5105706550759717,16.6
2012-04-30,3.4619809748950474,14.4
2012-05-01,2.474687151528395,9.63
2012-05-02,2.6013430645771467,6.87
2012-05-03,2.3271371036142052,6.73
2012-05-04,1.9207636626968572,5.26
2012-05-05,1.6454197766154584,4.39
2012-05-06,1.608170256397698,3.73
2012-05-07,1.741434995139398,3.6
2012-05-08,1.4249248128000538,3.16
2012-05-09,1.4833028249888995,3.15
2012-05-10,1.1577215720556553,2.77
2012-05-11,1.0190873174617232,2.38
2012-05-12,0.9275823554436341,2.2
2012-05-13,0.8605890360939141,2.1
2012-05-14,0.8077916931487095,1.99
2012-05-15,0.7660657559902875,1.84
2012-05-16,0.7300083095595962,1.72
2012-05-17,0.7053294204717011,1.66
2012-05-18,0.6870212209179152,1.58
2012-05-19,0.6743805646930836,1.48
2012-05-20,0.6637645462730033,1.4
2012-05-21,0.6567699118032891,1.32
2012-05-22,0.6520577441379237,1.24
2012-05-23,0.6490414800546898,1.18
2012-05-24,0.6472972654542798,1.14
2012-05-25,0.6464927691631785,1.08
2012-05-26,0.6463651125426995,1.0
2012-05-27,0.6467068224911583,0.968
2012-05-28,0.6473546122258602,0.919
2012-05-29,0.6481804291853819,0.89
2012-05-30,0.6490898123210707,0.861
2012-05-31,0.6499898636735346,0.836
2012-06-01,0.6508347067514413,0.82
2012-06-02,0.848536435199156,1.05
2012-06-03,0.7390684476739428,0.896
2012-06-04,0.6602576537149946,0.801
2012-06-05,0.8120248090538567,0.958
2012-06-06,0.831060208220537,0.936
2012-06-07,0.8954148757954021,1.96
2012-06-08,0.9059019221794206,1.53
2012-06-09,0.7584859339577281,1.2
2012-06-10,0.8937656706884824,1.33
2012-06-11,0.7209443929809548,1.2
2012-06-12,0.6992937601114174,1.09
2012-06-13,0.6826088579193413,1.03
2012-06-14,0.8980619800750399,1.17
2012-06-15,0.8229562552088688,1.13
2012-06-16,0.7559233385533378,1.1
2012-06-17,1.0223025817918385,1.12
2012-06-18,0.7965384119883422,1.07
2012-06-19,0.7517907021030747,0.997
2012-06-20,1.199926578299012,1.36
2012-06-21,2.1483476143192606,2.85
2012-06-22,1.561914806389131,2.2
2012-06-23,2.0547840325545987,2.37
2012-06-24,1.5261449668050846,2.24
2012-06-25,1.238260371872713,1.98
2012-06-26,1.1544103920002085,1.92
2012-06-27,1.047775198397517,1.8
2012-06-28,0.9771946595358229,1.67
2012-06-29,0.9311694135188888,1.55
2012-06-30,0.8808267262784837,1.44
2012-07-01,0.85158104996464,1.33
2012-07-02,0.9404894828598309,1.32
2012-07-03,0.9205800039280225,1.27
2012-07-04,0.9044335516890001,1.23
2012-07-05,0.8288409088649045,1.14
2012-07-06,1.3538196056378549,1.78
2012-07-07,1.5140603327406652,3.5
2012-07-08,1.2707255900544658,2.21
2012-07-09,1.098539935573485,2.09
2012-07-10,0.9746857401797002,1.96
2012-07-11,0.9158710707515839,1.83
2012-07-12,1.6565745895300032,1.99
2012-07-13,1.4078358007522107,1.87
2012-07-14,1.138708193803249,1.69
2012-07-15,1.0853623087687063,1.51
2012-07-16,1.0030539686584001,1.49
2012-07-17,0.9249001269950068,1.38
2012-07-18,0.9154461180348282,1.36
2012-07-19,0.8425851858133165,1.27
2012-07-20,0.8123068734555079,1.2
2012-07-21,0.7905002434331527,1.14
2012-07-22,0.7730588733304399,1.08
2012-07-23,0.7588474406563704,1.03
2012-07-24,0.7471558294072904,0.99
2012-07-25,0.7374354521854564,0.95
2012-07-26,0.7292507289283824,0.916
2012-07-27,0.7222554444875933,0.874
2012-07-28,0.7166767423132134,0.848
2012-07-29,0.7111045428829114,0.835
2012-07-30,0.7372800571728804,0.813
2012-07-31,0.7053737414504389,0.812
2012-08-01,0.6988453204124535,0.784
2012-08-02,0.7213333620159812,0.777
2012-08-03,0.759607265286649,0.806
2012-08-04,0.8971096760026522,0.992
2012-08-05,0.7695178605879954,0.901
2012-08-06,0.7967469312871535,0.91
2012-08-07,0.771477713330687,0.819
2012-08-08,0.7058798839796864,0.816
2012-08-09,0.685768874256136,0.729
2012-08-10,0.6774219997215224,0.678
2012-08-11,0.709281245395476,0.664
2012-08-12,0.6688722837479285,0.692
2012-08-13,0.6598832360961985,0.658
2012-08-14,0.6553400438942218,0.614
2012-08-15,0.8429299217619707,0.799
2012-08-16,0.8735111255718763,0.812
2012-08-17,1.088643160634243,1.18
2012-08-18,0.8058379169304156,0.847
2012-08-19,0.753784860753026,0.783
2012-08-20,0.7214803714804929,0.74
2012-08-21,0.7703910973190993,0.781
2012-08-22,0.6955442994725655,0.727
2012-08-23,0.6728249315827446,0.72
2012-08-24,0.6608862282831613,0.748
2012-08-25,0.6446782185090554,0.738
2012-08-26,0.6328687946120566,0.686
2012-08-27,0.7032076111952251,0.743
2012-08-28,0.710442179203635,0.701
2012-08-29,0.8694868247214845,0.983
2012-08-30,0.6799915457166825,0.742
2012-08-31,0.6453882645568719,0.687
2012-09-01,0.6277380402127111,0.666
2012-09-02,0.6136739540511963,0.666
2012-09-03,0.6015841545527935,0.65
2012-09-04,0.59105153587845,0.643
2012-09-05,0.5817225997065247,0.612
2012-09-06,0.5733471296785404,0.606
2012-09-07,0.5657262009435529,0.595
2012-09-08,0.5586991262278246,0.586
2012-09-09,0.5522377014655386,0.585
2012-09-10,0.546240869248907,0.59
2012-09-11,0.5402409678437098,0.569
2012-09-12,0.5345713914006978,0.568
2012-09-13,0.5289916950057378,0.548
2012-09-14,0.52366124891741,0.543
2012-09-15,0.5183988006379029,0.537
2012-09-16,0.5132703991523957,0.532
2012-09-17,0.5082587488213112,0.519
2012-09-18,0.5031831157116295,0.499
2012-09-19,0.49820630687206335,0.484
2012-09-20,0.4932666156771742,0.489
2012-09-21,0.4883553565087892,0.49
2012-09-22,0.4982119864198923,0.475
2012-09-23,0.6799338759728192,1.9
2012-09-24,0.7169388334382644,2.79
2012-09-25,0.7236150324185975,1.19
2012-09-26,0.9939681706487751,1.18
2012-09-27,0.83211595597703,1.02
2012-09-28,0.8198169947251308,0.954
2012-09-29,0.5624862454639822,0.9
2012-09-30,0.6834724254364702,0.895
2012-10-01,0.5760218607068603,0.876
2012-10-02,0.7842238491756962,0.86
2012-10-03,0.6936298914947524,0.863
2012-10-04,1.3831629581501168,1.17
2012-10-05,2.0706242728879123,3.13
2012-10-06,1.449440510409959,2.19
2012-10-07,1.1518086470170255,1.79
2012-10-08,1.0738581546880266,1.72
2012-10-09,1.654870678794191,2.28
2012-10-10,1.2440524445386623,1.88
2012-10-11,2.0453858862215784,3.91
2012-10-12,1.916592783310017,2.95
2012-10-13,1.451431107627269,3.21
2012-10-14,1.3296248327844216,2.65
2012-10-15,1.5322678366034244,2.72
2012-10-16,1.4977919178107573,2.59
2012-10-17,1.2833983669396583,2.42
2012-10-18,1.2132333009528578,2.17
2012-10-19,1.012018503017388,1.98
2012-10-20,0.9116571083816244,1.84
2012-10-21,0.860678951060213,1.74
2012-10-22,0.8741172438964124,1.7
2012-10-23,0.7797901199089483,1.61
2012-10-24,0.7281993460039735,1.54
2012-10-25,0.9560581078942162,1.53
2012-10-26,0.7776238115575638,1.59
2012-10-27,0.7673129802765432,1.4
2012-10-28,0.8446316459218615,1.42
2012-10-29,0.7335677461825093,1.36
2012-10-30,0.7005357803965826,1.3
2012-10-31,0.9869821447630649,1.39
2012-11-01,1.1503198216183586,1.58
2012-11-02,1.0122035476253173,1.47
2012-11-03,1.4606805451443479,1.48
2012-11-04,1.4442087064022717,2.46
2012-11-05,1.0677778070851571,1.72
2012-11-06,0.9659026420871002,1.61
2012-11-07,0.8941576801359044,1.58
2012-11-08,0.836177165441897,1.54
2012-11-09,0.9997622763222687,1.54
2012-11-10,1.0161497490119709,1.54
2012-11-11,0.9417151043158862,1.42
2012-11-12,0.897387414289962,1.41
2012-11-13,0.8256616277462387,1.33
2012-11-14,0.7827981013553298,1.27
2012-11-15,0.7544597104346992,1.24
2012-11-16,0.902238123421421,1.28
2012-11-17,0.7747709013416935,1.23
2012-11-18,0.7407408779064729,1.17
2012-11-19,1.0645880060306738,1.17
2012-11-20,2.9036269505002923,4.49
2012-11-21,2.309133315011854,11.8
2012-11-22,2.9863651259413984,8.47
2012-11-23,2.206604026945272,5.25
2012-11-24,3.9026237864655715,13.8
2012-11-25,3.2497682045578626,10.1
2012-11-26,3.4052461968573744,8.83
2012-11-27,2.6399555968037305,8.63
2012-11-28,2.2950549458783445,6.1
2012-11-29,2.04610907909843,5.15
2012-11-30,1.8516882911098993,4.39
2012-12-01,1.7008608766251814,3.77
2012-12-02,1.7999616382646626,3.42
2012-12-03,1.7202054567773308,3.12
2012-12-04,1.8328092671292162,3.1
2012-12-05,1.4338705035734964,2.72
2012-12-06,1.75313910325374,2.66
2012-12-07,1.4066620319631271,2.43
2012-12-08,1.3045047023859357,2.18
2012-12-09,1.2278344429595545,2.08
2012-12-10,1.1748185018089072,1.96
2012-12-11,1.1342992102518346,1.87
2012-12-12,1.1015539373947214,1.82
2012-12-13,1.3570233520672783,1.77
2012-12-14,1.6383684675087309,2.2
2012-12-15,1.4001297082351183,1.84
2012-12-16,1.517284434696566,1.76
2012-12-17,1.3909319541782112,1.71
2012-12-18,1.6094623172939413,1.6
2012-12-19,2.32265030516197,2.75
2012-12-20,2.246749781199146,4.31
2012-12-21,2.62542723815376,3.5
2012-12-22,2.770914989575146,5.87
2012-12-23,2.81830922902684,4.68
2012-12-24,2.5856931462989907,7.08
2012-12-25,2.483884781183034,4.91
2012-12-26,2.444807916602764,4.73
2012-12-27,2.3944933071328562,4.62
2012-12-28,2.521871477039205,4.15
2012-12-29,2.6674383872071106,5.8
2012-12-30,2.127689280885897,4.64
2012-12-31,2.387152331254934,5.16
2013-01-01,1.9423221273633373,4.17
2013-01-02,1.7827685907095905,3.77
2013-01-03,1.6710301495410511,3.43
2013-01-04,1.5852541903330089,3.14
2013-01-05,1.5183448848990337,2.88
2013-01-06,1.4713667782612811,2.66
2013-01-07,1.4267636602503775,2.47
2013-01-08,1.4277286943572578,2.3
2013-01-09,1.383821706935696,2.15
2013-01-10,1.695099362870316,2.2
2013-01-11,1.7418672916507238,2.02
2013-01-12,2.341417284221039,3.57
2013-01-13,1.8299771836639425,2.21
2013-01-14,2.0455919464245955,2.25
2013-01-15,1.7261389725858673,2.06
2013-01-16,1.6275049210159984,1.9
2013-01-17,2.2713245997177,1.86
2013-01-18,2.01352058883374,2.18
2013-01-19,1.7492420660139825,1.92
2013-01-20,1.653176806891712,1.8
2013-01-21,2.0673264723500027,1.96
2013-01-22,3.134563456887738,4.5
2013-01-23,2.7054577216450824,3.16
2013-01-24,2.33109095750643,2.61
2013-01-25,2.561205226172806,7.0
2013-01-26,2.849723927762789,6.26
2013-01-27,2.643011710161836,6.82
2013-01-28,3.115844245043641,7.45
2013-01-29,3.241134009498799,7.81
2013-01-30,2.7888258446224237,6.21
2013-01-31,2.6737583060249652,5.43
2013-02-01,2.2716182540137555,4.97
2013-02-02,2.093407816549694,4.06
2013-02-03,1.973614517090744,3.67
2013-02-04,2.276564604354138,3.44
2013-02-05,2.0324931921893326,3.19
2013-02-06,1.8717266314027936,2.79
2013-02-07,2.1568581975972863,2.73
2013-02-08,2.0298817203070696,2.55
2013-02-09,2.6338706827618386,2.8
2013-02-10,2.7476378702760416,5.54
2013-02-11,2.1781410847773586,3.18
2013-02-12,2.0258041813748404,2.93
2013-02-13,2.747425600810235,3.74
2013-02-14,2.1859526049402667,3.44
2013-02-15,2.006122466628629,2.89
2013-02-16,1.907889463730903,2.77
2013-02-17,1.8333025522135162,2.63
2013-02-18,1.7738227338245276,2.46
2013-02-19,1.726525022320707,2.3
2013-02-20,1.6882860110782802,2.13
2013-02-21,1.6571956868185556,1.99
2013-02-22,1.6320703258526945,1.89
2013-02-23,1.614960174180376,1.78
2013-02-24,1.5950881030702955,1.69
2013-02-25,1.581757461303715,1.61
2013-02-26,1.5700614729256277,1.54
2013-02-27,1.5567713665907121,1.48
2013-02-28,1.5476242846571717,1.4
2013-03-01,1.5379863582736475,1.37
2013-03-02,1.529635533110904,1.41
2013-03-03,1.5218474834526199,1.37
2013-03-04,1.5142210132833953,1.35
2013-03-05,1.507174843554721,1.31
2013-03-06,1.5372965534444532,1.29
2013-03-07,1.5923047898199887,1.3
2013-03-08,1.553976123612175,1.25
2013-03-09,1.5783663643455397,1.23
2013-03-10,1.637086533216779,1.22
2013-03-11,1.5343224194042822,1.14
2013-03-12,1.5070454525130692,1.09
2013-03-13,1.4974223175941468,1.08
2013-03-14,1.4807276102414832,1.03
2013-03-15,1.9094186255397405,1.52
2013-03-16,1.9493966340747884,1.55
2013-03-17,1.6381596137769292,1.31
2013-03-18,1.5677221832256436,1.21
2013-03-19,1.8878005055895657,1.28
2013-03-20,1.768381282775705,1.19
2013-03-21,2.737121158860274,2.99
2013-03-22,2.771118921087491,4.37
2013-03-23,2.3347293841230132,3.03
2013-03-24,1.9679948324089822,2.74
2013-03-25,1.8313075275289976,2.51
2013-03-26,1.7351372802290885,2.28
2013-03-27,1.662053853227848,2.08
2013-03-28,1.595631880366328,1.93
2013-03-29,1.5437128514804337,1.8
2013-03-30,1.500993588431591,1.68
2013-03-31,1.4653704516251456,1.58
2013-04-01,1.4353579073946694,1.5
2013-04-02,1.4097870159166066,1.43
2013-04-03,1.3877265217612371,1.37
2013-04-04,1.368433885609531,1.32
2013-04-05,1.3513173467019064,1.26
2013-04-06,1.3359056826345026,1.23
2013-04-07,1.3218240286565184,1.21
2013-04-08,1.3375298563724012,1.19
2013-04-09,1.300997711800182,1.18
2013-04-10,1.383070437711545,1.2
2013-04-11,1.474225930623394,1.27
2013-04-12,1.3062022953165333,1.3
2013-04-13,1.4403224866659583,1.23
2013-04-14,1.3143921716693772,1.15
2013-04-15,1.2945398674747692,1.08
2013-04-16,1.2632569975310604,1.04
2013-04-17,1.2450163790851814,1.01
2013-04-18,1.2289636583407049,0.972
2013-04-19,1.2140383586156633,0.939
2013-04-20,1.2003551037586084,0.932
2013-04-21,1.187494397410629,0.935
2013-04-22,1.1751428506902888,0.921
2013-04-23,1.163263794560762,0.886
2013-04-24,1.1517550877008087,0.868
2013-04-25,1.164688080516669,0.874
2013-04-26,1.132378409678669,0.846
2013-04-27,1.1195253175740685,0.814
2013-04-28,1.1085969218954579,0.806
2013-04-29,1.097769263202404,0.787
2013-04-30,1.0871256422424582,0.77
2013-05-01,1.0765639445281483,0.755
2013-05-02,1.0660606514263598,0.741
2013-05-03,1.0557533983180176,0.735
2013-05-04,1.0451965226311764,0.726
2013-05-05,1.0347937744122393,0.713
2013-05-06,1.024428418365169,0.702
2013-05-07,1.0199498433772063,0.691
2013-05-08,1.004516225520374,0.698
2013-05-09,1.032437157634128,0.709
2013-05-10,1.0118642903602582,0.689
2013-05-11,0.9762766871770021,0.676
2013-05-12,0.9635406443204477,0.655
2013-05-13,0.9531478371955794,0.628
2013-05-14,1.1448818235998859,1.0
2013-05-15,1.1321996370617062,0.766
2013-05-16,0.941434437704159,0.664
2013-05-17,0.9154947991185367,0.636
2013-05-18,0.9035479538015476,0.615
2013-05-19,0.8931640710713247,0.595
2013-05-20,0.8829984450536745,0.588
2013-05-21,0.872927580104723,0.589
2013-05-22,0.8629393134315695,0.568
2013-05-23,0.8532629512231524,0.558
2013-05-24,0.8432635069751782,0.557
2013-05-25,0.8333901151197747,0.536
2013-05-26,0.8236644722754749,0.531
2013-05-27,0.9432218004234437,0.569
2013-05-28,1.0240320595177002,0.735
2013-05-29,0.8214584664352403,0.623
2013-05-30,0.7930609823684711,0.552
2013-05-31,0.7810255307512359,0.515
2013-06-01,0.7706850036171112,0.503
2013-06-02,0.7607142625210859,0.491
2013-06-03,0.7509656934777401,0.475
2013-06-04,0.7414008001077662,0.456
2013-06-05,0.7319959805799189,0.452
2013-06-06,0.7227344279680467,0.451
2013-06-07,0.7143461554987878,0.452
2013-06-08,0.7046437127680849,0.43
2013-06-09,0.6956710620148645,0.428
2013-06-10,0.6872507201962338,0.429
2013-06-11,0.6782263081191031,0.433
2013-06-12,0.6698189670065451,0.429
2013-06-13,0.661084073818858,0.42
2013-06-14,0.652823795512973,0.409
2013-06-15,0.6445293555491408,0.407
2013-06-16,0.6363072763868877,0.404
2013-06-17,0.6280195952231091,0.404
2013-06-18,0.6195315151034329,0.393
2013-06-19,0.6583223046215698,0.376
2013-06-20,0.6085084943976553,0.439
2013-06-21,0.5968208991176721,0.392
2013-06-22,0.5884237867095257,0.389
2013-06-23,0.5805995934961791,0.38
2013-06-24,0.5726575059559759,0.362
2013-06-25,0.564983739113483,0.358
2013-06-26,0.55741387509832,0.356
2013-06-27,0.6021373879469659,0.386
2013-06-28,0.5472252556135402,0.375
2013-06-29,0.5357269643609718,0.335
2013-06-30,0.5281045920957684,0.329
2013-07-01,0.5208965775667569,0.326
2013-07-02,0.5138164605506508,0.339
2013-07-03,0.5067853437826482,0.305
2013-07-04,0.4998472147732164,0.294
2013-07-05,0.49298857037638055,0.303
2013-07-06,0.48620685190100665,0.293
2013-07-07,0.47950111647180765,0.289
2013-07-08,0.47287064722076894,0.282
2013-07-09,0.46631481208702064,0.275
2013-07-10,0.45983303566684536,0.266
2013-07-11,0.45342478422888816,0.256
2013-07-12,0.4470895545165632,0.251
2013-07-13,0.4408268649876194,0.245
2013-07-14,0.43463624894760855,0.24
2013-07-15,0.42851724918958983,0.254
2013-07-16,0.4224694138341444,0.247
2013-07-17,0.4164922931254279,0.237
2013-07-18,0.41058543698799826,0.221
2013-07-19,0.4047483931883148,0.213
2013-07-20,0.39898070597614504,0.205
2013-07-21,0.3932819151061656,0.208
2013-07-22,0.3876515551601002,0.207
2013-07-23,0.382089155105761,0.217
2013-07-24,0.4385778706690385,0.226
2013-07-25,0.3765759419898562,0.252
2013-07-26,0.36627805225134125,0.224
2013-07-27,0.43883747419483776,0.285
2013-07-28,0.386080795040074,0.282
2013-07-29,0.3528043957761942,0.253
2013-07-30,0.34525176534443497,0.211
2013-07-31,0.3399985753618216,0.218
2013-08-01,0.33500691013817985,0.198
2013-08-02,0.33009529638742263,0.195
2013-08-03,0.3252475776044657,0.214
2013-08-04,0.4032568211524022,0.244
2013-08-05,0.5199256151527252,0.627
2013-08-06,0.39246262970631124,0.32
2013-08-07,0.31357321783111713,0.275
2013-08-08,0.302706713773946,0.255
2013-08-09,0.29751210496181807,0.242
2013-08-10,0.29347132075230536,0.232
2013-08-11,0.2886901269879653,0.229
2013-08-12,0.2843437355513134,0.217
2013-08-13,0.28016835085153685,0.218
2013-08-14,0.2768456493142713,0.244
2013-08-15,0.272476204033901,0.236
2013-08-16,0.26772928307884913,0.219
2013-08-17,0.26426197191836354,0.233
2013-08-18,0.2599614907126572,0.217
2013-08-19,0.25576171600218844,0.206
2013-08-20,0.25186405558378344,0.208
2013-08-21,0.2481567122938631,0.209
2013-08-22,0.24428784388330074,0.202
2013-08-23,0.24076478009413016,0.212
2013-08-24,0.23693264692975288,0.205
2013-08-25,0.23329088538298257,0.204
2013-08-26,0.22972366127698424,0.2
2013-08-27,0.22620942957644455,0.2
2013-08-28,0.2227440711675554,0.174
2013-08-29,0.2193485870866979,0.178
2013-08-30,0.2159724331295743,0.174
2013-08-31,0.21263597635778544,0.162
2013-09-01,0.20935829254783972,0.16
2013-09-02,0.20612805979239077,0.161
2013-09-03,0.20294343131415138,0.158
2013-09-04,0.19980375339297454,0.151
2013-09-05,0.20459788753760313,0.156
2013-09-06,0.22030501130481273,0.176
2013-09-07,0.20506605083578022,0.216
2013-09-08,0.18898136184681016,0.179
2013-09-09,0.18488718082306166,0.174
2013-09-10,0.18189984659057243,0.166
2013-09-11,0.22033527714686182,0.194
2013-09-12,0.17996334791773702,0.225
2013-09-13,0.3744706211591614,0.489
2013-09-14,0.3333501670724747,0.293
2013-09-15,0.267404705212323,0.265
2013-09-16,0.2584014961176726,0.328
2013-09-17,0.3835393398180282,0.419
2013-09-18,0.1876979334046019,0.316
2013-09-19,0.16720824612694202,0.262
2013-09-20,0.16154786539857102,0.241
2013-09-21,0.15786376896357687,0.238
2013-09-22,0.15458790410246528,0.237
2013-09-23,0.15151786887546717,0.234
2013-09-24,0.14863828573924098,0.234
2013-09-25,0.1467037172132561,0.22
2013-09-26,0.14355163210038893,0.226
2013-09-27,0.16355559170126002,0.212
2013-09-28,0.14175064617041314,0.238
2013-09-29,0.13714082987061055,0.215
2013-09-30,0.13461189450177188,0.218
2013-10-01,0.21725689803496187,0.214
2013-10-02,0.3446709022702258,0.278
2013-10-03,0.40221741195054206,0.686
2013-10-04,0.3821899564754666,0.414
2013-10-05,0.29955991918663477,0.32
2013-10-06,0.1569222227144245,0.267
2013-10-07,0.13906775127651375,0.254
2013-10-08,0.13309622048950703,0.245
2013-10-09,0.12845150117123655,0.23
2013-10-10,0.1245124394304295,0.213
2013-10-11,0.12112747569453555,0.211
2013-10-12,0.22881839052283953,0.258
2013-10-13,0.33458177235911263,0.466
2013-10-14,0.14072820913695036,0.344
2013-10-15,0.24105709784831844,0.286
2013-10-16,0.22477481637100039,0.496
2013-10-17,0.13186351500474974,0.334
2013-10-18,0.1936735092541445,0.331
2013-10-19,0.3610547520410624,0.57
2013-10-20,0.3685405473183224,0.476
2013-10-21,0.5409925565758519,1.05
2013-10-22,0.6363992825242217,1.415
2013-10-23,0.3440949874968621,1.163
2013-10-24,0.7337053658113605,1.213
2013-10-25,0.582495868059513,1.432
2013-10-26,0.5261191963502538,1.266
2013-10-27,1.1989998733127538,2.26
2013-10-28,1.0196053885390026,2.768
2013-10-29,0.8717227177092163,2.184
2013-10-30,0.652001954320914,1.938
2013-10-31,0.5017673455337655,1.732
2013-11-01,0.4535078759840762,1.564
2013-11-02,0.7565541622875751,1.449
2013-11-03,1.5984483102997815,3.52
2013-11-04,1.3420035512643849,2.89
2013-11-05,1.2483928885142226,2.836
2013-11-06,1.225249716947801,2.812
2013-11-07,0.8194250733367062,2.516
2013-11-08,1.1839079398253691,2.65
2013-11-09,1.018566150165646,2.478
2013-11-10,1.455348288562477,2.41
2013-11-11,0.9088272767626658,2.667
2013-11-12,0.7398555876752249,2.145
2013-11-13,0.8669981486624935,2.06
2013-11-14,0.6664617456107407,1.925
2013-11-15,0.5711200260782953,1.747
2013-11-16,0.5158036637720713,1.618
2013-11-17,0.47900289982660954,1.531
2013-11-18,0.5153717352744586,1.454
2013-11-19,0.6125886553159393,1.335
2013-11-20,0.6604106359000957,1.391
2013-11-21,0.5080800535127722,1.24
2013-11-22,0.46361286790350276,1.14
2013-11-23,0.43604370086603905,1.073
2013-11-24,0.41514790482937797,1.023
2013-11-25,0.399389915594428,0.969
2013-11-26,0.38777821729146233,0.94
2013-11-27,0.37892056334540597,0.917
2013-11-28,0.3726832610543778,0.885
2013-11-29,0.36818079079180416,0.855
2013-11-30,0.3651853734318426,0.825
2013-12-01,0.3632592180625053,0.8
2013-12-02,0.3621930158767844,0.779
2013-12-03,0.3621950614945728,0.761
2013-12-04,0.37573689649296194,0.744
2013-12-05,0.37182124567033215,0.719
2013-12-06,0.3704087740489674,0.701
2013-12-07,0.36888674995233156,0.69
2013-12-08,0.36819419095465655,0.672
2013-12-09,0.3671704118077198,0.654
2013-12-10,0.3674433348655275,0.639
2013-12-11,0.3678153942916061,0.636
2013-12-12,0.3817726783823063,0.632
2013-12-13,0.38809257645086914,0.615
2013-12-14,0.5519007398922364,0.684
2013-12-15,0.7728032891682868,0.844
2013-12-16,1.0010301158482102,0.973
2013-12-17,0.6410889393969017,0.988
2013-12-18,1.7063124638651608,2.766
2013-12-19,1.3177242115305703,1.754
2013-12-20,1.5873485141361598,1.717
2013-12-21,1.6053922834819043,2.242
2013-12-22,1.3415515684440742,2.376
2013-12-23,3.549208474331313,12.89
2013-12-24,2.2435412306339644,6.742
2013-12-25,2.139916553981527,5.283
2013-12-26,2.2040349889245756,5.021
2013-12-27,1.9421573464114708,4.469
2013-12-28,1.6450264511286437,3.665
2013-12-29,2.2433428456244546,3.598
2013-12-30,2.090015939360075,5.648
2013-12-31,2.0798855210719385,4.281
2014-01-01,3.003306090453961,11.43
2014-01-02,2.5586610417502906,6.835
2014-01-03,2.598633267343798,6.929
2014-01-04,2.079939538162058,5.869
2014-01-05,2.4996556565567785,6.674
2014-01-06,2.8462849304067177,6.123
2014-01-07,2.1435934357446484,7.519
2014-01-08,2.344181013410082,5.856
2014-01-09,1.831313548829206,5.363
2014-01-10,1.5789243931996326,4.467
2014-01-11,1.419683647791043,3.938
2014-01-12,1.5505633918604915,3.752
2014-01-13,1.644107889779322,3.662
2014-01-14,1.6388755296729685,3.396
2014-01-15,1.7752130311137067,3.367
2014-01-16,1.80302881151679,3.631
2014-01-17,2.193539645782626,3.979
2014-01-18,2.55134847025585,6.535
2014-01-19,1.8935764796519214,4.535
2014-01-20,1.6275915762136675,4.073
2014-01-21,1.9261870409006516,4.067
2014-01-22,1.608856235647866,3.57
2014-01-23,1.9146834998804214,3.215
2014-01-24,1.9069709080864983,3.917
2014-01-25,2.099021494319506,3.184
2014-01-26,2.450381183420666,5.227
2014-01-27,2.23356026120616,4.182
2014-01-28,2.274890642902034,4.629
2014-01-29,1.866594030391521,4.121
2014-01-30,1.689046056280123,3.725
2014-01-31,2.743646319304058,5.911
2014-02-01,2.7091500403696394,5.515
2014-02-02,2.225171021945877,4.61
2014-02-03,2.49481382685495,4.755
2014-02-04,3.644343362656508,7.628
2014-02-05,3.341868364694063,11.66
2014-02-06,3.6694379989997477,9.952
2014-02-07,3.3781594390754828,8.705
2014-02-08,3.7491854361278074,8.56
2014-02-09,3.1038286344460033,8.687
2014-02-10,3.2714735185617205,6.544
2014-02-11,2.963098852289865,7.338
2014-02-12,3.4783925516783993,8.756
2014-02-13,3.14416338154041,6.452
2014-02-14,3.7778782533650164,12.56
2014-02-15,3.090582353081051,8.004
2014-02-16,2.784909975449033,6.52
2014-02-17,2.936951030835215,6.184
2014-02-18,2.6415873536324717,5.376
2014-02-19,2.4278997187279896,4.681
2014-02-20,2.3190982052738556,4.26
2014-02-21,2.240740326708317,3.888
2014-02-22,2.0961224760752013,3.469
2014-02-23,2.0050728967093248,3.193
2014-02-24,2.2781482969894546,3.148
2014-02-25,2.105145549877014,2.926
2014-02-26,2.406129991478755,2.821
2014-02-27,2.3948968516418003,2.948
2014-02-28,2.164237729499935,2.725
2014-03-01,2.0442391874627694,2.493
2014-03-02,2.6513271954546394,3.113
2014-03-03,2.4844679514294965,3.596
2014-03-04,2.178741427780218,2.744
2014-03-05,2.0782594570255597,2.564
2014-03-06,2.0673350724639583,2.482
2014-03-07,1.9862843827334624,2.356
2014-03-08,1.9375007117380332,2.219
2014-03-09,1.9010133409727779,2.081
2014-03-10,1.8722110192076518,1.95
2014-03-11,1.8492409678527737,1.849
2014-03-12,1.8325012274246981,1.764
2014-03-13,1.8160356044652919,1.684
2014-03-14,1.803328722312797,1.609
2014-03-15,1.792884908388291,1.521
2014-03-16,1.7839236982038063,1.471
2014-03-17,1.7760417883982882,1.415
2014-03-18,1.7693152667441987,1.354
2014-03-19,1.7622174375850743,1.31
2014-03-20,1.8307671279124655,1.335
2014-03-21,1.964520830214613,1.402
2014-03-22,1.8255436948703512,1.332
2014-03-23,1.7784722645108626,1.211
2014-03-24,1.862440188115191,1.201
2014-03-25,1.7858168694862349,1.145
2014-03-26,1.7619207633136809,1.093
2014-03-27,1.8208207312247924,1.066
2014-03-28,2.0553652813399244,1.287
2014-03-29,1.8206867960602473,1.177
2014-03-30,1.776808728533261,1.063
2014-03-31,1.765365840819486,1.036
2014-04-01,1.7904195263120426,1.014
2014-04-02,1.7429265407994206,1.021
2014-04-03,1.7824680787867042,1.011
2014-04-04,1.7184595327475827,0.951
2014-04-05,1.6960252842938217,0.929
2014-04-06,1.840029593999658,0.972
2014-04-07,1.7779697911098702,1.165
2014-04-08,1.6943695100929916,0.96
2014-04-09,1.6652284523882777,0.928
2014-04-10,1.6434575935068194,0.914
2014-04-11,1.6241758618687632,0.902
2014-04-12,1.6065473863571083,0.901
2014-04-13,1.5901678143977291,0.88
2014-04-14,1.5747644538951238,0.86
2014-04-15,1.560109499240511,0.844
2014-04-16,1.5460249849161254,0.831
2014-04-17,1.532371129500314,0.822
2014-04-18,1.5190379630492115,0.806
2014-04-19,1.5059398052725699,0.797
2014-04-20,1.6940829177040075,0.965
2014-04-21,1.6568437466678572,0.88
2014-04-22,1.4885153085273521,0.936
2014-04-23,1.4601978683386478,0.801
2014-04-24,1.4452484409276882,0.771
2014-04-25,1.5406551046118477,0.83
2014-04-26,1.6698245936620182,1.048
2014-04-27,1.8735712363600057,1.406
2014-04-28,1.5978164721613761,1.083
2014-04-29,1.5124335991371334,0.965
2014-04-30,1.5592490234098875,0.921
2014-05-01,1.5960048573952619,0.984
2014-05-02,1.4878517226088326,0.884
2014-05-03,1.4442585722750596,0.849
2014-05-04,1.410963921643727,0.831
2014-05-05,1.4327860012120417,0.85
2014-05-06,1.368969072955547,0.839
2014-05-07,1.353514709399772,0.802
2014-05-08,1.3247298507934002,0.815
2014-05-09,1.3360699359668768,0.78
2014-05-10,1.2916476714918899,0.786
2014-05-11,1.2699373553607234,0.731
2014-05-12,1.252094481106541,0.727
2014-05-13,1.2357559605291641,0.703
2014-05-14,1.220790199924069,0.673
2014-05-15,1.2065514540193685,0.66
2014-05-16,1.192795496865493,0.652
2014-05-17,1.1794195499772655,0.641
2014-05-18,1.1663551079659293,0.636
2014-05-19,1.1536150323179772,0.64
2014-05-20,1.1409270097437096,0.629
2014-05-21,1.3254376643150112,0.722
2014-05-22,1.3468003923570477,0.976
2014-05-23,1.3365476198892179,0.891
2014-05-24,1.647242035700386,0.951
2014-05-25,1.2893566913150125,0.83
2014-05-26,1.208568682466408,0.782
2014-05-27,1.1677079227009988,0.779
2014-05-28,1.2422065024246303,0.799
2014-05-29,1.4132584295668882,1.01
2014-05-30,1.1915865999854607,0.877
2014-05-31,1.136654111673709,0.805
2014-06-01,1.102261768477486,0.781
2014-06-02,1.1557847701950192,0.913
2014-06-03,1.2455732586285522,0.84
2014-06-04,1.5138308865333172,1.48
2014-06-05,1.191363685467862,1.048
2014-06-06,1.4802211579902227,1.022
2014-06-07,1.229812787689117,1.108
2014-06-08,1.3717783940918424,1.044
2014-06-09,1.20698066749089,0.972
2014-06-10,1.1338676682866993,0.922
2014-06-11,1.0687797669989478,0.869
2014-06-12,1.0306182077403236,0.837
2014-06-13,0.9998047124365094,0.805
2014-06-14,0.9736274535928681,0.778
2014-06-15,0.951047401255963,0.758
2014-06-16,0.9313295291380246,0.736
2014-06-17,0.9139000091384122,0.708
2014-06-18,0.898298647953611,0.693
2014-06-19,0.8841585325080837,0.676
2014-06-20,0.8711868913507499,0.651
2014-06-21,0.859150207607191,0.632
2014-06-22,0.8478623108140761,0.611
2014-06-23,0.8371749154710976,0.597
2014-06-24,0.8269699862761019,0.565
2014-06-25,0.8171536772940143,0.549
2014-06-26,0.9182845267836038,0.599
2014-06-27,0.8871507164972994,0.818
2014-06-28,0.8280695313805835,0.657
2014-06-29,0.7857520915685617,0.581
2014-06-30,0.7736525232855527,0.545
2014-07-01,0.7644872185005267,0.52
2014-07-02,0.7557270335145652,0.499
2014-07-03,0.7471252354587946,0.499
2014-07-04,0.7453706420310187,0.519
2014-07-05,0.7309483593218218,0.499
2014-07-06,0.7221036274626306,0.475
2014-07-07,0.8436506645489202,0.547
2014-07-08,0.7174106022791681,0.522
2014-07-09,0.6985851358530074,0.461
2014-07-10,0.6896175967715684,0.444
2014-07-11,0.6815587371268204,0.436
2014-07-12,0.6737391917903672,0.44
2014-07-13,0.6657818164863831,0.424
2014-07-14,0.6580321012337924,0.417
2014-07-15,0.650217885380572,0.403
2014-07-16,0.6425112118721797,0.401
2014-07-17,0.6348926481459712,0.391
2014-07-18,0.6726592290281266,0.392
2014-07-19,0.623885326757594,0.465
2014-07-20,0.6126665100817372,0.383
2014-07-21,0.6048892414559544,0.357
2014-07-22,0.5974648616804443,0.347
2014-07-23,0.5901235096891618,0.342
2014-07-24,0.5828416775004778,0.334
2014-07-25,0.5756174062335633,0.332
2014-07-26,0.568450704987755,0.325
2014-07-27,0.5613418027475138,0.326
2014-07-28,0.5542909786265903,0.339
2014-07-29,0.5472985335120273,0.315
2014-07-30,0.5403647770156125,0.308
2014-07-31,0.5334900181317039,0.31
2014-08-01,0.7236350292056206,0.653
2014-08-02,0.735851424737659,0.599
2014-08-03,0.5427123989830257,0.383
2014-08-04,0.5562416909788367,0.366
2014-08-05,0.7182804764731756,0.946
2014-08-06,0.5201633418189897,0.538
2014-08-07,0.4955403523422151,0.411
2014-08-08,0.48642059873558097,0.39
2014-08-09,0.5571614363915989,0.384
2014-08-10,0.48169790534589224,0.389
2014-08-11,0.46846161057525554,0.365
2014-08-12,0.460599389335003,0.355
2014-08-13,0.4537789961702843,0.356
2014-08-14,0.45800427153731976,0.374
2014-08-15,0.4422795956259299,0.34
2014-08-16,0.4350637009613896,0.335
2014-08-17,0.42901886117620364,0.332
2014-08-18,0.4227259808500907,0.324
2014-08-19,0.4167231685332792,0.317
2014-08-20,0.41073346512156955,0.308
2014-08-21,0.4153834756842096,0.32
2014-08-22,0.4007265770232238,0.327
2014-08-23,0.3941577912909765,0.32
2014-08-24,0.40136661133188245,0.311
2014-08-25,0.5835471748160718,0.469
2014-08-26,0.3966565498814642,0.386
2014-08-27,0.375628138813913,0.333
2014-08-28,0.36892652304294327,0.319
2014-08-29,0.3636685860231896,0.305
2014-08-30,0.35759046203456857,0.295
2014-08-31,0.3524320139967797,0.282
2014-09-01,0.34790999452209603,0.296
2014-09-02,0.342502821075491,0.285
2014-09-03,0.3375955539357272,0.286
2014-09-04,0.3327948991762574,0.272
2014-09-05,0.32806339624806635,0.257
2014-09-06,0.3234028454923852,0.261
2014-09-07,0.318785436695111,0.26
2014-09-08,0.31423575419276545,0.254
2014-09-09,0.3097465656332704,0.252
2014-09-10,0.30531083421018873,0.244
2014-09-11,0.3009318143861167,0.242
2014-09-12,0.29660802992045027,0.243
2014-09-13,0.29233835122207796,0.249
2014-09-14,0.288121799371396,0.25
2014-09-15,0.2839580028664955,0.246
2014-09-16,0.2798461585501898,0.246
2014-09-17,0.2757858328191989,0.24
2014-09-18,0.28610833717005074,0.247
2014-09-19,0.2692397167401942,0.27
2014-09-20,0.2641359459408927,0.256
2014-09-21,0.26015176314141814,0.238
2014-09-22,0.2563153866683639,0.237
2014-09-23,0.2525390594837749,0.237
2014-09-24,0.24881454412892573,0.225
2014-09-25,0.24514001591377138,0.219
2014-09-26,0.24151450880389932,0.217
2014-09-27,0.23793721499341364,0.222
2014-09-28,0.23440740694891313,0.224
2014-09-29,0.23092441716145845,0.226
2014-09-30,0.2274876256593907,0.218
2014-10-01,0.22409645037833031,0.216
2014-10-02,0.2207503395231786,0.218
2014-10-03,0.4144092365941476,0.224
2014-10-04,0.252227191844978,0.342
2014-10-05,0.42184902383360684,0.265
2014-10-06,0.3419879262120999,0.449
2014-10-07,0.22113552145190338,0.276
2014-10-08,0.3503824526462892,0.307
2014-10-09,0.2173319057635257,0.278
2014-10-10,0.20206764123151535,0.253
2014-10-11,0.19712427790451717,0.249
2014-10-12,0.40371596736649523,0.388
2014-10-13,0.4700118582852765,1.99
2014-10-14,0.445547580543611,1.06
2014-10-15,0.4469957332825965,0.814
2014-10-16,0.42197562896959173,0.779
2014-10-17,0.3811992161555768,0.779
2014-10-18,0.22318622728229937,0.766
2014-10-19,0.20029405235914033,0.682
2014-10-20,0.21512912038083407,0.663
2014-10-21,0.19847341208940963,0.635
2014-10-22,0.183802656800564,0.612
2014-10-23,0.17777603169208855,0.608
2014-10-24,0.17324183251843123,0.61
2014-10-25,0.1684728944263157,0.572
2014-10-26,0.16463524875509547,0.546
2014-10-27,0.16127992319804682,0.528
2014-10-28,0.15835108519837687,0.521
2014-10-29,0.15540187997296193,0.521
2014-10-30,0.15245495945800616,0.504
2014-10-31,0.1500409326720228,0.485
2014-11-01,0.3553425113424263,0.563
2014-11-02,0.29428263713816943,0.805
2014-11-03,0.188470385444129,0.637
2014-11-04,0.19040854216342334,0.606
2014-11-05,0.15675761422471812,0.576
2014-11-06,0.3560258844906923,0.668
2014-11-07,0.3471108270369573,0.849
2014-11-08,0.40626708342062406,1.13
2014-11-09,0.2643428904624568,0.877
2014-11-10,0.7385724269030945,1.14
2014-11-11,0.9742268338997849,3.97
2014-11-12,0.7157524195456568,2.68
2014-11-13,1.0486593097683308,2.66
2014-11-14,1.1262104136901854,3.58
2014-11-15,0.900557054837683,2.74
2014-11-16,0.9253312111572728,2.44
2014-11-17,0.8436153727146604,3.21
2014-11-18,0.5900357225050644,2.4
2014-11-19,0.593488576105097,2.2
2014-11-20,0.504520884236481,2.04
2014-11-21,0.9183321650072911,2.06
2014-11-22,0.6923529016226952,2.13
2014-11-23,0.5145357997729382,1.87
2014-11-24,0.4443766626424385,1.7
2014-11-25,0.6334039107988505,1.68
2014-11-26,0.4506606487973085,1.62
2014-11-27,0.39273506484647097,1.55
2014-11-28,0.3530020743698489,1.43
2014-11-29,0.3287208956343204,1.34
2014-11-30,0.30507058259762165,1.28
2014-12-01,0.2888831801953505,1.22
2014-12-02,0.27572408573377644,1.13
2014-12-03,0.26628737721967277,1.09
2014-12-04,0.25863447258960076,1.06
2014-12-05,0.2531663370505474,1.0
2014-12-06,0.2762419650310472,0.971
2014-12-07,0.4352211713958041,0.963
2014-12-08,0.31118577455090224,0.929
2014-12-09,0.38078094916208083,0.91
2014-12-10,0.6726078223427377,0.915
2014-12-11,1.4739116376779586,1.96
2014-12-12,1.0039338470224437,2.22
2014-12-13,0.7216342383562202,1.42
2014-12-14,0.7838557592597984,1.4
2014-12-15,0.6417183610728072,1.41
2014-12-16,1.2898743603029572,1.82
2014-12-17,0.8893971112125842,1.91
2014-12-18,0.9384419314905854,1.65
2014-12-19,0.7043878448755844,1.6
2014-12-20,0.6207646959795619,1.53
2014-12-21,0.5591149862851509,1.52
2014-12-22,0.5107195454115533,1.48
2014-12-23,0.5511813064911493,1.43
2014-12-24,0.5301994293716774,1.36
2014-12-25,0.4677608470870776,1.28
2014-12-26,0.8056425621054571,1.38
2014-12-27,0.6393880803056111,1.33
2014-12-28,0.5312472364910341,1.21
2014-12-29,0.49072759886751127,1.15
2014-12-30,0.4629481322981706,1.12
2014-12-31,0.4425723262643834,1.11
2015-01-01,0.7850261049701397,1.2
2015-01-02,1.3015532770343163,1.25
2015-01-03,0.8544393021186234,2.2
2015-01-04,0.6770022493852063,1.49
2015-01-05,0.6648165330391129,1.47
2015-01-06,0.5923029552468473,1.45
2015-01-07,1.1700996592567101,1.5
2015-01-08,1.116742138029601,1.96
2015-01-09,0.8496666528090543,1.78
2015-01-10,0.7927035503089604,1.68
2015-01-11,0.7324271795562438,1.64
2015-01-12,1.1181125737184299,1.97
2015-01-13,1.4267581187023781,2.43
2015-01-14,1.9965991207445317,4.75
2015-01-15,1.5986060401251392,3.89
2015-01-16,1.159265546597946,3.25
2015-01-17,1.2310577232095645,3.04
2015-01-18,0.9805426171314067,2.78
2015-01-19,0.8733317535582098,2.5
2015-01-20,0.9667039603796262,2.36
2015-01-21,0.8096772891755873,2.14
2015-01-22,0.7410892804574983,1.94
2015-01-23,0.7334120010035293,1.83
2015-01-24,0.6776628678812511,1.69
2015-01-25,0.709464996171541,1.61
2015-01-26,0.6500565419901422,1.53
2015-01-27,0.6333311847160359,1.46
2015-01-28,0.972742998652344,1.49
2015-01-29,1.1011960748036937,1.82
2015-01-30,0.8828922310058759,1.63
2015-01-31,0.781885370652794,1.44
2015-02-01,0.7288610491678073,1.32
2015-02-02,0.6976565026907027,1.27
2015-02-03,0.668265983674757,1.21
2015-02-04,0.6473939018549689,1.16
2015-02-05,0.6350061011946546,1.13
2015-02-06,0.6197191396574578,1.08
2015-02-07,0.6095547434438188,1.05
2015-02-08,0.6010760005992871,1.03
2015-02-09,0.5958094062679652,1.01
2015-02-10,0.5902682353162889,0.989
2015-02-11,0.5863757456556338,0.962
2015-02-12,0.6367545363340895,0.942
2015-02-13,0.9537840105576609,1.2
2015-02-14,0.7093024269752074,1.06
2015-02-15,0.7871320870264789,0.966
2015-02-16,0.697480500804052,0.961
2015-02-17,0.6618881609703529,0.872
2015-02-18,0.6507451879648836,0.866
2015-02-19,1.1079111739880048,1.15
2015-02-20,0.7876697935255295,1.05
2015-02-21,0.7232776987975651,0.953
2015-02-22,1.2148213813029118,1.36
2015-02-23,1.1825125940849464,1.28
2015-02-24,1.0769650419873087,1.23
2015-02-25,0.9143595740339899,1.26
2015-02-26,0.9339637676722101,1.3
2015-02-27,0.8311862362689544,1.26
2015-02-28,0.9345984080890049,1.31
2015-03-01,1.3324857706210484,1.45
2015-03-02,1.1159697630084584,1.6
2015-03-03,0.9251727629174608,1.43
2015-03-04,0.8517982907501633,1.33
2015-03-05,0.799639491292343,1.32
2015-03-06,0.7602454951309318,1.31
2015-03-07,0.7298223090878838,1.28
2015-03-08,0.7117937197764227,1.24
2015-03-09,0.6868331104969635,1.2
2015-03-10,0.6676772891166906,1.14
2015-03-11,0.6540091350768007,1.11
2015-03-12,1.0565020787148671,1.24
2015-03-13,1.3546729841014071,3.52
2015-03-14,0.9987720441563139,1.67
2015-03-15,0.8372154992506632,1.52
2015-03-16,0.7852823416661352,1.46
2015-03-17,0.7486811129156714,1.37
2015-03-18,0.7193473317260246,1.3
2015-03-19,0.696261235966546,1.25
2015-03-20,0.6776023115068902,1.21
2015-03-21,0.6623248545584712,1.16
2015-03-22,0.649779921790017,1.12
2015-03-23,0.6463243084413188,1.1
2015-03-24,0.6342515268811074,1.06
2015-03-25,0.7109724150809642,1.04
2015-03-26,0.6427598316710004,1.0
2015-03-27,0.6298549425190162,0.952
2015-03-28,0.7547513024747567,0.951
2015-03-29,0.7520275470785144,1.07
2015-03-30,0.6677259059912556,0.922
2015-03-31,0.6418194754755537,0.855
2015-04-01,0.6323728352021547,0.837
2015-04-02,0.7062098137520832,0.868
2015-04-03,0.6342654633304422,0.856
2015-04-04,0.6133379520353641,0.809
2015-04-05,0.6033083578626197,0.785
2015-04-06,0.5952608640366996,0.765
2015-04-07,0.5882152975905477,0.754
2015-04-08,0.5818940310281467,0.742
2015-04-09,0.5761336431249072,0.734
2015-04-10,0.5710509214709668,0.726
2015-04-11,0.5658253926178693,0.701
2015-04-12,0.5610552711612774,0.688
2015-04-13,0.556486786540287,0.677
2015-04-14,0.552056046034933,0.671
2015-04-15,0.5477216016338502,0.666
2015-04-16,0.5434835860013977,0.652
2015-04-17,0.5392737017320172,0.637
2015-04-18,0.5350311694901827,0.613
2015-04-19,0.5308365723910197,0.605
2015-04-20,0.5266456320840823,0.595
2015-04-21,0.5224474906424932,0.581
2015-04-22,0.5182364081852328,0.567
2015-04-23,0.514008610282963,0.567
2015-04-24,0.5097645335365162,0.564
2015-04-25,0.5922341031737676,0.632
2015-04-26,0.5087757217748492,0.571
2015-04-27,0.49776377376630254,0.551
2015-04-28,0.49283576463817275,0.534
2015-04-29,0.48827897157363725,0.529
2015-04-30,0.4838701401160943,0.514
2015-05-01,0.4794766567935724,0.511
2015-05-02,0.5225383573684331,0.531
2015-05-03,0.47566918443106504,0.557
2015-05-04,0.6691246751494306,0.747
2015-05-05,0.5665243236681354,0.621
2015-05-06,0.48665306923559104,0.58
2015-05-07,0.4593608941424304,0.527
2015-05-08,0.45241586049666027,0.521
2015-05-09,0.44681608253926186,0.489
2015-05-10,0.4418383921198927,0.483
2015-05-11,0.4370946040096798,0.47
2015-05-12,0.4322483083738747,0.456
2015-05-13,0.5030560553075605,0.469
2015-05-14,0.5966238676543003,0.803
2015-05-15,0.4366340334354278,0.539
2015-05-16,0.41793197765482,0.486
2015-05-17,0.4803359312404797,0.489
2015-05-18,0.4465363913817799,0.578
2015-05-19,0.40772392255564344,0.511
2015-05-20,0.3995365787834829,0.466
2015-05-21,0.39436344487462494,0.448
2015-05-22,0.3894953953133456,0.458
2015-05-23,0.3848010776794345,0.446
2015-05-24,0.3802208678180826,0.449
2015-05-25,0.3757058194587337,0.435
2015-05-26,0.3712699912465409,0.422
2015-05-27,0.3669279500381891,0.415
2015-05-28,0.3733732799416058,0.393
2015-05-29,0.45620722865692387,0.529
2015-05-30,0.3639598634266261,0.425
2015-05-31,0.35137131395178084,0.421
2015-06-01,0.551526060271868,0.597
2015-06-02,0.41580812984780136,0.559
2015-06-03,0.34696499845371886,0.441
2015-06-04,0.33671869433025514,0.425
2015-06-05,0.33173888484032177,0.418
2015-06-06,0.32730992086412913,0.404
2015-06-07,0.3230431960015845,0.4
2015-06-08,0.31887663716362535,0.393
2015-06-09,0.3147922182512507,0.389
2015-06-10,0.3107792274234323,0.386
2015-06-11,0.30683492936437573,0.384
2015-06-12,0.404400347291527,0.417
2015-06-13,0.3100526475476749,0.438
2015-06-14,0.2978569933598068,0.384
2015-06-15,0.29304898779862715,0.366
2015-06-16,0.28901338613829053,0.358
2015-06-17,0.2852176917276215,0.361
2015-06-18,0.2813397210926537,0.364
2015-06-19,0.27760717340543484,0.337
2015-06-20,0.2739569647343543,0.339
2015-06-21,0.35761253424217737,0.358
2015-06-22,0.27562365955960777,0.391
2015-06-23,0.2648453123953157,0.324
2015-06-24,0.26059767628162694,0.311
2015-06-25,0.25699163373861916,0.307
2015-06-26,0.25373290027143325,0.324
2015-06-27,0.2503781950021727,0.316
2015-06-28,0.2467436018861195,0.329
2015-06-29,0.2433892516845244,0.305
2015-06-30,0.2401121985454136,0.27
2015-07-01,0.23688086624324406,0.281
2015-07-02,0.41063190017099666,0.468
2015-07-03,0.24598109916711455,0.305
2015-07-04,0.22877649137167716,0.283
2015-07-05,0.29547763339360567,0.343
2015-07-06,0.22968630180778654,0.301
2015-07-07,0.2209336590726678,0.286
2015-07-08,0.21672238517283535,0.285
2015-07-09,0.21345168509351703,0.266
2015-07-10,0.21035714887111667,0.259
2015-07-11,0.2076737979582307,0.26
2015-07-12,0.2045358644767106,0.278
2015-07-13,0.2015058449214638,0.274
2015-07-14,0.19910870673646858,0.284
2015-07-15,0.19590597167370552,0.265
2015-07-16,0.1931045218223651,0.249
2015-07-17,0.19035939544582817,0.232
2015-07-18,0.1876481200579056,0.229
2015-07-19,0.18500074797229468,0.225
2015-07-20,0.18239031678339093,0.231
2015-07-21,0.17981463329834088,0.219
2015-07-22,0.17727194383715764,0.216
2015-07-23,0.35110131845929893,0.244
2015-07-24,0.404499729677926,0.94
2015-07-25,0.41809307937083184,0.451
2015-07-26,0.40459679913069074,0.583
2015-07-27,0.2661504273263192,0.383
2015-07-28,0.18213054874248558,0.324
2015-07-29,0.1704759988422009,0.303
2015-07-30,0.16586892723129606,0.284
2015-07-31,0.1622460800806086,0.279
2015-08-01,0.15900344136455505,0.28
2015-08-02,0.15600807277245146,0.264
2015-08-03,0.1531670363459094,0.26
2015-08-04,0.15054017756597088,0.254
2015-08-05,0.1486149821138766,0.269
2015-08-06,0.14575643968606664,0.265
2015-08-07,0.14341073112664993,0.259
2015-08-08,0.14109105006547382,0.251
2015-08-09,0.15975862304520272,0.26
2015-08-10,0.13990303322616982,0.28
2015-08-11,0.13590967837476012,0.257
2015-08-12,0.13360329041588032,0.243
2015-08-13,0.33961481658827253,0.304
2015-08-14,0.3531539395085339,0.668
2015-08-15,0.15224227034725965,0.317
2015-08-16,0.13197848118378003,0.282
2015-08-17,0.12772984813691146,0.267
2015-08-18,0.12527814980093546,0.248
2015-08-19,0.13468792323542178,0.279
2015-08-20,0.12265606417176013,0.262
2015-08-21,0.11944614673525922,0.254
2015-08-22,0.3257266138261851,0.328
2015-08-23,0.34226739397548844,0.579
2015-08-24,0.2832844572515468,0.508
2015-08-25,0.3675094789425761,0.666
2015-08-26,0.23768958214727332,0.841
2015-08-27,0.13776058342744021,0.617
2015-08-28,0.12388621784705686,0.576
2015-08-29,0.11846554072255942,0.547
2015-08-30,0.27301797292895025,0.573
2015-08-31,0.1377068421710135,0.675
2015-09-01,0.11510332251310851,0.549
2015-09-02,0.11006993872686484,0.512
2015-09-03,0.10664932791600687,0.504
2015-09-04,0.10392710209442058,0.489
2015-09-05,0.1014589736848607,0.481
2015-09-06,0.09928105678398035,0.462
2015-09-07,0.09731149024604724,0.45
2015-09-08,0.09550248639932973,0.441
2015-09-09,0.0938283676987168,0.422
2015-09-10,0.09227328750796372,0.403
2015-09-11,0.11953426981145507,0.403
2015-09-12,0.09260624052409797,0.397
2015-09-13,0.21795803984160966,0.416
2015-09-14,0.2649036919454681,0.484
2015-09-15,0.1056621497042666,0.519
2015-09-16,0.08947189041838965,0.426
2015-09-17,0.10268455231066043,0.391
2015-09-18,0.08718997738471386,0.399
2015-09-19,0.08379284460141885,0.369
2015-09-20,0.08230955459505399,0.363
2015-09-21,0.1666761632031466,0.408
2015-09-22,0.08853568914578552,0.415
2015-09-23,0.11259362800355144,0.357
2015-09-24,0.08165904751305902,0.363
2015-09-25,0.07743598858511194,0.325
2015-09-26,0.07577536607827373,0.321
2015-09-27,0.07442714873501069,0.318
2015-09-28,0.07318121366466823,0.305
2015-09-29,0.07200549861836943,0.288
2015-09-30,0.07088629478953921,0.276
2015-10-01,0.06982202415003089,0.294
2015-10-02,0.06879039006583611,0.312
2015-10-03,0.06778981850480789,0.317
2015-10-04,0.09375548937180846,0.32
2015-10-05,0.18697892825917753,0.329
2015-10-06,0.07738083776434723,0.351
2015-10-07,0.0661441829706375,0.31
2015-10-08,0.06428347623448251,0.305
2015-10-09,0.06305287356678795,0.304
2015-10-10,0.06202889022362568,0.299
2015-10-11,0.06107250319988579,0.29
2015-10-12,0.06015353229869206,0.281
2015-10-13,0.05926398499188579,0.274
2015-10-14,0.05839938355009068,0.274
2015-10-15,0.05758670911145059,0.274
2015-10-16,0.05673480745231265,0.272
2015-10-17,0.05592507904846164,0.271
2015-10-18,0.055132825906903236,0.271
2015-10-19,0.054354068287534155,0.267
2015-10-20,0.14737221588519533,0.269
2015-10-21,0.06182225908380357,0.297
2015-10-22,0.0534597007599912,0.261
2015-10-23,0.07380223520948292,0.262
2015-10-24,0.09651733363214086,0.316
2015-10-25,0.055277071951650276,0.272
2015-10-26,0.05081391751392002,0.259
2015-10-27,0.13887286849083266,0.315
2015-10-28,0.10205268325240716,0.282
2015-10-29,0.2175162490806785,0.314
2015-10-30,0.06562781813321919,0.424
2015-10-31,0.05092863801775331,0.313
2015-11-01,0.04847284256637147,0.297
2015-11-02,0.04715515074550352,0.293
2015-11-03,0.09892242452455352,0.302
2015-11-04,0.08640536673084148,0.305
2015-11-05,0.14224155508681993,0.39
2015-11-06,0.260657529892755,0.404
2015-11-07,0.11878321074905125,0.885
2015-11-08,0.055769944470562084,0.59
2015-11-09,0.04864189593352064,0.566
2015-11-10,0.04591320405015623,0.576
2015-11-11,0.04474706078679475,0.574
2015-11-12,0.0726060312876909,0.58
2015-11-13,0.11084422266887715,0.593
2015-11-14,0.1144980124176956,0.637
2015-11-15,0.1018793217558695,0.62
2015-11-16,0.143016319928939,0.704
2015-11-17,0.12849536318479665,0.84
2015-11-18,0.14577594454793938,0.84
2015-11-19,0.09565123440271885,0.9
2015-11-20,0.12048446362906466,0.907
2015-11-21,0.05774117788408359,0.888
2015-11-22,0.04925920346953625,0.849
2015-11-23,0.16614181841679143,0.852
2015-11-24,0.11902317610265864,0.93
2015-11-25,0.06244908242873796,0.859
2015-11-26,0.050736355327923054,0.8
2015-11-27,0.09553704098636356,0.792
2015-11-28,0.19660456229742265,0.857
2015-11-29,0.18696763720798484,0.9
2015-11-30,0.1680670381628167,0.946
2015-12-01,0.08785624412919046,0.919
2015-12-02,0.1758130308560175,0.994
2015-12-03,0.29865062056487274,1.23
2015-12-04,0.13291848520159952,1.16
2015-12-05,0.12120171139518532,1.1
2015-12-06,0.16569078133051923,1.11
2015-12-07,0.20579421671380496,1.14
2015-12-08,0.14758495976964012,1.1
2015-12-09,0.10847276041855375,1.03
2015-12-10,0.2665794046985527,1.07
2015-12-11,0.17520697780563546,1.03
2015-12-12,0.12058126172371753,0.996
2015-12-13,0.10280671578078816,0.949
2015-12-14,0.33534069356149926,1.06
2015-12-15,0.4279969550022561,1.34
2015-12-16,0.19863384867114817,1.19
2015-12-17,0.22480903276040964,1.15
2015-12-18,0.20268131628514252,1.15
2015-12-19,0.3888153717083992,1.5
2015-12-20,0.27524781989201785,1.33
2015-12-21,0.4671617687246253,1.5
2015-12-22,0.46972411225962174,1.51
2015-12-23,0.6894912544368411,1.54
2015-12-24,0.5451266122449117,2.13
2015-12-25,0.48350579838149266,1.93
2015-12-26,0.8783101528616709,1.9
2015-12-27,0.4799442297861974,2.46
2015-12-28,0.4474362306131375,2.0
2015-12-29,0.5930550774089737,1.97
2015-12-30,1.3437512073319495,4.28
2015-12-31,1.13967337297974,3.54
2016-01-01,1.7694045494711759,5.061
2016-01-02,1.6032830711928676,5.193
2016-01-03,1.5748357623590425,6.946
2016-01-04,1.3800242298983227,4.984
2016-01-05,1.0764168495890063,4.254
2016-01-06,1.3433503037689813,4.185
2016-01-07,0.9355975813160873,3.869
2016-01-08,1.0406789460861545,3.283
2016-01-09,1.7180756615885477,6.561
2016-01-10,1.3431811139134622,4.201
2016-01-11,1.1841104097473818,4.099
2016-01-12,0.8922075986048358,3.425
2016-01-13,1.1590211055658772,3.302
2016-01-14,0.8345146241536253,3.109
2016-01-15,0.717813552370379,2.653
2016-01-16,0.6462095866850409,2.444
2016-01-17,1.0456972313281991,2.43
2016-01-18,0.7210287114333879,2.48
2016-01-19,0.6262771089251157,2.118
2016-01-20,0.5762921675462324,1.967
2016-01-21,0.9632912465423283,1.92
2016-01-22,0.6881149332089382,2.074
2016-01-23,0.6902186426020084,1.821
2016-01-24,0.5998293733285663,1.733
2016-01-25,0.5652415840165061,1.656
2016-01-26,1.2435268833485582,2.057
2016-01-27,0.8487125971192054,1.903
2016-01-28,0.8394029351697002,1.75
2016-01-29,1.4859564487734362,2.46
2016-01-30,1.0414834041801948,2.403
2016-01-31,0.8674180536369979,2.271
2016-02-01,0.8477594410693587,2.211
2016-02-02,0.9451302944011893,2.144
2016-02-03,0.792669679789667,2.002
2016-02-04,0.7192222042211183,1.874
2016-02-05,1.6230424067309108,1.896
2016-02-06,2.422743498536714,10.02
2016-02-07,2.232309806895779,5.398
2016-02-08,2.060296433671118,5.483
2016-02-09,2.223663072489301,6.001
2016-02-10,1.7671483233536274,4.903
2016-02-11,1.5375625525711278,4.187
2016-02-12,1.6876899373182577,3.872
2016-02-13,1.4060212229362874,5.199
2016-02-14,1.195600973077418,3.354
2016-02-15,1.0869799727628142,2.898
2016-02-16,1.1912709820802843,2.689
2016-02-17,1.3996023559954571,3.027
2016-02-18,1.097914350212671,2.493
2016-02-19,1.0619454626387461,2.313
2016-02-20,1.0965887049092142,2.188
2016-02-21,1.004471270030343,2.05
2016-02-22,0.9310175491578156,1.95
2016-02-23,0.8901026362257825,1.812
2016-02-24,0.8638025513764579,1.731
2016-02-25,0.8430305459604179,1.657
2016-02-26,0.8266015232006976,1.599
2016-02-27,0.8148253349364034,1.51
2016-02-28,0.8061708219234835,1.436
2016-02-29,0.8841048759710187,1.389
2016-03-01,0.9726326743603332,1.431
2016-03-02,0.9145460614268657,1.357
2016-03-03,0.9345133972554177,1.286
2016-03-04,0.9421123948383437,1.27
2016-03-05,0.8902207308393397,1.185
2016-03-06,0.8610609765701824,1.136
2016-03-07,0.8750814152297003,1.092
2016-03-08,1.413065930872391,2.186
2016-03-09,1.1897216147324368,2.149
2016-03-10,0.9764535693617807,1.412
2016-03-11,0.9296435636442949,1.347
2016-03-12,0.9031464718014631,1.323
2016-03-13,0.8828758246525077,1.285
2016-03-14,0.8666704310183512,1.253
2016-03-15,0.8539633610707108,1.215
2016-03-16,0.8441681931619492,1.17
2016-03-17,0.8342677586755537,1.139
2016-03-18,0.826740851237394,1.104
2016-03-19,0.8203934196975003,1.073
2016-03-20,0.8152507639827462,1.04
2016-03-21,0.8101679750838674,1.005
2016-03-22,0.8057848790487654,0.981
2016-03-23,0.8017429475945199,0.955
2016-03-24,0.8317944115117599,0.952
2016-03-25,0.7984851351869672,0.914
2016-03-26,0.8870321461963304,1.025
2016-03-27,1.067464551201881,2.886
2016-03-28,1.25507294616043,1.806
2016-03-29,1.1971162991153024,1.763
2016-03-30,0.9809164473933355,1.471
2016-03-31,0.9268561441427227,1.394
2016-04-01,0.8980786506602856,1.38
2016-04-02,0.8690830840000852,1.353
2016-04-03,0.851761635147252,1.317
2016-04-04,1.0301015754511174,1.308
2016-04-05,0.8941357820664686,1.221
2016-04-06,0.8594084026751706,1.168
2016-04-07,0.8308036539747817,1.111
2016-04-08,0.8181794126757544,1.097
2016-04-09,0.8027959548794928,1.074
2016-04-10,0.8221833977933329,1.051
2016-04-11,0.7875701117380451,1.023
2016-04-12,0.7701977709464521,0.974
2016-04-13,0.7600862683741662,0.943
2016-04-14,0.7514689173479642,0.924
2016-04-15,0.7433539167274521,0.909
2016-04-16,0.7357935396167459,0.86
2016-04-17,0.7288309421617505,0.826
2016-04-18,0.7223532851108403,0.807
2016-04-19,0.7161326826190639,0.785
2016-04-20,0.7101330693682233,0.764
2016-04-21,0.7046011233528444,0.757
2016-04-22,0.7679312523068187,0.82
2016-04-23,0.6998780810064432,0.753
2016-04-24,0.688688420774459,0.727
2016-04-25,0.6824075296490325,0.695
2016-04-26,0.6767025315945615,0.669
2016-04-27,0.6710055752497003,0.657
2016-04-28,0.6654942434775107,0.652
2016-04-29,0.6597106290099366,0.63
2016-04-30,0.6540429232366012,0.609
2016-05-01,0.6484347458123311,0.61
2016-05-02,0.642897788853811,0.609
2016-05-03,0.6370456703303228,0.575
2016-05-04,0.6313296846397906,0.57
2016-05-05,0.6256150022853049,0.569
2016-05-06,0.619898930991827,0.572
2016-05-07,0.6789862288939993,0.587
2016-05-08,0.6140540083095197,0.566
2016-05-09,0.6035952267365798,0.577
2016-05-10,0.7019285169673471,0.575
2016-05-11,0.6019320000251179,0.713
2016-05-12,0.5870497686420583,0.565
2016-05-13,0.5802921448807447,0.53
2016-05-14,0.5743046015353821,0.512
2016-05-15,0.5684092107359028,0.5
2016-05-16,0.5625448518966136,0.496
2016-05-17,0.5570628275275403,0.505
2016-05-18,0.5509739305356218,0.493
2016-05-19,0.5451499508978727,0.481
2016-05-20,0.5918967918106989,0.497
2016-05-21,0.6017898418707448,0.569
2016-05-22,0.5352869485831214,0.514
2016-05-23,0.5237910165275157,0.467
2016-05-24,0.5173809206581,0.444
2016-05-25,0.5114819006139996,0.442
2016-05-26,0.5168280852508501,0.481
2016-05-27,0.501295096924521,0.463
2016-05-28,0.6839590223098291,0.887
2016-05-29,0.5061867298609783,0.624
2016-05-30,0.4853655078972122,0.521
2016-05-31,0.4784906122260333,0.477
2016-06-01,0.47254528084811065,0.481
2016-06-02,0.4669070614448338,0.445
2016-06-03,0.4613575974906456,0.427
2016-06-04,0.45587030337608964,0.418
2016-06-05,0.4504349766986665,0.413
2016-06-06,0.44503295346776356,0.392
2016-06-07,0.4396841235640082,0.387
2016-06-08,0.43438191137151594,0.382
2016-06-09,0.42912145859444445,0.376
2016-06-10,0.4240064262877235,0.377
2016-06-11,0.4218914262059416,0.415
2016-06-12,0.4201567427113408,0.4
2016-06-13,0.46488016624828293,0.429
2016-06-14,0.4090541032991687,0.397
2016-06-15,0.4121906632465856,0.42
2016-06-16,0.40283979847936935,0.369
2016-06-17,0.3904147664355188,0.367
2016-06-18,0.3846565288471544,0.339
2016-06-19,0.5782013366198591,0.431
2016-06-20,0.42925395443027053,0.556
2016-06-21,0.3756234823538714,0.393
2016-06-22,0.3659887886600524,0.382
2016-06-23,0.3606306422991474,0.349
2016-06-24,0.35606004554487963,0.335
2016-06-25,0.351151502205348,0.325
2016-06-26,0.347177399808854,0.338
2016-06-27,0.3419545264501042,0.316
2016-06-28,0.33840389289256867,0.335
2016-06-29,0.33347407090341236,0.336
2016-06-30,0.329084509013213,0.32
2016-07-01,0.3246370326239611,0.31
2016-07-02,0.32004207955831515,0.291
2016-07-03,0.31560036080556225,0.287
2016-07-04,0.31140970354592135,0.297
2016-07-05,0.3071348689572027,0.274
2016-07-06,0.30299174881102225,0.273
2016-07-07,0.29891296251135413,0.274
2016-07-08,0.2948526361521183,0.267
2016-07-09,0.29133992901893424,0.267
2016-07-10,0.2875869921754914,0.277
2016-07-11,0.2833907785120685,0.264
2016-07-12,0.2791281603827237,0.258
2016-07-13,0.275263875397025,0.248
2016-07-14,0.2714596167529733,0.248
2016-07-15,0.2677420148781229,0.262
2016-07-16,0.2640026430100384,0.255
2016-07-17,0.26033083712247396,0.253
2016-07-18,0.2567036920311699,0.237
2016-07-19,0.25311839882123277,0.224
2016-07-20,0.24957601988224332,0.222
2016-07-21,0.24608324990145414,0.232
2016-07-22,0.24260759118982264,0.226
2016-07-23,0.23918302925338866,0.223
2016-07-24,0.23579948275902615,0.238
2016-07-25,0.23245572730988287,0.223
2016-07-26,0.22915143670853463,0.227
2016-07-27,0.2258863583553474,0.218
2016-07-28,0.2226602414055987,0.221
2016-07-29,0.21947283062560768,0.219
2016-07-30,0.21632386600732978,0.203
2016-07-31,0.21321308290558968,0.2
2016-08-01,0.40710068332927585,0.323
2016-08-02,0.24137938426699082,0.272
2016-08-03,0.20728187986088298,0.228
2016-08-04,0.20145845535625065,0.214
2016-08-05,0.1983678014559835,0.217
2016-08-06,0.19537291818772,0.207
2016-08-07,0.19251675974044197,0.199
2016-08-08,0.18967130502849452,0.199
2016-08-09,0.18688885691563809,0.196
2016-08-10,0.18414828521356388,0.197
2016-08-11,0.18143518398724778,0.195
2016-08-12,0.17876671481394463,0.195
2016-08-13,0.17614987477336236,0.194
2016-08-14,0.17351650684414205,0.194
2016-08-15,0.17094185207116852,0.188
2016-08-16,0.1684026825520572,0.183
2016-08-17,0.16603923390248024,0.199
2016-08-18,0.1850673909098377,0.215
2016-08-19,0.16330169310483228,0.232
2016-08-20,0.217580259345136,0.242
2016-08-21,0.16194834944854689,0.212
2016-08-22,0.15479361128879826,0.203
2016-08-23,0.15197726620680183,0.19
2016-08-24,0.14977385928824766,0.198
2016-08-25,0.1752627086299967,0.232
2016-08-26,0.14778763162001154,0.208
2016-08-27,0.14331839797883722,0.2
2016-08-28,0.14100679854778808,0.214
2016-08-29,0.13865941433489185,0.188
2016-08-30,0.1364915614895236,0.176
2016-08-31,0.13437542329204913,0.18
2016-09-01,0.13229790853798792,0.172
2016-09-02,0.1302557960741682,0.182
2016-09-03,0.23940623560879676,0.221
2016-09-04,0.14980592237159968,0.199
2016-09-05,0.12709173687197542,0.202
2016-09-06,0.1231854837481661,0.185
2016-09-07,0.12104622446526127,0.181
2016-09-08,0.1190930906950067,0.167
2016-09-09,0.24080069664346196,0.181
2016-09-10,0.12686748370590709,0.218
2016-09-11,0.11511866608082054,0.182
2016-09-12,0.1123473265854966,0.186
2016-09-13,0.1713891197150897,0.214
2016-09-14,0.11503415511233339,0.187
2016-09-15,0.10829027263434139,0.18
2016-09-16,0.10596958832878765,0.168
2016-09-17,0.10410475002073125,0.164
2016-09-18,0.1025248953029351,0.172
2016-09-19,0.21887577381720083,0.227
2016-09-20,0.11041844114595034,0.199
2016-09-21,0.09960525405856817,0.186
2016-09-22,0.09670892807994264,0.175
2016-09-23,0.09492321945587491,0.166
2016-09-24,0.2972233711748242,0.347
2016-09-25,0.1273915209203714,0.282
2016-09-26,0.10486055850911757,0.23
2016-09-27,0.09260189395316168,0.208
2016-09-28,0.09439156657056215,0.199
2016-09-29,0.08889644306378935,0.193
2016-09-30,0.08707859798505142,0.186
2016-10-01,0.117209370790889,0.198
2016-10-02,0.08684412378008297,0.188
2016-10-03,0.08266556778355978,0.173
2016-10-04,0.0808683062898471,0.171
2016-10-05,0.07935654695900426,0.165
2016-10-06,0.07793485837673449,0.167
2016-10-07,0.07657605382147033,0.173
2016-10-08,0.07526866825783719,0.171
2016-10-09,0.074006549442136,0.165
2016-10-10,0.0727959711609793,0.166
2016-10-11,0.07159520978308835,0.166
2016-10-12,0.07047069388223355,0.166
2016-10-13,0.0693772379405333,0.166
2016-10-14,0.09258973750102346,0.178
2016-10-15,0.2649395947704465,0.235
2016-10-16,0.08534406259844261,0.205
2016-10-17,0.09537843190565161,0.176
2016-10-18,0.06873125460900172,0.179
2016-10-19,0.06506549022354931,0.169
2016-10-20,0.06357853948759648,0.175
2016-10-21,0.06232360383294965,0.174
2016-10-22,0.06110970079201189,0.175
2016-10-23,0.08845033070944792,0.17
2016-10-24,0.17423724882960198,0.212
2016-10-25,0.07017709538691087,0.194
2016-10-26,0.059820729526854216,0.181
2016-10-27,0.057675515081269474,0.178
2016-10-28,0.05642706926015324,0.173
2016-10-29,0.05526159284655003,0.174
2016-10-30,0.05421650526769499,0.171
2016-10-31,0.05320374240330735,0.175
2016-11-01,0.052337649081333516,0.173
2016-11-02,0.051348669917089286,0.17
2016-11-03,0.05070113694092619,0.173
2016-11-04,0.04980914329096324,0.177
2016-11-05,0.048819625891067114,0.168
2016-11-06,0.048037958804498786,0.164
2016-11-07,0.04726610096698851,0.163
2016-11-08,0.2430845258005688,0.226
2016-11-09,0.19636152601656018,0.285
2016-11-10,0.06233217636365764,0.248
2016-11-11,0.15879184973173874,0.206
2016-11-12,0.05835006005800639,0.243
2016-11-13,0.04802001797954696,0.202
2016-11-14,0.045921632355350885,0.196
2016-11-15,0.04483660960692247,0.191
2016-11-16,0.13049236169635217,0.2
2016-11-17,0.18521637602208268,0.278
2016-11-18,0.2226087446871066,0.375
2016-11-19,0.3372892071271372,1.323
2016-11-20,0.37403251610176563,1.81
2016-11-21,0.7502695004085442,6.867
2016-11-22,0.5778348189505196,3.1
2016-11-23,0.48256308660184694,2.051
2016-11-24,0.4363618100845214,1.574
2016-11-25,0.40228837984505816,1.314
2016-11-26,0.2939950671333275,1.134
2016-11-27,0.15007075175148307,0.995
2016-11-28,0.12246683688937343,0.887
2016-11-29,0.10890663095392149,0.809
2016-11-30,0.09777200581323185,0.753
2016-12-01,0.09066409202801569,0.708
2016-12-02,0.08311226373914346,0.673
2016-12-03,0.07764244933999925,0.635
2016-12-04,0.07427596307265863,0.61
2016-12-05,0.0720515880685639,0.574
2016-12-06,0.06829110584667143,0.542
2016-12-07,0.09433821663694446,0.528
2016-12-08,0.07847827969795083,0.521
2016-12-09,0.12262702833206097,0.506
2016-12-10,0.2992192152091295,0.622
2016-12-11,0.15894411969998515,0.547
2016-12-12,0.21860582245257643,0.529
2016-12-13,0.13813771660471827,0.558
2016-12-14,0.12524882583187416,0.517
2016-12-15,0.3859285770792999,0.725
2016-12-16,0.17591477666915772,0.61
2016-12-17,0.14277866324749805,0.549
2016-12-18,0.12758538079687654,0.54
2016-12-19,0.1625516410591461,0.558
2016-12-20,0.15573836147218956,0.552
2016-12-21,0.12988530578489338,0.55
2016-12-22,0.11726698154918606,0.529
2016-12-23,0.20030755956762916,0.552
2016-12-24,0.1305485529412348,0.527
2016-12-25,0.18890034200914024,0.53
2016-12-26,0.12923183580999623,0.508
2016-12-27,0.1171633999592659,0.495
2016-12-28,0.10898972915683022,0.491
2016-12-29,0.10489083066155785,0.488
2016-12-30,0.1013594275589308,0.483
2016-12-31,0.13772186145019272,0.495
2017-01-01,0.3700825996514475,0.702
2017-01-02,0.17638814029042552,0.616
2017-01-03,0.14741363938945118,0.559
2017-01-04,0.13326001368969378,0.533
2017-01-05,0.1237421705684677,0.512
2017-01-06,0.3922737863850701,0.601
2017-01-07,0.23074100816410717,0.634
2017-01-08,0.17894834617479652,0.613
2017-01-09,0.3221740954912612,0.649
2017-01-10,0.2041604135686618,0.614
2017-01-11,0.1756854100816828,0.58
2017-01-12,0.5286305751395716,0.714
2017-01-13,0.27029505833065526,0.644
2017-01-14,0.21836743345725967,0.612
2017-01-15,0.19472162351406708,0.599
2017-01-16,0.1849866352112541,0.592
2017-01-17,0.17056793046066016,0.585
2017-01-18,0.15147398228905334,0.573
2017-01-19,0.14214294564889143,0.57
2017-01-20,0.1361031165584966,0.568
2017-01-21,0.1301851289376227,0.56
2017-01-22,0.12601360766974593,0.55
2017-01-23,0.12348764861425666,0.538
2017-01-24,0.12117241861136517,0.53
2017-01-25,0.11857154050299148,0.521
2017-01-26,0.11696539868402216,0.515
2017-01-27,0.4362239747566922,0.589
2017-01-28,0.2985900679602734,0.637
2017-01-29,0.4833902081185914,0.742
2017-01-30,0.5436653229545452,0.804
2017-01-31,0.7108274931800141,1.035
2017-02-01,0.8290042723531468,1.289
2017-02-02,0.5825906878648658,1.549
2017-02-03,1.006293421054479,2.747
2017-02-04,0.6761068798245377,2.091
2017-02-05,0.508484215314917,1.899
2017-02-06,0.7170682381026721,1.883
2017-02-07,0.5155517667148157,1.724
2017-02-08,0.4246319665531421,1.546
2017-02-09,0.3732453183901469,1.45
2017-02-10,0.33253638362572197,1.362
2017-02-11,0.31085113709103873,1.303
2017-02-12,0.2787900981270913,1.237
2017-02-13,0.25870345178984017,1.17
2017-02-14,0.2732462707078791,1.104
2017-02-15,0.3476556980340471,1.088
2017-02-16,0.2716796255485783,1.008
2017-02-17,0.2522819049823567,0.966
2017-02-18,0.24134439539880978,0.928
2017-02-19,0.2334822561330246,0.89
2017-02-20,0.2296361026774377,0.858
2017-02-21,0.2588155339654144,0.834
2017-02-22,0.3109740942096051,0.816
2017-02-23,0.25044571744346134,0.783
2017-02-24,0.23788891639159673,0.741
2017-02-25,0.3176741472371179,0.744
2017-02-26,0.3797304476742958,0.76
2017-02-27,0.5765980589667411,0.87
2017-02-28,0.466428864036348,0.897
2017-03-01,0.4666108263817887,0.81
2017-03-02,0.6270206252160001,0.768
2017-03-03,0.48383627371327964,1.039
2017-03-04,0.6911633882492287,0.93
2017-03-05,0.6290499709546759,1.159
2017-03-06,0.537520801709217,1.034
2017-03-07,0.635790023336428,1.029
2017-03-08,0.5455800796737952,1.094
2017-03-09,0.45137538273427236,1.05
2017-03-10,0.4078500787667409,1.03
2017-03-11,0.42515199609401194,1.019
2017-03-12,0.3747703324020188,0.987
2017-03-13,0.3495770107255801,0.94
2017-03-14,0.33304480643967654,0.918
2017-03-15,0.31880520628136716,0.901
2017-03-16,0.30756164040766865,0.885
2017-03-17,0.3548090251165407,0.863
2017-03-18,0.31156958248629624,0.844
2017-03-19,0.3944770443259652,0.826
2017-03-20,0.45372657420311946,0.87
2017-03-21,0.8796406162237178,1.234
2017-03-22,0.6295820269794439,1.342
2017-03-23,0.5754455143542742,1.077
2017-03-24,0.4724630371082769,0.976
2017-03-25,0.43086055228840786,0.946
2017-03-26,0.40142861449919204,0.936
2017-03-27,0.37845034648611214,0.924
2017-03-28,0.44355279693083477,0.934
2017-03-29,0.4278867093760041,0.916
2017-03-30,0.3879260369068768,0.904
2017-03-31,0.5259052985632745,0.948
2017-04-01,0.41548281058832126,0.969
2017-04-02,0.3708371766343772,0.863
2017-04-03,0.3638944644746398,0.832
2017-04-04,0.34313174070883695,0.802
2017-04-05,0.3332084644878214,0.778
2017-04-06,0.3258418972232412,0.762
2017-04-07,0.3200577639647033,0.751
2017-04-08,0.3154040975913623,0.73
2017-04-09,0.3116572762893086,0.713
2017-04-10,0.30860465081287103,0.692
2017-04-11,0.3060866038516609,0.681
2017-04-12,0.3039757066994574,0.67
2017-04-13,0.3021690401639966,0.652
2017-04-14,0.3008530598451325,0.651
2017-04-15,0.29919458626931805,0.628
2017-04-16,0.29786325386495416,0.612
2017-04-17,0.29662751738998827,0.596
2017-04-18,0.29543580440908124,0.576
2017-04-19,0.294272893432192,0.562
2017-04-20,0.2930924636245391,0.557
2017-04-21,0.2919064902831835,0.547
2017-04-22,0.2906977436025943,0.534
2017-04-23,0.2894575686853993,0.527
2017-04-24,0.2881825390551084,0.52
2017-04-25,0.2868645764924391,0.5
2017-04-26,0.285499453072277,0.486
2017-04-27,0.2840918199031168,0.48
2017-04-28,0.28263859122427926,0.477
2017-04-29,0.28113953750310655,0.464
2017-04-30,0.4765555948710373,0.974
2017-05-01,0.45968297671225333,0.805
2017-05-02,0.29222558447713387,0.556
2017-05-03,0.2760854224452052,0.508
2017-05-04,0.27310593161451474,0.482
2017-05-05,0.27124235204274905,0.463
2017-05-06,0.2694426083178482,0.46
2017-05-07,0.26761643099491345,0.423
2017-05-08,0.26575700844672095,0.408
2017-05-09,0.2638664955666283,0.415
2017-05-10,0.2619480634328108,0.419
2017-05-11,0.2605730131847751,0.428
2017-05-12,0.2587002176631654,0.415
2017-05-13,0.3638787394015486,0.435
2017-05-14,0.26697596337221363,0.39
2017-05-15,0.2558617098363149,0.377
2017-05-16,0.3824328991616183,0.39
2017-05-17,0.3418302545850857,0.569
2017-05-18,0.2596351452725836,0.405
2017-05-19,0.2497096099506823,0.379
2017-05-20,0.24619727327034585,0.396
2017-05-21,0.24288411180163247,0.384
2017-05-22,0.24012185357800578,0.357
2017-05-23,0.23752412211321552,0.356
2017-05-24,0.23497476049567148,0.345
2017-05-25,0.2325181871724963,0.32
2017-05-26,0.23040475118639334,0.301
2017-05-27,0.22783449804123904,0.304
2017-05-28,0.2255629023557605,0.31
2017-05-29,0.258914873955303,0.401
2017-05-30,0.22486905556579245,0.319
2017-05-31,0.21968252345853417,0.309
2017-06-01,0.217061913443049,0.295
2017-06-02,0.21477130267636846,0.306
2017-06-03,0.21243016373366228,0.296
2017-06-04,0.2220151957781249,0.302
2017-06-05,0.40867907377752627,0.432
2017-06-06,0.22443707589322848,0.333
2017-06-07,0.20668262614109575,0.305
2017-06-08,0.2032561323295597,0.318
2017-06-09,0.2000851481412735,0.284
2017-06-10,0.19790594150567556,0.28
2017-06-11,0.19528237789996133,0.263
2017-06-12,0.19302203325507397,0.253
2017-06-13,0.19082181858080027,0.256
2017-06-14,0.18865311980748323,0.249
2017-06-15,0.18649852894847233,0.228
2017-06-16,0.1843666144515743,0.217
2017-06-17,0.18225264943309782,0.215
2017-06-18,0.18015542470387605,0.213
2017-06-19,0.17807348701344164,0.206
2017-06-20,0.1760065047618157,0.195
2017-06-21,0.17395378839132064,0.19
2017-06-22,0.1719151154528284,0.184
2017-06-23,0.16997368420089057,0.183
2017-06-24,0.1678958119327376,0.193
2017-06-25,0.16588580287222293,0.184
2017-06-26,0.16389832985207056,0.2
2017-06-27,0.18137120331851275,0.227
2017-06-28,0.36073103053620337,0.396
2017-06-29,0.3842674937201294,0.391
2017-06-30,0.18083965248009695,0.393
2017-07-01,0.16075430992201262,0.282
2017-07-02,0.15616277981531984,0.258
2017-07-03,0.15348473478804167,0.254
2017-07-04,0.15109236485735378,0.252
2017-07-05,0.1487526637464504,0.248
2017-07-06,0.14657604336101068,0.237
2017-07-07,0.14449112472738818,0.233
2017-07-08,0.14247716950269262,0.228
2017-07-09,0.1407194884719912,0.227
2017-07-10,0.13867131009929473,0.228
2017-07-11,0.346344751315275,0.451
2017-07-12,0.33150536610684,0.354
2017-07-13,0.1543429083724275,0.266
2017-07-14,0.13652911178046473,0.235
2017-07-15,0.13317109401762237,0.24
2017-07-16,0.13048312311891347,0.23
2017-07-17,0.12833733560030833,0.221
2017-07-18,0.2132744720346398,0.236
2017-07-19,0.1691603284139085,0.273
2017-07-20,0.16033981633951186,0.228
2017-07-21,0.33361598069301046,0.482
2017-07-22,0.15267816906927648,0.299
2017-07-23,0.12619407613951,0.253
2017-07-24,0.12102086765033238,0.226
2017-07-25,0.16936514881543785,0.233
2017-07-26,0.12237155047396212,0.278
2017-07-27,0.11616460606036907,0.22
2017-07-28,0.11716009835733934,0.239
2017-07-29,0.3131809656297154,0.509
2017-07-30,0.1576164649313398,0.407
2017-07-31,0.11589502469229152,0.285
2017-08-01,0.1099009911163801,0.245
2017-08-02,0.14097211679610336,0.325
2017-08-03,0.10911143818819889,0.252
2017-08-04,0.10459067661351652,0.24
2017-08-05,0.10224943529618193,0.231
2017-08-06,0.10054192651806183,0.222
2017-08-07,0.12107203059855248,0.271
2017-08-08,0.16637079057335272,0.255
2017-08-09,0.12502595049450166,0.425
2017-08-10,0.09843358884182704,0.246
2017-08-11,0.09467396700894425,0.253
2017-08-12,0.09274197140124994,0.224
2017-08-13,0.09130677267495171,0.236
2017-08-14,0.11050738026152271,0.287
2017-08-15,0.0905143106033155,0.248
2017-08-16,0.08775095082627125,0.259
2017-08-17,0.1071311885660028,0.302
2017-08-18,0.13122208263076193,0.294
2017-08-19,0.08819634230984116,0.258
2017-08-20,0.15584778907924804,0.375
2017-08-21,0.08868646623398245,0.31
2017-08-22,0.08161087911155968,0.267
2017-08-23,0.07978740178998739,0.274
2017-08-24,0.07848821016242019,0.276
2017-08-25,0.07727852055853508,0.265
2017-08-26,0.07612409604657859,0.256
2017-08-27,0.07500683301050587,0.237
2017-08-28,0.07392058592568364,0.241
2017-08-29,0.0729944399323631,0.235
2017-08-30,0.07185365092597039,0.24
2017-08-31,0.07084123731322359,0.252
2017-09-01,0.0698154639574498,0.212
2017-09-02,0.0872418085079354,0.196
2017-09-03,0.14605183396768362,0.26
2017-09-04,0.07410336437580863,0.224
2017-09-05,0.06704103227552743,0.219
2017-09-06,0.06531529373434637,0.211
2017-09-07,0.08493350878903258,0.205
2017-09-08,0.09797118985455966,0.208
2017-09-09,0.08464288677222206,0.237
2017-09-10,0.08212979744430836,0.221
2017-09-11,0.08574631983623848,0.216
2017-09-12,0.07357342713698281,0.214
2017-09-13,0.09605323188501559,0.217
2017-09-14,0.12362424304225654,0.226
2017-09-15,0.10168055189230757,0.354
2017-09-16,0.06309174218546193,0.263
2017-09-17,0.0582716332584553,0.239
2017-09-18,0.056780484661349155,0.23
2017-09-19,0.05566331987337634,0.227
2017-09-20,0.0983047014173647,0.232
2017-09-21,0.058201299012470724,0.248
2017-09-22,0.053765971703563245,0.226
2017-09-23,0.05239477763435708,0.218
2017-09-24,0.051483706476047275,0.222
2017-09-25,0.05061129024087522,0.22
2017-09-26,0.04978337032141161,0.217
2017-09-27,0.10233699026956596,0.224
2017-09-28,0.11168189945269275,0.229
2017-09-29,0.054190781961748126,0.258
2017-09-30,0.06920472604371142,0.229
2017-10-01,0.04935784898346134,0.232
2017-10-02,0.04696406038340506,0.21
2017-10-03,0.04572291343843335,0.203
2017-10-04,0.05818290983691072,0.199
2017-10-05,0.0456195670734879,0.194
2017-10-06,0.043948937660753654,0.195
2017-10-07,0.042965146980023745,0.202
2017-10-08,0.04226883062060881,0.201
2017-10-09,0.04155157089911335,0.206
2017-10-10,0.04093859031540586,0.203
2017-10-11,0.050460484805842004,0.2
2017-10-12,0.04070762573819787,0.197
2017-10-13,0.039264720702955204,0.196
2017-10-14,0.03856625547118501,0.198
2017-10-15,0.037970697407061355,0.196
2017-10-16,0.03737381767141335,0.183
2017-10-17,0.060647948933964115,0.19
2017-10-18,0.03849376919843046,0.205
2017-10-19,0.17535700892035974,0.234
2017-10-20,0.1133819268222004,0.247
2017-10-21,0.24879633586603028,0.323
2017-10-22,0.13593417236212565,0.397
2017-10-23,0.04806928410978882,0.294
2017-10-24,0.039292814610736033,0.278
2017-10-25,0.036863715690379696,0.277
2017-10-26,0.035477186518477796,0.295
2017-10-27,0.03442688147612309,0.276
2017-10-28,0.033622672182843115,0.273
2017-10-29,0.03271312946189998,0.274
2017-10-30,0.03198343338949615,0.27
2017-10-31,0.031328479514645645,0.272
2017-11-01,0.030790573738925364,0.272
2017-11-02,0.030216122608137122,0.27
2017-11-03,0.0983912982037425,0.269
2017-11-04,0.06154523019108301,0.294
2017-11-05,0.038472697895903865,0.269
2017-11-06,0.04205799206611803,0.259
2017-11-07,0.08345967552007356,0.288
2017-11-08,0.03475386980019944,0.259
2017-11-09,0.0437775152630479,0.256
2017-11-10,0.15693730542103534,0.253
2017-11-11,0.1806241293525279,0.328
2017-11-12,0.04878791875892161,0.374
2017-11-13,0.034652000910341166,0.304
2017-11-14,0.03231856887387312,0.295
2017-11-15,0.030506130511900726,0.297
2017-11-16,0.029162543585274803,0.296
2017-11-17,0.027875650205918888,0.292
2017-11-18,0.05808635114952333,0.3
2017-11-19,0.030460287526885482,0.301
2017-11-20,0.02746719811090878,0.293
2017-11-21,0.08176148084007807,0.3
2017-11-22,0.1510273414839448,0.355
2017-11-23,0.0891548558814875,0.391
2017-11-24,0.060829789376169764,0.357
2017-11-25,0.03404640943802954,0.351
2017-11-26,0.18292726148822788,0.341
2017-11-27,0.16454956649362476,0.612
2017-11-28,0.04829792431351203,0.513
2017-11-29,0.03522378382172505,0.444
2017-11-30,0.03185098268949346,0.436
2017-12-01,0.029765618005741554,0.438
2017-12-02,0.0283370417022156,0.433
2017-12-03,0.02696078841882547,0.425
2017-12-04,0.02572617444080817,0.418
2017-12-05,0.024793868020667048,0.412
2017-12-06,0.08521110000480146,0.405
2017-12-07,0.030407387623185175,0.412
2017-12-08,0.024481400641807767,0.371
2017-12-09,0.2517442352742411,0.417
2017-12-10,0.31901300446928543,1.426
2017-12-11,0.25868561199183226,0.772
2017-12-12,0.16420115545229552,0.686
2017-12-13,0.4563321835323258,0.87
2017-12-14,0.3808786006410398,1.105
2017-12-15,0.18061110106478154,0.95
2017-12-16,0.1406161478545236,0.884
2017-12-17,0.12190345281396846,0.871
2017-12-18,0.09997455600914741,0.83
2017-12-19,0.08722389721558234,0.79
2017-12-20,0.07696761352736782,0.746
2017-12-21,0.14848907057386376,0.702
2017-12-22,0.08765872645665934,0.687
2017-12-23,0.07316396103685631,0.647
2017-12-24,0.066174046810359,0.624
2017-12-25,0.5837548949060625,1.909
2017-12-26,1.042300847252499,3.725
2017-12-27,0.6860765985989267,2.669
2017-12-28,0.7766495061105163,1.953
2017-12-29,0.8665722884887356,2.161
2017-12-30,0.9140051620416699,2.086
2017-12-31,0.8617363099378207,2.454
2018-01-01,0.6155132998452867,2.195
2018-01-02,1.1045320887248289,2.491
2018-01-03,1.1583131665266306,2.405
2018-01-04,0.869897305064631,2.744
2018-01-05,0.6292294854319628,2.308
2018-01-06,0.5172344367887164,2.042
2018-01-07,0.4418770442454356,1.868
2018-01-08,0.38949767582467226,1.748
2018-01-09,0.5876915906792816,1.743
2018-01-10,0.39533365711108875,1.581
2018-01-11,0.3396202131109679,1.418
2018-01-12,0.3033397308338669,1.324
2018-01-13,0.2774483462283459,1.248
2018-01-14,0.8024495211047044,1.196
2018-01-15,0.9748761218699686,1.676
2018-01-16,0.8820300201853727,1.894
2018-01-17,1.1802822099505423,2.152
2018-01-18,0.8890860452168051,2.128
2018-01-19,0.8037109772272635,1.983
2018-01-20,0.9312552779324659,1.96
2018-01-21,1.4613686451937928,3.731
2018-01-22,0.9951415710126817,2.454
2018-01-23,0.9268019847138912,2.266
2018-01-24,0.9699915383332457,2.29
2018-01-25,0.8918280685319419,2.088
2018-01-26,0.8491802732482056,1.889
2018-01-27,0.7961637074014921,1.893
2018-01-28,0.6476262589971419,1.742
2018-01-29,0.5936119315555597,1.644
2018-01-30,0.6966750615654753,1.595
2018-01-31,0.7248766907839514,1.622
2018-02-01,0.576049332667585,1.485
2018-02-02,0.6098994764026061,1.397
2018-02-03,0.6538642548140442,1.371
2018-02-04,0.5436255316327799,1.258
2018-02-05,0.5049827231033,1.217
2018-02-06,0.48100739304051854,1.169
2018-02-07,0.46245599785811753,1.115
2018-02-08,0.9261033645442069,1.237
2018-02-09,0.6218688175951828,1.221
2018-02-10,0.8087234907246461,1.187
2018-02-11,0.6312160517359006,1.095
2018-02-12,1.1003425302294703,1.105
2018-02-13,0.7802972255364689,1.999
2018-02-14,0.9473184925154202,1.519
2018-02-15,0.7419808631053495,1.409
2018-02-16,0.6643846247012504,1.348
2018-02-17,0.6328347910360836,1.335
2018-02-18,0.6081627302274015,1.325
2018-02-19,0.5622808375364031,1.292
2018-02-20,0.5404285388663664,1.228
2018-02-21,0.5250567647617145,1.19
2018-02-22,0.5144815395384763,1.143
2018-02-23,0.5046255601956217,1.094
2018-02-24,0.4978207997822444,1.045
2018-02-25,0.4927605167193673,1.0
2018-02-26,0.4890159801336737,0.968
2018-02-27,0.4864986785555062,0.951
2018-02-28,0.486251416661623,0.921
2018-03-01,0.783908740819082,0.958
2018-03-02,1.0633243021331005,0.987
2018-03-03,1.0793031881730897,1.543
2018-03-04,1.0524970023617874,5.011
2018-03-05,0.9823707043881161,4.887
2018-03-06,0.8111791176563233,3.042
2018-03-07,0.8902871609213899,2.508
2018-03-08,0.7515766854182558,2.254
2018-03-09,1.452705014860558,3.35
2018-03-10,1.045471762980265,3.179
2018-03-11,1.5660576370437185,3.626
2018-03-12,1.0739745384905688,4.101
2018-03-13,0.9151412104936869,3.132
2018-03-14,1.9098956150795,6.209
2018-03-15,1.7597182279338832,6.285
2018-03-16,1.3415960168404022,4.691
2018-03-17,1.3662920997941752,4.133
2018-03-18,1.327568745244101,3.693
2018-03-19,1.0674402929084768,3.334
2018-03-20,0.9645896077896216,3.153
2018-03-21,0.8896182906689672,2.769
2018-03-22,0.9787293894991855,2.62
2018-03-23,1.001879830148628,2.502
2018-03-24,0.8571379254431339,2.296
2018-03-25,0.8009099639907609,2.066
2018-03-26,0.9465120354393528,1.97
2018-03-27,1.1981885639410697,1.937
2018-03-28,0.9077530954033403,2.26
2018-03-29,1.2187087520863114,2.54
2018-03-30,2.2971404293833464,9.804
2018-03-31,1.667020275741478,6.407
2018-04-01,2.193117131258498,6.882
2018-04-02,1.7972217034557605,5.985
2018-04-03,1.567876641478665,4.967
2018-04-04,1.397886405392016,4.551
2018-04-05,1.2105868135772917,3.714
2018-04-06,1.6761683305358575,3.495
2018-04-07,1.2462227416727143,4.047
2018-04-08,1.1209048616976471,3.081
2018-04-09,1.8728492410703328,4.079
2018-04-10,2.037001639460807,5.363
2018-04-11,1.4965456298760362,5.159
2018-04-12,1.289998102393992,4.101
2018-04-13,1.1793545727631094,3.661
2018-04-14,1.1099426737780578,3.291
2018-04-15,1.2903376234645874,3.22
2018-04-16,1.0865923546843235,2.784
2018-04-17,1.0281466830836954,2.522
2018-04-18,0.9772177766575597,2.306
2018-04-19,0.9435241948536641,2.135
2018-04-20,0.917629049981224,1.99
2018-04-21,0.901406160590261,1.896
2018-04-22,0.8820322637785456,1.775
2018-04-23,0.8694118686548604,1.677
2018-04-24,0.8786091622956635,1.618
2018-04-25,0.8581412157751447,1.507
2018-04-26,0.9906374620593817,1.485
2018-04-27,0.9747175986856735,1.778
2018-04-28,0.8779390200088459,1.455
2018-04-29,0.8610222302370987,1.357
2018-04-30,0.8527374461595434,1.271
2018-05-01,0.9644101446855351,1.254
2018-05-02,0.859316309850666,1.298
2018-05-03,0.844419886006101,1.157
2018-05-04,0.838264533307948,1.114
2018-05-05,0.8334695606195544,1.074
2018-05-06,0.8292173976443731,1.046
2018-05-07,0.8253074076660603,1.022
2018-05-08,0.8216253942440606,1.002
2018-05-09,0.8216513920137278,0.987
2018-05-10,0.81536985115151,0.943
2018-05-11,0.8119844471323121,0.938
2018-05-12,0.8080464049688798,0.909
2018-05-13,0.8043875943722868,0.87
2018-05-14,0.8007150189114893,0.849
2018-05-15,0.7969905224838042,0.834
2018-05-16,0.7931316630119182,0.818
2018-05-17,0.7891673318051591,0.788
2018-05-18,0.7851021444397885,0.768
2018-05-19,0.7809226915223672,0.759
2018-05-20,0.7766267307680919,0.729
2018-05-21,0.772218444792063,0.715
2018-05-22,0.7676876412903345,0.686
2018-05-23,0.7630478925439819,0.666
2018-05-24,0.8153245148105809,0.718
2018-05-25,0.7585140401089008,0.696
2018-05-26,0.8646340565614897,0.796
2018-05-27,0.754078098293915,0.723
2018-05-28,0.739634559790259,0.65
2018-05-29,0.7657418422985669,0.626
2018-05-30,0.7319500444177045,0.685
2018-05-31,0.8584623246644506,1.137
2018-06-01,0.7318171397246886,0.743
2018-06-02,0.7144862647421723,0.638
2018-06-03,0.7075245060793598,0.595
2018-06-04,0.7015015491479235,0.574
2018-06-05,0.6955380250962745,0.572
2018-06-06,0.6895939333815473,0.544
2018-06-07,0.6836875893464951,0.545
2018-06-08,0.6776732841070704,0.541
2018-06-09,0.6716887483702059,0.518
2018-06-10,0.6656944143262282,0.503
2018-06-11,0.6596842873421509,0.482
2018-06-12,0.6536594162888387,0.468
2018-06-13,0.6476203371947362,0.474
2018-06-14,0.6415682631787347,0.455
2018-06-15,0.6355047455090308,0.464
2018-06-16,0.6294315591087355,0.468
2018-06-17,0.6233506335326439,0.461
2018-06-18,0.617264001569118,0.442
2018-06-19,0.6111737590037416,0.432
2018-06-20,0.6050820330414713,0.423
2018-06-21,0.5989909576177055,0.397
2018-06-22,0.5929026542032878,0.394
2018-06-23,0.5868192169896127,0.384
2018-06-24,0.5807427015632959,0.376
2018-06-25,0.5746751163583518,0.368
2018-06-26,0.5686184163165946,0.353
2018-06-27,0.5625744983011783,0.344
2018-06-28,0.5565451978995449,0.342
2018-06-29,0.5505322873251329,0.336
2018-06-30,0.5445374741856402,0.333
2018-07-01,0.5385624009324017,0.36
2018-07-02,0.5326086448428239,0.323
2018-07-03,0.5266777184177426,0.311
2018-07-04,0.5207710700994784,0.366
2018-07-05,0.5148900852355006,0.325
2018-07-06,0.5090360872279022,0.312
2018-07-07,0.5032103388211236,0.303
2018-07-08,0.4974140434901351,0.288
2018-07-09,0.49164834689910786,0.278
2018-07-10,0.48591433840684733,0.277
2018-07-11,0.48021305260025743,0.275
2018-07-12,0.47454547084108173,0.279
2018-07-13,0.4689125228143659,0.284
2018-07-14,0.4633150880696104,0.272
2018-07-15,0.45775399754762397,0.269
2018-07-16,0.45223003508769477,0.278
2018-07-17,0.4467439389109902,0.277
2018-07-18,0.44129640307711776,0.279
2018-07-19,0.43588807891159703,0.265
2018-07-20,0.43375047202656036,0.269
2018-07-21,0.42547327014497677,0.278
2018-07-22,0.41992885856852546,0.257
2018-07-23,0.4146606512063625,0.262
2018-07-24,0.40945479844779137,0.245
2018-07-25,0.40429303024672775,0.236
2018-07-26,0.3991741055244844,0.232
2018-07-27,0.3940982390650656,0.24
2018-07-28,0.4956038597129781,0.257
2018-07-29,0.39337296825503837,0.31
2018-07-30,0.3799457616590163,0.268
2018-07-31,0.37430209420329613,0.236
2018-08-01,0.36938111718627786,0.224
2018-08-02,0.3645637059294937,0.226
2018-08-03,0.3597961623318949,0.226
2018-08-04,0.355073928980979,0.219
2018-08-05,0.35039670898317615,0.203
2018-08-06,0.3457645565405598,0.232
2018-08-07,0.3411775368505854,0.216
2018-08-08,0.3366356971962764,0.233
2018-08-09,0.33213906515497216,0.215
2018-08-10,0.3276876491508781,0.222
2018-08-11,0.5202419102807074,0.297
2018-08-12,0.4242783044875545,0.361
2018-08-13,0.3237976086142871,0.27
2018-08-14,0.31113844729235124,0.234
2018-08-15,0.39505889613443684,0.228
2018-08-16,0.30968888055432736,0.27
2018-08-17,0.29847073144000735,0.225
2018-08-18,0.29375848982028346,0.225
2018-08-19,0.28965761298985365,0.217
2018-08-20,0.2856504115427702,0.216
2018-08-21,0.2816917471180407,0.215
2018-08-22,0.27777753222306756,0.212
2018-08-23,0.29287936512435153,0.208
2018-08-24,0.27173544961868656,0.237
2018-08-25,0.27421862517558887,0.203
2018-08-26,0.44830453684121596,0.349
2018-08-27,0.27506643590468394,0.238
2018-08-28,0.2566236958989258,0.216
2018-08-29,0.2517194041084509,0.211
2018-08-30,0.2480379221050762,0.201
2018-08-31,0.24450136071848808,0.196
2018-09-01,0.24101562520959052,0.191
2018-09-02,0.23757227130734063,0.187
2018-09-03,0.2341703155428463,0.194
2018-09-04,0.23080941980285438,0.199
2018-09-05,0.22748929727613645,0.187
2018-09-06,0.22420966093951034,0.2
2018-09-07,0.22097021935486416,0.188
2018-09-08,0.21777067658319918,0.189
2018-09-09,0.21461073244832285,0.183
2018-09-10,0.2114900828218411,0.177
2018-09-11,0.2409418798215852,0.194
2018-09-12,0.20820401946255548,0.204
2018-09-13,0.20260835545167988,0.187
2018-09-14,0.19941581550691287,0.18
2018-09-15,0.19646724877112653,0.178
2018-09-16,0.1935740729454708,0.181
2018-09-17,0.19071954338847216,0.184
2018-09-18,0.1879019013377614,0.181
2018-09-19,0.2172409495537219,0.185
2018-09-20,0.3821384936384315,0.309
2018-09-21,0.19725134003522996,0.229
2018-09-22,0.38279847281368584,0.355
2018-09-23,0.39290854052810287,0.485
2018-09-24,0.19798166659278926,0.253
2018-09-25,0.17337202339263785,0.218
2018-09-26,0.16856471263116074,0.205
2018-09-27,0.1655896023135959,0.199
2018-09-28,0.16286385087634553,0.197
2018-09-29,0.16023552628753934,0.197
2018-09-30,0.15768233168161566,0.193
2018-10-01,0.15529971562384629,0.188
2018-10-02,0.1527792569493429,0.186
2018-10-03,0.15039105253574042,0.185
2018-10-04,0.14805830699782577,0.189
2018-10-05,0.2458550171481073,0.187
2018-10-06,0.15543189386116088,0.242
2018-10-07,0.1443208145935357,0.194
2018-10-08,0.14100783652234525,0.189
2018-10-09,0.13848856008848912,0.184
2018-10-10,0.17519415678755862,0.187
2018-10-11,0.3472544913063083,0.199
2018-10-12,0.36492376912587693,0.531
2018-10-13,0.38478917453592776,0.359
2018-10-14,0.35342049616637894,0.596
2018-10-15,0.17485273879013338,0.418
2018-10-16,0.14585356762026017,0.349
2018-10-17,0.13815059529461146,0.309
2018-10-18,0.13325317738433415,0.288
2018-10-19,0.12901209888094228,0.279
2018-10-20,0.12539014950303776,0.266
2018-10-21,0.12262839256422446,0.26
2018-10-22,0.11929650084387573,0.247
2018-10-23,0.11668022273476203,0.239
2018-10-24,0.114285511429353,0.24
2018-10-25,0.1222372818796261,0.233
2018-10-26,0.11156882739996507,0.232
2018-10-27,0.1162286221056073,0.221
2018-10-28,0.10771104904568776,0.216
2018-10-29,0.10526860601882805,0.221
2018-10-30,0.10341283215881729,0.217
2018-10-31,0.1497573694596624,0.226
2018-11-01,0.10516501099250392,0.221
2018-11-02,0.0996250382326411,0.212
2018-11-03,0.15198627955477065,0.214
2018-11-04,0.186607512717157,0.284
2018-11-05,0.10458631837086721,0.253
2018-11-06,0.3029859695839244,0.385
2018-11-07,0.24865525301291802,0.612
2018-11-08,0.11183047571725593,0.402
2018-11-09,0.3309608939153058,0.6
2018-11-10,0.34962234245756585,0.794
2018-11-11,0.1355223295241693,0.7
2018-11-12,0.21638912907662836,0.652
2018-11-13,0.12449975754313834,0.623
2018-11-14,0.11009547971462835,0.576
2018-11-15,0.10409055707269191,0.553
2018-11-16,0.09921476991191673,0.526
2018-11-17,0.09448599814844422,0.498
2018-11-18,0.09082618561882878,0.473
2018-11-19,0.08787212469273659,0.452
2018-11-20,0.0931384903822918,0.439
2018-11-21,0.15273695623061412,0.446
2018-11-22,0.13092819809789147,0.426
2018-11-23,0.21822333903276456,0.445
2018-11-24,0.16545958889261358,0.547
2018-11-25,0.1044213025731514,0.49
2018-11-26,0.10702920479609153,0.442
2018-11-27,0.4412434738145308,1.609
2018-11-28,0.5796758299856505,1.15
2018-11-29,0.5349879416286648,1.596
2018-11-30,0.6954775255257224,1.304
2018-12-01,0.5281649830426552,2.31
2018-12-02,0.5668378276499472,1.77
2018-12-03,0.36119296035228315,1.793
2018-12-04,0.4082350850548683,1.62
2018-12-05,0.5918576277792817,1.874
2018-12-06,0.9280203712458979,1.685
2018-12-07,0.7400781354507899,2.428
2018-12-08,1.0514532466133846,2.292
2018-12-09,0.5968607107541288,2.573
2018-12-10,0.4813030680967632,2.3
2018-12-11,0.41166608181115233,2.164
2018-12-12,0.35329803149505334,1.965
2018-12-13,0.30652923463566856,1.75
2018-12-14,0.46369331129093966,1.582
2018-12-15,0.8364687773287921,2.198
2018-12-16,0.6755433912201477,1.988
2018-12-17,0.5154953487549142,1.754
2018-12-18,1.200179154140007,3.258
2018-12-19,1.2199861553705285,2.905
2018-12-20,1.2043011236934105,3.429
2018-12-21,0.8964111483471645,3.223
2018-12-22,0.999259090998381,2.896
2018-12-23,0.9536833772060445,2.879
2018-12-24,0.7315339511544731,2.62
2018-12-25,0.6148267871775706,2.38
2018-12-26,0.5342688234497676,2.214
2018-12-27,0.4746665686609649,2.05
2018-12-28,0.43014917304521016,1.89
2018-12-29,0.39677862682008413,1.751
2018-12-30,0.38125218295888424,1.635
2018-12-31,0.3497360283180729,1.542
2019-01-01,0.33329786235652836,1.432
2019-01-02,0.32163510843734994,1.332
2019-01-03,0.31312588823536336,1.261
2019-01-04,0.3071997958114921,1.199
2019-01-05,0.3027081325680347,1.148
2019-01-06,0.2999458804497035,1.095
2019-01-07,0.300184337857905,1.057
2019-01-08,0.2973452705687996,1.006
2019-01-09,0.2969122462358295,0.961
2019-01-10,0.3008475241372727,0.933
2019-01-11,0.300256806164557,0.902
2019-01-12,0.29997173370493857,0.879
2019-01-13,0.3036475257540156,0.853
2019-01-14,0.3008983890740382,0.816
2019-01-15,0.33501249508660985,0.804
2019-01-16,0.5479507435222217,0.863
2019-01-17,0.3930895698400963,0.806
2019-01-18,0.8112611209300108,0.87
2019-01-19,0.5145387465618174,0.849
2019-01-20,0.4508272068490637,0.776
2019-01-21,0.6398857383350681,0.798
2019-01-22,0.621723404269154,0.86
2019-01-23,0.4948536775927971,0.795
2019-01-24,0.5012511962244373,0.764
2019-01-25,0.46311291555018813,0.738
2019-01-26,0.8051284908081425,0.839
2019-01-27,0.5431472599163837,0.811
2019-01-28,0.5000862100488712,0.752
2019-01-29,0.7901706600324014,0.817
2019-01-30,0.5529869947720992,0.842
2019-01-31,0.9812362710889712,0.877
2019-02-01,0.6428602930625635,0.918
2019-02-02,0.5645714928093897,0.923
2019-02-03,1.1689576645689346,1.333
2019-02-04,0.7279512363559874,2.303
2019-02-05,1.0069169184673505,1.754
2019-02-06,1.1887491451913486,1.982
2019-02-07,1.1539401285517583,2.045
2019-02-08,1.6650930274521367,4.116
2019-02-09,1.6236668463426156,3.486
2019-02-10,1.1658264947256394,3.265
2019-02-11,0.9667241883519574,2.743
2019-02-12,0.8551560890232014,2.537
2019-02-13,0.770822933186552,2.333
2019-02-14,0.7036353039317513,2.143
2019-02-15,0.652791733346918,1.981
2019-02-16,0.6106150634840934,1.841
2019-02-17,0.5790171615802503,1.71
2019-02-18,0.5565528259641429,1.59
2019-02-19,0.5340934245896221,1.492
2019-02-20,0.5185994821899719,1.395
2019-02-21,0.5077186655719719,1.295
2019-02-22,0.49800822299734404,1.227
2019-02-23,0.4911621132298464,1.169
2019-02-24,0.48591159649442245,1.111
2019-02-25,0.48192215918957676,1.063
2019-02-26,0.47894149434623023,1.029
2019-02-27,0.48010905952825506,1.002
2019-02-28,0.5182303999007363,1.003
2019-03-01,0.5404556065135235,0.982
2019-03-02,0.6294455016260998,0.981
2019-03-03,0.5629771738260222,1.026
2019-03-04,0.7410146688072443,1.029
2019-03-05,1.222687235508878,1.541
2019-03-06,1.0650038412351204,2.124
2019-03-07,0.7992519298963122,1.466
2019-03-08,0.7878190974805668,1.372
2019-03-09,1.1544450640126007,1.469
2019-03-10,0.9433448212362946,1.543
2019-03-11,1.0744657919123317,1.483
2019-03-12,1.3358265546840307,2.619
2019-03-13,1.3401225015628055,1.88
2019-03-14,1.0584417263335903,2.113
2019-03-15,0.9307847793584667,1.919
2019-03-16,1.4513609027694614,2.053
2019-03-17,1.0192837396350587,2.17
2019-03-18,0.8961957485347775,1.92
2019-03-19,0.8132438707994031,1.827
2019-03-20,0.7613425715979127,1.763
2019-03-21,0.7146940570870856,1.699
2019-03-22,0.6897514651723855,1.624
2019-03-23,0.6550081380208757,1.536
2019-03-24,0.6332445444173905,1.449
2019-03-25,0.6165420038281936,1.367
2019-03-26,0.6033539042710172,1.301
2019-03-27,0.592874766800452,1.243
2019-03-28,0.5845188282960555,1.19
2019-03-29,0.5778143409669475,1.166
2019-03-30,0.5723861142816893,1.119
2019-03-31,0.5679404961440182,1.071
2019-04-01,0.5708633690409085,1.045
2019-04-02,0.5623782834224027,1.045
2019-04-03,0.6330776124894552,1.014
2019-04-04,0.7740371261030785,1.158
2019-04-05,0.8211154860131348,1.294
2019-04-06,0.6313866748510981,1.054
2019-04-07,0.6022645902367819,0.971
2019-04-08,0.5894612365990203,0.925
2019-04-09,0.6272303561601548,0.922
2019-04-10,0.5867978297624946,0.888
2019-04-11,0.5750198581656504,0.858
2019-04-12,0.5670144623415315,0.84
2019-04-13,0.5603284513820024,0.82
2019-04-14,0.5545286991539384,0.795
2019-04-15,0.6513433309292629,0.829
2019-04-16,0.5563270654327221,0.844
2019-04-17,0.5429102647380806,0.787
2019-04-18,0.5379164586560943,0.756
2019-04-19,0.5338996424832849,0.733
2019-04-20,0.5301420986978832,0.714
2019-04-21,0.5265304124940196,0.707
2019-04-22,0.523014810220346,0.693
2019-04-23,0.5196660691507683,0.649
2019-04-24,0.6926816724602287,0.74
2019-04-25,0.5945798015233623,0.83
2019-04-26,0.5496839978883826,0.686
2019-04-27,0.5129209595042371,0.643
2019-04-28,0.5065632795564716,0.615
2019-04-29,0.5016642303197555,0.614
2019-04-30,0.4976054657530131,0.595
2019-05-01,0.49410190050316666,0.595
2019-05-02,0.4898467790582497,0.58
2019-05-03,0.4861091213383129,0.564
2019-05-04,0.4821173820013407,0.541
2019-05-05,0.4782599459397427,0.533
2019-05-06,0.4744086113040682,0.528
2019-05-07,0.6303212692178778,0.572
2019-05-08,0.6895396936875597,1.007
2019-05-09,0.5084745979799085,0.674
2019-05-10,0.46788905653117546,0.628
2019-05-11,0.45920587331995655,0.576
2019-05-12,0.45421626938437876,0.552
2019-05-13,0.4496667141091012,0.535
2019-05-14,0.44524515925178887,0.533
2019-05-15,0.4409043020412311,0.528
2019-05-16,0.4366479515032674,0.529
2019-05-17,0.4325458266468338,0.545
2019-05-18,0.42821195552572533,0.528
2019-05-19,0.4240438547547069,0.508
2019-05-20,0.4198827616036027,0.493
2019-05-21,0.4157522239096801,0.474
2019-05-22,0.4116379213523856,0.465
2019-05-23,0.4075356978271081,0.459
2019-05-24,0.40344372186654254,0.453
2019-05-25,0.39936312896895787,0.444
2019-05-26,0.39529735401143995,0.445
2019-05-27,0.3915205558075063,0.432
2019-05-28,0.38721990801606565,0.426
2019-05-29,0.383184973249319,0.431
2019-05-30,0.3790956030720897,0.409
2019-05-31,0.37505866690015927,0.402
2019-06-01,0.3710428461566613,0.389
2019-06-02,0.367039946605596,0.397
2019-06-03,0.3630499981666654,0.389
2019-06-04,0.36204169807172826,0.418
2019-06-05,0.35537101907409524,0.387
2019-06-06,0.4622348535857177,0.38
2019-06-07,0.5621673034896021,0.766
2019-06-08,0.41879359830982804,0.493
2019-06-09,0.34942677346777246,0.431
2019-06-10,0.55662905455842,0.778
2019-06-11,0.5607634355202873,0.919
2019-06-12,0.49110180691520766,0.641
2019-06-13,0.3666777510694613,0.761
2019-06-14,0.3729433636516374,0.665
2019-06-15,0.3366985974402521,0.625
2019-06-16,0.326970755367157,0.617
2019-06-17,0.32019975615913737,0.579
2019-06-18,0.3392550476381123,0.586
2019-06-19,0.3125170673587156,0.562
2019-06-20,0.3059448753036046,0.545
2019-06-21,0.30081926322182906,0.509
2019-06-22,0.29637783126622547,0.489
2019-06-23,0.2923558772355958,0.501
2019-06-24,0.2882572111126099,0.487
2019-06-25,0.284283914286178,0.478
2019-06-26,0.28050069641795655,0.454
2019-06-27,0.27683067415584844,0.419
2019-06-28,0.27324598295707536,0.398
2019-06-29,0.26973361479088354,0.398
2019-06-30,0.266284101690233,0.392
2019-07-01,0.262889995881166,0.372
2019-07-02,0.2595453971590912,0.361
2019-07-03,0.2562456325273551,0.352
2019-07-04,0.252987006231433,0.345
2019-07-05,0.24976660046413532,0.343
2019-07-06,0.24658211611155834,0.336
2019-07-07,0.2434317454848345,0.327
2019-07-08,0.2403140706330051,0.322
2019-07-09,0.23722798211679308,0.311
2019-07-10,0.23417261414748883,0.307
2019-07-11,0.23114729281444188,0.309
2019-07-12,0.22815149478004534,0.296
2019-07-13,0.22518481434541085,0.296
2019-07-14,0.22224693720938124,0.285
2019-07-15,0.2193376195790818,0.273
2019-07-16,0.21645667155865436,0.273
2019-07-17,0.21360394395756932,0.284
2019-07-18,0.2107793178317117,0.283
2019-07-19,0.3553951066498663,0.394
2019-07-20,0.21807546464546076,0.311
2019-07-21,0.2035979006673269,0.278
2019-07-22,0.1998580217172418,0.276
2019-07-23,0.26154614867325987,0.459
2019-07-24,0.2000437089174013,0.369
2019-07-25,0.192279380693221,0.278
2019-07-26,0.18922732419920477,0.278
2019-07-27,0.18661314955977162,0.262
2019-07-28,0.18406207096721966,0.247
2019-07-29,0.26636506699891055,0.251
2019-07-30,0.22248059337145357,0.347
2019-07-31,0.18045028855650566,0.256
2019-08-01,0.17454553197157666,0.246
2019-08-02,0.1718164673989898,0.241
2019-08-03,0.16939514352115853,0.238
2019-08-04,0.1670259141995631,0.247
2019-08-05,0.1646874701692233,0.235
2019-08-06,0.17657800372442714,0.286
2019-08-07,0.16133280402300793,0.254
2019-08-08,0.3549068640362655,0.4
2019-08-09,0.34543229807605313,0.483
2019-08-10,0.17316394345255104,0.353
2019-08-11,0.1853063783887602,0.333
2019-08-12,0.15618737768415472,0.328
2019-08-13,0.18652211993829235,0.313
2019-08-14,0.1522388970761181,0.335
2019-08-15,0.1464000475224019,0.278
2019-08-16,0.3026819596067348,0.382
2019-08-17,0.15711162176364488,0.318
2019-08-18,0.1422747746105392,0.291
2019-08-19,0.13832489743871856,0.275
2019-08-20,0.1355302609310068,0.267
2019-08-21,0.1331580713873589,0.267
2019-08-22,0.13093387512617,0.265
2019-08-23,0.12880551459742406,0.255
2019-08-24,0.12675743561447012,0.246
2019-08-25,0.12477764516812329,0.25
2019-08-26,0.12293378981595768,0.251
2019-08-27,0.12102617209609882,0.254
2019-08-28,0.1797689567050151,0.297
2019-08-29,0.12331924469197227,0.243
2019-08-30,0.11667403024294033,0.227
2019-08-31,0.11468733476159822,0.225
2019-09-01,0.11267547415051023,0.22
2019-09-02,0.11095160376184793,0.219
2019-09-03,0.10929891540065606,0.22
2019-09-04,0.10756631689547044,0.21
2019-09-05,0.105933946342327,0.206
2019-09-06,0.10435417053355373,0.214
2019-09-07,0.10278401452945252,0.208
2019-09-08,0.13701420520901042,0.209
2019-09-09,0.18809172729423546,0.29
2019-09-10,0.10655945485810689,0.234
2019-09-11,0.09802338716177686,0.216
2019-09-12,0.0958722606301817,0.209
2019-09-13,0.0942688122276056,0.2
2019-09-14,0.09279220363371853,0.2
2019-09-15,0.0913750935627172,0.202
2019-09-16,0.09011157820804887,0.208
2019-09-17,0.08861354576584476,0.197
2019-09-18,0.087257093901025,0.193
2019-09-19,0.08593428669299676,0.192
2019-09-20,0.08463269318081267,0.184
2019-09-21,0.08339093176056121,0.181
2019-09-22,0.08212304914693831,0.203
2019-09-23,0.24916472672632742,0.223
2019-09-24,0.2266548020633955,0.27
2019-09-25,0.1350203506656167,0.278
2019-09-26,0.08622958223863353,0.236
2019-09-27,0.11373897476910819,0.234
2019-09-28,0.28735986707533834,0.375
2019-09-29,0.11925557525101302,0.386
2019-09-30,0.2921223551880267,0.38
2019-10-01,0.1400905529897509,0.717
2019-10-02,0.08729473904402042,0.465
2019-10-03,0.1164630292046957,0.452
2019-10-04,0.16444218624872595,0.462
2019-10-05,0.15724595516674655,0.497
2019-10-06,0.08817202424253731,0.464
2019-10-07,0.07826065197522097,0.457
2019-10-08,0.13849026247128493,0.456
2019-10-09,0.1645495443349051,0.596
2019-10-10,0.30074104396351464,0.666
2019-10-11,0.3201085445097545,1.076
2019-10-12,0.2908339268439957,1.009
2019-10-13,0.11298625184606088,1.274
2019-10-14,0.1959016439935555,1.143
2019-10-15,0.10210733687138665,1.054
2019-10-16,0.08525523006157909,0.953
2019-10-17,0.12803653173472757,0.898
2019-10-18,0.1677830128347407,0.899
2019-10-19,0.11701516075199678,0.838
2019-10-20,0.08782938557602907,0.773
2019-10-21,0.07835378923077901,0.719
2019-10-22,0.07391866623044187,0.677
2019-10-23,0.07081935903847648,0.659
2019-10-24,0.06815624055049108,0.625
2019-10-25,0.2949951554856566,0.804
2019-10-26,0.3958996689128231,1.421
2019-10-27,0.15208461456994382,0.993
2019-10-28,0.10915842847429089,0.972
2019-10-29,0.10183001820385516,0.953
2019-10-30,0.6148563279572038,1.131
2019-10-31,0.5537244099483933,1.885
2019-11-01,0.7154339582008211,1.741
2019-11-02,0.6627998313580228,2.817
2019-11-03,0.418006040259471,2.211
2019-11-04,0.43178520227525274,2.128
2019-11-05,0.3080897167217365,1.918
2019-11-06,0.6078189909686788,1.851
2019-11-07,0.40935898693060685,2.023
2019-11-08,0.34696383018770327,1.653
2019-11-09,0.877069088619719,2.24
2019-11-10,0.7210977062056426,2.11
2019-11-11,0.5749006230765081,2.044
2019-11-12,0.42120785428690555,1.892
2019-11-13,0.9655879821457513,2.389
2019-11-14,1.3691141671182072,7.451
2019-11-15,1.0896868617871027,3.802
2019-11-16,0.6886811378773571,3.565
2019-11-17,0.5944475700900249,3.0
2019-11-18,0.49511797981617517,2.623
2019-11-19,0.43283623283253525,2.357
2019-11-20,0.38054820271627715,2.132
2019-11-21,1.153970855066473,2.603
2019-11-22,1.4184854545515095,3.516
2019-11-23,1.3033169797061368,4.272
2019-11-24,1.229105891563689,3.212
2019-11-25,0.9912037922470504,3.479
2019-11-26,0.9530456108152202,3.405
2019-11-27,0.8483600560802889,3.056
2019-11-28,0.9386090695094863,2.848
2019-11-29,0.6878601937605966,2.628
2019-11-30,0.5961848026570705,2.422
2019-12-01,0.5334200500822612,2.224
2019-12-02,0.4854029657394829,2.071
2019-12-03,0.4495655179853635,1.946
2019-12-04,0.42032189372393897,1.816
2019-12-05,0.5691427434043,1.716
2019-12-06,0.45829797806824657,1.649
2019-12-07,0.7791430614112194,1.591
2019-12-08,1.1166927907031445,1.957
2019-12-09,0.7822429829090857,1.722
2019-12-10,1.035114991536521,1.88
2019-12-11,1.1826513822174904,1.83
2019-12-12,1.4040708765137464,2.886
2019-12-13,1.5041553789644446,2.828
2019-12-14,1.535685926594607,3.17
2019-12-15,1.2665744491967714,3.349
2019-12-16,1.0008778952046906,2.93
2019-12-17,0.8756884906955168,2.728
2019-12-18,1.6844291069396524,3.973
2019-12-19,2.342192916745948,8.528
2019-12-20,1.8229831435273112,6.664
2019-12-21,1.84434549414754,6.246
2019-12-22,1.6918862006247097,5.216
2019-12-23,1.3429900887509594,4.431
2019-12-24,1.300124230824042,4.019
2019-12-25,1.1690768509918281,3.557
2019-12-26,2.0633999130119696,6.019
2019-12-27,1.4789538101380488,4.265
2019-12-28,1.1749581019042492,3.733
2019-12-29,1.0534037122996902,3.453
2019-12-30,0.9671419909991019,3.149
2019-12-31,0.8994205537227755,2.87
2020-01-01,0.9082153705905814,2.648
2020-01-02,1.130107856430917,2.52
2020-01-03,0.9236947737450055,2.331
2020-01-04,0.8937002915815911,2.119
2020-01-05,0.834076128564076,1.993
2020-01-06,1.0703920658513357,2.078
2020-01-07,0.8915100025365233,1.88
2020-01-08,1.1489547347429312,1.959
2020-01-09,1.7869455728484478,3.424
2020-01-10,1.2708819292714129,2.269
2020-01-11,1.4199225616534414,2.242
2020-01-12,1.201504825589109,2.266
2020-01-13,1.6798108959439222,3.218
2020-01-14,2.029080214437919,4.142
2020-01-15,1.5335034147649,3.301
2020-01-16,2.0414646381880175,5.207
2020-01-17,1.7047878381606474,3.972
2020-01-18,1.399880093130929,3.513
2020-01-19,1.2715719584343255,3.164
2020-01-20,1.1815206512811083,2.934
2020-01-21,1.1184834336149914,2.725
2020-01-22,1.087780562819234,2.546
2020-01-23,1.0356774008024563,2.379
2020-01-24,0.9944055458539465,2.224
2020-01-25,1.003479074139014,2.096
2020-01-26,1.2338973290217947,2.277
2020-01-27,1.1523860895199327,2.101
2020-01-28,1.1311109025877704,2.008
2020-01-29,1.0481707152100654,1.815
2020-01-30,1.0894202067353196,1.739
2020-01-31,1.1211677782098344,1.67
2020-02-01,1.4319895293499931,1.711
2020-02-02,1.145891504778559,1.741
2020-02-03,1.1791258799997673,1.576
2020-02-04,1.0787619602922227,1.485
2020-02-05,1.0371716322737066,1.447
2020-02-06,1.0092028470640269,1.435
2020-02-07,1.097184951517013,1.445
2020-02-08,1.1233315849975811,1.427
2020-02-09,1.9287707501888467,2.809
2020-02-10,1.735263579169046,2.399
2020-02-11,1.555170410796327,2.001
2020-02-12,2.06055701430553,3.367
2020-02-13,1.5761592122204318,3.448
2020-02-14,2.02865254518123,3.146
2020-02-15,2.989373081649409,9.43
2020-02-16,2.612801692863549,9.053
2020-02-17,2.260717845174203,6.295
2020-02-18,2.3228770441632145,5.917
2020-02-19,1.9720737039596514,4.927
2020-02-20,1.8968561446241272,4.839
2020-02-21,1.714308448786487,4.045
2020-02-22,1.7002475757341575,3.761
2020-02-23,1.7522901488308118,3.51
2020-02-24,1.8608394894900326,4.094
2020-02-25,1.9329508015229404,4.24
2020-02-26,2.1550862039074095,4.12
2020-02-27,1.8550775542925482,4.362
2020-02-28,2.5800462888642133,5.858
2020-02-29,2.3311812053358323,6.185
2020-03-01,2.1863542980025334,5.821
2020-03-02,1.8153396424226735,4.974
2020-03-03,1.7180945753000938,4.331
2020-03-04,2.3385669369361395,4.37
2020-03-05,1.946787840292537,7.341
2020-03-06,1.69469390925677,4.204
2020-03-07,1.9185890639425263,4.3
2020-03-08,1.7171598620407846,4.078
2020-03-09,1.9629946064721466,3.861
2020-03-10,1.6423060415087576,3.49
2020-03-11,1.5515238619265506,3.201
2020-03-12,1.4826577308463886,2.983
2020-03-13,1.659392326651416,3.013
2020-03-14,1.8293455253958042,2.838
2020-03-15,1.8086985646111753,4.64
2020-03-16,1.558870514843533,2.972
2020-03-17,1.4848551146438576,2.843
2020-03-18,1.6907345134201275,2.825
2020-03-19,1.5379735922456088,3.127
2020-03-20,1.4407344266395947,2.663
2020-03-21,1.3928867360593788,2.49
2020-03-22,1.3573808615564547,2.345
2020-03-23,1.3291314110493402,2.209
2020-03-24,1.3064211125429903,2.078
2020-03-25,1.287899917971083,1.958
2020-03-26,1.2727583182111317,1.85
2020-03-27,1.2602085894456496,1.751
2020-03-28,1.2496501482829163,1.644
2020-03-29,1.2406085137460257,1.554
2020-03-30,1.2327135053315008,1.512
2020-03-31,1.2256498512640808,1.458
2020-04-01,1.2191991734784884,1.413
2020-04-02,1.2131751495526453,1.363
2020-04-03,1.207419786615881,1.299
2020-04-04,1.20183225605693,1.259
2020-04-05,1.1967248953718075,1.235
2020-04-06,1.190857179461485,1.172
2020-04-07,1.185274928979376,1.125
2020-04-08,1.1796403826116173,1.094
2020-04-09,1.1738982947571783,1.058
2020-04-10,1.1680242394380171,1.016
2020-04-11,1.1620034652296896,0.992
2020-04-12,1.1558266343292798,0.968
2020-04-13,1.1494883223050574,0.926
2020-04-14,1.1429862157476207,0.913
2020-04-15,1.1363203858379318,0.895
2020-04-16,1.1295060607573508,0.872
2020-04-17,1.1836096782372023,1.008
2020-04-18,1.1207458040935263,0.882
2020-04-19,1.1085549851404821,0.842
2020-04-20,1.1006936064106716,0.815
2020-04-21,1.0930873549690796,0.786
2020-04-22,1.0853853944431948,0.769
2020-04-23,1.0775633033372647,0.756
2020-04-24,1.0696251402518706,0.743
2020-04-25,1.0615774579706443,0.727
2020-04-26,1.0534270053667627,0.716
2020-04-27,1.111145892897436,0.72
2020-04-28,1.086082570766177,0.8
2020-04-29,1.0479781618542008,0.764
2020-04-30,1.0813488703190246,0.757
2020-05-01,1.0183354451817488,0.738
2020-05-02,1.0045676183469694,0.668
2020-05-03,0.9952965557323764,0.663
2020-05-04,0.9861555651700337,0.635
2020-05-05,0.9773251135877541,0.62
2020-05-06,0.9682611759145043,0.596
2020-05-07,0.9592943837493476,0.587
2020-05-08,0.950323962635384,0.575
2020-05-09,0.9413421794257888,0.566
2020-05-10,0.9323497615372132,0.548
2020-05-11,0.9233486302807087,0.526
2020-05-12,0.9143411021734078,0.527
2020-05-13,0.9053297345800027,0.515
2020-05-14,0.8963172452903314,0.505
2020-05-15,0.8873064527107581,0.501
2020-05-16,0.8783002291645801,0.483
2020-05-17,0.8693014643645259,0.478
2020-05-18,0.8603130369758168,0.469
2020-05-19,0.8513377926284394,0.463
2020-05-20,0.8423785270681117,0.443
2020-05-21,0.833437973398224,0.446
2020-05-22,0.8245187925750884,0.423
2020-05-23,0.8156235664868688,0.422
2020-05-24,0.8067547930809494,0.416
2020-05-25,0.7979148831120353,0.408
2020-05-26,0.7891061581692581,0.404
2020-05-27,0.7803308497093587,0.392
2020-05-28,0.7715910988780393,0.369
2020-05-29,0.7628889569455721,0.354
2020-05-30,0.7542263862179609,0.355
2020-05-31,0.7456052613130847,0.348
2020-06-01,0.7370273707137655,0.345
2020-06-02,0.7284944185276947,0.338
2020-06-03,0.7602045414620645,0.441
2020-06-04,0.7150776911148534,0.388
2020-06-05,0.7034868929806127,0.363
2020-06-06,0.694869911276515,0.376
2020-06-07,0.6865600469406683,0.359
2020-06-08,0.6783259140245529,0.342
2020-06-09,0.6701483947290752,0.339
2020-06-10,0.8589872937708624,0.536
2020-06-11,0.7382441699243553,0.472
2020-06-12,0.8502729669101152,0.751
2020-06-13,0.6568523351001568,0.474
2020-06-14,0.6317686975847158,0.398
2020-06-15,0.6224353513266956,0.369
2020-06-16,0.7309373865191355,0.674
2020-06-17,0.737939244462851,0.578
2020-06-18,0.8266903143853654,1.61
2020-06-19,0.8123490134060194,0.865
2020-06-20,0.6452640739858003,0.678
2020-06-21,0.5922699192880942,0.607
2020-06-22,0.5789956327523503,0.516
2020-06-23,0.5696606941702211,0.472
2020-06-24,0.5610459577691537,0.443
2020-06-25,0.5529048716594546,0.423
2020-06-26,0.5523865830621111,0.434
2020-06-27,0.5391177248108,0.434
2020-06-28,0.5307165188614635,0.404
2020-06-29,0.5232785428802887,0.394
2020-06-30,0.5160544142540563,0.41
2020-07-01,0.5087588418736676,0.397
2020-07-02,0.501649186055311,0.375
2020-07-03,0.4951960116799338,0.381
2020-07-04,0.4882224404436528,0.381
2020-07-05,0.4814249687404954,0.349
2020-07-06,0.47487313182913693,0.335
2020-07-07,0.4685286392290867,0.343
2020-07-08,0.46210304086648524,0.354
2020-07-09,0.4557906427174297,0.349
2020-07-10,0.4495835611941525,0.32
2020-07-11,0.44345554257253317,0.306
2020-07-12,0.4374002750276196,0.297
2020-07-13,0.4314155450708582,0.314
2020-07-14,0.4254997895549623,0.307
2020-07-15,0.4196517333260788,0.295
2020-07-16,0.4138703084862822,0.285
2020-07-17,0.4081546081788508,0.278
2020-07-18,0.5611116109368892,0.376
2020-07-19,0.41075563860134084,0.351
2020-07-20,0.3926045333071836,0.279
2020-07-21,0.3860401402289423,0.267
2020-07-22,0.3805469780805625,0.265
2020-07-23,0.37540377274166903,0.278
2020-07-24,0.3700979688858619,0.281
2020-07-25,0.5636509094857377,0.476
2020-07-26,0.4302730802041784,0.31
2020-07-27,0.3636455807044717,0.342
2020-07-28,0.3519864988751828,0.278
2020-07-29,0.34611103511830793,0.267
2020-07-30,0.3408647020631328,0.252
2020-07-31,0.3358098982855284,0.248
2020-08-01,0.33088802256101896,0.247
2020-08-02,0.32612204947554685,0.253
2020-08-03,0.3211545242570745,0.236
2020-08-04,0.31649059111130995,0.24
2020-08-05,0.3119532570116819,0.242
2020-08-06,0.307401596911143,0.25
2020-08-07,0.30278763201399134,0.232
2020-08-08,0.29831770937811347,0.228
2020-08-09,0.293958881671056,0.228
2020-08-10,0.2896505088373935,0.241
2020-08-11,0.28539808699198604,0.225
2020-08-12,0.2812087126746762,0.212
2020-08-13,0.3521695512147621,0.267
2020-08-14,0.29190378753253987,0.281
2020-08-15,0.35964310393041043,0.369
2020-08-16,0.27440928844975737,0.274
2020-08-17,0.315641702000357,0.346
2020-08-18,0.46744626489510915,0.4
2020-08-19,0.43540314277355174,0.947
2020-08-20,0.2877729724677147,0.429
2020-08-21,0.29731141734943944,0.4
2020-08-22,0.2536194936977733,0.333
2020-08-23,0.2549729682236856,0.311
2020-08-24,0.4477749019630569,0.386
2020-08-25,0.258463219250997,0.524
2020-08-26,0.2371247046264432,0.353
2020-08-27,0.4822086935931721,0.908
2020-08-28,0.47477895917783025,1.339
2020-08-29,0.3333312669941283,0.773
2020-08-30,0.24474816111341674,0.655
2020-08-31,0.23059610774136635,0.582
2020-09-01,0.22370126826810746,0.533
2020-09-02,0.21844398505092172,0.488
2020-09-03,0.21317199826045924,0.49
2020-09-04,0.20859706625260402,0.439
2020-09-05,0.2047522062795115,0.425
2020-09-06,0.2012637819143504,0.436
2020-09-07,0.19725530387687581,0.414
2020-09-08,0.19343656568832884,0.388
2020-09-09,0.19007644656457393,0.375
2020-09-10,0.18694042287349014,0.354
2020-09-11,0.1839597607167158,0.349
2020-09-12,0.18104749509237714,0.332
2020-09-13,0.1782444056415921,0.325
2020-09-14,0.17550815550005286,0.307
2020-09-15,0.1728464502084681,0.302
2020-09-16,0.17024194426203576,0.298
2020-09-17,0.16769267332171503,0.278
2020-09-18,0.16519252485353306,0.274
2020-09-19,0.16273749702516957,0.27
2020-09-20,0.1603240675684437,0.275
2020-09-21,0.15794991584986331,0.314
2020-09-22,0.1558793463459986,0.277
2020-09-23,0.21848410162645174,0.289
2020-09-24,0.15761681676640954,0.296
2020-09-25,0.15000472990504926,0.257
2020-09-26,0.1471885768492633,0.246
2020-09-27,0.1448751504236994,0.245
2020-09-28,0.15091753830231824,0.26
2020-09-29,0.14163667973712268,0.259
2020-09-30,0.2635896615905902,0.336
2020-10-01,0.3539451121150141,0.308
2020-10-02,0.37443163804978596,1.076
2020-10-03,0.4250783616870643,5.515
2020-10-04,0.4318496906860629,4.883
2020-10-05,0.4237510018531886,2.766
2020-10-06,0.430497491045217,2.169
2020-10-07,0.47530073333769973,1.79
2020-10-08,0.4112476657935776,1.68
2020-10-09,0.2087260266542471,1.433
2020-10-10,0.1756359772686411,1.304
2020-10-11,0.1627851158856967,1.199
2020-10-12,0.2717996534562216,1.167
2020-10-13,0.16709545111500326,1.148
2020-10-14,0.14666396583787514,1.008
2020-10-15,0.13918660169551314,0.936
2020-10-16,0.13381262316996007,0.889
2020-10-17,0.1293922079291492,0.841
2020-10-18,0.1256370388744054,0.8
2020-10-19,0.1255795815977217,0.775
2020-10-20,0.26432270381601886,0.778
2020-10-21,0.2698188717722808,0.996
2020-10-22,0.18575361381114167,0.868
2020-10-23,0.1499596699826497,0.797
2020-10-24,0.35835884045359034,1.016
2020-10-25,0.22232023480466595,0.914
2020-10-26,0.26467007729953596,0.88
2020-10-27,0.269218983909054,0.954
2020-10-28,0.3140334342573607,0.983
2020-10-29,0.22701185376846406,0.963
2020-10-30,0.4251605084302196,0.957
2020-10-31,0.409272030878477,1.438
2020-11-01,0.3211976269489066,1.267
2020-11-02,0.5041659188042102,1.321
2020-11-03,0.35249710919718286,1.648
2020-11-04,0.2646238251944888,1.446
2020-11-05,0.23147513744314677,1.414
2020-11-06,0.20768006126639682,1.393
2020-11-07,0.19292048456606348,1.339
2020-11-08,0.1761112798251017,1.269
2020-11-09,0.2525890309648805,1.231
2020-11-10,0.17845392419224407,1.136
2020-11-11,0.46702845319378944,1.335
2020-11-12,0.3092956471690355,1.405
2020-11-13,0.28511725297209933,1.235
2020-11-14,0.7569549159236916,1.821
2020-11-15,0.43891267951377044,1.632
2020-11-16,0.42054665262325586,1.463
2020-11-17,0.3550667670028879,1.458
2020-11-18,0.3071505622511058,1.428
2020-11-19,0.4115971091173883,1.327
2020-11-20,0.37054097263018176,1.38
2020-11-21,0.3215598003930098,1.308
2020-11-22,0.27096153816835516,1.244
2020-11-23,0.2448251931063237,1.198
2020-11-24,0.32728525801917535,1.181
2020-11-25,0.24652417897860576,1.169
2020-11-26,0.22365544106868432,1.085
2020-11-27,0.4273952746028544,1.087
2020-11-28,0.26867520456828503,1.155
2020-11-29,0.23671176306512565,1.043
2020-11-30,0.22402402876844665,1.006
2020-12-01,0.2083078377227546,0.97
2020-12-02,0.31189274317629273,0.956
2020-12-03,0.35590951470226617,1.023
2020-12-04,0.524246833586973,1.04
2020-12-05,0.4414798008407526,1.364
2020-12-06,0.3199456464579546,1.12
2020-12-07,0.2872497358288975,1.051
2020-12-08,0.3003880535732383,1.006
2020-12-09,0.7729953681631042,1.309
2020-12-10,0.6739857493847943,1.619
2020-12-11,0.5500233631258892,1.446
2020-12-12,0.5598071167925947,1.389
2020-12-13,0.7600198224804086,1.789
2020-12-14,0.5397270592485274,1.69
2020-12-15,0.9735949358209631,1.681
2020-12-16,0.8265270624509394,2.924
2020-12-17,0.8663916713943932,2.218
2020-12-18,1.563479220716737,4.875
2020-12-19,1.1032220974050477,4.36
2020-12-20,1.1860533369749022,3.706
2020-12-21,1.433903082888276,4.514
2020-12-22,1.3550316614299882,3.859
2020-12-23,1.9426978476416235,7.34
2020-12-24,1.3007019176591827,4.834
2020-12-25,1.031953152883065,4.297
2020-12-26,2.082626348235089,6.097
2020-12-27,1.866002788197041,6.854
2020-12-28,1.5403895028212413,5.402
2020-12-29,1.2245521423116705,4.367
2020-12-30,1.0050290286122465,3.892
2020-12-31,0.8856153781188811,3.468
2021-01-01,0.7934076196310272,3.097
2021-01-02,0.8391716740016479,2.847
2021-01-03,0.7103085923950277,2.571
2021-01-04,0.6529458829832558,2.338
2021-01-05,0.6086321320956628,2.147
2021-01-06,0.5761285965218877,1.999
2021-01-07,0.5621457834891708,1.84
2021-01-08,0.5359919748394325,1.734
2021-01-09,0.5212569377956175,1.629
2021-01-10,0.5221823518396873,1.544
2021-01-11,0.9050633853174365,1.492
2021-01-12,0.9903929921038865,1.674
2021-01-13,0.9891204913393608,1.509
2021-01-14,0.773335529152228,1.463
2021-01-15,1.4312714904374886,1.479
2021-01-16,0.9445825451372676,1.799
2021-01-17,0.8333292125345005,1.46
2021-01-18,1.1408285027123584,1.504
2021-01-19,1.4555588813446527,1.928
2021-01-20,1.794022769135729,3.843
2021-01-21,1.263751522431158,2.798
2021-01-22,1.1884069673854385,2.733
2021-01-23,1.301621091205883,2.545
2021-01-24,1.2270550995773406,2.736
2021-01-25,1.114476181130786,2.369
2021-01-26,1.1251074866247337,2.307
2021-01-27,1.4106062751602673,2.347
2021-01-28,1.7283009603187616,2.954
2021-01-29,1.9985675362976363,3.439
2021-01-30,1.8367733443474534,4.994
2021-01-31,1.5974158652840083,4.031
2021-02-01,1.8557855939534715,4.145
2021-02-02,1.700676506008192,4.65
2021-02-03,1.3650073725177407,3.681
2021-02-04,1.5020461436258485,3.547
2021-02-05,1.2610765337751852,3.205
2021-02-06,1.1718705693501097,2.916
2021-02-07,1.073130538347114,2.65
2021-02-08,1.0089098973814088,2.433
2021-02-09,0.9602116760002695,2.24
2021-02-10,0.9217086178653214,2.035
2021-02-11,0.8920585144672168,1.901
2021-02-12,0.8692562689298814,1.77
2021-02-13,0.9677685677387774,1.692
2021-02-14,1.1794452658094103,1.811
2021-02-15,1.32540873805326,1.72
2021-02-16,1.4664352079331116,2.0
2021-02-17,1.7381730413707566,2.281
2021-02-18,1.3724253891117222,2.416
2021-02-19,1.8884946034674701,2.315
2021-02-20,1.7203361114643647,4.099
2021-02-21,1.612718212853022,3.042
2021-02-22,1.352276917938118,2.945
2021-02-23,1.2544519819328126,2.691
2021-02-24,1.1822703862626822,2.528
2021-02-25,1.110642607740405,2.302
2021-02-26,1.0610038115932534,2.132
2021-02-27,1.0234887484422446,1.998
2021-02-28,0.9954289606350075,1.887
2021-03-01,0.971586857633065,1.783
2021-03-02,0.9672706157208395,1.684
2021-03-03,1.138704300233696,1.906
2021-03-04,0.9973484519980929,1.654
2021-03-05,0.9661886945212917,1.507
2021-03-06,0.9494035210191217,1.418
2021-03-07,0.9361933587789123,1.354
2021-03-08,0.9257675443929729,1.308
2021-03-09,1.0691994429196072,1.271
2021-03-10,1.0735199589819757,1.382
2021-03-11,1.2226571662763084,1.267
2021-03-12,1.4910579606360577,1.939
2021-03-13,1.1664064629190358,1.628
2021-03-14,1.2611871749535406,1.444
2021-03-15,1.1275477195734658,1.394
2021-03-16,1.064170356463791,1.353
2021-03-17,1.0242574234103619,1.325
2021-03-18,0.995907009595463,1.31
2021-03-19,0.9731952401144249,1.273
2021-03-20,0.9545897842362129,1.24
2021-03-21,0.9391898627919121,1.206
2021-03-22,0.926283859074704,1.167
2021-03-23,0.915398081493296,1.147
2021-03-24,0.9061500635723738,1.097
2021-03-25,1.0050891018989465,1.102
2021-03-26,0.9221966268772679,1.147
2021-03-27,0.8952420499133648,1.032
2021-03-28,0.8847649962201671,0.997
2021-03-29,0.8770114793794851,0.966
2021-03-30,0.870449359850823,0.935
2021-03-31,0.8643419583366351,0.916
2021-04-01,0.8585101425447141,0.883
2021-04-02,0.8528645684581148,0.85
2021-04-03,0.8473404853301394,0.829
2021-04-04,0.8418861497145703,0.82
2021-04-05,0.8364743162531079,0.799
2021-04-06,0.8310854030491053,0.765
2021-04-07,0.8256184963994702,0.76
2021-04-08,0.8201867145507316,0.767
2021-04-09,0.8147371161121538,0.752
2021-04-10,0.809324612777966,0.762
2021-04-11,0.8035632621175921,0.718
2021-04-12,0.7976898202130699,0.706
2021-04-13,0.7919038537123219,0.683
2021-04-14,0.7860446441312575,0.665
2021-04-15,0.7801308847554516,0.652
2021-04-16,0.7741540812185769,0.642
2021-04-17,0.7681149606788523,0.63
2021-04-18,0.7620161275545122,0.62
2021-04-19,0.7558606791171466,0.611
2021-04-20,0.7496520590138396,0.605
2021-04-21,0.7433937449599156,0.587
2021-04-22,0.7370893455342987,0.574
2021-04-23,0.7307425196818668,0.561
2021-04-24,0.7243569361841324,0.55
2021-04-25,0.7179362440665307,0.54
2021-04-26,0.711484049900212,0.54
2021-04-27,0.9019643715230755,0.608
2021-04-28,0.7424061487683435,0.758
2021-04-29,0.6966616912876509,0.582
2021-04-30,0.6869885756521271,0.551
2021-05-01,0.6796077700646057,0.529
2021-05-02,0.6728371320333808,0.517
2021-05-03,0.8283316813684366,0.641
2021-05-04,0.6758807380680598,0.545
2021-05-05,0.6560182720692376,0.525
2021-05-06,0.6478928067272295,0.509
2021-05-07,0.7959060924764789,0.533
2021-05-08,0.7934022254284028,0.785
2021-05-09,0.6462086198958419,0.67
2021-05-10,0.6263576074790768,0.562
2021-05-11,0.683880030295155,0.625
2021-05-12,0.839130330987425,2.589
2021-05-13,0.8764159988093777,7.448
2021-05-14,0.870830945580826,3.257
2021-05-15,0.9103003756708686,2.85
2021-05-16,0.9027399785299699,2.255
2021-05-17,0.6649394086746486,1.897
2021-05-18,0.6948271359945637,1.772
2021-05-19,0.6222108907169791,1.58
2021-05-20,0.8208886042590947,1.526
2021-05-21,0.8789988975046067,1.871
2021-05-22,0.6914478915292486,1.498
2021-05-23,1.227077338273429,1.987
2021-05-24,0.8751780469531546,1.764
2021-05-25,0.8621102027596874,1.664
2021-05-26,0.7485532175420868,1.587
2021-05-27,0.7012135274448045,1.489
2021-05-28,0.6607886272735585,1.417
2021-05-29,0.6297522300358721,1.332
2021-05-30,0.6045232830351865,1.262
2021-05-31,0.5835436493066045,1.199
2021-06-01,0.565922842817198,1.128
2021-06-02,0.551667919145605,1.116
2021-06-03,0.5382317333743155,1.045
2021-06-04,0.5270728611236544,0.983
2021-06-05,0.5173413322106214,0.947
2021-06-06,0.5086947037469812,0.915
2021-06-07,0.5008610782283593,0.883
2021-06-08,0.49374432114951267,0.841
2021-06-09,0.4872022798361129,0.819
2021-06-10,0.4810649959676326,0.8
2021-06-11,0.47526189046590256,0.766
2021-06-12,0.4697499266690577,0.732
2021-06-13,0.46445985656189315,0.699
2021-06-14,0.45934525268764886,0.681
2021-06-15,0.4543707327349806,0.66
2021-06-16,0.44950847228304247,0.653
2021-06-17,0.4447365674277364,0.634
2021-06-18,0.4400378270728063,0.618
2021-06-19,0.6188392125134049,0.742
2021-06-20,0.44725876409607407,0.672
2021-06-21,0.42812071561401144,0.614
2021-06-22,0.42190924924124423,0.573
2021-06-23,0.41736622183122224,0.553
2021-06-24,0.41343814343752505,0.553
2021-06-25,0.408448555522194,0.546
2021-06-26,0.4041876355283269,0.516
2021-06-27,0.605557234533051,0.688
2021-06-28,0.5506562328114776,0.807
2021-06-29,0.4073250902992139,0.576
2021-06-30,0.39031315007712875,0.543
2021-07-01,0.38447156603812077,0.524
2021-07-02,0.380389467785752,0.515
2021-07-03,0.5858724131174421,0.814
2021-07-04,0.5446830654509287,0.907
2021-07-05,0.48203938238147276,0.832
2021-07-06,0.3807422216580126,0.702
2021-07-07,0.38319660647587256,0.652
2021-07-08,0.3622342025259005,0.592
2021-07-09,0.35587289790471416,0.577
2021-07-10,0.35015987248148256,0.578
2021-07-11,0.5533702060006047,0.767
2021-07-12,0.5171763550771189,1.332
2021-07-13,0.35490562801207504,0.741
2021-07-14,0.33600356546949994,0.641
2021-07-15,0.3299119081246073,0.606
2021-07-16,0.32514366022430224,0.575
2021-07-17,0.32065752047421026,0.56
2021-07-18,0.31633439139419345,0.543
2021-07-19,0.3121411989268147,0.521
2021-07-20,0.3080566723381158,0.504
2021-07-21,0.3040647758607321,0.488
2021-07-22,0.3001525726694329,0.473
2021-07-23,0.29755171024377897,0.466
2021-07-24,0.2932655096737112,0.505
2021-07-25,0.2888757307479185,0.484
2021-07-26,0.31883289693991507,0.465
2021-07-27,0.4793178058936374,0.651
2021-07-28,0.38119661896225515,0.636
2021-07-29,0.32221518620695616,0.543
2021-07-30,0.28050258956428187,0.51
2021-07-31,0.27274153284875036,0.48
2021-08-01,0.2681150558249065,0.469
2021-08-02,0.26378891550986877,0.455
2021-08-03,0.25984812178570327,0.447
2021-08-04,0.25617304154729753,0.433
2021-08-05,0.27149903848202106,0.467
2021-08-06,0.25119079468918204,0.434
2021-08-07,0.33392260717204936,0.5
2021-08-08,0.29239577608935063,0.444
2021-08-09,0.24526074148982102,0.512
2021-08-10,0.2375717052552749,0.435
2021-08-11,0.23377034823554754,0.418
2021-08-12,0.2305399509774117,0.413
2021-08-13,0.22708653806199336,0.396
2021-08-14,0.223890514849791,0.387
2021-08-15,0.22084999230322228,0.399
2021-08-16,0.21770690141532853,0.379
2021-08-17,0.21469752190825997,0.372
2021-08-18,0.21174520843736871,0.376
2021-08-19,0.208839589710147,0.393
2021-08-20,0.2581560450630598,0.383
2021-08-21,0.33919302003749896,0.727
2021-08-22,0.2131728829389373,0.477
2021-08-23,0.19947033669842287,0.423
2021-08-24,0.19565985201274627,0.397
2021-08-25,0.19277397165769722,0.385
2021-08-26,0.19002049670885574,0.386
2021-08-27,0.1873251369415192,0.376
2021-08-28,0.18467734699509805,0.367
2021-08-29,0.18207260419158616,0.358
2021-08-30,0.1795648485493495,0.361
2021-08-31,0.17698572702616666,0.366
2021-09-01,0.17448946801566934,0.354
2021-09-02,0.1720312161111117,0.347
2021-09-03,0.16960581743151953,0.335
2021-09-04,0.16721185996758284,0.329
2021-09-05,0.16484836864291208,0.327
2021-09-06,0.1625144803763151,0.325
2021-09-07,0.16020968653663173,0.304
2021-09-08,0.28051316153363476,0.317
2021-09-09,0.2176149504443064,0.535
2021-09-10,0.16011623118654386,0.365
2021-09-11,0.1527177594231901,0.328
2021-09-12,0.14993145275498374,0.322
2021-09-13,0.14814748527403818,0.326
2021-09-14,0.14544053009852345,0.352
2021-09-15,0.143208954277443,0.308
2021-09-16,0.14107990873979964,0.303
2021-09-17,0.1390017984004494,0.294
2021-09-18,0.1370930331530843,0.293
2021-09-19,0.13491970439624892,0.282
2021-09-20,0.13291726881513408,0.273
2021-09-21,0.13096627836743316,0.272
2021-09-22,0.12903263967810494,0.274
2021-09-23,0.127137507899945,0.273
2021-09-24,0.12527024556593627,0.271
2021-09-25,0.12341564060490039,0.279
2021-09-26,0.2967114372841866,0.305
2021-09-27,0.13542104502696303,0.379
2021-09-28,0.3332008668433104,0.589
2021-09-29,0.33875954703345845,0.453
2021-09-30,0.1657025729737776,0.358
2021-10-01,0.17798729539020025,0.326
2021-10-02,0.23987750982082928,0.486
2021-10-03,0.1638225928129983,0.416
2021-10-04,0.3521591405465242,1.167
2021-10-05,0.25208626210101087,0.848
2021-10-06,0.1341922643873409,0.619
2021-10-07,0.11936993893879508,0.576
2021-10-08,0.11430329981532303,0.55
2021-10-09,0.11060705886002864,0.529
2021-10-10,0.10744521589802222,0.504
2021-10-11,0.10469281662568444,0.491
2021-10-12,0.10219301560877857,0.479
2021-10-13,0.0999831305453369,0.468
2021-10-14,0.09792236005952719,0.452
2021-10-15,0.09605514938944627,0.443
2021-10-16,0.0943107264973603,0.431
2021-10-17,0.09281981128168793,0.418
2021-10-18,0.13033979167043583,0.428
2021-10-19,0.3029307631590224,0.573
2021-10-20,0.35766982663200064,1.672
2021-10-21,0.331589640040297,1.071
2021-10-22,0.26938349804996287,0.793
2021-10-23,0.11764710791750167,0.755
2021-10-24,0.10060929439222287,0.75
2021-10-25,0.09420428541665549,0.714
2021-10-26,0.0912428720388782,0.686
2021-10-27,0.08781153406157506,0.656
2021-10-28,0.35632503041774055,2.12
2021-10-29,0.4569952089345323,1.806
2021-10-30,0.6167424896827884,1.707
2021-10-31,0.48252916606217133,2.609
2021-11-01,0.5163946517181349,1.797
2021-11-02,0.2698825141188978,1.771
2021-11-03,0.20292835726321345,1.553
2021-11-04,0.17507193417550115,1.38
2021-11-05,0.15680719503772245,1.268
2021-11-06,0.14805250588060326,1.191
2021-11-07,0.13100868626318155,1.106
2021-11-08,0.12135078326939999,1.055
2021-11-09,0.11995670332772995,0.995
2021-11-10,0.1544074796300316,0.971
2021-11-11,0.1624988841472436,0.915
2021-11-12,0.12583295000243658,0.897
2021-11-13,0.1138888605788341,0.837
2021-11-14,0.10780897349493966,0.791
2021-11-15,0.10330011477300143,0.764
2021-11-16,0.10006733993218576,0.742
2021-11-17,0.09702775288327593,0.709
2021-11-18,0.09440757567203213,0.688
2021-11-19,0.09266846676153759,0.674
2021-11-20,0.1183517517347022,0.673
2021-11-21,0.09277617640218198,0.652
2021-11-22,0.08941297942340451,0.62
2021-11-23,0.08808000683174107,0.612
2021-11-24,0.08722122335111107,0.609
2021-11-25,0.13904402945593597,0.597
2021-11-26,0.14410350812027461,0.637
2021-11-27,0.09309973292161093,0.574
2021-11-28,0.08862102853239238,0.56
2021-11-29,0.08689946010241169,0.548
2021-11-30,0.15907493100038803,0.556
2021-12-01,0.1114086060226526,0.553
2021-12-02,0.22418112255779268,0.556
2021-12-03,0.2305409331115603,0.622
2021-12-04,0.17582723612570464,0.645
2021-12-05,0.16140066265884034,0.574
2021-12-06,0.24307046102835164,0.599
2021-12-07,0.5485310021406015,1.199
2021-12-08,0.31680635296248627,0.899
2021-12-09,0.37126262528551,0.853
2021-12-10,0.23934274833303912,0.811
2021-12-11,0.24585425685414167,0.79
2021-12-12,0.2023983000686676,0.78
2021-12-13,0.17895899279197738,0.747
2021-12-14,0.16121866201379245,0.728
2021-12-15,0.14605234287455343,0.725
2021-12-16,0.13557102982670094,0.707
2021-12-17,0.12823315698455173,0.695
2021-12-18,0.12278136797926441,0.686
2021-12-19,0.11826391972667247,0.677
2021-12-20,0.1120772539771554,0.666
2021-12-21,0.10869495055171609,0.649
2021-12-22,0.10938952789842281,0.644
2021-12-23,0.10830167136670163,0.635
2021-12-24,0.32325743953714087,0.663
2021-12-25,0.9002742913801725,3.176
2021-12-26,0.6922385775098424,1.617
2021-12-27,0.8829476622371681,1.639
2021-12-28,0.9083596244461299,1.63
2021-12-29,0.8439212469298253,1.839
2021-12-30,0.8308223808177635,1.805
2021-12-31,0.5752663105270077,1.913
2022-01-01,0.5675445851884119,1.846
2022-01-02,0.5999716967277686,1.849
2022-01-03,0.5472581870886234,1.746
2022-01-04,0.5018399858871174,1.731
2022-01-05,0.39725508631302114,1.54
2022-01-06,0.868955247298424,1.71
2022-01-07,1.2772755472254085,2.476
2022-01-08,1.353762289226649,3.956
2022-01-09,1.0117103116583408,2.991
2022-01-10,0.8616331310514038,2.808
2022-01-11,0.6777393211570973,2.534
2022-01-12,0.5794516091413282,2.295
2022-01-13,0.509717046592461,2.128
2022-01-14,0.45561015233909835,1.978
2022-01-15,0.476719251215458,1.849
2022-01-16,0.41295857039761064,1.714
2022-01-17,0.3744205899263591,1.584
2022-01-18,0.3502719346289771,1.498
2022-01-19,0.33253765211812014,1.404
2022-01-20,0.318935512639765,1.308
2022-01-21,0.3088949274438218,1.244
2022-01-22,0.30148907763423394,1.188
2022-01-23,0.2961741651714604,1.143
2022-01-24,0.29246343556430476,1.092
2022-01-25,0.29000108300935445,1.046
2022-01-26,0.2896284708962729,1.005
2022-01-27,0.2965597032710574,0.973
2022-01-28,0.2930684595946175,0.943
2022-01-29,0.29068500566622596,0.911
2022-01-30,0.29236068872652365,0.887
2022-01-31,0.28922747356657164,0.852
2022-02-01,0.2960843877121397,0.838
2022-02-02,0.2929109572203904,0.819
2022-02-03,0.4440608130809495,0.815
2022-02-04,0.34007263300093254,0.821
2022-02-05,0.783140219513604,0.821
2022-02-06,0.5772665717466657,1.05
2022-02-07,0.46140184649160104,0.832
2022-02-08,0.42240200714774445,0.791
2022-02-09,0.40935175878830754,0.769
2022-02-10,0.3818051895944821,0.741
2022-02-11,0.3656600638173825,0.717
2022-02-12,0.5821898170108785,0.742
2022-02-13,0.9743228172611876,1.261
2022-02-14,0.7238054540788614,0.952
2022-02-15,0.9429224306284089,1.137
2022-02-16,0.7613711016948849,1.036
2022-02-17,0.8553993926057014,1.014
2022-02-18,0.7463408895983042,1.085
2022-02-19,0.9411451800017171,1.289
2022-02-20,1.3036751963232844,1.87
2022-02-21,0.8302453784791461,1.63
2022-02-22,0.7212382715074315,1.557
2022-02-23,0.9993702239171578,1.582
2022-02-24,0.7848883709682389,1.744
2022-02-25,0.6652824505749587,1.504
2022-02-26,0.6049203146387424,1.43
2022-02-27,0.5645398327655531,1.361
2022-02-28,0.7766327400050274,1.39
2022-03-01,1.2043868572356131,1.528
2022-03-02,0.9710978744455013,1.638
2022-03-03,0.8914470454134821,1.896
2022-03-04,0.7267603873922622,1.604
2022-03-05,0.6589008161627968,1.578
2022-03-06,0.6099940839312229,1.557
2022-03-07,0.5722253950004221,1.531
2022-03-08,0.5446189014282704,1.47
2022-03-09,0.5317037376171316,1.397
2022-03-10,0.6526939562007,1.337
2022-03-11,0.9726488705933335,1.838
2022-03-12,1.1890420052240878,1.99
2022-03-13,0.9693309094049585,1.865
2022-03-14,0.7710154739456468,1.603
2022-03-15,0.7053868581706539,1.552
2022-03-16,0.845994774474577,1.606
2022-03-17,0.6888222324568365,1.489
2022-03-18,0.6370330246906593,1.423
2022-03-19,0.602110658035695,1.368
2022-03-20,0.5754057469920663,1.316
2022-03-21,0.5544211262192308,1.27
2022-03-22,0.5378972410338683,1.21
2022-03-23,0.524887163984804,1.157
2022-03-24,0.5146415788318363,1.122
2022-03-25,0.5065631208167882,1.083
2022-03-26,0.5001757401093744,1.047
2022-03-27,0.49510046410527503,1.028
2022-03-28,0.491122790245144,1.016
2022-03-29,0.4877651428979193,0.994
2022-03-30,0.4854013706534924,0.96
2022-03-31,0.4827737539371685,0.909
2022-04-01,0.4807666899004162,0.885
2022-04-02,0.479005185231344,0.855
2022-04-03,0.47756353602050367,0.832
2022-04-04,0.4759748963384952,0.833
2022-04-05,0.474778310597051,0.804
2022-04-06,0.6039955511070636,0.894
2022-04-07,0.4842636298552688,0.818
2022-04-08,0.47225408510700995,0.766
2022-04-09,0.4693200257442014,0.735
2022-04-10,0.4673598145394448,0.723
2022-04-11,0.4660759048277469,0.726
2022-04-12,0.46370194510490775,0.725
2022-04-13,0.4615940545826094,0.69
2022-04-14,0.45944721733792837,0.669
2022-04-15,0.4572655428486088,0.656
2022-04-16,0.45503837085452004,0.635
2022-04-17,0.45277543516958363,0.628
2022-04-18,0.45049665067305966,0.62
2022-04-19,0.44822417712694723,0.624
2022-04-20,0.445441042969753,0.603
2022-04-21,0.4428356449415504,0.583
2022-04-22,0.44017648153361927,0.578
2022-04-23,0.43748039909680114,0.565
2022-04-24,0.4346760111090742,0.546
2022-04-25,0.4318311909976526,0.53
2022-04-26,0.42893065695451943,0.516
2022-04-27,0.4259757047187667,0.507
2022-04-28,0.4229691090614137,0.499
2022-04-29,0.41991376342945513,0.492
2022-04-30,0.42875934546862726,0.491
2022-05-01,0.4852585378272749,0.556
2022-05-02,0.4167355485638451,0.509
2022-05-03,0.4079532748503207,0.49
2022-05-04,0.40406521553286573,0.472
2022-05-05,0.4007210338863083,0.457
2022-05-06,0.3974019555424325,0.448
2022-05-07,0.39405114246169654,0.433
2022-05-08,0.3906796031370064,0.424
2022-05-09,0.3872858324542762,0.422
2022-05-10,0.402918954400611,0.417
2022-05-11,0.38214422796291847,0.453
2022-05-12,0.37713952168800546,0.408
2022-05-13,0.37354101504472265,0.397
2022-05-14,0.406869969521148,0.4
2022-05-15,0.369874419446997,0.411
2022-05-16,0.3633959195759524,0.393
2022-05-17,0.36316354730907036,0.39
2022-05-18,0.3833288912057846,0.391
2022-05-19,0.3552560452046075,0.372
2022-05-20,0.34945773423720844,0.377
2022-05-21,0.3456711765648967,0.361
2022-05-22,0.3421242942722477,0.355
2022-05-23,0.3386110452466827,0.371
2022-05-24,0.3350761312490566,0.342
2022-05-25,0.3315622062664155,0.341
2022-05-26,0.32805949737110573,0.329
2022-05-27,0.3245659623470155,0.314
2022-05-28,0.3210821183596018,0.308
2022-05-29,0.3176087258059306,0.309
2022-05-30,0.3141465749884025,0.311
2022-05-31,0.3106964587016546,0.294
2022-06-01,0.3072591630194099,0.288
2022-06-02,0.3038354612492107,0.278
2022-06-03,0.3004261094218436,0.313
2022-06-04,0.2990981133727325,0.306
2022-06-05,0.4045793614027353,0.421
2022-06-06,0.2999706443148263,0.337
2022-06-07,0.28790734382665667,0.311
2022-06-08,0.2837753535907799,0.3
2022-06-09,0.28036457428294254,0.29
2022-06-10,0.27702609136775186,0.27
2022-06-11,0.2737513713612745,0.259
2022-06-12,0.2705008361873819,0.257
2022-06-13,0.2672712046731659,0.252
2022-06-14,0.2640626190525126,0.251
2022-06-15,0.2608754966692418,0.249
2022-06-16,0.25771025589807445,0.242
2022-06-17,0.2545672928098676,0.234
2022-06-18,0.4484074508142481,0.41
2022-06-19,0.2658371319549833,0.304
2022-06-20,0.24680407292145046,0.261
2022-06-21,0.2423584596715585,0.247
2022-06-22,0.23921048230959502,0.238
2022-06-23,0.23622216258503095,0.236
2022-06-24,0.23348806420806828,0.25
2022-06-25,0.24347943935026814,0.276
2022-06-26,0.22914126101803753,0.239
2022-06-27,0.22509706981693015,0.234
2022-06-28,0.31589148453518995,0.268
2022-06-29,0.22919071015682002,0.304
2022-06-30,0.3417832282492471,0.454
2022-07-01,0.226712283042929,0.3
2022-07-02,0.21436742033402523,0.306
2022-07-03,0.2094865993608319,0.269
2022-07-04,0.2062953718736769,0.256
2022-07-05,0.20333715989364476,0.249
2022-07-06,0.20046947629804204,0.246
2022-07-07,0.1976705517135287,0.24
2022-07-08,0.19493099460241675,0.235
2022-07-09,0.19224377754372002,0.241
2022-07-10,0.18960369562159274,0.286
2022-07-11,0.18700639253759252,0.211
2022-07-12,0.18444837080507953,0.21
2022-07-13,0.1819268672982246,0.201
2022-07-14,0.1794396440502663,0.194
2022-07-15,0.17698489834071932,0.197
2022-07-16,0.17456117498249138,0.192
2022-07-17,0.1721672942971346,0.176
2022-07-18,0.16980229552941348,0.17
2022-07-19,0.16746539172550504,0.176
2022-07-20,0.16515593370291523,0.189
2022-07-21,0.16287338128515944,0.17
2022-07-22,0.16061728034585115,0.179
2022-07-23,0.15838724449849778,0.189
2022-07-24,0.15618294050113957,0.18
2022-07-25,0.15400407663118967,0.176
2022-07-26,0.15185039343480997,0.165
2022-07-27,0.14972165637433313,0.168
2022-07-28,0.1476176499925835,0.171
2022-07-29,0.14553817328922172,0.156
2022-07-30,0.14348303606525342,0.169
2022-07-31,0.141452056040655,0.17
2022-08-01,0.13944505658911777,0.165
2022-08-02,0.13746186496515048,0.163
2022-08-03,0.1355023109237679,0.172
2022-08-04,0.13356622565298598,0.154
2022-08-05,0.13165344095533282,0.149
2022-08-06,0.12976378862738017,0.148
2022-08-07,0.1278970999965299,0.147
2022-08-08,0.12605320558247782,0.144
2022-08-09,0.12423193485732323,0.14
2022-08-10,0.12243311608353107,0.141
2022-08-11,0.12065657621314092,0.137
2022-08-12,0.11890214083496965,0.133
2022-08-13,0.1171696341592312,0.128
2022-08-14,0.11545887903114331,0.125
2022-08-15,0.20648268338613585,0.171
2022-08-16,0.31715516548350425,1.209
2022-08-17,0.32536784395566853,0.487
2022-08-18,0.3255566374584199,0.276
2022-08-19,0.14040162781136128,0.233
2022-08-20,0.10856523219735537,0.212
2022-08-21,0.10438005831367282,0.209
2022-08-22,0.1033808458414493,0.216
2022-08-23,0.10207133937423449,0.206
2022-08-24,0.23289003680924697,0.481
2022-08-25,0.11356465375462775,0.261
2022-08-26,0.10117134335012393,0.232
2022-08-27,0.09808453717002098,0.215
2022-08-28,0.09604876660363974,0.203
2022-08-29,0.0942189528294628,0.194
2022-08-30,0.09250209780712516,0.192
2022-08-31,0.09087402523068336,0.189
2022-09-01,0.08932312239438034,0.193
2022-09-02,0.08784853184604867,0.182
2022-09-03,0.08692267106764234,0.18
2022-09-04,0.14171200524347308,0.208
2022-09-05,0.28194112133454896,0.403
2022-09-06,0.10589816965884699,0.279
2022-09-07,0.1272605340646825,0.268
2022-09-08,0.26030264610593956,0.291
2022-09-09,0.10924372366011471,0.433
2022-09-10,0.08675293732961253,0.28
2022-09-11,0.08256808787726448,0.25
2022-09-12,0.08015977392347502,0.244
2022-09-13,0.17433029186543708,0.302
2022-09-14,0.08607249978035444,0.282
2022-09-15,0.07663568780328803,0.233
2022-09-16,0.07424142919752368,0.218
2022-09-17,0.07260428029510556,0.215
2022-09-18,0.07114564724953328,0.212
2022-09-19,0.06979708370694931,0.215
2022-09-20,0.06853089901873884,0.214
2022-09-21,0.06733828197404074,0.205
2022-09-22,0.06634427847962082,0.201
2022-09-23,0.06528477354208295,0.198
2022-09-24,0.06408385036932854,0.196
2022-09-25,0.10355182202950741,0.195
2022-09-26,0.06593850986553425,0.199
2022-09-27,0.06189128858883722,0.189
2022-09-28,0.21175224313290603,0.227
2022-09-29,0.07374526926415252,0.266
2022-09-30,0.15624550322133615,0.249
2022-10-01,0.16076521085683132,0.229
2022-10-02,0.06934873581206422,0.303
2022-10-03,0.06009497304015983,0.227
2022-10-04,0.05809536421520761,0.216
2022-10-05,0.0595386129424262,0.215
2022-10-06,0.05606395547671853,0.203
2022-10-07,0.05488759696182335,0.208
2022-10-08,0.05355076669197673,0.209
2022-10-09,0.0661710621984693,0.214
2022-10-10,0.05321517759054977,0.208
2022-10-11,0.05117430272925906,0.205
2022-10-12,0.0624154518114324,0.209
2022-10-13,0.05083543441604106,0.215
2022-10-14,0.049147927481824796,0.214
2022-10-15,0.04800553893003964,0.206
2022-10-16,0.16984731382131224,0.25
2022-10-17,0.05806084180064011,0.218
2022-10-18,0.049744169054234746,0.208
2022-10-19,0.04650367163579306,0.211
2022-10-20,0.16022192843801045,0.225
2022-10-21,0.15491726129501054,0.342
2022-10-22,0.26419616233717047,0.397
2022-10-23,0.2127318360341743,0.781
2022-10-24,0.06640616869696607,0.417
2022-10-25,0.09453289276552061,0.383
2022-10-26,0.08074764535033643,0.374
2022-10-27,0.0851707311979423,0.385
2022-10-28,0.0657692819068197,0.378
2022-10-29,0.05088708345404411,0.374
2022-10-30,0.0727100463332854,0.381
2022-10-31,0.27297887498387013,0.576
2022-11-01,0.2400780541698237,0.647
2022-11-02,0.3240981656155747,1.396
2022-11-03,0.3164219835247457,1.24
2022-11-04,0.1582660499304605,1.064
2022-11-05,0.13204418721375555,1.063
2022-11-06,0.27291560289721134,1.171
2022-11-07,0.6318049672618488,2.39
2022-11-08,0.54672702766781,2.424
2022-11-09,0.2948740306211057,1.909
2022-11-10,0.2033758300851448,1.685
2022-11-11,0.16775829637446477,1.483
2022-11-12,0.14464260800962137,1.344
2022-11-13,0.134264852255608,1.232
2022-11-14,0.5469296497398957,1.291
2022-11-15,0.472738070870034,1.965
2022-11-16,0.8153024627700907,2.688
2022-11-17,0.5182708172443435,2.273
2022-11-18,0.32998474127499416,1.961
2022-11-19,0.4249773368883227,1.839
2022-11-20,0.7045678322745479,1.778
2022-11-21,1.3554726954085436,5.763
2022-11-22,1.2091628278494704,5.074
2022-11-23,1.0083792053313525,4.287
2022-11-24,1.0363797112361977,3.823
2022-11-25,0.6635203071301555,3.171
2022-11-26,0.9638369566601289,3.048
2022-11-27,0.6174857666774852,2.84
2022-11-28,0.557319294657132,2.536
2022-11-29,0.4579763253134476,2.297
2022-11-30,0.39794602145959274,2.103
2022-12-01,0.35095832588318865,1.939
2022-12-02,0.3168601111033836,1.797
2022-12-03,0.28802385089250643,1.679
2022-12-04,0.2669417134658727,1.557
2022-12-05,0.2523903705749963,1.44
2022-12-06,0.23896821425851753,1.347
2022-12-07,0.22986844759564826,1.274
2022-12-08,0.22342901022487804,1.219
2022-12-09,0.3418370938808971,1.157
2022-12-10,0.340490887431301,1.167
2022-12-11,0.27469107082209027,1.105
2022-12-12,0.2573919646623959,1.059
2022-12-13,0.2509145617279909,0.999
2022-12-14,0.24226408556100254,0.948
2022-12-15,0.23752310014580644,0.9
2022-12-16,0.2343376927185374,0.863
2022-12-17,0.2884438913439019,0.843
2022-12-18,0.8413179222068343,1.385
2022-12-19,1.5915439700099776,3.865
2022-12-20,1.0608886317998159,3.123
2022-12-21,0.9661989341661077,2.31
2022-12-22,1.1495195613969402,2.215
2022-12-23,0.8419633847242382,2.548
2022-12-24,0.7508822685619745,2.117
2022-12-25,1.162490255439003,2.527
2022-12-26,0.8895223616522859,2.15
2022-12-27,1.5257257453429742,2.867
2022-12-28,1.3676130124918506,3.61
2022-12-29,1.3102185351085966,3.39
2022-12-30,1.254138736879038,3.817
2022-12-31,1.6439616003920168,4.689
2023-01-01,1.1290393967935044,3.877
2023-01-02,1.2078300217493338,3.51
2023-01-03,1.7605928881062378,4.383
2023-01-04,1.2383986661875355,3.83
2023-01-05,1.3431084886789275,3.736
2023-01-06,1.7594629923927234,3.951
2023-01-07,1.3574921288071828,6.832
2023-01-08,1.58725177082591,5.233
2023-01-09,1.4435650462908347,4.735
2023-01-10,1.3662541682787948,4.533
2023-01-11,2.641090922720019,7.147
2023-01-12,2.077646753991836,8.241
2023-01-13,2.8614316098277084,8.283
2023-01-14,2.2017848169874887,11.09
2023-01-15,2.3470263766483606,8.857
2023-01-16,1.8814450012285042,6.975
2023-01-17,1.563178817066781,5.538
2023-01-18,1.4209388785593138,4.837
2023-01-19,1.2323848002010664,4.098
2023-01-20,1.1146526096447658,3.524
2023-01-21,1.0330117465147621,3.12
2023-01-22,0.9676837308893167,2.832
2023-01-23,0.91887804643518,2.572
2023-01-24,0.8852117206532664,2.356
2023-01-25,0.8582859922779205,2.22
2023-01-26,0.8356444944779413,2.052
2023-01-27,0.8201108948254601,1.924
2023-01-28,0.8075288161941867,1.815
2023-01-29,0.8115187275665466,1.731
2023-01-30,0.7959990775061048,1.627
2023-01-31,0.7958791610517557,1.54
2023-02-01,0.793263167429019,1.452
2023-02-02,0.7996736656805772,1.387
2023-02-03,0.7949795585359822,1.322
2023-02-04,0.791901020766406,1.261
2023-02-05,0.7947628606477463,1.201
2023-02-06,0.7946922088975892,1.17
2023-02-07,0.7966572240259866,1.131
2023-02-08,0.8011160093507359,1.106
2023-02-09,0.8001077165381587,1.065
2023-02-10,0.8008749904617355,1.032
2023-02-11,0.8016763626361242,1.004
2023-02-12,0.8025741460038742,0.971
2023-02-13,0.8039553435366407,0.947
2023-02-14,0.8039765644286395,0.929
2023-02-15,0.8554360748470635,0.921
2023-02-16,0.8201806251808305,0.899
2023-02-17,0.8153230270347551,0.864
2023-02-18,0.8122078907396486,0.843
2023-02-19,0.8086792104483204,0.816
2023-02-20,0.8069424530237264,0.808
2023-02-21,0.8286499933301406,0.8
2023-02-22,0.8295758548574195,0.781
2023-02-23,0.808182536338047,0.773
2023-02-24,0.8034841969320172,0.752
2023-02-25,0.798751364330132,0.727
2023-02-26,0.7949203286532514,0.704
2023-02-27,0.7912031975145339,0.694
2023-02-28,0.7875226084435303,0.682
2023-03-01,0.783781739733789,0.673
2023-03-02,0.7799896122917459,0.657
2023-03-03,0.7760817760736296,0.647
2023-03-04,0.77211828781432,0.634
2023-03-05,0.7681672976199838,0.629
2023-03-06,0.8402786189411153,0.653
2023-03-07,0.9366490563884712,0.707
2023-03-08,1.153927843993951,1.331
2023-03-09,1.4591785764115466,2.052
2023-03-10,1.1221934977443593,1.374
2023-03-11,1.0880447098307575,1.175
2023-03-12,1.301455927858195,1.186
2023-03-13,1.2797790062513659,1.295
2023-03-14,1.1336449209594164,1.204
2023-03-15,1.2428352071819795,1.24
2023-03-16,1.0702840493043468,1.277
2023-03-17,1.111655877092766,1.242
2023-03-18,1.0006114443121998,1.215
2023-03-19,0.9398657548590856,1.163
2023-03-20,1.1301962849906415,1.199
2023-03-21,1.5121613801017924,1.366
2023-03-22,1.3796549588430467,1.756
2023-03-23,1.537843349211477,2.001
2023-03-24,1.3933009273606136,1.735
2023-03-25,1.74225586587139,2.138
2023-03-26,1.2975110785323138,2.275
2023-03-27,1.2441248406403922,1.97
2023-03-28,1.2548188744358326,2.026
2023-03-29,1.8589784334924506,2.943
2023-03-30,2.0741166684942454,3.151
2023-03-31,2.010492395808516,4.373
2023-04-01,1.502154785710947,3.382
2023-04-02,1.3160957710858958,3.089
2023-04-03,1.2051593997514238,2.809
2023-04-04,1.127885113979395,2.544
2023-04-05,1.2552701866961924,2.431
2023-04-06,1.0758073989838868,2.18
2023-04-07,1.0100024139652433,1.969
2023-04-08,0.9643781770400046,1.816
2023-04-09,1.2029068877419644,1.74
2023-04-10,1.0141924596734506,1.71
2023-04-11,1.6763830270275089,2.49
2023-04-12,1.783117456801572,2.736
2023-04-13,1.8521205474716371,2.068
2023-04-14,1.506216039578665,2.767
2023-04-15,1.2951045020412155,2.181
2023-04-16,1.1899687477964906,2.115
2023-04-17,1.116154386840057,2.024
2023-04-18,1.0563550663747092,1.92
2023-04-19,1.0091924628884945,1.813
2023-04-20,0.9716229296771088,1.72
2023-04-21,0.9422723356373963,1.65
2023-04-22,1.0204159454276442,1.645
2023-04-23,0.9180401932186367,1.513
2023-04-24,0.9922448984731882,1.482
2023-04-25,0.9004796884789392,1.347
2023-04-26,0.8791376263110644,1.289
2023-04-27,0.9896089709597181,1.393
2023-04-28,0.8731889201233501,1.234
2023-04-29,0.8984606458119606,1.178
2023-04-30,0.8661773991443217,1.197
2023-05-01,0.8473828743092889,1.096
2023-05-02,0.8380328430483485,1.046
2023-05-03,0.8305647270259311,1.01
2023-05-04,0.8320826960960476,1.01
2023-05-05,0.9366433118685713,1.105
2023-05-06,0.8247499600404197,1.08
2023-05-07,0.8105912854653375,0.971
2023-05-08,0.9813591770835254,1.367
2023-05-09,1.197464318535954,2.28
2023-05-10,0.9359165739106947,1.502
2023-05-11,0.8902861580468475,1.351
2023-05-12,0.8572915177548118,1.27
2023-05-13,0.8384868655616652,1.223
2023-05-14,0.824886415536526,1.208
2023-05-15,0.810530888252402,1.136
2023-05-16,0.7991603965056235,1.09
2023-05-17,0.7892248519037701,1.043
2023-05-18,0.7803331351280834,0.999
2023-05-19,0.7722947943662659,0.976
2023-05-20,0.764789235453562,0.935
2023-05-21,0.7578025859837095,0.908
2023-05-22,0.7511845847226,0.859
2023-05-23,0.7448419077699412,0.832
2023-05-24,0.738703239957317,0.797
2023-05-25,0.7327127859018406,0.77
2023-05-26,0.7268269546534518,0.744
2023-05-27,0.7210118531383802,0.731
2023-05-28,0.7152413358621964,0.712
2023-05-29,0.709495405123372,0.681
2023-05-30,0.7037589516931227,0.669
2023-05-31,0.6980207484564845,0.666
2023-06-01,0.6922726429395779,0.65
2023-06-02,0.686508912882871,0.628
2023-06-03,0.6807257516050536,0.619
2023-06-04,0.6749208571229511,0.609
2023-06-05,0.6690931042500164,0.598
2023-06-06,0.6632422830562926,0.585
2023-06-07,0.6573688903970539,0.563
2023-06-08,0.6514739638764329,0.55
2023-06-09,0.6455589497395765,0.534
2023-06-10,0.6396255978886445,0.547
2023-06-11,0.7470514221501362,0.565
2023-06-12,0.6376043899135231,0.557
2023-06-13,0.622601706766572,0.503
2023-06-14,0.6158255729508313,0.479
2023-06-15,0.6097636819111428,0.46
2023-06-16,0.603759480850712,0.449
2023-06-17,0.5977579655397678,0.466
2023-06-18,0.5917564157674838,0.462
2023-06-19,0.6836540373041606,0.487
2023-06-20,0.6182797091218586,0.627
2023-06-21,0.6023015939219459,0.604
2023-06-22,0.570281750864553,0.482
2023-06-23,0.5620376935430862,0.447
2023-06-24,0.5558767448414264,0.423
2023-06-25,0.5499135337002414,0.411
2023-06-26,0.5439818469118095,0.403
2023-06-27,0.5380689138479227,0.411
2023-06-28,0.5321751270495345,0.412
2023-06-29,0.5263019605656859,0.38
2023-06-30,0.5204509216754533,0.399
2023-07-01,0.514623460724316,0.368
2023-07-02,0.5088209645250991,0.355
2023-07-03,0.5030447571335784,0.356
2023-07-04,0.6120241031864658,0.447
2023-07-05,0.5015866469240015,0.396
2023-07-06,0.4867622578202928,0.354
2023-07-07,0.48030342377706037,0.332
2023-07-08,0.474606839115241,0.347
2023-07-09,0.4900451751986195,0.398
2023-07-10,0.6622416765937925,0.527
2023-07-11,0.5111339589580798,0.459
2023-07-12,0.4573287671543169,0.378
2023-07-13,0.47159674235929355,0.363
2023-07-14,0.5883657131858253,0.549
2023-07-15,0.5119872314016233,0.434
2023-07-16,0.44304554978471133,0.395
2023-07-17,0.4305677664297282,0.356
2023-07-18,0.42398991979264977,0.346
2023-07-19,0.4180303586382163,0.329
2023-07-20,0.41239045553426457,0.324
2023-07-21,0.4072392061127498,0.318
2023-07-22,0.5329611566497056,0.375
2023-07-23,0.4095904274268174,0.34
2023-07-24,0.39342399059703415,0.341
2023-07-25,0.3868680618152844,0.307
2023-07-26,0.49762367969818866,0.355
2023-07-27,0.38845875085607656,0.35
2023-07-28,0.3740729805982695,0.32
2023-07-29,0.36811152307226425,0.294
2023-07-30,0.4066184377863467,0.313
2023-07-31,0.3631981797829082,0.326
2023-08-01,0.4258802863379309,0.331
2023-08-02,0.5600385856741247,0.45
2023-08-03,0.36717560999082655,0.479
2023-08-04,0.3558898600736124,0.352
2023-08-05,0.3398865774663185,0.363
2023-08-06,0.3332591069329379,0.312
2023-08-07,0.32820187356072034,0.305
2023-08-08,0.3233260515877495,0.314
2023-08-09,0.3185374505914467,0.3
2023-08-10,0.3139705214104885,0.285
2023-08-11,0.30951474104168863,0.269
2023-08-12,0.3054410020853187,0.275
2023-08-13,0.39997206869777613,0.304
2023-08-14,0.30641231447185,0.318
2023-08-15,0.29429360635878477,0.281
2023-08-16,0.2893774741301582,0.269
2023-08-17,0.28518501138310026,0.267
2023-08-18,0.35236712723123054,0.315
2023-08-19,0.2843987567847121,0.287
2023-08-20,0.2749085070792167,0.291
2023-08-21,0.27019095363224577,0.274
2023-08-22,0.2662050173107262,0.262
2023-08-23,0.262377202506645,0.259
2023-08-24,0.2586511365537593,0.253
2023-08-25,0.4226356254439247,0.305
2023-08-26,0.29330571577957953,0.387
2023-08-27,0.2540724158948763,0.315
2023-08-28,0.24677535815805637,0.299
2023-08-29,0.24271946806047703,0.308
2023-08-30,0.2707752912234883,0.266
2023-08-31,0.2392700517448469,0.318
2023-09-01,0.23261726517128448,0.287
2023-09-02,0.22876243891339507,0.27
2023-09-03,0.22527567668847032,0.254
2023-09-04,0.221903529539227,0.241
2023-09-05,0.21861086224561913,0.235
2023-09-06,0.2153875215723743,0.233
2023-09-07,0.2122259308769251,0.231
2023-09-08,0.20912170128013574,0.229
2023-09-09,0.2063054256609495,0.226
2023-09-10,0.20310965896288252,0.226
2023-09-11,0.20012625916802254,0.223
2023-09-12,0.19720046825788404,0.222
2023-09-13,0.19432658134495054,0.212
2023-09-14,0.19149588901421669,0.217
2023-09-15,0.3856644962621204,0.235
2023-09-16,0.4238256846721345,0.484
2023-09-17,0.48991325542889624,5.493
2023-09-18,0.4447062651549363,1.293
2023-09-19,0.45054142768424343,0.977
2023-09-20,0.44400511036303636,1.051
2023-09-21,0.43579806672938476,0.927
2023-09-22,0.4000279702490459,0.857
2023-09-23,0.21431838801480074,0.763
2023-09-24,0.26561763670763233,0.765
2023-09-25,0.19399704473041576,0.711
2023-09-26,0.18203150922335049,0.673
2023-09-27,0.17582093888508146,0.637
2023-09-28,0.2817594854065547,0.66
2023-09-29,0.17823808008328879,0.612
2023-09-30,0.16551959885167072,0.583
2023-10-01,0.16203763860801668,0.558
2023-10-02,0.21428796813780443,0.595
2023-10-03,0.1614047263300471,0.559
2023-10-04,0.1535588652135856,0.52
2023-10-05,0.15025784246049742,0.505
2023-10-06,0.14759545864827958,0.476
2023-10-07,0.14513876723977276,0.478
2023-10-08,0.14282130737579574,0.467
2023-10-09,0.1406398245441352,0.466
2023-10-10,0.1385907765856711,0.463
2023-10-11,0.26263627052124605,0.499
2023-10-12,0.35570509877233225,0.811
2023-10-13,0.4117229092288589,1.966
2023-10-14,0.19603930448945037,1.066
2023-10-15,0.15670376323280627,0.941
2023-10-16,0.1475621805917321,0.895
2023-10-17,0.144554536926366,0.866
2023-10-18,0.4574651331941974,1.866
2023-10-19,0.6012386642696981,2.332
2023-10-20,0.5649537961375599,1.694
2023-10-21,0.29744094820571654,1.664
2023-10-22,0.3736713799879777,1.469
2023-10-23,0.6815677332054487,2.541
2023-10-24,0.9617384849723966,3.477
2023-10-25,0.6406499462665398,3.093
2023-10-26,0.6003687654856515,2.819
2023-10-27,0.4866013013435614,2.434
2023-10-28,0.7045588431804299,2.3
2023-10-29,0.5323781786186194,2.026
2023-10-30,0.4195197747255162,1.819
2023-10-31,0.8051147961217316,1.834
2023-11-01,1.4647665669835475,2.834
2023-11-02,1.4333408139075716,6.136
2023-11-03,1.4892051716273709,3.795
2023-11-04,1.230733129708065,4.317
2023-11-05,1.1939378654023345,3.372
2023-11-06,1.0155829001281766,3.19
2023-11-07,1.1459735201739079,3.108
2023-11-08,0.9705080081018669,3.416
2023-11-09,1.5731989414027678,3.358
2023-11-10,1.0400196960668784,3.909
2023-11-11,1.095896405496741,3.236
2023-11-12,1.5463175277819328,3.515
2023-11-13,1.4752416204375691,3.583
2023-11-14,1.2306403055663029,3.986
2023-11-15,1.302714030850794,3.186
2023-11-16,1.4128046993781653,4.483
2023-11-17,1.3455410068312894,3.652
2023-11-18,1.0850172928538935,3.555
2023-11-19,1.2914220306038566,3.214
2023-11-20,0.9456261582838739,3.378
2023-11-21,0.816816935671602,2.882
2023-11-22,0.7506447998096663,2.694
2023-11-23,0.6767188682059524,2.533
2023-11-24,0.624816645158617,2.346
2023-11-25,0.5931276146272375,2.181
2023-11-26,0.8790430575014432,2.084
2023-11-27,0.6726235922450129,2.026
2023-11-28,0.6113795212004792,1.832
2023-11-29,0.5769629593732009,1.734
2023-11-30,0.5580393297615434,1.618
2023-12-01,0.5409330696299792,1.513
2023-12-02,0.6849659080465648,1.438
2023-12-03,1.731088224679561,2.079
2023-12-04,1.6761926492969006,4.687
2023-12-05,1.3205836844730185,2.429
2023-12-06,1.5964920439995607,2.357
2023-12-07,1.7923309857780034,3.49
2023-12-08,2.2138294823214433,2.883
2023-12-09,1.6492730966299596,3.812
2023-12-10,1.6014482882814123,3.216
2023-12-11,1.6965025528949946,3.55
2023-12-12,1.437598719126203,3.62
2023-12-13,1.2106940059085036,3.006
2023-12-14,1.0889464533321893,2.796
2023-12-15,1.000646460500153,2.589
2023-12-16,0.9305245588811475,2.417
2023-12-17,0.8762805673456906,2.262
2023-12-18,1.4156272376191144,2.132
2023-12-19,1.213443945648897,2.469
2023-12-20,1.0673497778159096,2.052
2023-12-21,0.9742934061671329,1.885
2023-12-22,0.9162140573114161,1.761
2023-12-23,1.262701843565786,1.696
2023-12-24,1.5082526913735863,1.647
2023-12-25,1.5594832710847297,1.617
2023-12-26,1.5053929672382629,1.566
2023-12-27,1.8785304392217492,2.589
2023-12-28,1.6547709568423683,1.999
2023-12-29,1.5388463139517585,1.955
2023-12-30,2.2310499687603746,2.723
2023-12-31,2.1153806727064803,3.34
