date,simulation,observation
2000-01-01,24.20464854612532,1.091
2000-01-02,25.042536469660693,0.781
2000-01-03,24.661067265423632,2.042
2000-01-04,24.13233275986728,1.679
2000-01-05,23.66714545627123,0.829
2000-01-06,23.1751438818627,0.855
2000-01-07,22.719263875715242,0.661
2000-01-08,22.255896260774648,0.533
2000-01-09,21.809302261671203,0.465
2000-01-10,21.37274857197359,0.428
2000-01-11,20.944592463958237,0.436
2000-01-12,20.59056894437625,0.63
2000-01-13,20.126857066127506,1.375
2000-01-14,19.72054938971901,0.612
2000-01-15,19.323195207738575,0.504
2000-01-16,18.935483034333167,0.449
2000-01-17,18.556178514290202,0.411
2000-01-18,18.184642210049343,0.382
2000-01-19,17.820669643326397,0.339
2000-01-20,17.464084703583787,0.344
2000-01-21,17.115318462108462,0.331
2000-01-22,16.772444032127922,0.321
2000-01-23,16.436992541119714,0.338
2000-01-24,16.108321154224814,0.333
2000-01-25,15.786266409278848,0.316
2000-01-26,15.470670484659006,0.317
2000-01-27,15.161423201560664,0.299
2000-01-28,14.865110533692237,0.306
2000-01-29,14.573074156852197,0.32
2000-01-30,14.273386207460105,0.32
2000-01-31,13.987080227827152,0.315
2000-02-01,13.777857413107458,0.836
2000-02-02,13.445507076927843,1.28
2000-02-03,13.18649299947451,0.565
2000-02-04,12.9100153475969,0.554
2000-02-05,12.648917863898223,0.469
2000-02-06,12.416614072662481,0.471
2000-02-07,12.185194913846498,0.701
2000-02-08,11.922138597470676,0.757
2000-02-09,11.710282918279642,0.565
2000-02-10,11.445890369329305,1.083
2000-02-11,11.242355674299878,0.527
2000-02-12,10.992523433712364,0.713
2000-02-13,10.769464026648096,0.508
2000-02-14,10.568690206015821,0.519
2000-02-15,10.35320029728684,0.618
2000-02-16,10.135899361980293,0.555
2000-02-17,9.936084669332953,0.434
2000-02-18,9.738049244342603,0.399
2000-02-19,9.539317149410072,0.357
2000-02-20,9.352077302706155,0.334
2000-02-21,9.161434369614447,0.324
2000-02-22,8.981629917702412,0.316
2000-02-23,8.802733244300393,0.34
2000-02-24,8.709410680510159,2.004
2000-02-25,8.465529781429451,1.63
2000-02-26,8.291049949898945,0.569
2000-02-27,8.215225599267832,2.603
2000-02-28,8.103093943264412,3.328
2000-02-29,7.849889117897175,5.459
2000-03-01,7.678074888084866,1.169
2000-03-02,7.59294083413704,0.777
2000-03-03,7.382850517336751,1.482
2000-03-04,7.226037618968031,0.626
2000-03-05,7.074561284805771,0.507
2000-03-06,6.929429714971673,0.445
2000-03-07,6.81641388724182,0.416
2000-03-08,6.657968467825378,0.388
2000-03-09,6.520749936891218,0.381
2000-03-10,6.388182194372143,0.35
2000-03-11,6.258894395752418,0.322
2000-03-12,6.132641661335787,0.321
2000-03-13,6.009343225214086,0.317
2000-03-14,5.8886572346274155,0.299
2000-03-15,5.77065942070554,0.282
2000-03-16,5.655207190242541,0.271
2000-03-17,5.5422039782966355,0.265
2000-03-18,5.4315741370764385,0.256
2000-03-19,5.323234993149299,0.25
2000-03-20,5.217132193034206,0.249
2000-03-21,5.113202924712148,0.24
2000-03-22,5.0114903560525415,0.235
2000-03-23,4.992502064375353,0.434
2000-03-24,4.8362257026983055,0.403
2000-03-25,4.726864973812689,0.335
2000-03-26,4.63097546422165,0.318
2000-03-27,4.536791552796622,0.286
2000-03-28,4.445400682504542,0.26
2000-03-29,4.356511343353224,0.25
2000-03-30,4.269562547420934,0.24
2000-03-31,4.184505485315952,0.236
2000-04-01,4.148759999619904,0.256
2000-04-02,4.118385233071082,1.478
2000-04-03,4.146017337782694,21.09
2000-04-04,3.999646350360222,4.673
2000-04-05,3.8684894167796577,1.018
2000-04-06,3.7550063500344666,0.589
2000-04-07,3.672068174948656,0.421
2000-04-08,3.593925739406774,0.448
2000-04-09,3.516373542367781,0.402
2000-04-10,3.4472531769864228,0.377
2000-04-11,3.503102721541933,0.503
2000-04-12,3.410255657919489,2.597
2000-04-13,3.3041284650756717,0.963
2000-04-14,3.273630915893244,0.644
2000-04-15,3.214305248186916,3.465
2000-04-16,3.18902680520328,1.608
2000-04-17,3.1085030926207353,2.003
2000-04-18,3.217785624465668,7.495
2000-04-19,3.1554779760493927,4.146
2000-04-20,3.005472669914653,2.805
2000-04-21,2.9838744979059304,2.612
2000-04-22,2.8725253798042374,2.255
2000-04-23,2.8569894190852043,2.268
2000-04-24,2.8568918237155727,1.579
2000-04-25,2.7055982703964156,2.111
2000-04-26,2.7030580364286347,2.348
2000-04-27,2.5764437998667336,1.378
2000-04-28,2.6916867952860035,4.264
2000-04-29,2.502744008942935,3.114
2000-04-30,2.4267106403498904,0.792
2000-05-01,2.3620090939587524,0.549
2000-05-02,2.303501991305678,0.436
2000-05-03,2.2493196619810885,0.382
2000-05-04,2.1983668858965366,0.346
2000-05-05,2.150180937724207,0.32
2000-05-06,2.104361287449478,0.322
2000-05-07,2.060517704340933,0.303
2000-05-08,2.0184027779118825,0.297
2000-05-09,1.977806424308769,0.284
2000-05-10,1.9392983827418286,0.274
2000-05-11,1.9011673411227363,0.267
2000-05-12,1.863970452927318,0.258
2000-05-13,1.827641529679464,0.25
2000-05-14,1.79257437864032,0.241
2000-05-15,1.7583748960740957,0.235
2000-05-16,1.7250427878540064,0.231
2000-05-17,1.7234219120250913,0.237
2000-05-18,1.667608499535961,0.243
2000-05-19,1.6318750180522723,0.228
2000-05-20,1.628223157372094,0.227
2000-05-21,1.576237359126612,0.23
2000-05-22,1.5441181584539578,0.22
2000-05-23,1.541651882760513,0.236
2000-05-24,1.523736655309457,0.254
2000-05-25,1.4719479426936912,0.251
2000-05-26,1.5180509929720032,0.53
2000-05-27,1.5059200586247703,1.964
2000-05-28,1.4853417875318067,3.86
2000-05-29,1.3872904846005227,0.889
2000-05-30,1.3493430028539717,0.475
2000-05-31,1.3291130088704883,0.362
2000-06-01,1.2935630232058835,0.33
2000-06-02,1.2664887097418391,0.316
2000-06-03,1.2406084325344942,0.29
2000-06-04,1.2156349330387795,0.265
2000-06-05,1.1920346061417402,0.247
2000-06-06,1.1686965235024687,0.233
2000-06-07,1.146016623947596,0.219
2000-06-08,1.1456704523786447,0.214
2000-06-09,1.106451191600782,0.216
2000-06-10,1.0842054045658793,0.202
2000-06-11,1.063409844959503,0.196
2000-06-12,1.0432318571746941,0.188
2000-06-13,1.0235409006118024,0.182
2000-06-14,1.0043203551962891,0.18
2000-06-15,0.9854493203897313,0.177
2000-06-16,0.9670507264340737,0.168
2000-06-17,0.949046569274074,0.165
2000-06-18,0.9314160698688931,0.163
2000-06-19,0.9146594988652411,0.159
2000-06-20,0.8991329186800141,0.161
2000-06-21,0.9078987256023585,0.162
2000-06-22,0.892116693579547,0.169
2000-06-23,0.8557798469299341,0.159
2000-06-24,0.837193822540184,0.152
2000-06-25,0.8209425812211386,0.145
2000-06-26,0.8052363779147074,0.141
2000-06-27,0.7899526499209907,0.144
2000-06-28,0.7750765206018108,0.144
2000-06-29,0.8011878427495837,0.194
2000-06-30,0.7537467442994956,0.183
2000-07-01,0.7360528654575889,0.164
2000-07-02,0.7217173023668724,0.153
2000-07-03,0.7338863532954266,0.152
2000-07-04,0.7452857051893841,0.158
2000-07-05,0.7767924147597932,0.471
2000-07-06,0.7123445528071595,0.315
2000-07-07,0.6714116276947276,0.196
2000-07-08,0.6568537599848957,0.167
2000-07-09,0.6504779238445771,0.164
2000-07-10,0.6679636758162261,0.17
2000-07-11,0.6225262595400497,0.159
2000-07-12,0.6088617334639633,0.148
2000-07-13,0.5943872984720522,0.146
2000-07-14,0.5821687648286751,0.136
2000-07-15,0.5706669877849215,0.128
2000-07-16,0.5595836581329982,0.123
2000-07-17,0.5488593266326712,0.118
2000-07-18,0.5384554591592775,0.118
2000-07-19,0.5283407578302941,0.118
2000-07-20,0.518490291564454,0.115
2000-07-21,0.5088827870465122,0.109
2000-07-22,0.4995012843758487,0.104
2000-07-23,0.49033258398978197,0.104
2000-07-24,0.4813613649903503,0.105
2000-07-25,0.4725797244618176,0.102
2000-07-26,0.4639790300285567,0.1
2000-07-27,0.46751615725045903,0.103
2000-07-28,0.4536588735527965,0.101
2000-07-29,0.45958579044633013,0.108
2000-07-30,0.4363201864223832,0.1
2000-07-31,0.4268883020489975,0.096
2000-08-01,0.41859118084051666,0.095
2000-08-02,0.4311671859148013,0.105
2000-08-03,0.4658106572359752,0.11
2000-08-04,0.4075791519213034,0.109
2000-08-05,0.3961576945038236,0.098
2000-08-06,0.3858528287401213,0.094
2000-08-07,0.3788346589458861,0.083
2000-08-08,0.3707367771734255,0.084
2000-08-09,0.36358823717833727,0.08
2000-08-10,0.3561966812381606,0.082
2000-08-11,0.3494343053940705,0.083
2000-08-12,0.3429302107637693,0.086
2000-08-13,0.3397232141425596,0.091
2000-08-14,0.3305112622417568,0.087
2000-08-15,0.3457355843607278,0.084
2000-08-16,0.3392849146426985,0.09
2000-08-17,0.3194573147070253,0.086
2000-08-18,0.3947471203354831,0.1
2000-08-19,0.3186366345707449,0.132
2000-08-20,0.30743815099161476,0.088
2000-08-21,0.29875463327598795,0.079
2000-08-22,0.29182747918747476,0.076
2000-08-23,0.28567783909318434,0.072
2000-08-24,0.27986430049885874,0.069
2000-08-25,0.2900451198595309,0.069
2000-08-26,0.2728440315180981,0.074
2000-08-27,0.2676141382705312,0.074
2000-08-28,0.2607993219090493,0.07
2000-08-29,0.2555587456874947,0.067
2000-08-30,0.25067710313771974,0.065
2000-08-31,0.27490574027259035,0.054
2000-09-01,0.24923050475548134,0.064
2000-09-02,0.2397584999825602,0.059
2000-09-03,0.2347905366172672,0.055
2000-09-04,0.23050091233638273,0.055
2000-09-05,0.23501003076620472,0.056
2000-09-06,0.22452977352144476,0.056
2000-09-07,0.21970744429866246,0.053
2000-09-08,0.21576944632413186,0.054
2000-09-09,0.21085630019737794,0.05
2000-09-10,0.20691004805882032,0.049
2000-09-11,0.20313090189626784,0.048
2000-09-12,0.19947497787666774,0.043
2000-09-13,0.19598976226990913,0.043
2000-09-14,0.2778357298149483,0.055
2000-09-15,0.23618374096535683,0.094
2000-09-16,0.19681794638071576,0.062
2000-09-17,0.2385251956589821,0.057
2000-09-18,0.2129108449359846,0.163
2000-09-19,0.2703199621622092,0.233
2000-09-20,0.21247458219426782,0.356
2000-09-21,0.20428343557250653,0.174
2000-09-22,0.1837380738907299,0.138
2000-09-23,0.17649121296488487,0.103
2000-09-24,0.21156507146191336,0.103
2000-09-25,0.25348928287961614,0.576
2000-09-26,0.17895177883027372,0.44
2000-09-27,0.2510086486041684,0.73
2000-09-28,0.18705394653835306,0.726
2000-09-29,0.17107023620173037,0.363
2000-09-30,0.16342410016211087,0.294
2000-10-01,0.19423345119853133,0.258
2000-10-02,0.1590046519368164,0.302
2000-10-03,0.15272947221459676,0.215
2000-10-04,0.14758544478179442,0.17
2000-10-05,0.14744706277846656,0.159
2000-10-06,0.1677197912436715,0.152
2000-10-07,0.1420080017933794,0.266
2000-10-08,0.14001259735648572,0.249
2000-10-09,0.22006588647641023,2.693
2000-10-10,0.23118552023347944,4.253
2000-10-11,0.21560972288180197,3.042
2000-10-12,0.14882100839638288,0.618
2000-10-13,0.14005115137892127,0.4
2000-10-14,0.13370465977408003,0.336
2000-10-15,0.12879255756995323,0.32
2000-10-16,0.12533259133828742,0.277
2000-10-17,0.17962211181936824,0.252
2000-10-18,0.13256422534635112,0.46
2000-10-19,0.12493976082266717,0.367
2000-10-20,0.16666447731301146,0.353
2000-10-21,0.12784804477001238,0.509
2000-10-22,0.12173552057071979,0.389
2000-10-23,0.12165351168060226,0.33
2000-10-24,0.11684849381744919,0.323
2000-10-25,0.11184778065733539,0.318
2000-10-26,0.1358746871651744,0.286
2000-10-27,0.16340994657651858,0.322
2000-10-28,0.28591575214859716,3.041
2000-10-29,0.5936113929863363,25.39
2000-10-30,0.5008819804184239,52.34
2000-10-31,0.475493736202225,7.213
2000-11-01,0.6154242863154967,5.005
2000-11-02,0.6568044744018632,23.36
2000-11-03,0.48576411093219274,7.289
2000-11-04,0.4488874423400315,1.834
2000-11-05,0.8174309618931652,10.05
2000-11-06,0.5775780013251278,11.34
2000-11-07,0.48763375159843564,2.555
2000-11-08,0.3699296187327613,1.029
2000-11-09,0.3139775152260146,0.611
2000-11-10,0.43700295963546987,0.52
2000-11-11,0.4918894053946452,4.065
2000-11-12,0.339818573148293,1.506
2000-11-13,0.2958784292591303,0.666
2000-11-14,0.2840117477446233,0.513
2000-11-15,0.505236149117907,1.009
2000-11-16,0.32207192119864614,2.791
2000-11-17,0.3047976404875971,0.768
2000-11-18,0.2899137309663006,0.582
2000-11-19,0.28261589549669563,0.596
2000-11-20,0.26497524214083407,0.532
2000-11-21,0.42000688818427717,1.035
2000-11-22,0.40229620870745303,2.263
2000-11-23,0.3571013281837002,1.275
2000-11-24,0.3552341471300415,0.916
2000-11-25,0.6043027407391929,4.064
2000-11-26,0.43449021885900063,4.301
2000-11-27,0.5868091391582876,3.542
2000-11-28,0.40519724053778283,2.918
2000-11-29,0.3893481771708898,1.147
2000-11-30,0.5391903967214238,1.15
2000-12-01,0.4742852544181973,3.415
2000-12-02,0.3839522144279931,2.084
2000-12-03,0.6119242291407191,1.156
2000-12-04,0.5281898860341879,6.738
2000-12-05,0.7292658087978204,6.676
2000-12-06,0.6136567999070132,8.319
2000-12-07,0.9432593874969069,21.28
2000-12-08,0.6672291064771892,11.39
2000-12-09,0.7092717727596065,2.131
2000-12-10,0.7025622778867335,4.824
2000-12-11,0.8189488298822026,7.924
2000-12-12,1.1244348764524934,14.24
2000-12-13,0.8588455943938815,25.19
2000-12-14,0.7306880271860164,4.159
2000-12-15,0.6015014591338695,1.954
2000-12-16,0.5396831320448758,0.947
2000-12-17,0.4894779592449183,0.735
2000-12-18,0.45122021612574337,0.59
2000-12-19,0.4959867862372099,0.619
2000-12-20,0.4259626259806597,0.575
2000-12-21,0.4013435252250801,0.488
2000-12-22,0.38816510296947165,0.442
2000-12-23,0.416797723166434,0.411
2000-12-24,0.6328411064314504,1.397
2000-12-25,0.4576653195504864,1.693
2000-12-26,0.42613093761669485,0.653
2000-12-27,0.4790154742875972,0.507
2000-12-28,0.41857176681413183,0.441
2000-12-29,0.39968794504244687,0.394
2000-12-30,0.39981904517750366,0.358
2000-12-31,0.6210803484184967,1.416
2001-01-01,0.7903802417240904,4.357
2001-01-02,0.6103904810780628,7.783
2001-01-03,0.7610171483058348,2.078
2001-01-04,0.6500500719412826,4.945
2001-01-05,0.55611443150441,2.063
2001-01-06,0.5190365606725302,0.898
2001-01-07,0.4838961403921085,0.687
2001-01-08,0.4605736282678059,0.562
2001-01-09,0.44245989797394175,0.494
2001-01-10,0.4282678326566936,0.447
2001-01-11,0.4171345975459985,0.391
2001-01-12,0.408406148478619,0.37
2001-01-13,0.4015636556223119,0.348
2001-01-14,0.3962326592493544,0.331
2001-01-15,0.3920380097842972,0.329
2001-01-16,0.38865473479099105,0.313
2001-01-17,0.3859862598238355,0.325
2001-01-18,0.38382676262231175,0.348
2001-01-19,0.3820530846619099,0.328
2001-01-20,0.5309792144934449,0.324
2001-01-21,0.4598413308432935,0.604
2001-01-22,0.5340320894888274,1.079
2001-01-23,0.6997523732738057,5.351
2001-01-24,0.6037621202680021,2.399
2001-01-25,0.5215865924817933,1.274
2001-01-26,0.7064365365402965,3.527
2001-01-27,0.5444248172494008,1.606
2001-01-28,0.5071811420536296,0.741
2001-01-29,0.5379842586499939,0.563
2001-01-30,0.5001292378684387,0.645
2001-01-31,0.4686764783434959,0.54
2001-02-01,0.5189963249098583,0.521
2001-02-02,0.5316537409521815,0.645
2001-02-03,0.6358764770876568,1.208
2001-02-04,0.6721545096004001,5.805
2001-02-05,0.7825563837805539,4.306
2001-02-06,0.599142555635903,7.14
2001-02-07,0.6524440219264255,2.009
2001-02-08,0.5567897627315037,1.6
2001-02-09,0.5188861850350234,0.69
2001-02-10,0.560910575267624,0.726
2001-02-11,0.6189675999525682,0.704
2001-02-12,0.7696693711978747,8.435
2001-02-13,0.5805708837937998,1.639
2001-02-14,0.5380598198381281,0.725
2001-02-15,0.5091771442059075,0.583
2001-02-16,0.4856558681471672,0.482
2001-02-17,0.46771086353070174,0.422
2001-02-18,0.4533522884602254,0.391
2001-02-19,0.4416493981880579,0.371
2001-02-20,0.4321332637424543,0.358
2001-02-21,0.42437144290992945,0.345
2001-02-22,0.4234312048723355,0.339
2001-02-23,0.4132299753705828,0.331
2001-02-24,0.4083036495915725,0.317
2001-02-25,0.40450713895130475,0.322
2001-02-26,0.48770047371279207,0.453
2001-02-27,0.426085361901817,0.499
2001-02-28,0.4314674450974223,0.413
2001-03-01,0.4142651137264709,0.364
2001-03-02,0.40641326957547985,0.33
2001-03-03,0.4009337187138853,0.316
2001-03-04,0.39663605071522323,0.315
2001-03-05,0.39230530182456036,0.286
2001-03-06,0.4924420021677413,0.413
2001-03-07,0.41157400467881955,0.551
2001-03-08,0.42996327633696635,0.423
2001-03-09,0.425539047265283,0.397
2001-03-10,0.43573100982577795,0.415
2001-03-11,0.46152476579707613,0.552
2001-03-12,0.5654897400751913,0.957
2001-03-13,0.45592112484887726,1.402
2001-03-14,0.4376563004464935,0.573
2001-03-15,0.44391526049486985,0.512
2001-03-16,0.6136101511245278,1.357
2001-03-17,0.5710436461070203,2.776
2001-03-18,0.4804839586245173,1.758
2001-03-19,0.45267713719960656,0.681
2001-03-20,0.793629585987785,2.525
2001-03-21,0.696664396250787,11.35
2001-03-22,0.7320890196215534,2.272
2001-03-23,0.6213376003938466,4.426
2001-03-24,0.5437698597139593,1.498
2001-03-25,0.5054690907126616,0.786
2001-03-26,0.5012207156816337,0.586
2001-03-27,0.6654259977017374,1.914
2001-03-28,0.5579367988054302,1.852
2001-03-29,0.5017775795787814,0.772
2001-03-30,0.4718252751252331,0.509
2001-03-31,0.4517576830096827,0.472
2001-04-01,0.42695908864827287,0.428
2001-04-02,0.44451549583707667,0.409
2001-04-03,0.6419355047411333,2.543
2001-04-04,0.4953300923772461,1.638
2001-04-05,0.6412029778019374,3.291
2001-04-06,0.6314176882986716,1.568
2001-04-07,0.5812967380727174,1.482
2001-04-08,0.7066650860280875,2.777
2001-04-09,0.5474591259639483,1.621
2001-04-10,0.5337443102831324,0.72
2001-04-11,0.48665924876896866,0.62
2001-04-12,0.4623913512838553,0.547
2001-04-13,0.4409025939234384,0.477
2001-04-14,0.455586129677245,0.413
2001-04-15,0.42264797520685726,0.393
2001-04-16,0.4084565174133718,0.37
2001-04-17,0.399763569727416,0.347
2001-04-18,0.38927772419858525,0.316
2001-04-19,0.38227590365199526,0.32
2001-04-20,0.3759954040700321,0.308
2001-04-21,0.37087572337354413,0.299
2001-04-22,0.4417982936031984,0.8
2001-04-23,0.442019944470162,0.599
2001-04-24,0.5494656724070546,2.506
2001-04-25,0.48579909894681883,1.098
2001-04-26,0.4324766653546849,0.64
2001-04-27,0.41978526168066604,0.494
2001-04-28,0.4084985941031129,0.431
2001-04-29,0.39073340570899256,0.375
2001-04-30,0.37743018235466275,0.344
2001-05-01,0.37211557455914374,0.314
2001-05-02,0.36339153850314604,0.323
2001-05-03,0.3575475355968097,0.309
2001-05-04,0.35273072805339833,0.288
2001-05-05,0.34850318827920307,0.273
2001-05-06,0.34472932429067776,0.264
2001-05-07,0.34130610068578837,0.253
2001-05-08,0.33959168619716135,0.247
2001-05-09,0.3698441104822182,0.269
2001-05-10,0.33806253830948857,0.275
2001-05-11,0.3317173780119531,0.25
2001-05-12,0.3285175901631524,0.239
2001-05-13,0.3259184900546002,0.227
2001-05-14,0.3231047500016155,0.226
2001-05-15,0.32621340544146205,0.225
2001-05-16,0.3950967746451567,0.332
2001-05-17,0.3974770270849051,6.148
2001-05-18,0.32666406435726575,1.037
2001-05-19,0.31906411265080836,0.502
2001-05-20,0.31520038688990937,0.381
2001-05-21,0.30992617574154613,0.324
2001-05-22,0.3066160338216677,0.31
2001-05-23,0.30354373678179286,0.275
2001-05-24,0.3005930419042474,0.251
2001-05-25,0.2977347385719981,0.242
2001-05-26,0.29525204937515576,0.229
2001-05-27,0.29240470149225656,0.223
2001-05-28,0.2895359778894901,0.214
2001-05-29,0.2868669117358041,0.201
2001-05-30,0.2842316627255219,0.194
2001-05-31,0.28161543079532186,0.188
2001-06-01,0.27901590611093563,0.185
2001-06-02,0.2765958030613197,0.179
2001-06-03,0.27384284677096266,0.171
2001-06-04,0.2712544603965896,0.169
2001-06-05,0.2686804491858467,0.168
2001-06-06,0.2663327853529025,0.164
2001-06-07,0.2636503648512171,0.159
2001-06-08,0.2609831066343037,0.156
2001-06-09,0.2584723622036715,0.156
2001-06-10,0.2558686470435279,0.145
2001-06-11,0.25330858008868945,0.142
2001-06-12,0.25075894543046806,0.142
2001-06-13,0.24821720899215613,0.139
2001-06-14,0.2524381439447986,0.141
2001-06-15,0.3000220279334212,0.145
2001-06-16,0.25228741272955574,0.162
2001-06-17,0.2437397680728343,0.145
2001-06-18,0.23856521552139912,0.136
2001-06-19,0.23536680071252014,0.129
2001-06-20,0.23247278920712935,0.126
2001-06-21,0.2296779370665864,0.122
2001-06-22,0.22696007178923827,0.12
2001-06-23,0.22430606668871755,0.117
2001-06-24,0.22170566534948918,0.117
2001-06-25,0.21915075890648075,0.112
2001-06-26,0.2166349468603338,0.11
2001-06-27,0.21455252269490585,0.11
2001-06-28,0.21176273216094724,0.109
2001-06-29,0.21009924816159145,0.11
2001-06-30,0.206981038548708,0.107
2001-07-01,0.20450551755451168,0.105
2001-07-02,0.20214397319752742,0.103
2001-07-03,0.20023377104100054,0.097
2001-07-04,0.1975694168080432,0.096
2001-07-05,0.1956572270168178,0.094
2001-07-06,0.26885382488975657,0.233
2001-07-07,0.24080565473661877,0.153
2001-07-08,0.19875094615202404,0.125
2001-07-09,0.25838906198487765,0.22
2001-07-10,0.19844935722856855,0.166
2001-07-11,0.190671587873603,0.121
2001-07-12,0.2034121367862937,0.112
2001-07-13,0.18516099261906252,0.11
2001-07-14,0.18065313841022354,0.102
2001-07-15,0.1774537438329328,0.095
2001-07-16,0.174680190666798,0.092
2001-07-17,0.23438000433092973,0.107
2001-07-18,0.19221435760417277,0.14
2001-07-19,0.17449037391773733,0.115
2001-07-20,0.1834510231935845,0.1
2001-07-21,0.16899301893824364,0.101
2001-07-22,0.16440224638016224,0.092
2001-07-23,0.16160430589626512,0.088
2001-07-24,0.15906032062689943,0.084
2001-07-25,0.15731557669955978,0.08
2001-07-26,0.15443341518310097,0.077
2001-07-27,0.15223055644972353,0.075
2001-07-28,0.15014352594062183,0.071
2001-07-29,0.1481268704285445,0.069
2001-07-30,0.14617011204505165,0.068
2001-07-31,0.14426390961117827,0.066
2001-08-01,0.14240253764988253,0.065
2001-08-02,0.14196456373196667,0.067
2001-08-03,0.1391653116518555,0.067
2001-08-04,0.18724422097103502,0.073
2001-08-05,0.14304749974718062,0.068
2001-08-06,0.13869384824872386,0.066
2001-08-07,0.16251748696480017,0.064
2001-08-08,0.15762802642260923,0.064
2001-08-09,0.20861982300675955,0.101
2001-08-10,0.14067032774760593,0.081
2001-08-11,0.13550990752531972,0.072
2001-08-12,0.13176917323765833,0.086
2001-08-13,0.12676473442200611,0.082
2001-08-14,0.12437853150036537,0.066
2001-08-15,0.12279620402304199,0.063
2001-08-16,0.12900507408705625,0.062
2001-08-17,0.12029880417868032,0.061
2001-08-18,0.1362987450845261,0.068
2001-08-19,0.11839375907448467,0.064
2001-08-20,0.11529315486185306,0.055
2001-08-21,0.11334559724021571,0.053
2001-08-22,0.11156588800023616,0.049
2001-08-23,0.10999730697870996,0.049
2001-08-24,0.10829326428941385,0.048
2001-08-25,0.10675399160483752,0.045
2001-08-26,0.10527224345449249,0.043
2001-08-27,0.10384077045719282,0.041
2001-08-28,0.10245324305155053,0.046
2001-08-29,0.10109837211380086,0.043
2001-08-30,0.1058582073467011,0.044
2001-08-31,0.09995961861328315,0.044
2001-09-01,0.09830834658920802,0.047
2001-09-02,0.09670877079937475,0.045
2001-09-03,0.09554985704728505,0.042
2001-09-04,0.09394922217321255,0.04
2001-09-05,0.09807144892696618,0.043
2001-09-06,0.09258324157727954,0.042
2001-09-07,0.0911982278193196,0.042
2001-09-08,0.08966052794921814,0.043
2001-09-09,0.08837391960322681,0.041
2001-09-10,0.08714260752546332,0.036
2001-09-11,0.08595381390437787,0.036
2001-09-12,0.10570012294842088,0.036
2001-09-13,0.08860878338324571,0.035
2001-09-14,0.0839566733042594,0.032
2001-09-15,0.08245767777020775,0.031
2001-09-16,0.08121271098163721,0.027
2001-09-17,0.08022887166055087,0.042
2001-09-18,0.07927244929977771,0.051
2001-09-19,0.07847806960363364,0.05
2001-09-20,0.07698932661451333,0.047
2001-09-21,0.07568160650188187,0.047
2001-09-22,0.07465573013563401,0.048
2001-09-23,0.07402200394678149,0.051
2001-09-24,0.07333654607654827,0.055
2001-09-25,0.0718675334431113,0.054
2001-09-26,0.10185733078579795,0.057
2001-09-27,0.07462109463542975,0.048
2001-09-28,0.09187798754717182,0.055
2001-09-29,0.0723572109804274,0.068
2001-09-30,0.0899647517040564,0.053
2001-10-01,0.11997643048735662,0.061
2001-10-02,0.0750837984568132,0.066
2001-10-03,0.07108722206555572,0.049
2001-10-04,0.06740992679257601,0.046
2001-10-05,0.0662400913255196,0.043
2001-10-06,0.06505851150603822,0.042
2001-10-07,0.12335201498903446,0.147
2001-10-08,0.09302054963536302,0.107
2001-10-09,0.06845048894106216,0.069
2001-10-10,0.06563759899000132,0.056
2001-10-11,0.06222308930416975,0.051
2001-10-12,0.06075218834754849,0.048
2001-10-13,0.05957306538221963,0.045
2001-10-14,0.06881403334337828,0.049
2001-10-15,0.07788637208022682,0.067
2001-10-16,0.06097477905370986,0.076
2001-10-17,0.12426849568209554,0.063
2001-10-18,0.06464161997472394,0.13
2001-10-19,0.1312212807869762,0.108
2001-10-20,0.06638512887727857,0.263
2001-10-21,0.06029994074485798,0.122
2001-10-22,0.10119450867588925,0.137
2001-10-23,0.09395128328340002,0.187
2001-10-24,0.06248737647805847,0.201
2001-10-25,0.13429022099020788,0.17
2001-10-26,0.14178372994041355,2.951
2001-10-27,0.1361169594403903,0.642
2001-10-28,0.06795473280380424,0.53
2001-10-29,0.061175101390204656,0.359
2001-10-30,0.061982881823252504,0.264
2001-10-31,0.055348498284021205,0.168
2001-11-01,0.05330037059350266,0.148
2001-11-02,0.05174157428031865,0.14
2001-11-03,0.05051866562768455,0.135
2001-11-04,0.049422784877858575,0.129
2001-11-05,0.04848263746248317,0.124
2001-11-06,0.061428865258772274,0.128
2001-11-07,0.05787085231653853,0.134
2001-11-08,0.05234781728665535,0.133
2001-11-09,0.04707518976889522,0.121
2001-11-10,0.04595851806255898,0.118
2001-11-11,0.04535596692092617,0.118
2001-11-12,0.058784868600014896,0.125
2001-11-13,0.04530424825262313,0.116
2001-11-14,0.043908986846333924,0.113
2001-11-15,0.04320115471141883,0.111
2001-11-16,0.042585378483511904,0.112
2001-11-17,0.04202203906499121,0.114
2001-11-18,0.04159743198915494,0.115
2001-11-19,0.041050917964421674,0.111
2001-11-20,0.040538650962083596,0.11
2001-11-21,0.04034341751453399,0.107
2001-11-22,0.039667325001536254,0.106
2001-11-23,0.03925455250269725,0.105
2001-11-24,0.038852125919704224,0.106
2001-11-25,0.09165390218364827,0.157
2001-11-26,0.04502740110666516,0.184
2001-11-27,0.04843550085595423,0.175
2001-11-28,0.05530930631133034,0.147
2001-11-29,0.07037894745517548,0.225
2001-11-30,0.10621811247707046,0.387
2001-12-01,0.04876570250074333,1.161
2001-12-02,0.043523348959595434,0.449
2001-12-03,0.0988821006613037,0.49
2001-12-04,0.13221905488578162,0.733
2001-12-05,0.06155662953007896,1.971
2001-12-06,0.05331142431517508,0.614
2001-12-07,0.04784300935023621,0.42
2001-12-08,0.04508639317107719,0.409
2001-12-09,0.04289391900016353,0.231
2001-12-10,0.041106531202521106,0.269
2001-12-11,0.03962621043585373,0.245
2001-12-12,0.03840613401383207,0.23
2001-12-13,0.0373888768706965,0.209
2001-12-14,0.03653405519609845,0.201
2001-12-15,0.0358155544874854,0.188
2001-12-16,0.035186071655616845,0.185
2001-12-17,0.034722288945992795,0.181
2001-12-18,0.03417632281217035,0.227
2001-12-19,0.03379299066186673,0.209
2001-12-20,0.033383988397656224,0.181
2001-12-21,0.03402553747879361,0.183
2001-12-22,0.03273527341694824,0.176
2001-12-23,0.03243101280531798,0.166
2001-12-24,0.03237500634686796,0.177
2001-12-25,0.031903563792196284,0.177
2001-12-26,0.05599265572135063,0.174
2001-12-27,0.034010737259205004,0.184
2001-12-28,0.04650892928557561,0.186
2001-12-29,0.03307929553684424,0.193
2001-12-30,0.03184895685356414,0.182
2001-12-31,0.031352153191550644,0.165
2002-01-01,0.03093867998798899,0.157
2002-01-02,0.030571251428471814,0.16
2002-01-03,0.030231528792447514,0.154
2002-01-04,0.030070025178213805,0.279
2002-01-05,0.0379279874023945,0.187
2002-01-06,0.030309689148411853,0.185
2002-01-07,0.029679376468794497,0.192
2002-01-08,0.029358216184740243,0.199
2002-01-09,0.044702034084624837,0.202
2002-01-10,0.031185923323875493,0.258
2002-01-11,0.02903994763984475,0.264
2002-01-12,0.028631951769811276,0.242
2002-01-13,0.028388937655161803,0.236
2002-01-14,0.036733551249583246,0.156
2002-01-15,0.028619078898694663,0.242
2002-01-16,0.029392757283925413,0.224
2002-01-17,0.03665309609827791,0.32
2002-01-18,0.05194142828402344,0.294
2002-01-19,0.04511373179387586,0.374
2002-01-20,0.06538372789509958,0.718
2002-01-21,0.0441781848979823,0.678
2002-01-22,0.10297933806523289,0.496
2002-01-23,0.11971657261152355,2.121
2002-01-24,0.06705583824653231,0.979
2002-01-25,0.20909278641338275,2.652
2002-01-26,0.30271759404758314,16.09
2002-01-27,0.29154304311592566,5.932
2002-01-28,0.19461700633448192,3.399
2002-01-29,0.1319271492643321,1.151
2002-01-30,0.32735664990436725,4.582
2002-01-31,0.372694011405866,4.802
2002-02-01,0.340844449283857,4.493
2002-02-02,0.3827499609780606,5.394
2002-02-03,0.33257061776528907,4.002
2002-02-04,0.5502571084406063,8.684
2002-02-05,0.34426392358945546,5.367
2002-02-06,0.25803554467421036,1.557
2002-02-07,0.24981192663248622,0.92
2002-02-08,0.27456129750608677,0.839
2002-02-09,0.3204233315691853,1.263
2002-02-10,0.3872847099100743,1.336
2002-02-11,0.6030026235036999,26.34
2002-02-12,0.3684068280759716,6.024
2002-02-13,0.3512517431614291,1.881
2002-02-14,0.269774602405783,1.004
2002-02-15,0.23260200386081906,0.656
2002-02-16,0.20392098521653768,0.541
2002-02-17,0.23736402442107993,0.427
2002-02-18,0.1869742805842083,0.563
2002-02-19,0.353024051219794,0.703
2002-02-20,0.2597854744317031,1.046
2002-02-21,0.24065818588979465,0.59
2002-02-22,0.20465349170015004,0.528
2002-02-23,0.18497095007379435,0.43
2002-02-24,0.2346611678989683,0.425
2002-02-25,0.5151427535661763,4.344
2002-02-26,0.4918632481180212,5.75
2002-02-27,0.4422533981624442,4.545
2002-02-28,0.32035170877916785,2.069
2002-03-01,0.28083790073732273,0.883
2002-03-02,0.25216209293938086,0.635
2002-03-03,0.22898766347059424,0.512
2002-03-04,0.2124662842938997,0.389
2002-03-05,0.1998164758190278,0.404
2002-03-06,0.18996441587932483,0.37
2002-03-07,0.18250148203108257,0.336
2002-03-08,0.17755988779904305,0.317
2002-03-09,0.17292634818416916,0.32
2002-03-10,0.20938498843624362,0.317
2002-03-11,0.18315495353911576,0.322
2002-03-12,0.24506198090094902,0.314
2002-03-13,0.1932437663706636,0.354
2002-03-14,0.25202894712963275,0.356
2002-03-15,0.27929974591186935,0.542
2002-03-16,0.22123966190547587,0.812
2002-03-17,0.26087562884153265,0.444
2002-03-18,0.33396904434329067,1.226
2002-03-19,0.3349192391526266,0.839
2002-03-20,0.33095189825793836,1.428
2002-03-21,0.2686098494522254,0.894
2002-03-22,0.24857216894472958,0.591
2002-03-23,0.23324870173891898,0.455
2002-03-24,0.22256324052226167,0.39
2002-03-25,0.2142318949275532,0.356
2002-03-26,0.20768807275178272,0.316
2002-03-27,0.20258276237174708,0.315
2002-03-28,0.19860066846827007,0.306
2002-03-29,0.1955040634199877,0.311
2002-03-30,0.1931220430177709,0.262
2002-03-31,0.19711159019795088,0.274
2002-04-01,0.1910877300598385,0.262
2002-04-02,0.18927940966898163,0.262
2002-04-03,0.18813618850018485,0.251
2002-04-04,0.1872860700475318,0.241
2002-04-05,0.18659491708030035,0.237
2002-04-06,0.18600613640408833,0.223
2002-04-07,0.18548605093528708,0.217
2002-04-08,0.18500849066088507,0.214
2002-04-09,0.1845536061040179,0.215
2002-04-10,0.18410567970849023,0.211
2002-04-11,0.18365267759631637,0.208
2002-04-12,0.18318543543108218,0.204
2002-04-13,0.18269710912104006,0.199
2002-04-14,0.18251729650366016,0.202
2002-04-15,0.18165715859713805,0.198
2002-04-16,0.1810623334844352,0.192
2002-04-17,0.18129451782752934,0.192
2002-04-18,0.18044269825906542,0.189
2002-04-19,0.17936207574587987,0.184
2002-04-20,0.1784285796451943,0.184
2002-04-21,0.17765820105560567,0.179
2002-04-22,0.17687214890388764,0.176
2002-04-23,0.17605385715873872,0.174
2002-04-24,0.17520324135222787,0.171
2002-04-25,0.17471607362046312,0.174
2002-04-26,0.1736174481086828,0.175
2002-04-27,0.21459759602012027,0.179
2002-04-28,0.19394969688883865,0.191
2002-04-29,0.2108003902113876,0.195
2002-04-30,0.25117117537796235,0.362
2002-05-01,0.1826034566858275,0.293
2002-05-02,0.17678489209465512,0.226
2002-05-03,0.1721006611773097,0.204
2002-05-04,0.16980531701966425,0.183
2002-05-05,0.16806298777557988,0.172
2002-05-06,0.16728890642464067,0.165
2002-05-07,0.16457282496312525,0.168
2002-05-08,0.16296135856019556,0.161
2002-05-09,0.1614492451590072,0.155
2002-05-10,0.16001621269237323,0.152
2002-05-11,0.15862486421304076,0.145
2002-05-12,0.16622936029850474,0.141
2002-05-13,0.196577617958058,0.183
2002-05-14,0.16174660129304644,0.168
2002-05-15,0.15635957365401223,0.154
2002-05-16,0.15416828899081764,0.143
2002-05-17,0.17499600344223887,0.145
2002-05-18,0.15500229256841672,0.149
2002-05-19,0.1508952954812046,0.138
2002-05-20,0.2248405805979253,0.256
2002-05-21,0.21230294628349453,0.292
2002-05-22,0.15760096582602617,0.294
2002-05-23,0.2225644517185563,0.271
2002-05-24,0.16069310865581596,0.582
2002-05-25,0.17047972063843636,0.391
2002-05-26,0.15118562648999856,0.419
2002-05-27,0.1476536277921241,0.307
2002-05-28,0.1720269729613353,0.302
2002-05-29,0.14607465602788366,0.451
2002-05-30,0.1406921913078043,0.301
2002-05-31,0.13786493883448078,0.223
2002-06-01,0.13587325459674027,0.189
2002-06-02,0.13406218296044195,0.157
2002-06-03,0.13297134467227684,0.147
2002-06-04,0.13081868813076636,0.137
2002-06-05,0.217449294320959,1.459
2002-06-06,0.21118582144082526,10.04
2002-06-07,0.2104897699501537,7.338
2002-06-08,0.1666561962210004,2.416
2002-06-09,0.17733679466497526,1.191
2002-06-10,0.137202299148337,0.686
2002-06-11,0.13291744614975223,0.362
2002-06-12,0.1274826150942067,0.333
2002-06-13,0.12462563556883917,0.3
2002-06-14,0.12274124179179527,0.263
2002-06-15,0.12216052907548237,0.233
2002-06-16,0.11886787894796462,0.226
2002-06-17,0.11705009685608578,0.189
2002-06-18,0.11551636245120962,0.177
2002-06-19,0.11408230892611584,0.16
2002-06-20,0.11276860107203056,0.16
2002-06-21,0.12021326720260199,0.151
2002-06-22,0.11174397480927603,0.15
2002-06-23,0.10991233512586866,0.138
2002-06-24,0.10851288310301493,0.13
2002-06-25,0.10719564487067992,0.13
2002-06-26,0.10593162859252583,0.125
2002-06-27,0.10470851802609915,0.119
2002-06-28,0.1035208125121701,0.114
2002-06-29,0.10236190302205482,0.117
2002-06-30,0.10147756608432969,0.118
2002-07-01,0.1582115163804974,0.132
2002-07-02,0.17882607294296982,0.155
2002-07-03,0.11962304644821209,0.187
2002-07-04,0.11712357091504039,0.152
2002-07-05,0.10438663064139839,0.145
2002-07-06,0.10046184261703753,0.126
2002-07-07,0.10928579260786682,0.122
2002-07-08,0.15033718425421877,0.132
2002-07-09,0.1040481137033523,0.172
2002-07-10,0.0987878478378509,0.168
2002-07-11,0.09488468897633981,0.134
2002-07-12,0.0928493969902825,0.119
2002-07-13,0.09118812829493911,0.11
2002-07-14,0.08974061806881939,0.104
2002-07-15,0.08840808788905838,0.098
2002-07-16,0.08716561923189699,0.095
2002-07-17,0.08599591501605482,0.095
2002-07-18,0.08488558399796066,0.089
2002-07-19,0.08382639656371144,0.086
2002-07-20,0.08288886686272603,0.084
2002-07-21,0.08181862674173646,0.082
2002-07-22,0.08152410601889441,0.081
2002-07-23,0.08017913131844913,0.083
2002-07-24,0.0790113865638315,0.079
2002-07-25,0.07809721170080342,0.079
2002-07-26,0.07721092569977471,0.078
2002-07-27,0.07633824198689905,0.077
2002-07-28,0.07547771948888261,0.073
2002-07-29,0.07463841158385659,0.072
2002-07-30,0.11561740614900813,0.073
2002-07-31,0.16666324317259792,0.499
2002-08-01,0.15339384437480447,0.44
2002-08-02,0.1258795010429597,0.21
2002-08-03,0.08347920356077952,0.145
2002-08-04,0.0782870902154372,0.117
2002-08-05,0.07481127679880865,0.108
2002-08-06,0.07277635065387542,0.099
2002-08-07,0.0798304116325584,0.115
2002-08-08,0.09277474365713884,0.122
2002-08-09,0.14706369037454078,0.55
2002-08-10,0.07969369566810856,0.3
2002-08-11,0.07394889328875494,0.188
2002-08-12,0.06999622038990788,0.133
2002-08-13,0.06823121071475251,0.106
2002-08-14,0.06677265356493198,0.092
2002-08-15,0.06549078037403847,0.082
2002-08-16,0.06434276410589335,0.076
2002-08-17,0.06330395636158945,0.069
2002-08-18,0.06250743330351173,0.065
2002-08-19,0.07291007007868107,0.069
2002-08-20,0.06254356306313495,0.07
2002-08-21,0.06091582426202934,0.061
2002-08-22,0.05995332934484053,0.056
2002-08-23,0.07825932299182106,0.279
2002-08-24,0.07747596593458936,0.204
2002-08-25,0.06216798929747352,0.136
2002-08-26,0.059048749641579065,0.1
2002-08-27,0.0578796760247216,0.083
2002-08-28,0.056891765185167815,0.074
2002-08-29,0.055994783786668105,0.068
2002-08-30,0.05569409958373829,0.064
2002-08-31,0.054429944860608155,0.057
2002-09-01,0.0536823866422225,0.052
2002-09-02,0.052998908907681656,0.051
2002-09-03,0.05234799252343812,0.051
2002-09-04,0.0517258654287998,0.051
2002-09-05,0.051411585991995266,0.047
2002-09-06,0.06303827429869238,0.048
2002-09-07,0.052390704882436516,0.048
2002-09-08,0.05090318555739851,0.045
2002-09-09,0.12783851794979825,0.172
2002-09-10,0.08955531737275928,0.131
2002-09-11,0.05672118344230341,0.081
2002-09-12,0.053548596097748,0.066
2002-09-13,0.05030516968768461,0.055
2002-09-14,0.04913576905468187,0.049
2002-09-15,0.04815877639512986,0.044
2002-09-16,0.04729084414374927,0.043
2002-09-17,0.04650924288940227,0.041
2002-09-18,0.04579728212632336,0.038
2002-09-19,0.04514332929688267,0.037
2002-09-20,0.044531689036696444,0.037
2002-09-21,0.0439587802956656,0.034
2002-09-22,0.04341634235395822,0.032
2002-09-23,0.04289893388079329,0.031
2002-09-24,0.04240203372233616,0.027
2002-09-25,0.04193953252582242,0.03
2002-09-26,0.04145826894455024,0.027
2002-09-27,0.04100420320353666,0.037
2002-09-28,0.04056146879152954,0.05
2002-09-29,0.040127939451038555,0.046
2002-09-30,0.03970233428922079,0.046
2002-10-01,0.053548056934983344,0.048
2002-10-02,0.04106080957000406,0.048
2002-10-03,0.03948889571413295,0.045
2002-10-04,0.03885725337269352,0.044
2002-10-05,0.038314346838395484,0.042
2002-10-06,0.03780736923398331,0.042
2002-10-07,0.03733054188941262,0.045
2002-10-08,0.036876747839906666,0.044
2002-10-09,0.036442580300597736,0.042
2002-10-10,0.03602445190453605,0.043
2002-10-11,0.09971761737516298,0.049
2002-10-12,0.043880830039424,0.05
2002-10-13,0.12426581389250389,0.333
2002-10-14,0.12013292725874149,0.346
2002-10-15,0.1439150312413306,10.24
2002-10-16,0.12485802254730814,2.441
2002-10-17,0.12527737784927018,0.468
2002-10-18,0.11854982321719473,0.576
2002-10-19,0.11402416917922764,0.381
2002-10-20,0.10939878070647943,0.556
2002-10-21,0.12596334588747612,1.356
2002-10-22,0.0801000935035487,4.546
2002-10-23,0.052060338093026626,0.901
2002-10-24,0.048896841804578366,0.448
2002-10-25,0.10952821631970955,0.657
2002-10-26,0.07719066162466011,0.675
2002-10-27,0.053937215295703375,0.498
2002-10-28,0.04900554924232862,0.349
2002-10-29,0.06420278917818348,0.319
2002-10-30,0.0816649981553766,0.359
2002-10-31,0.05374031381655748,0.514
2002-11-01,0.10621601146304695,1.044
2002-11-02,0.2209548792691333,4.78
2002-11-03,0.24346281982367426,5.853
2002-11-04,0.13747516590831915,2.675
2002-11-05,0.27034072854072116,0.917
2002-11-06,0.17497667439874465,6.129
2002-11-07,0.21595620798763157,1.635
2002-11-08,0.20762066140151467,3.478
2002-11-09,0.2978450511991766,2.185
2002-11-10,0.1769023773884781,3.893
2002-11-11,0.30428058956675774,1.389
2002-11-12,0.35045147278817607,5.563
2002-11-13,0.5123902447582654,7.63
2002-11-14,0.3169758059803703,11.04
2002-11-15,0.33747483083465435,2.14
2002-11-16,0.2414671011541687,3.727
2002-11-17,0.20138256945807761,2.3
2002-11-18,0.17266876002390213,0.923
2002-11-19,0.22413663184303734,0.652
2002-11-20,0.20777227525977823,0.636
2002-11-21,0.41935146359143405,1.959
2002-11-22,0.5224803618250012,3.822
2002-11-23,0.45281249995013534,5.675
2002-11-24,0.3066862605904779,2.338
2002-11-25,0.2613830398442273,1.004
2002-11-26,0.22359854798214243,0.719
2002-11-27,0.2992251520024133,0.718
2002-11-28,0.2661560498537362,1.064
2002-11-29,0.20916120074663538,0.716
2002-11-30,0.322189851641391,0.583
2002-12-01,0.3004756849333813,1.645
2002-12-02,0.2290042222812922,0.996
2002-12-03,0.23319914502515518,0.614
2002-12-04,0.20002099596980344,0.546
2002-12-05,0.18030598565753678,0.477
2002-12-06,0.18712658132485957,0.433
2002-12-07,0.1673759555421306,0.409
2002-12-08,0.162784992509528,0.385
2002-12-09,0.1523673148386502,0.363
2002-12-10,0.15909938597702714,0.344
2002-12-11,0.18519025085467053,0.334
2002-12-12,0.23949604097998456,0.426
2002-12-13,0.1906217529900312,0.513
2002-12-14,0.32693139213080136,0.761
2002-12-15,0.2610953617657624,1.329
2002-12-16,0.22159338316592644,0.773
2002-12-17,0.1999600903986886,0.585
2002-12-18,0.18834877386179363,0.482
2002-12-19,0.17958596872646057,0.427
2002-12-20,0.31196778250842444,0.538
2002-12-21,0.6317046760710895,5.387
2002-12-22,0.42056956650365407,6.507
2002-12-23,0.4703855850125145,2.283
2002-12-24,0.34369117057740034,2.327
2002-12-25,0.4305404918871404,1.03
2002-12-26,0.4679976367728704,2.427
2002-12-27,0.3429487583380606,2.28
2002-12-28,0.6087694532784438,1.13
2002-12-29,0.6319831287612941,20.01
2002-12-30,0.6336232717827548,6.444
2002-12-31,0.7962463504984232,3.874
2003-01-01,0.99738330367327,32.44
2003-01-02,0.743599403955582,32.76
2003-01-03,0.605999228562007,4.398
2003-01-04,0.5007374662567577,1.741
2003-01-05,0.4430807063020525,0.883
2003-01-06,0.3976488905514452,0.647
2003-01-07,0.36354041793434727,0.515
2003-01-08,0.33708484139834594,0.436
2003-01-09,0.31677847194403164,0.402
2003-01-10,0.30264135303109596,0.391
2003-01-11,0.28782495599371627,0.371
2003-01-12,0.2783769601489639,0.354
2003-01-13,0.2712206327834426,0.388
2003-01-14,0.26961119085111357,0.398
2003-01-15,0.2682162795677781,0.379
2003-01-16,0.2592117869875821,0.366
2003-01-17,0.29855694533612687,0.369
2003-01-18,0.6420737261879897,1.173
2003-01-19,0.6897196002249751,6.114
2003-01-20,0.7195365214274136,11.69
2003-01-21,0.5487605986523897,4.041
2003-01-22,0.45883521366122254,1.351
2003-01-23,0.41954321535029454,0.711
2003-01-24,0.3932687256494147,0.572
2003-01-25,0.3680499099511409,0.507
2003-01-26,0.34963906112119547,0.453
2003-01-27,0.335998386792411,0.427
2003-01-28,0.34481181994138244,0.411
2003-01-29,0.34090292253297816,0.375
2003-01-30,0.3228123565390406,0.346
2003-01-31,0.46337905304331906,0.332
2003-02-01,0.39752273463930443,0.589
2003-02-02,0.35986361951086726,0.661
2003-02-03,0.3423283326858024,0.496
2003-02-04,0.3307155549792393,0.4
2003-02-05,0.3225510328128539,0.357
2003-02-06,0.3630422123859322,0.35
2003-02-07,0.32786200883712874,0.38
2003-02-08,0.4361123056078094,0.43
2003-02-09,0.35366833790210045,1.119
2003-02-10,0.4616901986459988,0.743
2003-02-11,0.3751709056086852,1.575
2003-02-12,0.3541413402397316,0.731
2003-02-13,0.3400628945750885,0.544
2003-02-14,0.3308790856853372,0.439
2003-02-15,0.32355848627559963,0.39
2003-02-16,0.31763776257520815,0.359
2003-02-17,0.3128176157342748,0.383
2003-02-18,0.3088548716237783,0.358
2003-02-19,0.3055604167204028,0.334
2003-02-20,0.30289171962905503,0.317
2003-02-21,0.3004477530698371,0.307
2003-02-22,0.29839244482982075,0.294
2003-02-23,0.2964981208653052,0.29
2003-02-24,0.2947721891983024,0.279
2003-02-25,0.29319628863413205,0.273
2003-02-26,0.2917498009848228,0.266
2003-02-27,0.29034489494752075,0.259
2003-02-28,0.32298287597463665,0.299
2003-03-01,0.30946248899870504,0.446
2003-03-02,0.2914951961984773,0.417
2003-03-03,0.30466787612724733,0.37
2003-03-04,0.30213896074712515,0.404
2003-03-05,0.4015589216975584,3.865
2003-03-06,0.31949334185097816,1.767
2003-03-07,0.5946105139386025,4.708
2003-03-08,0.4280330518658861,2.144
2003-03-09,0.3731671265554545,0.986
2003-03-10,0.3516637418643906,0.707
2003-03-11,0.3344819568930798,0.58
2003-03-12,0.321891522562891,0.461
2003-03-13,0.3115842917560308,0.405
2003-03-14,0.30312253929696636,0.359
2003-03-15,0.29609835482989155,0.32
2003-03-16,0.2901900400902009,0.301
2003-03-17,0.28516563514933796,0.288
2003-03-18,0.2808398785224657,0.27
2003-03-19,0.2770639185892023,0.263
2003-03-20,0.27372001216353387,0.255
2003-03-21,0.27071445860794224,0.248
2003-03-22,0.26797244185526287,0.242
2003-03-23,0.2654347743812714,0.235
2003-03-24,0.2630558838625424,0.231
2003-03-25,0.26079409655124935,0.227
2003-03-26,0.2586242514922405,0.222
2003-03-27,0.2565218970794789,0.219
2003-03-28,0.2544688636368235,0.216
2003-03-29,0.25245064336604817,0.219
2003-03-30,0.2504564371874938,0.202
2003-03-31,0.24847878071257887,0.198
2003-04-01,0.27580994345372656,0.224
2003-04-02,0.24778645973871516,0.205
2003-04-03,0.2429571043322065,0.194
2003-04-04,0.24082287266940336,0.189
2003-04-05,0.2388071158699754,0.188
2003-04-06,0.23679896211680004,0.183
2003-04-07,0.23479117383710796,0.181
2003-04-08,0.23278186752055444,0.177
2003-04-09,0.23076994293534114,0.175
2003-04-10,0.22875517042067664,0.174
2003-04-11,0.22673595419509066,0.172
2003-04-12,0.22471348314199202,0.166
2003-04-13,0.22268942466005603,0.164
2003-04-14,0.22065851188690142,0.163
2003-04-15,0.21862652356832857,0.158
2003-04-16,0.21659237724731403,0.152
2003-04-17,0.214556560711931,0.149
2003-04-18,0.21251968735138188,0.147
2003-04-19,0.21048240709564353,0.146
2003-04-20,0.2088316631262254,0.147
2003-04-21,0.20642347762418053,0.143
2003-04-22,0.20437531728155764,0.14
2003-04-23,0.2023543956291273,0.138
2003-04-24,0.2142420677438569,0.144
2003-04-25,0.21359348051156607,0.159
2003-04-26,0.2139423324164498,0.159
2003-04-27,0.22974323860239212,0.174
2003-04-28,0.19698386215119854,0.209
2003-04-29,0.19311470646574533,0.174
2003-04-30,0.2109237097512204,0.172
2003-05-01,0.21548324559641843,0.171
2003-05-02,0.18877163573157335,0.263
2003-05-03,0.18516291152816838,0.216
2003-05-04,0.1811683676149157,0.179
2003-05-05,0.1789404214215709,0.156
2003-05-06,0.17689752820019994,0.143
2003-05-07,0.17488838640745308,0.139
2003-05-08,0.1729047313695194,0.135
2003-05-09,0.17094556154993223,0.129
2003-05-10,0.16902881438331416,0.13
2003-05-11,0.16773414950713256,0.127
2003-05-12,0.16530502758008273,0.128
2003-05-13,0.16333253929162575,0.122
2003-05-14,0.16144109336904255,0.117
2003-05-15,0.17573976487307322,0.118
2003-05-16,0.1856937227596227,0.146
2003-05-17,0.16301778883366327,0.148
2003-05-18,0.20877876849412047,0.367
2003-05-19,0.16253931025852483,0.356
2003-05-20,0.1539182519239348,0.253
2003-05-21,0.15164586631204768,0.204
2003-05-22,0.1483607468618337,0.198
2003-05-23,0.1458707721553617,0.193
2003-05-24,0.1474199303494287,0.183
2003-05-25,0.14265529563968546,0.168
2003-05-26,0.14063118379498707,0.155
2003-05-27,0.13884263458478244,0.143
2003-05-28,0.137114466252864,0.137
2003-05-29,0.13541534514623876,0.129
2003-05-30,0.13374109083909028,0.124
2003-05-31,0.1320895944605285,0.118
2003-06-01,0.1304749241711647,0.116
2003-06-02,0.12884991188386574,0.11
2003-06-03,0.12725718493715032,0.109
2003-06-04,0.12568449644803478,0.107
2003-06-05,0.12435064503612632,0.103
2003-06-06,0.1645795922760693,0.115
2003-06-07,0.1258289167690801,0.122
2003-06-08,0.12206729924477136,0.115
2003-06-09,0.121410680979965,0.107
2003-06-10,0.11719027144959213,0.106
2003-06-11,0.11550500437943002,0.099
2003-06-12,0.1139884642886937,0.096
2003-06-13,0.11250849683747605,0.092
2003-06-14,0.11105336823716909,0.09
2003-06-15,0.10962256980488178,0.088
2003-06-16,0.1082136341780703,0.087
2003-06-17,0.10683476911220771,0.085
2003-06-18,0.10545638103004278,0.086
2003-06-19,0.1041040684530993,0.088
2003-06-20,0.10276994512037704,0.085
2003-06-21,0.10145443337265089,0.081
2003-06-22,0.16690386918555955,0.099
2003-06-23,0.10924783204953205,0.125
2003-06-24,0.10070039902658898,0.092
2003-06-25,0.09779980147677676,0.087
2003-06-26,0.09565349836284769,0.091
2003-06-27,0.09440721422762609,0.089
2003-06-28,0.0930176201717144,0.086
2003-06-29,0.09197017208117038,0.084
2003-06-30,0.13488464471403186,0.157
2003-07-01,0.14392027633680796,0.142
2003-07-02,0.0940365413272476,0.12
2003-07-03,0.08989470412570572,0.095
2003-07-04,0.08725743128867552,0.085
2003-07-05,0.08528435715069609,0.083
2003-07-06,0.08405922388610242,0.078
2003-07-07,0.08289102998103294,0.075
2003-07-08,0.08175435777093308,0.073
2003-07-09,0.08064487297405196,0.069
2003-07-10,0.0795595522061017,0.066
2003-07-11,0.07849601158345483,0.063
2003-07-12,0.07745230373458435,0.062
2003-07-13,0.07642685691665804,0.06
2003-07-14,0.07541839533153095,0.058
2003-07-15,0.07442620161395871,0.055
2003-07-16,0.0736339041094926,0.056
2003-07-17,0.07909886590901681,0.057
2003-07-18,0.07216310212355645,0.057
2003-07-19,0.07080415714665982,0.053
2003-07-20,0.09019195632924266,0.053
2003-07-21,0.07981536579151785,0.055
2003-07-22,0.06910473791676432,0.052
2003-07-23,0.06766557796413177,0.052
2003-07-24,0.128323713860699,0.052
2003-07-25,0.13566607639877026,0.094
2003-07-26,0.1266020735305901,0.101
2003-07-27,0.0704643153025785,0.086
2003-07-28,0.06681834485982668,0.064
2003-07-29,0.1308833348398865,0.185
2003-07-30,0.0691103237151406,0.143
2003-07-31,0.09872518703017184,0.094
2003-08-01,0.06589528108005419,0.123
2003-08-02,0.06292989332233236,0.092
2003-08-03,0.05983680225761039,0.07
2003-08-04,0.058740143965175566,0.064
2003-08-05,0.057773162565734795,0.062
2003-08-06,0.056866001469722725,0.058
2003-08-07,0.05600698955437746,0.051
2003-08-08,0.0551881138487651,0.048
2003-08-09,0.05440831220095532,0.047
2003-08-10,0.0536571600720779,0.043
2003-08-11,0.052915469099367535,0.04
2003-08-12,0.05220441035917525,0.035
2003-08-13,0.051512613893482245,0.041
2003-08-14,0.05083735632157237,0.053
2003-08-15,0.05017703197168306,0.052
2003-08-16,0.04952999693021878,0.051
2003-08-17,0.04889537139655549,0.048
2003-08-18,0.048272788201700084,0.048
2003-08-19,0.04765955298617158,0.046
2003-08-20,0.047059865040450746,0.046
2003-08-21,0.04646546347788503,0.046
2003-08-22,0.04588016459441215,0.044
2003-08-23,0.04530876312215736,0.045
2003-08-24,0.044738452421288655,0.048
2003-08-25,0.04417976610618236,0.052
2003-08-26,0.043629288872677856,0.054
2003-08-27,0.04308666573790534,0.05
2003-08-28,0.04786767600501241,0.046
2003-08-29,0.04250274004681719,0.048
2003-08-30,0.04168602177024888,0.044
2003-08-31,0.041127993489075886,0.043
2003-09-01,0.04059665613207063,0.041
2003-09-02,0.04007821103464665,0.041
2003-09-03,0.0395708517546527,0.04
2003-09-04,0.039073669866018255,0.036
2003-09-05,0.03860479994115033,0.037
2003-09-06,0.038118648745387416,0.037
2003-09-07,0.03767402752463608,0.037
2003-09-08,0.03717919402976605,0.029
2003-09-09,0.03680977044376963,0.017
2003-09-10,0.036315518455371884,0.035
2003-09-11,0.03583810657047935,0.036
2003-09-12,0.035393227878827156,0.034
2003-09-13,0.034964468941780326,0.031
2003-09-14,0.034542572672354346,0.03
2003-09-15,0.034126944690715734,0.028
2003-09-16,0.033717421809266714,0.028
2003-09-17,0.03331385390571658,0.027
2003-09-18,0.03291617309355352,0.028
2003-09-19,0.03252427268701554,0.027
2003-09-20,0.03213804989439061,0.026
2003-09-21,0.031763708362717004,0.027
2003-09-22,0.09764115817715614,0.043
2003-09-23,0.03713091689302069,0.03
2003-09-24,0.03336280320441785,0.028
2003-09-25,0.030865169050887556,0.027
2003-09-26,0.030334186982568692,0.022
2003-09-27,0.02991056612728027,0.024
2003-09-28,0.029511927770922222,0.025
2003-09-29,0.0291305346399657,0.025
2003-09-30,0.02876267881209519,0.024
2003-10-01,0.028412636671265337,0.024
2003-10-02,0.028180348135818215,0.026
2003-10-03,0.027735776258770113,0.025
2003-10-04,0.027414632068590346,0.023
2003-10-05,0.02776583562800027,0.024
2003-10-06,0.02680817889445814,0.024
2003-10-07,0.026466399212810042,0.021
2003-10-08,0.026163839742046256,0.021
2003-10-09,0.025870782031791353,0.022
2003-10-10,0.025590791123114555,0.022
2003-10-11,0.02529644309319047,0.021
2003-10-12,0.02502770672622584,0.021
2003-10-13,0.024742518908062627,0.02
2003-10-14,0.02447106158238494,0.02
2003-10-15,0.024204822597308415,0.02
2003-10-16,0.02394281624823469,0.02
2003-10-17,0.023684960581059036,0.02
2003-10-18,0.023430918355043087,0.02
2003-10-19,0.023180820812758015,0.02
2003-10-20,0.022934567303941153,0.02
2003-10-21,0.022734105242344094,0.023
2003-10-22,0.04297992096026496,0.022
2003-10-23,0.02450516342046414,0.02
2003-10-24,0.02224860888060316,0.024
2003-10-25,0.023612140441190622,0.021
2003-10-26,0.021820947483465972,0.022
2003-10-27,0.021480915869116747,0.021
2003-10-28,0.07427733242609309,0.025
2003-10-29,0.03295986258753127,0.03
2003-10-30,0.08835234939738695,0.046
2003-10-31,0.05297904174936739,0.048
2003-11-01,0.08364896760786253,0.035
2003-11-02,0.04452222353370487,0.063
2003-11-03,0.02431427671717421,0.05
2003-11-04,0.022799874924524316,0.035
2003-11-05,0.020474110970662485,0.03
2003-11-06,0.020072534360096043,0.028
2003-11-07,0.01976323439517348,0.026
2003-11-08,0.019484875423518882,0.026
2003-11-09,0.01927758723955593,0.025
2003-11-10,0.018998697576554056,0.023
2003-11-11,0.060791014658144585,0.025
2003-11-12,0.023049182091527114,0.029
2003-11-13,0.020274080427313716,0.029
2003-11-14,0.04797040989132853,0.038
2003-11-15,0.021914793689312245,0.05
2003-11-16,0.02022299648324968,0.04
2003-11-17,0.03599789603548451,0.038
2003-11-18,0.019029112523227892,0.042
2003-11-19,0.01779600301604467,0.039
2003-11-20,0.0296271491134351,0.038
2003-11-21,0.05985559118614934,0.037
2003-11-22,0.05733308187494949,0.169
2003-11-23,0.08169962193025729,0.233
2003-11-24,0.024351138950976636,0.161
2003-11-25,0.08865890174687802,0.132
2003-11-26,0.06487295447607552,0.612
2003-11-27,0.02368264166985186,0.23
2003-11-28,0.0237720104241057,0.122
2003-11-29,0.04201752865077188,0.152
2003-11-30,0.08964035798418425,0.236
2003-12-01,0.11376428623439562,3.551
2003-12-02,0.10644450873032076,1.196
2003-12-03,0.0469643238234781,0.554
2003-12-04,0.03033367984496855,0.253
2003-12-05,0.0267179746238001,0.216
2003-12-06,0.023601792638369742,0.161
2003-12-07,0.02206717286103581,0.127
2003-12-08,0.020896455957432718,0.107
2003-12-09,0.02008808357896306,0.095
2003-12-10,0.07128939972628932,0.088
2003-12-11,0.043728490341417424,0.138
2003-12-12,0.18697729525076884,0.277
2003-12-13,0.16589679334305327,3.813
2003-12-14,0.07641021479956833,0.968
2003-12-15,0.06205176794274639,0.516
2003-12-16,0.053826229331011506,0.34
2003-12-17,0.045598904895025036,0.264
2003-12-18,0.04052497719199125,0.223
2003-12-19,0.14508677923269464,0.201
2003-12-20,0.10655404505227853,0.774
2003-12-21,0.06676023347388522,0.467
2003-12-22,0.0754310257867055,0.341
2003-12-23,0.05702711514577107,0.321
2003-12-24,0.04876255986285562,0.291
2003-12-25,0.0536121142329364,0.28
2003-12-26,0.17483842462407698,0.693
2003-12-27,0.08361020866677055,1.138
2003-12-28,0.11712692410782792,0.655
2003-12-29,0.1157423058722209,0.899
2003-12-30,0.08760831763850419,0.896
2003-12-31,0.15871151131369748,0.722
2004-01-01,0.08924112398310444,1.323
2004-01-02,0.07679405159917832,0.735
2004-01-03,0.06765632586901602,0.537
2004-01-04,0.059565946219906164,0.464
2004-01-05,0.10971696564224878,0.402
2004-01-06,0.06860627302555682,0.505
2004-01-07,0.3027016114539298,0.658
2004-01-08,0.22466666807843938,6.558
2004-01-09,0.16841250670704197,1.96
2004-01-10,0.2863406256025795,1.461
2004-01-11,0.34772587094859186,4.065
2004-01-12,0.34667135550991574,5.818
2004-01-13,0.25050573668043397,4.323
2004-01-14,0.22262221750065514,1.879
2004-01-15,0.3001230032480557,2.052
2004-01-16,0.19595133295899325,1.705
2004-01-17,0.16640298650251462,0.935
2004-01-18,0.14400797687991868,0.717
2004-01-19,0.12977472659090133,0.616
2004-01-20,0.1194239456323306,0.523
2004-01-21,0.1080954728123527,0.442
2004-01-22,0.18016330087415736,0.535
2004-01-23,0.19739576898499847,0.643
2004-01-24,0.1370199056733672,0.697
2004-01-25,0.12165213633968223,0.568
2004-01-26,0.11220453019011555,0.483
2004-01-27,0.1054238362245161,0.426
2004-01-28,0.14678552142690326,0.386
2004-01-29,0.11233020992612253,0.353
2004-01-30,0.419447762149368,0.584
2004-01-31,0.4420633390159058,11.52
2004-02-01,0.48721450965056823,4.371
2004-02-02,0.320582588553665,4.781
2004-02-03,0.3218029634755069,1.977
2004-02-04,0.2529101522632356,1.46
2004-02-05,0.4783813142256314,1.143
2004-02-06,0.33663294909577074,5.738
2004-02-07,0.3022893258161644,2.322
2004-02-08,0.24877655948595223,1.277
2004-02-09,0.2198415994165388,0.89
2004-02-10,0.19902139956891118,0.736
2004-02-11,0.18312545968003124,0.536
2004-02-12,0.1707807676063268,0.529
2004-02-13,0.1644996595698192,0.472
2004-02-14,0.15508764010285644,0.437
2004-02-15,0.1485671821132044,0.41
2004-02-16,0.1462862695953268,0.378
2004-02-17,0.1415787054836855,0.349
2004-02-18,0.1388310579786954,0.327
2004-02-19,0.13717819890569624,0.314
2004-02-20,0.1360964992431813,0.302
2004-02-21,0.1354076211541109,0.288
2004-02-22,0.1349829801798649,0.268
2004-02-23,0.1347986591580504,0.257
2004-02-24,0.13515897658100323,0.264
2004-02-25,0.13488789212867494,0.253
2004-02-26,0.13603714421734833,0.25
2004-02-27,0.13529884342284995,0.25
2004-02-28,0.13548821467786346,0.234
2004-02-29,0.13573255658665992,0.219
2004-03-01,0.135967692805087,0.206
2004-03-02,0.13618716189322128,0.208
2004-03-03,0.14536345473756063,0.217
2004-03-04,0.13711198634406946,0.222
2004-03-05,0.13681876239888702,0.216
2004-03-06,0.1368675610523802,0.213
2004-03-07,0.13686663753846867,0.206
2004-03-08,0.13685421307715906,0.197
2004-03-09,0.136806113768383,0.195
2004-03-10,0.13671750151284537,0.194
2004-03-11,0.1824961306065553,0.206
2004-03-12,0.20780884050351658,0.485
2004-03-13,0.23039045640395667,1.645
2004-03-14,0.20343794110607544,1.199
2004-03-15,0.17125994269172626,0.862
2004-03-16,0.16128747864947107,0.587
2004-03-17,0.17537304297144513,0.445
2004-03-18,0.24347752000018275,0.471
2004-03-19,0.26827659955418937,1.378
2004-03-20,0.37816469031527855,2.416
2004-03-21,0.25289948221906017,1.924
2004-03-22,0.22921182033818863,0.953
2004-03-23,0.2571746174041426,0.76
2004-03-24,0.21433748754754628,0.587
2004-03-25,0.20476118156073123,0.521
2004-03-26,0.18600440618520184,0.444
2004-03-27,0.17540630618308437,0.401
2004-03-28,0.16786157802751578,0.352
2004-03-29,0.16213951233964138,0.318
2004-03-30,0.15756359955521723,0.3
2004-03-31,0.1541841824666383,0.279
2004-04-01,0.16693299322197605,0.272
2004-04-02,0.1506144279624,0.265
2004-04-03,0.2122785675373634,0.356
2004-04-04,0.17969480207018415,0.614
2004-04-05,0.16819541078650155,0.523
2004-04-06,0.23419661159465133,0.69
2004-04-07,0.18323451421993886,0.715
2004-04-08,0.16835732231383274,0.544
2004-04-09,0.16533495514750396,0.415
2004-04-10,0.15620659591834837,0.364
2004-04-11,0.15198427363350628,0.323
2004-04-12,0.1487653014169527,0.288
2004-04-13,0.14605590063615354,0.262
2004-04-14,0.14379750333826394,0.249
2004-04-15,0.141892373861387,0.229
2004-04-16,0.1696495290185615,0.239
2004-04-17,0.18622182208322852,0.291
2004-04-18,0.28458491443886386,3.001
2004-04-19,0.180088347676623,1.407
2004-04-20,0.20086093113191067,0.693
2004-04-21,0.2937366694476216,1.319
2004-04-22,0.2067013772736328,0.872
2004-04-23,0.18921403074488752,0.55
2004-04-24,0.17647205048291917,0.419
2004-04-25,0.16767207523307412,0.338
2004-04-26,0.16060439296865792,0.294
2004-04-27,0.15490275990957755,0.26
2004-04-28,0.21618463237348806,0.281
2004-04-29,0.16564068269911136,0.633
2004-04-30,0.21781093908870305,0.985
2004-05-01,0.17458666160070954,0.961
2004-05-02,0.16663406652990342,0.66
2004-05-03,0.2534574420844339,0.492
2004-05-04,0.2993983104544537,1.403
2004-05-05,0.22442133470085154,1.721
2004-05-06,0.19201589693063137,0.722
2004-05-07,0.1794933478252522,0.512
2004-05-08,0.1698165755980687,0.454
2004-05-09,0.1614331627799994,0.388
2004-05-10,0.15578157893375236,1.327
2004-05-11,0.14938530612865056,0.581
2004-05-12,0.1452603068194686,0.361
2004-05-13,0.14193471845717193,0.304
2004-05-14,0.13917683209456008,0.269
2004-05-15,0.13686408477000186,0.241
2004-05-16,0.1349019131163766,0.226
2004-05-17,0.13321506501026883,0.211
2004-05-18,0.13174362162062742,0.2
2004-05-19,0.1304398728652026,0.194
2004-05-20,0.12931333097539488,0.189
2004-05-21,0.1281968976505922,0.185
2004-05-22,0.1271934116943007,0.176
2004-05-23,0.12625151333073284,0.171
2004-05-24,0.12535188706826872,0.165
2004-05-25,0.12448256034385906,0.161
2004-05-26,0.12376009818561295,0.161
2004-05-27,0.12280935816452915,0.157
2004-05-28,0.1220496767192144,0.156
2004-05-29,0.12116228542925064,0.163
2004-05-30,0.12033753061418148,0.152
2004-05-31,0.16755253102076237,0.157
2004-06-01,0.12358220512851266,0.171
2004-06-02,0.12031545870688391,0.155
2004-06-03,0.11740117189042497,0.148
2004-06-04,0.11644096978953435,0.144
2004-06-05,0.11553985374283848,0.139
2004-06-06,0.11464771426007939,0.135
2004-06-07,0.11375707951703197,0.133
2004-06-08,0.11286932825747562,0.128
2004-06-09,0.1119840983607367,0.13
2004-06-10,0.11108962426928976,0.131
2004-06-11,0.11020454021170605,0.126
2004-06-12,0.10928577258536833,0.123
2004-06-13,0.10838289708899643,0.12
2004-06-14,0.10747830500319946,0.119
2004-06-15,0.10657115106214778,0.118
2004-06-16,0.10566153986221276,0.118
2004-06-17,0.1047502462148224,0.117
2004-06-18,0.10384631528059157,0.115
2004-06-19,0.10294489013021743,0.114
2004-06-20,0.11387443684120462,0.115
2004-06-21,0.10198606748425071,0.117
2004-06-22,0.16720371632032996,0.129
2004-06-23,0.13162270234491524,0.134
2004-06-24,0.10277768337602311,0.123
2004-06-25,0.10018844921083975,0.114
2004-06-26,0.13620923301871599,0.125
2004-06-27,0.1005151709330018,0.124
2004-06-28,0.09748255777951137,0.114
2004-06-29,0.09445564442677391,0.11
2004-06-30,0.0933917196029794,0.109
2004-07-01,0.09258192669221116,0.106
2004-07-02,0.09163886101335551,0.105
2004-07-03,0.09046772722186586,0.101
2004-07-04,0.08954864133415606,0.101
2004-07-05,0.08858319407073463,0.097
2004-07-06,0.08766281131857695,0.097
2004-07-07,0.15414740755103917,0.129
2004-07-08,0.15530195498153454,0.156
2004-07-09,0.09152675616321446,0.118
2004-07-10,0.08713963728057045,0.107
2004-07-11,0.08392274608405778,0.101
2004-07-12,0.08285708910861853,0.096
2004-07-13,0.08191824175320951,0.092
2004-07-14,0.08096427488928098,0.091
2004-07-15,0.08020868031299931,0.09
2004-07-16,0.07930965570720509,0.091
2004-07-17,0.07828583247562336,0.088
2004-07-18,0.07741555177790545,0.086
2004-07-19,0.07656459945545578,0.082
2004-07-20,0.07571566927681628,0.085
2004-07-21,0.09873576959325038,0.082
2004-07-22,0.14193503726639364,0.216
2004-07-23,0.07807350446499511,0.173
2004-07-24,0.07345667861757935,0.112
2004-07-25,0.07231444987598949,0.089
2004-07-26,0.07139602193869206,0.085
2004-07-27,0.07050854919806288,0.082
2004-07-28,0.06965288719375248,0.077
2004-07-29,0.06898030197199179,0.076
2004-07-30,0.0680176435090776,0.069
2004-07-31,0.06721420996574184,0.066
2004-08-01,0.06643331487551224,0.06
2004-08-02,0.0972168883905281,0.06
2004-08-03,0.1339680054363437,0.424
2004-08-04,0.10688057050211308,0.285
2004-08-05,0.06874843915712443,0.126
2004-08-06,0.06566540800327171,0.091
2004-08-07,0.06284177694989578,0.075
2004-08-08,0.09987669004391803,0.076
2004-08-09,0.06557356906118454,0.097
2004-08-10,0.061724046843897915,0.085
2004-08-11,0.06093391111477803,0.071
2004-08-12,0.060666155933401585,0.066
2004-08-13,0.05839289029167156,0.062
2004-08-14,0.05758921803498058,0.059
2004-08-15,0.05692794422834114,0.055
2004-08-16,0.05624738657777827,0.059
2004-08-17,0.05567708637328524,0.055
2004-08-18,0.06596607004827185,0.058
2004-08-19,0.05516672699933637,0.053
2004-08-20,0.07650067961861726,0.093
2004-08-21,0.05457661929473787,0.09
2004-08-22,0.11070589545405546,0.071
2004-08-23,0.12309967847672672,6.301
2004-08-24,0.1216218860522272,1.809
2004-08-25,0.06882714922317414,0.478
2004-08-26,0.054421953942736884,0.291
2004-08-27,0.05245299994719408,0.229
2004-08-28,0.04995723291316925,0.168
2004-08-29,0.04901925383543488,0.148
2004-08-30,0.04836068734751373,0.131
2004-08-31,0.04766609702017886,0.107
2004-09-01,0.047037196428544786,0.092
2004-09-02,0.04644466073226746,0.082
2004-09-03,0.04587125252532679,0.074
2004-09-04,0.045313664382613035,0.07
2004-09-05,0.04477009234333287,0.067
2004-09-06,0.0442378625222347,0.059
2004-09-07,0.043716670777774115,0.054
2004-09-08,0.04320514223921516,0.052
2004-09-09,0.05582120522050619,0.051
2004-09-10,0.05329037656940645,0.062
2004-09-11,0.0504944415079912,0.055
2004-09-12,0.10096094887298734,0.06
2004-09-13,0.046786401281837475,0.092
2004-09-14,0.04323889594831852,0.075
2004-09-15,0.0413843548142214,0.058
2004-09-16,0.07013098548768232,0.055
2004-09-17,0.05680144251855654,0.088
2004-09-18,0.04212550723168724,0.088
2004-09-19,0.04006807316919058,0.071
2004-09-20,0.03826093404373236,0.066
2004-09-21,0.03768096870451678,0.062
2004-09-22,0.03718834794312895,0.056
2004-09-23,0.0367246424583493,0.055
2004-09-24,0.03626276662668541,0.052
2004-09-25,0.03589542772316908,0.052
2004-09-26,0.035401027383299914,0.05
2004-09-27,0.0349821162941419,0.048
2004-09-28,0.0346190869602272,0.046
2004-09-29,0.039359552538267714,0.047
2004-09-30,0.03418282564652884,0.045
2004-10-01,0.04861240455987291,0.048
2004-10-02,0.03591004101406918,0.047
2004-10-03,0.10068258821020215,0.341
2004-10-04,0.10191595678487311,1.12
2004-10-05,0.07003970049724094,0.366
2004-10-06,0.0601420679078561,0.267
2004-10-07,0.036239319896556633,0.251
2004-10-08,0.034319897043465324,0.197
2004-10-09,0.031786538950767995,0.087
2004-10-10,0.031195974589330943,0.133
2004-10-11,0.030713848157620353,0.121
2004-10-12,0.030941209906602637,0.118
2004-10-13,0.09595841177451093,0.323
2004-10-14,0.04512430025016559,0.564
2004-10-15,0.0474219399605862,0.448
2004-10-16,0.03549813371845582,0.475
2004-10-17,0.03207457889995881,0.389
2004-10-18,0.029556338160992335,0.274
2004-10-19,0.09795414838855399,0.351
2004-10-20,0.08623821262698203,2.942
2004-10-21,0.04071254645776562,1.654
2004-10-22,0.0360413721281068,0.779
2004-10-23,0.10560537496453155,3.394
2004-10-24,0.06590796817371282,2.078
2004-10-25,0.03699513203707672,0.939
2004-10-26,0.033774289011550725,0.633
2004-10-27,0.061579690608095525,0.533
2004-10-28,0.09547338590987174,1.356
2004-10-29,0.10840658722915973,5.851
2004-10-30,0.04700676073844029,2.623
2004-10-31,0.04063626381172712,0.979
2004-11-01,0.03801595177088166,0.69
2004-11-02,0.03553990000313876,0.569
2004-11-03,0.046075098711445515,0.504
2004-11-04,0.03465172679128519,0.444
2004-11-05,0.03367907039104611,0.374
2004-11-06,0.044684503130325084,0.373
2004-11-07,0.03321454790814556,0.397
2004-11-08,0.031084329716729,0.369
2004-11-09,0.05041854151061327,0.381
2004-11-10,0.03131332562007002,0.426
2004-11-11,0.029292433288444882,0.364
2004-11-12,0.02823155966353845,0.321
2004-11-13,0.027449127062645236,0.288
2004-11-14,0.026810690943302403,0.273
2004-11-15,0.02628098111085393,0.27
2004-11-16,0.025836780094445275,0.26
2004-11-17,0.03004440323605132,0.257
2004-11-18,0.06652767132451891,0.363
2004-11-19,0.03280075753928553,0.481
2004-11-20,0.13220021992785183,1.827
2004-11-21,0.06509763984124008,2.378
2004-11-22,0.04242918097831879,0.993
2004-11-23,0.03837904164201481,0.67
2004-11-24,0.03556092868627495,0.548
2004-11-25,0.03532935578357046,0.48
2004-11-26,0.03222809726525863,0.42
2004-11-27,0.10084893119229683,0.42
2004-11-28,0.056742519600771375,0.844
2004-11-29,0.04522690988127354,0.615
2004-11-30,0.04023880470718863,0.426
2004-12-01,0.03703660587852031,0.426
2004-12-02,0.03465336096711747,0.367
2004-12-03,0.033012762545709326,0.323
2004-12-04,0.03162891611170033,0.311
2004-12-05,0.030172202361017954,0.305
2004-12-06,0.029090993400919096,0.299
2004-12-07,0.02837461262626141,0.287
2004-12-08,0.027682536497836585,0.278
2004-12-09,0.02717868539132685,0.272
2004-12-10,0.02677388112200044,0.26
2004-12-11,0.026465879048021106,0.248
2004-12-12,0.026214477842727787,0.245
2004-12-13,0.025982637380906063,0.236
2004-12-14,0.025781765216667103,0.237
2004-12-15,0.03324825344473521,0.236
2004-12-16,0.09669800680933284,0.256
2004-12-17,0.08802298788806696,2.049
2004-12-18,0.27938483499157396,6.266
2004-12-19,0.1829714067591221,8.791
2004-12-20,0.12264881398714601,1.321
2004-12-21,0.209358176559934,0.968
2004-12-22,0.11900975339818862,2.189
2004-12-23,0.09698467170647679,1.092
2004-12-24,0.1342187925916172,1.035
2004-12-25,0.0903361862186748,0.811
2004-12-26,0.07714134056006781,0.594
2004-12-27,0.27233484673808384,1.701
2004-12-28,0.13354092057114175,2.748
2004-12-29,0.10700508085653104,0.979
2004-12-30,0.13338136010607576,0.762
2004-12-31,0.0959863275512256,0.645
2005-01-01,0.11274904328069121,0.613
2005-01-02,0.08609132603822135,0.56
2005-01-03,0.07618462948143091,0.482
2005-01-04,0.08404236598053626,0.454
2005-01-05,0.09592150446362051,0.436
2005-01-06,0.07351721790595743,0.437
2005-01-07,0.14299067758915232,0.433
2005-01-08,0.08922716831164237,0.537
2005-01-09,0.1985478930368831,0.625
2005-01-10,0.16775440892904114,1.128
2005-01-11,0.2019689586240504,1.091
2005-01-12,0.13147852663909726,0.94
2005-01-13,0.11374064484177769,0.663
2005-01-14,0.1155075474719843,0.558
2005-01-15,0.10012591076141905,0.514
2005-01-16,0.08934258323578745,0.459
2005-01-17,0.15480504107366835,0.472
2005-01-18,0.10314079544989155,0.578
2005-01-19,0.09251540679243185,0.476
2005-01-20,0.08646289620849437,0.43
2005-01-21,0.08366780437461227,0.382
2005-01-22,0.21382822303912644,0.787
2005-01-23,0.11712553164723206,1.043
2005-01-24,0.10413877281905816,0.655
2005-01-25,0.09534386509797477,0.531
2005-01-26,0.08930618997035301,0.458
2005-01-27,0.1120535109805351,0.419
2005-01-28,0.09249540921124691,0.398
2005-01-29,0.08570072674695144,0.355
2005-01-30,0.08217892424283973,0.329
2005-01-31,0.07958142130878029,0.315
2005-02-01,0.07759984446761699,0.3
2005-02-02,0.07765487753622649,0.286
2005-02-03,0.07532402778859724,0.28
2005-02-04,0.07417939553836013,0.283
2005-02-05,0.11263185064021332,0.363
2005-02-06,0.07992626066318412,0.419
2005-02-07,0.07719154065450555,0.359
2005-02-08,0.07478505179602185,0.319
2005-02-09,0.07510351133624912,0.303
2005-02-10,0.09685717412755905,0.31
2005-02-11,0.10739974069417077,0.447
2005-02-12,0.12583886139255626,0.599
2005-02-13,0.09798340038272982,0.657
2005-02-14,0.0885544168400955,0.499
2005-02-15,0.08525374461273617,0.392
2005-02-16,0.08284746066897465,0.331
2005-02-17,0.0810038730212297,0.309
2005-02-18,0.07982667749850753,0.297
2005-02-19,0.07812361284529246,0.275
2005-02-20,0.07707448593603851,0.256
2005-02-21,0.07625446819703527,0.247
2005-02-22,0.07558084746864864,0.23
2005-02-23,0.0750537728916405,0.224
2005-02-24,0.07465809748468741,0.222
2005-02-25,0.0741176018744111,0.214
2005-02-26,0.07373941783370559,0.21
2005-02-27,0.07338200954584684,0.199
2005-02-28,0.07310068269380482,0.202
2005-03-01,0.10108123903441608,0.255
2005-03-02,0.07608943757316917,0.294
2005-03-03,0.07253346315838423,0.251
2005-03-04,0.08329516277684694,0.259
2005-03-05,0.08111562271939826,0.256
2005-03-06,0.07240925017993269,0.261
2005-03-07,0.07153803935593159,0.243
2005-03-08,0.07111302894280709,0.229
2005-03-09,0.07072243025711099,0.217
2005-03-10,0.07034068446395617,0.214
2005-03-11,0.06998952440087731,0.212
2005-03-12,0.06958315043520553,0.2
2005-03-13,0.06920188929208144,0.191
2005-03-14,0.06881818038450871,0.185
2005-03-15,0.06845482622237106,0.179
2005-03-16,0.0878317577361235,0.197
2005-03-17,0.06931895523223669,0.193
2005-03-18,0.06747258909095441,0.187
2005-03-19,0.06696944285741772,0.183
2005-03-20,0.066528707599011,0.179
2005-03-21,0.09920309212076206,0.184
2005-03-22,0.06969908011971618,0.237
2005-03-23,0.0990660067221498,0.252
2005-03-24,0.06912459758073652,0.452
2005-03-25,0.06604315618117164,0.296
2005-03-26,0.06435363187314287,0.251
2005-03-27,0.06378137962563318,0.215
2005-03-28,0.06326261325061233,0.195
2005-03-29,0.13155703635018523,4.664
2005-03-30,0.21340020447953284,5.686
2005-03-31,0.16805364824312072,1.666
2005-04-01,0.09592156415263527,0.877
2005-04-02,0.08648820242473931,0.594
2005-04-03,0.09202023975230837,0.438
2005-04-04,0.0869035961466044,0.369
2005-04-05,0.2056375379149072,0.325
2005-04-06,0.20927618927842442,0.677
2005-04-07,0.2273726569808145,0.868
2005-04-08,0.15367626170296633,0.647
2005-04-09,0.13321124001153253,0.45
2005-04-10,0.11773976516871372,0.353
2005-04-11,0.10698480770295378,0.308
2005-04-12,0.09905822776213706,0.287
2005-04-13,0.09263698593524215,0.272
2005-04-14,0.0884517702739335,0.254
2005-04-15,0.08251166238095656,0.233
2005-04-16,0.07867768955961633,0.22
2005-04-17,0.1483849160511899,0.393
2005-04-18,0.08958297511471432,1.317
2005-04-19,0.08014070054551546,0.518
2005-04-20,0.07409481165636116,0.364
2005-04-21,0.07094263693016116,0.308
2005-04-22,0.07204270492403446,0.275
2005-04-23,0.07767533782271238,0.262
2005-04-24,0.08830697924329045,0.25
2005-04-25,0.07347372772114166,0.257
2005-04-26,0.11803094372905362,0.359
2005-04-27,0.12326983088226537,0.6
2005-04-28,0.09063684472344322,0.46
2005-04-29,0.08263385335293842,0.323
2005-04-30,0.07940081538175148,0.276
2005-05-01,0.07594875170871004,0.244
2005-05-02,0.08623399384597297,0.217
2005-05-03,0.07457756711086944,0.235
2005-05-04,0.07037580083050796,0.22
2005-05-05,0.06894200302225119,0.203
2005-05-06,0.06784835128984269,0.19
2005-05-07,0.06692622936354962,0.177
2005-05-08,0.06614855762484216,0.169
2005-05-09,0.06547789802551887,0.162
2005-05-10,0.06488446059840532,0.156
2005-05-11,0.06436093128750647,0.153
2005-05-12,0.06388729709833411,0.15
2005-05-13,0.06345118375239749,0.146
2005-05-14,0.063043010126218,0.143
2005-05-15,0.06265574761544583,0.145
2005-05-16,0.06229585325739952,0.144
2005-05-17,0.06191927596935308,0.137
2005-05-18,0.061594102295699026,0.137
2005-05-19,0.07142437406962147,0.141
2005-05-20,0.08219084882486355,0.164
2005-05-21,0.09987826016636502,0.175
2005-05-22,0.0923120123514098,0.29
2005-05-23,0.06442375627598478,0.253
2005-05-24,0.06227330340061305,0.19
2005-05-25,0.05979141672079277,0.164
2005-05-26,0.05924630609731372,0.154
2005-05-27,0.058781247832567426,0.147
2005-05-28,0.05833324041261499,0.136
2005-05-29,0.057900416147418844,0.134
2005-05-30,0.057469068359738876,0.129
2005-05-31,0.057047068342760424,0.126
2005-06-01,0.05675844549208893,0.127
2005-06-02,0.05622164523740558,0.125
2005-06-03,0.09007744852884254,0.134
2005-06-04,0.058172674050735666,0.135
2005-06-05,0.0555629581532683,0.127
2005-06-06,0.05483953990976433,0.121
2005-06-07,0.05436494214550482,0.114
2005-06-08,0.05391226725459524,0.113
2005-06-09,0.05346745158613018,0.11
2005-06-10,0.053028174152972785,0.107
2005-06-11,0.05259358779130942,0.106
2005-06-12,0.0521613766952407,0.104
2005-06-13,0.05173206850231273,0.104
2005-06-14,0.06196107908774412,0.101
2005-06-15,0.05172942261085786,0.102
2005-06-16,0.050776784711481567,0.103
2005-06-17,0.050191049926226236,0.101
2005-06-18,0.04973355412589462,0.097
2005-06-19,0.04928924670857035,0.093
2005-06-20,0.048850722895479225,0.091
2005-06-21,0.048416713022774754,0.088
2005-06-22,0.04798647976977238,0.089
2005-06-23,0.04851796149654671,0.086
2005-06-24,0.11347428920301399,0.12
2005-06-25,0.05285524459497907,0.12
2005-06-26,0.04903038168913015,0.099
2005-06-27,0.046573836755563314,0.088
2005-06-28,0.04601851726443379,0.084
2005-06-29,0.054408585462491825,0.084
2005-06-30,0.04564173644769622,0.084
2005-07-01,0.04474408566343722,0.084
2005-07-02,0.04417780680237151,0.081
2005-07-03,0.0437721911769223,0.075
2005-07-04,0.07466745629664244,0.079
2005-07-05,0.0752226511971862,0.085
2005-07-06,0.04661278836660385,0.082
2005-07-07,0.04373617979648451,0.076
2005-07-08,0.04204886606958252,0.07
2005-07-09,0.04152794583090848,0.067
2005-07-10,0.04106486759513843,0.064
2005-07-11,0.04062081178476111,0.06
2005-07-12,0.04019152834196187,0.058
2005-07-13,0.03977473742495369,0.056
2005-07-14,0.039367792531157214,0.054
2005-07-15,0.03896977775906212,0.052
2005-07-16,0.03857926577913657,0.049
2005-07-17,0.03819525903132067,0.048
2005-07-18,0.037859271563533664,0.047
2005-07-19,0.037446564634988175,0.044
2005-07-20,0.03707579645738792,0.043
2005-07-21,0.03671123892097786,0.041
2005-07-22,0.03635061590251479,0.041
2005-07-23,0.05998994717012361,0.043
2005-07-24,0.1016208171799406,0.052
2005-07-25,0.041547040606716545,0.046
2005-07-26,0.03787539965771796,0.044
2005-07-27,0.05990083081361943,0.043
2005-07-28,0.037182927944474455,0.043
2005-07-29,0.03472411070378704,0.039
2005-07-30,0.034216583963305285,0.038
2005-07-31,0.034079131897703153,0.04
2005-08-01,0.0333330024035032,0.041
2005-08-02,0.03293463698781105,0.036
2005-08-03,0.03256723084137729,0.03
2005-08-04,0.03233145454510023,0.036
2005-08-05,0.03187877065804894,0.056
2005-08-06,0.03153835349982123,0.054
2005-08-07,0.03121244981037608,0.058
2005-08-08,0.03089384331799895,0.054
2005-08-09,0.030581316527614734,0.049
2005-08-10,0.030274192675833124,0.049
2005-08-11,0.029971947284162963,0.048
2005-08-12,0.029674162206832652,0.048
2005-08-13,0.07953117632495348,0.054
2005-08-14,0.03412034511672394,0.05
2005-08-15,0.0312879836406836,0.048
2005-08-16,0.0289183374009405,0.047
2005-08-17,0.028515084799730125,0.045
2005-08-18,0.02838328014134448,0.039
2005-08-19,0.02788885124422076,0.031
2005-08-20,0.027579196462254606,0.027
2005-08-21,0.030398417365989572,0.029
2005-08-22,0.0275080264988569,0.032
2005-08-23,0.026915370262614126,0.029
2005-08-24,0.033981318907463996,0.034
2005-08-25,0.02715113423688647,0.032
2005-08-26,0.02622064141532745,0.031
2005-08-27,0.025888431317765602,0.031
2005-08-28,0.02560053973269994,0.03
2005-08-29,0.025325841288517493,0.029
2005-08-30,0.025060534864592532,0.028
2005-08-31,0.046332442625438106,0.03
2005-09-01,0.025981415007698315,0.027
2005-09-02,0.02462731639552235,0.028
2005-09-03,0.02428419359947659,0.028
2005-09-04,0.024050831642462304,0.027
2005-09-05,0.023750655664796873,0.026
2005-09-06,0.023498638259151706,0.026
2005-09-07,0.02325732082461024,0.025
2005-09-08,0.023023700808479194,0.023
2005-09-09,0.022797557292738163,0.028
2005-09-10,0.022811200910112052,0.02
2005-09-11,0.02236976425213481,0.019
2005-09-12,0.02214624055722371,0.018
2005-09-13,0.021955552217559987,0.018
2005-09-14,0.02184861846947541,0.018
2005-09-15,0.04248846174669365,0.021
2005-09-16,0.022857768026462867,0.017
2005-09-17,0.0214332581969536,0.016
2005-09-18,0.021138512143744365,0.016
2005-09-19,0.02091119336430307,0.017
2005-09-20,0.020696555316523143,0.016
2005-09-21,0.02049031151192206,0.014
2005-09-22,0.02031606897385742,0.014
2005-09-23,0.020627224633588615,0.016
2005-09-24,0.01999078524825897,0.019
2005-09-25,0.019755582437510882,0.018
2005-09-26,0.03694388564945997,0.026
2005-09-27,0.021006314781031207,0.03
2005-09-28,0.0853965890503426,0.041
2005-09-29,0.025208461926423165,0.044
2005-09-30,0.027800017240275133,0.04
2005-10-01,0.0216337786637736,0.031
2005-10-02,0.02017765404980104,0.03
2005-10-03,0.018846225131138768,0.031
2005-10-04,0.018583206954712075,0.03
2005-10-05,0.018370471944519295,0.03
2005-10-06,0.01818354854653584,0.028
2005-10-07,0.01798819195828553,0.029
2005-10-08,0.030946375111736577,0.032
2005-10-09,0.01850284327946855,0.03
2005-10-10,0.0176623960439183,0.032
2005-10-11,0.04483354933825774,0.027
2005-10-12,0.057980153079130806,0.036
2005-10-13,0.02171790213363999,0.036
2005-10-14,0.0194926599573725,0.034
2005-10-15,0.017270045999401365,0.032
2005-10-16,0.017018094181184086,0.028
2005-10-17,0.016809798973778548,0.025
2005-10-18,0.08296318821685665,0.041
2005-10-19,0.0722826563139071,0.078
2005-10-20,0.05245693832719533,0.06
2005-10-21,0.02569266695415525,0.073
2005-10-22,0.019317216456061707,0.057
2005-10-23,0.08338132266089791,0.052
2005-10-24,0.08354009120297644,0.157
2005-10-25,0.023623804589084033,0.186
2005-10-26,0.01979191097911387,0.096
2005-10-27,0.017382911887285437,0.067
2005-10-28,0.016758445871664862,0.051
2005-10-29,0.04592016024937916,0.047
2005-10-30,0.06356198233893967,0.171
2005-10-31,0.04163791840644368,0.123
2005-11-01,0.06089182082982984,0.125
2005-11-02,0.08482765031459963,0.324
2005-11-03,0.024067749429057372,0.408
2005-11-04,0.019927590101233312,0.186
2005-11-05,0.08581721282126219,0.115
2005-11-06,0.11713331502387735,1.971
2005-11-07,0.0533525359372256,0.777
2005-11-08,0.12986433049413335,0.968
2005-11-09,0.04723448789600324,0.881
2005-11-10,0.03988145834920649,0.404
2005-11-11,0.06679173421026953,0.319
2005-11-12,0.04027475806273154,0.301
2005-11-13,0.03379039457843533,0.222
2005-11-14,0.030329136573451036,0.175
2005-11-15,0.02771203204290595,0.153
2005-11-16,0.025496610597260123,0.128
2005-11-17,0.023918248933249488,0.117
2005-11-18,0.022493597118329635,0.111
2005-11-19,0.021451804897424855,0.109
2005-11-20,0.020626798093001535,0.109
2005-11-21,0.01998679158621535,0.108
2005-11-22,0.019475571417943056,0.106
2005-11-23,0.019085014707440447,0.103
2005-11-24,0.02346216072313732,0.108
2005-11-25,0.0190349547114814,0.113
2005-11-26,0.018579849654736056,0.108
2005-11-27,0.018394651823132345,0.106
2005-11-28,0.03544857238635044,0.104
2005-11-29,0.020530896449409093,0.105
2005-11-30,0.036978178641300874,0.111
2005-12-01,0.1165628165513248,1.332
2005-12-02,0.21295992340540515,7.124
2005-12-03,0.18785759581449296,4.685
2005-12-04,0.15017934687586684,1.748
2005-12-05,0.07611882987528926,0.897
2005-12-06,0.06344716943611163,0.589
2005-12-07,0.2528840717967508,1.034
2005-12-08,0.12946341440398365,1.624
2005-12-09,0.09188049973483367,0.8
2005-12-10,0.07827580383985762,0.58
2005-12-11,0.06770338279531904,0.467
2005-12-12,0.0588827746513681,0.393
2005-12-13,0.05270222784442203,0.343
2005-12-14,0.047945480053279525,0.314
2005-12-15,0.044251360872687766,0.301
2005-12-16,0.04145025429972383,0.28
2005-12-17,0.03913750206230623,0.252
2005-12-18,0.04579164238600021,0.243
2005-12-19,0.039639693198131924,0.229
2005-12-20,0.03794746661963102,0.221
2005-12-21,0.03660465927422998,0.218
2005-12-22,0.03570444601302882,0.216
2005-12-23,0.03508270695985081,0.213
2005-12-24,0.03460172754980132,0.207
2005-12-25,0.03426077694474737,0.204
2005-12-26,0.034343816807293544,0.204
2005-12-27,0.034030162014090266,0.198
2005-12-28,0.03386937374031914,0.191
2005-12-29,0.11079121048915677,0.193
2005-12-30,0.2736122729042132,1.172
2005-12-31,0.19491853925970526,2.258
2006-01-01,0.11624988411542736,1.1
2006-01-02,0.10040042887083483,0.711
2006-01-03,0.09986242226518587,0.575
2006-01-04,0.0818018544728893,0.518
2006-01-05,0.07402253745379156,0.455
2006-01-06,0.06711500774318602,0.386
2006-01-07,0.0748850876226653,0.35
2006-01-08,0.13082712066269897,0.446
2006-01-09,0.08128927732157912,0.635
2006-01-10,0.13137632306004363,0.54
2006-01-11,0.08556475985468663,0.622
2006-01-12,0.07595426808820664,0.525
2006-01-13,0.10881580790489287,0.461
2006-01-14,0.13137750621408054,0.616
2006-01-15,0.08840239131660764,0.629
2006-01-16,0.13191814573524177,0.562
2006-01-17,0.09024376185441388,0.646
2006-01-18,0.08094324108663613,0.531
2006-01-19,0.08888800532197905,0.464
2006-01-20,0.07540311459006106,0.413
2006-01-21,0.07053751141076019,0.352
2006-01-22,0.06706561722979167,0.317
2006-01-23,0.06436217216284733,0.304
2006-01-24,0.06224184188931862,0.289
2006-01-25,0.06065257802773443,0.278
2006-01-26,0.05940745266313356,0.26
2006-01-27,0.05918442359613946,0.253
2006-01-28,0.05784850641951138,0.247
2006-01-29,0.05726919798932435,0.233
2006-01-30,0.0568828551731053,0.228
2006-01-31,0.05661047040788317,0.225
2006-02-01,0.05641856236769328,0.222
2006-02-02,0.05628570823541517,0.215
2006-02-03,0.056195392250171165,0.205
2006-02-04,0.05613471072110174,0.199
2006-02-05,0.05609309654919158,0.193
2006-02-06,0.05606300947235528,0.197
2006-02-07,0.0670398214891724,0.2
2006-02-08,0.05679630281897047,0.201
2006-02-09,0.056201319729428115,0.186
2006-02-10,0.056104146881333125,0.179
2006-02-11,0.10364518603888849,0.18
2006-02-12,0.062211901629578154,0.37
2006-02-13,0.06857134654373351,0.376
2006-02-14,0.1778914423760249,0.661
2006-02-15,0.1279824292601706,2.818
2006-02-16,0.18503518298286806,1.848
2006-02-17,0.11439625078020901,1.907
2006-02-18,0.10113948773108034,0.871
2006-02-19,0.14997025255984656,0.673
2006-02-20,0.10461127624643929,0.714
2006-02-21,0.09687612996172294,0.535
2006-02-22,0.08717493561685641,0.448
2006-02-23,0.1316685583632783,0.474
2006-02-24,0.09339903443998476,0.56
2006-02-25,0.0879715790241816,0.432
2006-02-26,0.08049373409332611,0.364
2006-02-27,0.07737106954565735,0.329
2006-02-28,0.07373461724409693,0.307
2006-03-01,0.07175080769898398,0.28
2006-03-02,0.06898458170274722,0.259
2006-03-03,0.06735301726224406,0.241
2006-03-04,0.0660937785782131,0.223
2006-03-05,0.06508345830237451,0.209
2006-03-06,0.08044841706042657,0.209
2006-03-07,0.12981657919934209,0.351
2006-03-08,0.19484075581339058,2.025
2006-03-09,0.1689635571452387,1.653
2006-03-10,0.11989470779981684,0.901
2006-03-11,0.13160118550152028,0.5
2006-03-12,0.10764227084026876,0.466
2006-03-13,0.09761071998280824,0.395
2006-03-14,0.09465507279821397,0.336
2006-03-15,0.08586403019897876,0.298
2006-03-16,0.08158155422422064,0.272
2006-03-17,0.07814444852879152,0.255
2006-03-18,0.07549038002952102,0.24
2006-03-19,0.07337730614356809,0.23
2006-03-20,0.07168696317266042,0.22
2006-03-21,0.07033017731327099,0.208
2006-03-22,0.06923577091574933,0.199
2006-03-23,0.07450925828590194,0.2
2006-03-24,0.079555903864125,0.207
2006-03-25,0.08731888587143459,0.22
2006-03-26,0.08572936857440501,0.244
2006-03-27,0.11148391304013257,0.384
2006-03-28,0.0804803268136977,0.505
2006-03-29,0.1795631358309762,0.547
2006-03-30,0.5355943748642084,21.15
2006-03-31,0.43254032532357106,14.65
2006-04-01,0.37181655814695236,2.977
2006-04-02,0.2570525113711063,1.344
2006-04-03,0.20980064320966382,0.876
2006-04-04,0.1814780620281902,0.615
2006-04-05,0.1609074610158265,0.412
2006-04-06,0.1447744218244472,0.405
2006-04-07,0.20580731439762923,0.358
2006-04-08,0.17791436478639733,0.356
2006-04-09,0.1487880932925088,0.331
2006-04-10,0.13269521037266077,0.295
2006-04-11,0.15998315330133459,0.297
2006-04-12,0.12747638481759985,0.289
2006-04-13,0.12109560528992465,0.279
2006-04-14,0.11250121378584989,0.266
2006-04-15,0.10753080696992727,0.257
2006-04-16,0.10384535724251742,0.244
2006-04-17,0.100994888619059,0.234
2006-04-18,0.09880370699192291,0.226
2006-04-19,0.09818239936375381,0.224
2006-04-20,0.09587493311427664,0.221
2006-04-21,0.09485992928834466,0.212
2006-04-22,0.09422527503504395,0.208
2006-04-23,0.09360208527886213,0.21
2006-04-24,0.0931637138439594,0.207
2006-04-25,0.09286015805053659,0.201
2006-04-26,0.09261890422668909,0.193
2006-04-27,0.09243696283938921,0.188
2006-04-28,0.09229055356095087,0.185
2006-04-29,0.09216563008362208,0.183
2006-04-30,0.12787770132562495,0.193
2006-05-01,0.0959983504286795,0.202
2006-05-02,0.09277393612809653,0.194
2006-05-03,0.09192812482334951,0.183
2006-05-04,0.09173560909061244,0.172
2006-05-05,0.09154331608173512,0.164
2006-05-06,0.09135294758675239,0.164
2006-05-07,0.14997825024259503,0.165
2006-05-08,0.09626469681648124,0.268
2006-05-09,0.09299259056931851,0.224
2006-05-10,0.12288984456709434,0.207
2006-05-11,0.09403891314807604,0.207
2006-05-12,0.09216199447346926,0.186
2006-05-13,0.08983166998955495,0.17
2006-05-14,0.08954463930965967,0.162
2006-05-15,0.08904385036851732,0.167
2006-05-16,0.08864576277844513,0.159
2006-05-17,0.11788807179233575,0.174
2006-05-18,0.10433176661071725,0.179
2006-05-19,0.13914402065770864,0.217
2006-05-20,0.09497618257133211,0.339
2006-05-21,0.15247784270721704,0.628
2006-05-22,0.1145951092887289,1.53
2006-05-23,0.11515766843960949,0.689
2006-05-24,0.14670957366449386,0.743
2006-05-25,0.09860909668018904,0.903
2006-05-26,0.09146726363926204,0.565
2006-05-27,0.10067892824382547,0.67
2006-05-28,0.08860795488964429,0.594
2006-05-29,0.0930116362378175,0.413
2006-05-30,0.08552366213620444,0.391
2006-05-31,0.08413039741517718,0.284
2006-06-01,0.08315455149957225,0.24
2006-06-02,0.08227548038186892,0.21
2006-06-03,0.08145991352726142,0.191
2006-06-04,0.08096184270918423,0.182
2006-06-05,0.07997281834066118,0.178
2006-06-06,0.07926592701819964,0.181
2006-06-07,0.0785892945975299,0.163
2006-06-08,0.07793022002525052,0.156
2006-06-09,0.07728428330247536,0.146
2006-06-10,0.07664819478760455,0.14
2006-06-11,0.08180475939579691,0.138
2006-06-12,0.07593495736003766,0.142
2006-06-13,0.07484535772830322,0.14
2006-06-14,0.07416165651448822,0.14
2006-06-15,0.07354423528886275,0.136
2006-06-16,0.07293020795931571,0.133
2006-06-17,0.0723170316362209,0.13
2006-06-18,0.0717043379063334,0.131
2006-06-19,0.07109194433920533,0.131
2006-06-20,0.07047975946134909,0.13
2006-06-21,0.06986776033976295,0.127
2006-06-22,0.0692559767881402,0.125
2006-06-23,0.06864447887953504,0.123
2006-06-24,0.06803336701862157,0.122
2006-06-25,0.06742276405623536,0.12
2006-06-26,0.10262972749206643,0.167
2006-06-27,0.06998458217191651,0.085
2006-06-28,0.06634240632813206,0.12
2006-06-29,0.06501323168918217,0.116
2006-06-30,0.0643834458972858,0.113
2006-07-01,0.06377824350288394,0.11
2006-07-02,0.06317546211257245,0.108
2006-07-03,0.06257447864404475,0.104
2006-07-04,0.06197541962017099,0.104
2006-07-05,0.125910927946123,0.17
2006-07-06,0.12912266598096223,1.833
2006-07-07,0.1284536831534957,0.481
2006-07-08,0.12817739212531698,0.223
2006-07-09,0.11875186238217579,0.169
2006-07-10,0.06361517614329953,0.147
2006-07-11,0.05946378032462477,0.127
2006-07-12,0.05732227650152818,0.121
2006-07-13,0.056695726378677994,0.118
2006-07-14,0.05612167944391572,0.109
2006-07-15,0.05555264180401651,0.103
2006-07-16,0.05498707773889009,0.1
2006-07-17,0.05442501770696578,0.096
2006-07-18,0.05386654485018528,0.094
2006-07-19,0.053311739903565594,0.091
2006-07-20,0.052760679133535514,0.089
2006-07-21,0.052213434373485725,0.088
2006-07-22,0.11620256522707484,0.281
2006-07-23,0.11912929366416622,0.158
2006-07-24,0.056126202972800784,0.121
2006-07-25,0.05219518995397773,0.106
2006-07-26,0.049621650225091865,0.093
2006-07-27,0.04901640787392703,0.089
2006-07-28,0.04849483005341802,0.085
2006-07-29,0.04798011497080326,0.084
2006-07-30,0.04746977511641548,0.084
2006-07-31,0.07709224635697637,0.088
2006-08-01,0.04993344277344782,0.084
2006-08-02,0.04644520212649991,0.079
2006-08-03,0.045488369588868705,0.077
2006-08-04,0.04498405973060985,0.075
2006-08-05,0.04449946649436734,0.076
2006-08-06,0.044019894938955646,0.072
2006-08-07,0.04354482469949509,0.07
2006-08-08,0.043074247243570306,0.069
2006-08-09,0.04260817200740718,0.067
2006-08-10,0.04214660708869554,0.067
2006-08-11,0.04168955849985418,0.066
2006-08-12,0.04123703021118167,0.065
2006-08-13,0.04078902422820474,0.064
2006-08-14,0.0403455406684935,0.062
2006-08-15,0.03990657783629671,0.062
2006-08-16,0.039481723707444495,0.062
2006-08-17,0.06403637389063836,0.077
2006-08-18,0.08717059819648557,0.112
2006-08-19,0.049688733432030986,0.081
2006-08-20,0.03838024739138649,0.072
2006-08-21,0.03739939150494047,0.064
2006-08-22,0.03696164485265975,0.059
2006-08-23,0.0623713329025466,0.063
2006-08-24,0.0389357489242746,0.064
2006-08-25,0.03587919805469885,0.057
2006-08-26,0.03537944721577434,0.056
2006-08-27,0.04818406731236302,0.053
2006-08-28,0.03530602281918619,0.056
2006-08-29,0.03426849368744507,0.052
2006-08-30,0.03386072466105115,0.055
2006-08-31,0.033490731881635774,0.048
2006-09-01,0.033126820999089306,0.046
2006-09-02,0.04532854183313304,0.048
2006-09-03,0.03382164647338743,0.045
2006-09-04,0.03211730273650173,0.042
2006-09-05,0.031716333293285395,0.041
2006-09-06,0.031371186555696456,0.04
2006-09-07,0.031032404199585674,0.037
2006-09-08,0.03069782212435143,0.037
2006-09-09,0.030367312335373826,0.037
2006-09-10,0.030040841055042105,0.036
2006-09-11,0.02971837870444956,0.035
2006-09-12,0.029399895502150778,0.035
2006-09-13,0.09180281416763686,0.036
2006-09-14,0.060669234434530324,0.049
2006-09-15,0.03203410437072448,0.046
2006-09-16,0.02936174952970002,0.041
2006-09-17,0.027904162756836513,0.04
2006-09-18,0.027572102752761413,0.038
2006-09-19,0.027279393175379908,0.034
2006-09-20,0.026991585149603453,0.034
2006-09-21,0.026707513926877667,0.031
2006-09-22,0.06409635051722992,0.035
2006-09-23,0.059047838293334286,0.033
2006-09-24,0.029497825808303,0.037
2006-09-25,0.0276348614902238,0.035
2006-09-26,0.02540459196439968,0.031
2006-09-27,0.039948605861487456,0.038
2006-09-28,0.04179286282284952,0.051
2006-09-29,0.08998256853964584,0.274
2006-09-30,0.09235747794527518,0.239
2006-10-01,0.09485035537830601,0.189
2006-10-02,0.04834183492155743,0.153
2006-10-03,0.027575269182313223,0.11
2006-10-04,0.02610358043505682,0.085
2006-10-05,0.04602349999830426,0.08
2006-10-06,0.03436950342069275,0.086
2006-10-07,0.025652894898336154,0.08
2006-10-08,0.02317761447733992,0.073
2006-10-09,0.02752744618692725,0.074
2006-10-10,0.02270131798460793,0.075
2006-10-11,0.02430424480090062,0.082
2006-10-12,0.02200264829396879,0.076
2006-10-13,0.02164306990398854,0.063
2006-10-14,0.021395546973540767,0.048
2006-10-15,0.021163982844426228,0.047
2006-10-16,0.02094176972796304,0.046
2006-10-17,0.020727316182850807,0.046
2006-10-18,0.0794606426708714,0.067
2006-10-19,0.08801192838666799,0.423
2006-10-20,0.06825775902624305,1.437
2006-10-21,0.024456796701235954,0.501
2006-10-22,0.043272913325068406,0.33
2006-10-23,0.04660575413329407,0.316
2006-10-24,0.023839464007236112,0.455
2006-10-25,0.032357885152723115,0.375
2006-10-26,0.02182654891968532,0.354
2006-10-27,0.02005313722826247,0.231
2006-10-28,0.019708011173321945,0.193
2006-10-29,0.01927372121408534,0.169
2006-10-30,0.018955295158794887,0.156
2006-10-31,0.01868053352727173,0.139
2006-11-01,0.018448979443416252,0.115
2006-11-02,0.018236859806546966,0.104
2006-11-03,0.018038577783781037,0.1
2006-11-04,0.017853087895942654,0.096
2006-11-05,0.017677277120929376,0.094
2006-11-06,0.017509642055324647,0.094
2006-11-07,0.017349216011288134,0.095
2006-11-08,0.017194729330589926,0.091
2006-11-09,0.017045314453359783,0.091
2006-11-10,0.0562366181786214,0.09
2006-11-11,0.020733347824277697,0.107
2006-11-12,0.018637432779299926,0.101
2006-11-13,0.016556928784579893,0.1
2006-11-14,0.02003454888305246,0.099
2006-11-15,0.040070230434207085,0.099
2006-11-16,0.07287543809986613,0.126
2006-11-17,0.07736638652902626,1.421
2006-11-18,0.024515720966431242,1.011
2006-11-19,0.0683980233948962,0.596
2006-11-20,0.036394545674324305,1.116
2006-11-21,0.02635624297919845,0.749
2006-11-22,0.11348485787240535,1.057
2006-11-23,0.07236016711313785,3.473
2006-11-24,0.2144450943024058,2.829
2006-11-25,0.20274440313857525,10.2
2006-11-26,0.1833846278012032,3.676
2006-11-27,0.17585246088625905,2.452
2006-11-28,0.10392816606348626,2.091
2006-11-29,0.08562852668996258,0.972
2006-11-30,0.15463292627931094,0.742
2006-12-01,0.12474656568919801,1.979
2006-12-02,0.22553004527813292,1.445
2006-12-03,0.17941213369721035,3.864
2006-12-04,0.22496938975075065,2.398
2006-12-05,0.1745913696039977,2.417
2006-12-06,0.3129737140975327,1.994
2006-12-07,0.25436630207013494,6.691
2006-12-08,0.16598570945949223,2.194
2006-12-09,0.13874121605565806,1.009
2006-12-10,0.2481905630733455,0.987
2006-12-11,0.20103173905926938,2.3
2006-12-12,0.1751270678920346,1.265
2006-12-13,0.13524286379334818,0.954
2006-12-14,0.11641776604107591,0.776
2006-12-15,0.2137510513838892,0.704
2006-12-16,0.13074379695483318,1.009
2006-12-17,0.16697124332642677,0.718
2006-12-18,0.17059118459118694,1.159
2006-12-19,0.12369731586194782,1.018
2006-12-20,0.10894482798212818,0.722
2006-12-21,0.09957217261954485,0.604
2006-12-22,0.09298099441550495,0.535
2006-12-23,0.08740830745065895,0.501
2006-12-24,0.08212204620304696,0.466
2006-12-25,0.0789179855169758,0.43
2006-12-26,0.07645145073448952,0.41
2006-12-27,0.07793430755592563,0.387
2006-12-28,0.10995797693722108,0.371
2006-12-29,0.30295364332801855,1.848
2006-12-30,0.45162639784635067,13.79
2006-12-31,0.5277989153671776,9.324
2007-01-01,0.41206547815367334,10.84
2007-01-02,0.2825413675459698,2.738
2007-01-03,0.42634495033607345,3.54
2007-01-04,0.28016697146154007,2.392
2007-01-05,0.26161022989047106,1.209
2007-01-06,0.4901481335640273,5.791
2007-01-07,0.4784918148923939,5.212
2007-01-08,0.36740888796337223,4.909
2007-01-09,0.8344037220947909,19.86
2007-01-10,0.5878387103649882,34.87
2007-01-11,0.5137675564552571,6.342
2007-01-12,0.39861535552041516,2.64
2007-01-13,0.34368457124480756,1.494
2007-01-14,0.29811200408212263,1.018
2007-01-15,0.32617905467626246,0.831
2007-01-16,0.3749273646350774,0.797
2007-01-17,0.6561357203975301,1.813
2007-01-18,0.5255107992449762,22.61
2007-01-19,0.4747620417319754,2.93
2007-01-20,0.45057845481640135,2.12
2007-01-21,0.4057329859953506,1.84
2007-01-22,0.33836740276989025,1.228
2007-01-23,0.30988939325657505,0.89
2007-01-24,0.2847624537942976,0.747
2007-01-25,0.2610472948908033,0.621
2007-01-26,0.24613737483222045,0.558
2007-01-27,0.23483835754894303,0.503
2007-01-28,0.2263793255520867,0.469
2007-01-29,0.22005907099826008,0.436
2007-01-30,0.21544982029386184,0.409
2007-01-31,0.21204937496391288,0.384
2007-02-01,0.20977968874081557,0.362
2007-02-02,0.2081366751882578,0.339
2007-02-03,0.20719535749957294,0.316
2007-02-04,0.2066627252002869,0.319
2007-02-05,0.20645959348774723,0.313
2007-02-06,0.20652405891300646,0.31
2007-02-07,0.2089808551328305,0.303
2007-02-08,0.24208543856581807,0.307
2007-02-09,0.35317706771038554,0.582
2007-02-10,0.4450194251213787,3.634
2007-02-11,0.38707414115970795,3.685
2007-02-12,0.34311200516185975,2.533
2007-02-13,0.3949797876541925,1.66
2007-02-14,0.320023106070281,1.436
2007-02-15,0.35718567340407076,0.9
2007-02-16,0.311558623503455,1.051
2007-02-17,0.28622667086032566,0.838
2007-02-18,0.2738462676574458,0.662
2007-02-19,0.3371502376383938,0.635
2007-02-20,0.3063265009689208,0.955
2007-02-21,0.3518925996796987,0.911
2007-02-22,0.4750767336559244,3.196
2007-02-23,0.5753824232181651,5.958
2007-02-24,0.4431927439541842,6.4
2007-02-25,0.3790824994179247,2.454
2007-02-26,0.46665763663788495,1.168
2007-02-27,0.5138185563864014,2.974
2007-02-28,0.4379636804935103,3.61
2007-03-01,0.37736192612064373,1.294
2007-03-02,0.5611621223106248,1.633
2007-03-03,0.40812613843676443,1.822
2007-03-04,0.7074232204186497,12.64
2007-03-05,0.8308092095979485,12.13
2007-03-06,0.71069810181723,21.19
2007-03-07,0.552311539115254,4.009
2007-03-08,0.4858701430542686,1.529
2007-03-09,0.4373799815374815,1.038
2007-03-10,0.40168990547578837,0.794
2007-03-11,0.37592688685418,0.652
2007-03-12,0.3556825244048445,0.541
2007-03-13,0.33981835199208704,0.462
2007-03-14,0.32722049107664675,0.422
2007-03-15,0.31980171070934044,0.404
2007-03-16,0.30968236164734775,0.379
2007-03-17,0.3106495144586598,0.364
2007-03-18,0.3292132782111455,0.363
2007-03-19,0.30877493077481377,0.344
2007-03-20,0.30037965901654257,0.325
2007-03-21,0.323014425048915,0.305
2007-03-22,0.3009710955354389,0.312
2007-03-23,0.296068263628131,0.308
2007-03-24,0.292967065374438,0.294
2007-03-25,0.29049499244333704,0.276
2007-03-26,0.28845383936042046,0.267
2007-03-27,0.28673227380422345,0.259
2007-03-28,0.2983177296151314,0.255
2007-03-29,0.30088051163230756,0.267
2007-03-30,0.2837390776457026,0.34
2007-03-31,0.28175942583958974,0.287
2007-04-01,0.28063685148785705,0.252
2007-04-02,0.27958634219778145,0.241
2007-04-03,0.27854643867392864,0.231
2007-04-04,0.2774998757244677,0.223
2007-04-05,0.2764351464254754,0.218
2007-04-06,0.27534373246853827,0.212
2007-04-07,0.2742194010314055,0.207
2007-04-08,0.27305772475792683,0.206
2007-04-09,0.27185570269148096,0.203
2007-04-10,0.2706114577489427,0.199
2007-04-11,0.2693239951859419,0.196
2007-04-12,0.2679930098306839,0.192
2007-04-13,0.2666187323202121,0.19
2007-04-14,0.2652018065271393,0.185
2007-04-15,0.2637431919275839,0.181
2007-04-16,0.26224408591117027,0.178
2007-04-17,0.2607058620340509,0.172
2007-04-18,0.2591300210159712,0.169
2007-04-19,0.257518151922449,0.166
2007-04-20,0.25587190148517197,0.162
2007-04-21,0.2541929499233382,0.159
2007-04-22,0.2524829919563529,0.156
2007-04-23,0.25075664466604297,0.158
2007-04-24,0.2489772101126463,0.158
2007-04-25,0.24718396671442247,0.154
2007-04-26,0.2453667543996104,0.147
2007-04-27,0.24352682076458412,0.144
2007-04-28,0.24166572010801465,0.141
2007-04-29,0.23978497777277855,0.139
2007-04-30,0.23788607825232833,0.135
2007-05-01,0.23597046364689678,0.143
2007-05-02,0.23403953293261523,0.131
2007-05-03,0.23209464165002539,0.133
2007-05-04,0.23013710191442197,0.131
2007-05-05,0.2281681826766596,0.127
2007-05-06,0.2678856656639625,0.13
2007-05-07,0.22830198092991658,0.146
2007-05-08,0.22425870181944776,0.13
2007-05-09,0.25179378906081246,0.141
2007-05-10,0.28439883421661327,0.213
2007-05-11,0.2522452488083245,0.255
2007-05-12,0.22791261534688526,0.206
2007-05-13,0.27737906794000555,1.098
2007-05-14,0.2748673284965914,0.563
2007-05-15,0.21378318844318603,0.365
2007-05-16,0.2086345991731978,0.283
2007-05-17,0.2060291068276975,0.261
2007-05-18,0.20228010920775727,0.202
2007-05-19,0.20003583654840393,0.168
2007-05-20,0.19800829354562147,0.149
2007-05-21,0.19599679163020584,0.139
2007-05-22,0.19399024677185134,0.13
2007-05-23,0.19198869161181636,0.125
2007-05-24,0.1899927018386629,0.122
2007-05-25,0.18800285393283014,0.121
2007-05-26,0.21359078644703727,0.122
2007-05-27,0.2500308852050496,3.165
2007-05-28,0.2503423261914806,3.165
2007-05-29,0.24073958215206534,0.762
2007-05-30,0.19919084494910164,0.669
2007-05-31,0.1834528125878054,0.679
2007-06-01,0.17813477626174695,0.383
2007-06-02,0.17572114977232678,0.256
2007-06-03,0.17175840576656864,0.209
2007-06-04,0.16950312447417223,0.181
2007-06-05,0.16744270291711486,0.159
2007-06-06,0.1654343535654987,0.138
2007-06-07,0.16346533223855003,0.136
2007-06-08,0.16153007281533666,0.127
2007-06-09,0.159624385699718,0.119
2007-06-10,0.15774497130725845,0.116
2007-06-11,0.15588922891750737,0.111
2007-06-12,0.15405511377619394,0.108
2007-06-13,0.16123281730922948,0.109
2007-06-14,0.17181928232629826,0.115
2007-06-15,0.1697439660115977,0.163
2007-06-16,0.14894189820854176,0.143
2007-06-17,0.14525019895931704,0.136
2007-06-18,0.143439751182092,0.128
2007-06-19,0.14172370892950337,0.118
2007-06-20,0.1400267200533107,0.107
2007-06-21,0.17087571525849496,0.108
2007-06-22,0.18074519861712757,0.187
2007-06-23,0.13925595932994986,0.152
2007-06-24,0.19810644410616765,0.435
2007-06-25,0.20097958649876171,3.961
2007-06-26,0.17840452895942124,0.723
2007-06-27,0.13362146341469758,0.387
2007-06-28,0.1349199743910378,0.266
2007-06-29,0.12825671750092577,0.218
2007-06-30,0.20076096462396106,0.394
2007-07-01,0.20678821732468505,1.217
2007-07-02,0.17018221584331603,2.596
2007-07-03,0.1519516578155223,1.421
2007-07-04,0.13143897491985088,0.842
2007-07-05,0.1272268557097719,0.494
2007-07-06,0.12175356366141102,0.304
2007-07-07,0.11907031498646793,0.296
2007-07-08,0.11674594720310073,0.233
2007-07-09,0.13049317759671766,0.199
2007-07-10,0.11379447618860661,0.185
2007-07-11,0.11118268003720082,0.163
2007-07-12,0.10935990117295902,0.155
2007-07-13,0.13533459523811672,0.159
2007-07-14,0.10966288930486019,0.155
2007-07-15,0.1054946744372571,0.153
2007-07-16,0.10374510249504935,0.142
2007-07-17,0.14427490805118467,0.141
2007-07-18,0.10460421111417295,0.144
2007-07-19,0.17350481286482872,0.181
2007-07-20,0.5817101499978797,81.64
2007-07-21,0.37417276255881204,21.61
2007-07-22,0.4044575731621666,1.653
2007-07-23,0.33223086348241704,1.063
2007-07-24,0.2900902738972911,0.697
2007-07-25,0.3784989104278009,0.508
2007-07-26,0.5805455467848669,7.427
2007-07-27,0.35379353406633784,2.642
2007-07-28,0.5468524235209523,1.098
2007-07-29,0.34230815982169055,1.79
2007-07-30,0.2906052654078739,0.652
2007-07-31,0.2536619316298628,0.452
2007-08-01,0.2275479980574125,0.348
2007-08-02,0.2105976732089069,0.318
2007-08-03,0.18731261425550008,0.286
2007-08-04,0.17329871239072223,0.271
2007-08-05,0.1624678063056626,0.255
2007-08-06,0.15393600175804734,0.232
2007-08-07,0.14721761299097763,0.223
2007-08-08,0.1419360148226112,0.211
2007-08-09,0.13779107903425883,0.205
2007-08-10,0.13454321203988623,0.2
2007-08-11,0.13200119919628245,0.202
2007-08-12,0.13001251369570344,0.204
2007-08-13,0.18671548903460064,0.198
2007-08-14,0.1559455849875479,0.255
2007-08-15,0.17558784437529365,2.042
2007-08-16,0.13014331759530062,0.905
2007-08-17,0.12710681822604716,0.418
2007-08-18,0.14440935228633645,0.478
2007-08-19,0.12585601028071167,0.52
2007-08-20,0.1238611906765963,0.349
2007-08-21,0.12340434574240616,0.281
2007-08-22,0.12304885262950123,0.222
2007-08-23,0.12271335835083493,0.223
2007-08-24,0.12238427544058054,0.206
2007-08-25,0.12205353019701512,0.194
2007-08-26,0.12171508146379317,0.189
2007-08-27,0.12136438463523716,0.189
2007-08-28,0.12099807731984626,0.219
2007-08-29,0.12061373407825171,0.198
2007-08-30,0.12020967076135662,0.187
2007-08-31,0.1197847882222663,0.179
2007-09-01,0.11933844750543547,0.173
2007-09-02,0.11951621006394901,0.181
2007-09-03,0.11839993419062712,0.153
2007-09-04,0.1178698154256018,0.178
2007-09-05,0.11733680062172436,0.14
2007-09-06,0.11678372092141118,0.158
2007-09-07,0.11621065510768404,0.15
2007-09-08,0.11561826605331059,0.15
2007-09-09,0.11500728142566359,0.157
2007-09-10,0.11437846276506317,0.132
2007-09-11,0.11373259244667129,0.137
2007-09-12,0.11307046376057558,0.139
2007-09-13,0.11239287314667032,0.134
2007-09-14,0.11170061413918964,0.135
2007-09-15,0.11099447267464002,0.132
2007-09-16,0.11027522348652155,0.133
2007-09-17,0.10954362736565422,0.129
2007-09-18,0.10880042910925641,0.127
2007-09-19,0.10804635601738417,0.128
2007-09-20,0.10728211682370832,0.127
2007-09-21,0.10650840097029707,0.126
2007-09-22,0.10572587815422485,0.124
2007-09-23,0.1590363536453563,0.141
2007-09-24,0.10891298773348088,0.133
2007-09-25,0.10611523363108041,0.129
2007-09-26,0.1026483312481325,0.118
2007-09-27,0.10170816402464808,0.117
2007-09-28,0.11663305096968433,0.106
2007-09-29,0.10106346147556126,0.122
2007-09-30,0.0993418020088231,0.117
2007-10-01,0.16292458858007486,0.358
2007-10-02,0.14888316276826047,0.223
2007-10-03,0.10133257633462095,0.167
2007-10-04,0.09791344488797374,0.131
2007-10-05,0.09508547252364481,0.131
2007-10-06,0.09417617528316148,0.128
2007-10-07,0.09332662467430547,0.123
2007-10-08,0.11917112582497297,0.121
2007-10-09,0.11029458075983552,0.164
2007-10-10,0.09312578326168579,0.146
2007-10-11,0.09002605894444744,0.136
2007-10-12,0.08909015662612407,0.129
2007-10-13,0.08824004736243224,0.124
2007-10-14,0.0873948786929625,0.123
2007-10-15,0.0910588150640177,0.119
2007-10-16,0.15047150603965811,4.159
2007-10-17,0.15288489872801259,5.024
2007-10-18,0.15222353576746814,0.743
2007-10-19,0.1297504056442065,0.482
2007-10-20,0.08673289520643017,0.341
2007-10-21,0.08360728959177711,0.28
2007-10-22,0.08077958043172108,0.253
2007-10-23,0.07989642898483053,0.244
2007-10-24,0.07907473875822513,0.211
2007-10-25,0.0782656727278709,0.195
2007-10-26,0.07745241776559175,0.184
2007-10-27,0.07669950328785366,0.176
2007-10-28,0.09479386784626934,0.178
2007-10-29,0.07697277697284655,0.175
2007-10-30,0.07460319797330318,0.165
2007-10-31,0.0736970489765676,0.16
2007-11-01,0.0728734735432987,0.155
2007-11-02,0.07205903902303887,0.154
2007-11-03,0.07126022065431646,0.157
2007-11-04,0.07047598975184662,0.155
2007-11-05,0.06970712773654342,0.15
2007-11-06,0.06892686994015686,0.146
2007-11-07,0.06816436626091409,0.145
2007-11-08,0.07857064864416247,0.147
2007-11-09,0.0672559617909268,0.142
2007-11-10,0.06595881421417342,0.142
2007-11-11,0.06798079501960234,0.14
2007-11-12,0.0678763331946217,0.137
2007-11-13,0.06393077326924522,0.141
2007-11-14,0.06305053586704726,0.141
2007-11-15,0.062336375478778704,0.135
2007-11-16,0.062007347366247426,0.138
2007-11-17,0.10979868743004871,0.138
2007-11-18,0.13252865470930372,0.882
2007-11-19,0.1352247654810543,1.901
2007-11-20,0.13432385547992304,2.746
2007-11-21,0.10633983048197838,2.666
2007-11-22,0.06825145948485246,1.82
2007-11-23,0.06439207030466684,0.739
2007-11-24,0.06094372219843109,0.551
2007-11-25,0.059464263615488816,0.451
2007-11-26,0.05943145371588434,0.387
2007-11-27,0.057542640032189396,0.375
2007-11-28,0.059764647226784026,0.419
2007-11-29,0.05573013920805093,0.389
2007-11-30,0.12761790128793926,2.285
2007-12-01,0.15202261750751972,8.479
2007-12-02,0.14640191685575138,3.425
2007-12-03,0.08130185620353161,1.216
2007-12-04,0.18929201251184485,0.807
2007-12-05,0.16361662739819957,2.66
2007-12-06,0.2862295614108353,10.2
2007-12-07,0.2377568994068179,7.561
2007-12-08,0.46145515390085723,8.61
2007-12-09,0.3359197783270916,8.326
2007-12-10,0.2271497358016109,2.17
2007-12-11,0.19119098513298616,1.022
2007-12-12,0.16378830747593534,0.754
2007-12-13,0.14363768725565465,0.618
2007-12-14,0.12758098434602946,0.552
2007-12-15,0.1149928821770611,0.558
2007-12-16,0.10494124965457312,0.342
2007-12-17,0.09713053002293943,0.374
2007-12-18,0.09085011757668697,0.345
2007-12-19,0.08597258954949503,0.328
2007-12-20,0.08227289164672563,0.315
2007-12-21,0.07925053024709668,0.309
2007-12-22,0.07773328745634443,0.298
2007-12-23,0.07537595507995679,0.295
2007-12-24,0.40055556621320254,1.567
2007-12-25,0.26613192915797157,9.392
2007-12-26,0.18011382560497824,1.466
2007-12-27,0.1516840754433919,0.942
2007-12-28,0.44262118830360003,3.107
2007-12-29,0.2452981948221999,2.991
2007-12-30,0.19937748135590466,1.026
2007-12-31,0.17600959996536425,0.787
2008-01-01,0.1554493916211468,0.635
2008-01-02,0.14113245396138113,0.548
2008-01-03,0.13058011933508343,0.469
2008-01-04,0.44789352381046016,1.742
2008-01-05,0.3210419777374669,3.785
2008-01-06,0.25896445698395754,1.239
2008-01-07,0.2858379392937901,1.406
2008-01-08,0.3330536684933672,1.305
2008-01-09,0.23756316560848897,1.233
2008-01-10,0.4600303119172401,1.641
2008-01-11,0.96265493869201,49.72
2008-01-12,0.642692520154827,17.2
2008-01-13,0.6392466037374489,4.122
2008-01-14,1.014612835620815,7.487
2008-01-15,1.0092863139146753,64.65
2008-01-16,0.7245939248801125,17.54
2008-01-17,0.6501667227358753,3.631
2008-01-18,0.8179771670069675,7.352
2008-01-19,0.8058225638813095,30.36
2008-01-20,0.7233468139549128,23.74
2008-01-21,0.5783933099648975,8.683
2008-01-22,0.47657774902880157,2.594
2008-01-23,0.4207581828854864,1.4
2008-01-24,0.3713788010927199,0.967
2008-01-25,0.33783783265398093,0.753
2008-01-26,0.3123332622155815,0.629
2008-01-27,0.2926187626905972,0.544
2008-01-28,0.2775491812259855,0.472
2008-01-29,0.30070240792324704,0.432
2008-01-30,0.2723573349178907,0.412
2008-01-31,0.3334811725585038,0.449
2008-02-01,0.28144829072250144,0.409
2008-02-02,0.2737636289039937,0.36
2008-02-03,0.4638804239392358,0.827
2008-02-04,0.45512284543840886,1.332
2008-02-05,0.4069089787048257,1.807
2008-02-06,0.3497854798793993,0.889
2008-02-07,0.32856978609175713,0.652
2008-02-08,0.31304676903585255,0.541
2008-02-09,0.3009258092138373,0.459
2008-02-10,0.29230289280006,0.406
2008-02-11,0.2856437983445595,0.308
2008-02-12,0.28059184617413674,0.341
2008-02-13,0.2768974560689487,0.323
2008-02-14,0.27412984870470775,0.31
2008-02-15,0.2721512270209147,0.297
2008-02-16,0.2707767634057568,0.284
2008-02-17,0.26981797144449543,0.28
2008-02-18,0.269157414234823,0.271
2008-02-19,0.2687802322898828,0.27
2008-02-20,0.26850487417407504,0.263
2008-02-21,0.2684970899174202,0.257
2008-02-22,0.2683021024596613,0.251
2008-02-23,0.2682204685729985,0.25
2008-02-24,0.26850261482380877,0.246
2008-02-25,0.3243244859818284,0.328
2008-02-26,0.2751272329064336,0.68
2008-02-27,0.2718551869377273,0.392
2008-02-28,0.2692439719994616,0.317
2008-02-29,0.27037694565230047,0.306
2008-03-01,0.2681347586588498,0.291
2008-03-02,0.2674661731691945,0.272
2008-03-03,0.2674335950415926,0.26
2008-03-04,0.26616626701743346,0.235
2008-03-05,0.2654116114088065,0.231
2008-03-06,0.2650799371779918,0.231
2008-03-07,0.2638426826642882,0.228
2008-03-08,0.2914518388701357,0.237
2008-03-09,0.30536402844806715,0.253
2008-03-10,0.35315235576527354,1.822
2008-03-11,0.33372334224612665,0.949
2008-03-12,0.2960588650492967,0.6
2008-03-13,0.29155529911578176,0.466
2008-03-14,0.27859132322692015,0.41
2008-03-15,0.6547974659673381,10.11
2008-03-16,0.5276380631213793,40.5
2008-03-17,0.46385865337295634,1.878
2008-03-18,0.4083335887559633,0.907
2008-03-19,0.3484762528466082,0.634
2008-03-20,0.4670787897678315,0.592
2008-03-21,0.38400309622897044,0.692
2008-03-22,0.35278188793963877,0.537
2008-03-23,0.3294725182516708,0.477
2008-03-24,0.31154023003853504,0.414
2008-03-25,0.2997067968577222,0.369
2008-03-26,0.2901404455076464,0.277
2008-03-27,0.35444029291558576,0.315
2008-03-28,0.43997225295048026,0.476
2008-03-29,0.5089679976122585,0.838
2008-03-30,0.3831478437419703,0.977
2008-03-31,0.35942085843238414,0.542
2008-04-01,0.33227560754684754,0.429
2008-04-02,0.3160403271456905,0.361
2008-04-03,0.3033815107471365,0.324
2008-04-04,0.2949526590119134,0.314
2008-04-05,0.28693521365875757,0.297
2008-04-06,0.27851285833038786,0.287
2008-04-07,0.2720633591410232,0.277
2008-04-08,0.2670234650961825,0.265
2008-04-09,0.26295205225291685,0.256
2008-04-10,0.2716514882478503,0.253
2008-04-11,0.26944152618698014,0.249
2008-04-12,0.25511354341270814,0.241
2008-04-13,0.2516041518074248,0.231
2008-04-14,0.2493896810094807,0.221
2008-04-15,0.2473376078297883,0.213
2008-04-16,0.2454462739277993,0.212
2008-04-17,0.24364796450197299,0.21
2008-04-18,0.24191608857852825,0.208
2008-04-19,0.24045970797574107,0.202
2008-04-20,0.2385833293703679,0.196
2008-04-21,0.23694139115523774,0.197
2008-04-22,0.23533540153967697,0.187
2008-04-23,0.23725836267658962,0.192
2008-04-24,0.23235749108286238,0.187
2008-04-25,0.23044815672761232,0.18
2008-04-26,0.22879435607804888,0.179
2008-04-27,0.22714086733621397,0.178
2008-04-28,0.22547524373027794,0.199
2008-04-29,0.28675266559107454,0.252
2008-04-30,0.24625501855815712,0.699
2008-05-01,0.22356633068166912,0.445
2008-05-02,0.22067940574713227,0.268
2008-05-03,0.21700510660025435,0.226
2008-05-04,0.24927169180547445,0.223
2008-05-05,0.21712893003054692,0.423
2008-05-06,0.21242550144241013,0.276
2008-05-07,0.20991735972505113,0.219
2008-05-08,0.2081049782416175,0.193
2008-05-09,0.2063073344266324,0.178
2008-05-10,0.20450288933629618,0.165
2008-05-11,0.2026917538433371,0.155
2008-05-12,0.20087478360240324,0.148
2008-05-13,0.19905285075208448,0.145
2008-05-14,0.1972268128860952,0.141
2008-05-15,0.2369626090415196,0.162
2008-05-16,0.19765951473180898,0.185
2008-05-17,0.19349007827920556,0.16
2008-05-18,0.18995366513010561,0.144
2008-05-19,0.18806546309112843,0.138
2008-05-20,0.18622986386153131,0.135
2008-05-21,0.18439724664257667,0.131
2008-05-22,0.1825666407531063,0.128
2008-05-23,0.18073863559102757,0.127
2008-05-24,0.24344634218377947,0.127
2008-05-25,0.1917354826973481,0.192
2008-05-26,0.22467768862630202,0.402
2008-05-27,0.2163564637969325,0.249
2008-05-28,0.2118510010460955,1.287
2008-05-29,0.175039982784665,0.668
2008-05-30,0.17085565965887392,0.359
2008-05-31,0.16693453724446417,0.249
2008-06-01,0.16499330723547992,0.213
2008-06-02,0.22765756222271497,0.228
2008-06-03,0.23878647874876635,6.125
2008-06-04,0.1794062154586698,3.18
2008-06-05,0.16364342308705548,0.49
2008-06-06,0.15894153751553397,0.324
2008-06-07,0.15634781710919013,0.248
2008-06-08,0.15421749679472413,0.217
2008-06-09,0.1521932585565479,0.195
2008-06-10,0.15024742842663555,0.131
2008-06-11,0.18112375884002563,0.165
2008-06-12,0.15017564844045078,0.174
2008-06-13,0.14517490522994952,0.165
2008-06-14,0.14302792608419226,0.153
2008-06-15,0.14130329321650018,0.144
2008-06-16,0.13962125371159118,0.139
2008-06-17,0.13796523615272982,0.134
2008-06-18,0.13633206022385827,0.136
2008-06-19,0.13471958850436527,0.13
2008-06-20,0.13315514872345188,0.128
2008-06-21,0.16787014878497636,0.149
2008-06-22,0.1327785698765831,0.167
2008-06-23,0.128577696481894,0.141
2008-06-24,0.12692683096405882,0.132
2008-06-25,0.12540772533568065,0.135
2008-06-26,0.1400206474611309,0.131
2008-06-27,0.12325724653781231,0.132
2008-06-28,0.12099766930512608,0.124
2008-06-29,0.1194991650877283,0.121
2008-06-30,0.11805372457521639,0.119
2008-07-01,0.11662393271537841,0.12
2008-07-02,0.14181082435917722,0.162
2008-07-03,0.11552333496785192,0.179
2008-07-04,0.11249997856594644,0.156
2008-07-05,0.15943268343189937,0.151
2008-07-06,0.17679713913321957,0.408
2008-07-07,0.1773266739346587,0.669
2008-07-08,0.15883739071680386,0.333
2008-07-09,0.18425334840971536,2.653
2008-07-10,0.18404538944272197,2.221
2008-07-11,0.1453486874881797,2.071
2008-07-12,0.11303330954168773,0.996
2008-07-13,0.10861678701750009,0.517
2008-07-14,0.10429784916365063,0.33
2008-07-15,0.10213106933381724,0.256
2008-07-16,0.10021908201385109,0.208
2008-07-17,0.09846699009693725,0.191
2008-07-18,0.09684349716635207,0.178
2008-07-19,0.09532501059484981,0.156
2008-07-20,0.09389270649342382,0.144
2008-07-21,0.09253152820647355,0.136
2008-07-22,0.09122943028720831,0.131
2008-07-23,0.08997677532633243,0.126
2008-07-24,0.0887658515120836,0.122
2008-07-25,0.08759048671451175,0.12
2008-07-26,0.08644573978562041,0.115
2008-07-27,0.08532765363109726,0.111
2008-07-28,0.14876554977036158,0.124
2008-07-29,0.09421836114591904,0.134
2008-07-30,0.08453684340558373,0.123
2008-07-31,0.08984681295553223,0.123
2008-08-01,0.127994880483527,0.152
2008-08-02,0.08335348252653807,0.176
2008-08-03,0.07832158513405495,0.158
2008-08-04,0.08398747804411053,0.141
2008-08-05,0.10848387372618971,0.325
2008-08-06,0.07873918501263094,0.353
2008-08-07,0.07623004035289441,0.198
2008-08-08,0.07333656696888494,0.154
2008-08-09,0.08479805804486934,0.159
2008-08-10,0.07245566957433479,0.162
2008-08-11,0.11066445038112273,0.173
2008-08-12,0.10921763584623262,1.001
2008-08-13,0.11047711658528796,1.646
2008-08-14,0.0729551293177046,0.973
2008-08-15,0.06985203668202496,0.369
2008-08-16,0.08877480485905995,0.274
2008-08-17,0.09034977231246738,0.294
2008-08-18,0.06919927619282507,0.543
2008-08-19,0.07660552820058761,1.185
2008-08-20,0.06688132230813522,0.684
2008-08-21,0.06485203666865012,0.375
2008-08-22,0.062378976171926274,0.336
2008-08-23,0.08758355279767568,0.303
2008-08-24,0.06377014961479284,0.294
2008-08-25,0.060805104216779614,0.236
2008-08-26,0.05886594963895504,0.202
2008-08-27,0.05803392705085228,0.211
2008-08-28,0.057258831675316944,0.25
2008-08-29,0.05650480628587208,0.205
2008-08-30,0.05576846561198799,0.18
2008-08-31,0.05524381097015258,0.176
2008-09-01,0.11888000314907222,0.372
2008-09-02,0.09854054296112955,1.14
2008-09-03,0.11569168722463781,0.754
2008-09-04,0.10585920467266295,1.941
2008-09-05,0.1308362158062258,8.314
2008-09-06,0.07507279216295057,6.433
2008-09-07,0.05928711118531779,1.27
2008-09-08,0.10090408107208222,0.759
2008-09-09,0.06690729827610192,2.891
2008-09-10,0.0626885428326313,1.1
2008-09-11,0.055645340123282025,0.766
2008-09-12,0.05613928137592538,0.557
2008-09-13,0.05098191975302579,0.469
2008-09-14,0.04959079155113191,0.374
2008-09-15,0.04851593571776258,0.319
2008-09-16,0.04756571291976786,0.29
2008-09-17,0.04670934509623142,0.266
2008-09-18,0.04592892927382976,0.25
2008-09-19,0.04521016557849818,0.234
2008-09-20,0.04454169135782342,0.224
2008-09-21,0.04391441960383299,0.219
2008-09-22,0.04332107948006983,0.213
2008-09-23,0.04275585254000852,0.207
2008-09-24,0.0422140819209869,0.201
2008-09-25,0.04169203972388394,0.197
2008-09-26,0.041186740930428026,0.193
2008-09-27,0.04069579454963825,0.199
2008-09-28,0.0402172845471543,0.192
2008-09-29,0.039749674600499336,0.191
2008-09-30,0.03943006805331576,0.193
2008-10-01,0.038846616370156774,0.187
2008-10-02,0.03840120586573719,0.183
2008-10-03,0.037966939402739784,0.176
2008-10-04,0.0834127603909983,0.183
2008-10-05,0.04641203176555523,0.214
2008-10-06,0.03960100345534603,0.207
2008-10-07,0.05076999151646168,0.232
2008-10-08,0.037670894774212677,0.206
2008-10-09,0.03556109517991958,0.195
2008-10-10,0.0351003721892747,0.186
2008-10-11,0.0347088563727246,0.181
2008-10-12,0.03432495375362223,0.176
2008-10-13,0.03394595900790407,0.174
2008-10-14,0.03367898308266354,0.171
2008-10-15,0.03320523154798384,0.172
2008-10-16,0.0328370160492701,0.17
2008-10-17,0.032476338556571144,0.167
2008-10-18,0.03212020871861694,0.16
2008-10-19,0.03176849010931623,0.156
2008-10-20,0.09249539646521625,0.207
2008-10-21,0.036233588445568655,0.277
2008-10-22,0.0328502374054644,0.205
2008-10-23,0.033144257422841765,0.184
2008-10-24,0.030211650181592203,0.173
2008-10-25,0.06033807021987269,0.169
2008-10-26,0.032922773064850704,0.202
2008-10-27,0.029941897024537426,0.213
2008-10-28,0.04720872455725182,0.192
2008-10-29,0.05920436765066052,0.208
2008-10-30,0.03168474571886719,0.28
2008-10-31,0.02941848371310249,0.231
2008-11-01,0.09246961280302529,1.505
2008-11-02,0.06066706290547869,2.701
2008-11-03,0.031033821323181214,0.708
2008-11-04,0.028910134514756998,0.48
2008-11-05,0.026818193735126134,0.358
2008-11-06,0.028608050390282858,0.321
2008-11-07,0.04586480840763673,0.296
2008-11-08,0.09354174639045794,0.819
2008-11-09,0.1049395546763704,5.124
2008-11-10,0.1107494881907436,13.68
2008-11-11,0.05979581494781703,8.18
2008-11-12,0.03654741053873318,1.283
2008-11-13,0.13406463843992875,3.999
2008-11-14,0.05713510362932473,1.744
2008-11-15,0.04797442416417954,0.912
2008-11-16,0.0436320769429725,0.675
2008-11-17,0.05056025422678875,0.598
2008-11-18,0.039584311811415224,0.565
2008-11-19,0.03608122945274449,0.494
2008-11-20,0.03478005552641518,0.433
2008-11-21,0.033673797190728036,0.374
2008-11-22,0.05241588798335873,0.333
2008-11-23,0.06047581053834173,0.415
2008-11-24,0.039004484136275934,0.383
2008-11-25,0.03485008613564865,0.324
2008-11-26,0.032789925480428195,0.302
2008-11-27,0.03544372040584279,0.303
2008-11-28,0.03154986407625604,0.294
2008-11-29,0.030116933146508783,0.282
2008-11-30,0.02979685677066321,0.265
2008-12-01,0.02807045634892053,0.254
2008-12-02,0.03508920739886126,0.252
2008-12-03,0.131950945697462,0.313
2008-12-04,0.07949341827823711,2.547
2008-12-05,0.05013600614439127,0.765
2008-12-06,0.04293982255866225,0.517
2008-12-07,0.03877678376651882,0.418
2008-12-08,0.11673598775666708,0.455
2008-12-09,0.06137265072176284,0.631
2008-12-10,0.0508357331181955,0.465
2008-12-11,0.06362525169291665,0.407
2008-12-12,0.4466355577498613,1.479
2008-12-13,0.304840711473908,40.76
2008-12-14,0.21878963194594606,2.748
2008-12-15,0.15223234342693678,1.051
2008-12-16,0.15230450921207303,0.777
2008-12-17,0.118440332793637,0.657
2008-12-18,0.12566320278704704,0.589
2008-12-19,0.0988169689444892,0.529
2008-12-20,0.08636597807450395,0.475
2008-12-21,0.07750474456888326,0.437
2008-12-22,0.11097180752685389,0.413
2008-12-23,0.08181868058534623,0.379
2008-12-24,0.07199895360725085,0.343
2008-12-25,0.06651014886611367,0.338
2008-12-26,0.062353662019440245,0.318
2008-12-27,0.05984146288963102,0.303
2008-12-28,0.05678266729191476,0.292
2008-12-29,0.05493746833540112,0.279
2008-12-30,0.05353790399504842,0.268
2008-12-31,0.05252206364015495,0.263
2009-01-01,0.05180429775059086,0.255
2009-01-02,0.05132037801531908,0.252
2009-01-03,0.05099029333776455,0.242
2009-01-04,0.05246350055029688,0.237
2009-01-05,0.05177772773547396,0.23
2009-01-06,0.05075598943986515,0.222
2009-01-07,0.051807514092620105,0.219
2009-01-08,0.050851658336762244,0.218
2009-01-09,0.05091470919098264,0.217
2009-01-10,0.051514503723917957,0.215
2009-01-11,0.1440316338599689,0.23
2009-01-12,0.18794452926959473,2.324
2009-01-13,0.11040179192300133,1.073
2009-01-14,0.0969022273366537,0.642
2009-01-15,0.11540736953986924,0.537
2009-01-16,0.20750273565336952,0.609
2009-01-17,0.31175192155507275,2.049
2009-01-18,0.30771958415317785,2.051
2009-01-19,0.19780822544181542,1.987
2009-01-20,0.16580328943235445,0.864
2009-01-21,0.4088939716644614,1.117
2009-01-22,0.45804060755795517,4.646
2009-01-23,0.26917059998183845,5.016
2009-01-24,0.3927005985820846,1.337
2009-01-25,0.27632276794133875,2.591
2009-01-26,0.22537841420912885,1.115
2009-01-27,0.34769960820009954,0.884
2009-01-28,0.23209676010395958,1.334
2009-01-29,0.20015210644726203,0.892
2009-01-30,0.1746267700498301,0.695
2009-01-31,0.1575430970296266,0.575
2009-02-01,0.14480681787995858,0.468
2009-02-02,0.15777880512820838,0.434
2009-02-03,0.19120775115469507,0.422
2009-02-04,0.22388914190253187,0.641
2009-02-05,0.44756638383642033,0.735
2009-02-06,0.3536519124121888,1.41
2009-02-07,0.266471909030074,1.043
2009-02-08,0.38853903157929026,1.072
2009-02-09,0.6637801927644509,19.55
2009-02-10,0.426458117891456,21.68
2009-02-11,0.3439494357136813,3.54
2009-02-12,0.29866209985825193,2.0
2009-02-13,0.2583781694833688,2.609
2009-02-14,0.2327316430643906,1.259
2009-02-15,0.21340869374192686,0.977
2009-02-16,0.1977511006937962,0.747
2009-02-17,0.18852688147082386,0.637
2009-02-18,0.18120114896603962,0.594
2009-02-19,0.17002433296374028,0.562
2009-02-20,0.16467867583148033,0.501
2009-02-21,0.16029502111564037,0.47
2009-02-22,0.15731016967705316,0.439
2009-02-23,0.15554278034900024,0.386
2009-02-24,0.1538544928556443,0.326
2009-02-25,0.1526721690543077,0.318
2009-02-26,0.15198434262340718,0.311
2009-02-27,0.15167610916525567,0.303
2009-02-28,0.15145218479816075,0.296
2009-03-01,0.15143094152967917,0.286
2009-03-02,0.15257741431103933,0.273
2009-03-03,0.29440774549854565,1.963
2009-03-04,0.22036089784094176,1.289
2009-03-05,0.18259153498782502,0.593
2009-03-06,0.17623952051315414,0.455
2009-03-07,0.2281083721395798,0.41
2009-03-08,0.29648769894087135,0.594
2009-03-09,0.2678688929400721,0.539
2009-03-10,0.22392525447391406,0.488
2009-03-11,0.20877633026294767,0.42
2009-03-12,0.19879838460916432,0.375
2009-03-13,0.19106896336460585,0.345
2009-03-14,0.18456901458477643,0.311
2009-03-15,0.17969554745198196,0.283
2009-03-16,0.17589537575804196,0.275
2009-03-17,0.1727328281208256,0.266
2009-03-18,0.1702427211145012,0.26
2009-03-19,0.168220409063442,0.252
2009-03-20,0.1665692813301576,0.244
2009-03-21,0.16520123074746504,0.235
2009-03-22,0.16404928583203296,0.232
2009-03-23,0.16306033293676767,0.241
2009-03-24,0.16219233177596076,0.232
2009-03-25,0.17194773077996892,0.23
2009-03-26,0.16130125462503228,0.23
2009-03-27,0.16004529323025832,0.223
2009-03-28,0.15936417375040046,0.211
2009-03-29,0.15872220721381416,0.201
2009-03-30,0.15808430407325305,0.198
2009-03-31,0.15744177497971457,0.198
2009-04-01,0.15678895909245155,0.194
2009-04-02,0.156121692422936,0.192
2009-04-03,0.15543695072236627,0.192
2009-04-04,0.1547326093115957,0.187
2009-04-05,0.15400725361352824,0.182
2009-04-06,0.1532600279668771,0.185
2009-04-07,0.17260450035596567,0.19
2009-04-08,0.1534236637734275,0.186
2009-04-09,0.15096057866806792,0.184
2009-04-10,0.15005235952068127,0.183
2009-04-11,0.14919188037318834,0.171
2009-04-12,0.1483140837247411,0.171
2009-04-13,0.1474166333182461,0.154
2009-04-14,0.17867220918974056,0.168
2009-04-15,0.14914815934538656,0.184
2009-04-16,0.18534662988159403,0.192
2009-04-17,0.14769253916958594,0.305
2009-04-18,0.14471230018772632,0.244
2009-04-19,0.1417278202929521,0.197
2009-04-20,0.14065358205059944,0.18
2009-04-21,0.13962677832999248,0.17
2009-04-22,0.1385899692769667,0.163
2009-04-23,0.1375421200727517,0.158
2009-04-24,0.13648399064563518,0.154
2009-04-25,0.13541638064916264,0.148
2009-04-26,0.16420564820578123,0.145
2009-04-27,0.14481528642413005,0.188
2009-04-28,0.13386523242584894,0.172
2009-04-29,0.13113020329662206,0.155
2009-04-30,0.13054844984153002,0.15
2009-05-01,0.1288712913482455,0.141
2009-05-02,0.1277407746126433,0.137
2009-05-03,0.12662293822768242,0.133
2009-05-04,0.12550230981098157,0.131
2009-05-05,0.12437898104066775,0.132
2009-05-06,0.1232534917204264,0.13
2009-05-07,0.12235608397661445,0.129
2009-05-08,0.12100503650351743,0.128
2009-05-09,0.11986950265373893,0.125
2009-05-10,0.11874030850971092,0.123
2009-05-11,0.1176116211107214,0.119
2009-05-12,0.11648369023922867,0.118
2009-05-13,0.11535693116607706,0.135
2009-05-14,0.1515902782207404,0.136
2009-05-15,0.11697335470777426,0.142
2009-05-16,0.12591902283922154,0.133
2009-05-17,0.14227051060329343,0.16
2009-05-18,0.11329346935678228,0.164
2009-05-19,0.11422660016443394,0.185
2009-05-20,0.10834415233403852,0.156
2009-05-21,0.10645929465395625,0.138
2009-05-22,0.1053313637602968,0.129
2009-05-23,0.10423487111407587,0.122
2009-05-24,0.10314420310786981,0.113
2009-05-25,0.102058607318156,0.122
2009-05-26,0.10097827672069876,0.112
2009-05-27,0.09990343307912511,0.113
2009-05-28,0.09883428893957999,0.108
2009-05-29,0.09777104624041578,0.104
2009-05-30,0.09671389656987073,0.102
2009-05-31,0.09566302149461632,0.099
2009-06-01,0.09461859288330812,0.096
2009-06-02,0.0935807732214979,0.094
2009-06-03,0.09254971591791401,0.094
2009-06-04,0.09152556560230309,0.093
2009-06-05,0.13667449407875312,0.097
2009-06-06,0.15649761522850736,0.114
2009-06-07,0.10398837009568904,0.179
2009-06-08,0.09017404978489685,0.126
2009-06-09,0.0884886734418897,0.112
2009-06-10,0.1349378924492309,0.179
2009-06-11,0.08907935521058154,0.14
2009-06-12,0.08567190778897156,0.115
2009-06-13,0.08270466082558751,0.103
2009-06-14,0.08169220423445608,0.095
2009-06-15,0.08074925536565414,0.092
2009-06-16,0.07981637447609886,0.089
2009-06-17,0.07889167272041185,0.09
2009-06-18,0.0779751319482152,0.088
2009-06-19,0.07706679322828974,0.084
2009-06-20,0.07616669499917428,0.082
2009-06-21,0.07527487097244397,0.081
2009-06-22,0.0743913502190287,0.079
2009-06-23,0.07351615733754208,0.077
2009-06-24,0.0726493126213641,0.076
2009-06-25,0.088329450501207,0.075
2009-06-26,0.08970838715634764,0.107
2009-06-27,0.07295173226492753,0.085
2009-06-28,0.07054555615919943,0.083
2009-06-29,0.06848035745438995,0.075
2009-06-30,0.0676254446347516,0.073
2009-07-01,0.06681606289353012,0.071
2009-07-02,0.06604503537958041,0.068
2009-07-03,0.0652256601616807,0.066
2009-07-04,0.06444173792697151,0.064
2009-07-05,0.06366695928669579,0.063
2009-07-06,0.06334948942558931,0.063
2009-07-07,0.07430685426157084,0.066
2009-07-08,0.06202507703204758,0.081
2009-07-09,0.060684357477164885,0.074
2009-07-10,0.05991916083946815,0.07
2009-07-11,0.10698348451474524,0.072
2009-07-12,0.06290755857290138,0.069
2009-07-13,0.059665680667003944,0.064
2009-07-14,0.057125276035009415,0.063
2009-07-15,0.05637402072251831,0.058
2009-07-16,0.09329664744283882,0.067
2009-07-17,0.05888857788083781,0.067
2009-07-18,0.06618178577217605,0.06
2009-07-19,0.09373870160099654,0.088
2009-07-20,0.1153550501908571,0.08
2009-07-21,0.07727781839620933,0.141
2009-07-22,0.05509173324944017,0.104
2009-07-23,0.0750662002905717,0.085
2009-07-24,0.05384245683699636,0.078
2009-07-25,0.05012845427208173,0.065
2009-07-26,0.08880603345264688,0.069
2009-07-27,0.05271085593413309,0.073
2009-07-28,0.04982675215831998,0.063
2009-07-29,0.1121166783799386,0.129
2009-07-30,0.09891858574255831,0.139
2009-07-31,0.051376167269760194,0.093
2009-08-01,0.053859765716563215,0.083
2009-08-02,0.047406261964484234,0.072
2009-08-03,0.04529902384620194,0.064
2009-08-04,0.11441169540642486,0.193
2009-08-05,0.11434159342506359,0.722
2009-08-06,0.11506552955360547,0.661
2009-08-07,0.050546034090892145,0.569
2009-08-08,0.04614608363136769,0.22
2009-08-09,0.043213435318206914,0.14
2009-08-10,0.04239663834621469,0.122
2009-08-11,0.04165690761497961,0.107
2009-08-12,0.041021724933706406,0.098
2009-08-13,0.04037798396779589,0.089
2009-08-14,0.0397959526965189,0.085
2009-08-15,0.039245137738218756,0.09
2009-08-16,0.03871932252757313,0.114
2009-08-17,0.038214515114918676,0.108
2009-08-18,0.03772756729327142,0.103
2009-08-19,0.037255954833601744,0.095
2009-08-20,0.03698129027102458,0.091
2009-08-21,0.05277781702261739,0.093
2009-08-22,0.037842914224926964,0.083
2009-08-23,0.03556496747701187,0.078
2009-08-24,0.035072643120123086,0.074
2009-08-25,0.03465866929842671,0.07
2009-08-26,0.03425494133513715,0.072
2009-08-27,0.0338580829434881,0.071
2009-08-28,0.03642162665977239,0.068
2009-08-29,0.033228649849107166,0.066
2009-08-30,0.03271189530239754,0.067
2009-08-31,0.0323317040977753,0.066
2009-09-01,0.04993844376200413,0.065
2009-09-02,0.07406268937384795,0.082
2009-09-03,0.03538482194374472,0.073
2009-09-04,0.0329468640897269,0.064
2009-09-05,0.03060827741605709,0.061
2009-09-06,0.03020298432846509,0.061
2009-09-07,0.02986289448652522,0.059
2009-09-08,0.029529394133020442,0.058
2009-09-09,0.029200523597505038,0.055
2009-09-10,0.028876154804132644,0.054
2009-09-11,0.028556225131271245,0.055
2009-09-12,0.02824067717466766,0.053
2009-09-13,0.027929456034307267,0.052
2009-09-14,0.027622508776971224,0.05
2009-09-15,0.02731978407212439,0.051
2009-09-16,0.02702123190564028,0.05
2009-09-17,0.026726803353122802,0.057
2009-09-18,0.02643645040068505,0.048
2009-09-19,0.026150125803589015,0.051
2009-09-20,0.02586778297507731,0.049
2009-09-21,0.02558937589926566,0.049
2009-09-22,0.02531485906319367,0.048
2009-09-23,0.025044187404115056,0.052
2009-09-24,0.02477731626889487,0.048
2009-09-25,0.024514201383010695,0.048
2009-09-26,0.02425479882715783,0.046
2009-09-27,0.023999065019861092,0.046
2009-09-28,0.023746956704817936,0.044
2009-09-29,0.02349843094195502,0.04
2009-09-30,0.023253445101386296,0.054
2009-10-01,0.023011956859625215,0.044
2009-10-02,0.022773924197535773,0.056
2009-10-03,0.022539305399611863,0.057
2009-10-04,0.022308059054258967,0.08
2009-10-05,0.04729698518720055,0.091
2009-10-06,0.03487091612491001,0.088
2009-10-07,0.06322696621831074,0.09
2009-10-08,0.025509830718397235,0.08
2009-10-09,0.023254060577086882,0.072
2009-10-10,0.021053610761522925,0.062
2009-10-11,0.02826725509911806,0.064
2009-10-12,0.020968229196139287,0.057
2009-10-13,0.020392926834695797,0.059
2009-10-14,0.02017332111030463,0.056
2009-10-15,0.01997545770343465,0.058
2009-10-16,0.019781505853093892,0.06
2009-10-17,0.019590471315030965,0.06
2009-10-18,0.019402265400904797,0.061
2009-10-19,0.01921684868903349,0.07
2009-10-20,0.06148959582280643,0.066
2009-10-21,0.022996448543517782,0.066
2009-10-22,0.042195785775334636,0.072
2009-10-23,0.039980466022711894,0.073
2009-10-24,0.025488273731421675,0.076
2009-10-25,0.020380738397030182,0.073
2009-10-26,0.03571376652928002,0.075
2009-10-27,0.019899731119358093,0.075
2009-10-28,0.01775081165030268,0.074
2009-10-29,0.017511898168006367,0.071
2009-10-30,0.05814567175911438,0.073
2009-10-31,0.05468579083266599,0.088
2009-11-01,0.04424806985494202,0.166
2009-11-02,0.0533722507616915,0.136
2009-11-03,0.0539070120156146,0.339
2009-11-04,0.03938690766021282,0.223
2009-11-05,0.020220968844152,0.184
2009-11-06,0.025967946683350958,0.154
2009-11-07,0.018277915606333326,0.143
2009-11-08,0.016647812485897896,0.129
2009-11-09,0.03819832602788618,0.127
2009-11-10,0.023429901665651776,0.167
2009-11-11,0.03735823349379142,0.194
2009-11-12,0.08355294117775183,0.484
2009-11-13,0.09247561768495742,1.579
2009-11-14,0.09077053057091126,2.129
2009-11-15,0.046587735301384166,0.934
2009-11-16,0.027865817528672177,0.695
2009-11-17,0.02264852194992958,0.521
2009-11-18,0.024642789252314685,0.411
2009-11-19,0.04365984275606584,0.352
2009-11-20,0.022726050205420012,0.405
2009-11-21,0.10542886782749025,1.871
2009-11-22,0.16938530855997785,1.572
2009-11-23,0.15245166045160474,5.351
2009-11-24,0.22507208007297613,3.2
2009-11-25,0.21481370122710908,5.41
2009-11-26,0.22299092851024546,3.634
2009-11-27,0.21840126592283599,3.469
2009-11-28,0.22650813947460716,3.709
2009-11-29,0.44287897077961513,16.48
2009-11-30,0.2760981033769016,23.65
2009-12-01,0.20880650211270096,3.509
2009-12-02,0.23315360468835652,2.346
2009-12-03,0.16333857012012556,1.788
2009-12-04,0.21878473514893818,1.215
2009-12-05,0.486720490142078,3.058
2009-12-06,0.3522502143173644,16.91
2009-12-07,0.37790741829379093,6.209
2009-12-08,0.34495494024895224,3.435
2009-12-09,0.2704846435551279,2.17
2009-12-10,0.21400175985191358,1.266
2009-12-11,0.1822020493984916,0.949
2009-12-12,0.1585037695826522,0.767
2009-12-13,0.14216460001699172,0.666
2009-12-14,0.18125241715142176,0.597
2009-12-15,0.17240621724645924,0.667
2009-12-16,0.17716815909905817,0.721
2009-12-17,0.1373980018370202,0.755
2009-12-18,0.12453022563849561,0.582
2009-12-19,0.11945942975704289,0.509
2009-12-20,0.1250153891467877,0.475
2009-12-21,0.13722191863246755,0.441
2009-12-22,0.1172450844336786,0.4
2009-12-23,0.22375945744904702,0.447
2009-12-24,0.169730854811999,0.616
2009-12-25,0.15947329050481232,0.884
2009-12-26,0.1818809245184086,1.076
2009-12-27,0.14358663364346208,0.901
2009-12-28,0.20901694195240111,0.646
2009-12-29,0.46722884713490415,4.522
2009-12-30,0.3873506445611934,6.724
2009-12-31,0.2579189423385411,2.253
2010-01-01,0.22478111170343432,1.036
2010-01-02,0.2009886862917416,0.727
2010-01-03,0.1829162360514186,0.593
2010-01-04,0.1697402001372158,0.495
2010-01-05,0.25339792123718724,0.446
2010-01-06,0.2353504876459942,0.4
2010-01-07,0.18719493186306446,0.361
2010-01-08,0.1722563649297443,0.331
2010-01-09,0.1631954344542447,0.321
2010-01-10,0.1946933961268082,0.325
2010-01-11,0.1647440296136295,0.328
2010-01-12,0.23735715771922572,0.354
2010-01-13,0.2893298198014659,0.365
2010-01-14,0.27516876011723695,0.407
2010-01-15,0.343542743895166,4.764
2010-01-16,0.30915878332145835,8.234
2010-01-17,0.2440436091123663,2.08
2010-01-18,0.22376114842416217,1.146
2010-01-19,0.3834391141045853,1.02
2010-01-20,0.33503855451872394,6.967
2010-01-21,0.5052552277099842,2.69
2010-01-22,0.5869312162984124,21.37
2010-01-23,0.37700492345505926,5.35
2010-01-24,0.32814403983195517,1.675
2010-01-25,0.2932594203548684,1.052
2010-01-26,0.2663572028005574,0.821
2010-01-27,0.24715803861677466,0.663
2010-01-28,0.3927183625797587,0.603
2010-01-29,0.280810026074757,1.356
2010-01-30,0.2525199519541149,0.81
2010-01-31,0.23483209240784647,0.585
2010-02-01,0.22634151412229053,0.506
2010-02-02,0.3058916759653437,0.564
2010-02-03,0.2732735753133622,1.004
2010-02-04,0.26393522703108574,0.866
2010-02-05,0.23670551284308802,0.741
2010-02-06,0.22425753989506805,0.61
2010-02-07,0.2174736907679354,0.55
2010-02-08,0.20998529294002247,0.504
2010-02-09,0.20553768252256843,0.449
2010-02-10,0.2011324491581994,0.397
2010-02-11,0.197743270522548,0.363
2010-02-12,0.19620127172881813,0.335
2010-02-13,0.194140694152022,0.315
2010-02-14,0.19214166049561116,0.315
2010-02-15,0.2305618877100748,0.314
2010-02-16,0.2525289161041307,0.385
2010-02-17,0.2496382110295653,0.713
2010-02-18,0.36661937705569325,1.62
2010-02-19,0.2655360821865486,1.367
2010-02-20,0.2510451739079339,0.719
2010-02-21,0.3077707514893182,0.637
2010-02-22,0.25663920559418424,1.184
2010-02-23,0.3042060314873991,0.992
2010-02-24,0.28449995654471083,1.023
2010-02-25,0.32732709388790865,1.116
2010-02-26,0.3752043482134004,1.221
2010-02-27,0.4730642449999805,4.016
2010-02-28,0.3347591158175794,6.868
2010-03-01,0.30274830274155107,1.454
2010-03-02,0.27969786654883266,0.9
2010-03-03,0.26366618331762787,0.701
2010-03-04,0.2510878096789085,0.56
2010-03-05,0.24095505776909532,0.482
2010-03-06,0.2330908765337757,0.412
2010-03-07,0.22645781018790082,0.377
2010-03-08,0.2212673572814379,0.339
2010-03-09,0.21708748463127273,0.316
2010-03-10,0.2136944338302828,0.301
2010-03-11,0.21107049153135732,0.289
2010-03-12,0.21088319375395106,0.277
2010-03-13,0.20681703468055423,0.269
2010-03-14,0.2050604060313999,0.257
2010-03-15,0.20362847799405842,0.252
2010-03-16,0.2023656737440066,0.244
2010-03-17,0.2012242584005294,0.243
2010-03-18,0.2027187582740556,0.243
2010-03-19,0.2550049203871583,0.281
2010-03-20,0.23286238200607365,0.368
2010-03-21,0.2120876934058146,0.395
2010-03-22,0.22784234348302457,0.335
2010-03-23,0.24308976456678028,0.37
2010-03-24,0.3227274068952228,0.779
2010-03-25,0.3029715357483113,1.759
2010-03-26,0.289699369343395,0.979
2010-03-27,0.2562716054029555,0.715
2010-03-28,0.2948247317961192,0.601
2010-03-29,0.280759889611953,0.821
2010-03-30,0.39661052414162645,2.137
2010-03-31,0.28698599279061937,1.817
2010-04-01,0.3428972823565291,0.938
2010-04-02,0.3559578427351955,1.111
2010-04-03,0.4701909353371382,5.673
2010-04-04,0.32983365629827716,2.693
2010-04-05,0.29817480970214444,1.096
2010-04-06,0.27932978115814694,0.747
2010-04-07,0.26164418370815073,0.586
2010-04-08,0.24684438497037883,0.481
2010-04-09,0.23632495422234637,0.411
2010-04-10,0.22790485305762093,0.371
2010-04-11,0.2210810572686388,0.332
2010-04-12,0.21551917313274557,0.307
2010-04-13,0.21095584617779367,0.287
2010-04-14,0.20718106439702763,0.275
2010-04-15,0.20402728615930876,0.257
2010-04-16,0.20136092167891534,0.247
2010-04-17,0.19907552830235006,0.236
2010-04-18,0.1970863676413324,0.235
2010-04-19,0.19532605167274697,0.226
2010-04-20,0.19374105997569047,0.219
2010-04-21,0.19228895386771322,0.213
2010-04-22,0.19093614805155004,0.213
2010-04-23,0.1896561282616669,0.204
2010-04-24,0.18842802570229533,0.199
2010-04-25,0.18723547691049594,0.198
2010-04-26,0.18606571195128155,0.192
2010-04-27,0.18490882527061905,0.188
2010-04-28,0.18375719266715307,0.188
2010-04-29,0.19204090877638055,0.198
2010-04-30,0.18192885204312417,0.192
2010-05-01,0.24484033418085113,0.252
2010-05-02,0.22388401828014884,0.475
2010-05-03,0.1821863532434204,0.281
2010-05-04,0.17878082098772713,0.223
2010-05-05,0.1755688474080043,0.218
2010-05-06,0.17427743545441884,0.208
2010-05-07,0.1730330284607309,0.196
2010-05-08,0.17177693486773932,0.189
2010-05-09,0.17050763699390425,0.184
2010-05-10,0.1692255823653522,0.176
2010-05-11,0.1679313701462106,0.168
2010-05-12,0.16662566613269958,0.164
2010-05-13,0.1653091810864239,0.161
2010-05-14,0.16398265525719716,0.158
2010-05-15,0.162646846252011,0.151
2010-05-16,0.17357698889699852,0.154
2010-05-17,0.16067630387968151,0.147
2010-05-18,0.15862696528980255,0.146
2010-05-19,0.15722787974838903,0.148
2010-05-20,0.15585534098815296,0.149
2010-05-21,0.15447965419500348,0.145
2010-05-22,0.1530999748847217,0.137
2010-05-23,0.15171690674430782,0.135
2010-05-24,0.1503311101644613,0.136
2010-05-25,0.14894322896778947,0.132
2010-05-26,0.17476645777778063,0.134
2010-05-27,0.14947634664652915,0.133
2010-05-28,0.14533076835950717,0.129
2010-05-29,0.1740558715446073,0.137
2010-05-30,0.14549424704002958,0.127
2010-05-31,0.14120863067144734,0.126
2010-06-01,0.1392395454929579,0.135
2010-06-02,0.13783619987988474,0.126
2010-06-03,0.13645439307299162,0.119
2010-06-04,0.13507646579596663,0.117
2010-06-05,0.13370220152604853,0.115
2010-06-06,0.1323319802854622,0.113
2010-06-07,0.18910660646911134,0.118
2010-06-08,0.15069831656395064,0.147
2010-06-09,0.1312276084326595,0.125
2010-06-10,0.12889136753146432,0.122
2010-06-11,0.12583886300046687,0.114
2010-06-12,0.12422465884268126,0.109
2010-06-13,0.13856023655431346,0.114
2010-06-14,0.12239909550934415,0.114
2010-06-15,0.12028573114682721,0.106
2010-06-16,0.11893168938456089,0.103
2010-06-17,0.11762566594549562,0.101
2010-06-18,0.11632951331061372,0.103
2010-06-19,0.11504136804017538,0.101
2010-06-20,0.11376132019553005,0.099
2010-06-21,0.11248955522221615,0.095
2010-06-22,0.11122625346982844,0.094
2010-06-23,0.10997158506980396,0.092
2010-06-24,0.10872570998512524,0.09
2010-06-25,0.10748877833234374,0.089
2010-06-26,0.1062609307097001,0.09
2010-06-27,0.10504229851703799,0.085
2010-06-28,0.10383300426691797,0.084
2010-06-29,0.10263316188708388,0.081
2010-06-30,0.10144287701447915,0.082
2010-07-01,0.10026224728101044,0.08
2010-07-02,0.09909136259125637,0.08
2010-07-03,0.09793030539231785,0.075
2010-07-04,0.096779150936003,0.077
2010-07-05,0.09563796753353834,0.072
2010-07-06,0.09450681680299385,0.073
2010-07-07,0.09338575390960699,0.07
2010-07-08,0.09227482779918618,0.067
2010-07-09,0.09117408142477222,0.07
2010-07-10,0.09008355196673064,0.062
2010-07-11,0.08900327104644558,0.067
2010-07-12,0.0879332649337815,0.064
2010-07-13,0.08730138025590996,0.068
2010-07-14,0.09291291599544474,0.067
2010-07-15,0.12361009615670189,0.071
2010-07-16,0.11328603526469302,0.071
2010-07-17,0.08617528885381333,0.063
2010-07-18,0.08374719294867411,0.066
2010-07-19,0.08079465366101098,0.063
2010-07-20,0.07974663518791844,0.062
2010-07-21,0.07876757657531776,0.06
2010-07-22,0.07784348834271755,0.074
2010-07-23,0.0768453524282988,0.06
2010-07-24,0.0758977566034821,0.058
2010-07-25,0.07496158312748775,0.057
2010-07-26,0.07403562926874452,0.054
2010-07-27,0.07311982696488857,0.052
2010-07-28,0.0722141395228029,0.05
2010-07-29,0.07131852863855312,0.05
2010-07-30,0.07043295352388393,0.048
2010-07-31,0.06955737099233249,0.048
2010-08-01,0.06869173557061449,0.047
2010-08-02,0.06783599960734543,0.043
2010-08-03,0.06699011337835296,0.045
2010-08-04,0.0762784365325899,0.048
2010-08-05,0.06584738753328191,0.041
2010-08-06,0.06453837181697374,0.042
2010-08-07,0.06370546440674345,0.042
2010-08-08,0.06290663399732171,0.038
2010-08-09,0.06992986370227523,0.038
2010-08-10,0.12627040492895047,0.061
2010-08-11,0.06593556193177731,0.051
2010-08-12,0.06193351562823688,0.041
2010-08-13,0.08483579638404783,0.041
2010-08-14,0.061552452911341274,0.046
2010-08-15,0.05779716599385354,0.042
2010-08-16,0.05687213558375535,0.039
2010-08-17,0.0561503001094501,0.039
2010-08-18,0.05544474991669633,0.037
2010-08-19,0.07120548890980569,0.039
2010-08-20,0.06085123307067325,0.039
2010-08-21,0.0636147593251302,0.039
2010-08-22,0.11775682570720399,0.07
2010-08-23,0.12126731555500987,0.157
2010-08-24,0.11494866947646246,0.087
2010-08-25,0.12592752828075454,0.364
2010-08-26,0.1229450656080512,0.533
2010-08-27,0.12090186702010673,0.173
2010-08-28,0.056970231515576425,0.107
2010-08-29,0.05249217631736013,0.082
2010-08-30,0.05111685981104256,0.06
2010-08-31,0.048538752043697425,0.057
2010-09-01,0.047670386886986604,0.054
2010-09-02,0.04690845747083237,0.052
2010-09-03,0.046194935738506256,0.05
2010-09-04,0.045520304635359,0.05
2010-09-05,0.044878057027451825,0.055
2010-09-06,0.08578030879801461,0.06
2010-09-07,0.047762166342566297,0.053
2010-09-08,0.04515168897558823,0.049
2010-09-09,0.04318414897555057,0.044
2010-09-10,0.04202245163615931,0.045
2010-09-11,0.04147642276027582,0.044
2010-09-12,0.04096035208016341,0.043
2010-09-13,0.04045544802134901,0.043
2010-09-14,0.03999221239941052,0.044
2010-09-15,0.03947498068269732,0.04
2010-09-16,0.03899616194243716,0.037
2010-09-17,0.038526095958653306,0.036
2010-09-18,0.038063499370508055,0.038
2010-09-19,0.037608007797059195,0.038
2010-09-20,0.037159338556876864,0.036
2010-09-21,0.03671725471925009,0.034
2010-09-22,0.06631444064873579,0.033
2010-09-23,0.04155295890835666,0.042
2010-09-24,0.03599214135499413,0.088
2010-09-25,0.035033065294733795,0.007
2010-09-26,0.03460040924166591,0.043
2010-09-27,0.03419356072563351,0.058
2010-09-28,0.045887281310223224,0.076
2010-09-29,0.053255534330963354,0.102
2010-09-30,0.0965687849519033,0.104
2010-10-01,0.10056930008040364,0.189
2010-10-02,0.10223723816062381,0.192
2010-10-03,0.0528875554598472,0.429
2010-10-04,0.03528025775586565,0.22
2010-10-05,0.05373889789195748,0.152
2010-10-06,0.03486658578041856,0.171
2010-10-07,0.03234893282850502,0.152
2010-10-08,0.03083077231369241,0.096
2010-10-09,0.030330937127682835,0.081
2010-10-10,0.029892359942677492,0.072
2010-10-11,0.029481209676635648,0.07
2010-10-12,0.0290914649604652,0.068
2010-10-13,0.028719613190666033,0.063
2010-10-14,0.028362892158086322,0.06
2010-10-15,0.028019085989957653,0.064
2010-10-16,0.02768641339766231,0.06
2010-10-17,0.027363440661076304,0.057
2010-10-18,0.027049012135698863,0.057
2010-10-19,0.030467832065590002,0.058
2010-10-20,0.026637765026171795,0.056
2010-10-21,0.0261589393334456,0.053
2010-10-22,0.048383109412643156,0.088
2010-10-23,0.027770004203474623,0.078
2010-10-24,0.025393472981214294,0.075
2010-10-25,0.025122032743495615,0.096
2010-10-26,0.057919811569855637,0.093
2010-10-27,0.028441877455195986,0.084
2010-10-28,0.025697480233429774,0.077
2010-10-29,0.024025492385933798,0.072
2010-10-30,0.023735968676910267,0.068
2010-10-31,0.023478878887401574,0.063
2010-11-01,0.02323402534781283,0.059
2010-11-02,0.023003692626689894,0.056
2010-11-03,0.023863840004723323,0.054
2010-11-04,0.022583235723839773,0.054
2010-11-05,0.08682617713199915,0.113
2010-11-06,0.05264157223886115,0.223
2010-11-07,0.09226355366274702,0.218
2010-11-08,0.0455864837510861,0.47
2010-11-09,0.026959697250356532,0.348
2010-11-10,0.05729985252028019,0.244
2010-11-11,0.05632850493207843,0.519
2010-11-12,0.04803004417491551,0.488
2010-11-13,0.02902027948330319,0.467
2010-11-14,0.02636800706563123,0.334
2010-11-15,0.02359403463142742,0.244
2010-11-16,0.03406203897978327,0.204
2010-11-17,0.05331797624287986,0.2
2010-11-18,0.026876276829383976,0.22
2010-11-19,0.044749822562755844,0.207
2010-11-20,0.026107656004437468,0.261
2010-11-21,0.022927528367075692,0.289
2010-11-22,0.022023437676483393,0.241
2010-11-23,0.02140819819758027,0.209
2010-11-24,0.020867339386982785,0.182
2010-11-25,0.0204351828111043,0.171
2010-11-26,0.020047661233286496,0.159
2010-11-27,0.019736654369558234,0.153
2010-11-28,0.019431172709632134,0.146
2010-11-29,0.01926764094116687,0.131
2010-11-30,0.019022052945440297,0.133
2010-12-01,0.01877732839573453,0.132
2010-12-02,0.018564123194497597,0.131
2010-12-03,0.033382170410610694,0.131
2010-12-04,0.03630960675927457,0.151
2010-12-05,0.019760363175401457,0.227
2010-12-06,0.018489683398237113,0.2
2010-12-07,0.018203650592484508,0.172
2010-12-08,0.018001129342379536,0.156
2010-12-09,0.017821269599859836,0.145
2010-12-10,0.01762669739139284,0.143
2010-12-11,0.01746478926348934,0.146
2010-12-12,0.01731288839963081,0.146
2010-12-13,0.017176970037359594,0.148
2010-12-14,0.017072826995273665,0.145
2010-12-15,0.016916360480403743,0.148
2010-12-16,0.03424383199718021,0.178
2010-12-17,0.0355346392763896,0.188
2010-12-18,0.025897127321583616,0.174
2010-12-19,0.017712026541754862,0.156
2010-12-20,0.019558893173464483,0.144
2010-12-21,0.01714209474965431,0.146
2010-12-22,0.016770216081191284,0.143
2010-12-23,0.016529223343577062,0.14
2010-12-24,0.016333444350818967,0.135
2010-12-25,0.01616253293566731,0.128
2010-12-26,0.01603200937978243,0.126
2010-12-27,0.060624631692724286,0.188
2010-12-28,0.03638070433692515,1.062
2010-12-29,0.024872454695859452,1.018
2010-12-30,0.020719055031308622,0.674
2010-12-31,0.01787721235881088,0.476
2011-01-01,0.026149497212322875,0.372
2011-01-02,0.018365362027049418,0.326
2011-01-03,0.0175027560764767,0.294
2011-01-04,0.017374733139493153,0.278
2011-01-05,0.0261945697753968,0.275
2011-01-06,0.10335998190228692,0.272
2011-01-07,0.09438159077145679,2.116
2011-01-08,0.041355097276976664,1.229
2011-01-09,0.03490423038782478,0.623
2011-01-10,0.17013396189741833,1.311
2011-01-11,0.16149163828161103,2.181
2011-01-12,0.2716743443137123,6.828
2011-01-13,0.25261210529905626,18.41
2011-01-14,0.1631664123188341,4.846
2011-01-15,0.11750833674602489,1.709
2011-01-16,0.251442081462694,1.48
2011-01-17,0.21324680164558876,4.032
2011-01-18,0.1343745434465763,2.192
2011-01-19,0.11190522980169229,1.035
2011-01-20,0.09450285744815695,0.755
2011-01-21,0.08164148778108354,0.59
2011-01-22,0.07219303372855115,0.502
2011-01-23,0.06410658065465834,0.488
2011-01-24,0.05821676419302744,0.449
2011-01-25,0.07707563024559089,0.43
2011-01-26,0.05918294934959294,0.421
2011-01-27,0.05329112971453515,0.38
2011-01-28,0.05000613184918663,0.338
2011-01-29,0.047638458372596434,0.317
2011-01-30,0.045877185784162125,0.296
2011-01-31,0.044831836856730346,0.282
2011-02-01,0.04420381325234691,0.274
2011-02-02,0.06579231205795434,0.279
2011-02-03,0.05096381134783275,0.28
2011-02-04,0.05508673535874852,0.279
2011-02-05,0.052381209189175174,0.28
2011-02-06,0.04798372643294135,0.282
2011-02-07,0.04795956033407939,0.273
2011-02-08,0.04662977209862276,0.257
2011-02-09,0.04758461589431877,0.253
2011-02-10,0.09865098746832647,0.323
2011-02-11,0.06807620389868567,0.439
2011-02-12,0.07724731269922942,0.431
2011-02-13,0.21267743816471438,2.831
2011-02-14,0.11928439379944852,1.8
2011-02-15,0.1528270487030512,1.073
2011-02-16,0.10430435385221007,0.927
2011-02-17,0.09207082441585165,0.622
2011-02-18,0.23929206838416484,0.622
2011-02-19,0.12810223152358707,2.905
2011-02-20,0.14150843839757934,1.12
2011-02-21,0.13382252998056215,1.072
2011-02-22,0.15400472691075262,0.996
2011-02-23,0.11771956716132025,1.13
2011-02-24,0.09961611357296196,0.843
2011-02-25,0.28149772497747266,1.475
2011-02-26,0.15293215781221034,3.831
2011-02-27,0.1764141575431728,1.366
2011-02-28,0.13234613085550265,0.97
2011-03-01,0.11596019384603086,0.707
2011-03-02,0.1054232933734303,0.575
2011-03-03,0.09742366430049965,0.489
2011-03-04,0.09124860803063589,0.436
2011-03-05,0.08805358304688453,0.389
2011-03-06,0.08380455987808855,0.356
2011-03-07,0.07975487972689878,0.331
2011-03-08,0.08007013687549398,0.319
2011-03-09,0.0792834412949699,0.305
2011-03-10,0.0755216499275056,0.298
2011-03-11,0.0736056145068359,0.284
2011-03-12,0.08152979995735556,0.285
2011-03-13,0.07580638766480341,0.266
2011-03-14,0.07458536546735896,0.253
2011-03-15,0.07489440979067787,0.246
2011-03-16,0.07340103933783967,0.245
2011-03-17,0.07339702619344322,0.237
2011-03-18,0.08017458355447404,0.244
2011-03-19,0.0733581421016796,0.234
2011-03-20,0.07276137962077825,0.229
2011-03-21,0.0725413083736153,0.223
2011-03-22,0.07238203835239793,0.22
2011-03-23,0.07225373871506785,0.215
2011-03-24,0.07214449427765618,0.215
2011-03-25,0.07204560410280975,0.215
2011-03-26,0.07195033806775071,0.219
2011-03-27,0.0718535047944094,0.219
2011-03-28,0.07175113639887651,0.206
2011-03-29,0.0716402380806245,0.201
2011-03-30,0.09142344002216723,0.196
2011-03-31,0.07315580876800022,0.199
2011-04-01,0.07131418022619972,0.193
2011-04-02,0.07107898139001473,0.188
2011-04-03,0.0754078496060711,0.18
2011-04-04,0.07092706139563529,0.174
2011-04-05,0.07051276273619059,0.172
2011-04-06,0.0702813067959168,0.165
2011-04-07,0.07004534833901743,0.163
2011-04-08,0.06979571195366124,0.16
2011-04-09,0.06953228490845306,0.158
2011-04-10,0.06925546979194727,0.168
2011-04-11,0.06896572720192336,0.136
2011-04-12,0.06866354173654582,0.143
2011-04-13,0.0683494124809401,0.144
2011-04-14,0.06802384644231672,0.143
2011-04-15,0.0676873534489913,0.145
2011-04-16,0.06734044216981018,0.135
2011-04-17,0.06698361702479964,0.133
2011-04-18,0.0666173758062204,0.127
2011-04-19,0.06624220786556581,0.129
2011-04-20,0.06585859275100049,0.126
2011-04-21,0.06546699920289238,0.126
2011-04-22,0.0650678844336173,0.121
2011-04-23,0.06466169363263174,0.12
2011-04-24,0.06424885964966433,0.117
2011-04-25,0.06382980281835669,0.114
2011-04-26,0.0634049308902692,0.11
2011-04-27,0.06297463905523246,0.108
2011-04-28,0.06253931002887714,0.108
2011-04-29,0.0620993141920552,0.108
2011-04-30,0.06165500976996806,0.102
2011-05-01,0.0612067430412987,0.099
2011-05-02,0.06075484856962948,0.097
2011-05-03,0.06029964945101197,0.096
2011-05-04,0.0598414575728249,0.093
2011-05-05,0.059380573880068205,0.093
2011-05-06,0.08596255348784192,0.095
2011-05-07,0.12441038131094935,0.133
2011-05-08,0.07524293294279606,0.123
2011-05-09,0.06028528587417374,0.099
2011-05-10,0.05902658072375329,0.096
2011-05-11,0.05663483062677731,0.093
2011-05-12,0.056104000779229626,0.091
2011-05-13,0.05562937594301002,0.083
2011-05-14,0.05515607946346952,0.083
2011-05-15,0.054682613883447334,0.082
2011-05-16,0.05420912353133419,0.077
2011-05-17,0.05373579703100899,0.076
2011-05-18,0.05326281711935416,0.076
2011-05-19,0.05279035922406767,0.072
2011-05-20,0.05231859162663851,0.069
2011-05-21,0.05184767567452109,0.069
2011-05-22,0.05137776598991335,0.064
2011-05-23,0.050909010673273004,0.065
2011-05-24,0.050441551501577024,0.06
2011-05-25,0.05012027977919502,0.059
2011-05-26,0.04951540090672628,0.063
2011-05-27,0.04904840807329298,0.059
2011-05-28,0.04858730506218525,0.061
2011-05-29,0.04812824139199991,0.058
2011-05-30,0.05285848768129167,0.064
2011-05-31,0.04748865859768296,0.058
2011-06-01,0.046778138366581304,0.052
2011-06-02,0.04631403002736618,0.052
2011-06-03,0.04586533135285607,0.048
2011-06-04,0.07695846799575182,0.048
2011-06-05,0.048525017291666105,0.059
2011-06-06,0.046560081226646996,0.054
2011-06-07,0.044172449629435916,0.051
2011-06-08,0.04366668911167533,0.047
2011-06-09,0.04323254163768742,0.044
2011-06-10,0.06159095098902299,0.046
2011-06-11,0.054863670922097256,0.044
2011-06-12,0.1071192032672321,0.103
2011-06-13,0.05104968967653069,0.075
2011-06-14,0.04346574019689981,0.062
2011-06-15,0.04166905015724233,0.05
2011-06-16,0.040322958286064935,0.043
2011-06-17,0.05097975037998091,0.045
2011-06-18,0.05076915072041317,0.057
2011-06-19,0.03971887202748266,0.049
2011-06-20,0.04971031837351875,0.043
2011-06-21,0.038864499322393255,0.043
2011-06-22,0.03793008758753829,0.043
2011-06-23,0.03762470721356123,0.038
2011-06-24,0.04967948043643034,0.036
2011-06-25,0.03740909379194003,0.037
2011-06-26,0.036406718782727,0.032
2011-06-27,0.03599992397826665,0.035
2011-06-28,0.03562820939679464,0.043
2011-06-29,0.035261689930658154,0.043
2011-06-30,0.034898765088764126,0.041
2011-07-01,0.034539354335015655,0.04
2011-07-02,0.034183457755027256,0.04
2011-07-03,0.03383107830059038,0.038
2011-07-04,0.03348221763196405,0.036
2011-07-05,0.03313687594877051,0.039
2011-07-06,0.03921210654299231,0.037
2011-07-07,0.043598339240291974,0.037
2011-07-08,0.09162763075570055,0.092
2011-07-09,0.03685952511971948,0.062
2011-07-10,0.033569005399227365,0.043
2011-07-11,0.031205949864805477,0.037
2011-07-12,0.030819997441473446,0.037
2011-07-13,0.030500488012987475,0.034
2011-07-14,0.03018653383225765,0.036
2011-07-15,0.044829352369653956,0.039
2011-07-16,0.07845505756739493,0.059
2011-07-17,0.03691140573575179,0.065
2011-07-18,0.031211797120682738,0.053
2011-07-19,0.029427436536100332,0.043
2011-07-20,0.028398464428562968,0.039
2011-07-21,0.028322945870178362,0.037
2011-07-22,0.027805753443368858,0.035
2011-07-23,0.027515506231715465,0.035
2011-07-24,0.027235279336357606,0.035
2011-07-25,0.026958545433497922,0.031
2011-07-26,0.026685089561960657,0.032
2011-07-27,0.026414885671151876,0.029
2011-07-28,0.02614791289534425,0.029
2011-07-29,0.02588415006641997,0.031
2011-07-30,0.025623575575461327,0.031
2011-07-31,0.02536616739407664,0.03
2011-08-01,0.02511190309967922,0.031
2011-08-02,0.024860759900062118,0.029
2011-08-03,0.03843917135852125,0.029
2011-08-04,0.025076436986300726,0.032
2011-08-05,0.024163079323009096,0.029
2011-08-06,0.023888918701528757,0.029
2011-08-07,0.049764273931938705,0.034
2011-08-08,0.026670961175931634,0.03
2011-08-09,0.02414410849472583,0.026
2011-08-10,0.022991566055712905,0.026
2011-08-11,0.022738014267455777,0.027
2011-08-12,0.022574042206850675,0.027
2011-08-13,0.02229910476310276,0.027
2011-08-14,0.02208183606798737,0.024
2011-08-15,0.02186901382713943,0.024
2011-08-16,0.021659016095386525,0.024
2011-08-17,0.021451769078969677,0.024
2011-08-18,0.051722298477254666,0.028
2011-08-19,0.02413695010801826,0.024
2011-08-20,0.020977018597187366,0.024
2011-08-21,0.020655744461545875,0.023
2011-08-22,0.02045615418900543,0.022
2011-08-23,0.020264578124522578,0.022
2011-08-24,0.08460832402405864,0.026
2011-08-25,0.025233332598495088,0.029
2011-08-26,0.0844820402044743,0.034
2011-08-27,0.024880305782952413,0.03
2011-08-28,0.021467784199093422,0.026
2011-08-29,0.020417551491656406,0.023
2011-08-30,0.01903355627580728,0.039
2011-08-31,0.018825522696123136,0.024
2011-09-01,0.018655276104982556,0.025
2011-09-02,0.018488437153966513,0.026
2011-09-03,0.018323938198043652,0.026
2011-09-04,0.019233770962253264,0.027
2011-09-05,0.03226392477872444,0.025
2011-09-06,0.018828868733586548,0.025
2011-09-07,0.017746737579389674,0.023
2011-09-08,0.017537806137968574,0.024
2011-09-09,0.017384103566677866,0.023
2011-09-10,0.017234924099007193,0.022
2011-09-11,0.017087965690754353,0.021
2011-09-12,0.01694309422660045,0.02
2011-09-13,0.016800279715940704,0.02
2011-09-14,0.016659497553443633,0.02
2011-09-15,0.016520723556352198,0.019
2011-09-16,0.016383933710129913,0.02
2011-09-17,0.01809207985577878,0.02
2011-09-18,0.016201561683133445,0.02
2011-09-19,0.015989427827843055,0.02
2011-09-20,0.05740950576573985,0.024
2011-09-21,0.019822036672661567,0.023
2011-09-22,0.01758638428163765,0.022
2011-09-23,0.015542332952794318,0.022
2011-09-24,0.015360242912314935,0.022
2011-09-25,0.0511866729848577,0.023
2011-09-26,0.0189080834726192,0.025
2011-09-27,0.017039971531765556,0.025
2011-09-28,0.014952270109984893,0.021
2011-09-29,0.014777637592951542,0.014
2011-09-30,0.014664225095919168,0.036
2011-10-01,0.01455436349267483,0.016
2011-10-02,0.014446188760350056,0.017
2011-10-03,0.014339618435396162,0.028
2011-10-04,0.014234629521623953,0.019
2011-10-05,0.042001049394965136,0.018
2011-10-06,0.017377746688455722,0.017
2011-10-07,0.014592967914651795,0.024
2011-10-08,0.01385187828192714,0.028
2011-10-09,0.013733446048416743,0.026
2011-10-10,0.013636790629833436,0.024
2011-10-11,0.013542277194073315,0.048
2011-10-12,0.01344921150451338,0.036
2011-10-13,0.013357549529288724,0.036
2011-10-14,0.01326727138279225,0.04
2011-10-15,0.01317835833440566,0.02
2011-10-16,0.013090791889468307,0.048
2011-10-17,0.03059698751667016,0.041
2011-10-18,0.014509940978880339,0.037
2011-10-19,0.012904586343398,0.033
2011-10-20,0.01275682364876631,0.04
2011-10-21,0.012672682709149886,0.018
2011-10-22,0.012592668755696021,0.02
2011-10-23,0.01251401928647389,0.023
2011-10-24,0.02235021898272138,0.025
2011-10-25,0.027953233533310994,0.028
2011-10-26,0.06299046117902557,0.031
2011-10-27,0.04340315598604595,0.056
2011-10-28,0.01566637340216387,0.053
2011-10-29,0.014089174987942541,0.044
2011-10-30,0.012059183178288664,0.039
2011-10-31,0.023187579567212246,0.036
2011-11-01,0.012515835955807204,0.032
2011-11-02,0.030670626575913944,0.034
2011-11-03,0.04812300697197129,0.036
2011-11-04,0.02797107486838632,0.048
2011-11-05,0.014313448356847659,0.045
2011-11-06,0.013257502048587961,0.039
2011-11-07,0.01152281051069547,0.037
2011-11-08,0.011410393081300547,0.032
2011-11-09,0.012357467525083153,0.031
2011-11-10,0.011338483246192528,0.029
2011-11-11,0.04491695177532144,0.034
2011-11-12,0.014838137946978778,0.038
2011-11-13,0.012114430959895188,0.036
2011-11-14,0.01109309450979068,0.035
2011-11-15,0.01100712009672019,0.031
2011-11-16,0.013627435898283288,0.029
2011-11-17,0.011033280558787377,0.028
2011-11-18,0.01085365449235988,0.027
2011-11-19,0.010795609351022622,0.027
2011-11-20,0.010744633672222281,0.026
2011-11-21,0.02917454975461687,0.026
2011-11-22,0.011975925241655127,0.028
2011-11-23,0.010659482533057976,0.026
2011-11-24,0.010585887394821875,0.027
2011-11-25,0.010504447370028695,0.026
2011-11-26,0.010479487944645103,0.027
2011-11-27,0.010412749954722977,0.027
2011-11-28,0.020283079069026815,0.028
2011-11-29,0.031198791166862555,0.033
2011-11-30,0.026996647861146958,0.042
2011-12-01,0.011707050971108189,0.05
2011-12-02,0.01430586446396161,0.05
2011-12-03,0.010369399742462364,0.045
2011-12-04,0.01012640327882699,0.041
2011-12-05,0.01007591063566962,0.038
2011-12-06,0.017628522332509916,0.035
2011-12-07,0.010392940051355735,0.033
2011-12-08,0.046039747197533336,0.04
2011-12-09,0.01371784353704879,0.04
2011-12-10,0.011922842873718798,0.035
2011-12-11,0.04510302950058813,0.037
2011-12-12,0.07947627355390262,0.111
2011-12-13,0.08211875913216937,0.458
2011-12-14,0.0833263747597752,0.839
2011-12-15,0.08624119756071234,0.611
2011-12-16,0.08987105942788566,0.721
2011-12-17,0.03388884798409007,0.39
2011-12-18,0.018941395588599915,0.243
2011-12-19,0.05050763318673539,0.238
2011-12-20,0.06420439850479655,0.319
2011-12-21,0.026550725813129186,0.488
2011-12-22,0.02226631273480756,0.289
2011-12-23,0.09482116326710159,0.368
2011-12-24,0.03747492894842914,0.393
2011-12-25,0.04528569124824332,0.263
2011-12-26,0.03064486104581676,0.22
2011-12-27,0.0263470783275171,0.187
2011-12-28,0.023002809793091893,0.162
2011-12-29,0.03908815537039936,0.139
2011-12-30,0.0907027335086005,0.244
2011-12-31,0.052314573586139314,0.439
2012-01-01,0.08471522551959516,0.341
2012-01-02,0.20310954144735952,0.632
2012-01-03,0.2165656405604316,8.341
2012-01-04,0.18447350269589902,2.221
2012-01-05,0.10762415030668451,1.564
2012-01-06,0.08769902050479778,0.875
2012-01-07,0.07120072484983705,0.626
2012-01-08,0.060934800319693026,0.455
2012-01-09,0.055068506239388984,0.361
2012-01-10,0.047251632548788426,0.31
2012-01-11,0.04229967575947573,0.281
2012-01-12,0.03864899153034175,0.253
2012-01-13,0.035919183052853465,0.228
2012-01-14,0.03378699798598116,0.22
2012-01-15,0.03189183685495291,0.206
2012-01-16,0.030733809971916555,0.195
2012-01-17,0.03063631883488266,0.188
2012-01-18,0.07581318026643005,0.194
2012-01-19,0.04136261324982789,0.247
2012-01-20,0.03515584912926609,0.269
2012-01-21,0.033609662980401314,0.251
2012-01-22,0.03245122525372763,0.225
2012-01-23,0.09772916605202642,0.214
2012-01-24,0.057190103125712585,0.695
2012-01-25,0.11020239867564809,0.673
2012-01-26,0.11907044585378085,1.296
2012-01-27,0.08793783665277471,0.987
2012-01-28,0.06878358153923868,0.689
2012-01-29,0.06793838541401293,0.531
2012-01-30,0.05792700769903162,0.369
2012-01-31,0.05267627298929386,0.372
2012-02-01,0.04898876234438047,0.32
2012-02-02,0.04613633937145467,0.286
2012-02-03,0.04404113154898573,0.256
2012-02-04,0.13065948183478915,0.268
2012-02-05,0.06583705945483877,0.56
2012-02-06,0.06551956343283316,0.728
2012-02-07,0.05480040286433178,0.744
2012-02-08,0.051047707981649114,0.536
2012-02-09,0.12274298110808224,0.444
2012-02-10,0.07015399434472006,0.444
2012-02-11,0.06313821959329724,0.4
2012-02-12,0.05784744015723291,0.406
2012-02-13,0.054783723596049584,0.824
2012-02-14,0.0502938030586204,0.784
2012-02-15,0.04828623602304573,0.512
2012-02-16,0.046790676308906445,0.377
2012-02-17,0.04588182578107729,0.381
2012-02-18,0.07358250404536475,0.381
2012-02-19,0.051222308359539094,0.348
2012-02-20,0.04737273513563333,0.316
2012-02-21,0.046955667860995545,0.304
2012-02-22,0.04702483692811329,0.303
2012-02-23,0.04487146929916192,0.31
2012-02-24,0.04437540821954958,0.287
2012-02-25,0.04393581902322855,0.26
2012-02-26,0.04366685224243338,0.254
2012-02-27,0.04346659582941502,0.247
2012-02-28,0.04327529172418371,0.248
2012-02-29,0.04314861468246649,0.241
2012-03-01,0.04304602964224517,0.231
2012-03-02,0.042963854905357896,0.231
2012-03-03,0.08457842595696294,0.231
2012-03-04,0.08478958839189069,1.0
2012-03-05,0.04777004693885546,0.692
2012-03-06,0.05458830428821687,0.458
2012-03-07,0.04918735519891185,0.408
2012-03-08,0.045628696610481384,0.328
2012-03-09,0.04487312790036114,0.282
2012-03-10,0.044369176444754584,0.261
2012-03-11,0.04394343642331306,0.24
2012-03-12,0.043597699435086096,0.234
2012-03-13,0.043277659400293544,0.227
2012-03-14,0.04300910950813234,0.221
2012-03-15,0.04275953330729083,0.218
2012-03-16,0.04842011355181787,0.216
2012-03-17,0.06035620922956472,0.23
2012-03-18,0.04383137514410691,0.277
2012-03-19,0.042135539816116896,0.258
2012-03-20,0.0418596918338646,0.228
2012-03-21,0.04165316069485175,0.227
2012-03-22,0.04145384309471178,0.195
2012-03-23,0.04125687987772654,0.196
2012-03-24,0.04106056082318277,0.189
2012-03-25,0.040863683398914274,0.181
2012-03-26,0.040665349249760716,0.176
2012-03-27,0.040464896297574965,0.172
2012-03-28,0.04026184936441634,0.169
2012-03-29,0.04005588098052353,0.167
2012-03-30,0.0398467800945974,0.166
2012-03-31,0.03963442709159377,0.163
2012-04-01,0.03941877385456698,0.159
2012-04-02,0.039199827860492656,0.157
2012-04-03,0.03897763950207833,0.153
2012-04-04,0.043573536116604916,0.149
2012-04-05,0.03877622564109876,0.154
2012-04-06,0.03830600082117577,0.152
2012-04-07,0.03805918323251792,0.149
2012-04-08,0.037821755781022585,0.148
2012-04-09,0.10211498549117014,0.185
2012-04-10,0.04268463684835117,0.228
2012-04-11,0.03921837059746739,0.18
2012-04-12,0.038568674375215065,0.159
2012-04-13,0.05436767221620447,0.183
2012-04-14,0.0379075285589746,0.26
2012-04-15,0.036171601940184046,0.219
2012-04-16,0.060498221865217784,0.176
2012-04-17,0.05213208720264629,0.195
2012-04-18,0.07771386474598153,0.227
2012-04-19,0.048567973427084125,0.379
2012-04-20,0.037923629173257124,0.344
2012-04-21,0.04088937187194194,0.317
2012-04-22,0.04037904093136265,0.385
2012-04-23,0.05184776789336571,0.321
2012-04-24,0.07538527679509875,0.406
2012-04-25,0.10868174527987595,1.939
2012-04-26,0.07721875708512338,1.567
2012-04-27,0.09547812807885009,2.057
2012-04-28,0.23352950709446874,1.709
2012-04-29,0.3653370470680992,25.31
2012-04-30,0.47068118866414893,14.18
2012-05-01,0.36814293000382464,16.52
2012-05-02,0.449659510777059,6.105
2012-05-03,0.2810816976523946,6.517
2012-05-04,0.22251619090941888,1.959
2012-05-05,0.18612042376391774,1.032
2012-05-06,0.19860116028407715,0.676
2012-05-07,0.36939479887063126,2.253
2012-05-08,0.28448591455341926,3.714
2012-05-09,0.4179618213798718,3.931
2012-05-10,0.2668318395603538,4.351
2012-05-11,0.2080674057809672,1.281
2012-05-12,0.1779155133341793,0.714
2012-05-13,0.16235267511408738,0.552
2012-05-14,0.17000772327804245,0.475
2012-05-15,0.14536842596716865,0.414
2012-05-16,0.12611196288894935,0.373
2012-05-17,0.11624481513375653,0.34
2012-05-18,0.10904953376696239,0.321
2012-05-19,0.10334730353893123,0.305
2012-05-20,0.0991127113002702,0.297
2012-05-21,0.0959524245299275,0.283
2012-05-22,0.09363212970925505,0.262
2012-05-23,0.09196922597273753,0.253
2012-05-24,0.09081836010183933,0.25
2012-05-25,0.09006373951821157,0.239
2012-05-26,0.08961319444752143,0.231
2012-05-27,0.08939343950664894,0.227
2012-05-28,0.0893462839417482,0.222
2012-05-29,0.08942560018651974,0.221
2012-05-30,0.08959489903621888,0.217
2012-05-31,0.08982539010448401,0.22
2012-06-01,0.09009443049849927,0.217
2012-06-02,0.14055373111486769,0.239
2012-06-03,0.15789809622451953,0.337
2012-06-04,0.09929936275302002,0.367
2012-06-05,0.11746368991538948,0.307
2012-06-06,0.10530348797526537,0.296
2012-06-07,0.15699418504707074,0.521
2012-06-08,0.16339099905638396,1.24
2012-06-09,0.09921602252619535,0.968
2012-06-10,0.12512997324824426,0.483
2012-06-11,0.17161432316020758,2.262
2012-06-12,0.10520553394223842,2.385
2012-06-13,0.10032180616646519,0.75
2012-06-14,0.20821711980454535,0.629
2012-06-15,0.1354092560190508,0.817
2012-06-16,0.13369006158320812,0.494
2012-06-17,0.2143198121671642,0.44
2012-06-18,0.1453226840310644,0.409
2012-06-19,0.1322388335253966,0.276
2012-06-20,0.21503477243908908,0.329
2012-06-21,0.3555408081486914,1.078
2012-06-22,0.2140296712760357,1.255
2012-06-23,0.4982666266254695,3.359
2012-06-24,0.2970448430138408,8.133
2012-06-25,0.23970224369740636,1.014
2012-06-26,0.21970713720030954,0.545
2012-06-27,0.19755690555741126,0.445
2012-06-28,0.1805006022177176,0.377
2012-06-29,0.19603503456086524,0.319
2012-06-30,0.2286650672717153,0.311
2012-07-01,0.22526296798245257,0.299
2012-07-02,0.2354087946420801,0.395
2012-07-03,0.3201798151602745,0.592
2012-07-04,0.2319009559910294,0.922
2012-07-05,0.19324125854383536,0.587
2012-07-06,0.3598670124687399,1.091
2012-07-07,0.3407075940860083,1.792
2012-07-08,0.2586149590412269,1.029
2012-07-09,0.22152365391773518,0.631
2012-07-10,0.20247555028485686,0.489
2012-07-11,0.2712846907560758,0.689
2012-07-12,0.4455130337468752,5.615
2012-07-13,0.42644525250726084,5.181
2012-07-14,0.3106731044808274,2.112
2012-07-15,0.2772838225513542,1.02
2012-07-16,0.24969104973853926,0.889
2012-07-17,0.2266148527492538,0.725
2012-07-18,0.21430972166561055,0.749
2012-07-19,0.18654473878283018,0.593
2012-07-20,0.17683976062263837,0.401
2012-07-21,0.16966676442101483,0.345
2012-07-22,0.16425786049572413,0.3
2012-07-23,0.160064336122978,0.286
2012-07-24,0.15681761850029294,0.252
2012-07-25,0.1543126688838099,0.251
2012-07-26,0.1523865219042001,0.234
2012-07-27,0.15090937898497314,0.232
2012-07-28,0.149777933088629,0.224
2012-07-29,0.14891005340196853,0.223
2012-07-30,0.16131151901474605,0.224
2012-07-31,0.1484002246754778,0.241
2012-08-01,0.14733694982263096,0.233
2012-08-02,0.20833815597259078,0.507
2012-08-03,0.15183414113196367,0.53
2012-08-04,0.1501919010014152,0.338
2012-08-05,0.2055164216172818,1.221
2012-08-06,0.15301047562357392,0.808
2012-08-07,0.14847685536831756,0.508
2012-08-08,0.14728693735197604,0.414
2012-08-09,0.1453538508432837,0.345
2012-08-10,0.14493882727305107,0.293
2012-08-11,0.14455301483266703,0.28
2012-08-12,0.14414749003198002,0.298
2012-08-13,0.15321871199185702,0.316
2012-08-14,0.1437417668825177,0.29
2012-08-15,0.20733889462247268,2.439
2012-08-16,0.17839027309366937,0.896
2012-08-17,0.14612391130378777,0.62
2012-08-18,0.14324056902824825,0.461
2012-08-19,0.14081975855446852,0.373
2012-08-20,0.13998194367801953,0.317
2012-08-21,0.16011997967772673,0.329
2012-08-22,0.14222519693582092,0.318
2012-08-23,0.1386049478081247,0.292
2012-08-24,0.14440855858377363,0.299
2012-08-25,0.17394735249505983,1.156
2012-08-26,0.14048558039586037,0.589
2012-08-27,0.1945353908574849,0.863
2012-08-28,0.15985928327865973,0.877
2012-08-29,0.2005407812934434,8.855
2012-08-30,0.14295734462106313,2.641
2012-08-31,0.13733646022634474,0.702
2012-09-01,0.13394229361755997,0.527
2012-09-02,0.13229204340260547,0.448
2012-09-03,0.13098322028629245,0.366
2012-09-04,0.1297629485741303,0.325
2012-09-05,0.12859812325695585,0.283
2012-09-06,0.12747521393158792,0.278
2012-09-07,0.12638415516731008,0.263
2012-09-08,0.12531706488358632,0.254
2012-09-09,0.12426777681743913,0.25
2012-09-10,0.12323149065514429,0.242
2012-09-11,0.1222044939920397,0.228
2012-09-12,0.1212068485605641,0.221
2012-09-13,0.12016835769470137,0.22
2012-09-14,0.11915409303927933,0.214
2012-09-15,0.11814196683461452,0.212
2012-09-16,0.11713051401573045,0.21
2012-09-17,0.11611914757303,0.206
2012-09-18,0.115107510590723,0.198
2012-09-19,0.1140954124204099,0.196
2012-09-20,0.11308279136366328,0.194
2012-09-21,0.11214721050407311,0.191
2012-09-22,0.11105853426460492,0.192
2012-09-23,0.17457509459143092,0.368
2012-09-24,0.1790968126252,2.233
2012-09-25,0.17863467905195546,0.672
2012-09-26,0.18115911149301,6.458
2012-09-27,0.11752919341540025,2.075
2012-09-28,0.10990216427979999,0.737
2012-09-29,0.10793795238382116,0.524
2012-09-30,0.10530108369089637,0.431
2012-10-01,0.10345208541005284,0.387
2012-10-02,0.13211830892708085,0.342
2012-10-03,0.10790000121798365,0.582
2012-10-04,0.16899901605534998,1.878
2012-10-05,0.19394139848806777,8.475
2012-10-06,0.11653685041515639,8.807
2012-10-07,0.116508963886029,1.083
2012-10-08,0.13119261455361483,0.975
2012-10-09,0.11399973721358235,0.794
2012-10-10,0.11432219056991798,0.631
2012-10-11,0.26570025997739294,4.428
2012-10-12,0.1547805484429619,3.019
2012-10-13,0.13997175519888896,0.89
2012-10-14,0.12467077129626361,0.709
2012-10-15,0.1885014804933094,0.58
2012-10-16,0.2961345387676122,2.081
2012-10-17,0.300662901197687,6.473
2012-10-18,0.2024109571610803,2.583
2012-10-19,0.17841716411212918,1.016
2012-10-20,0.1575210408239062,0.75
2012-10-21,0.1754643829015777,0.586
2012-10-22,0.1490020870242001,0.58
2012-10-23,0.13499955178584766,0.568
2012-10-24,0.12642241213838143,0.519
2012-10-25,0.1224580460449722,0.459
2012-10-26,0.1136545400167941,0.429
2012-10-27,0.1119873246383321,0.378
2012-10-28,0.14406219779824858,0.372
2012-10-29,0.13203123604205638,0.478
2012-10-30,0.11443272946649376,0.478
2012-10-31,0.24013878861131313,1.858
2012-11-01,0.2808027524362488,2.673
2012-11-02,0.2327296634219564,1.903
2012-11-03,0.4807809028770611,1.038
2012-11-04,0.4868207929834809,49.3
2012-11-05,0.30690910313545,4.448
2012-11-06,0.2592416638270118,1.176
2012-11-07,0.22891879089180647,0.846
2012-11-08,0.2008610021369858,0.704
2012-11-09,0.23423643395117388,0.603
2012-11-10,0.18775743802161793,0.565
2012-11-11,0.17477400753244554,0.471
2012-11-12,0.24009617295104957,0.626
2012-11-13,0.17768917813000476,0.62
2012-11-14,0.16230412693495527,0.537
2012-11-15,0.15158636359121117,0.461
2012-11-16,0.17862007004819924,0.442
2012-11-17,0.15001789464101561,0.417
2012-11-18,0.1424640879626752,0.371
2012-11-19,0.23396166427297097,0.371
2012-11-20,0.5719766311832529,3.849
2012-11-21,0.6857864915059836,60.25
2012-11-22,0.847005774827905,28.39
2012-11-23,0.5816221484219041,25.23
2012-11-24,1.1235493889961488,34.36
2012-11-25,0.8204038609692479,50.24
2012-11-26,0.7124748716020901,12.64
2012-11-27,0.5959338504143804,4.148
2012-11-28,0.5185895700928246,1.713
2012-11-29,0.40179929751332016,1.036
2012-11-30,0.3547387034544157,0.776
2012-12-01,0.32007202206441704,0.64
2012-12-02,0.4740097282290612,0.741
2012-12-03,0.34123505087743344,1.279
2012-12-04,0.30602088443852316,0.778
2012-12-05,0.27938797891720646,0.609
2012-12-06,0.45761448912467756,0.845
2012-12-07,0.32324425806889573,1.219
2012-12-08,0.2929008055585712,0.762
2012-12-09,0.2733078087019775,0.63
2012-12-10,0.2599840108976756,0.523
2012-12-11,0.2508479353251837,0.464
2012-12-12,0.24207664445340538,0.446
2012-12-13,0.2704723403010389,0.397
2012-12-14,0.582466990270867,5.083
2012-12-15,0.46280621350955137,2.401
2012-12-16,0.5263109913536943,1.081
2012-12-17,0.4035770159765652,1.178
2012-12-18,0.36390373086567923,0.838
2012-12-19,0.8243891329530784,8.259
2012-12-20,0.6653008848211321,31.65
2012-12-21,0.762972655633884,3.72
2012-12-22,0.9774411334649221,35.5
2012-12-23,0.9351306387170611,23.2
2012-12-24,0.8606976079192568,37.51
2012-12-25,0.7112351470674102,10.77
2012-12-26,0.7901261222606794,8.516
2012-12-27,0.7615142417242375,6.291
2012-12-28,0.6476886379160405,6.775
2012-12-29,0.9685905655375934,29.9
2012-12-30,0.7428047619071345,12.77
2012-12-31,0.769939594575852,6.535
2013-01-01,0.6032736700139241,2.803
2013-01-02,0.5439153690766024,1.397
2013-01-03,0.4985988058850336,1.045
2013-01-04,0.46502673755678137,0.814
2013-01-05,0.4392277696703867,0.691
2013-01-06,0.42195030233593955,0.635
2013-01-07,0.40344633288567894,0.582
2013-01-08,0.44399759679974954,0.555
2013-01-09,0.4027178096107742,0.587
2013-01-10,0.447146073883835,0.53
2013-01-11,0.4738786127510618,0.508
2013-01-12,0.4206649035321374,0.588
2013-01-13,0.40673895951580447,0.499
2013-01-14,0.4879258107655922,0.635
2013-01-15,0.4209769752828791,0.614
2013-01-16,0.4063842937522164,0.483
2013-01-17,0.5433843461482851,0.454
2013-01-18,0.5440317452109331,0.549
2013-01-19,0.46124843622468287,0.564
2013-01-20,0.4450923300889261,0.595
2013-01-21,0.4410585283264869,0.611
2013-01-22,0.5052514971227894,0.637
2013-01-23,0.45195797034855356,0.879
2013-01-24,0.42954793050845946,0.898
2013-01-25,0.5984343375180419,4.742
2013-01-26,0.7471391870976416,13.6
2013-01-27,0.7092683083358821,22.32
2013-01-28,0.6756149037392692,9.127
2013-01-29,0.8398998584884966,5.315
2013-01-30,0.713193017525677,7.173
2013-01-31,0.7498824691518664,4.687
2013-02-01,0.6142617268851918,4.178
2013-02-02,0.5684091398984549,1.478
2013-02-03,0.5322426825085738,0.992
2013-02-04,0.5475649305528626,0.906
2013-02-05,0.5348139248648334,0.931
2013-02-06,0.49315423929708485,0.658
2013-02-07,0.4776806996089731,0.56
2013-02-08,0.5151681835264379,0.517
2013-02-09,0.5837889111512632,0.675
2013-02-10,0.6810647485802258,8.328
2013-02-11,0.5425892197611105,2.028
2013-02-12,0.5101716616102316,1.081
2013-02-13,0.6613020841860533,1.043
2013-02-14,0.5351170121662076,3.351
2013-02-15,0.5066119534225866,1.179
2013-02-16,0.48519533482854965,0.9
2013-02-17,0.47028897386217294,0.696
2013-02-18,0.4573546130532598,0.577
2013-02-19,0.44807915566598966,0.508
2013-02-20,0.43943112944351487,0.463
2013-02-21,0.4327902013581674,0.434
2013-02-22,0.42733083709622416,0.41
2013-02-23,0.42275343792867454,0.378
2013-02-24,0.4188681219745683,0.361
2013-02-25,0.41583155253170473,0.344
2013-02-26,0.4128508154831043,0.331
2013-02-27,0.40982095562039855,0.299
2013-02-28,0.40780635684382444,0.32
2013-03-01,0.40507258848455785,0.315
2013-03-02,0.40280427927894624,0.305
2013-03-03,0.4006859692040844,0.303
2013-03-04,0.3985812742592094,0.297
2013-03-05,0.3966562857019635,0.294
2013-03-06,0.4145478651173828,0.291
2013-03-07,0.4128622793287686,0.329
2013-03-08,0.44028191070709227,0.596
2013-03-09,0.401512174089508,0.655
2013-03-10,0.3946761132341287,0.473
2013-03-11,0.39068730854177525,0.372
2013-03-12,0.3871207113743899,0.327
2013-03-13,0.38379856745313495,0.309
2013-03-14,0.3824569465398869,0.3
2013-03-15,0.4620637548246691,0.495
2013-03-16,0.6336440565679001,7.851
2013-03-17,0.5004914253869989,2.802
2013-03-18,0.44462504006571524,0.962
2013-03-19,0.4640047766425676,0.674
2013-03-20,0.4273341334157242,0.585
2013-03-21,0.6772522700775471,0.923
2013-03-22,0.7766754204740072,8.124
2013-03-23,0.5799794831262356,10.65
2013-03-24,0.5157843310670852,1.34
2013-03-25,0.48307226838085804,0.775
2013-03-26,0.455777606654087,0.616
2013-03-27,0.435094087558316,0.522
2013-03-28,0.4182579389169419,0.453
2013-03-29,0.4044319540313844,0.416
2013-03-30,0.39299871577640616,0.383
2013-03-31,0.3834688304423456,0.346
2013-04-01,0.37544530389764286,0.332
2013-04-02,0.36862064445835047,0.291
2013-04-03,0.3627410958467563,0.297
2013-04-04,0.3576240363697792,0.289
2013-04-05,0.35306769317066655,0.271
2013-04-06,0.3489861474815889,0.262
2013-04-07,0.34526658201575255,0.264
2013-04-08,0.3418587633890944,0.259
2013-04-09,0.33861181127845547,0.289
2013-04-10,0.35299240051688446,0.263
2013-04-11,0.3619126249867368,0.292
2013-04-12,0.335202588789818,0.46
2013-04-13,0.36620751806766755,0.576
2013-04-14,0.33472682335954923,0.62
2013-04-15,0.32806577438837475,0.411
2013-04-16,0.3225720821875454,0.342
2013-04-17,0.31912792408626606,0.305
2013-04-18,0.3160181883105199,0.281
2013-04-19,0.313022667488715,0.262
2013-04-20,0.3101128987580765,0.25
2013-04-21,0.3072650131642976,0.247
2013-04-22,0.3044639581932202,0.243
2013-04-23,0.30169821511958284,0.231
2013-04-24,0.2989588754947615,0.243
2013-04-25,0.30451747722263844,0.221
2013-04-26,0.2939551011379598,0.238
2013-04-27,0.2908607851258528,0.227
2013-04-28,0.2881525401690799,0.216
2013-04-29,0.2854696194215861,0.216
2013-04-30,0.28279189316781667,0.207
2013-05-01,0.2801174664957738,0.203
2013-05-02,0.27744578185749474,0.194
2013-05-03,0.27477664021442305,0.197
2013-05-04,0.27211008328113784,0.192
2013-05-05,0.26944633524611783,0.184
2013-05-06,0.2667857583184452,0.182
2013-05-07,0.26412881750716194,0.186
2013-05-08,0.26147605268169855,0.193
2013-05-09,0.27122823969832416,0.195
2013-05-10,0.263125729316469,0.19
2013-05-11,0.2562432858298108,0.189
2013-05-12,0.25106296806671874,0.192
2013-05-13,0.24833519251900021,0.183
2013-05-14,0.31021595734823204,0.331
2013-05-15,0.26763789223371187,0.355
2013-05-16,0.24364688214789584,0.249
2013-05-17,0.23989596322073736,0.215
2013-05-18,0.23537903793422174,0.197
2013-05-19,0.23275435483434428,0.184
2013-05-20,0.23019924564828773,0.192
2013-05-21,0.22765816182318607,0.182
2013-05-22,0.22512986172804597,0.171
2013-05-23,0.22261478260850215,0.165
2013-05-24,0.22011339443110003,0.163
2013-05-25,0.21762614699025862,0.152
2013-05-26,0.2151534683831844,0.15
2013-05-27,0.22659550019799382,0.151
2013-05-28,0.27549651504701733,0.421
2013-05-29,0.21820453303056533,0.366
2013-05-30,0.20781132135143657,0.378
2013-05-31,0.2035586994494094,0.309
2013-06-01,0.2006613811046397,0.204
2013-06-02,0.1982847554482952,0.168
2013-06-03,0.19594104859395908,0.155
2013-06-04,0.1936153557391338,0.145
2013-06-05,0.19130743001934666,0.137
2013-06-06,0.18901747508327796,0.134
2013-06-07,0.18674569426035628,0.133
2013-06-08,0.1844922761722169,0.128
2013-06-09,0.18225739472073632,0.13
2013-06-10,0.18004120956747796,0.126
2013-06-11,0.17784386662095816,0.128
2013-06-12,0.17566549851326174,0.126
2013-06-13,0.17350622506504876,0.125
2013-06-14,0.17136615373881056,0.124
2013-06-15,0.17473183176776844,0.13
2013-06-16,0.16742007083667396,0.125
2013-06-17,0.165076400891848,0.122
2013-06-18,0.1630003914666062,0.12
2013-06-19,0.16095682048897514,0.115
2013-06-20,0.15893354211722907,0.122
2013-06-21,0.1569299442047498,0.113
2013-06-22,0.15494601573514458,0.117
2013-06-23,0.15298176957163143,0.112
2013-06-24,0.1510372118861253,0.11
2013-06-25,0.14911234082427482,0.105
2013-06-26,0.14720714673716273,0.101
2013-06-27,0.1650770834556176,0.108
2013-06-28,0.14486504830726232,0.108
2013-06-29,0.1416754610144755,0.102
2013-06-30,0.13978596581740982,0.101
2013-07-01,0.1379756544352815,0.099
2013-07-02,0.13618776127734414,0.102
2013-07-03,0.13441943556548674,0.101
2013-07-04,0.13267047240284255,0.105
2013-07-05,0.13094079739356035,0.094
2013-07-06,0.12923033821049656,0.092
2013-07-07,0.12753901806926993,0.096
2013-07-08,0.12586675559029276,0.073
2013-07-09,0.1242134649946991,0.088
2013-07-10,0.12257905631184458,0.087
2013-07-11,0.12096343558121976,0.108
2013-07-12,0.11936650504801836,0.074
2013-07-13,0.11778816335248356,0.082
2013-07-14,0.11622830571320003,0.081
2013-07-15,0.11468682410449865,0.083
2013-07-16,0.1131636074281338,0.077
2013-07-17,0.11165854167939322,0.078
2013-07-18,0.11017151010779258,0.076
2013-07-19,0.10870239337250587,0.071
2013-07-20,0.10725106969267724,0.069
2013-07-21,0.10581741499275694,0.068
2013-07-22,0.10440130304300022,0.064
2013-07-23,0.10300260559526406,0.067
2013-07-24,0.10976654085051078,0.068
2013-07-25,0.10068924786328447,0.064
2013-07-26,0.09893288865203269,0.062
2013-07-27,0.16211307715126683,0.079
2013-07-28,0.10160948295244902,0.076
2013-07-29,0.13358663244349903,0.076
2013-07-30,0.09762014049162285,0.072
2013-07-31,0.09402899386724338,0.074
2013-08-01,0.09122678597056942,0.069
2013-08-02,0.08994568928317916,0.069
2013-08-03,0.08872802196140528,0.066
2013-08-04,0.08803337273953214,0.065
2013-08-05,0.1070457711704378,0.072
2013-08-06,0.0864736150584322,0.069
2013-08-07,0.08408390594532944,0.067
2013-08-08,0.0828844970522113,0.066
2013-08-09,0.08175773190221093,0.065
2013-08-10,0.08064880227238985,0.064
2013-08-11,0.07955477181133619,0.061
2013-08-12,0.07847534793262104,0.064
2013-08-13,0.07741037651501677,0.07
2013-08-14,0.07635971082786382,0.062
2013-08-15,0.07563792345533395,0.062
2013-08-16,0.07431015330961518,0.06
2013-08-17,0.0732923695492892,0.057
2013-08-18,0.07229719108078803,0.057
2013-08-19,0.07131585542355269,0.055
2013-08-20,0.07034795897504799,0.056
2013-08-21,0.06939334926234347,0.041
2013-08-22,0.06845188175142115,0.057
2013-08-23,0.06752341259139993,0.05
2013-08-24,0.06660779843504723,0.055
2013-08-25,0.06570489646987432,0.054
2013-08-26,0.06481456445389637,0.052
2013-08-27,0.06393666074993162,0.05
2013-08-28,0.06307104435830596,0.05
2013-08-29,0.06221757494800739,0.046
2013-08-30,0.06137611288633951,0.046
2013-08-31,0.06054651926712118,0.044
2013-09-01,0.05972865593747911,0.045
2013-09-02,0.0589223855232779,0.044
2013-09-03,0.05812757145323181,0.043
2013-09-04,0.05734407798174031,0.042
2013-09-05,0.07066271282211474,0.043
2013-09-06,0.05673798735514337,0.046
2013-09-07,0.05510423361627166,0.042
2013-09-08,0.06387815635855046,0.043
2013-09-09,0.05410294049537598,0.042
2013-09-10,0.052900910538927585,0.039
2013-09-11,0.055234609001342416,0.044
2013-09-12,0.05162778636806682,0.045
2013-09-13,0.11532109853509759,0.078
2013-09-14,0.07455395879727984,0.079
2013-09-15,0.05259589085286173,0.061
2013-09-16,0.050779272896174524,0.046
2013-09-17,0.09730819812701914,0.066
2013-09-18,0.05199667617653393,0.048
2013-09-19,0.04893613231037467,0.05
2013-09-20,0.046306201847908394,0.05
2013-09-21,0.045631739404892284,0.048
2013-09-22,0.04502777048618209,0.046
2013-09-23,0.04443473215831443,0.041
2013-09-24,0.04385056774229977,0.038
2013-09-25,0.043275095466815634,0.037
2013-09-26,0.04270819894490057,0.035
2013-09-27,0.042149765240025575,0.038
2013-09-28,0.04159968259393737,0.05
2013-09-29,0.04105784033756911,0.051
2013-09-30,0.04052412888838058,0.059
2013-10-01,0.043699741779398046,0.071
2013-10-02,0.05247690973672584,0.075
2013-10-03,0.0694254822936929,0.08
2013-10-04,0.04195615725743973,0.075
2013-10-05,0.03959239526424159,0.069
2013-10-06,0.037537229082724936,0.069
2013-10-07,0.03700846562578754,0.073
2013-10-08,0.03653441020406202,0.077
2013-10-09,0.03606907104606794,0.076
2013-10-10,0.03561087772795524,0.071
2013-10-11,0.035173381278335296,0.074
2013-10-12,0.06504744754631796,0.087
2013-10-13,0.06671633953058657,0.103
2013-10-14,0.04653712803242963,0.098
2013-10-15,0.03802324048983155,0.091
2013-10-16,0.06698776916465166,0.112
2013-10-17,0.036273794679957824,0.083
2013-10-18,0.05348994397589504,0.108
2013-10-19,0.06254710261980298,0.189
2013-10-20,0.0653222711417994,0.167
2013-10-21,0.0766328750370671,0.193
2013-10-22,0.10030731556569239,0.527
2013-10-23,0.03842880498987187,0.426
2013-10-24,0.06820430880467744,0.188
2013-10-25,0.034830622199144345,0.212
2013-10-26,0.058094353664095086,0.226
2013-10-27,0.09980041986182114,0.758
2013-10-28,0.10334867181893409,4.156
2013-10-29,0.06910749398953758,1.132
2013-10-30,0.041659765859175565,0.462
2013-10-31,0.03630370989256281,0.279
2013-11-01,0.03318599808032728,0.28
2013-11-02,0.03988614998256344,0.26
2013-11-03,0.11773151315533031,1.39
2013-11-04,0.1216785420256886,3.213
2013-11-05,0.0820119374975917,1.801
2013-11-06,0.14968321543540755,3.354
2013-11-07,0.0747047586127003,2.546
2013-11-08,0.13749640380689762,2.179
2013-11-09,0.1321678955404044,1.905
2013-11-10,0.12304240152273022,1.573
2013-11-11,0.10948356022241133,1.407
2013-11-12,0.07965303493435558,1.43
2013-11-13,0.07986984101454905,0.867
2013-11-14,0.0645364731289186,0.703
2013-11-15,0.05732970390870224,0.562
2013-11-16,0.05237319217501621,0.474
2013-11-17,0.048428823650266,0.442
2013-11-18,0.05447974580347252,0.42
2013-11-19,0.045411741700925795,0.387
2013-11-20,0.10055587475345074,0.467
2013-11-21,0.05544754207817162,0.698
2013-11-22,0.048326032415408275,0.53
2013-11-23,0.044419560851293546,0.44
2013-11-24,0.04191831222174383,0.386
2013-11-25,0.040162707763000516,0.328
2013-11-26,0.039104817608364,0.314
2013-11-27,0.03775624451462132,0.307
2013-11-28,0.03691135899083488,0.289
2013-11-29,0.036233511839285436,0.307
2013-11-30,0.03572177006048918,0.282
2013-12-01,0.03532330160059039,0.253
2013-12-02,0.03501372054224486,0.257
2013-12-03,0.03482450184425665,0.251
2013-12-04,0.034621462653862616,0.243
2013-12-05,0.034438323121326754,0.245
2013-12-06,0.03431312463414954,0.24
2013-12-07,0.03759095778541164,0.241
2013-12-08,0.034379504795481436,0.242
2013-12-09,0.034114413503325204,0.232
2013-12-10,0.03403108902232223,0.226
2013-12-11,0.033956335963384494,0.22
2013-12-12,0.052147533449704256,0.222
2013-12-13,0.043612935141935046,0.238
2013-12-14,0.05416398143511928,0.252
2013-12-15,0.06881012352711208,0.459
2013-12-16,0.11888326162575474,0.864
2013-12-17,0.056463992960316275,1.408
2013-12-18,0.24955628319976803,8.227
2013-12-19,0.2050223392097989,7.931
2013-12-20,0.26863844087741395,2.422
2013-12-21,0.30131558974900036,6.239
2013-12-22,0.2761088763907531,7.319
2013-12-23,0.7500458268814877,47.71
2013-12-24,0.4458221589537855,52.06
2013-12-25,0.43460425628988925,6.694
2013-12-26,0.5636172952240837,3.948
2013-12-27,0.43686469463714445,6.197
2013-12-28,0.3001610732201103,2.246
2013-12-29,0.42637731712648047,1.343
2013-12-30,0.4423228222207535,9.172
2013-12-31,0.48464073793706347,7.477
2014-01-01,0.7099646500347108,38.63
2014-01-02,0.5943712173136907,18.06
2014-01-03,0.7928010316825975,10.19
2014-01-04,0.6626072793222685,49.26
2014-01-05,0.7040240424517443,16.32
2014-01-06,0.8567729463520694,11.59
2014-01-07,0.5747525889633909,28.87
2014-01-08,0.6862063695978797,7.721
2014-01-09,0.4790606155852704,8.332
2014-01-10,0.4328393141204716,2.743
2014-01-11,0.3669633128873164,1.686
2014-01-12,0.4503857228460063,1.641
2014-01-13,0.46465108998957955,3.319
2014-01-14,0.4609448743395853,3.054
2014-01-15,0.5468386458961628,3.497
2014-01-16,0.519953370762148,5.202
2014-01-17,0.4430700373872208,2.76
2014-01-18,0.6195924629247328,3.422
2014-01-19,0.42572374065963686,6.157
2014-01-20,0.3789134238140179,1.979
2014-01-21,0.4929772024551275,1.546
2014-01-22,0.38988926210841124,1.99
2014-01-23,0.36759317781906753,1.341
2014-01-24,0.596141147803197,5.162
2014-01-25,0.5126440176638681,7.658
2014-01-26,0.6794686544632687,16.52
2014-01-27,0.7223819546649787,11.54
2014-01-28,0.6056115704370917,15.87
2014-01-29,0.559007065084366,7.427
2014-01-30,0.46924974784114926,3.533
2014-01-31,0.836534810329142,15.71
2014-02-01,0.6943415772164196,14.82
2014-02-02,0.5319793676292767,4.775
2014-02-03,0.5250920088655571,2.293
2014-02-04,0.7190058842087734,3.573
2014-02-05,0.7074451855224612,14.85
2014-02-06,0.9647195519705811,22.21
2014-02-07,0.7979534499125738,33.18
2014-02-08,0.7778657400485397,10.57
2014-02-09,0.6482637671140594,8.571
2014-02-10,0.685400399491947,3.621
2014-02-11,0.6598041502585636,5.365
2014-02-12,0.8273628457018937,21.87
2014-02-13,0.6739182097829288,10.02
2014-02-14,0.8929436746052981,11.72
2014-02-15,0.7248433538577707,12.57
2014-02-16,0.6153896724384967,3.742
2014-02-17,0.726965095177371,6.861
2014-02-18,0.5923237973687631,8.574
2014-02-19,0.6038632910880957,2.681
2014-02-20,0.5625415879333695,2.378
2014-02-21,0.5636659257781965,1.52
2014-02-22,0.5177367735859838,1.192
2014-02-23,0.491546258986722,0.986
2014-02-24,0.5933227178050573,0.917
2014-02-25,0.5319813927841452,1.835
2014-02-26,0.6072953197357733,1.416
2014-02-27,0.6116305496025974,3.516
2014-02-28,0.5952696129435666,8.374
2014-03-01,0.531697907104988,2.532
2014-03-02,0.7422753621594755,6.557
2014-03-03,0.57860402207389,4.577
2014-03-04,0.5407061456521208,1.654
2014-03-05,0.5175882947352276,0.94
2014-03-06,0.5094740744286439,0.823
2014-03-07,0.4894229408717243,0.651
2014-03-08,0.47807347584919574,0.592
2014-03-09,0.47012196806115086,0.505
2014-03-10,0.46391026623546877,0.442
2014-03-11,0.45942772874467463,0.401
2014-03-12,0.4556513507979234,0.374
2014-03-13,0.45218745003051314,0.36
2014-03-14,0.44950908234047265,0.332
2014-03-15,0.4473751006992393,0.327
2014-03-16,0.4455877526820536,0.316
2014-03-17,0.4440309878711687,0.311
2014-03-18,0.44260803470595717,0.296
2014-03-19,0.4412760206371193,0.287
2014-03-20,0.44986758292688417,0.298
2014-03-21,0.467808637782959,0.305
2014-03-22,0.4409554925812077,0.322
2014-03-23,0.4369234138378098,0.295
2014-03-24,0.4447673231388932,0.29
2014-03-25,0.43489236686734,0.297
2014-03-26,0.43241631882384407,0.307
2014-03-27,0.43079625029353824,0.291
2014-03-28,0.4391889362588072,0.281
2014-03-29,0.4278888132306878,0.278
2014-03-30,0.42549923953707564,0.258
2014-03-31,0.42350267847097184,0.255
2014-04-01,0.4214595684829002,0.242
2014-04-02,0.4193559981215119,0.243
2014-04-03,0.42806529957110184,0.475
2014-04-04,0.41553130806391564,0.916
2014-04-05,0.41512580356081763,0.377
2014-04-06,0.4214339770413088,0.335
2014-04-07,0.4095024965729248,0.557
2014-04-08,0.40547602860774445,0.473
2014-04-09,0.4028569529856502,0.315
2014-04-10,0.4002605736325426,0.271
2014-04-11,0.39761659196285615,0.248
2014-04-12,0.394923698971778,0.267
2014-04-13,0.39218428353138673,0.195
2014-04-14,0.389400932866037,0.205
2014-04-15,0.38657622755863497,0.197
2014-04-16,0.38371271749903135,0.195
2014-04-17,0.38081291067433315,0.193
2014-04-18,0.37787926509237707,0.201
2014-04-19,0.3749141828128211,0.188
2014-04-20,0.405812896524335,0.212
2014-04-21,0.3955799096888403,0.211
2014-04-22,0.3691357678929138,0.215
2014-04-23,0.3640359231885733,0.219
2014-04-24,0.35973624029893775,0.202
2014-04-25,0.3961488370700272,0.277
2014-04-26,0.3620046054572701,0.349
2014-04-27,0.36713203086671853,0.465
2014-04-28,0.36214008980864226,0.743
2014-04-29,0.3468185318137562,0.768
2014-04-30,0.34136966625261134,0.428
2014-05-01,0.3605758010750624,0.536
2014-05-02,0.33659541801946946,0.48
2014-05-03,0.33149481138560943,0.311
2014-05-04,0.32819981888628796,0.26
2014-05-05,0.35914137215404,0.238
2014-05-06,0.3316778611313347,0.278
2014-05-07,0.3208988428351944,0.248
2014-05-08,0.31861453380463217,0.219
2014-05-09,0.32320247029029403,0.211
2014-05-10,0.3106033363184126,0.221
2014-05-11,0.306422327517728,0.199
2014-05-12,0.30313882731211983,0.173
2014-05-13,0.2998567094703124,0.164
2014-05-14,0.29662633970990393,0.153
2014-05-15,0.29343045033876236,0.142
2014-05-16,0.2902563881031755,0.138
2014-05-17,0.28710220615003457,0.134
2014-05-18,0.2839669161849668,0.134
2014-05-19,0.28084987683409196,0.132
2014-05-20,0.2777506955358068,0.127
2014-05-21,0.29497436465696714,0.134
2014-05-22,0.29791714250485346,0.241
2014-05-23,0.2973235933184156,0.159
2014-05-24,0.3127128209181067,0.1
2014-05-25,0.26691891681638463,0.215
2014-05-26,0.26875466746267224,0.168
2014-05-27,0.26129944253264176,0.159
2014-05-28,0.2546828504054037,0.259
2014-05-29,0.26701618099551067,0.214
2014-05-30,0.249248326688597,0.146
2014-05-31,0.24545841059132212,0.17
2014-06-01,0.2424398652831807,0.147
2014-06-02,0.23950184472183764,0.133
2014-06-03,0.23660347161517634,0.13
2014-06-04,0.29119887900789393,0.198
2014-06-05,0.23586741194014954,0.235
2014-06-06,0.23028867089341554,0.171
2014-06-07,0.22543409897872355,0.151
2014-06-08,0.2225908901586268,0.134
2014-06-09,0.21986753987797855,0.125
2014-06-10,0.21717371265161053,0.118
2014-06-11,0.21450529441093039,0.116
2014-06-12,0.21186172686607932,0.111
2014-06-13,0.21247953876884237,0.11
2014-06-14,0.20682272908161406,0.11
2014-06-15,0.2040868973317295,0.118
2014-06-16,0.20153141400064833,0.115
2014-06-17,0.19900834082492244,0.098
2014-06-18,0.19650960795449174,0.104
2014-06-19,0.19403473605214566,0.102
2014-06-20,0.191583668728719,0.1
2014-06-21,0.1891563794683141,0.1
2014-06-22,0.1867528470676492,0.099
2014-06-23,0.1843730518117965,0.097
2014-06-24,0.18201697334564523,0.094
2014-06-25,0.17968458909003474,0.094
2014-06-26,0.17737587304739796,0.098
2014-06-27,0.1860959293660069,0.104
2014-06-28,0.181605010391759,0.122
2014-06-29,0.1710485686971063,0.117
2014-06-30,0.16840127504548133,0.109
2014-07-01,0.16618737601592162,0.101
2014-07-02,0.1640186148928873,0.097
2014-07-03,0.1618743602679235,0.094
2014-07-04,0.1663606120231258,0.095
2014-07-05,0.15800919995817672,0.099
2014-07-06,0.15560016290181417,0.093
2014-07-07,0.15353055732182624,0.091
2014-07-08,0.15150093272014264,0.099
2014-07-09,0.14949506640275328,0.096
2014-07-10,0.14751198294970871,0.089
2014-07-11,0.1455515273115369,0.091
2014-07-12,0.14361358456351397,0.089
2014-07-13,0.14169803777309065,0.089
2014-07-14,0.13980476589958835,0.086
2014-07-15,0.13793364386690032,0.083
2014-07-16,0.13608454275192214,0.085
2014-07-17,0.13469091057076615,0.087
2014-07-18,0.19699736898629142,0.095
2014-07-19,0.19866704705906987,0.203
2014-07-20,0.1971522058586828,0.177
2014-07-21,0.13270901572094895,0.139
2014-07-22,0.12757673611579884,0.167
2014-07-23,0.12569217728050106,0.132
2014-07-24,0.1240040953021337,0.112
2014-07-25,0.12163242490519237,0.102
2014-07-26,0.11881059455398577,0.092
2014-07-27,0.11715874332870892,0.084
2014-07-28,0.11556161948671186,0.079
2014-07-29,0.11398560659495209,0.075
2014-07-30,0.1124295363784427,0.074
2014-07-31,0.1108932126448134,0.072
2014-08-01,0.11487369936867978,0.075
2014-08-02,0.10820962793309497,0.078
2014-08-03,0.10641758912599365,0.074
2014-08-04,0.10494286593970426,0.072
2014-08-05,0.14460095550553803,0.078
2014-08-06,0.10614887105903306,0.081
2014-08-07,0.10272935495651485,0.075
2014-08-08,0.09935754031710438,0.076
2014-08-09,0.1396972272914295,0.078
2014-08-10,0.12238560595232038,0.102
2014-08-11,0.11380357116128896,0.106
2014-08-12,0.09677566217005452,0.115
2014-08-13,0.09462521055258881,0.101
2014-08-14,0.11626962703945948,0.102
2014-08-15,0.09328757165481016,0.096
2014-08-16,0.08928299600733812,0.094
2014-08-17,0.08764555173395439,0.096
2014-08-18,0.08642137230999834,0.093
2014-08-19,0.0852270338082438,0.094
2014-08-20,0.08404945980591297,0.093
2014-08-21,0.09733747009674605,0.087
2014-08-22,0.08339686210019931,0.087
2014-08-23,0.08067909362954312,0.077
2014-08-24,0.08067702751616725,0.068
2014-08-25,0.14299576698035615,0.099
2014-08-26,0.08266348402261363,0.153
2014-08-27,0.07836926645984585,0.085
2014-08-28,0.0757483769107416,0.078
2014-08-29,0.07496685998530075,0.078
2014-08-30,0.07315581183899457,0.063
2014-08-31,0.07212239532047444,0.058
2014-09-01,0.07112612402244814,0.072
2014-09-02,0.0701446114514694,0.083
2014-09-03,0.06917702575308998,0.086
2014-09-04,0.06822318322477788,0.078
2014-09-05,0.06728292059527306,0.067
2014-09-06,0.06635607618817485,0.071
2014-09-07,0.06544248937910814,0.069
2014-09-08,0.06454200060189696,0.065
2014-09-09,0.06365445136998911,0.06
2014-09-10,0.06277968429708243,0.051
2014-09-11,0.061917543116508905,0.048
2014-09-12,0.06106787269940385,0.043
2014-09-13,0.060230519071700246,0.048
2014-09-14,0.05940532942998854,0.042
2014-09-15,0.058592152156279824,0.05
2014-09-16,0.05779083683171047,0.059
2014-09-17,0.05700123424922415,0.058
2014-09-18,0.12075568849951777,0.066
2014-09-19,0.08118175651875424,0.073
2014-09-20,0.057931569572314795,0.065
2014-09-21,0.055963091851350184,0.059
2014-09-22,0.05428996850688897,0.058
2014-09-23,0.052533466075578135,0.058
2014-09-24,0.05179066698196711,0.056
2014-09-25,0.05108860555631273,0.055
2014-09-26,0.05039787946323934,0.049
2014-09-27,0.04971747082222855,0.048
2014-09-28,0.049047217183785435,0.047
2014-09-29,0.048386983717779525,0.048
2014-09-30,0.04773663769429869,0.048
2014-10-01,0.04709604770825799,0.052
2014-10-02,0.04646508365654414,0.051
2014-10-03,0.05347288876023398,0.05
2014-10-04,0.04644530912525763,0.057
2014-10-05,0.08702092317498597,0.057
2014-10-06,0.08612814319214317,0.068
2014-10-07,0.0475713048849212,0.072
2014-10-08,0.0488964413251553,0.066
2014-10-09,0.04340917363179815,0.057
2014-10-10,0.042177662065362234,0.059
2014-10-11,0.041218773506789645,0.073
2014-10-12,0.054719389554528236,0.076
2014-10-13,0.10538690050659986,0.128
2014-10-14,0.0557260785100615,0.221
2014-10-15,0.07583059955254867,0.248
2014-10-16,0.04988330985523762,0.237
2014-10-17,0.06436511627343809,0.178
2014-10-18,0.041340758877985606,0.206
2014-10-19,0.0395641162546985,0.179
2014-10-20,0.0416745945247686,0.163
2014-10-21,0.03673585626714741,0.099
2014-10-22,0.035979113117032745,0.107
2014-10-23,0.03546072680951427,0.105
2014-10-24,0.04079348497379144,0.1
2014-10-25,0.03480204383106566,0.109
2014-10-26,0.03405505857896495,0.116
2014-10-27,0.03359227479838231,0.111
2014-10-28,0.033154811797029456,0.104
2014-10-29,0.03569587168686688,0.118
2014-10-30,0.032466642350869775,0.123
2014-10-31,0.03190975207815418,0.113
2014-11-01,0.09398518549488902,0.113
2014-11-02,0.04400843166135104,0.348
2014-11-03,0.03342309231542997,0.394
2014-11-04,0.04349656449983864,0.24
2014-11-05,0.03162055465832421,0.2
2014-11-06,0.09521234570182908,0.194
2014-11-07,0.07877192386404253,1.525
2014-11-08,0.05430417860015133,1.739
2014-11-09,0.03296170251021409,0.742
2014-11-10,0.03950866252113304,0.463
2014-11-11,0.09639488990091184,0.511
2014-11-12,0.048763019245848235,4.398
2014-11-13,0.09180355141401608,1.243
2014-11-14,0.0363928127458686,2.102
2014-11-15,0.03192762707758632,0.981
2014-11-16,0.08763016780465294,0.621
2014-11-17,0.04799966283926197,2.265
2014-11-18,0.03547650970536175,1.061
2014-11-19,0.032703495208091356,0.613
2014-11-20,0.03189256927658498,0.463
2014-11-21,0.09126838000438385,0.677
2014-11-22,0.10373818963027347,1.241
2014-11-23,0.051310046523293205,2.32
2014-11-24,0.04462341211931615,0.978
2014-11-25,0.12805603253015332,1.128
2014-11-26,0.07886710785252424,2.29
2014-11-27,0.05698635101967717,1.259
2014-11-28,0.06170680324237399,0.824
2014-11-29,0.04856564902245938,0.679
2014-11-30,0.04322553062947158,0.557
2014-12-01,0.03969115404845005,0.464
2014-12-02,0.03690780622595021,0.387
2014-12-03,0.034823448905133905,0.328
2014-12-04,0.03311992457497454,0.313
2014-12-05,0.03184046519663297,0.286
2014-12-06,0.04209727505238055,0.272
2014-12-07,0.03609149762861385,0.282
2014-12-08,0.03223722233010247,0.279
2014-12-09,0.04606162332118224,0.265
2014-12-10,0.03395141117167795,0.26
2014-12-11,0.15279616471489252,0.488
2014-12-12,0.08003993570281262,2.768
2014-12-13,0.05248660524620997,0.879
2014-12-14,0.055004510988496506,0.623
2014-12-15,0.04496848991562786,0.514
2014-12-16,0.16410945289283616,1.006
2014-12-17,0.07504065685889573,2.659
2014-12-18,0.15679504592694676,1.717
2014-12-19,0.08306146964928683,3.527
2014-12-20,0.08074675694226088,1.089
2014-12-21,0.08561550665015596,1.145
2014-12-22,0.07703904725355183,1.148
2014-12-23,0.09993003073217749,1.014
2014-12-24,0.06688266832728469,1.2
2014-12-25,0.05910703469205987,0.805
2014-12-26,0.1732270777233525,3.233
2014-12-27,0.12055117865769847,2.864
2014-12-28,0.08390314573716476,1.19
2014-12-29,0.07356220277632247,0.774
2014-12-30,0.06494216022774504,0.625
2014-12-31,0.060114273800057086,0.567
2015-01-01,0.1409321745699907,0.763
2015-01-02,0.2026641501788852,1.22
2015-01-03,0.13000742430598172,5.651
2015-01-04,0.10008153958255527,1.668
2015-01-05,0.08768539380583949,1.031
2015-01-06,0.08217748668597316,0.859
2015-01-07,0.21101218143692838,0.774
2015-01-08,0.16775302573840933,5.589
2015-01-09,0.11836807818591587,2.435
2015-01-10,0.10374901696504873,1.253
2015-01-11,0.10135212833808467,0.859
2015-01-12,0.24763252981082393,1.73
2015-01-13,0.22037715426614704,2.99
2015-01-14,0.370220941740891,7.208
2015-01-15,0.3151023135175417,13.39
2015-01-16,0.20858546516233442,4.261
2015-01-17,0.2150009023037495,1.715
2015-01-18,0.16783304087654502,1.597
2015-01-19,0.14520453502605496,1.074
2015-01-20,0.17995781185639403,0.852
2015-01-21,0.1587612735006314,0.97
2015-01-22,0.12974384160325847,0.833
2015-01-23,0.14699650102525338,0.7
2015-01-24,0.11943930181885752,0.829
2015-01-25,0.11261151935910997,0.673
2015-01-26,0.10277836917673393,0.605
2015-01-27,0.10154172046536039,0.537
2015-01-28,0.09851919547907151,0.54
2015-01-29,0.11705640051561371,0.534
2015-01-30,0.12216666083651245,0.495
2015-01-31,0.1043310314848623,0.475
2015-02-01,0.09752447460459238,0.435
2015-02-02,0.09479513903075713,0.365
2015-02-03,0.09203822356176589,0.339
2015-02-04,0.08999586267263886,0.316
2015-02-05,0.08944772661218252,0.302
2015-02-06,0.08784487849586722,0.289
2015-02-07,0.08689289645570165,0.275
2015-02-08,0.08632097120094549,0.278
2015-02-09,0.08615258635761157,0.275
2015-02-10,0.08576298494421385,0.27
2015-02-11,0.08563251131050736,0.258
2015-02-12,0.08563985507588594,0.256
2015-02-13,0.1131129287688697,0.365
2015-02-14,0.09041976671215018,0.357
2015-02-15,0.09317224546371636,0.318
2015-02-16,0.1345539407964137,0.996
2015-02-17,0.09976389424563792,0.672
2015-02-18,0.09405231946686049,0.473
2015-02-19,0.22453626139945673,1.672
2015-02-20,0.1286487301863475,1.845
2015-02-21,0.11807674558003432,0.8
2015-02-22,0.2854610381632834,2.507
2015-02-23,0.31144280876910807,7.733
2015-02-24,0.222131362843629,3.875
2015-02-25,0.18746827748768316,1.42
2015-02-26,0.20409082429916356,1.154
2015-02-27,0.16747064597710323,0.85
2015-02-28,0.17711663344711492,0.735
2015-03-01,0.21774694178999657,0.719
2015-03-02,0.20170225634609895,0.691
2015-03-03,0.16271942713271784,0.621
2015-03-04,0.1486043447969467,0.47
2015-03-05,0.1385714312551306,0.435
2015-03-06,0.1308469605605719,0.385
2015-03-07,0.1247538979442951,0.349
2015-03-08,0.12090790405947716,0.316
2015-03-09,0.11918207182163215,0.307
2015-03-10,0.11355249611452797,0.284
2015-03-11,0.11096586918696055,0.282
2015-03-12,0.12948473551711265,0.276
2015-03-13,0.1108282104244655,0.304
2015-03-14,0.1082122529915278,0.293
2015-03-15,0.10696618522517293,0.277
2015-03-16,0.11338061095901404,0.314
2015-03-17,0.10574481908694217,0.354
2015-03-18,0.10460823611780053,0.304
2015-03-19,0.10394746387883845,0.267
2015-03-20,0.10340316042914548,0.266
2015-03-21,0.10293013159716416,0.245
2015-03-22,0.10250733862132365,0.241
2015-03-23,0.10211900177946953,0.227
2015-03-24,0.10175278567849667,0.239
2015-03-25,0.11713099546201361,0.228
2015-03-26,0.10186087019659165,0.244
2015-03-27,0.1007436616097083,0.229
2015-03-28,0.11761244326830687,0.256
2015-03-29,0.10117476788822448,0.29
2015-03-30,0.09966573814820236,0.263
2015-03-31,0.09922589171036493,0.231
2015-04-01,0.0989260463249981,0.216
2015-04-02,0.10781979753594284,0.21
2015-04-03,0.09845720270346776,0.227
2015-04-04,0.09755788891623123,0.218
2015-04-05,0.09707371546294315,0.21
2015-04-06,0.0965969788035744,0.196
2015-04-07,0.09610668193090911,0.188
2015-04-08,0.09560208215446668,0.183
2015-04-09,0.09508357638029168,0.182
2015-04-10,0.09455166906867789,0.177
2015-04-11,0.09400690313408482,0.166
2015-04-12,0.09344984537202668,0.151
2015-04-13,0.09288107711901587,0.157
2015-04-14,0.09230118702380241,0.153
2015-04-15,0.09171076539220166,0.15
2015-04-16,0.09111039978156922,0.154
2015-04-17,0.09050067159160866,0.141
2015-04-18,0.08988215344924903,0.136
2015-04-19,0.08925540722587166,0.134
2015-04-20,0.08862098255758175,0.131
2015-04-21,0.08797941576515111,0.129
2015-04-22,0.08733122909100154,0.128
2015-04-23,0.08667693018718975,0.128
2015-04-24,0.08601701180162875,0.129
2015-04-25,0.09548106249176859,0.132
2015-04-26,0.08521402539175345,0.133
2015-04-27,0.08403660055910604,0.125
2015-04-28,0.08333199702922908,0.122
2015-04-29,0.08264940254716499,0.121
2015-04-30,0.08196519578903082,0.117
2015-05-01,0.08127847449261251,0.12
2015-05-02,0.10397796160962687,0.118
2015-05-03,0.08439080307633988,0.141
2015-05-04,0.13978673960762453,0.215
2015-05-05,0.08364080875858056,0.177
2015-05-06,0.07992809201553278,0.16
2015-05-07,0.07783553188827182,0.135
2015-05-08,0.07645041543694234,0.127
2015-05-09,0.07573448172646616,0.121
2015-05-10,0.07503915569548601,0.12
2015-05-11,0.07434504123091233,0.112
2015-05-12,0.0736517918824569,0.113
2015-05-13,0.07295963270080862,0.097
2015-05-14,0.1319269262637847,0.185
2015-05-15,0.07665792739836347,0.169
2015-05-16,0.07299867930981517,0.129
2015-05-17,0.09255082189574233,0.116
2015-05-18,0.0720973825342655,0.138
2015-05-19,0.06912852925388875,0.122
2015-05-20,0.06817352784652236,0.114
2015-05-21,0.0674880205588903,0.104
2015-05-22,0.0668147013508799,0.1
2015-05-23,0.0661447537910349,0.096
2015-05-24,0.06547798915412063,0.096
2015-05-25,0.06481453485431156,0.092
2015-05-26,0.06415452458538634,0.086
2015-05-27,0.0634980859326613,0.086
2015-05-28,0.06284534002859386,0.085
2015-05-29,0.062424342000855844,0.085
2015-05-30,0.06163397193197986,0.084
2015-05-31,0.06091285502459038,0.083
2015-06-01,0.09616218691448768,0.083
2015-06-02,0.06342564787581224,0.086
2015-06-03,0.05999616682080593,0.082
2015-06-04,0.05842039562767109,0.077
2015-06-05,0.05776996173544035,0.073
2015-06-06,0.057153877837904515,0.07
2015-06-07,0.056543399116352935,0.069
2015-06-08,0.055937610410908674,0.066
2015-06-09,0.05533653428803797,0.065
2015-06-10,0.05474022321767098,0.066
2015-06-11,0.05414872697017121,0.064
2015-06-12,0.09774434716411402,0.071
2015-06-13,0.05721654840871388,0.084
2015-06-14,0.0540912467692442,0.078
2015-06-15,0.05188544353662373,0.07
2015-06-16,0.05126672391524483,0.063
2015-06-17,0.05070323911999618,0.062
2015-06-18,0.05014647098159526,0.057
2015-06-19,0.04959484463641795,0.056
2015-06-20,0.049048323830493824,0.055
2015-06-21,0.048506922994528,0.052
2015-06-22,0.04797065585633181,0.053
2015-06-23,0.04743953362467785,0.054
2015-06-24,0.046913565009972756,0.05
2015-06-25,0.04639275631641176,0.048
2015-06-26,0.04587711153458583,0.047
2015-06-27,0.045366632431496114,0.045
2015-06-28,0.04486131863790032,0.045
2015-06-29,0.0443611677330555,0.042
2015-06-30,0.043866175326925536,0.039
2015-07-01,0.043376335139920896,0.036
2015-07-02,0.042891639080236826,0.04
2015-07-03,0.04241768558661257,0.035
2015-07-04,0.041937806610293976,0.032
2015-07-05,0.04146831417041264,0.033
2015-07-06,0.04100407513929786,0.087
2015-07-07,0.04054491988904,0.087
2015-07-08,0.04009082634536064,0.076
2015-07-09,0.03964177556953656,0.068
2015-07-10,0.039197747484293874,0.058
2015-07-11,0.038758720802200025,0.053
2015-07-12,0.03851828668392704,0.06
2015-07-13,0.037901389173284096,0.059
2015-07-14,0.03747159351737555,0.058
2015-07-15,0.037052168210360385,0.052
2015-07-16,0.03663778553084279,0.049
2015-07-17,0.03622825899906393,0.045
2015-07-18,0.035823555545842344,0.042
2015-07-19,0.03542364592135814,0.04
2015-07-20,0.0350285002497244,0.04
2015-07-21,0.03463808793655334,0.038
2015-07-22,0.0342523777057714,0.038
2015-07-23,0.04828765860674463,0.044
2015-07-24,0.09877891594067971,0.1
2015-07-25,0.10116167747531726,0.081
2015-07-26,0.10094394651331536,0.081
2015-07-27,0.037934438031082644,0.081
2015-07-28,0.034166875620560706,0.059
2015-07-29,0.03175014322597223,0.053
2015-07-30,0.031334348560895404,0.047
2015-07-31,0.030987213921368283,0.043
2015-08-01,0.030646600285589045,0.042
2015-08-02,0.030310387630118014,0.043
2015-08-03,0.029978464722371728,0.041
2015-08-04,0.029650791688608544,0.042
2015-08-05,0.029327331185911822,0.038
2015-08-06,0.029008045776885514,0.035
2015-08-07,0.028692897841722027,0.039
2015-08-08,0.02838184959561712,0.04
2015-08-09,0.028074863110181803,0.06
2015-08-10,0.027771900334287707,0.043
2015-08-11,0.02747292311414735,0.04
2015-08-12,0.02717789321264094,0.037
2015-08-13,0.053131354891110136,0.041
2015-08-14,0.042180451697407126,0.047
2015-08-15,0.028994372606461746,0.04
2015-08-16,0.026494856802322785,0.039
2015-08-17,0.025775350064653244,0.035
2015-08-18,0.025488956130056903,0.037
2015-08-19,0.07139799162166713,0.043
2015-08-20,0.02929995773815253,0.039
2015-08-21,0.02676070008406111,0.036
2015-08-22,0.04142464029804732,0.04
2015-08-23,0.06849723266205685,0.054
2015-08-24,0.056842930335787537,0.056
2015-08-25,0.05991853053038317,0.05
2015-08-26,0.02724270348454386,0.052
2015-08-27,0.025237268169540077,0.056
2015-08-28,0.02337648356631416,0.05
2015-08-29,0.02274175117307289,0.041
2015-08-30,0.05499376555648678,0.041
2015-08-31,0.025871548281075286,0.055
2015-09-01,0.03305423046640294,0.049
2015-09-02,0.02237942973109468,0.044
2015-09-03,0.021637253864137618,0.041
2015-09-04,0.021395304209789915,0.03
2015-09-05,0.021182156791600876,0.032
2015-09-06,0.020973380067989895,0.032
2015-09-07,0.020767648492258352,0.029
2015-09-08,0.020564857590817904,0.033
2015-09-09,0.020364968460344943,0.035
2015-09-10,0.020167945953107273,0.03
2015-09-11,0.01997375534933968,0.039
2015-09-12,0.019782362181336378,0.022
2015-09-13,0.04653144273433775,0.03
2015-09-14,0.0469769643784264,0.036
2015-09-15,0.02255531847577994,0.034
2015-09-16,0.0837105680215553,0.065
2015-09-17,0.029923525109624236,0.072
2015-09-18,0.021122893944993497,0.055
2015-09-19,0.01961505567358714,0.042
2015-09-20,0.01838143993828129,0.048
2015-09-21,0.05791786527415211,0.041
2015-09-22,0.022009171999875846,0.045
2015-09-23,0.023305648807708912,0.041
2015-09-24,0.018651412069716426,0.042
2015-09-25,0.017567066835025066,0.034
2015-09-26,0.017379152261743365,0.033
2015-09-27,0.017224552792774947,0.031
2015-09-28,0.017073392483615325,0.029
2015-09-29,0.016924530915322013,0.029
2015-09-30,0.016777893443188186,0.023
2015-10-01,0.016633448742688118,0.028
2015-10-02,0.016491167667559727,0.028
2015-10-03,0.016351021446148528,0.028
2015-10-04,0.021048760017738914,0.028
2015-10-05,0.08084856310336803,0.042
2015-10-06,0.0661626301386306,0.078
2015-10-07,0.020374572881051177,0.074
2015-10-08,0.0177599526423162,0.047
2015-10-09,0.015619367437922443,0.044
2015-10-10,0.015429586334272377,0.039
2015-10-11,0.015303423900907302,0.036
2015-10-12,0.015181171300389741,0.032
2015-10-13,0.015060851431504528,0.03
2015-10-14,0.014942371371311472,0.048
2015-10-15,0.014825703263937066,0.035
2015-10-16,0.014710821926730197,0.016
2015-10-17,0.01459770255187959,0.027
2015-10-18,0.014486320613224937,0.027
2015-10-19,0.014376651861058316,0.026
2015-10-20,0.07325159967611611,0.048
2015-10-21,0.019204032079781524,0.033
2015-10-22,0.01616238587435689,0.046
2015-10-23,0.014021946852134353,0.037
2015-10-24,0.02845441628893061,0.042
2015-10-25,0.014515886492209666,0.042
2015-10-26,0.013695501129993341,0.04
2015-10-27,0.030005521727446048,0.041
2015-10-28,0.014495927094223565,0.041
2015-10-29,0.05983640208490615,0.048
2015-10-30,0.017637076434826652,0.089
2015-10-31,0.015253416132525207,0.083
2015-11-01,0.013161587565937856,0.06
2015-11-02,0.01301037346136971,0.058
2015-11-03,0.02400398695199351,0.044
2015-11-04,0.034955162756950264,0.058
2015-11-05,0.051715647961833346,0.159
2015-11-06,0.08078618793823869,0.193
2015-11-07,0.044804305472788825,0.5
2015-11-08,0.017034545485948297,0.327
2015-11-09,0.015267859570979023,0.174
2015-11-10,0.013363269115920902,0.12
2015-11-11,0.012800893959569366,0.093
2015-11-12,0.026335839852989283,0.08
2015-11-13,0.0426644012607555,0.133
2015-11-14,0.036615974111051976,0.229
2015-11-15,0.017520695567342363,0.293
2015-11-16,0.0520982915517598,0.212
2015-11-17,0.03556787213806593,0.511
2015-11-18,0.03003904776849054,0.399
2015-11-19,0.03419044761537536,0.332
2015-11-20,0.027650550826071776,0.356
2015-11-21,0.016617396463706614,0.256
2015-11-22,0.015269408672089802,0.217
2015-11-23,0.05294932280464146,0.188
2015-11-24,0.01817365999788798,0.435
2015-11-25,0.029228500464423542,0.396
2015-11-26,0.015156546534188575,0.54
2015-11-27,0.020084590921231504,0.37
2015-11-28,0.0840537588631373,1.547
2015-11-29,0.06898425439082191,1.632
2015-11-30,0.04996237854932477,1.056
2015-12-01,0.0293134666082345,0.821
2015-12-02,0.06743485040672915,0.562
2015-12-03,0.1144237446311047,1.19
2015-12-04,0.050664621146338074,1.502
2015-12-05,0.04143095819998317,0.707
2015-12-06,0.06118743941590848,0.472
2015-12-07,0.050078729673373915,0.403
2015-12-08,0.03821366207059795,0.411
2015-12-09,0.03183619490063145,0.333
2015-12-10,0.05015167683141168,0.303
2015-12-11,0.08936622861177168,0.622
2015-12-12,0.1424227401724675,0.957
2015-12-13,0.06428296707574833,2.174
2015-12-14,0.07712866241193453,0.948
2015-12-15,0.14266432717334848,1.98
2015-12-16,0.07111338740614384,1.812
2015-12-17,0.07255541459358528,0.972
2015-12-18,0.05785021626951476,0.741
2015-12-19,0.04866942653849632,0.648
2015-12-20,0.053268218945680984,0.524
2015-12-21,0.0733350212154562,0.482
2015-12-22,0.14274438519786686,1.019
2015-12-23,0.10214699527785796,1.436
2015-12-24,0.18728610652351313,3.362
2015-12-25,0.13704236938452127,1.953
2015-12-26,0.19741298359026002,1.213
2015-12-27,0.1313386501171925,2.358
2015-12-28,0.10506232823940574,1.237
2015-12-29,0.09001755047950494,0.852
2015-12-30,0.4146309417561853,15.4
2015-12-31,0.33060924643252815,16.69
2016-01-01,0.319769520441526,3.865
2016-01-02,0.331167493248916,3.602
2016-01-03,0.3905968834735665,9.596
2016-01-04,0.2840236801466652,3.808
2016-01-05,0.2932838515206725,2.255
2016-01-06,0.3572174129023855,2.412
2016-01-07,0.2351199352605923,3.555
2016-01-08,0.30618448325141007,1.401
2016-01-09,0.3683154513701298,7.399
2016-01-10,0.4392462629629877,6.163
2016-01-11,0.27523414400094875,7.93
2016-01-12,0.2352809915646847,2.175
2016-01-13,0.2727870230537442,1.379
2016-01-14,0.20356085116955291,1.192
2016-01-15,0.1782502783253211,0.876
2016-01-16,0.16298629888358673,0.753
2016-01-17,0.19148649148511118,0.727
2016-01-18,0.15276138603165934,0.7
2016-01-19,0.1403870648238585,0.591
2016-01-20,0.13273541869696684,0.506
2016-01-21,0.22149085857544235,0.495
2016-01-22,0.26101344682082267,2.153
2016-01-23,0.23800752631328675,1.169
2016-01-24,0.18584458253639605,1.099
2016-01-25,0.16936535975073166,0.858
2016-01-26,0.39698367707999765,2.286
2016-01-27,0.2677011753175,2.457
2016-01-28,0.2234292645052946,1.154
2016-01-29,0.39911916812277887,1.488
2016-01-30,0.25424658284405804,2.084
2016-01-31,0.2263563635745365,1.044
2016-02-01,0.22323110816359149,0.812
2016-02-02,0.1979348847680089,0.676
2016-02-03,0.18608099608161421,0.573
2016-02-04,0.17435148202761408,0.523
2016-02-05,0.36560743676460083,0.546
2016-02-06,0.6639486422483115,30.32
2016-02-07,0.6596304648983293,26.46
2016-02-08,0.6346905144085843,27.57
2016-02-09,0.4799290725172623,10.61
2016-02-10,0.37789842158207393,2.739
2016-02-11,0.33440095177665174,1.476
2016-02-12,0.3068721577978531,1.072
2016-02-13,0.34531467063797516,1.106
2016-02-14,0.2792910405182534,1.015
2016-02-15,0.25681467432492144,0.745
2016-02-16,0.24612436364466395,0.652
2016-02-17,0.3850471141089802,1.577
2016-02-18,0.27714042809679684,1.225
2016-02-19,0.2557824173783317,0.788
2016-02-20,0.2879655193273286,0.965
2016-02-21,0.25980351497788723,0.988
2016-02-22,0.23589949048018344,0.877
2016-02-23,0.2264438532290209,0.673
2016-02-24,0.21995629057208976,0.563
2016-02-25,0.2150439255888975,0.499
2016-02-26,0.2109330098396606,0.457
2016-02-27,0.2080158813382202,0.406
2016-02-28,0.20587142043645754,0.365
2016-02-29,0.21767384731394776,0.34
2016-03-01,0.26809042953617873,0.44
2016-03-02,0.26406674397231583,0.555
2016-03-03,0.27874762977533635,0.588
2016-03-04,0.2922981819660131,0.773
2016-03-05,0.2539942423622224,0.831
2016-03-06,0.23912413374902178,0.615
2016-03-07,0.23217001546654345,0.483
2016-03-08,0.48674828834305983,3.581
2016-03-09,0.42724116127846806,28.85
2016-03-10,0.33302598684283213,2.499
2016-03-11,0.2903300297878571,1.129
2016-03-12,0.27372139524854083,0.813
2016-03-13,0.2595618315735292,0.667
2016-03-14,0.24979961115911217,0.571
2016-03-15,0.2432150347656558,0.459
2016-03-16,0.23597110506840582,0.43
2016-03-17,0.23099949859374075,0.386
2016-03-18,0.22706036129067697,0.353
2016-03-19,0.22383807763437394,0.328
2016-03-20,0.22122155112402248,0.314
2016-03-21,0.21907814386322866,0.303
2016-03-22,0.21728999990456027,0.315
2016-03-23,0.21577241374456654,0.285
2016-03-24,0.2360148047203113,0.293
2016-03-25,0.215403352342599,0.298
2016-03-26,0.26425704010712675,0.458
2016-03-27,0.5616503538425951,7.206
2016-03-28,0.5113614709529767,20.58
2016-03-29,0.5524029189552883,6.607
2016-03-30,0.3926209827642315,2.777
2016-03-31,0.3489306417416915,1.145
2016-04-01,0.32237344682666874,0.797
2016-04-02,0.3046541830809677,0.645
2016-04-03,0.2980857038606732,0.573
2016-04-04,0.367525822827626,0.908
2016-04-05,0.2943894669010672,0.831
2016-04-06,0.3147719873871614,0.596
2016-04-07,0.33100901789075765,0.543
2016-04-08,0.31252413237179955,0.652
2016-04-09,0.3104403471391044,0.716
2016-04-10,0.38267595340057514,0.664
2016-04-11,0.3970736451897733,2.943
2016-04-12,0.31794135566094145,1.157
2016-04-13,0.29802051333844715,0.696
2016-04-14,0.28851152598802215,0.567
2016-04-15,0.275696022310109,0.511
2016-04-16,0.2590283039363921,0.445
2016-04-17,0.2507516004028547,0.311
2016-04-18,0.24463643478546568,0.322
2016-04-19,0.23968531285638378,0.305
2016-04-20,0.23562322571902583,0.291
2016-04-21,0.23225756409610476,0.278
2016-04-22,0.2618596313731336,0.293
2016-04-23,0.2306370216863166,0.307
2016-04-24,0.22593969335350333,0.286
2016-04-25,0.22318500919129602,0.271
2016-04-26,0.22152872775596902,0.257
2016-04-27,0.22004477453432356,0.246
2016-04-28,0.22152600806584738,0.244
2016-04-29,0.21751544938498565,0.24
2016-04-30,0.21612207347695633,0.246
2016-05-01,0.21489730450276107,0.229
2016-05-02,0.22444372464507692,0.236
2016-05-03,0.21310160631239738,0.223
2016-05-04,0.2113483934559058,0.214
2016-05-05,0.21012341574345061,0.21
2016-05-06,0.20891351807038955,0.206
2016-05-07,0.20769001444615082,0.208
2016-05-08,0.20644916124089416,0.207
2016-05-09,0.26673556004957216,0.214
2016-05-10,0.27174541146697706,0.374
2016-05-11,0.2761586121707484,10.77
2016-05-12,0.21939887583046366,5.394
2016-05-13,0.20447834990960104,0.67
2016-05-14,0.20205644277597837,0.419
2016-05-15,0.19848598907015289,0.329
2016-05-16,0.19681182917876178,0.279
2016-05-17,0.2205752390327141,0.257
2016-05-18,0.1972774314969048,0.273
2016-05-19,0.1925201635728161,0.247
2016-05-20,0.19700174585139607,0.233
2016-05-21,0.2046898869679279,0.252
2016-05-22,0.19534085418000902,0.251
2016-05-23,0.18692662330799092,0.231
2016-05-24,0.18492132149436738,0.211
2016-05-25,0.1832605073405578,0.203
2016-05-26,0.1816327537825735,0.196
2016-05-27,0.18004590043836421,0.189
2016-05-28,0.17841279980275287,0.188
2016-05-29,0.17681233995414708,0.183
2016-05-30,0.17521718892211519,0.171
2016-05-31,0.23245882615970567,0.218
2016-06-01,0.17706923493805068,0.212
2016-06-02,0.17255209562106733,0.191
2016-06-03,0.1689286894161363,0.18
2016-06-04,0.16727844087732602,0.172
2016-06-05,0.16569235393034892,0.164
2016-06-06,0.16410974350702118,0.153
2016-06-07,0.16252880468184994,0.15
2016-06-08,0.16094974049040622,0.146
2016-06-09,0.15937286948954463,0.144
2016-06-10,0.15779854646219743,0.15
2016-06-11,0.17357693914090003,0.152
2016-06-12,0.1555598514881652,0.162
2016-06-13,0.1531424248524066,0.151
2016-06-14,0.15153701705736128,0.253
2016-06-15,0.17845761318326625,0.082
2016-06-16,0.1657866711287059,0.163
2016-06-17,0.15792491346436904,0.221
2016-06-18,0.1459340003384243,0.196
2016-06-19,0.20837312699211072,0.182
2016-06-20,0.15005411838179572,0.457
2016-06-21,0.14301396850544087,0.27
2016-06-22,0.13936520559610877,0.196
2016-06-23,0.13774474862527517,0.174
2016-06-24,0.16417196627809902,0.273
2016-06-25,0.15814428501523364,0.214
2016-06-26,0.1463274440923391,0.295
2016-06-27,0.13433639060274208,0.113
2016-06-28,0.13594680147640117,0.176
2016-06-29,0.14824333521093738,0.214
2016-06-30,0.12875121238047146,0.246
2016-07-01,0.12605331217288074,0.198
2016-07-02,0.12456535770729663,0.162
2016-07-03,0.12314434506091615,0.149
2016-07-04,0.1217361906400632,0.187
2016-07-05,0.12033834672190036,0.198
2016-07-06,0.11895082888657564,0.167
2016-07-07,0.11757377564720499,0.15
2016-07-08,0.11620732267995705,0.138
2016-07-09,0.11485159648218747,0.127
2016-07-10,0.13095574231660487,0.128
2016-07-11,0.11495409451786476,0.127
2016-07-12,0.11354559430066805,0.123
2016-07-13,0.12454185887231979,0.118
2016-07-14,0.10901034242167498,0.113
2016-07-15,0.10698919522098649,0.113
2016-07-16,0.10567280282765042,0.111
2016-07-17,0.10440433918128592,0.106
2016-07-18,0.10314930971126336,0.11
2016-07-19,0.10190591737034545,0.104
2016-07-20,0.100674103530833,0.1
2016-07-21,0.09945389724347022,0.099
2016-07-22,0.09824532663650233,0.097
2016-07-23,0.09704841433720263,0.096
2016-07-24,0.09586317743039227,0.098
2016-07-25,0.09468962765701398,0.097
2016-07-26,0.09352777161990483,0.096
2016-07-27,0.09237761098425447,0.095
2016-07-28,0.09123914267220434,0.093
2016-07-29,0.0901123590516927,0.092
2016-07-30,0.08899724811968515,0.09
2016-07-31,0.08789379367993169,0.089
2016-08-01,0.15133446758914082,0.119
2016-08-02,0.15111806751634302,0.127
2016-08-03,0.09004247558978216,0.109
2016-08-04,0.08571965799312355,0.097
2016-08-05,0.08359217238941476,0.092
2016-08-06,0.08154795951720185,0.089
2016-08-07,0.0804947891946508,0.089
2016-08-08,0.07948262592943678,0.083
2016-08-09,0.07848271199077753,0.077
2016-08-10,0.07749412509567329,0.076
2016-08-11,0.07651678641314218,0.075
2016-08-12,0.0755506406452325,0.074
2016-08-13,0.07459563098481688,0.076
2016-08-14,0.07365169844493422,0.075
2016-08-15,0.07271878194452001,0.075
2016-08-16,0.07179681841494946,0.073
2016-08-17,0.07088574290394037,0.073
2016-08-18,0.07556414696829027,0.073
2016-08-19,0.07009158812045417,0.078
2016-08-20,0.08434478061669823,0.08
2016-08-21,0.0694516124136071,0.08
2016-08-22,0.06657329057679992,0.077
2016-08-23,0.06564757772877029,0.072
2016-08-24,0.06480743298620485,0.071
2016-08-25,0.06398077617624233,0.074
2016-08-26,0.06316449898276268,0.068
2016-08-27,0.08090685665707828,0.069
2016-08-28,0.06296242855710084,0.07
2016-08-29,0.06084046241345882,0.067
2016-08-30,0.060003303637328725,0.064
2016-08-31,0.059234034649368106,0.064
2016-09-01,0.05847733441663497,0.063
2016-09-02,0.057730442859833836,0.064
2016-09-03,0.10858469458528652,0.075
2016-09-04,0.07350056204941688,0.071
2016-09-05,0.058315240297487934,0.072
2016-09-06,0.056818810978268956,0.067
2016-09-07,0.054198586553204024,0.066
2016-09-08,0.05344925407418003,0.065
2016-09-09,0.09632666549116063,0.068
2016-09-10,0.05629552718832374,0.082
2016-09-11,0.05348845309867612,0.074
2016-09-12,0.05083931743761668,0.071
2016-09-13,0.05013042809201318,0.069
2016-09-14,0.04949083281893469,0.065
2016-09-15,0.0488617520645007,0.063
2016-09-16,0.04824119942397392,0.059
2016-09-17,0.04762902352135299,0.059
2016-09-18,0.047025135257982,0.06
2016-09-19,0.04642944790972105,0.062
2016-09-20,0.045841874991437145,0.06
2016-09-21,0.04526233020069205,0.058
2016-09-22,0.04469072744154271,0.056
2016-09-23,0.04412698085064114,0.054
2016-09-24,0.06804691608574014,0.058
2016-09-25,0.04597967298046195,0.059
2016-09-26,0.04544210649600576,0.058
2016-09-27,0.042092841158882295,0.055
2016-09-28,0.04162228977155811,0.054
2016-09-29,0.04091084692136889,0.053
2016-09-30,0.05070028903157159,0.052
2016-10-01,0.07397482642183421,0.063
2016-10-02,0.04307843402421555,0.056
2016-10-03,0.03963055465435822,0.052
2016-10-04,0.03844417700906492,0.05
2016-10-05,0.037944818759144544,0.05
2016-10-06,0.03747471697098079,0.048
2016-10-07,0.03701209367686349,0.048
2016-10-08,0.03655611098196564,0.047
2016-10-09,0.0361066609255634,0.049
2016-10-10,0.03566366346981753,0.046
2016-10-11,0.0352270402404298,0.046
2016-10-12,0.03479671346491959,0.045
2016-10-13,0.0343726059343023,0.045
2016-10-14,0.033954641009486156,0.049
2016-10-15,0.08313259131799258,0.053
2016-10-16,0.03766731763147725,0.06
2016-10-17,0.0413506371108434,0.048
2016-10-18,0.033642172190143094,0.047
2016-10-19,0.032002174345973994,0.044
2016-10-20,0.03157354697682703,0.046
2016-10-21,0.03119464881225082,0.044
2016-10-22,0.030823056615252108,0.041
2016-10-23,0.030460544606442104,0.046
2016-10-24,0.06015926370588006,0.046
2016-10-25,0.03320889158529553,0.046
2016-10-26,0.029989702708693784,0.047
2016-10-27,0.029066280794474,0.049
2016-10-28,0.028707314374129798,0.048
2016-10-29,0.028372016168523164,0.047
2016-10-30,0.02804237417902987,0.047
2016-10-31,0.027717690132215003,0.044
2016-11-01,0.02739787449147126,0.046
2016-11-02,0.027082861435704594,0.04
2016-11-03,0.0304684228817424,0.041
2016-11-04,0.03740005422687299,0.045
2016-11-05,0.026723879547206564,0.039
2016-11-06,0.025901918542069254,0.041
2016-11-07,0.025579262312296958,0.038
2016-11-08,0.0898226664694569,0.069
2016-11-09,0.0930055712147125,0.192
2016-11-10,0.030259035443895303,0.104
2016-11-11,0.05528385003020272,0.089
2016-11-12,0.027720384061317924,0.056
2016-11-13,0.025949750677347998,0.077
2016-11-14,0.023766235365149255,0.067
2016-11-15,0.02885138540025703,0.066
2016-11-16,0.031621171081500456,0.063
2016-11-17,0.07693235602044722,0.071
2016-11-18,0.03424501569611934,0.122
2016-11-19,0.09136436531897676,0.244
2016-11-20,0.09516210406994871,1.2
2016-11-21,0.10195876017200173,8.261
2016-11-22,0.11064039604941385,9.825
2016-11-23,0.10109343860637732,3.145
2016-11-24,0.05068873212312469,0.939
2016-11-25,0.031291642204031744,0.622
2016-11-26,0.028892024321279977,0.448
2016-11-27,0.02657134627688421,0.313
2016-11-28,0.024597660104897653,0.249
2016-11-29,0.023832599468627213,0.208
2016-11-30,0.023110553791558318,0.191
2016-12-01,0.02255570331507627,0.178
2016-12-02,0.022091880711271154,0.173
2016-12-03,0.021516061563824608,0.17
2016-12-04,0.02126052528932466,0.165
2016-12-05,0.021079309296925502,0.162
2016-12-06,0.020708744756553533,0.156
2016-12-07,0.020315581059503433,0.158
2016-12-08,0.022851108499392085,0.16
2016-12-09,0.02087979602964145,0.16
2016-12-10,0.09739583762914555,0.601
2016-12-11,0.04861774792946098,0.771
2016-12-12,0.06485659713548508,0.496
2016-12-13,0.03762166191236649,0.505
2016-12-14,0.03139778000197074,0.461
2016-12-15,0.03918258894513553,0.378
2016-12-16,0.02993662157129657,0.33
2016-12-17,0.027337015645335496,0.296
2016-12-18,0.02568890189417233,0.281
2016-12-19,0.036679364432871106,0.269
2016-12-20,0.038038458289267586,0.267
2016-12-21,0.03071914683809742,0.259
2016-12-22,0.027994991801460478,0.248
2016-12-23,0.043987411376129874,0.256
2016-12-24,0.028733778262333174,0.265
2016-12-25,0.04579248912772392,0.266
2016-12-26,0.02977908932641046,0.263
2016-12-27,0.02756883766547102,0.247
2016-12-28,0.02577626479897145,0.243
2016-12-29,0.024881995288889344,0.235
2016-12-30,0.023942956056777105,0.227
2016-12-31,0.02930641320489593,0.234
2017-01-01,0.08454702435854687,0.465
2017-01-02,0.038514624847465116,0.635
2017-01-03,0.032576963947934724,0.427
2017-01-04,0.02891750091286627,0.364
2017-01-05,0.027354371023028377,0.312
2017-01-06,0.09986002631520195,0.339
2017-01-07,0.048232039262885724,0.65
2017-01-08,0.047672193459737444,0.562
2017-01-09,0.0573218214119286,0.574
2017-01-10,0.039172048733082054,0.538
2017-01-11,0.03506284016830639,0.425
2017-01-12,0.12945921631922533,0.886
2017-01-13,0.05765842434025744,0.897
2017-01-14,0.09788392919095303,0.582
2017-01-15,0.11133109446425629,0.966
2017-01-16,0.09010447782213583,1.134
2017-01-17,0.0635784399335345,0.937
2017-01-18,0.05471260621481634,0.669
2017-01-19,0.04808013612956089,0.522
2017-01-20,0.04379367648821142,0.433
2017-01-21,0.040301468733524186,0.371
2017-01-22,0.03746603763971109,0.325
2017-01-23,0.0352749560731179,0.304
2017-01-24,0.033991679931445605,0.298
2017-01-25,0.03267614102735277,0.292
2017-01-26,0.03125280567976716,0.288
2017-01-27,0.10294621973669528,0.304
2017-01-28,0.049738731040491105,0.552
2017-01-29,0.16582018097980283,1.461
2017-01-30,0.12335439025990998,1.707
2017-01-31,0.29596002290408646,3.528
2017-02-01,0.24490381491647603,11.89
2017-02-02,0.16201509383425952,4.882
2017-02-03,0.19100011024549707,2.563
2017-02-04,0.13320409537727965,1.688
2017-02-05,0.11069691871986291,1.048
2017-02-06,0.19824111704531022,1.162
2017-02-07,0.18637073851214245,2.179
2017-02-08,0.1415506627076894,2.269
2017-02-09,0.11397552704512497,1.285
2017-02-10,0.09892749456461436,0.897
2017-02-11,0.09115430248114297,0.721
2017-02-12,0.08059951282361626,0.616
2017-02-13,0.07406052779685905,0.554
2017-02-14,0.06915887798320257,0.479
2017-02-15,0.12526732896970552,0.644
2017-02-16,0.08215012907420323,0.753
2017-02-17,0.07361690304776618,0.56
2017-02-18,0.06961110319458495,0.477
2017-02-19,0.06627533726030853,0.421
2017-02-20,0.06571594051668114,0.382
2017-02-21,0.06338048557489659,0.363
2017-02-22,0.10654574462788989,0.354
2017-02-23,0.07305276016174757,0.466
2017-02-24,0.06853756331770378,0.386
2017-02-25,0.10508528446983584,0.362
2017-02-26,0.10170332540272715,0.447
2017-02-27,0.13951715688635263,0.592
2017-02-28,0.11572170983643539,0.656
2017-03-01,0.1290618141755551,0.632
2017-03-02,0.15421531867781624,0.572
2017-03-03,0.20123908444263938,1.004
2017-03-04,0.24361809265829337,1.064
2017-03-05,0.2197489191993933,1.684
2017-03-06,0.15915522189951178,1.083
2017-03-07,0.21578002017866896,0.731
2017-03-08,0.15759565335606868,0.805
2017-03-09,0.13449654838190744,0.685
2017-03-10,0.12065117879702844,0.558
2017-03-11,0.19754896639928043,0.494
2017-03-12,0.13835654656893673,0.785
2017-03-13,0.11945844110424808,0.629
2017-03-14,0.11063782235922001,0.481
2017-03-15,0.10407523474174256,0.328
2017-03-16,0.09963391473295288,0.368
2017-03-17,0.09549836999498056,0.331
2017-03-18,0.09188959389902972,0.311
2017-03-19,0.10059291922630577,0.298
2017-03-20,0.11952880189051746,0.325
2017-03-21,0.19636371818227977,0.332
2017-03-22,0.18131093901592463,0.763
2017-03-23,0.13305301336722633,0.667
2017-03-24,0.12169281891986122,0.473
2017-03-25,0.11269703208781959,0.397
2017-03-26,0.10712801853665568,0.346
2017-03-27,0.10279865736804829,0.225
2017-03-28,0.09981693042073106,0.274
2017-03-29,0.09687783602917069,0.274
2017-03-30,0.09469632932761057,0.267
2017-03-31,0.09306676262376423,0.249
2017-04-01,0.09180210843911492,0.235
2017-04-02,0.0908216807539815,0.224
2017-04-03,0.09005695719304475,0.217
2017-04-04,0.08945745617635212,0.208
2017-04-05,0.08898328947616806,0.208
2017-04-06,0.0886028268447928,0.202
2017-04-07,0.08829102507148116,0.199
2017-04-08,0.088028102169276,0.197
2017-04-09,0.08779847751574575,0.197
2017-04-10,0.08758992419956783,0.187
2017-04-11,0.0873928910966859,0.189
2017-04-12,0.08719996072355589,0.186
2017-04-13,0.08700541570715808,0.183
2017-04-14,0.08680489214371565,0.183
2017-04-15,0.08659510246379161,0.178
2017-04-16,0.08637361389801028,0.179
2017-04-17,0.08613867141890968,0.29
2017-04-18,0.08588905625943431,0.17
2017-04-19,0.08562397288857915,0.166
2017-04-20,0.0853429587486938,0.079
2017-04-21,0.08504581219815237,0.161
2017-04-22,0.08473253501444869,0.158
2017-04-23,0.08440328654185872,0.162
2017-04-24,0.08405834715107485,0.166
2017-04-25,0.08369808914482468,0.163
2017-04-26,0.0833229536167717,0.158
2017-04-27,0.08293343206962149,0.156
2017-04-28,0.08253005183725375,0.154
2017-04-29,0.08211336454681989,0.154
2017-04-30,0.08168825796098361,0.154
2017-05-01,0.08124247368054345,0.152
2017-05-02,0.08078916678382968,0.148
2017-05-03,0.08032496888694286,0.148
2017-05-04,0.07985033152584146,0.145
2017-05-05,0.0793658129964571,0.144
2017-05-06,0.07887196505241846,0.143
2017-05-07,0.0783693280779276,0.141
2017-05-08,0.07785842989590261,0.139
2017-05-09,0.0773397849875235,0.137
2017-05-10,0.07681389396359035,0.14
2017-05-11,0.098450711515394,0.123
2017-05-12,0.07762408493244108,0.119
2017-05-13,0.10643719040328742,0.119
2017-05-14,0.07817863673817964,0.121
2017-05-15,0.07457848780996502,0.122
2017-05-16,0.12716050570884813,0.13
2017-05-17,0.13289413560952087,0.253
2017-05-18,0.07749283534092004,0.219
2017-05-19,0.0739376977975708,0.145
2017-05-20,0.07289071687584273,0.136
2017-05-21,0.07076285570979356,0.129
2017-05-22,0.07010512595723044,0.121
2017-05-23,0.06952003165985417,0.116
2017-05-24,0.0689371334978838,0.11
2017-05-25,0.0683530406884821,0.104
2017-05-26,0.06776784592369106,0.104
2017-05-27,0.06718181652574848,0.103
2017-05-28,0.08603997760885392,0.104
2017-05-29,0.12179106492416346,0.141
2017-05-30,0.07028747609776839,0.129
2017-05-31,0.06692964395299848,0.112
2017-06-01,0.06431494469044181,0.107
2017-06-02,0.08716767975056404,0.119
2017-06-03,0.06431288499829635,0.119
2017-06-04,0.06780282506840365,0.114
2017-06-05,0.12670599489724046,0.176
2017-06-06,0.10771906217917694,0.223
2017-06-07,0.06510471654684837,0.148
2017-06-08,0.06223913153377819,0.126
2017-06-09,0.05966112139301332,0.113
2017-06-10,0.06095270719552567,0.111
2017-06-11,0.05854509817120895,0.106
2017-06-12,0.057885573971073245,0.1
2017-06-13,0.057314063839897844,0.096
2017-06-14,0.0567495440864163,0.092
2017-06-15,0.056187996193159104,0.095
2017-06-16,0.0556293191123557,0.087
2017-06-17,0.055073611547510275,0.098
2017-06-18,0.054520977590687164,0.085
2017-06-19,0.053971516546567386,0.081
2017-06-20,0.05342532254903072,0.087
2017-06-21,0.052882484699378215,0.072
2017-06-22,0.05234308722836158,0.077
2017-06-23,0.05180720965523356,0.08
2017-06-24,0.051274926942473875,0.079
2017-06-25,0.05074630964622253,0.08
2017-06-26,0.050221424062524736,0.076
2017-06-27,0.11423282444302614,0.326
2017-06-28,0.1171817276164793,0.373
2017-06-29,0.054200711905035316,0.15
2017-06-30,0.05029166936909576,0.109
2017-07-01,0.04795777586720839,0.085
2017-07-02,0.04716303032515254,0.078
2017-07-03,0.0466567454930493,0.072
2017-07-04,0.04616334933809981,0.076
2017-07-05,0.045674387611500854,0.072
2017-07-06,0.045189624592930286,0.068
2017-07-07,0.04470907962371915,0.067
2017-07-08,0.044232777604267116,0.064
2017-07-09,0.04376074102421842,0.062
2017-07-10,0.04329298978637743,0.061
2017-07-11,0.10736203336517858,0.089
2017-07-12,0.08168926343898959,0.096
2017-07-13,0.04588574726720718,0.074
2017-07-14,0.043511493595309314,0.069
2017-07-15,0.04108316049724278,0.071
2017-07-16,0.0405793559948007,0.068
2017-07-17,0.04013995988476861,0.063
2017-07-18,0.040365916985099726,0.052
2017-07-19,0.06823139779075654,0.062
2017-07-20,0.04226078436304322,0.063
2017-07-21,0.10310458239760166,0.084
2017-07-22,0.08055945280471696,0.084
2017-07-23,0.057037197217024244,0.076
2017-07-24,0.040087869215137524,0.065
2017-07-25,0.04625406576097476,0.067
2017-07-26,0.03749611306031839,0.073
2017-07-27,0.036048268077847875,0.069
2017-07-28,0.0356175423853322,0.062
2017-07-29,0.09889196111223014,0.079
2017-07-30,0.04569988246683496,0.097
2017-07-31,0.0369554811825626,0.098
2017-08-01,0.034711014345339485,0.077
2017-08-02,0.07062950792467482,0.096
2017-08-03,0.03727293381884799,0.094
2017-08-04,0.03429633543371005,0.072
2017-08-05,0.03373045463005379,0.065
2017-08-06,0.032348127924520576,0.07
2017-08-07,0.047444180893308666,0.054
2017-08-08,0.0393887426213115,0.065
2017-08-09,0.03262195133647307,0.076
2017-08-10,0.031010247393745253,0.103
2017-08-11,0.030613839673661245,0.062
2017-08-12,0.03028232836975277,0.042
2017-08-13,0.029958093726662152,0.056
2017-08-14,0.029638091738921884,0.063
2017-08-15,0.0293221078254255,0.052
2017-08-16,0.03795733125128587,0.049
2017-08-17,0.039595887730342026,0.051
2017-08-18,0.03901823993919843,0.051
2017-08-19,0.028643678738559206,0.049
2017-08-20,0.08518113103631852,0.08
2017-08-21,0.03246220505789336,0.101
2017-08-22,0.029318543458956136,0.077
2017-08-23,0.02700015382597148,0.06
2017-08-24,0.026653466579360737,0.052
2017-08-25,0.02637306648694597,0.039
2017-08-26,0.02609831676831396,0.044
2017-08-27,0.025827181280442136,0.041
2017-08-28,0.025559556787490972,0.04
2017-08-29,0.02529540770998442,0.047
2017-08-30,0.025098795246275965,0.063
2017-08-31,0.02477932716619546,0.052
2017-09-01,0.024523542371757374,0.048
2017-09-02,0.024272911300094045,0.047
2017-09-03,0.044784957918346635,0.053
2017-09-04,0.025436446053418053,0.049
2017-09-05,0.023615665377514444,0.057
2017-09-06,0.023307011756490283,0.053
2017-09-07,0.05405817004828811,0.054
2017-09-08,0.04205899586514574,0.094
2017-09-09,0.028605251340138246,0.095
2017-09-10,0.05372445335977192,0.102
2017-09-11,0.02569872556610979,0.126
2017-09-12,0.03716000082572658,0.098
2017-09-13,0.029047091805077516,0.097
2017-09-14,0.03927929001947669,0.128
2017-09-15,0.02600219394500825,0.172
2017-09-16,0.021326441549884285,0.147
2017-09-17,0.020904106676389658,0.116
2017-09-18,0.020692633389899535,0.098
2017-09-19,0.020493480879819156,0.086
2017-09-20,0.024420572944641096,0.088
2017-09-21,0.022732123234008948,0.079
2017-09-22,0.020045540512143533,0.071
2017-09-23,0.01973297691454792,0.063
2017-09-24,0.05725842269347781,0.061
2017-09-25,0.022724180695964533,0.07
2017-09-26,0.01932714772269147,0.071
2017-09-27,0.03605090915821734,0.062
2017-09-28,0.035484233558919616,0.07
2017-09-29,0.020376103404503212,0.087
2017-09-30,0.03158375145383892,0.083
2017-10-01,0.018988096445522958,0.089
2017-10-02,0.01818670888623,0.076
2017-10-03,0.01799057048443512,0.066
2017-10-04,0.017828420844804935,0.065
2017-10-05,0.01767027453359045,0.069
2017-10-06,0.017514506668587893,0.066
2017-10-07,0.01736100310200153,0.07
2017-10-08,0.017209731120972422,0.067
2017-10-09,0.017060662622205902,0.055
2017-10-10,0.01738192521966946,0.048
2017-10-11,0.016785596192754146,0.045
2017-10-12,0.016626899870058016,0.042
2017-10-13,0.016485888991439875,0.042
2017-10-14,0.01634741342331241,0.042
2017-10-15,0.0162109929717484,0.04
2017-10-16,0.016076587766714206,0.04
2017-10-17,0.02298239006131212,0.036
2017-10-18,0.023912401216774914,0.039
2017-10-19,0.08063340687103215,0.196
2017-10-20,0.058533764394741616,0.186
2017-10-21,0.03019110736886397,0.177
2017-10-22,0.017944425811586753,0.134
2017-10-23,0.017163603684674743,0.107
2017-10-24,0.015157333673663806,0.101
2017-10-25,0.014956038323807996,0.09
2017-10-26,0.01483782491921905,0.083
2017-10-27,0.014723837747124803,0.078
2017-10-28,0.014611645768747576,0.077
2017-10-29,0.014501151267843997,0.074
2017-10-30,0.01439232895590893,0.071
2017-10-31,0.014285156068606983,0.073
2017-11-01,0.014179610155281016,0.074
2017-11-02,0.014075669006028975,0.073
2017-11-03,0.07850580272154344,0.077
2017-11-04,0.019216206343926803,0.268
2017-11-05,0.01589439166824043,0.151
2017-11-06,0.01868915623379719,0.12
2017-11-07,0.06511146212713938,0.269
2017-11-08,0.018121752471990663,0.304
2017-11-09,0.015478077356728029,0.189
2017-11-10,0.043265925968028515,0.161
2017-11-11,0.0512741998053526,0.289
2017-11-12,0.017668245575175014,0.48
2017-11-13,0.01570682418411882,0.259
2017-11-14,0.013609433336943363,0.203
2017-11-15,0.013243207306738378,0.164
2017-11-16,0.01313385775355736,0.159
2017-11-17,0.012961507345521431,0.14
2017-11-18,0.0521085005484879,0.188
2017-11-19,0.017168457858555704,0.379
2017-11-20,0.01734082052340763,0.236
2017-11-21,0.029411988458181645,0.239
2017-11-22,0.06995448575276335,0.628
2017-11-23,0.020178608249521387,1.018
2017-11-24,0.01657794994672362,0.582
2017-11-25,0.014348740894626788,0.427
2017-11-26,0.03478656109684262,0.299
2017-11-27,0.016099349300534055,0.422
2017-11-28,0.013739631468264017,0.322
2017-11-29,0.013326918748810175,0.168
2017-11-30,0.013010081747183402,0.216
2017-12-01,0.012799801633096871,0.184
2017-12-02,0.012675569788282909,0.164
2017-12-03,0.012425084571498735,0.191
2017-12-04,0.012253330559311977,0.153
2017-12-05,0.012189424724937989,0.161
2017-12-06,0.023662792365461607,0.168
2017-12-07,0.016195090703243657,0.188
2017-12-08,0.01244681386317939,0.212
2017-12-09,0.08027692072473183,0.252
2017-12-10,0.07122144014603382,1.276
2017-12-11,0.019723475907997636,2.016
2017-12-12,0.04648019486846442,1.159
2017-12-13,0.07679010070614974,8.351
2017-12-14,0.034361475128581155,3.451
2017-12-15,0.02082103999623986,1.296
2017-12-16,0.0179285315915292,0.827
2017-12-17,0.03310270549334392,0.693
2017-12-18,0.01793198166236578,0.612
2017-12-19,0.016359705447916647,0.526
2017-12-20,0.015611488799843296,0.437
2017-12-21,0.05246406794434864,0.384
2017-12-22,0.02196505285901075,0.643
2017-12-23,0.017901645444535808,0.571
2017-12-24,0.016169837117953025,0.456
2017-12-25,0.11393803928502964,2.629
2017-12-26,0.3233717229828699,17.4
2017-12-27,0.19614395618299593,35.03
2017-12-28,0.2232318614886271,3.316
2017-12-29,0.190208138574348,3.954
2017-12-30,0.2388517545822848,2.794
2017-12-31,0.24151687907469244,9.508
2018-01-01,0.1812507934854016,9.505
2018-01-02,0.33858861085522696,9.258
2018-01-03,0.2592969570020748,9.908
2018-01-04,0.17567505833202157,3.696
2018-01-05,0.14182966485184018,1.711
2018-01-06,0.1208625789854719,1.009
2018-01-07,0.10235807261445963,0.782
2018-01-08,0.09112946754864501,0.65
2018-01-09,0.1353769176285656,0.636
2018-01-10,0.09122752558282596,0.73
2018-01-11,0.07956745225263821,0.628
2018-01-12,0.07186111618812004,0.533
2018-01-13,0.06633352480444916,0.489
2018-01-14,0.1303523904462548,0.441
2018-01-15,0.16060356340798007,1.431
2018-01-16,0.10228405845757758,1.029
2018-01-17,0.12554510266395066,0.626
2018-01-18,0.0936045642751493,0.497
2018-01-19,0.11465388541308694,0.41
2018-01-20,0.1826916459588417,0.492
2018-01-21,0.3909154939990455,16.66
2018-01-22,0.2506655666554436,6.174
2018-01-23,0.21310699359794402,1.84
2018-01-24,0.3137947550362429,3.219
2018-01-25,0.20501634588402953,1.534
2018-01-26,0.18411096485883957,0.997
2018-01-27,0.22600810881927175,1.16
2018-01-28,0.1644714191138201,1.097
2018-01-29,0.146992850049289,0.809
2018-01-30,0.16225336364543516,0.591
2018-01-31,0.1457412915744965,0.687
2018-02-01,0.12688110973229896,0.584
2018-02-02,0.1341356877082363,0.591
2018-02-03,0.16362362965107535,0.572
2018-02-04,0.1266641467257253,0.586
2018-02-05,0.11750257442545493,0.508
2018-02-06,0.11175834905756965,0.458
2018-02-07,0.10704108837444176,0.386
2018-02-08,0.22089201082000037,0.44
2018-02-09,0.14401282252428937,0.778
2018-02-10,0.19954285845737263,0.937
2018-02-11,0.1483504529503758,0.956
2018-02-12,0.1733254712833764,0.645
2018-02-13,0.17005391512482845,0.8
2018-02-14,0.2896068380610653,2.574
2018-02-15,0.1872678538411374,2.477
2018-02-16,0.1646214458838721,0.955
2018-02-17,0.15017030056276773,0.721
2018-02-18,0.16233878321287773,0.621
2018-02-19,0.14273821475758314,0.574
2018-02-20,0.13500434187243052,0.513
2018-02-21,0.13046392973349794,0.445
2018-02-22,0.12509674546316224,0.389
2018-02-23,0.12162021642579443,0.355
2018-02-24,0.11903643227134117,0.321
2018-02-25,0.11713782395451039,0.31
2018-02-26,0.11560190482271224,0.282
2018-02-27,0.11450512242050351,0.303
2018-02-28,0.11368602829611434,0.267
2018-03-01,0.14591600535083893,0.258
2018-03-02,0.1319478136708077,0.258
2018-03-03,0.12923864333634483,0.313
2018-03-04,0.13284196261179554,1.635
2018-03-05,0.1713409660941939,1.839
2018-03-06,0.13372940456100008,1.338
2018-03-07,0.1521125704384177,0.734
2018-03-08,0.13250121259487097,0.658
2018-03-09,0.28653708340190376,4.708
2018-03-10,0.2077258484518832,5.203
2018-03-11,0.3965247889923187,3.394
2018-03-12,0.24297407333398677,7.075
2018-03-13,0.2062346972981108,1.723
2018-03-14,0.4030736500282978,1.355
2018-03-15,0.3906502472843009,4.154
2018-03-16,0.3227364440746713,4.431
2018-03-17,0.33876673453847206,1.698
2018-03-18,0.29215300626980345,1.046
2018-03-19,0.24588305166085922,1.077
2018-03-20,0.22154404912788955,1.024
2018-03-21,0.2027149905942572,0.805
2018-03-22,0.23029919168568463,0.649
2018-03-23,0.30574114310434747,0.775
2018-03-24,0.22058629007041283,1.713
2018-03-25,0.19947153206968896,0.864
2018-03-26,0.2710796264625291,0.644
2018-03-27,0.2810981428304808,0.817
2018-03-28,0.2603435748934424,1.723
2018-03-29,0.3678584573520267,5.27
2018-03-30,0.5847387095614486,18.65
2018-03-31,0.3845517371329908,13.85
2018-04-01,0.7273629768733343,12.75
2018-04-02,0.5046485857570886,31.92
2018-04-03,0.39079141257518746,3.146
2018-04-04,0.4080764095525427,2.004
2018-04-05,0.32857178379553365,1.193
2018-04-06,0.3020175757104338,0.846
2018-04-07,0.2700154868283427,0.675
2018-04-08,0.25383612801641015,0.584
2018-04-09,0.40669550991202136,0.656
2018-04-10,0.3720994614599863,1.006
2018-04-11,0.2940989860335296,1.228
2018-04-12,0.2705204315594091,0.853
2018-04-13,0.2495505580311093,0.669
2018-04-14,0.23637104364818212,0.575
2018-04-15,0.24494930008543891,0.522
2018-04-16,0.2260096762971111,0.471
2018-04-17,0.22102321562900712,0.4
2018-04-18,0.21224327423869332,0.365
2018-04-19,0.20754758680618557,0.331
2018-04-20,0.20403569625298107,0.311
2018-04-21,0.23082172995810715,0.316
2018-04-22,0.20287610356062086,0.312
2018-04-23,0.19872130730971035,0.294
2018-04-24,0.21271046452995981,0.299
2018-04-25,0.19784333462514256,0.286
2018-04-26,0.21433680946418623,0.267
2018-04-27,0.23258279744991814,0.433
2018-04-28,0.20158388286094564,0.385
2018-04-29,0.19845039546111373,0.314
2018-04-30,0.19580683103763682,0.284
2018-05-01,0.23058854966321632,0.272
2018-05-02,0.20214687102706463,0.403
2018-05-03,0.19577608795097728,0.315
2018-05-04,0.19342096193710062,0.275
2018-05-05,0.19273521476781008,0.251
2018-05-06,0.19212658627484597,0.244
2018-05-07,0.19152677485243896,0.235
2018-05-08,0.19092244993252439,0.229
2018-05-09,0.19030492118854653,0.219
2018-05-10,0.18966772844644858,0.207
2018-05-11,0.18903770876418535,0.211
2018-05-12,0.18831766102642644,0.207
2018-05-13,0.18759720276714506,0.201
2018-05-14,0.18684602810088186,0.195
2018-05-15,0.18606245632401258,0.19
2018-05-16,0.18524616447777673,0.182
2018-05-17,0.1843972585048641,0.183
2018-05-18,0.18351615703089316,0.182
2018-05-19,0.18260351749059114,0.178
2018-05-20,0.1816601778895549,0.174
2018-05-21,0.18075071320583858,0.171
2018-05-22,0.17968729329617622,0.167
2018-05-23,0.1786561974724782,0.165
2018-05-24,0.21376404335336435,0.175
2018-05-25,0.18027104851311102,0.184
2018-05-26,0.1755733509888768,0.162
2018-05-27,0.17433526382315087,0.171
2018-05-28,0.1731407759802468,0.163
2018-05-29,0.22028740602923516,0.167
2018-05-30,0.18158909731587827,0.207
2018-05-31,0.23464961021175454,1.05
2018-06-01,0.22817537926318213,0.712
2018-06-02,0.17220170157829134,0.265
2018-06-03,0.16796925941880692,0.206
2018-06-04,0.16470101482783736,0.196
2018-06-05,0.1633200984210551,0.183
2018-06-06,0.1620263378139669,0.174
2018-06-07,0.1607251867320477,0.17
2018-06-08,0.15941451453253744,0.171
2018-06-09,0.1580951155489128,0.165
2018-06-10,0.1567678524768755,0.161
2018-06-11,0.155433561779611,0.154
2018-06-12,0.15409305088126074,0.148
2018-06-13,0.15274709864153302,0.146
2018-06-14,0.15139645598694473,0.147
2018-06-15,0.15004184656979752,0.136
2018-06-16,0.14868396744150517,0.145
2018-06-17,0.14732348973335996,0.143
2018-06-18,0.1459610593394711,0.142
2018-06-19,0.1445972975977625,0.132
2018-06-20,0.1432328019658334,0.13
2018-06-21,0.14186814668921227,0.125
2018-06-22,0.14050388346011802,0.122
2018-06-23,0.1391405420653029,0.121
2018-06-24,0.13777863102192164,0.119
2018-06-25,0.13641863820066213,0.112
2018-06-26,0.13506103143560674,0.108
2018-06-27,0.13370625912047576,0.108
2018-06-28,0.1323547507910501,0.107
2018-06-29,0.1310069176936852,0.105
2018-06-30,0.12966315333991638,0.104
2018-07-01,0.12832383404722755,0.102
2018-07-02,0.12698931946610814,0.1
2018-07-03,0.12565995309356529,0.1
2018-07-04,0.12433606277329065,0.099
2018-07-05,0.1230179611827043,0.103
2018-07-06,0.12170594630711626,0.092
2018-07-07,0.12040030190125851,0.098
2018-07-08,0.11910129793844844,0.095
2018-07-09,0.11780919104765167,0.092
2018-07-10,0.11652422493871292,0.091
2018-07-11,0.11524663081602629,0.09
2018-07-12,0.11397662778091493,0.091
2018-07-13,0.13447757512549058,0.091
2018-07-14,0.11292492572098857,0.091
2018-07-15,0.11028455424778098,0.086
2018-07-16,0.10898005607577178,0.084
2018-07-17,0.10774753343272256,0.083
2018-07-18,0.10652687329417689,0.083
2018-07-19,0.10531519630310074,0.081
2018-07-20,0.10411248104858295,0.079
2018-07-21,0.10291884576972654,0.079
2018-07-22,0.10173440792634168,0.077
2018-07-23,0.10055927705161312,0.075
2018-07-24,0.09939355464029544,0.073
2018-07-25,0.09823733440582263,0.071
2018-07-26,0.09709070254983247,0.071
2018-07-27,0.09595373802507963,0.073
2018-07-28,0.1593590048612728,0.076
2018-07-29,0.09905278505721013,0.085
2018-07-30,0.09472267060944205,0.084
2018-07-31,0.09177399148989845,0.08
2018-08-01,0.09042456248056477,0.075
2018-08-02,0.08933879960121162,0.073
2018-08-03,0.08827090474578367,0.071
2018-08-04,0.08721332396433609,0.068
2018-08-05,0.08616584277241354,0.067
2018-08-06,0.08512847275459079,0.064
2018-08-07,0.0841012282002349,0.063
2018-08-08,0.08308411902936416,0.063
2018-08-09,0.08207715072407143,0.068
2018-08-10,0.08126193664817011,0.072
2018-08-11,0.10047598182513898,0.073
2018-08-12,0.08205789699250866,0.075
2018-08-13,0.07845980759469907,0.069
2018-08-14,0.07720493708047084,0.071
2018-08-15,0.10023442119583402,0.07
2018-08-16,0.07777148480785862,0.073
2018-08-17,0.07448897027667044,0.068
2018-08-18,0.07347438758992018,0.067
2018-08-19,0.07256380251801792,0.068
2018-08-20,0.07166742147342037,0.069
2018-08-21,0.07078116389971309,0.066
2018-08-22,0.07059816279730938,0.068
2018-08-23,0.06906169675044252,0.068
2018-08-24,0.06818966630883574,0.067
2018-08-25,0.0673348089285693,0.064
2018-08-26,0.1310297805136593,0.081
2018-08-27,0.0710133511432813,0.067
2018-08-28,0.0669727743555618,0.063
2018-08-29,0.06414221696625967,0.06
2018-08-30,0.06324741211639215,0.061
2018-08-31,0.062454768125923155,0.058
2018-09-01,0.06167450707338924,0.058
2018-09-02,0.060903669419463805,0.052
2018-09-03,0.060142096020853,0.053
2018-09-04,0.05938972122129963,0.055
2018-09-05,0.05864648157136317,0.056
2018-09-06,0.05791231260918101,0.055
2018-09-07,0.057187148802833626,0.055
2018-09-08,0.05647092361365921,0.053
2018-09-09,0.055763569562492746,0.052
2018-09-10,0.05506501829388951,0.052
2018-09-11,0.054375200638167476,0.05
2018-09-12,0.053694046671318794,0.049
2018-09-13,0.05302148577285087,0.048
2018-09-14,0.05235744668161517,0.05
2018-09-15,0.051701857549681804,0.05
2018-09-16,0.05105464599431518,0.045
2018-09-17,0.05041573914810541,0.041
2018-09-18,0.04978506370730832,0.039
2018-09-19,0.07564613817766605,0.038
2018-09-20,0.07225642604335011,0.043
2018-09-21,0.05106226531214734,0.039
2018-09-22,0.11199824715992583,0.048
2018-09-23,0.07443839636265898,0.053
2018-09-24,0.04950672244805339,0.041
2018-09-25,0.04760647160291268,0.037
2018-09-26,0.04508933331390345,0.036
2018-09-27,0.04446911283192229,0.034
2018-09-28,0.0439147507592389,0.036
2018-09-29,0.043369639003813076,0.05
2018-09-30,0.04283192052894103,0.048
2018-10-01,0.04230146191624342,0.045
2018-10-02,0.04177818594346605,0.047
2018-10-03,0.04126201741776695,0.044
2018-10-04,0.04075288134881108,0.049
2018-10-05,0.04726045876778069,0.057
2018-10-06,0.05397843032534095,0.066
2018-10-07,0.04007486057683231,0.06
2018-10-08,0.038825778013493836,0.053
2018-10-09,0.03831218485359368,0.043
2018-10-10,0.03784168162784286,0.051
2018-10-11,0.05061009126926672,0.042
2018-10-12,0.07512404138032608,0.058
2018-10-13,0.10303902920573531,0.059
2018-10-14,0.09168422749416162,0.115
2018-10-15,0.040471824014123824,0.083
2018-10-16,0.03726045612967635,0.067
2018-10-17,0.03494894653072692,0.057
2018-10-18,0.034328370160090486,0.05
2018-10-19,0.03390961387526275,0.052
2018-10-20,0.033502792136843554,0.051
2018-10-21,0.03310196089119291,0.051
2018-10-22,0.03270686484266576,0.047
2018-10-23,0.03231742905328942,0.042
2018-10-24,0.03193358494746011,0.043
2018-10-25,0.03155526462453011,0.047
2018-10-26,0.031182400670514858,0.05
2018-10-27,0.031335133134396,0.048
2018-10-28,0.03048034697806048,0.049
2018-10-29,0.030097358626246882,0.048
2018-10-30,0.029744257262740707,0.048
2018-10-31,0.0352090270611385,0.042
2018-11-01,0.029351259211331762,0.041
2018-11-02,0.02873500353174796,0.041
2018-11-03,0.029173973137122246,0.041
2018-11-04,0.03208324527839769,0.043
2018-11-05,0.02793732871629819,0.042
2018-11-06,0.05522455236075058,0.04
2018-11-07,0.093109457315083,0.086
2018-11-08,0.04892101291836143,0.068
2018-11-09,0.09218766077894498,0.099
2018-11-10,0.09583276456357023,0.183
2018-11-11,0.03382877823754694,0.124
2018-11-12,0.0488884023314388,0.08
2018-11-13,0.029201992318624,0.064
2018-11-14,0.02772038790044201,0.059
2018-11-15,0.02540742240882728,0.053
2018-11-16,0.02498247323038517,0.047
2018-11-17,0.024631227160756417,0.044
2018-11-18,0.0242852296153379,0.046
2018-11-19,0.0239778113214716,0.043
2018-11-20,0.037318332702562976,0.047
2018-11-21,0.0367363482855197,0.048
2018-11-22,0.024171450024054294,0.044
2018-11-23,0.023192339819966375,0.042
2018-11-24,0.022966281827609774,0.042
2018-11-25,0.02256400685206393,0.039
2018-11-26,0.022284079398136945,0.035
2018-11-27,0.08772587766782526,0.169
2018-11-28,0.09104889642695284,0.223
2018-11-29,0.04459034252189363,0.456
2018-11-30,0.06303857495872527,0.235
2018-12-01,0.04420545083802364,0.378
2018-12-02,0.06900659151479416,0.492
2018-12-03,0.0455217012477686,0.535
2018-12-04,0.07789882800568547,0.361
2018-12-05,0.09749639351457393,1.394
2018-12-06,0.17460547747510421,0.937
2018-12-07,0.07737977912628724,2.14
2018-12-08,0.09392562776814109,0.952
2018-12-09,0.06356556598430357,0.625
2018-12-10,0.05292331595855229,0.543
2018-12-11,0.046156268479372826,0.462
2018-12-12,0.041408359508133326,0.331
2018-12-13,0.037656698197490325,0.259
2018-12-14,0.03535121462135017,0.237
2018-12-15,0.15133793674838092,0.38
2018-12-16,0.11660220917217574,0.949
2018-12-17,0.0670582575639819,0.765
2018-12-18,0.2630525539642631,3.987
2018-12-19,0.209667977061806,6.821
2018-12-20,0.2800322507752942,3.759
2018-12-21,0.16975529966934588,5.92
2018-12-22,0.18478543935361738,2.096
2018-12-23,0.20039903652025237,2.195
2018-12-24,0.132176324656114,2.112
2018-12-25,0.11396656814956198,1.183
2018-12-26,0.09529839234498122,0.914
2018-12-27,0.08376227017346319,0.714
2018-12-28,0.07493428569559975,0.583
2018-12-29,0.06820968809003641,0.512
2018-12-30,0.06261395028358031,0.447
2018-12-31,0.05842753107863147,0.386
2019-01-01,0.05521950903909166,0.346
2019-01-02,0.05281793649665455,0.311
2019-01-03,0.050940086019343724,0.287
2019-01-04,0.04995124125952083,0.285
2019-01-05,0.04859980094455891,0.302
2019-01-06,0.04787761203210143,0.268
2019-01-07,0.04740490065249487,0.271
2019-01-08,0.04710263111665651,0.244
2019-01-09,0.04720102559273111,0.25
2019-01-10,0.04695983080783334,0.242
2019-01-11,0.04692615375345013,0.239
2019-01-12,0.04697083042767049,0.239
2019-01-13,0.04704988623276512,0.235
2019-01-14,0.04726589419331452,0.226
2019-01-15,0.04972454588253136,0.227
2019-01-16,0.06669529373054657,0.23
2019-01-17,0.05127866883902967,0.221
2019-01-18,0.07944724331811528,0.22
2019-01-19,0.0948905891436877,0.287
2019-01-20,0.06463026656607206,0.301
2019-01-21,0.11026786248647427,0.3
2019-01-22,0.08998470408781187,0.454
2019-01-23,0.07239813799144473,0.379
2019-01-24,0.06798637218372831,0.34
2019-01-25,0.0645257245053824,0.327
2019-01-26,0.14905455657867897,0.469
2019-01-27,0.08497152822211496,0.791
2019-01-28,0.07641727914613063,0.507
2019-01-29,0.1398993160736845,0.514
2019-01-30,0.0892501695095389,0.593
2019-01-31,0.15366910498045036,0.444
2019-02-01,0.16123087535387762,0.381
2019-02-02,0.10786237649971697,0.345
2019-02-03,0.16266209346393745,0.429
2019-02-04,0.1113768275000876,5.348
2019-02-05,0.20062582159671408,2.681
2019-02-06,0.1582923704360917,3.586
2019-02-07,0.20255610817366793,1.874
2019-02-08,0.3634370191637553,9.82
2019-02-09,0.2960245953774557,5.435
2019-02-10,0.23263611927347655,3.592
2019-02-11,0.18415749827978053,1.766
2019-02-12,0.15983555967230448,1.166
2019-02-13,0.14232261242839,1.009
2019-02-14,0.1278200285963114,0.855
2019-02-15,0.11689495561694963,0.684
2019-02-16,0.10798700723868708,0.58
2019-02-17,0.10201769152490747,0.521
2019-02-18,0.10021050681782173,0.449
2019-02-19,0.09233192385066571,0.418
2019-02-20,0.08890592407364808,0.362
2019-02-21,0.08665024659906549,0.32
2019-02-22,0.08488500831472502,0.304
2019-02-23,0.0833979355523213,0.293
2019-02-24,0.08236806820493273,0.275
2019-02-25,0.081611219807903,0.266
2019-02-26,0.08108551274778462,0.251
2019-02-27,0.08072616765145074,0.246
2019-02-28,0.08975357483898248,0.258
2019-03-01,0.09487578474153016,0.252
2019-03-02,0.09475603743813606,0.265
2019-03-03,0.09182045067079536,0.326
2019-03-04,0.08942725953815663,0.286
2019-03-05,0.17964721211364712,0.881
2019-03-06,0.19788377515748798,4.137
2019-03-07,0.12745666644253287,1.544
2019-03-08,0.12157554520937348,0.853
2019-03-09,0.25258737454821556,0.724
2019-03-10,0.19151847706272984,1.186
2019-03-11,0.19166511923421656,0.864
2019-03-12,0.3237500911021258,2.495
2019-03-13,0.25550362620427175,1.4
2019-03-14,0.20249831761362824,0.961
2019-03-15,0.24200018558111713,0.785
2019-03-16,0.25644138535388167,1.116
2019-03-17,0.19441245811329172,1.011
2019-03-18,0.1703303472324166,0.656
2019-03-19,0.15667499385173747,0.512
2019-03-20,0.14300829456012595,0.44
2019-03-21,0.1338222877662594,0.395
2019-03-22,0.1266782089664435,0.346
2019-03-23,0.12106098233097681,0.31
2019-03-24,0.11665834659990798,0.298
2019-03-25,0.11321389988886789,0.27
2019-03-26,0.11052545364158696,0.255
2019-03-27,0.1084317802186823,0.242
2019-03-28,0.10680427896259868,0.244
2019-03-29,0.10554043274921203,0.229
2019-03-30,0.10455858023317445,0.225
2019-03-31,0.10379373429092317,0.219
2019-04-01,0.10767743278549607,0.216
2019-04-02,0.12059056624920227,0.242
2019-04-03,0.14656604864458248,0.246
2019-04-04,0.1711168591913284,0.795
2019-04-05,0.11270441776783768,1.139
2019-04-06,0.10463704961336827,0.541
2019-04-07,0.10609770508971167,0.395
2019-04-08,0.12641398097609274,0.341
2019-04-09,0.10951358746908875,0.399
2019-04-10,0.10502913454071602,0.365
2019-04-11,0.10383837310351021,0.294
2019-04-12,0.10296849499784687,0.262
2019-04-13,0.10222131678435005,0.241
2019-04-14,0.1015602682849136,0.234
2019-04-15,0.10096361658252899,0.228
2019-04-16,0.10041314205237528,0.206
2019-04-17,0.09989407503535715,0.209
2019-04-18,0.0993980350162451,0.201
2019-04-19,0.09891577474039207,0.193
2019-04-20,0.09844074536250119,0.188
2019-04-21,0.09796792803222613,0.189
2019-04-22,0.09749348813336976,0.186
2019-04-23,0.09701453088047578,0.184
2019-04-24,0.10581319002090875,0.185
2019-04-25,0.0965067989599431,0.184
2019-04-26,0.10713791187315583,0.18
2019-04-27,0.09561146958656737,0.18
2019-04-28,0.09452577406452176,0.164
2019-04-29,0.09396237433662777,0.161
2019-04-30,0.09341583588014168,0.159
2019-05-01,0.0928601788144351,0.155
2019-05-02,0.11149999264029432,0.161
2019-05-03,0.0931575182834403,0.166
2019-05-04,0.09119877720924138,0.163
2019-05-05,0.090540823444463,0.157
2019-05-06,0.08993390041408088,0.153
2019-05-07,0.13681402390797703,0.164
2019-05-08,0.10193707241970049,0.201
2019-05-09,0.09696995043740378,0.179
2019-05-10,0.08975337714835546,0.171
2019-05-11,0.08719773854942756,0.159
2019-05-12,0.08616302656494026,0.142
2019-05-13,0.08549810578354022,0.149
2019-05-14,0.08483976231091363,0.136
2019-05-15,0.08417710371147491,0.142
2019-05-16,0.08351019898120572,0.139
2019-05-17,0.0828394565001775,0.14
2019-05-18,0.08216528422894816,0.136
2019-05-19,0.08148807812338783,0.13
2019-05-20,0.08080822159175235,0.127
2019-05-21,0.08012608544281619,0.13
2019-05-22,0.07944202793133856,0.117
2019-05-23,0.07875639486824555,0.116
2019-05-24,0.07806951978017819,0.118
2019-05-25,0.07738172410661824,0.114
2019-05-26,0.07669331742522661,0.114
2019-05-27,0.07602841567158508,0.111
2019-05-28,0.07531656607120002,0.113
2019-05-29,0.07462737588711414,0.122
2019-05-30,0.07393937181547058,0.098
2019-05-31,0.07325215590837614,0.109
2019-06-01,0.0725659525519275,0.111
2019-06-02,0.07188099514894039,0.112
2019-06-03,0.07119750799089107,0.107
2019-06-04,0.0705157059825656,0.104
2019-06-05,0.06983579489852629,0.1
2019-06-06,0.07035167114362448,0.104
2019-06-07,0.11882354699743469,0.119
2019-06-08,0.07238067654418838,0.11
2019-06-09,0.06921797297929008,0.117
2019-06-10,0.13106957028527433,0.145
2019-06-11,0.13380727929771166,0.207
2019-06-12,0.13122586420037768,0.164
2019-06-13,0.1052774770055253,0.26
2019-06-14,0.06869714463192605,0.246
2019-06-15,0.08403102891066605,0.191
2019-06-16,0.06628784681749399,0.203
2019-06-17,0.06447723268866405,0.157
2019-06-18,0.06318001886439799,0.141
2019-06-19,0.061055164298407995,0.132
2019-06-20,0.0603137385112597,0.12
2019-06-21,0.05963159967220725,0.111
2019-06-22,0.058966263750077595,0.106
2019-06-23,0.05831431292842072,0.106
2019-06-24,0.12220643710664841,0.111
2019-06-25,0.06238745082615905,0.202
2019-06-26,0.0585437773202038,0.172
2019-06-27,0.0559070148330203,0.129
2019-06-28,0.05520745890464938,0.105
2019-06-29,0.054605931612684025,0.103
2019-06-30,0.05401388228133049,0.1
2019-07-01,0.05342812288541929,0.095
2019-07-02,0.05284829433638808,0.093
2019-07-03,0.05227418922147325,0.092
2019-07-04,0.05170564951879197,0.098
2019-07-05,0.051142553542267,0.098
2019-07-06,0.05058480799376629,0.095
2019-07-07,0.050032341722787255,0.095
2019-07-08,0.04948510075904061,0.09
2019-07-09,0.04894304435881969,0.087
2019-07-10,0.048406141861628386,0.083
2019-07-11,0.04787437019443309,0.081
2019-07-12,0.047347711893454915,0.078
2019-07-13,0.04682615353944966,0.079
2019-07-14,0.0463096845232489,0.083
2019-07-15,0.0457982960749941,0.068
2019-07-16,0.04529198050382363,0.074
2019-07-17,0.04479073060543308,0.075
2019-07-18,0.07425572159538299,0.121
2019-07-19,0.10992058884599411,0.103
2019-07-20,0.04874586133830342,0.083
2019-07-21,0.044961951256811246,0.076
2019-07-22,0.04242868601209775,0.075
2019-07-23,0.07338232393991025,0.078
2019-07-24,0.04496872668121392,0.075
2019-07-25,0.04221689571671664,0.068
2019-07-26,0.040545834868692954,0.068
2019-07-27,0.04005625547875771,0.067
2019-07-28,0.039608828793249805,0.067
2019-07-29,0.03953807230480277,0.063
2019-07-30,0.10327481948901651,0.124
2019-07-31,0.06110935894799624,0.088
2019-08-01,0.040944838154497024,0.084
2019-08-02,0.0379387650118543,0.075
2019-08-03,0.03705063990523476,0.07
2019-08-04,0.03662294511713875,0.068
2019-08-05,0.036215038446744015,0.061
2019-08-06,0.07629000510060412,0.075
2019-08-07,0.03944906941146103,0.09
2019-08-08,0.09972611304997385,0.127
2019-08-09,0.06653978535311743,0.196
2019-08-10,0.03781553063447259,0.126
2019-08-11,0.0649335368941906,0.111
2019-08-12,0.03701557745494157,0.087
2019-08-13,0.06605034995985622,0.084
2019-08-14,0.03646660536713854,0.114
2019-08-15,0.034430260754691695,0.098
2019-08-16,0.09621980158215308,0.127
2019-08-17,0.03706280587197244,0.154
2019-08-18,0.03354346619765854,0.116
2019-08-19,0.031078027670650595,0.089
2019-08-20,0.030660402636687747,0.079
2019-08-21,0.0303224393026105,0.076
2019-08-22,0.029991480523492754,0.074
2019-08-23,0.029664834079429516,0.067
2019-08-24,0.029342358511884523,0.065
2019-08-25,0.02902401324574665,0.063
2019-08-26,0.028709761852258757,0.062
2019-08-27,0.028399567903489815,0.063
2019-08-28,0.04413509629031492,0.067
2019-08-29,0.028620057781445503,0.066
2019-08-30,0.027536746717479837,0.063
2019-08-31,0.02720097532854312,0.063
2019-09-01,0.02690830008464559,0.061
2019-09-02,0.026621557920041394,0.059
2019-09-03,0.02639290161051727,0.06
2019-09-04,0.026061289547453768,0.061
2019-09-05,0.02578437434334017,0.061
2019-09-06,0.025512675006073737,0.062
2019-09-07,0.02524467088679098,0.061
2019-09-08,0.024980280172638956,0.06
2019-09-09,0.024719464248472656,0.063
2019-09-10,0.024462185840519693,0.06
2019-09-11,0.024208407773315514,0.06
2019-09-12,0.023958092944532314,0.06
2019-09-13,0.02371120433583791,0.06
2019-09-14,0.023467705024343283,0.061
2019-09-15,0.02322755819359038,0.058
2019-09-16,0.02299072714406328,0.057
2019-09-17,0.022757175303236572,0.057
2019-09-18,0.02252686623517512,0.053
2019-09-19,0.022299763649699083,0.053
2019-09-20,0.022075831411127834,0.052
2019-09-21,0.03647179735548196,0.055
2019-09-22,0.03790000601132679,0.064
2019-09-23,0.08679301002520863,0.07
2019-09-24,0.08925390301910552,0.236
2019-09-25,0.07445290828730008,0.126
2019-09-26,0.025535978733267902,0.091
2019-09-27,0.06360071958061007,0.09
2019-09-28,0.09151528425046965,0.521
2019-09-29,0.0888645381751516,1.198
2019-09-30,0.09193645862564769,0.659
2019-10-01,0.03588160728893202,0.817
2019-10-02,0.023987271338483,0.477
2019-10-03,0.046366582393449776,0.302
2019-10-04,0.024201823538444904,0.334
2019-10-05,0.07574762650799159,0.41
2019-10-06,0.028073798248702236,0.934
2019-10-07,0.023666364959749196,0.555
2019-10-08,0.08137352819356164,0.542
2019-10-09,0.033367166997743294,2.782
2019-10-10,0.10226306607744823,1.76
2019-10-11,0.13460136083738217,8.377
2019-10-12,0.2397994388258786,10.27
2019-10-13,0.14096465759521004,38.7
2019-10-14,0.20314693976636455,22.17
2019-10-15,0.11317475845583339,15.5
2019-10-16,0.0858520852613144,5.305
2019-10-17,0.10725251861237309,2.306
2019-10-18,0.085902017775419,1.693
2019-10-19,0.06751336682182064,1.14
2019-10-20,0.06022578632116026,0.784
2019-10-21,0.05236678892364135,0.606
2019-10-22,0.04707578503246695,0.484
2019-10-23,0.060016052047061744,0.477
2019-10-24,0.04566618025698347,0.452
2019-10-25,0.14983739949752856,0.441
2019-10-26,0.23556671461783174,12.61
2019-10-27,0.12350317547307191,8.398
2019-10-28,0.08775727454405526,2.093
2019-10-29,0.0761077787143183,1.218
2019-10-30,0.08678945619435496,1.032
2019-10-31,0.13367905426755355,0.823
2019-11-01,0.22631298919570617,1.315
2019-11-02,0.33997244594064485,14.25
2019-11-03,0.23929285182343957,17.04
2019-11-04,0.18479748707543978,5.367
2019-11-05,0.1460853347002068,2.564
2019-11-06,0.3212737059712476,3.137
2019-11-07,0.1770561396575552,9.629
2019-11-08,0.14425608715140337,2.748
2019-11-09,0.4018230964059381,9.251
2019-11-10,0.29707037736544945,11.01
2019-11-11,0.2002442395755297,4.638
2019-11-12,0.17142561504328252,2.21
2019-11-13,0.47464812818236457,2.265
2019-11-14,0.41428388876678196,17.64
2019-11-15,0.3269552657447513,6.766
2019-11-16,0.24419720503002382,3.209
2019-11-17,0.233879995936775,1.857
2019-11-18,0.1923646213947647,1.535
2019-11-19,0.16923143885624653,1.195
2019-11-20,0.15207508119295268,1.048
2019-11-21,0.23076836318836597,0.789
2019-11-22,0.30717044209523825,2.88
2019-11-23,0.23094221342246762,2.009
2019-11-24,0.2104684698383493,1.384
2019-11-25,0.27929006050867233,1.451
2019-11-26,0.26684760722547607,1.895
2019-11-27,0.306111119159706,3.413
2019-11-28,0.32039228782178036,2.697
2019-11-29,0.23272744997963868,2.147
2019-11-30,0.20650263760688875,1.206
2019-12-01,0.18541616363350058,0.929
2019-12-02,0.1723731503863219,0.746
2019-12-03,0.16085841197606915,0.663
2019-12-04,0.1534610386111095,0.585
2019-12-05,0.21761570062497607,0.53
2019-12-06,0.1942335377616881,0.646
2019-12-07,0.2960576259883785,0.735
2019-12-08,0.39434590526845603,2.402
2019-12-09,0.26722491137495086,2.431
2019-12-10,0.32908769673669896,2.084
2019-12-11,0.30015445378560274,1.789
2019-12-12,0.5673289417935226,12.79
2019-12-13,0.5081082881043727,9.428
2019-12-14,0.6208030286945381,8.925
2019-12-15,0.49284031953905205,14.5
2019-12-16,0.3855574410198431,5.608
2019-12-17,0.3643348364040333,2.576
2019-12-18,0.619251976374908,4.959
2019-12-19,0.6458337166527499,19.87
2019-12-20,0.5851392023638601,13.16
2019-12-21,0.5509130734061897,8.035
2019-12-22,0.42849437116655026,4.413
2019-12-23,0.5019704621361293,2.157
2019-12-24,0.4178175072512153,3.248
2019-12-25,0.37727107080765915,1.76
2019-12-26,0.3528735304898592,1.306
2019-12-27,0.31921718022098566,1.063
2019-12-28,0.29300689783691924,0.906
2019-12-29,0.2764046447592052,0.823
2019-12-30,0.2638855814499761,0.705
2019-12-31,0.25546899203018,0.631
2020-01-01,0.24871683437626105,0.584
2020-01-02,0.39499249942621156,0.634
2020-01-03,0.2939488437601515,1.203
2020-01-04,0.28026040104881783,0.819
2020-01-05,0.2647105121734643,0.752
2020-01-06,0.31562037613246396,0.696
2020-01-07,0.28845498893162863,0.678
2020-01-08,0.37705079908699335,0.875
2020-01-09,0.6156373898096639,9.037
2020-01-10,0.41884981216564654,6.27
2020-01-11,0.4718499020228206,1.662
2020-01-12,0.4220363399393346,3.151
2020-01-13,0.5397807822596384,5.129
2020-01-14,0.8830306826116088,37.3
2020-01-15,0.6267193921277466,33.28
2020-01-16,0.7293156539043919,7.829
2020-01-17,0.5732086674308182,7.311
2020-01-18,0.4887476114127738,2.62
2020-01-19,0.4455175427254243,1.452
2020-01-20,0.4089235833604592,1.138
2020-01-21,0.38589807350826605,0.924
2020-01-22,0.36397830971353623,0.854
2020-01-23,0.3477010639720297,0.794
2020-01-24,0.332277800838398,0.672
2020-01-25,0.3256798824320647,0.647
2020-01-26,0.48950906741392086,1.934
2020-01-27,0.48848520794832295,1.861
2020-01-28,0.41707673476014345,2.25
2020-01-29,0.3810568568517739,1.137
2020-01-30,0.3645187482970795,0.923
2020-01-31,0.35341450490669263,0.812
2020-02-01,0.4898876291107474,0.882
2020-02-02,0.39003817000446733,2.118
2020-02-03,0.3902036431348041,1.116
2020-02-04,0.36008406705364004,0.805
2020-02-05,0.34660719506663556,0.668
2020-02-06,0.33842381802430516,0.602
2020-02-07,0.35079728945856387,0.552
2020-02-08,0.40693785548090083,0.545
2020-02-09,0.5720798547087138,2.887
2020-02-10,0.5580417138225017,4.059
2020-02-11,0.44111063309861415,1.757
2020-02-12,0.6685270335247766,2.028
2020-02-13,0.4834355557445322,7.556
2020-02-14,0.6157463047963747,2.955
2020-02-15,0.9195547654996616,27.57
2020-02-16,0.8576323965464601,54.32
2020-02-17,0.7089365564667578,13.31
2020-02-18,0.6422028031871361,3.612
2020-02-19,0.5581511653557868,2.217
2020-02-20,0.5874943686769277,2.215
2020-02-21,0.5375800750922839,1.459
2020-02-22,0.5649301963961488,1.255
2020-02-23,0.5303622191251698,1.819
2020-02-24,0.5841562797075661,4.286
2020-02-25,0.5279242386100266,2.126
2020-02-26,0.5869610488602439,1.303
2020-02-27,0.5189345433598347,2.607
2020-02-28,0.8466467049047505,15.15
2020-02-29,0.7105389089661238,26.25
2020-03-01,0.6895589112665965,5.615
2020-03-02,0.568776322747647,5.347
2020-03-03,0.5235374670245705,1.781
2020-03-04,0.6399648271558009,2.921
2020-03-05,0.5234659843552231,2.162
2020-03-06,0.4874960374493652,1.186
2020-03-07,0.558847097350522,0.989
2020-03-08,0.48621954610022444,1.419
2020-03-09,0.7102074779553279,4.14
2020-03-10,0.5310213242286578,6.354
2020-03-11,0.590099164593489,1.596
2020-03-12,0.5317516740649161,1.556
2020-03-13,0.5354246566035981,1.151
2020-03-14,0.5396529606975351,0.998
2020-03-15,0.6669902612204618,7.433
2020-03-16,0.5268843814969224,2.347
2020-03-17,0.49563136051491846,1.2
2020-03-18,0.5489925356817551,1.017
2020-03-19,0.48545065097097595,1.319
2020-03-20,0.46197291208676106,0.948
2020-03-21,0.44714341958597054,0.745
2020-03-22,0.435462862105132,0.625
2020-03-23,0.42608374107934743,0.471
2020-03-24,0.4185073766307915,0.414
2020-03-25,0.4123451964054265,0.373
2020-03-26,0.4072879075626137,0.349
2020-03-27,0.40308926799657,0.32
2020-03-28,0.39955330619624924,0.3
2020-03-29,0.39652428396253087,0.287
2020-03-30,0.39387861010935954,0.273
2020-03-31,0.3915183799442627,0.28
2020-04-01,0.38936620809766814,0.266
2020-04-02,0.3873610956157018,0.272
2020-04-03,0.3854551244219608,0.237
2020-04-04,0.38361081365346444,0.246
2020-04-05,0.3817990054765242,0.238
2020-04-06,0.37999717446766085,0.228
2020-04-07,0.37818807582812225,0.246
2020-04-08,0.37635866464729933,0.22
2020-04-09,0.3744992319877074,0.212
2020-04-10,0.3726027144100962,0.221
2020-04-11,0.37066414223395133,0.201
2020-04-12,0.36868019877000624,0.201
2020-04-13,0.3666488683144524,0.183
2020-04-14,0.3645691551369867,0.187
2020-04-15,0.36244085924878516,0.186
2020-04-16,0.3602643975796426,0.192
2020-04-17,0.42257315354071034,0.209
2020-04-18,0.40500417455358095,0.517
2020-04-19,0.3579663466851661,0.324
2020-04-20,0.35317531805907637,0.217
2020-04-21,0.3487674572805493,0.215
2020-04-22,0.3462669227214216,0.187
2020-04-23,0.34379100805652535,0.179
2020-04-24,0.34128223322228224,0.178
2020-04-25,0.3387407226449759,0.171
2020-04-26,0.3361684719243127,0.162
2020-04-27,0.3929029888949494,0.162
2020-04-28,0.3368133810412722,0.265
2020-04-29,0.33043751758673595,0.228
2020-04-30,0.3530979033522863,0.245
2020-05-01,0.3250716860020831,0.287
2020-05-02,0.3203000270431089,0.213
2020-05-03,0.31747392733047114,0.186
2020-05-04,0.3147215528858798,0.17
2020-05-05,0.3119596660631075,0.157
2020-05-06,0.3091857824800097,0.149
2020-05-07,0.3064012653768406,0.145
2020-05-08,0.3036076218238855,0.141
2020-05-09,0.30080631621124393,0.137
2020-05-10,0.2979987613123856,0.135
2020-05-11,0.29518631871012785,0.13
2020-05-12,0.29237029980706375,0.133
2020-05-13,0.28955196693032953,0.13
2020-05-14,0.286732534484887,0.127
2020-05-15,0.2839131701373988,0.125
2020-05-16,0.2810949960175354,0.124
2020-05-17,0.27827908992641937,0.121
2020-05-18,0.27546648654413974,0.118
2020-05-19,0.2726581786300521,0.115
2020-05-20,0.2698551182109997,0.115
2020-05-21,0.26705821775372146,0.111
2020-05-22,0.2642683513186136,0.109
2020-05-23,0.26148635569273176,0.108
2020-05-24,0.2587130315004889,0.105
2020-05-25,0.255949144290956,0.102
2020-05-26,0.25319542560103425,0.098
2020-05-27,0.2504525739940497,0.107
2020-05-28,0.24772125607354176,0.1
2020-05-29,0.24500210747219903,0.101
2020-05-30,0.242295733816027,0.096
2020-05-31,0.23960271166394267,0.094
2020-06-01,0.2369235894230713,0.093
2020-06-02,0.23425888824008642,0.092
2020-06-03,0.23160910286897796,0.098
2020-06-04,0.22897470251567117,0.099
2020-06-05,0.22635613165994423,0.094
2020-06-06,0.22375381085510854,0.095
2020-06-07,0.2211681375059296,0.094
2020-06-08,0.21859948662526985,0.089
2020-06-09,0.21604821156994194,0.089
2020-06-10,0.2135146447562556,0.091
2020-06-11,0.21099909835574407,0.09
2020-06-12,0.20955587537507958,0.086
2020-06-13,0.20607176627815946,0.083
2020-06-14,0.20356579142892892,0.081
2020-06-15,0.2011228105680282,0.078
2020-06-16,0.19881148096809112,0.082
2020-06-17,0.260835144632473,0.104
2020-06-18,0.2619158541208907,0.4
2020-06-19,0.2597935441591014,0.285
2020-06-20,0.22069717946463743,0.136
2020-06-21,0.19065417713248617,0.128
2020-06-22,0.18680028051297923,0.1
2020-06-23,0.1825238423052645,0.089
2020-06-24,0.1801739912861335,0.08
2020-06-25,0.17790948559283823,0.076
2020-06-26,0.17817330409443827,0.074
2020-06-27,0.19431634606831916,0.08
2020-06-28,0.17382250612812836,0.078
2020-06-29,0.16920661752230157,0.074
2020-06-30,0.16696634278862646,0.075
2020-07-01,0.16484163029319132,0.072
2020-07-02,0.16274307501272522,0.07
2020-07-03,0.16066660503860483,0.069
2020-07-04,0.1586118450009627,0.069
2020-07-05,0.15657862017334295,0.067
2020-07-06,0.15456678781868752,0.063
2020-07-07,0.170866731137971,0.065
2020-07-08,0.15155887549186445,0.066
2020-07-09,0.14870897233972727,0.064
2020-07-10,0.14673377133917104,0.061
2020-07-11,0.14482467368375407,0.06
2020-07-12,0.14293877504669958,0.059
2020-07-13,0.14107369112318752,0.067
2020-07-14,0.1392292078186218,0.059
2020-07-15,0.13740522691937224,0.059
2020-07-16,0.13560165473565158,0.057
2020-07-17,0.13381839566171103,0.052
2020-07-18,0.19658784360878864,0.063
2020-07-19,0.13565611441027997,0.064
2020-07-20,0.1307106374943833,0.056
2020-07-21,0.12695470402244097,0.049
2020-07-22,0.12520555469394792,0.045
2020-07-23,0.12353980101648696,0.046
2020-07-24,0.12189574411743201,0.042
2020-07-25,0.18480370139545893,0.049
2020-07-26,0.16152369148276519,0.046
2020-07-27,0.1212427238650674,0.052
2020-07-28,0.11756988729723832,0.045
2020-07-29,0.11402976169908462,0.042
2020-07-30,0.11243800235714432,0.04
2020-07-31,0.11092547735859591,0.039
2020-08-01,0.10943345672240988,0.038
2020-08-02,0.1079599086256757,0.037
2020-08-03,0.10650462918184661,0.037
2020-08-04,0.10506747467062635,0.038
2020-08-05,0.10364830199116176,0.035
2020-08-06,0.10224696662639123,0.035
2020-08-07,0.10086332267117554,0.034
2020-08-08,0.09949722293811185,0.031
2020-08-09,0.09814851906376953,0.03
2020-08-10,0.0968170616119918,0.03
2020-08-11,0.09550270017406505,0.028
2020-08-12,0.11319592359972055,0.03
2020-08-13,0.13315902368770055,0.046
2020-08-14,0.09568063646685174,0.052
2020-08-15,0.09246223216345668,0.046
2020-08-16,0.08925301102932143,0.045
2020-08-17,0.08796930691127881,0.047
2020-08-18,0.13867040683542253,0.045
2020-08-19,0.13144656207752056,0.073
2020-08-20,0.08874379547398412,0.047
2020-08-21,0.13532035234427772,0.053
2020-08-22,0.08679254706424137,0.053
2020-08-23,0.0830922341760403,0.042
2020-08-24,0.1445007337108247,0.054
2020-08-25,0.1250828718454107,0.133
2020-08-26,0.08208309229223737,0.063
2020-08-27,0.1464752042428958,0.174
2020-08-28,0.1466001276611675,0.219
2020-08-29,0.08674086443272604,0.107
2020-08-30,0.07760399524548024,0.068
2020-08-31,0.07587629713760505,0.055
2020-09-01,0.07274587016982843,0.05
2020-09-02,0.07908851304518229,0.049
2020-09-03,0.07078504291052716,0.047
2020-09-04,0.06935985428591382,0.043
2020-09-05,0.06831271051568803,0.042
2020-09-06,0.06731639784960392,0.043
2020-09-07,0.0663500562284031,0.042
2020-09-08,0.06540935584352513,0.038
2020-09-09,0.06449145887419361,0.039
2020-09-10,0.06359410387683305,0.038
2020-09-11,0.06271545765938757,0.039
2020-09-12,0.061854027972358,0.036
2020-09-13,0.06100859534605019,0.036
2020-09-14,0.060178158656625146,0.034
2020-09-15,0.0593618915890457,0.035
2020-09-16,0.05855910781262477,0.035
2020-09-17,0.05776923312615184,0.036
2020-09-18,0.05699178317842664,0.039
2020-09-19,0.056226345648883465,0.038
2020-09-20,0.05547256599606184,0.033
2020-09-21,0.0547301360601349,0.034
2020-09-22,0.053998784948472135,0.04
2020-09-23,0.060554892406456146,0.041
2020-09-24,0.05294778303664927,0.04
2020-09-25,0.05188906128586168,0.039
2020-09-26,0.05118076737325327,0.039
2020-09-27,0.05050059201357119,0.038
2020-09-28,0.04983130000197532,0.04
2020-09-29,0.049171825829337185,0.038
2020-09-30,0.11305446934647713,0.07
2020-10-01,0.11588024947999456,0.065
2020-10-02,0.11543649974878943,0.211
2020-10-03,0.12246964679781233,1.803
2020-10-04,0.11974036045651242,9.484
2020-10-05,0.11761981060281962,2.196
2020-10-06,0.11607404081733469,0.549
2020-10-07,0.09364629048750771,0.295
2020-10-08,0.05174795696077956,0.347
2020-10-09,0.04853898343376586,0.285
2020-10-10,0.045203579630229446,0.193
2020-10-11,0.04410628511152455,0.15
2020-10-12,0.05512994628470595,0.138
2020-10-13,0.043619912970152094,0.134
2020-10-14,0.04228634192087384,0.118
2020-10-15,0.04141239352625943,0.112
2020-10-16,0.040693282353385395,0.107
2020-10-17,0.04003402770322793,0.108
2020-10-18,0.03941880029066671,0.103
2020-10-19,0.040146067818976734,0.102
2020-10-20,0.103641260939984,0.111
2020-10-21,0.08647653861381517,0.721
2020-10-22,0.07559782825391798,0.757
2020-10-23,0.04615877701644261,0.759
2020-10-24,0.1048730538778153,0.806
2020-10-25,0.05691788708796482,1.375
2020-10-26,0.05914060693984257,0.688
2020-10-27,0.07764005856566264,0.617
2020-10-28,0.12622802727447094,1.291
2020-10-29,0.06850432473009195,1.225
2020-10-30,0.10596424749116135,1.144
2020-10-31,0.16948890481897594,6.297
2020-11-01,0.12153839634150243,2.948
2020-11-02,0.22246581578004074,2.005
2020-11-03,0.11289538080130304,4.982
2020-11-04,0.0943958457554738,1.468
2020-11-05,0.08220613611023267,0.877
2020-11-06,0.07245117136306688,0.643
2020-11-07,0.06572237604582294,0.517
2020-11-08,0.06145267504213949,0.477
2020-11-09,0.10438015495612259,0.57
2020-11-10,0.06528480274162483,1.031
2020-11-11,0.15152921950319456,1.162
2020-11-12,0.1010871593454572,1.552
2020-11-13,0.09211466106421869,1.071
2020-11-14,0.2450961595708378,11.66
2020-11-15,0.15325845255457002,13.61
2020-11-16,0.12320140947458408,2.32
2020-11-17,0.09737609320313757,1.201
2020-11-18,0.09990849679993176,0.909
2020-11-19,0.08318914102447933,0.683
2020-11-20,0.11696587446060024,0.625
2020-11-21,0.10730773439584379,0.647
2020-11-22,0.08341354733841416,0.601
2020-11-23,0.07526721836211893,0.526
2020-11-24,0.1662830579311191,0.494
2020-11-25,0.09962367248615157,1.597
2020-11-26,0.0848248529798454,0.991
2020-11-27,0.09927468982670536,0.752
2020-11-28,0.07924736106741603,0.652
2020-11-29,0.07452170651076821,0.583
2020-11-30,0.06982896841788114,0.53
2020-12-01,0.06564593547529214,0.474
2020-12-02,0.10201595154964334,0.459
2020-12-03,0.12412783647367018,0.699
2020-12-04,0.36292480925702825,3.01
2020-12-05,0.23930018763715843,21.34
2020-12-06,0.18475847693565686,3.958
2020-12-07,0.14337441779702154,1.78
2020-12-08,0.12615286922162558,1.07
2020-12-09,0.13692979804093272,0.87
2020-12-10,0.2109489490068153,0.937
2020-12-11,0.1419934249217232,1.45
2020-12-12,0.1620159458763228,0.976
2020-12-13,0.29406971098698925,1.727
2020-12-14,0.18854261235447062,3.028
2020-12-15,0.19553459787805422,1.563
2020-12-16,0.3429396145714536,5.383
2020-12-17,0.24387161470654128,2.713
2020-12-18,0.39084530992860606,2.96
2020-12-19,0.31358755606474886,10.44
2020-12-20,0.3703846324972696,3.119
2020-12-21,0.5218080428783249,12.5
2020-12-22,0.47739037593495665,11.28
2020-12-23,0.6323823118076404,28.08
2020-12-24,0.39767706585828855,15.78
2020-12-25,0.33013001100362177,3.407
2020-12-26,0.7669422663870313,10.11
2020-12-27,0.6052069887695839,46.99
2020-12-28,0.4614245488291522,12.58
2020-12-29,0.3837997022623354,3.539
2020-12-30,0.32504696377592573,1.817
2020-12-31,0.28636290449861723,1.18
2021-01-01,0.27482654573015247,0.967
2021-01-02,0.2662336371098915,0.951
2021-01-03,0.23322363580474076,0.959
2021-01-04,0.21407894709096917,0.853
2021-01-05,0.20076976860826154,0.715
2021-01-06,0.19161704352400455,0.647
2021-01-07,0.18539748011646381,0.579
2021-01-08,0.18054929295033384,0.566
2021-01-09,0.17441471329980995,0.502
2021-01-10,0.1714443448299943,0.479
2021-01-11,0.23859717084532125,0.462
2021-01-12,0.24317287238983504,0.663
2021-01-13,0.28314596568145695,0.862
2021-01-14,0.22978093467615884,1.285
2021-01-15,0.3126967036703479,0.868
2021-01-16,0.25268103572442646,1.495
2021-01-17,0.2318318081915535,0.969
2021-01-18,0.35498643435670213,0.951
2021-01-19,0.5320787106834622,5.026
2021-01-20,0.7791715174526243,35.15
2021-01-21,0.5389768438986777,33.52
2021-01-22,0.4609510175944849,4.249
2021-01-23,0.4955111018325057,2.057
2021-01-24,0.39017705058225055,1.341
2021-01-25,0.3500892913226255,1.142
2021-01-26,0.34159238509181405,1.668
2021-01-27,0.6837119936647964,8.667
2021-01-28,0.6972047763710969,25.15
2021-01-29,0.772278680394578,12.78
2021-01-30,0.6024691519419947,26.75
2021-01-31,0.5058669483616035,4.778
2021-02-01,0.6053604437264564,3.656
2021-02-02,0.5883234104784291,13.8
2021-02-03,0.4614898379640892,6.296
2021-02-04,0.6014484592361676,7.3
2021-02-05,0.5293051431598518,5.223
2021-02-06,0.4418224486702127,2.592
2021-02-07,0.39951720780687977,1.51
2021-02-08,0.37097575454833814,1.029
2021-02-09,0.3490225881824904,0.83
2021-02-10,0.3325401577714841,0.664
2021-02-11,0.3207587041001546,0.573
2021-02-12,0.3099917973700483,0.497
2021-02-13,0.30409758897070976,0.449
2021-02-14,0.4961516756209273,0.632
2021-02-15,0.4891027119812922,1.707
2021-02-16,0.46557126143198974,4.999
2021-02-17,0.62773858597295,4.156
2021-02-18,0.4905344463629162,6.855
2021-02-19,0.4952377654241259,2.441
2021-02-20,0.436109685504991,2.301
2021-02-21,0.48010038994324455,1.363
2021-02-22,0.4121033829612377,1.518
2021-02-23,0.38521813786977593,1.093
2021-02-24,0.36913276998571554,0.834
2021-02-25,0.35477141142722246,0.666
2021-02-26,0.3437178349944341,0.55
2021-02-27,0.3356901359921789,0.494
2021-02-28,0.3295150336907566,0.446
2021-03-01,0.32418156529072273,0.418
2021-03-02,0.32042001715937957,0.39
2021-03-03,0.3351195328909454,0.379
2021-03-04,0.32163615979177274,0.361
2021-03-05,0.3172883402256102,0.319
2021-03-06,0.31476547319924014,0.3
2021-03-07,0.31275155867172394,0.291
2021-03-08,0.3110869055305537,0.275
2021-03-09,0.31032872189974375,0.27
2021-03-10,0.3357828003403634,0.285
2021-03-11,0.3898307866281782,0.295
2021-03-12,0.4940649742203603,0.794
2021-03-13,0.37740540326736804,1.297
2021-03-14,0.3579056681027198,0.642
2021-03-15,0.3456005010648966,0.463
2021-03-16,0.33613078046850575,0.383
2021-03-17,0.32879689290113306,0.329
2021-03-18,0.3233719587268093,0.313
2021-03-19,0.31867469520507996,0.301
2021-03-20,0.3142702457011322,0.285
2021-03-21,0.3108250868254452,0.274
2021-03-22,0.30783994401806386,0.255
2021-03-23,0.3052046467095963,0.25
2021-03-24,0.3028167771099124,0.242
2021-03-25,0.32047337771103884,0.271
2021-03-26,0.32134286811702384,0.403
2021-03-27,0.3002585055851474,0.382
2021-03-28,0.29570103931784997,0.313
2021-03-29,0.29325161546607326,0.286
2021-03-30,0.29139666347729815,0.273
2021-03-31,0.2895851331297718,0.247
2021-04-01,0.2877857379725647,0.238
2021-04-02,0.2859876067967404,0.222
2021-04-03,0.28418298516786517,0.217
2021-04-04,0.2823661308555087,0.219
2021-04-05,0.2805328788793329,0.213
2021-04-06,0.2786803110123335,0.207
2021-04-07,0.276806492492344,0.206
2021-04-08,0.27491026181384276,0.209
2021-04-09,0.27299106294355147,0.214
2021-04-10,0.27104881146379217,0.195
2021-04-11,0.26908378784839493,0.187
2021-04-12,0.2670965524352998,0.205
2021-04-13,0.2650878777473988,0.212
2021-04-14,0.26305869468308,0.209
2021-04-15,0.26101004979385956,0.203
2021-04-16,0.2589430714232269,0.169
2021-04-17,0.256858942926208,0.176
2021-04-18,0.25475888154545784,0.173
2021-04-19,0.2526441218047255,0.176
2021-04-20,0.2505159025085632,0.157
2021-04-21,0.24837545661956517,0.157
2021-04-22,0.24622400343034762,0.15
2021-04-23,0.24406274256422272,0.151
2021-04-24,0.24189284943190037,0.144
2021-04-25,0.2397154718462615,0.147
2021-04-26,0.23753172755700075,0.142
2021-04-27,0.2530390669889336,0.147
2021-04-28,0.2686577388882058,0.183
2021-04-29,0.2347158980311418,0.18
2021-04-30,0.2305408876219114,0.167
2021-05-01,0.22661037446782475,0.162
2021-05-02,0.22435585031052419,0.159
2021-05-03,0.2866868095947864,0.202
2021-05-04,0.2252995496946146,0.261
2021-05-05,0.22524655341088626,0.198
2021-05-06,0.2166148869678965,0.235
2021-05-07,0.27794827508582287,0.203
2021-05-08,0.2283696043357281,0.427
2021-05-09,0.21177722449425046,0.335
2021-05-10,0.20881880278406356,0.23
2021-05-11,0.20473101070150151,0.182
2021-05-12,0.22345040276685424,0.173
2021-05-13,0.24534627768437667,0.299
2021-05-14,0.20250314218997936,0.503
2021-05-15,0.19814035400329186,0.41
2021-05-16,0.20320103751372143,0.33
2021-05-17,0.19229486975666588,0.288
2021-05-18,0.20724084414372584,0.256
2021-05-19,0.19652878507625313,0.877
2021-05-20,0.2457915618508578,0.778
2021-05-21,0.23912848449947108,3.336
2021-05-22,0.18874107103371343,1.994
2021-05-23,0.25376580515688785,2.63
2021-05-24,0.21060196008223758,5.943
2021-05-25,0.1836885553483456,1.68
2021-05-26,0.17942304473063767,0.797
2021-05-27,0.17473190595686167,0.514
2021-05-28,0.1721886379846446,0.392
2021-05-29,0.16967068017288342,0.325
2021-05-30,0.16734528777803714,0.289
2021-05-31,0.16511754233723316,0.262
2021-06-01,0.16296724516915828,0.243
2021-06-02,0.16088157250922813,0.231
2021-06-03,0.15885047714166536,0.226
2021-06-04,0.15686596165114494,0.202
2021-06-05,0.1549216569114251,0.198
2021-06-06,0.15301249363067584,0.206
2021-06-07,0.15113444013953234,0.196
2021-06-08,0.14928429272548233,0.19
2021-06-09,0.14745950797785054,0.187
2021-06-10,0.14565806873775608,0.19
2021-06-11,0.14387837692984434,0.184
2021-06-12,0.14211916789736248,0.179
2021-06-13,0.1403794419378871,0.184
2021-06-14,0.1386584095976076,0.162
2021-06-15,0.13695544797053716,0.171
2021-06-16,0.13527006579980133,0.159
2021-06-17,0.13616339359684324,0.183
2021-06-18,0.16227432173883136,0.19
2021-06-19,0.1525600309047865,0.186
2021-06-20,0.13173859300485447,0.191
2021-06-21,0.127920342953853,0.182
2021-06-22,0.1255362606344718,0.172
2021-06-23,0.12394125523430373,0.164
2021-06-24,0.1223867397206608,0.166
2021-06-25,0.12084894409173326,0.193
2021-06-26,0.11932702572677552,0.136
2021-06-27,0.17691735642063097,0.174
2021-06-28,0.12137836240896606,0.181
2021-06-29,0.11696084115296976,0.18
2021-06-30,0.11346403009695973,0.167
2021-07-01,0.11195548855698559,0.158
2021-07-02,0.11105424081767558,0.152
2021-07-03,0.1091286685526588,0.154
2021-07-04,0.1152004216163959,0.162
2021-07-05,0.14168171846046299,0.16
2021-07-06,0.10872289164808167,0.157
2021-07-07,0.12876337340163554,0.165
2021-07-08,0.10470560473096657,0.162
2021-07-09,0.10106316395435479,0.149
2021-07-10,0.09965847832032028,0.153
2021-07-11,0.13238735925663983,0.151
2021-07-12,0.1007701288118735,0.139
2021-07-13,0.09629347900709455,0.143
2021-07-14,0.09459534660044568,0.119
2021-07-15,0.09334770755723099,0.12
2021-07-16,0.0921297668139147,0.119
2021-07-17,0.09092684777767267,0.113
2021-07-18,0.08973831426473415,0.11
2021-07-19,0.08856405048941043,0.112
2021-07-20,0.087403959903055,0.103
2021-07-21,0.08625794505355185,0.101
2021-07-22,0.08512590679716624,0.105
2021-07-23,0.08400774435739428,0.106
2021-07-24,0.08290335542198561,0.111
2021-07-25,0.08181263623983552,0.11
2021-07-26,0.0807354817156632,0.107
2021-07-27,0.14420427757453613,0.117
2021-07-28,0.0951163666382271,0.116
2021-07-29,0.08537935125974493,0.112
2021-07-30,0.07881486729907868,0.116
2021-07-31,0.07643041536386382,0.108
2021-08-01,0.0745782341412759,0.106
2021-08-02,0.07804544220161266,0.112
2021-08-03,0.07282428173995655,0.102
2021-08-04,0.07164577118161954,0.099
2021-08-05,0.1060734387447172,0.108
2021-08-06,0.0735084622350497,0.105
2021-08-07,0.11664507388674253,0.107
2021-08-08,0.07234971992707775,0.114
2021-08-09,0.06908980647236829,0.106
2021-08-10,0.0670374133582869,0.101
2021-08-11,0.06528352725116707,0.1
2021-08-12,0.06439346470667631,0.098
2021-08-13,0.06354066456010611,0.092
2021-08-14,0.06270006473710105,0.09
2021-08-15,0.0618707925535331,0.088
2021-08-16,0.061052708936143084,0.085
2021-08-17,0.060245697360914674,0.085
2021-08-18,0.05944964215727271,0.086
2021-08-19,0.058664427873967855,0.089
2021-08-20,0.057889939296012986,0.088
2021-08-21,0.12165855355300081,0.139
2021-08-22,0.11829736279963624,0.13
2021-08-23,0.06083007476154482,0.089
2021-08-24,0.05701024419773119,0.093
2021-08-25,0.054500872175976676,0.089
2021-08-26,0.05347186542329185,0.083
2021-08-27,0.05275954046386202,0.082
2021-08-28,0.05206644580506599,0.081
2021-08-29,0.05138334998851552,0.075
2021-08-30,0.050709857472026554,0.075
2021-08-31,0.05004584861052226,0.07
2021-09-01,0.04939121316141752,0.074
2021-09-02,0.04874584178126893,0.073
2021-09-03,0.048109625761082075,0.068
2021-09-04,0.047482457034985374,0.068
2021-09-05,0.04686422819761602,0.068
2021-09-06,0.04625483252091016,0.063
2021-09-07,0.04565416396997207,0.065
2021-09-08,0.045062117218038406,0.064
2021-09-09,0.059131236066793526,0.067
2021-09-10,0.044670513739487556,0.066
2021-09-11,0.04337749790059809,0.076
2021-09-12,0.04278026205976129,0.049
2021-09-13,0.06385939051219022,0.063
2021-09-14,0.04424302468980623,0.071
2021-09-15,0.041253501289150236,0.059
2021-09-16,0.040628251524279485,0.062
2021-09-17,0.04010487906508806,0.06
2021-09-18,0.0395932194592891,0.058
2021-09-19,0.03908926586293182,0.054
2021-09-20,0.0385927392757577,0.052
2021-09-21,0.03810353550789248,0.052
2021-09-22,0.037621559809887656,0.05
2021-09-23,0.037146718716905724,0.048
2021-09-24,0.03667891963375358,0.05
2021-09-25,0.03621807081640673,0.046
2021-09-26,0.07799840853679248,0.051
2021-09-27,0.03944704033627076,0.05
2021-09-28,0.0995863571963434,0.235
2021-09-29,0.10251180127662643,0.13
2021-09-30,0.08667189062956995,0.094
2021-10-01,0.0383864669975768,0.073
2021-10-02,0.09797440102472701,0.315
2021-10-03,0.06371104470460079,0.217
2021-10-04,0.10235277513561132,0.349
2021-10-05,0.05751069617925944,0.576
2021-10-06,0.03611690304778134,0.202
2021-10-07,0.034359770650112365,0.159
2021-10-08,0.03182179995459226,0.136
2021-10-09,0.031223814133894894,0.117
2021-10-10,0.03072485642264856,0.101
2021-10-11,0.030261084697242844,0.093
2021-10-12,0.029824895444948624,0.088
2021-10-13,0.029411675459189303,0.084
2021-10-14,0.029017772755843156,0.08
2021-10-15,0.02864025556670879,0.08
2021-10-16,0.028276766611774758,0.079
2021-10-17,0.027925408235239996,0.077
2021-10-18,0.044967950920079235,0.078
2021-10-19,0.09268593288900878,0.098
2021-10-20,0.09766143390190296,1.137
2021-10-21,0.07361302582905196,1.699
2021-10-22,0.031558801171324896,0.488
2021-10-23,0.028818402089125287,0.294
2021-10-24,0.026610334832433316,0.218
2021-10-25,0.02932142288535081,0.193
2021-10-26,0.02598541910158813,0.171
2021-10-27,0.02542242180235163,0.195
2021-10-28,0.06736586617765403,0.221
2021-10-29,0.09316874701476993,0.474
2021-10-30,0.10520899926494565,1.043
2021-10-31,0.12259369943990724,7.647
2021-11-01,0.045571449828548306,6.391
2021-11-02,0.03827625937371366,1.367
2021-11-03,0.03532244095769128,0.807
2021-11-04,0.03135450653972412,0.523
2021-11-05,0.030209539078156534,0.403
2021-11-06,0.028492761978655638,0.34
2021-11-07,0.027117922698232516,0.301
2021-11-08,0.026453409379304533,0.271
2021-11-09,0.025443827673598148,0.246
2021-11-10,0.02504190285650827,0.235
2021-11-11,0.033074952791081295,0.229
2021-11-12,0.025058679762931867,0.241
2021-11-13,0.02380393434607533,0.236
2021-11-14,0.023329148124624836,0.223
2021-11-15,0.02296890181886421,0.21
2021-11-16,0.022640732703148668,0.222
2021-11-17,0.02233407219375235,0.227
2021-11-18,0.022071026219411507,0.215
2021-11-19,0.021839187065416297,0.209
2021-11-20,0.021636241246560352,0.208
2021-11-21,0.021417863943563587,0.201
2021-11-22,0.02123690511305699,0.221
2021-11-23,0.021051417600729268,0.186
2021-11-24,0.02087921877172958,0.184
2021-11-25,0.02072423469282639,0.176
2021-11-26,0.04935441127485561,0.196
2021-11-27,0.03297934434513976,0.256
2021-11-28,0.023149816073686956,0.287
2021-11-29,0.02114051955794526,0.288
2021-11-30,0.030091707651928482,0.3
2021-12-01,0.028686917729116187,0.308
2021-12-02,0.04664822864930284,0.32
2021-12-03,0.02812369299338046,0.411
2021-12-04,0.025948433211802784,0.407
2021-12-05,0.02108933249492776,0.357
2021-12-06,0.03716956742574023,0.371
2021-12-07,0.10203916280621454,1.252
2021-12-08,0.036238744137294505,1.35
2021-12-09,0.071781222985482,0.807
2021-12-10,0.03877004709693488,0.783
2021-12-11,0.05817922268044079,0.602
2021-12-12,0.038667435969095935,0.609
2021-12-13,0.05280223473970895,0.629
2021-12-14,0.037323469886338334,0.685
2021-12-15,0.0321281376923815,0.577
2021-12-16,0.02952902681311388,0.506
2021-12-17,0.027703511993432635,0.459
2021-12-18,0.02625726976008589,0.38
2021-12-19,0.02529229466574904,0.354
2021-12-20,0.023777266062117018,0.339
2021-12-21,0.022911866910511725,0.335
2021-12-22,0.02931889391604282,0.315
2021-12-23,0.026535734521954957,0.307
2021-12-24,0.07202496550084407,0.395
2021-12-25,0.13014699903811522,1.107
2021-12-26,0.06826402611964401,2.005
2021-12-27,0.11316950445240768,1.462
2021-12-28,0.12441045809304763,1.319
2021-12-29,0.13763297762188753,2.563
2021-12-30,0.13886680217421185,2.154
2021-12-31,0.09884594078053167,3.335
2022-01-01,0.10777628910637346,2.069
2022-01-02,0.11282944502382095,1.888
2022-01-03,0.15065611472877843,1.481
2022-01-04,0.08989294745692197,3.068
2022-01-05,0.07568071690468696,1.365
2022-01-06,0.1547269891320451,1.416
2022-01-07,0.14586519108651455,1.876
2022-01-08,0.1417936592446427,2.594
2022-01-09,0.09590304854151421,1.519
2022-01-10,0.11819046598755255,1.02
2022-01-11,0.08742778697244259,1.022
2022-01-12,0.07400270082099386,0.896
2022-01-13,0.0662582063348246,0.757
2022-01-14,0.06082538204949615,0.654
2022-01-15,0.056211280826687346,0.588
2022-01-16,0.05254609714041805,0.533
2022-01-17,0.050496360763552614,0.469
2022-01-18,0.04850612411376808,0.449
2022-01-19,0.04654665594599383,0.429
2022-01-20,0.045825696846998436,0.387
2022-01-21,0.04455145813850859,0.362
2022-01-22,0.04383354755925411,0.359
2022-01-23,0.04343032685454838,0.338
2022-01-24,0.04317528183770127,0.323
2022-01-25,0.043028889224984865,0.311
2022-01-26,0.04301125793777681,0.301
2022-01-27,0.043003582829875826,0.292
2022-01-28,0.04305751430962419,0.298
2022-01-29,0.04307132401887551,0.27
2022-01-30,0.043315932250014504,0.26
2022-01-31,0.04326527994738733,0.257
2022-02-01,0.043363439682874316,0.252
2022-02-02,0.04347971112236412,0.246
2022-02-03,0.0786934869278568,0.248
2022-02-04,0.048011305431703045,0.329
2022-02-05,0.07769869979418818,0.327
2022-02-06,0.061690166131376165,0.392
2022-02-07,0.05324590603093103,0.357
2022-02-08,0.049708077759974774,0.317
2022-02-09,0.049492722156794226,0.299
2022-02-10,0.0479455944655636,0.255
2022-02-11,0.047242995829114544,0.238
2022-02-12,0.0674106155078089,0.245
2022-02-13,0.15468807853669903,2.293
2022-02-14,0.07687539607265967,1.44
2022-02-15,0.1972995116013874,2.326
2022-02-16,0.10625920351779684,1.623
2022-02-17,0.13886796957437983,0.898
2022-02-18,0.12790122837707954,1.478
2022-02-19,0.16479751717450683,1.468
2022-02-20,0.23253451358007476,5.292
2022-02-21,0.13763750771445718,2.792
2022-02-22,0.11836433562153156,1.06
2022-02-23,0.1685053707891694,0.801
2022-02-24,0.11795973193766048,1.093
2022-02-25,0.10137564791181577,0.792
2022-02-26,0.09201997740737936,0.62
2022-02-27,0.08489746779345703,0.516
2022-02-28,0.17830508532198677,0.775
2022-03-01,0.18265470484143886,1.356
2022-03-02,0.1700084546314668,3.153
2022-03-03,0.17539073211706513,1.609
2022-03-04,0.13002311980892964,1.151
2022-03-05,0.11689439110036587,0.805
2022-03-06,0.10324755127075552,0.633
2022-03-07,0.09521572342409906,0.563
2022-03-08,0.08920599829194628,0.468
2022-03-09,0.0841883671471204,0.403
2022-03-10,0.08040131002402373,0.354
2022-03-11,0.12290567780878188,0.403
2022-03-12,0.13061295475085385,0.513
2022-03-13,0.09748896790119223,0.625
2022-03-14,0.08785860928734877,0.461
2022-03-15,0.08258190285503787,0.4
2022-03-16,0.21625456729020365,6.843
2022-03-17,0.13334466598804248,4.058
2022-03-18,0.1035700480186086,1.003
2022-03-19,0.0953877598832853,0.714
2022-03-20,0.08978194550381693,0.562
2022-03-21,0.08603019895407163,0.44
2022-03-22,0.0831166252456162,0.351
2022-03-23,0.08084034510070626,0.304
2022-03-24,0.07905863743771953,0.281
2022-03-25,0.07766536644001681,0.266
2022-03-26,0.07657649714397562,0.254
2022-03-27,0.07572509584447179,0.249
2022-03-28,0.07826583684258326,0.248
2022-03-29,0.07468220956962804,0.251
2022-03-30,0.07435329903009132,0.245
2022-03-31,0.07378217420264271,0.229
2022-04-01,0.07349691157378259,0.217
2022-04-02,0.07326141801391292,0.21
2022-04-03,0.08432637844862467,0.212
2022-04-04,0.07380464560895211,0.214
2022-04-05,0.07274134712214501,0.208
2022-04-06,0.10100480196753492,0.224
2022-04-07,0.07562129349361921,0.23
2022-04-08,0.07231156782256225,0.215
2022-04-09,0.07200286765231252,0.19
2022-04-10,0.07180723905753618,0.18
2022-04-11,0.09503095424262765,0.179
2022-04-12,0.07423009027534311,0.203
2022-04-13,0.0712849578192681,0.192
2022-04-14,0.07093997495442526,0.183
2022-04-15,0.07068625212864987,0.174
2022-04-16,0.07042428123893435,0.171
2022-04-17,0.07014985920132573,0.171
2022-04-18,0.06986298742537407,0.168
2022-04-19,0.06956393694291192,0.168
2022-04-20,0.0692530473900384,0.163
2022-04-21,0.06893070250640171,0.156
2022-04-22,0.06859731732558177,0.156
2022-04-23,0.06825332837006796,0.154
2022-04-24,0.06789918592309445,0.148
2022-04-25,0.06753534794244406,0.139
2022-04-26,0.0671622752844766,0.141
2022-04-27,0.06678042797390422,0.137
2022-04-28,0.06639026230783603,0.137
2022-04-29,0.06599222862496947,0.134
2022-04-30,0.06558676960468564,0.133
2022-05-01,0.06517431898790853,0.136
2022-05-02,0.06475530063326933,0.134
2022-05-03,0.06433012783945992,0.132
2022-05-04,0.06389920287853347,0.128
2022-05-05,0.06346291669600783,0.129
2022-05-06,0.06302164874250384,0.128
2022-05-07,0.06257576690875165,0.126
2022-05-08,0.06212562754147697,0.124
2022-05-09,0.06167157552222175,0.12
2022-05-10,0.07039763450620089,0.122
2022-05-11,0.07082812201094754,0.139
2022-05-12,0.060804401457385325,0.129
2022-05-13,0.05984978862575395,0.12
2022-05-14,0.09065499109708354,0.12
2022-05-15,0.1250731145798383,0.144
2022-05-16,0.06384282128455868,0.196
2022-05-17,0.06006196454686606,0.149
2022-05-18,0.09065696840260927,0.141
2022-05-19,0.060620778623622314,0.149
2022-05-20,0.056735352534747215,0.143
2022-05-21,0.056037550574949226,0.131
2022-05-22,0.05555040919077261,0.122
2022-05-23,0.0820808569814333,0.122
2022-05-24,0.05750631483305363,0.124
2022-05-25,0.05423531048576633,0.119
2022-05-26,0.053641985522445895,0.113
2022-05-27,0.05315941511647106,0.108
2022-05-28,0.05268251384149892,0.102
2022-05-29,0.052206748546730124,0.104
2022-05-30,0.051732049395807535,0.104
2022-05-31,0.05127439669436457,0.097
2022-06-01,0.05078687645934281,0.097
2022-06-02,0.050315743086125284,0.101
2022-06-03,0.04992660390670341,0.096
2022-06-04,0.058347557190745886,0.097
2022-06-05,0.09305674092129228,0.109
2022-06-06,0.052683625411698125,0.114
2022-06-07,0.049725800968730416,0.104
2022-06-08,0.047584797298506204,0.096
2022-06-09,0.04707446151795327,0.094
2022-06-10,0.04661807399954904,0.091
2022-06-11,0.04616583577831037,0.086
2022-06-12,0.0457161934026758,0.086
2022-06-13,0.04526916950214294,0.084
2022-06-14,0.0448248371616361,0.078
2022-06-15,0.04438326744467294,0.078
2022-06-16,0.04394452757480313,0.078
2022-06-17,0.04350868098522877,0.078
2022-06-18,0.10291317424234808,0.097
2022-06-19,0.04773407845933605,0.094
2022-06-20,0.04432631116226242,0.153
2022-06-21,0.04186282363651134,0.03
2022-06-22,0.041377069034396315,0.067
2022-06-23,0.04095754527160038,0.073
2022-06-24,0.04054335754865956,0.071
2022-06-25,0.04013252221220074,0.072
2022-06-26,0.03972500264255342,0.066
2022-06-27,0.03932082794972641,0.065
2022-06-28,0.03892002723882815,0.067
2022-06-29,0.03893442463300367,0.067
2022-06-30,0.04159601993867887,0.067
2022-07-01,0.038213675339005986,0.064
2022-07-02,0.041428054154842395,0.066
2022-07-03,0.03717600685127577,0.062
2022-07-04,0.03659835524696782,0.062
2022-07-05,0.03621142704272514,0.059
2022-07-06,0.03583783479911078,0.059
2022-07-07,0.03546829944769484,0.057
2022-07-08,0.03510233429462054,0.049
2022-07-09,0.03473991887359771,0.054
2022-07-10,0.034381056204605645,0.055
2022-07-11,0.0340257490690845,0.051
2022-07-12,0.033673998786706925,0.05
2022-07-13,0.033325805205979116,0.042
2022-07-14,0.032981166758934546,0.047
2022-07-15,0.032640080517656295,0.064
2022-07-16,0.03230254224929153,0.066
2022-07-17,0.031968546469419434,0.063
2022-07-18,0.03163808649380706,0.065
2022-07-19,0.031311154488595436,0.062
2022-07-20,0.030987741518958396,0.062
2022-07-21,0.030667837596274727,0.059
2022-07-22,0.0638499567155755,0.062
2022-07-23,0.031932435308538606,0.062
2022-07-24,0.029827910676460255,0.063
2022-07-25,0.029428330833148136,0.061
2022-07-26,0.029120818018173716,0.058
2022-07-27,0.028821438372918014,0.062
2022-07-28,0.02852572442418309,0.057
2022-07-29,0.02823342050691606,0.055
2022-07-30,0.027944496154136387,0.055
2022-07-31,0.027658932435643834,0.059
2022-08-01,0.02737671045947932,0.055
2022-08-02,0.027097810779462717,0.053
2022-08-03,0.02682221339243121,0.054
2022-08-04,0.026549897766531577,0.054
2022-08-05,0.026280842870273016,0.054
2022-08-06,0.02601502720072024,0.048
2022-08-07,0.025752428810763516,0.047
2022-08-08,0.025493025335486814,0.053
2022-08-09,0.025236794017658926,0.047
2022-08-10,0.024983711732372002,0.048
2022-08-11,0.024733755010851545,0.042
2022-08-12,0.024486900063461006,0.042
2022-08-13,0.0242431228019238,0.039
2022-08-14,0.024002398860784747,0.039
2022-08-15,0.02376470361813253,0.041
2022-08-16,0.08806250428587574,0.055
2022-08-17,0.02864199257355085,0.046
2022-08-18,0.02519067649351481,0.044
2022-08-19,0.022911926711806717,0.042
2022-08-20,0.022623073789239792,0.041
2022-08-21,0.022400810804574792,0.041
2022-08-22,0.022183530504124777,0.041
2022-08-23,0.02196915091266365,0.041
2022-08-24,0.021757572893372355,0.04
2022-08-25,0.03403834549796483,0.046
2022-08-26,0.023008107359330874,0.044
2022-08-27,0.021203435243045115,0.039
2022-08-28,0.020941412426578526,0.038
2022-08-29,0.020740866447357266,0.037
2022-08-30,0.02054541173785133,0.036
2022-08-31,0.02035268211807523,0.035
2022-09-01,0.020162545643744853,0.037
2022-09-02,0.019974970805559367,0.036
2022-09-03,0.019789930946176038,0.033
2022-09-04,0.020071382347272026,0.036
2022-09-05,0.08397376224020875,0.039
2022-09-06,0.02459386826467448,0.036
2022-09-07,0.02119574304037018,0.035
2022-09-08,0.06256668338000301,0.043
2022-09-09,0.022938065726017,0.034
2022-09-10,0.020622633394768344,0.034
2022-09-11,0.018740834500532728,0.033
2022-09-12,0.01824476998477587,0.034
2022-09-13,0.01810087652728169,0.034
2022-09-14,0.01791513007709158,0.032
2022-09-15,0.017757664232021006,0.036
2022-09-16,0.017603178198718192,0.032
2022-09-17,0.017450888060900942,0.03
2022-09-18,0.01730074592440994,0.031
2022-09-19,0.017152726128497376,0.031
2022-09-20,0.017006803816628696,0.03
2022-09-21,0.016862954296764054,0.031
2022-09-22,0.016721153026129972,0.033
2022-09-23,0.01658137561456461,0.035
2022-09-24,0.016443597828213467,0.031
2022-09-25,0.028752911195425952,0.033
2022-09-26,0.016807634357494602,0.032
2022-09-27,0.016075201016686337,0.034
2022-09-28,0.015913770335684616,0.036
2022-09-29,0.015783961410888094,0.037
2022-09-30,0.050578224135627146,0.042
2022-10-01,0.01926529392982147,0.036
2022-10-02,0.016054603382703272,0.038
2022-10-03,0.015311376799044887,0.039
2022-10-04,0.015171367554139642,0.035
2022-10-05,0.015053283095451493,0.03
2022-10-06,0.014937642451242841,0.029
2022-10-07,0.014823729933792551,0.027
2022-10-08,0.014711496984791291,0.026
2022-10-09,0.016607481778637107,0.027
2022-10-10,0.014599020034945004,0.028
2022-10-11,0.014390414349990726,0.028
2022-10-12,0.01754082306913532,0.028
2022-10-13,0.014344421321886907,0.027
2022-10-14,0.0140811487701719,0.027
2022-10-15,0.013971556386814094,0.026
2022-10-16,0.050363654345230414,0.029
2022-10-17,0.0175911099418265,0.026
2022-10-18,0.015627773324394977,0.026
2022-10-19,0.025927708057808307,0.029
2022-10-20,0.02820579191719767,0.031
2022-10-21,0.07868213113634152,0.061
2022-10-22,0.08134299787458271,0.044
2022-10-23,0.08366361003814765,0.191
2022-10-24,0.08268918088227283,0.14
2022-10-25,0.0572872105868965,0.083
2022-10-26,0.021036855457377327,0.042
2022-10-27,0.01600066830500785,0.047
2022-10-28,0.020634814154416897,0.039
2022-10-29,0.0137916363398459,0.038
2022-10-30,0.024768788106583624,0.035
2022-10-31,0.08191750192126844,0.072
2022-11-01,0.058263156564734936,0.12
2022-11-02,0.08523472363064734,0.135
2022-11-03,0.06953952336027623,0.292
2022-11-04,0.023058333970033852,0.141
2022-11-05,0.022999977912906727,0.069
2022-11-06,0.07364753058822908,0.117
2022-11-07,0.11795550132351859,0.244
2022-11-08,0.12138315118488552,1.064
2022-11-09,0.06333457695786951,0.58
2022-11-10,0.0472280307687388,0.285
2022-11-11,0.03895971344480828,0.18
2022-11-12,0.03381328734721683,0.156
2022-11-13,0.030089315340212097,0.127
2022-11-14,0.1330737356734302,0.143
2022-11-15,0.22063990585749504,2.859
2022-11-16,0.25475634839990235,4.759
2022-11-17,0.148048436039172,4.605
2022-11-18,0.09820951979703803,1.138
2022-11-19,0.11990520905162809,0.628
2022-11-20,0.12717137848030574,0.606
2022-11-21,0.19663183242916363,1.792
2022-11-22,0.27399278870123167,1.328
2022-11-23,0.317126934061086,6.956
2022-11-24,0.27565244416933055,8.977
2022-11-25,0.17882374168547324,3.951
2022-11-26,0.3288418601886505,2.531
2022-11-27,0.18492400140239948,5.438
2022-11-28,0.15253403452308237,1.885
2022-11-29,0.12865407243746474,1.069
2022-11-30,0.11184023320051655,0.791
2022-12-01,0.09908838112981597,0.629
2022-12-02,0.08918386960349596,0.532
2022-12-03,0.07967234804538847,0.467
2022-12-04,0.07402636859806473,0.41
2022-12-05,0.06957671679672034,0.349
2022-12-06,0.06580028488536908,0.321
2022-12-07,0.0631037791420593,0.318
2022-12-08,0.061172090978113894,0.288
2022-12-09,0.05972752573082719,0.271
2022-12-10,0.10628143079872071,0.245
2022-12-11,0.09279639684489945,0.239
2022-12-12,0.0746119935529976,0.233
2022-12-13,0.07054278469265914,0.243
2022-12-14,0.06811262390759133,0.227
2022-12-15,0.06634441736616464,0.212
2022-12-16,0.06505524536059386,0.198
2022-12-17,0.07886851401947197,0.194
2022-12-18,0.23127089737850695,0.884
2022-12-19,0.4284628674504181,7.316
2022-12-20,0.2687935626727249,14.29
2022-12-21,0.21755803775306742,3.694
2022-12-22,0.36695857623001993,1.701
2022-12-23,0.25877343648398843,4.462
2022-12-24,0.23235259400215375,2.565
2022-12-25,0.3412073550019553,4.539
2022-12-26,0.2610211475565809,3.322
2022-12-27,0.4354816397688159,3.162
2022-12-28,0.4789653912739812,11.34
2022-12-29,0.4922908758945146,8.813
2022-12-30,0.44986229438519315,9.479
2022-12-31,0.6668739181891112,21.86
2023-01-01,0.4671337071948094,19.28
2023-01-02,0.42547695625306436,4.908
2023-01-03,0.6436738193345493,7.921
2023-01-04,0.4312715369708295,13.63
2023-01-05,0.40977964287151036,5.12
2023-01-06,0.47486695685296343,3.517
2023-01-07,0.5679499738010383,15.99
2023-01-08,0.42911083555719826,11.08
2023-01-09,0.4340325294377657,3.43
2023-01-10,0.42180177657328294,3.685
2023-01-11,0.9038336100494679,16.98
2023-01-12,0.7270795449654502,61.77
2023-01-13,0.9557709781148198,31.4
2023-01-14,0.7386894718123241,53.93
2023-01-15,0.6499177744170257,18.24
2023-01-16,0.5048167963013741,6.516
2023-01-17,0.436135981331618,2.522
2023-01-18,0.3923791650552058,1.367
2023-01-19,0.3555679008730551,1.004
2023-01-20,0.3270200569277894,0.774
2023-01-21,0.30613408225821936,0.673
2023-01-22,0.29082574526148697,0.596
2023-01-23,0.2778591831472516,0.513
2023-01-24,0.2687378605603446,0.458
2023-01-25,0.264952589420398,0.442
2023-01-26,0.2570264371608143,0.452
2023-01-27,0.25327600576711506,0.476
2023-01-28,0.2516474048419835,0.46
2023-01-29,0.2528071564792987,0.466
2023-01-30,0.24910375231411477,0.445
2023-01-31,0.24862766126697258,0.407
2023-02-01,0.24886164830379193,0.368
2023-02-02,0.24919919060578663,0.341
2023-02-03,0.24990591240010906,0.317
2023-02-04,0.2508062960388603,0.31
2023-02-05,0.2511497814371133,0.295
2023-02-06,0.2525452467561862,0.291
2023-02-07,0.2527229581752273,0.28
2023-02-08,0.253997098346657,0.275
2023-02-09,0.25395242315064115,0.265
2023-02-10,0.25464167771334684,0.26
2023-02-11,0.25501858763394814,0.256
2023-02-12,0.25544774495235884,0.253
2023-02-13,0.25589602753779156,0.247
2023-02-14,0.25619217461472205,0.244
2023-02-15,0.2578382101507459,0.241
2023-02-16,0.25652206042509434,0.236
2023-02-17,0.256621691246968,0.225
2023-02-18,0.2562383187928038,0.226
2023-02-19,0.256084212274261,0.219
2023-02-20,0.25576430704481945,0.217
2023-02-21,0.2729221075718204,0.221
2023-02-22,0.26890763660200295,0.227
2023-02-23,0.25716822207875584,0.214
2023-02-24,0.256178423486878,0.213
2023-02-25,0.25461602126385247,0.223
2023-02-26,0.253593608333227,0.212
2023-02-27,0.25258069822457113,0.205
2023-02-28,0.25156278050147457,0.198
2023-03-01,0.25052354878063743,0.188
2023-03-02,0.2494294078975614,0.179
2023-03-03,0.24831157258983244,0.176
2023-03-04,0.24715741691216708,0.176
2023-03-05,0.24596448910544882,0.181
2023-03-06,0.2818699239658283,0.193
2023-03-07,0.26043029891394,0.209
2023-03-08,0.30479502206184295,0.56
2023-03-09,0.3601215992062091,1.824
2023-03-10,0.2760625298384421,2.888
2023-03-11,0.30279944527322017,1.14
2023-03-12,0.3645558704577695,1.086
2023-03-13,0.43580904958437267,1.889
2023-03-14,0.3341534592740571,1.407
2023-03-15,0.4176485879258918,1.034
2023-03-16,0.36524309740891275,1.317
2023-03-17,0.35402772190200293,1.016
2023-03-18,0.3260925999563399,0.84
2023-03-19,0.29815647071489426,0.704
2023-03-20,0.37526126787029174,0.667
2023-03-21,0.5083967672826811,1.084
2023-03-22,0.4832111283378148,5.279
2023-03-23,0.598541310538335,11.16
2023-03-24,0.5824079624086111,10.14
2023-03-25,0.6530499937809116,5.962
2023-03-26,0.47149685496940713,7.716
2023-03-27,0.42386876810046975,2.046
2023-03-28,0.4582758962219265,1.284
2023-03-29,0.5953141315810446,2.613
2023-03-30,0.7232567228772533,6.553
2023-03-31,1.1202508138330816,35.91
2023-04-01,0.7714924873035408,67.07
2023-04-02,0.6560024793653747,13.51
2023-04-03,0.5324810899469143,3.731
2023-04-04,0.4790063259660112,1.552
2023-04-05,0.5231593004098021,1.133
2023-04-06,0.49086929439354654,1.236
2023-04-07,0.42315190547672704,1.067
2023-04-08,0.39111043732003425,0.761
2023-04-09,0.5593088200312809,0.646
2023-04-10,0.4483219678349521,1.864
2023-04-11,0.6865700435321322,2.744
2023-04-12,0.6143255498773269,6.179
2023-04-13,0.5233381702138439,2.069
2023-04-14,0.5239230911450456,1.404
2023-04-15,0.449402794753372,1.221
2023-04-16,0.4207874794362899,0.866
2023-04-17,0.3925862112789186,0.714
2023-04-18,0.37296190163576143,0.619
2023-04-19,0.3582159018285264,0.523
2023-04-20,0.34686280878648573,0.455
2023-04-21,0.33992134107848954,0.448
2023-04-22,0.3526831087092357,0.424
2023-04-23,0.343797884132975,0.416
2023-04-24,0.37381169460357017,0.659
2023-04-25,0.33338278707049523,0.613
2023-04-26,0.3252486348438371,0.48
2023-04-27,0.3897469495927774,0.882
2023-04-28,0.32886276657631713,1.215
2023-04-29,0.32314796162053344,0.738
2023-04-30,0.3174136391804753,0.521
2023-05-01,0.3133290212214503,0.423
2023-05-02,0.3109022017310306,0.362
2023-05-03,0.30889032905719743,0.312
2023-05-04,0.31607428954817973,0.306
2023-05-05,0.31914153301518305,0.304
2023-05-06,0.3361868817317339,0.407
2023-05-07,0.30974411268898605,0.41
2023-05-08,0.39029674448144414,2.207
2023-05-09,0.41503943381005676,2.588
2023-05-10,0.34706571298393807,1.222
2023-05-11,0.44272974031781703,1.205
2023-05-12,0.36498970057834057,0.792
2023-05-13,0.3479334482470204,0.541
2023-05-14,0.3400226711947674,0.48
2023-05-15,0.32725013766243016,0.359
2023-05-16,0.3197942475328958,0.314
2023-05-17,0.3137454391331308,0.301
2023-05-18,0.3086505355904906,0.282
2023-05-19,0.30429816371306506,0.256
2023-05-20,0.3005279827367949,0.268
2023-05-21,0.2972127296459957,0.258
2023-05-22,0.2942511654816279,0.246
2023-05-23,0.2915628301142307,0.235
2023-05-24,0.28908386814718995,0.327
2023-05-25,0.28676369128604545,0.157
2023-05-26,0.2845623087574771,0.208
2023-05-27,0.28244819209584004,0.209
2023-05-28,0.2803965674090003,0.204
2023-05-29,0.27838804961625613,0.198
2023-05-30,0.2764075502530186,0.197
2023-05-31,0.27444340411826507,0.22
2023-06-01,0.2724866709858337,0.196
2023-06-02,0.270530577356671,0.191
2023-06-03,0.26857007023396806,0.191
2023-06-04,0.26660146050697314,0.182
2023-06-05,0.2646221380123507,0.179
2023-06-06,0.26263034392841184,0.183
2023-06-07,0.26062498902669917,0.177
2023-06-08,0.258605508600735,0.173
2023-06-09,0.2565717467279922,0.175
2023-06-10,0.25452634947244795,0.164
2023-06-11,0.2666176828399087,0.18
2023-06-12,0.2511384926387404,0.172
2023-06-13,0.24834068844213839,0.157
2023-06-14,0.2462038679970378,0.158
2023-06-15,0.24409242408367252,0.145
2023-06-16,0.24197319532380204,0.143
2023-06-17,0.23984531884609114,0.149
2023-06-18,0.25925058228940806,0.191
2023-06-19,0.3012450896377065,0.17
2023-06-20,0.23882434922502946,0.219
2023-06-21,0.23339065157552807,0.171
2023-06-22,0.22917927227898852,0.146
2023-06-23,0.22695214173053896,0.143
2023-06-24,0.22478829868975894,0.139
2023-06-25,0.22262558891441153,0.134
2023-06-26,0.22046278084900825,0.136
2023-06-27,0.21830064448124353,0.131
2023-06-28,0.21613999336649578,0.138
2023-06-29,0.21398161527393655,0.131
2023-06-30,0.21182626948989827,0.137
2023-07-01,0.20967468683463603,0.136
2023-07-02,0.20752756993058954,0.127
2023-07-03,0.20538559358820407,0.131
2023-07-04,0.254052227865789,0.14
2023-07-05,0.2057161206182299,0.139
2023-07-06,0.20101268426976487,0.13
2023-07-07,0.19694565866076486,0.12
2023-07-08,0.21822960548086753,0.129
2023-07-09,0.19392320141170474,0.123
2023-07-10,0.2551862615687229,0.141
2023-07-11,0.20194628579152618,0.155
2023-07-12,0.18899911190578159,0.136
2023-07-13,0.209053830263071,0.127
2023-07-14,0.2481580538645683,0.518
2023-07-15,0.2501837922940737,0.305
2023-07-16,0.21790913038758136,0.22
2023-07-17,0.18112803227731541,0.183
2023-07-18,0.17666548613983601,0.145
2023-07-19,0.1729454412405325,0.134
2023-07-20,0.17080748898244888,0.124
2023-07-21,0.1687547995232864,0.114
2023-07-22,0.23126840989081962,0.139
2023-07-23,0.17814551523157401,0.137
2023-07-24,0.16534104364055932,0.123
2023-07-25,0.161070181968782,0.122
2023-07-26,0.20451031863199373,0.128
2023-07-27,0.16135536161136013,0.131
2023-07-28,0.1564465546456074,0.119
2023-07-29,0.15332757230493618,0.112
2023-07-30,0.17378159592874234,0.12
2023-07-31,0.1517495461088606,0.116
2023-08-01,0.16059550064088993,0.115
2023-08-02,0.21120284690844138,0.266
2023-08-03,0.15874910983163035,0.263
2023-08-04,0.16996040728888043,0.183
2023-08-05,0.20943453569712941,3.894
2023-08-06,0.1497944664212168,1.151
2023-08-07,0.14120188220483476,0.464
2023-08-08,0.13886542061074117,0.295
2023-08-09,0.13482216152313273,0.227
2023-08-10,0.1329518821628565,0.182
2023-08-11,0.13119612219829557,0.162
2023-08-12,0.12972242414796162,0.152
2023-08-13,0.17510085885793578,0.155
2023-08-14,0.1305661739322534,0.194
2023-08-15,0.12660771528056616,0.159
2023-08-16,0.12300694683863728,0.143
2023-08-17,0.16769354920467375,0.135
2023-08-18,0.12445247816902487,0.227
2023-08-19,0.12067218461484601,0.184
2023-08-20,0.1181328977235551,0.172
2023-08-21,0.11534861794081204,0.158
2023-08-22,0.11382109746297725,0.143
2023-08-23,0.11236321963015508,0.13
2023-08-24,0.11092496138045546,0.134
2023-08-25,0.11052117704032041,0.118
2023-08-26,0.10814233011910203,0.122
2023-08-27,0.10671193332385286,0.114
2023-08-28,0.1053371962681785,0.113
2023-08-29,0.10398004746574589,0.109
2023-08-30,0.10263857853787664,0.104
2023-08-31,0.10131255441817247,0.112
2023-09-01,0.10000183440264146,0.106
2023-09-02,0.0987062922485129,0.096
2023-09-03,0.09742580970165231,0.102
2023-09-04,0.09616027426115728,0.092
2023-09-05,0.09490957756947961,0.087
2023-09-06,0.0936736141578181,0.091
2023-09-07,0.09245228046723038,0.092
2023-09-08,0.09124547408910359,0.094
2023-09-09,0.09005309318030781,0.089
2023-09-10,0.08887503601733486,0.092
2023-09-11,0.08771120066088649,0.087
2023-09-12,0.08656148470810372,0.093
2023-09-13,0.085425785114212,0.081
2023-09-14,0.0843039980690204,0.084
2023-09-15,0.08328335148663459,0.078
2023-09-16,0.08210436208627465,0.081
2023-09-17,0.14555363185639972,0.099
2023-09-18,0.12405441055546208,0.129
2023-09-19,0.10813083126996147,0.148
2023-09-20,0.1439355384166094,0.288
2023-09-21,0.10484175399176969,0.474
2023-09-22,0.07948811750243898,0.221
2023-09-23,0.0770814004268545,0.161
2023-09-24,0.0800671550848486,0.132
2023-09-25,0.09712450791308924,0.118
2023-09-26,0.07506191094272273,0.129
2023-09-27,0.0713868112713221,0.152
2023-09-28,0.10069780326641808,0.131
2023-09-29,0.0728407355137486,0.156
2023-09-30,0.06873695188415917,0.156
2023-10-01,0.06769509808426061,0.121
2023-10-02,0.0878221029895573,0.136
2023-10-03,0.0675792764224218,0.127
2023-10-04,0.06514984297618795,0.113
2023-10-05,0.06411889374760772,0.113
2023-10-06,0.06321563908768571,0.106
2023-10-07,0.06234279550773014,0.097
2023-10-08,0.061490403285354565,0.102
2023-10-09,0.06065614396422116,0.099
2023-10-10,0.05983844140762007,0.098
2023-10-11,0.10262076065777834,0.094
2023-10-12,0.12694424836447335,0.268
2023-10-13,0.13567294426500867,3.346
2023-10-14,0.10617305459639038,2.646
2023-10-15,0.06392134290676738,0.585
2023-10-16,0.06027935733938572,0.325
2023-10-17,0.05735286390461685,0.247
2023-10-18,0.13451403330043446,4.075
2023-10-19,0.15210183359342969,18.2
2023-10-20,0.16592901274304414,74.05
2023-10-21,0.1474548814518024,12.68
2023-10-22,0.1406107140022916,1.794
2023-10-23,0.08522188031919825,0.968
2023-10-24,0.17331186465908263,0.83
2023-10-25,0.11750865164503108,1.409
2023-10-26,0.09370250097052381,1.265
2023-10-27,0.08380940426499418,0.837
2023-10-28,0.27334364131926614,19.6
2023-10-29,0.17320300258750135,11.99
2023-10-30,0.11987451867294825,2.023
2023-10-31,0.19496856184613862,1.792
2023-11-01,0.3363808766667876,5.475
2023-11-02,0.31343827672982577,27.36
2023-11-03,0.3245686413418215,10.77
2023-11-04,0.24287026262870196,11.15
2023-11-05,0.22813384107723886,4.302
2023-11-06,0.1772496600640015,3.186
2023-11-07,0.23953684925867524,1.453
2023-11-08,0.21017987976088348,3.182
2023-11-09,0.497644210039405,6.168
2023-11-10,0.3180333271562319,55.9
2023-11-11,0.23348410242704257,12.1
2023-11-12,0.5408225644834485,7.678
2023-11-13,0.4703988642180167,38.74
2023-11-14,0.4291882238842931,30.46
2023-11-15,0.3027704808262755,11.14
2023-11-16,0.30046238407981796,3.21
2023-11-17,0.43746084165123034,2.444
2023-11-18,0.32329449875095906,7.922
2023-11-19,0.324592602625661,4.263
2023-11-20,0.2781489679513586,2.681
2023-11-21,0.23269059730465494,1.58
2023-11-22,0.20625982580160915,1.226
2023-11-23,0.18719630489631625,1.03
2023-11-24,0.17263204268720128,0.87
2023-11-25,0.16256806588033776,0.714
2023-11-26,0.2805584439139937,0.832
2023-11-27,0.2269832721256066,1.511
2023-11-28,0.18967898446533,1.094
2023-11-29,0.1742038857822572,0.844
2023-11-30,0.16395519657879631,0.698
2023-12-01,0.15770899091798693,0.583
2023-12-02,0.20426492845371036,0.572
2023-12-03,0.4135065246923246,3.421
2023-12-04,0.5123644672640484,21.62
2023-12-05,0.33418924638852315,13.15
2023-12-06,0.32137454617378697,3.045
2023-12-07,0.3877268368166915,4.165
2023-12-08,0.5121661991868041,2.979
2023-12-09,0.3412839144904206,11.0
2023-12-10,0.40316996895211116,4.493
2023-12-11,0.5103519416838976,4.097
2023-12-12,0.449660236636087,8.002
2023-12-13,0.3469947630903491,2.781
2023-12-14,0.3086819552068068,1.453
2023-12-15,0.2812166186882017,1.104
2023-12-16,0.25848567844699716,0.956
2023-12-17,0.2420747015841315,0.827
2023-12-18,0.462863315474234,0.768
2023-12-19,0.41457258353945337,6.323
2023-12-20,0.31483916093619,2.589
2023-12-21,0.2871341499658329,1.281
2023-12-22,0.26557493063981163,1.013
2023-12-23,0.2664859645170831,0.823
2023-12-24,0.288504819705537,0.709
2023-12-25,0.33526175894830607,0.889
2023-12-26,0.34040361287276943,0.962
2023-12-27,0.49170324065862847,3.323
2023-12-28,0.5196132993051589,9.791
2023-12-29,0.4622801881978879,9.227
2023-12-30,0.7945013771886568,20.76
2023-12-31,0.7124894394844388,56.41
