date,simulation,observation
2000-01-01,38.521253430135026,0.429
2000-01-02,40.415260111639185,0.334
2000-01-03,40.026127096336,1.007
2000-01-04,39.0622386107172,0.896
2000-01-05,38.2524502432001,0.53
2000-01-06,37.48042826027367,0.37
2000-01-07,36.74282544006144,0.319
2000-01-08,35.99597577433316,0.266
2000-01-09,35.27427788100759,0.211
2000-01-10,34.56823390622562,0.197
2000-01-11,33.8762731368816,0.159
2000-01-12,33.272593455060644,0.197
2000-01-13,32.57606790135501,0.266
2000-01-14,31.895163495514012,0.261
2000-01-15,31.25296295162018,0.236
2000-01-16,30.627038366150668,0.218
2000-01-17,30.014115587525367,0.197
2000-01-18,29.41379256053064,0.178
2000-01-19,28.826390817260705,0.162
2000-01-20,28.24927072220046,0.157
2000-01-21,27.703645409332147,0.146
2000-01-22,27.13928961001774,0.169
2000-01-23,26.593059105259794,0.151
2000-01-24,26.060588668266163,0.147
2000-01-25,25.539498539986273,0.132
2000-01-26,25.028955277019822,0.101
2000-01-27,24.528748923998197,0.121
2000-01-28,24.058128187753674,0.149
2000-01-29,23.624829261345457,0.18
2000-01-30,23.099440885117808,0.15
2000-01-31,22.632777750867678,0.13
2000-02-01,22.495137817735742,0.671
2000-02-02,21.780819237726085,0.89
2000-02-03,21.319213267787994,0.37
2000-02-04,20.89020382633006,0.275
2000-02-05,20.469272401507123,0.235
2000-02-06,20.128941229006575,0.294
2000-02-07,19.78076089134644,0.389
2000-02-08,19.321745896794383,0.792
2000-02-09,18.89486981450331,0.444
2000-02-10,18.58324256781663,0.373
2000-02-11,18.213719091221915,0.253
2000-02-12,17.789966768391274,0.41
2000-02-13,17.42765033014854,0.297
2000-02-14,17.136672049820874,0.292
2000-02-15,16.78647249133116,0.315
2000-02-16,16.4798639193444,0.336
2000-02-17,16.1338528129788,0.39
2000-02-18,15.79215268952665,0.499
2000-02-19,15.451519323558527,0.338
2000-02-20,15.175334819728477,0.272
2000-02-21,14.840408876887434,0.264
2000-02-22,14.539952397412808,0.22
2000-02-23,14.247896466039483,0.209
2000-02-24,14.292102264341512,1.12
2000-02-25,13.731232514125287,1.134
2000-02-26,13.428953785045922,0.495
2000-02-27,13.28729731678056,0.466
2000-02-28,12.911553016662886,0.574
2000-02-29,12.762072404635525,0.873
2000-03-01,12.401864099662877,0.632
2000-03-02,12.260821485134805,0.511
2000-03-03,11.91428142359899,0.639
2000-03-04,11.666251169776299,0.353
2000-03-05,11.430253591723899,0.262
2000-03-06,11.200111488143751,0.251
2000-03-07,10.975183437074495,0.188
2000-03-08,10.75516380912248,0.177
2000-03-09,10.540089342166587,0.16
2000-03-10,10.329564548491948,0.154
2000-03-11,10.12305582320429,0.144
2000-03-12,9.921112995937017,0.135
2000-03-13,9.72337129078276,0.128
2000-03-14,9.529858489305608,0.123
2000-03-15,9.33996712116418,0.118
2000-03-16,9.154089404780295,0.113
2000-03-17,8.971988999762663,0.108
2000-03-18,8.793569004814563,0.108
2000-03-19,8.618745231043127,0.107
2000-03-20,8.44743894392388,0.108
2000-03-21,8.279579059139303,0.119
2000-03-22,8.115071898199284,0.094
2000-03-23,7.9712519788185725,0.111
2000-03-24,7.800616393706026,0.111
2000-03-25,7.647529744559378,0.106
2000-03-26,7.495105595902722,0.117
2000-03-27,7.345105758824819,0.112
2000-03-28,7.197929523379365,0.1
2000-03-29,7.053618662219772,0.095
2000-03-30,6.913340998011078,0.098
2000-03-31,6.775999312080748,0.099
2000-04-01,6.668023036013302,0.111
2000-04-02,6.61075916353772,0.167
2000-04-03,6.690750881589518,0.447
2000-04-04,6.449617601900606,1.344
2000-04-05,6.177393319633558,0.449
2000-04-06,6.038023565523215,0.205
2000-04-07,5.912841330730259,0.163
2000-04-08,5.794344949914622,0.162
2000-04-09,5.6742102427604655,0.147
2000-04-10,5.559319387451434,0.128
2000-04-11,5.601308622611047,0.226
2000-04-12,5.361711527245123,0.161
2000-04-13,5.264084077883006,0.143
2000-04-14,5.165265602719907,0.141
2000-04-15,5.252797586591225,0.721
2000-04-16,4.986707341454403,0.465
2000-04-17,4.859005339582771,0.277
2000-04-18,4.822403921743352,0.297
2000-04-19,4.667753855679971,0.228
2000-04-20,4.5864807885324215,0.261
2000-04-21,4.484344050409696,0.226
2000-04-22,4.386711575553329,0.206
2000-04-23,4.2967569404335375,0.154
2000-04-24,4.287352525207294,0.196
2000-04-25,4.51502951437484,1.157
2000-04-26,4.371672325445417,2.571
2000-04-27,4.029603227258232,0.598
2000-04-28,4.029721939658813,0.452
2000-04-29,3.8526763383885494,0.361
2000-04-30,3.789102031729636,0.302
2000-05-01,3.691740694772097,0.223
2000-05-02,3.613193283937621,0.187
2000-05-03,3.5376686492014575,0.163
2000-05-04,3.4644539971976642,0.147
2000-05-05,3.3937942604500146,0.138
2000-05-06,3.3255447667799376,0.13
2000-05-07,3.2584405371752654,0.123
2000-05-08,3.1933034418594453,0.135
2000-05-09,3.129916095308705,0.094
2000-05-10,3.06967954936791,0.113
2000-05-11,3.007427673359318,0.106
2000-05-12,2.948407841247684,0.104
2000-05-13,2.8901727092011544,0.099
2000-05-14,2.8341640683521487,0.098
2000-05-15,2.964787915606936,0.292
2000-05-16,2.748990195797119,0.124
2000-05-17,2.685157969384182,0.091
2000-05-18,2.6305277089272616,0.096
2000-05-19,2.5786850443113325,0.093
2000-05-20,2.693086933606495,0.166
2000-05-21,2.4995760488193377,0.168
2000-05-22,2.437936218998878,0.11
2000-05-23,2.3907005410141284,0.13
2000-05-24,2.6518422444604313,0.427
2000-05-25,2.3361657251735366,0.203
2000-05-26,2.6018314001951452,0.916
2000-05-27,2.6523997105641106,1.089
2000-05-28,2.5888502323557296,3.609
2000-05-29,2.3362949298772917,0.701
2000-05-30,2.166009003677506,0.366
2000-05-31,2.1638716836255636,0.306
2000-06-01,2.0541735822773792,0.216
2000-06-02,2.0017910553922587,0.176
2000-06-03,1.9559976246530868,0.146
2000-06-04,1.9128650699216538,0.13
2000-06-05,1.87180972554899,0.12
2000-06-06,1.8375121007409265,0.147
2000-06-07,1.7951322872968123,0.113
2000-06-08,1.7584250002314767,0.111
2000-06-09,1.724569747943076,0.117
2000-06-10,1.6892043919884523,0.101
2000-06-11,1.6559881272481465,0.098
2000-06-12,1.6237464979619614,0.098
2000-06-13,1.5928387540380835,0.104
2000-06-14,1.562244710047845,0.075
2000-06-15,1.5318262604847193,0.094
2000-06-16,1.5025290168915282,0.087
2000-06-17,1.4739271146919743,0.084
2000-06-18,1.4459448478144936,0.082
2000-06-19,1.41855366423643,0.084
2000-06-20,1.3988406699128748,0.107
2000-06-21,1.3659524434767711,0.081
2000-06-22,1.3410730879733705,0.088
2000-06-23,1.3145976223554878,0.079
2000-06-24,1.289791997290517,0.077
2000-06-25,1.2655360120276808,0.079
2000-06-26,1.241772470621744,0.1
2000-06-27,1.218477610941827,0.06
2000-06-28,1.198819422850169,0.089
2000-06-29,1.178776524196616,0.106
2000-06-30,1.1519505905986904,0.085
2000-07-01,1.265280073804926,0.118
2000-07-02,1.2069139528135107,0.123
2000-07-03,1.4251410916826819,0.34
2000-07-04,1.3773700947836909,0.229
2000-07-05,1.125328869636369,0.301
2000-07-06,1.071835811510254,0.123
2000-07-07,1.0411728442145247,0.098
2000-07-08,1.0171777115166303,0.09
2000-07-09,1.0388002621325076,0.125
2000-07-10,1.3268530038913262,0.524
2000-07-11,1.0569270274665772,0.204
2000-07-12,0.9672512984513159,0.124
2000-07-13,0.9379102642037277,0.108
2000-07-14,0.9173300742591398,0.12
2000-07-15,0.8942881822237762,0.096
2000-07-16,0.8741009305507123,0.09
2000-07-17,0.8556295372240849,0.108
2000-07-18,0.8381013210261988,0.077
2000-07-19,0.8213462657517137,0.086
2000-07-20,0.8052562621492385,0.088
2000-07-21,0.7897493402171858,0.083
2000-07-22,0.774794609332197,0.08
2000-07-23,0.7602973802303182,0.078
2000-07-24,0.7461127516418813,0.082
2000-07-25,0.7323642636810931,0.078
2000-07-26,0.7189707943336215,0.078
2000-07-27,0.7088653381475938,0.078
2000-07-28,0.6940375793348323,0.126
2000-07-29,0.6810323864966258,0.074
2000-07-30,0.6684503169578203,0.07
2000-07-31,0.6564696720760451,0.071
2000-08-01,0.6447468884123325,0.089
2000-08-02,0.7849990508416627,0.239
2000-08-03,0.6512264657448597,0.103
2000-08-04,0.6219518161236475,0.072
2000-08-05,0.6082059162637796,0.069
2000-08-06,0.5960707110376586,0.07
2000-08-07,0.5877419304569056,0.111
2000-08-08,0.578057690805433,0.077
2000-08-09,0.5629809900888105,0.078
2000-08-10,0.5522909771109991,0.074
2000-08-11,0.5421872414154081,0.074
2000-08-12,0.532380763379316,0.071
2000-08-13,0.5232200137718813,0.071
2000-08-14,0.5135408389136279,0.073
2000-08-15,0.5044854722532996,0.069
2000-08-16,0.4956216651548354,0.072
2000-08-17,0.48689844874987104,0.073
2000-08-18,0.4807058813393958,0.094
2000-08-19,0.4701382414962605,0.079
2000-08-20,0.7967528523528467,0.464
2000-08-21,0.5216485611767862,0.203
2000-08-22,0.46886369568756286,0.109
2000-08-23,0.4548388700901966,0.072
2000-08-24,0.4441221330491597,0.072
2000-08-25,0.4343398792231144,0.065
2000-08-26,0.42535500114601493,0.073
2000-08-27,0.4175302796693215,0.093
2000-08-28,0.55291344357501,0.217
2000-08-29,0.4213823183813001,0.08
2000-08-30,0.40349666746159657,0.074
2000-08-31,0.43025815319869604,0.125
2000-09-01,0.39606801750059756,0.084
2000-09-02,0.3854985479231738,0.075
2000-09-03,0.3746863572937891,0.071
2000-09-04,0.3667393224777429,0.077
2000-09-05,0.3615670920193115,0.08
2000-09-06,0.35271290727438026,0.076
2000-09-07,0.34772518413457176,0.076
2000-09-08,0.3661497496687586,0.122
2000-09-09,0.3406592725333299,0.076
2000-09-10,0.33251113025571427,0.072
2000-09-11,0.3259315912918035,0.092
2000-09-12,0.3197789379209421,0.053
2000-09-13,0.3139266332155075,0.069
2000-09-14,0.3099963885891923,0.073
2000-09-15,0.7356486056987032,1.121
2000-09-16,0.7017265695577105,1.142
2000-09-17,0.6617452567914728,0.316
2000-09-18,0.6926370297313315,0.389
2000-09-19,0.7060737454034766,1.344
2000-09-20,0.4947512281316057,0.584
2000-09-21,0.35412238456955536,0.243
2000-09-22,0.32762030233927436,0.152
2000-09-23,0.3087853908377007,0.12
2000-09-24,0.3430434069563702,0.154
2000-09-25,0.6258539725523425,0.645
2000-09-26,0.33303700070835285,0.591
2000-09-27,0.3574382867073294,0.299
2000-09-28,0.29676153233534697,0.206
2000-09-29,0.28216364359051066,0.156
2000-09-30,0.27291205046850714,0.125
2000-10-01,0.26750332466525917,0.123
2000-10-02,0.25902612117834767,0.107
2000-10-03,0.2524433656715937,0.098
2000-10-04,0.24691626086739898,0.095
2000-10-05,0.2534971316438614,0.114
2000-10-06,0.2413646714526664,0.089
2000-10-07,0.46089593731227346,0.219
2000-10-08,0.26100319493784,0.198
2000-10-09,0.6157914285213338,2.82
2000-10-10,0.6145994679123535,1.936
2000-10-11,0.5653458117218148,1.01
2000-10-12,0.29419397081294546,0.404
2000-10-13,0.26279161453413374,0.248
2000-10-14,0.2442815900530656,0.193
2000-10-15,0.23793700705156653,0.167
2000-10-16,0.2895885227043708,0.19
2000-10-17,0.3143670429638725,0.151
2000-10-18,0.23867369935938312,0.205
2000-10-19,0.2249015600259336,0.191
2000-10-20,0.6208078036924236,2.205
2000-10-21,0.5704649700144407,2.141
2000-10-22,0.28178711142986,0.655
2000-10-23,0.24687628271145118,0.417
2000-10-24,0.23070502046641722,0.261
2000-10-25,0.2211901662256835,0.222
2000-10-26,0.3497006471538057,0.241
2000-10-27,0.2931725833500108,0.254
2000-10-28,0.548317677257604,2.496
2000-10-29,0.813866624238625,4.212
2000-10-30,0.6592277904571537,5.368
2000-10-31,0.5660935790668388,0.777
2000-11-01,0.3169321363914777,0.424
2000-11-02,0.6553840853261251,2.786
2000-11-03,0.32933267116030956,0.608
2000-11-04,0.28366646866672746,0.346
2000-11-05,0.7871524081290504,6.58
2000-11-06,0.8732104092870637,7.759
2000-11-07,0.8039776375992463,3.269
2000-11-08,0.7206476289017265,1.837
2000-11-09,0.6460103312066545,0.864
2000-11-10,0.40017798523793857,0.653
2000-11-11,0.7767537682154967,2.252
2000-11-12,0.413819761158652,1.271
2000-11-13,0.35286844900430975,0.587
2000-11-14,0.31814557329851206,0.352
2000-11-15,0.4844674990925595,0.329
2000-11-16,0.3422792938881119,0.587
2000-11-17,0.3023999476002005,0.417
2000-11-18,0.38386239736564304,0.377
2000-11-19,0.4787885260267951,1.068
2000-11-20,0.3173863185744139,0.672
2000-11-21,0.5760795301288215,0.966
2000-11-22,0.3698594676829881,0.84
2000-11-23,0.5173257398166218,0.946
2000-11-24,0.3780017280486973,0.69
2000-11-25,0.5457028959368388,1.045
2000-11-26,0.35772136849732444,0.631
2000-11-27,0.8894113043695836,2.333
2000-11-28,0.5127782971743171,1.485
2000-11-29,0.4019110877366268,0.674
2000-11-30,0.5264800767228034,0.486
2000-12-01,0.49932443000559346,0.945
2000-12-02,0.37812461502029,0.628
2000-12-03,0.3493352767337861,0.423
2000-12-04,0.35860609187824416,0.402
2000-12-05,0.31990838615784534,0.342
2000-12-06,0.30271848066020857,0.298
2000-12-07,0.7897595853186532,1.463
2000-12-08,0.4472890895988042,1.075
2000-12-09,0.4617351562547976,0.566
2000-12-10,0.4887637719659982,0.773
2000-12-11,0.4581512379558776,0.588
2000-12-12,0.5771536239495888,0.884
2000-12-13,0.40517077595038314,0.684
2000-12-14,0.45423259698867957,0.439
2000-12-15,0.3705455087920543,0.314
2000-12-16,0.34646882089449266,0.262
2000-12-17,0.3293151370516704,0.235
2000-12-18,0.3467548903273295,0.224
2000-12-19,0.31697801804655434,0.216
2000-12-20,0.3047054244700759,0.215
2000-12-21,0.2966808801993677,0.216
2000-12-22,0.29043943091538643,0.169
2000-12-23,0.7376528189574899,0.362
2000-12-24,0.9344380941641096,3.902
2000-12-25,0.4975010693561837,1.075
2000-12-26,0.42816982419090016,0.544
2000-12-27,0.4965908287008244,0.357
2000-12-28,0.4005861677347912,0.285
2000-12-29,0.37299051485348095,0.213
2000-12-30,0.35383577038514846,0.173
2000-12-31,0.6602772757696315,0.466
2001-01-01,0.48032214491673814,1.153
2001-01-02,0.48904964364067094,1.012
2001-01-03,0.5624203508916685,0.66
2001-01-04,1.0509515702833454,2.258
2001-01-05,0.6399700057057075,1.66
2001-01-06,0.4989055875226266,0.631
2001-01-07,0.45445851506148577,0.415
2001-01-08,0.4235227884937414,0.323
2001-01-09,0.39816596046306846,0.283
2001-01-10,0.37877569009148865,0.242
2001-01-11,0.36351501204199976,0.202
2001-01-12,0.35142609002702474,0.178
2001-01-13,0.34184918763100713,0.163
2001-01-14,0.33426651231287013,0.164
2001-01-15,0.3281823818496953,0.19
2001-01-16,0.3233789683562394,0.137
2001-01-17,0.3194930024411721,0.146
2001-01-18,0.31637680868621054,0.143
2001-01-19,0.34573635005460335,0.122
2001-01-20,0.32170594331022895,0.125
2001-01-21,0.48709886814430325,0.228
2001-01-22,0.4230312012127152,0.512
2001-01-23,0.8678698100856139,2.43
2001-01-24,0.5773251294207633,1.372
2001-01-25,0.4490985485398453,0.819
2001-01-26,1.1145646835697538,3.86
2001-01-27,0.7550533781632522,1.459
2001-01-28,0.540719742901753,0.568
2001-01-29,0.48425353304998797,0.371
2001-01-30,0.6127905494437396,0.38
2001-01-31,0.4737626726692114,0.47
2001-02-01,0.6590914806236714,0.496
2001-02-02,0.833620109031374,1.235
2001-02-03,0.935466331690036,2.061
2001-02-04,1.366503936065131,8.28
2001-02-05,1.180683101524428,2.18
2001-02-06,0.8440274431244706,1.501
2001-02-07,1.2924641603932594,1.59
2001-02-08,0.9698021160220897,3.9
2001-02-09,0.7355334260939655,0.839
2001-02-10,0.6524440375077382,0.529
2001-02-11,0.5979984491735688,0.426
2001-02-12,1.3563184146458729,4.17
2001-02-13,0.9684731971822961,1.037
2001-02-14,0.6926420115287881,0.575
2001-02-15,0.6160939151008904,0.423
2001-02-16,0.5703866138745928,0.311
2001-02-17,0.5350680880664664,0.27
2001-02-18,0.5074298819498717,0.261
2001-02-19,0.4857074854059784,0.216
2001-02-20,0.4686601264244855,0.22
2001-02-21,0.455339998909389,0.215
2001-02-22,0.4455637628639807,0.225
2001-02-23,0.48868485283041935,0.219
2001-02-24,0.5116438024066885,0.189
2001-02-25,0.45898422420782575,0.191
2001-02-26,0.5919418513321645,0.253
2001-02-27,0.4888046544568421,0.235
2001-02-28,0.7745931523887523,0.497
2001-03-01,0.5338275192776868,0.761
2001-03-02,0.5194781612641289,0.47
2001-03-03,0.4889864470584939,0.343
2001-03-04,0.47346751358379136,0.263
2001-03-05,0.4618120954484268,0.202
2001-03-06,0.756843455911981,0.411
2001-03-07,0.5196385344166575,0.506
2001-03-08,0.9256717270190599,1.792
2001-03-09,0.6742797569106925,0.937
2001-03-10,0.6170228024358985,0.701
2001-03-11,0.9852032465795253,2.123
2001-03-12,0.8187764955854123,1.06
2001-03-13,0.6330312606247884,0.778
2001-03-14,0.5849616996047433,0.479
2001-03-15,0.6712110103724752,0.377
2001-03-16,1.0372320706548006,1.188
2001-03-17,0.8221600887912881,1.685
2001-03-18,0.7403545494973527,1.301
2001-03-19,0.626609332237106,0.771
2001-03-20,0.7988182531379908,0.526
2001-03-21,0.7880482825281133,1.404
2001-03-22,0.9171253499274703,0.914
2001-03-23,0.757583799750331,2.445
2001-03-24,0.6429424109039467,0.849
2001-03-25,0.5989011711553861,0.507
2001-03-26,0.5698185635151454,0.368
2001-03-27,0.6869967513701787,0.392
2001-03-28,0.8668868539988333,1.358
2001-03-29,0.7131984833191712,1.012
2001-03-30,0.60498364705491,0.613
2001-03-31,0.5707452811641401,0.405
2001-04-01,0.5477956497707535,0.321
2001-04-02,0.5887646845506777,0.329
2001-04-03,0.7569931185086048,0.417
2001-04-04,0.6342081877859584,0.52
2001-04-05,0.8592255953297414,1.337
2001-04-06,0.70123593348007,0.829
2001-04-07,0.8663276077522111,1.425
2001-04-08,0.7780711946823211,0.873
2001-04-09,0.698403490144834,0.687
2001-04-10,0.6599283727162738,0.579
2001-04-11,0.6047506661461752,0.431
2001-04-12,0.5761830588576883,0.336
2001-04-13,0.5543774029034634,0.271
2001-04-14,0.6468096852578811,0.297
2001-04-15,0.6945086977925874,0.439
2001-04-16,0.5635971727338654,0.323
2001-04-17,0.5636166312192741,0.309
2001-04-18,0.5410623821089353,0.276
2001-04-19,0.5898114695763885,0.278
2001-04-20,0.5313433296969391,0.265
2001-04-21,0.5118893268407173,0.214
2001-04-22,0.5029069017023934,0.238
2001-04-23,0.49536662019923816,0.219
2001-04-24,0.5174775411144882,0.233
2001-04-25,0.4921180120771815,0.245
2001-04-26,0.5113475531884584,0.266
2001-04-27,0.6091741981045449,0.292
2001-04-28,0.549496361366552,0.348
2001-04-29,0.5318755707870708,0.524
2001-04-30,0.49691088966689684,0.279
2001-05-01,0.48620808192803866,0.211
2001-05-02,0.48170568017936416,0.205
2001-05-03,0.4722177543014937,0.187
2001-05-04,0.4661827059266008,0.162
2001-05-05,0.46116201887087427,0.145
2001-05-06,0.45669797969985293,0.137
2001-05-07,0.4526464909546402,0.136
2001-05-08,0.44891103771720864,0.133
2001-05-09,0.4469335548811089,0.154
2001-05-10,0.44220667780353257,0.139
2001-05-11,0.43892683347967115,0.106
2001-05-12,0.43583399188197297,0.122
2001-05-13,0.4341192007957299,0.128
2001-05-14,0.5589476411435126,0.219
2001-05-15,0.7133780074203179,0.334
2001-05-16,0.5222239220756544,0.263
2001-05-17,0.4572337738841195,0.195
2001-05-18,0.44161686779294534,0.142
2001-05-19,0.4339655614697907,0.122
2001-05-20,0.42764773231657965,0.121
2001-05-21,0.42204379182134855,0.119
2001-05-22,0.41697881607221504,0.12
2001-05-23,0.41233962122398443,0.116
2001-05-24,0.40802856039828556,0.111
2001-05-25,0.4039807906552701,0.107
2001-05-26,0.4001379498217281,0.102
2001-05-27,0.39651755461447247,0.098
2001-05-28,0.3928967765864178,0.101
2001-05-29,0.3894266758320573,0.098
2001-05-30,0.3861071611271154,0.098
2001-05-31,0.3827103029337362,0.091
2001-06-01,0.3799384168782164,0.098
2001-06-02,0.3762877041863276,0.093
2001-06-03,0.37291047806034555,0.095
2001-06-04,0.3696792936645438,0.093
2001-06-05,0.36647017114472713,0.109
2001-06-06,0.36406314096716064,0.079
2001-06-07,0.36026591306480826,0.085
2001-06-08,0.3569082563264992,0.089
2001-06-09,0.3548217289667605,0.088
2001-06-10,0.3517656038335957,0.094
2001-06-11,0.34744526930813313,0.089
2001-06-12,0.34419562609223,0.089
2001-06-13,0.34102374816232234,0.089
2001-06-14,0.3411999522442111,0.098
2001-06-15,0.43832110105378147,0.136
2001-06-16,0.562275875624141,0.407
2001-06-17,0.36234618674050056,0.124
2001-06-18,0.34089438187648086,0.102
2001-06-19,0.3340739387319551,0.095
2001-06-20,0.32874398635878754,0.089
2001-06-21,0.3239314354390141,0.088
2001-06-22,0.3194902787844283,0.085
2001-06-23,0.31534471016043536,0.084
2001-06-24,0.31143747209390954,0.084
2001-06-25,0.3077231339627073,0.083
2001-06-26,0.3044068090637194,0.105
2001-06-27,0.3007541434559009,0.085
2001-06-28,0.2974420136508061,0.082
2001-06-29,0.29465320430062847,0.077
2001-06-30,0.29106538335396115,0.08
2001-07-01,0.28790776053045086,0.082
2001-07-02,0.28485054372083396,0.08
2001-07-03,0.2818422126541635,0.081
2001-07-04,0.27887330536780053,0.081
2001-07-05,0.27595414547162256,0.079
2001-07-06,0.2734741563411105,0.079
2001-07-07,0.6008539937002524,0.386
2001-07-08,0.3931999002829246,0.124
2001-07-09,0.2959438246198291,0.136
2001-07-10,0.2791637436948907,0.099
2001-07-11,0.2718206188334915,0.081
2001-07-12,0.2702017834223296,0.112
2001-07-13,0.2628903546109168,0.085
2001-07-14,0.46959932233290635,0.379
2001-07-15,0.27972397836809604,0.113
2001-07-16,0.3835574003583347,0.173
2001-07-17,0.6151979013042603,0.722
2001-07-18,0.6091810360260231,0.427
2001-07-19,0.6216886602416916,0.571
2001-07-20,0.3658638176248808,0.305
2001-07-21,0.2964669235277701,0.171
2001-07-22,0.2749434480023989,0.13
2001-07-23,0.2633834818442177,0.116
2001-07-24,0.25524881670105837,0.104
2001-07-25,0.24839831211039534,0.101
2001-07-26,0.24252472125188904,0.095
2001-07-27,0.237440777680577,0.091
2001-07-28,0.23296332101677245,0.09
2001-07-29,0.22899484562349207,0.085
2001-07-30,0.2254285772829452,0.088
2001-07-31,0.22218480722334455,0.088
2001-08-01,0.21920026631105147,0.086
2001-08-02,0.38307330126428835,0.173
2001-08-03,0.23477276473931452,0.098
2001-08-04,0.2404521576304601,0.127
2001-08-05,0.22075994529732312,0.088
2001-08-06,0.29569615720658576,0.164
2001-08-07,0.22510058505312283,0.109
2001-08-08,0.3472203037101822,0.208
2001-08-09,0.29739861128038136,0.162
2001-08-10,0.22348619731258493,0.096
2001-08-11,0.2694757123921636,0.11
2001-08-12,0.41901046723905194,0.404
2001-08-13,0.23259992382987005,0.141
2001-08-14,0.21346633036662718,0.121
2001-08-15,0.2071286467420421,0.086
2001-08-16,0.202220481394675,0.081
2001-08-17,0.19803420582540884,0.079
2001-08-18,0.24477189837736008,0.109
2001-08-19,0.3226518457724632,0.237
2001-08-20,0.20844352173780425,0.1
2001-08-21,0.19616501331977265,0.082
2001-08-22,0.19139297933414895,0.08
2001-08-23,0.18784665150421442,0.082
2001-08-24,0.18438893225274366,0.08
2001-08-25,0.18146394054232265,0.077
2001-08-26,0.18137553550204044,0.084
2001-08-27,0.17661702023332224,0.075
2001-08-28,0.17423822753562965,0.077
2001-08-29,0.17265529338679794,0.08
2001-08-30,0.1733204930809922,0.087
2001-08-31,0.1725970040649231,0.089
2001-09-01,0.16689253648032407,0.074
2001-09-02,0.16645592274748125,0.073
2001-09-03,0.2673676108445175,0.19
2001-09-04,0.17496222015931695,0.099
2001-09-05,0.4793647465425017,0.288
2001-09-06,0.20396107893349655,0.113
2001-09-07,0.17494395795879683,0.089
2001-09-08,0.1689262296236481,0.086
2001-09-09,0.16499087530194334,0.079
2001-09-10,0.1624157079933598,0.078
2001-09-11,0.1587826382484044,0.077
2001-09-12,0.1581185166558068,0.093
2001-09-13,0.42574300438918367,0.304
2001-09-14,0.1854702228581444,0.119
2001-09-15,0.23719486229149783,0.2
2001-09-16,0.16679094519175225,0.108
2001-09-17,0.2842338430604738,0.158
2001-09-18,0.4854448902426637,0.511
2001-09-19,0.39231330814974574,1.06
2001-09-20,0.19435197307318877,0.361
2001-09-21,0.16759184578413586,0.178
2001-09-22,0.16063598003319468,0.127
2001-09-23,0.27868449043924365,0.183
2001-09-24,0.2576188728543614,0.322
2001-09-25,0.16492235528692878,0.15
2001-09-26,0.15540497689065116,0.116
2001-09-27,0.1494131571152846,0.1
2001-09-28,0.27956778793774645,0.127
2001-09-29,0.35001241649734477,0.45
2001-09-30,0.18926282114488857,0.279
2001-10-01,0.27639866724895806,0.268
2001-10-02,0.275980751689958,0.662
2001-10-03,0.16824295449602608,0.239
2001-10-04,0.15656454159199504,0.156
2001-10-05,0.14955751134572917,0.119
2001-10-06,0.25162883076064513,0.18
2001-10-07,0.4843759147958384,1.461
2001-10-08,0.3859979194046028,0.801
2001-10-09,0.18536129311426067,0.347
2001-10-10,0.15766191439905655,0.196
2001-10-11,0.15015156617719033,0.144
2001-10-12,0.14486582636163994,0.143
2001-10-13,0.14056418194605289,0.13
2001-10-14,0.13710243258251703,0.128
2001-10-15,0.21615281277466647,0.188
2001-10-16,0.14155866214402907,0.145
2001-10-17,0.13441995765365175,0.103
2001-10-18,0.13188390658586358,0.128
2001-10-19,0.13939590197904986,0.112
2001-10-20,0.4839796111828972,0.795
2001-10-21,0.6760970380565741,11.9
2001-10-22,0.5897278230490183,3.315
2001-10-23,0.5487247939925484,2.01
2001-10-24,0.5247955208167843,0.562
2001-10-25,0.5010115058235861,0.366
2001-10-26,0.4877528182799073,0.418
2001-10-27,0.22173016354764488,0.302
2001-10-28,0.18549087418671534,0.233
2001-10-29,0.1661096298512671,0.204
2001-10-30,0.16289387497858204,0.201
2001-10-31,0.15123244364565375,0.166
2001-11-01,0.14560579016549932,0.137
2001-11-02,0.14131279497162166,0.128
2001-11-03,0.13786382997371627,0.127
2001-11-04,0.1351098972215761,0.124
2001-11-05,0.13303642223008402,0.116
2001-11-06,0.13193942218987348,0.119
2001-11-07,0.291695281622544,0.161
2001-11-08,0.3601820038160055,0.257
2001-11-09,0.19087288478120745,0.257
2001-11-10,0.16352417226629906,0.207
2001-11-11,0.15531109953007136,0.179
2001-11-12,0.20921298305267605,0.212
2001-11-13,0.15900450924392714,0.198
2001-11-14,0.14713702323214833,0.187
2001-11-15,0.14200951787729463,0.138
2001-11-16,0.13828244735142184,0.136
2001-11-17,0.13583867152631648,0.14
2001-11-18,0.15017936664253148,0.149
2001-11-19,0.13489030531385765,0.13
2001-11-20,0.13173457235942457,0.121
2001-11-21,0.19722470862253835,0.155
2001-11-22,0.13760829294194224,0.149
2001-11-23,0.13163609584663724,0.125
2001-11-24,0.12919664495133212,0.12
2001-11-25,0.23852118894659532,0.253
2001-11-26,0.13925873521217438,0.25
2001-11-27,0.15781068545581411,0.237
2001-11-28,0.37143938025543854,0.28
2001-11-29,0.4222279171441347,2.015
2001-11-30,0.19143918420831874,1.396
2001-12-01,0.2268090585767287,0.977
2001-12-02,0.165337722253504,0.498
2001-12-03,0.21799339996468672,0.394
2001-12-04,0.2663433199200124,0.355
2001-12-05,0.19337131702772295,0.787
2001-12-06,0.16141261812517183,0.397
2001-12-07,0.15217240530637638,0.27
2001-12-08,0.1458657184825143,0.214
2001-12-09,0.14084911901467825,0.186
2001-12-10,0.1368651998288336,0.167
2001-12-11,0.133525761762692,0.159
2001-12-12,0.13090329312182836,0.153
2001-12-13,0.128598452882509,0.143
2001-12-14,0.12670808273243309,0.132
2001-12-15,0.12531933530483005,0.126
2001-12-16,0.1241176929414812,0.121
2001-12-17,0.13827486567434058,0.127
2001-12-18,0.12388683838894998,0.12
2001-12-19,0.14275386663790687,0.137
2001-12-20,0.12364336756404451,0.13
2001-12-21,0.26999231451030825,0.36
2001-12-22,0.20249148321825045,0.3
2001-12-23,0.2234078440972342,0.379
2001-12-24,0.2014790590104838,1.184
2001-12-25,0.14459727005756406,0.66
2001-12-26,0.1735254663298042,0.357
2001-12-27,0.13956473921785117,0.304
2001-12-28,0.1329306154223181,0.251
2001-12-29,0.12929464222229697,0.209
2001-12-30,0.12649257011011622,0.158
2001-12-31,0.1236997175281799,0.128
2002-01-01,0.12161082703259125,0.114
2002-01-02,0.11990170576436292,0.119
2002-01-03,0.11837393071098497,0.121
2002-01-04,0.1172263340996302,0.115
2002-01-05,0.11673476734750302,0.121
2002-01-06,0.11553831098571864,0.133
2002-01-07,0.11443547262480006,0.165
2002-01-08,0.11321653587737684,0.164
2002-01-09,0.11250045013667251,0.149
2002-01-10,0.23155289992023173,0.291
2002-01-11,0.12378632111994133,0.353
2002-01-12,0.1151766940781801,0.259
2002-01-13,0.11301406262065741,0.224
2002-01-14,0.2289010111563341,0.275
2002-01-15,0.12411418273725697,0.575
2002-01-16,0.11550867250346417,0.362
2002-01-17,0.1979983560089094,0.445
2002-01-18,0.14139292019060087,0.432
2002-01-19,0.11973100589176125,0.334
2002-01-20,0.11675012592518867,0.305
2002-01-21,0.1132245524559918,0.233
2002-01-22,0.1423937212802911,0.216
2002-01-23,0.21698773785628575,0.352
2002-01-24,0.12660146294946,0.378
2002-01-25,0.3100176162663222,0.747
2002-01-26,0.3971947923784036,2.227
2002-01-27,0.23623943254698057,0.863
2002-01-28,0.16210594805071762,0.551
2002-01-29,0.1471635227604966,0.356
2002-01-30,0.19021184003548078,0.313
2002-01-31,0.1705344865756129,0.259
2002-02-01,0.13955831275469519,0.224
2002-02-02,0.15053649912034514,0.218
2002-02-03,0.5339456287823576,1.611
2002-02-04,0.515739560156635,2.111
2002-02-05,0.2320900246936664,0.97
2002-02-06,0.1833240037081942,0.449
2002-02-07,0.2297297781719052,0.366
2002-02-08,0.1928540255258433,0.381
2002-02-09,0.1632913014257645,0.345
2002-02-10,0.1527234697941715,0.255
2002-02-11,0.20536118413712465,0.265
2002-02-12,0.1515509836193465,0.201
2002-02-13,0.1608064593102944,0.182
2002-02-14,0.14100581620847372,0.156
2002-02-15,0.1340022508168302,0.147
2002-02-16,0.12910161898582972,0.144
2002-02-17,0.1272293312060931,0.147
2002-02-18,0.12242484349197205,0.154
2002-02-19,0.23076885742933054,0.185
2002-02-20,0.1799712389889319,0.218
2002-02-21,0.1424484768312609,0.187
2002-02-22,0.13053811789846667,0.199
2002-02-23,0.16532398990828373,0.273
2002-02-24,0.4913096636740011,1.13
2002-02-25,0.3832810492316678,1.495
2002-02-26,0.20499552285221975,0.976
2002-02-27,0.18565016715700594,0.435
2002-02-28,0.16405814698807192,0.295
2002-03-01,0.15360427902945925,0.216
2002-03-02,0.14933626625699692,0.189
2002-03-03,0.13989487708532103,0.169
2002-03-04,0.13476016179217695,0.16
2002-03-05,0.13082575634974147,0.153
2002-03-06,0.12769433349283368,0.156
2002-03-07,0.12518674561964496,0.138
2002-03-08,0.12373454843800845,0.138
2002-03-09,0.12158117692002762,0.134
2002-03-10,0.12181700771133522,0.134
2002-03-11,0.11994695851895659,0.131
2002-03-12,0.14032575197753666,0.133
2002-03-13,0.12132872793787441,0.135
2002-03-14,0.19493367353291263,0.165
2002-03-15,0.16043114766648223,0.19
2002-03-16,0.2282714506368267,0.162
2002-03-17,0.15327055309353324,0.38
2002-03-18,0.4281476672810057,2.338
2002-03-19,0.2165482342097664,0.891
2002-03-20,0.41042531818766403,1.546
2002-03-21,0.20618910224388334,0.862
2002-03-22,0.18351618819877705,0.415
2002-03-23,0.16586428430709518,0.293
2002-03-24,0.155815259527462,0.242
2002-03-25,0.14833639789121772,0.234
2002-03-26,0.1418945271851735,0.181
2002-03-27,0.13692185364896522,0.147
2002-03-28,0.13293601854792603,0.159
2002-03-29,0.12972656118759932,0.152
2002-03-30,0.1271467348685175,0.143
2002-03-31,0.12504644353146993,0.135
2002-04-01,0.12329455672459992,0.133
2002-04-02,0.12186651998838241,0.139
2002-04-03,0.12067237112710921,0.133
2002-04-04,0.11966391263134954,0.122
2002-04-05,0.11879798180074393,0.113
2002-04-06,0.11804216172082352,0.108
2002-04-07,0.11736876524084316,0.107
2002-04-08,0.11675936539959413,0.106
2002-04-09,0.11621766216384527,0.103
2002-04-10,0.11566738075033538,0.104
2002-04-11,0.11516157735541284,0.104
2002-04-12,0.11494884565590982,0.101
2002-04-13,0.1142110160024684,0.098
2002-04-14,0.11371089092381129,0.1
2002-04-15,0.11323632505039383,0.117
2002-04-16,0.11275600142131878,0.084
2002-04-17,0.11284779367295789,0.102
2002-04-18,0.11516784209127767,0.125
2002-04-19,0.11153474654349219,0.103
2002-04-20,0.11080217584598108,0.099
2002-04-21,0.11027592322108906,0.1
2002-04-22,0.10975629806450957,0.105
2002-04-23,0.1092295716339643,0.105
2002-04-24,0.1086946078800879,0.107
2002-04-25,0.11075247182504627,0.103
2002-04-26,0.16968116336224393,0.154
2002-04-27,0.26792994506160533,0.191
2002-04-28,0.20545422283997786,0.166
2002-04-29,0.1696592418473659,0.152
2002-04-30,0.32811630532468533,0.333
2002-05-01,0.14259535182794547,0.145
2002-05-02,0.1260342864837774,0.127
2002-05-03,0.12152410416502903,0.133
2002-05-04,0.11651263729523327,0.103
2002-05-05,0.11607093578630348,0.108
2002-05-06,0.11393759474643987,0.109
2002-05-07,0.10944865175373197,0.103
2002-05-08,0.10757528093349031,0.1
2002-05-09,0.10611479002251786,0.095
2002-05-10,0.10531329188487357,0.094
2002-05-11,0.10378490289398523,0.091
2002-05-12,0.10374845297706171,0.091
2002-05-13,0.2768106834013628,0.209
2002-05-14,0.12155102405650778,0.131
2002-05-15,0.1086551535984737,0.08
2002-05-16,0.10578256123795199,0.1
2002-05-17,0.10450751810319159,0.092
2002-05-18,0.10238658450593778,0.09
2002-05-19,0.10098082791183,0.09
2002-05-20,0.15729771817839677,0.142
2002-05-21,0.21960070099311446,0.184
2002-05-22,0.11647598324828459,0.107
2002-05-23,0.16618706796319774,0.133
2002-05-24,0.11358804366476544,0.124
2002-05-25,0.30390213817420475,0.214
2002-05-26,0.1813205763312179,0.191
2002-05-27,0.11883837038608867,0.118
2002-05-28,0.1118447070253772,0.114
2002-05-29,0.10721256147653603,0.099
2002-05-30,0.10597759132034922,0.117
2002-05-31,0.10123624980176929,0.093
2002-06-01,0.09907677074982861,0.089
2002-06-02,0.09753860466751693,0.086
2002-06-03,0.09598999556859267,0.086
2002-06-04,0.09536061284856251,0.09
2002-06-05,0.196217921356558,0.168
2002-06-06,0.10718606983556621,0.11
2002-06-07,0.09792058590608489,0.1
2002-06-08,0.09678923647472276,0.095
2002-06-09,0.09582966959895291,0.099
2002-06-10,0.09453478918158405,0.113
2002-06-11,0.09475245551689046,0.101
2002-06-12,0.09101678044127257,0.086
2002-06-13,0.08973717383601568,0.079
2002-06-14,0.0896413516889355,0.08
2002-06-15,0.0882796862654634,0.077
2002-06-16,0.0874571490284658,0.076
2002-06-17,0.16138421777034223,0.156
2002-06-18,0.10094648016347867,0.166
2002-06-19,0.09171847300647501,0.072
2002-06-20,0.08979347876129924,0.077
2002-06-21,0.09102975969007332,0.101
2002-06-22,0.08722480159395947,0.081
2002-06-23,0.08601076855568322,0.079
2002-06-24,0.08508310236599932,0.078
2002-06-25,0.08426015943918277,0.079
2002-06-26,0.083515084071712,0.085
2002-06-27,0.08282945051215801,0.077
2002-06-28,0.082180866380085,0.076
2002-06-29,0.08157522552284048,0.073
2002-06-30,0.08253823259582029,0.078
2002-07-01,0.08365125980339909,0.087
2002-07-02,0.3155091797396473,0.211
2002-07-03,0.15883727501860107,0.163
2002-07-04,0.10098954972309478,0.098
2002-07-05,0.13517861610859538,0.154
2002-07-06,0.09545544948310222,0.094
2002-07-07,0.08981968099155885,0.085
2002-07-08,0.13720719305019843,0.108
2002-07-09,0.09767609773184976,0.198
2002-07-10,0.08994917349385444,0.104
2002-07-11,0.08806259255753814,0.116
2002-07-12,0.08342280698271692,0.081
2002-07-13,0.08148948674761691,0.08
2002-07-14,0.08009808560495921,0.073
2002-07-15,0.07893133929238604,0.075
2002-07-16,0.07792984809172561,0.077
2002-07-17,0.07712484252975924,0.08
2002-07-18,0.07629084620471942,0.077
2002-07-19,0.07559970893962899,0.076
2002-07-20,0.0791009662221677,0.072
2002-07-21,0.07472387502723364,0.072
2002-07-22,0.07393107598904121,0.072
2002-07-23,0.07438349989165871,0.074
2002-07-24,0.07297564256177476,0.071
2002-07-25,0.07245878361429423,0.074
2002-07-26,0.07201884408979504,0.075
2002-07-27,0.07159580033987341,0.067
2002-07-28,0.07416935985657483,0.071
2002-07-29,0.07103885506898047,0.077
2002-07-30,0.40579184695175424,0.329
2002-07-31,0.3100742081502957,0.108
2002-08-01,0.1119582188958053,0.085
2002-08-02,0.08740452189886445,0.079
2002-08-03,0.41067217090785013,0.191
2002-08-04,0.43360295793245945,0.763
2002-08-05,0.5197369409302521,1.212
2002-08-06,0.4558974037418405,0.264
2002-08-07,0.27126490136177095,0.148
2002-08-08,0.142568512279624,0.132
2002-08-09,0.3732265877025115,0.486
2002-08-10,0.47813188301015586,0.954
2002-08-11,0.16726099139570683,0.246
2002-08-12,0.13220355735571554,0.146
2002-08-13,0.11506155362812137,0.117
2002-08-14,0.10688379067038395,0.106
2002-08-15,0.10189727589586624,0.099
2002-08-16,0.09569987908180931,0.096
2002-08-17,0.09166676537395017,0.094
2002-08-18,0.1309570212009857,0.123
2002-08-19,0.09350271220794723,0.101
2002-08-20,0.0883498163929406,0.082
2002-08-21,0.08564403141213543,0.08
2002-08-22,0.08386134177409128,0.078
2002-08-23,0.08241394314171328,0.077
2002-08-24,0.08231712629520886,0.077
2002-08-25,0.080450109535436,0.069
2002-08-26,0.07986698647646984,0.072
2002-08-27,0.07913162431303354,0.075
2002-08-28,0.07861564443702833,0.074
2002-08-29,0.0782292051022732,0.072
2002-08-30,0.07796725188124437,0.084
2002-08-31,0.07764180065559086,0.054
2002-09-01,0.07741186542387779,0.064
2002-09-02,0.07719308818567937,0.068
2002-09-03,0.07699834246350151,0.085
2002-09-04,0.07681516820405727,0.055
2002-09-05,0.07690232363763824,0.066
2002-09-06,0.07998432679488246,0.073
2002-09-07,0.07730059272362368,0.071
2002-09-08,0.0783771901508936,0.065
2002-09-09,0.42004226577828463,0.63
2002-09-10,0.4027542883256915,0.108
2002-09-11,0.12686036185636457,0.081
2002-09-12,0.09884508674827501,0.076
2002-09-13,0.09087065248922603,0.069
2002-09-14,0.0877420162185381,0.066
2002-09-15,0.08535102448972089,0.064
2002-09-16,0.08342177769811869,0.063
2002-09-17,0.08185025667622313,0.062
2002-09-18,0.08056303479014867,0.062
2002-09-19,0.07950172755287646,0.074
2002-09-20,0.07861818123157079,0.074
2002-09-21,0.07787524571428685,0.074
2002-09-22,0.07762708902404447,0.072
2002-09-23,0.07676765579462728,0.072
2002-09-24,0.07622060422098328,0.073
2002-09-25,0.09680089087413038,0.09
2002-09-26,0.07974124341404842,0.079
2002-09-27,0.07769970595463913,0.074
2002-09-28,0.07681280021904369,0.071
2002-09-29,0.07610384969212283,0.072
2002-09-30,0.07549420765905313,0.075
2002-10-01,0.07495846092843693,0.071
2002-10-02,0.07615051510775683,0.076
2002-10-03,0.07415610495014023,0.075
2002-10-04,0.07364447161514782,0.071
2002-10-05,0.0737049122015871,0.068
2002-10-06,0.07293334164531413,0.071
2002-10-07,0.07256124866392162,0.069
2002-10-08,0.07230511881464079,0.071
2002-10-09,0.07190864324809347,0.07
2002-10-10,0.07158490471995922,0.069
2002-10-11,0.18133802843754088,0.106
2002-10-12,0.11966911206674034,0.12
2002-10-13,0.31123392766833996,0.198
2002-10-14,0.13295769474052713,0.101
2002-10-15,0.42093571568654725,0.7
2002-10-16,0.3523281994348976,0.254
2002-10-17,0.12376391089484244,0.122
2002-10-18,0.09539541673293185,0.097
2002-10-19,0.08909459560422844,0.083
2002-10-20,0.2241104553447088,0.148
2002-10-21,0.26260360063436944,0.192
2002-10-22,0.12868934930317025,0.351
2002-10-23,0.09414079582643149,0.151
2002-10-24,0.08826355501344176,0.103
2002-10-25,0.08545933521299912,0.109
2002-10-26,0.15437884439119054,0.126
2002-10-27,0.08788502799811325,0.112
2002-10-28,0.08100412978848005,0.135
2002-10-29,0.11813062011589881,0.179
2002-10-30,0.15393884037417777,0.16
2002-11-01,0.15770112718336912,0.184
2002-11-02,0.42025944101326296,0.768
2002-11-03,0.21606931417187641,0.438
2002-11-04,0.10667398328052011,0.218
2002-11-05,0.09485719774218104,0.131
2002-11-06,0.42717280208258585,1.351
2002-11-07,0.2600389634211502,0.45
2002-11-08,0.4155761156678239,1.208
2002-11-09,0.30098517847801315,0.713
2002-11-10,0.25183004158660177,1.538
2002-11-11,0.3160363059893831,0.7
2002-11-12,0.44365425866233205,1.96
2002-11-13,0.43793401179797387,1.489
2002-11-14,0.18691170129731108,1.513
2002-11-15,0.14523029344228539,0.56
2002-11-16,0.12971260679023913,0.348
2002-11-17,0.169273473326161,0.276
2002-11-18,0.13826917391272478,0.221
2002-11-19,0.11523745501946739,0.218
2002-11-20,0.26427878726129345,0.348
2002-11-21,0.25675777528273397,0.846
2002-11-22,0.2631799186745058,0.879
2002-11-23,0.18023843529954695,0.716
2002-11-24,0.1854924039140809,0.514
2002-11-25,0.1293629166089535,0.416
2002-11-26,0.11834248560964596,0.301
2002-11-27,0.13722970357589484,0.279
2002-11-28,0.1850263595314023,0.413
2002-11-29,0.11935620224041613,0.408
2002-11-30,0.29108788858835033,0.436
2002-12-01,0.23761260189410519,1.282
2002-12-02,0.18599191917700605,0.605
2002-12-03,0.15087784981592006,0.351
2002-12-04,0.3001626115822366,0.878
2002-12-05,0.1469737127807801,0.535
2002-12-06,0.14633776676614893,0.361
2002-12-07,0.12495751451716851,0.301
2002-12-08,0.11794611051450231,0.247
2002-12-09,0.11328011435619408,0.203
2002-12-10,0.10970580545889067,0.186
2002-12-11,0.10690969885290673,0.164
2002-12-12,0.11156581756537898,0.153
2002-12-13,0.12824334284323854,0.146
2002-12-14,0.2875182545609508,0.208
2002-12-15,0.5026968801924362,1.939
2002-12-16,0.22051740524853333,1.057
2002-12-17,0.15298487873254102,0.53
2002-12-18,0.13960158793296384,0.348
2002-12-19,0.1316057566843856,0.29
2002-12-20,0.1769939791661325,0.264
2002-12-21,0.6428160640359772,1.35
2002-12-22,0.53068628097983,3.83
2002-12-23,0.2434982917700337,0.912
2002-12-24,0.19119089281564614,0.57
2002-12-25,0.28897270162504574,0.458
2002-12-26,0.36343644656403784,0.873
2002-12-27,0.20313810086614356,1.064
2002-12-28,0.4547170277991997,0.574
2002-12-29,0.7138000420485481,4.37
2002-12-30,0.39206791322598256,1.245
2002-12-31,0.6745989203277871,0.769
2003-01-01,0.9832881346563892,4.159
2003-01-02,1.1761302646273923,6.797
2003-01-03,0.8935101023685708,1.912
2003-01-04,0.5473702247905047,0.753
2003-01-05,0.4301549077667867,0.526
2003-01-06,0.36768331137457777,0.379
2003-01-07,0.3240362095300036,0.313
2003-01-08,0.307465056392811,0.271
2003-01-09,0.33504407436037825,0.233
2003-01-10,0.361665525073386,0.279
2003-01-11,0.2743851776453069,0.235
2003-01-12,0.2505908342771592,0.228
2003-01-13,0.2347588728738733,0.267
2003-01-14,0.22280719420095146,0.25
2003-01-15,0.21386110813993162,0.244
2003-01-16,0.20692227233966945,0.214
2003-01-17,0.2041370010431241,0.22
2003-01-18,0.5716415031803864,0.271
2003-01-19,0.4832872725724797,1.262
2003-01-20,0.5035526053882082,1.481
2003-01-21,0.9948647206231549,1.302
2003-01-22,0.6502444544316793,3.84
2003-01-23,0.4430101625318217,0.739
2003-01-24,0.39101483233561996,0.504
2003-01-25,0.46958363732006175,0.435
2003-01-26,0.3672060816984014,0.533
2003-01-27,0.3363377805433379,0.524
2003-01-28,0.49281112991622306,0.624
2003-01-29,0.5096141956683428,0.777
2003-01-30,0.9489885796485215,0.591
2003-01-31,0.8585036938197415,0.486
2003-02-01,0.5689964079399038,1.815
2003-02-02,0.5233469227372426,3.63
2003-02-03,0.4375790903184277,1.498
2003-02-04,0.39994139230152387,0.68
2003-02-05,0.3691786278253113,0.44
2003-02-06,0.3912063002578551,0.41
2003-02-07,0.34453397936758773,0.493
2003-02-08,0.4056811277771015,0.412
2003-02-09,0.5078410773279812,0.686
2003-02-10,0.46145055829934334,0.574
2003-02-11,0.5681996531726536,0.958
2003-02-12,0.4067534971225055,0.809
2003-02-13,0.3694214304319785,0.542
2003-02-14,0.3502529946331214,0.371
2003-02-15,0.3360322136360826,0.29
2003-02-16,0.3248055358658885,0.253
2003-02-17,0.31615311543461,0.232
2003-02-18,0.30948577847813513,0.228
2003-02-19,0.30432984418561787,0.224
2003-02-20,0.30039152097451893,0.185
2003-02-21,0.29739590402155436,0.175
2003-02-22,0.2956415092902989,0.165
2003-02-23,0.2939672888177576,0.161
2003-02-24,0.29203920130934985,0.174
2003-02-25,0.2909765362796393,0.169
2003-02-26,0.2901820768463068,0.143
2003-02-27,0.28955450940616007,0.156
2003-02-28,0.32815511078030857,0.177
2003-03-01,0.2962530366607872,0.159
2003-03-02,0.2912831473811083,0.153
2003-03-03,0.29142311307029783,0.149
2003-03-04,0.289352637052891,0.15
2003-03-05,0.5596842757722197,0.407
2003-03-06,0.32019208442936214,0.38
2003-03-07,0.43885683220392385,0.533
2003-03-08,0.3209077951567923,0.423
2003-03-09,0.3075412233489379,0.31
2003-03-10,0.30225468136064226,0.247
2003-03-11,0.298465350909874,0.223
2003-03-12,0.2972491698152056,0.188
2003-03-13,0.29218407912779404,0.161
2003-03-14,0.2895297453101187,0.161
2003-03-15,0.2873034191546721,0.153
2003-03-16,0.2853052405575353,0.148
2003-03-17,0.2834713278253702,0.143
2003-03-18,0.2817592868064612,0.141
2003-03-19,0.2801325933342077,0.146
2003-03-20,0.2785669205971121,0.14
2003-03-21,0.2770399186305606,0.137
2003-03-22,0.27553687614966477,0.135
2003-03-23,0.2740426596348066,0.136
2003-03-24,0.27255065169957404,0.131
2003-03-25,0.2710525631429231,0.13
2003-03-26,0.2695430074594306,0.13
2003-03-27,0.2680186845235476,0.129
2003-03-28,0.2664746772806506,0.127
2003-03-29,0.2649110205250903,0.124
2003-03-30,0.2633263988446027,0.122
2003-03-31,0.26171983945115,0.122
2003-04-01,0.36679988945126935,0.171
2003-04-02,0.2715678933567737,0.132
2003-04-03,0.262014089703855,0.118
2003-04-04,0.2589684256889706,0.115
2003-04-05,0.2565291857557159,0.111
2003-04-06,0.25423228157793015,0.113
2003-04-07,0.25204260191189887,0.109
2003-04-08,0.24993149542971058,0.11
2003-04-09,0.24791512165868565,0.124
2003-04-10,0.24722567723049219,0.099
2003-04-11,0.24398800359890238,0.102
2003-04-12,0.24195080289446183,0.108
2003-04-13,0.24007804921100323,0.108
2003-04-14,0.238100169762083,0.108
2003-04-15,0.23618820252329883,0.106
2003-04-16,0.2342869016409505,0.078
2003-04-17,0.23239051795127044,0.074
2003-04-18,0.2304972797719702,0.072
2003-04-19,0.2286061267515558,0.07
2003-04-20,0.22672336028021103,0.071
2003-04-21,0.22482817978229808,0.071
2003-04-22,0.22293993737779402,0.075
2003-04-23,0.22105304482336502,0.074
2003-04-24,0.21956542402582016,0.076
2003-04-25,0.2649293257879555,0.112
2003-04-26,0.22317583559383575,0.077
2003-04-27,0.2566485021935671,0.103
2003-04-28,0.22226194750660674,0.102
2003-04-29,0.21648884462495271,0.079
2003-04-30,0.28453516338288426,0.154
2003-05-01,0.3394067995013368,0.157
2003-05-02,0.2825730954448802,0.176
2003-05-03,0.22408072094317744,0.087
2003-05-04,0.21542262718728475,0.079
2003-05-05,0.2107527612687864,0.077
2003-05-06,0.20686145818838128,0.074
2003-05-07,0.20342380710950836,0.094
2003-05-08,0.200338233399672,0.061
2003-05-09,0.1975343286404404,0.069
2003-05-10,0.19495699742557404,0.073
2003-05-11,0.19356325542946845,0.073
2003-05-12,0.38438420033131715,0.181
2003-05-13,0.21152731150323997,0.076
2003-05-14,0.3189228383357793,0.204
2003-05-15,0.20736078413842987,0.11
2003-05-16,0.19800921295902232,0.142
2003-05-17,0.1926417366143393,0.124
2003-05-18,0.1876757625341008,0.109
2003-05-19,0.2558184763606928,0.193
2003-05-20,0.19171295645749006,0.131
2003-05-21,0.23336904888967414,0.146
2003-05-22,0.18815365884958055,0.121
2003-05-23,0.18496285741805807,0.118
2003-05-24,0.17885507377057694,0.113
2003-05-25,0.1755498414209155,0.119
2003-05-26,0.17198243215842415,0.092
2003-05-27,0.16949625315010058,0.093
2003-05-28,0.16726943731852456,0.094
2003-05-29,0.16520691590591668,0.1
2003-05-30,0.16327398676247015,0.097
2003-05-31,0.1614924051654498,0.098
2003-06-01,0.41510814931953255,0.233
2003-06-02,0.19052153785046302,0.146
2003-06-03,0.16843868910937196,0.098
2003-06-04,0.1655729881211963,0.118
2003-06-05,0.1605455035808053,0.075
2003-06-06,0.16141049966110696,0.123
2003-06-07,0.19383360452738643,0.162
2003-06-08,0.16103473444278021,0.134
2003-06-09,0.15617439418455642,0.1
2003-06-10,0.15261251594030004,0.098
2003-06-11,0.1501372384880215,0.097
2003-06-12,0.1479669671468635,0.096
2003-06-13,0.1459884630412548,0.093
2003-06-14,0.14416068895695291,0.094
2003-06-15,0.14245471107096608,0.094
2003-06-16,0.14085565186449964,0.097
2003-06-17,0.45281739606694477,0.41
2003-06-18,0.17883197338900989,0.118
2003-06-19,0.15068833283505798,0.099
2003-06-20,0.14551095095229763,0.091
2003-06-21,0.14240998706909233,0.089
2003-06-22,0.46529783582111617,0.355
2003-06-23,0.21027370289654257,0.273
2003-06-24,0.15517334037183736,0.13
2003-06-25,0.14690560241904746,0.104
2003-06-26,0.14239128160700662,0.098
2003-06-27,0.14150388587998447,0.117
2003-06-28,0.13583236327779072,0.096
2003-06-29,0.13539046002828442,0.097
2003-06-30,0.23649050454883927,0.222
2003-07-01,0.14472941818606072,0.105
2003-07-02,0.13555963966950724,0.1
2003-07-03,0.18573452948772903,0.16
2003-07-04,0.13678515012642053,0.103
2003-07-05,0.13050338324499422,0.094
2003-07-06,0.12752147119061572,0.093
2003-07-07,0.12512155549394655,0.088
2003-07-08,0.12303429595300558,0.084
2003-07-09,0.12118903198542472,0.082
2003-07-10,0.11954290964869022,0.079
2003-07-11,0.11804763819938292,0.076
2003-07-12,0.11667979871148072,0.074
2003-07-13,0.11541270375918887,0.076
2003-07-14,0.11422662944599168,0.081
2003-07-15,0.11310603151527664,0.072
2003-07-16,0.11414704249761215,0.078
2003-07-17,0.11298882450034332,0.091
2003-07-18,0.11016082549753041,0.084
2003-07-19,0.11337142503966767,0.113
2003-07-20,0.10842519066778611,0.083
2003-07-21,0.10723108520364327,0.078
2003-07-22,0.10631211269044508,0.081
2003-07-23,0.10561001334050647,0.08
2003-07-24,0.10686569274863397,0.089
2003-07-25,0.171907810839029,0.16
2003-07-26,0.44487887850421304,0.449
2003-07-27,0.25637252025793333,0.123
2003-07-28,0.13516242660095887,0.101
2003-07-29,0.1215165913092727,0.111
2003-07-30,0.11809098774202026,0.098
2003-07-31,0.18547813151567483,0.138
2003-08-01,0.12154332248901212,0.14
2003-08-02,0.11176023670753474,0.091
2003-08-03,0.10823083889547852,0.084
2003-08-04,0.1055880543934254,0.085
2003-08-05,0.10337258211363923,0.085
2003-08-06,0.10147897497348297,0.082
2003-08-07,0.0998413599732526,0.088
2003-08-08,0.09840844422438703,0.083
2003-08-09,0.09713904150007353,0.077
2003-08-10,0.09636152718452921,0.076
2003-08-11,0.0949923233140612,0.076
2003-08-12,0.09401931638253089,0.096
2003-08-13,0.09313549678705829,0.062
2003-08-14,0.09230727606258181,0.079
2003-08-15,0.09152267697901263,0.073
2003-08-16,0.09077318436533496,0.078
2003-08-17,0.09005209459126985,0.079
2003-08-18,0.08935674811545569,0.086
2003-08-19,0.08867511808315534,0.081
2003-08-20,0.0880113850797895,0.082
2003-08-21,0.08736052687181223,0.084
2003-08-22,0.08672076247387275,0.08
2003-08-23,0.08609031572075664,0.079
2003-08-24,0.08546671714730301,0.075
2003-08-25,0.0848506052458784,0.076
2003-08-26,0.08424053302751133,0.083
2003-08-27,0.08363906646859168,0.081
2003-08-28,0.08311699759745583,0.086
2003-08-29,0.08255862280068182,0.083
2003-08-30,0.08188130882378591,0.079
2003-08-31,0.08126673043620201,0.08
2003-09-01,0.08068293514595565,0.091
2003-09-02,0.0801043751079058,0.092
2003-09-03,0.07953017466119366,0.088
2003-09-04,0.0789603270484529,0.084
2003-09-05,0.07855074606364457,0.081
2003-09-06,0.08008749798933784,0.078
2003-09-07,0.0774325052222371,0.079
2003-09-08,0.07672940421945015,0.079
2003-09-09,0.10663675978425258,0.102
2003-09-10,0.08229693100631705,0.093
2003-09-11,0.081007382883206,0.089
2003-09-12,0.07773774739807156,0.081
2003-09-13,0.07650202337737676,0.08
2003-09-14,0.07552260872231288,0.08
2003-09-15,0.07465039324742488,0.077
2003-09-16,0.07385464469635877,0.081
2003-09-17,0.07312272446454503,0.083
2003-09-18,0.0724418967211459,0.084
2003-09-19,0.07180261497521775,0.079
2003-09-20,0.07119729514145337,0.104
2003-09-21,0.07061988169155105,0.103
2003-09-22,0.235025736618345,0.12
2003-09-23,0.0891404988670488,0.109
2003-09-24,0.07720679042692948,0.115
2003-09-25,0.07463682125864347,0.159
2003-09-26,0.07541994064765957,0.116
2003-09-27,0.07279877507096474,0.151
2003-09-28,0.07101769726236488,0.142
2003-09-29,0.06947858173525195,0.125
2003-09-30,0.06855245906270406,0.095
2003-10-01,0.067764165425203,0.103
2003-10-02,0.0670664147379273,0.105
2003-10-03,0.0664079079083055,0.116
2003-10-04,0.06822527028974504,0.126
2003-10-05,0.06591282545589877,0.084
2003-10-06,0.0677460123950434,0.091
2003-10-07,0.06478591245503823,0.093
2003-10-08,0.0639048748745327,0.082
2003-10-09,0.06344679447145682,0.084
2003-10-10,0.063041976908231,0.082
2003-10-11,0.06251212889774578,0.083
2003-10-12,0.062098102569232407,0.087
2003-10-13,0.061700649666893495,0.092
2003-10-14,0.0613117138805545,0.082
2003-10-15,0.06093033978300443,0.082
2003-10-16,0.06056737831009206,0.082
2003-10-17,0.06018821301209753,0.082
2003-10-18,0.05982028374154271,0.082
2003-10-19,0.05946550666807592,0.083
2003-10-20,0.059256067836587226,0.081
2003-10-21,0.059266427169221404,0.084
2003-10-22,0.06737976991585974,0.085
2003-10-23,0.0612838446568519,0.079
2003-10-24,0.059685954467922846,0.083
2003-10-25,0.07347112905243036,0.088
2003-10-26,0.062465002672599156,0.091
2003-10-27,0.0594392980530672,0.082
2003-10-28,0.19098983447872064,0.108
2003-10-29,0.07583680718945983,0.131
2003-10-30,0.3764419796625585,0.336
2003-10-31,0.27770695205588525,0.181
2003-11-01,0.09774432894379187,0.129
2003-11-02,0.1646721425635786,0.167
2003-11-03,0.08038491466408114,0.095
2003-11-04,0.07119079275759402,0.09
2003-11-05,0.06767244152279478,0.085
2003-11-06,0.06515010869669811,0.09
2003-11-07,0.06307979014405288,0.086
2003-11-08,0.061417481180793654,0.086
2003-11-09,0.060689448288399665,0.084
2003-11-10,0.05902831101698127,0.096
2003-11-11,0.08442006219193945,0.069
2003-11-12,0.10422617392105583,0.133
2003-11-13,0.06469804076481313,0.084
2003-11-14,0.060686609260525326,0.083
2003-11-15,0.05908995497145408,0.084
2003-11-16,0.05803551760807172,0.081
2003-11-17,0.22568235909997644,0.175
2003-11-18,0.074137004190345,0.11
2003-11-19,0.062154071145142285,0.066
2003-11-20,0.11829492992149386,0.089
2003-11-21,0.32499213979158104,0.279
2003-11-22,0.421536223382072,0.841
2003-11-23,0.4536085248255497,1.49
2003-11-24,0.414739363123341,0.327
2003-11-25,0.45928692458759746,0.601
2003-11-26,0.4468021877912629,1.013
2003-11-27,0.18672989121724598,0.303
2003-11-28,0.11656449441945514,0.153
2003-11-29,0.17383614035993117,0.163
2003-11-30,0.19905476195681848,0.138
2003-12-01,0.10936173430967175,0.248
2003-12-02,0.10347167256928504,0.18
2003-12-03,0.08608094690273652,0.129
2003-12-04,0.08053491495778019,0.107
2003-12-05,0.0767259969391481,0.093
2003-12-06,0.07374337198087039,0.085
2003-12-07,0.07142123040672609,0.076
2003-12-08,0.06961750070465983,0.075
2003-12-09,0.06822115824133768,0.078
2003-12-10,0.1898111144273273,0.091
2003-12-11,0.22046714158125125,0.323
2003-12-12,0.23539548867012922,0.271
2003-12-13,0.20383235924499504,0.755
2003-12-14,0.09988269251424874,0.287
2003-12-15,0.08772407385524324,0.159
2003-12-16,0.08292070175549632,0.117
2003-12-17,0.07946441029561714,0.102
2003-12-18,0.07679894432155693,0.097
2003-12-19,0.07573123230529046,0.089
2003-12-20,0.4052120273746241,0.462
2003-12-21,0.14145624157917944,0.467
2003-12-22,0.26848049678645214,0.266
2003-12-23,0.22301287306328596,0.897
2003-12-24,0.11536997668607493,0.529
2003-12-25,0.10107355884597216,0.298
2003-12-26,0.11657615232054927,0.255
2003-12-27,0.09531075217806646,0.186
2003-12-28,0.08926929827489322,0.14
2003-12-29,0.30801604335883753,0.266
2003-12-30,0.2802312918927739,0.748
2003-12-31,0.4606362468788312,1.02
2004-01-01,0.39444710955172946,2.51
2004-01-02,0.17243986162071653,1.05
2004-01-03,0.16300851193959098,0.5
2004-01-04,0.13286559690151825,0.35
2004-01-05,0.1382809635040707,0.303
2004-01-06,0.1293042655709898,0.287
2004-01-07,0.17072899712394451,0.27
2004-01-08,0.2756597207949983,1.07
2004-01-09,0.16330812558793156,0.626
2004-01-10,0.2589638157682028,0.482
2004-01-11,0.14896485991291403,0.75
2004-01-12,0.30067181872176574,0.673
2004-01-13,0.14439392030370127,0.9
2004-01-14,0.45728966969316304,1.87
2004-01-15,0.2833738544602501,1.07
2004-01-16,0.16058367055707445,0.797
2004-01-18,0.14559562932456807,0.415
2004-01-19,0.2902272752801532,0.627
2004-01-20,0.36599492191499133,1.1
2004-01-21,0.24701508524603646,1.55
2004-01-22,0.37810285175842356,1.73
2004-01-23,0.3856797898922455,1.24
2004-01-24,0.20187333660060303,1.09
2004-01-25,0.17324662781266706,0.591
2004-01-26,0.16068196325799958,0.411
2004-01-27,0.3848881537134326,0.317
2004-01-28,0.3709333202025781,0.346
2004-01-29,0.19529731393533725,0.296
2004-01-30,0.432202002334096,1.71
2004-01-31,0.3105166837197341,2.49
2004-02-01,0.3563725377673297,0.944
2004-02-02,0.217294277388348,1.0
2004-02-03,0.19121624112769686,0.626
2004-02-04,0.1750061897514372,0.441
2004-02-05,0.3804868724431738,0.38
2004-02-06,0.3970337877007995,1.91
2004-02-07,0.2859660701667815,0.923
2004-02-08,0.21008506599419188,0.469
2004-02-09,0.19027311428381832,0.333
2004-02-10,0.17754016830156344,0.264
2004-02-11,0.16777814827305884,0.231
2004-02-12,0.16012271816816157,0.205
2004-02-13,0.157178277355015,0.197
2004-02-14,0.15159169225142813,0.191
2004-02-15,0.14900535704397158,0.175
2004-02-16,0.14777830577319787,0.167
2004-02-17,0.21326232894148747,0.219
2004-02-18,0.15720426386529915,0.218
2004-02-19,0.147233080410614,0.22
2004-02-20,0.1444014359959149,0.211
2004-02-21,0.14256800947030066,0.191
2004-02-22,0.1428104755145813,0.169
2004-02-23,0.14045017166624435,0.159
2004-02-24,0.2583574446320981,0.221
2004-02-25,0.15375847025330625,0.218
2004-02-26,0.1459672204372612,0.212
2004-02-27,0.15371348008371008,0.198
2004-02-28,0.17988691593830258,0.182
2004-02-29,0.15058445690260785,0.169
2004-03-01,0.14564173864009616,0.156
2004-03-02,0.14379122364273708,0.152
2004-03-03,0.14371243126207411,0.154
2004-03-04,0.14148439791890075,0.152
2004-03-05,0.14115831189929903,0.169
2004-03-06,0.2265495349422132,0.194
2004-03-07,0.16273987245922128,0.309
2004-03-08,0.14547543545014044,0.228
2004-03-09,0.14282101049740764,0.201
2004-03-10,0.14142605041586995,0.183
2004-03-11,0.14035712066310618,0.183
2004-03-12,0.303870075997406,0.331
2004-03-13,0.16024286273252228,0.358
2004-03-14,0.14613037610309515,0.307
2004-03-15,0.1422955027881219,0.246
2004-03-16,0.1405502610237113,0.219
2004-03-17,0.1391777044835785,0.201
2004-03-18,0.13849184764401357,0.194
2004-03-19,0.2056991406354255,0.331
2004-03-20,0.14457208812139027,0.245
2004-03-21,0.19567893399472452,0.278
2004-03-22,0.14565436285723615,0.252
2004-03-23,0.20400187931359307,0.226
2004-03-24,0.16351228712378887,0.348
2004-03-25,0.14262741473489166,0.287
2004-03-26,0.139250691363702,0.231
2004-03-27,0.1369711269397846,0.208
2004-03-28,0.1352598062729961,0.183
2004-03-29,0.13381368684838726,0.164
2004-03-30,0.1325340984694638,0.158
2004-03-31,0.14847160825021719,0.192
2004-04-01,0.1958232511578745,0.176
2004-04-02,0.1402824603085052,0.173
2004-04-03,0.15083272705775105,0.182
2004-04-04,0.18597294437870143,0.216
2004-04-05,0.17902616863272963,0.222
2004-04-06,0.14140149769706659,0.236
2004-04-07,0.1703160575280533,0.24
2004-04-08,0.19386161702785146,0.355
2004-04-09,0.14099966445742657,0.345
2004-04-10,0.13335771731198043,0.246
2004-04-11,0.13060495869772282,0.193
2004-04-12,0.1298473674035737,0.172
2004-04-13,0.12682401043631542,0.161
2004-04-14,0.12517700763086634,0.174
2004-04-15,0.12379104543711246,0.13
2004-04-16,0.1225519041904137,0.14
2004-04-17,0.16482209372173984,0.172
2004-04-18,0.4125435957662455,0.623
2004-04-19,0.1587354352460584,0.393
2004-04-20,0.13295519301127198,0.231
2004-04-21,0.14862088314436384,0.256
2004-04-22,0.129636805772036,0.164
2004-04-23,0.12566440584525718,0.138
2004-04-24,0.12312856481708608,0.127
2004-04-25,0.1210254524764949,0.124
2004-04-26,0.11921797399467456,0.142
2004-04-27,0.32669462768691054,0.233
2004-04-28,0.1421900328218476,0.202
2004-04-29,0.12658911254775984,0.164
2004-04-30,0.43238302061391076,0.463
2004-05-01,0.15885477980106505,1.26
2004-05-02,0.13067670642916776,0.393
2004-05-03,0.3796949278006231,0.867
2004-05-04,0.21810961340315413,1.02
2004-05-05,0.17904724891909837,0.669
2004-05-06,0.1360868196775576,0.409
2004-05-07,0.43869726812272897,0.612
2004-05-08,0.16837976700800852,1.48
2004-05-09,0.13743236193889824,0.562
2004-05-10,0.12769329010959904,0.34
2004-05-11,0.12305760253508517,0.246
2004-05-12,0.11962359031109816,0.205
2004-05-13,0.11682124591851989,0.171
2004-05-14,0.11448803123112015,0.155
2004-05-15,0.11252240428771247,0.14
2004-05-16,0.11085157155662205,0.133
2004-05-17,0.10941401427142089,0.124
2004-05-18,0.1081617441125201,0.13
2004-05-19,0.10705453814518451,0.098
2004-05-20,0.13137562571915468,0.139
2004-05-21,0.11185796099994036,0.137
2004-05-22,0.10785652389758753,0.109
2004-05-23,0.10629364925841714,0.108
2004-05-24,0.10505539656912348,0.111
2004-05-25,0.10415191061653731,0.11
2004-05-26,0.10361178171807296,0.107
2004-05-27,0.10214447646192311,0.106
2004-05-28,0.10126531571007132,0.1
2004-05-29,0.12769127542363512,0.14
2004-05-30,0.10557085404573355,0.103
2004-05-31,0.10622245833915041,0.12
2004-06-01,0.19257093326922203,0.213
2004-06-02,0.11220508804889573,0.106
2004-06-03,0.1129758181367732,0.152
2004-06-04,0.10335479653020087,0.109
2004-06-05,0.10074136334924141,0.105
2004-06-06,0.09924293820191264,0.101
2004-06-07,0.09798541506057817,0.099
2004-06-08,0.09687715981187078,0.096
2004-06-09,0.09587771297642043,0.115
2004-06-10,0.09498378828828545,0.077
2004-06-11,0.09413733124534346,0.089
2004-06-12,0.1005725040926204,0.124
2004-06-13,0.0931760368174253,0.096
2004-06-14,0.09196249073146899,0.094
2004-06-15,0.09125775109343995,0.094
2004-06-16,0.09060879629792709,0.094
2004-06-17,0.08998660622276661,0.094
2004-06-18,0.08954177566003046,0.092
2004-06-19,0.09014748289797857,0.088
2004-06-20,0.0926767967304522,0.105
2004-06-21,0.09257316056311292,0.169
2004-06-22,0.3868916662240131,0.342
2004-06-23,0.15838867750326033,0.234
2004-06-24,0.10602115135959357,0.123
2004-06-25,0.09919526358125758,0.097
2004-06-26,0.09773914774597058,0.097
2004-06-27,0.09524930177235721,0.1
2004-06-28,0.0913351679772984,0.093
2004-06-29,0.08941484911777615,0.091
2004-06-30,0.08792229500724814,0.091
2004-07-01,0.0906496271808579,0.133
2004-07-02,0.10134233619991594,0.15
2004-07-03,0.0895982204581858,0.093
2004-07-04,0.08928148380095871,0.135
2004-07-05,0.08580014639151103,0.111
2004-07-06,0.08425010151010932,0.124
2004-07-07,0.4436806061167835,0.813
2004-07-08,0.4356164371163153,0.363
2004-07-09,0.39498741365608525,0.175
2004-07-10,0.16520075475809262,0.192
2004-07-11,0.12031696302522475,0.122
2004-07-12,0.10450882231087841,0.113
2004-07-13,0.09874211941030181,0.102
2004-07-14,0.09511955341111376,0.103
2004-07-15,0.09480944105593427,0.106
2004-07-16,0.09091243665571468,0.118
2004-07-17,0.16318828549758926,0.202
2004-07-18,0.2859239937993411,0.232
2004-07-19,0.11129912248284989,0.14
2004-07-20,0.09607021283417273,0.127
2004-07-21,0.09158708878711214,0.078
2004-07-22,0.09109345358197955,0.107
2004-07-23,0.08669174032595518,0.09
2004-07-24,0.08559738597761476,0.086
2004-07-25,0.08433490199594912,0.088
2004-07-26,0.08202063218075804,0.088
2004-07-27,0.08087107331118161,0.084
2004-07-28,0.07996370415774653,0.086
2004-07-29,0.07919935769974437,0.08
2004-07-30,0.0785120287219451,0.082
2004-07-31,0.07791261759616132,0.084
2004-08-01,0.07737507154995822,0.083
2004-08-02,0.07799666937762911,0.087
2004-08-03,0.07790831738558229,0.093
2004-08-04,0.07693877234657162,0.112
2004-08-05,0.07580296755081299,0.087
2004-08-06,0.07523595325483227,0.088
2004-08-07,0.07484980348174071,0.087
2004-08-08,0.07759060921338269,0.107
2004-08-09,0.4198960845229478,0.425
2004-08-10,0.41510826674129225,0.319
2004-08-11,0.2251484381836233,0.133
2004-08-12,0.36267255808100857,0.13
2004-08-13,0.1311027896436412,0.1
2004-08-14,0.10291430865288068,0.094
2004-08-15,0.09409494547338494,0.092
2004-08-16,0.23916189654555714,0.243
2004-08-17,0.33716316426178417,0.262
2004-08-18,0.32269719264090235,0.226
2004-08-19,0.13212473790409712,0.199
2004-08-20,0.12913626092904706,0.112
2004-08-21,0.10456464856589386,0.095
2004-08-22,0.1826431436656744,0.147
2004-08-23,0.15816428211321804,0.253
2004-08-24,0.10764225918318282,0.122
2004-08-25,0.37269063640118527,0.233
2004-08-26,0.19910688857764786,0.165
2004-08-27,0.11697383640745598,0.161
2004-08-28,0.10289394349428005,0.105
2004-08-29,0.09852338012624993,0.101
2004-08-30,0.09463133438914985,0.091
2004-08-31,0.08990319550944059,0.091
2004-09-01,0.0871943023301254,0.107
2004-09-02,0.08509931205289654,0.076
2004-09-03,0.08342482741217562,0.084
2004-09-04,0.08207915386704133,0.082
2004-09-05,0.08098966041476238,0.086
2004-09-06,0.08010353612246422,0.088
2004-09-07,0.07937814899333245,0.104
2004-09-08,0.07877803812808042,0.075
2004-09-09,0.07827308196674308,0.067
2004-09-10,0.07787907651789851,0.081
2004-09-11,0.07754484882951687,0.079
2004-09-12,0.07902927547414519,0.084
2004-09-13,0.10100096942855898,0.132
2004-09-14,0.08254620886444375,0.104
2004-09-15,0.07959364134740483,0.084
2004-09-16,0.0784658721957316,0.082
2004-09-17,0.07782205326035214,0.082
2004-09-18,0.07881206073831733,0.083
2004-09-19,0.07682250090194977,0.081
2004-09-20,0.07634222869456447,0.08
2004-09-21,0.07586288844855704,0.078
2004-09-22,0.3735262728808342,0.236
2004-09-23,0.11507760587565322,0.184
2004-09-24,0.0874199246163249,0.097
2004-09-25,0.08373314852280347,0.087
2004-09-26,0.08152346228414926,0.085
2004-09-27,0.07991666440436655,0.086
2004-09-28,0.07885617176293197,0.084
2004-09-29,0.07767955557913495,0.078
2004-09-30,0.24423038735732522,0.242
2004-10-01,0.12853486804056977,0.14
2004-10-02,0.08861352596327758,0.106
2004-10-03,0.2365359293468587,0.189
2004-10-04,0.09959450717947407,0.155
2004-10-05,0.08690286080085552,0.1
2004-10-06,0.08320219904576247,0.095
2004-10-07,0.08167854948541531,0.088
2004-10-08,0.0793974579001255,0.08
2004-10-09,0.07777715368357052,0.083
2004-10-10,0.07658306715353257,0.083
2004-10-11,0.07567318388050713,0.113
2004-10-12,0.07833300265063374,0.088
2004-10-13,0.3321742071706408,0.239
2004-10-14,0.3944666611849425,0.404
2004-10-15,0.32856749819869335,0.404
2004-10-16,0.12400251338642308,0.228
2004-10-17,0.11312215582273308,0.158
2004-10-18,0.09282989070740456,0.124
2004-10-19,0.18468220059240728,0.149
2004-10-20,0.36887833286418575,0.467
2004-10-21,0.12245304725584462,0.267
2004-10-22,0.09720842017920278,0.145
2004-10-23,0.22123088823580778,0.223
2004-10-24,0.1976075251983715,0.233
2004-10-25,0.10441622719085701,0.159
2004-10-26,0.0935307541928851,0.121
2004-10-27,0.09075407042855416,0.115
2004-10-28,0.3555786916746255,0.397
2004-10-29,0.11561826743029861,0.253
2004-10-30,0.09179267951912229,0.147
2004-10-31,0.08707023716158153,0.117
2004-11-01,0.08614883340044385,0.108
2004-11-02,0.08644790374661548,0.119
2004-11-03,0.08279308797053002,0.122
2004-11-04,0.07930456811018334,0.084
2004-11-05,0.07788349266465713,0.092
2004-11-06,0.07805685375441904,0.096
2004-11-07,0.10267492440209426,0.104
2004-11-08,0.15208404978963755,0.129
2004-11-09,0.20137943671068262,0.21
2004-11-10,0.09591610063727259,0.206
2004-11-11,0.08563931477202003,0.145
2004-11-12,0.08229033390247391,0.123
2004-11-13,0.08031888882835189,0.105
2004-11-14,0.07879804792012582,0.099
2004-11-15,0.07758768998156827,0.095
2004-11-16,0.07659907410270637,0.104
2004-11-17,0.10942062791414224,0.094
2004-11-18,0.4220814545444306,1.56
2004-11-19,0.40282414171612385,0.723
2004-11-20,0.22526483603248662,0.306
2004-11-21,0.11002119452738489,0.217
2004-11-22,0.09029561639905034,0.182
2004-11-23,0.08721436026444813,0.162
2004-11-24,0.0836464962665747,0.119
2004-11-25,0.08864917232994722,0.127
2004-11-26,0.08319395785493915,0.126
2004-11-27,0.12183174084237862,0.126
2004-11-28,0.1540732897775397,0.15
2004-11-29,0.09005905999534648,0.136
2004-11-30,0.08336661423918464,0.143
2004-12-01,0.08120194210748354,0.131
2004-12-02,0.07941584024224649,0.116
2004-12-03,0.07822997922932605,0.105
2004-12-04,0.07697230853166384,0.098
2004-12-05,0.07633543191659267,0.097
2004-12-06,0.07533361005263585,0.094
2004-12-07,0.0753467625556028,0.116
2004-12-08,0.07416666094358172,0.077
2004-12-09,0.07368903835692456,0.088
2004-12-10,0.07322171344924515,0.093
2004-12-11,0.07284483704935639,0.098
2004-12-12,0.07248780765038185,0.104
2004-12-13,0.0721678699830599,0.112
2004-12-14,0.07188185698324828,0.086
2004-12-15,0.07160284180014406,0.09
2004-12-16,0.12361185812421747,0.108
2004-12-17,0.3394352208499416,0.514
2004-12-18,0.10927597218555096,0.266
2004-12-19,0.08712043017048796,0.166
2004-12-20,0.08298942667218694,0.128
2004-12-21,0.2929571305974648,0.188
2004-12-22,0.12202602726468714,0.585
2004-12-23,0.09056583108471333,0.335
2004-12-24,0.08597861723684672,0.257
2004-12-25,0.08206454925121924,0.162
2004-12-26,0.07961667053250689,0.116
2004-12-27,0.3532687147580474,0.366
2004-12-28,0.1119005321073378,0.696
2004-12-29,0.08812861378581856,0.298
2004-12-30,0.08347735568778222,0.225
2004-12-31,0.08175953102411909,0.217
2005-01-01,0.07933728090343904,0.18
2005-01-02,0.07684318287784576,0.137
2005-01-03,0.07536407634624748,0.115
2005-01-04,0.09654630555665264,0.132
2005-01-05,0.07659072330880964,0.113
2005-01-06,0.07414973670184256,0.108
2005-01-07,0.10731346835265207,0.12
2005-01-08,0.07702262674683753,0.125
2005-01-09,0.0737013116613665,0.101
2005-01-10,0.12579454544249913,0.127
2005-01-11,0.07882214556529127,0.103
2005-01-12,0.07349757336188033,0.112
2005-01-13,0.07222584664388619,0.077
2005-01-14,0.0715957431664079,0.087
2005-01-15,0.07074336458508892,0.086
2005-01-16,0.07007452609937384,0.088
2005-01-17,0.09236248359443855,0.102
2005-01-18,0.15599012031230847,0.158
2005-01-19,0.08054612254575957,0.113
2005-01-20,0.1366180152003214,0.161
2005-01-21,0.07959525675698315,0.138
2005-01-22,0.07425976246199426,0.117
2005-01-23,0.09209771322704292,0.105
2005-01-24,0.1278375339417255,0.133
2005-01-25,0.07911240301075056,0.146
2005-01-26,0.07512768819233309,0.159
2005-01-27,0.290461091602508,0.271
2005-01-28,0.23624277438625485,1.48
2005-01-29,0.10561171351331337,0.596
2005-01-30,0.08965814738704106,0.381
2005-01-31,0.09746978151138325,0.29
2005-02-01,0.08561708163645831,0.224
2005-02-02,0.08119621435933233,0.194
2005-02-03,0.07804856322699852,0.171
2005-02-04,0.07571225202907873,0.171
2005-02-05,0.07390627489956618,0.169
2005-02-06,0.07259309337309751,0.141
2005-02-07,0.07115473760700801,0.126
2005-02-08,0.07016426700702964,0.117
2005-02-09,0.06981696771336211,0.129
2005-02-10,0.2673105480124816,0.282
2005-02-11,0.21670401205778203,0.57
2005-02-12,0.09340335281059911,0.892
2005-02-13,0.11070862753309962,0.395
2005-02-14,0.12017313670440609,0.258
2005-02-15,0.08553454497824005,0.191
2005-02-16,0.07996165962504369,0.158
2005-02-17,0.09473711101421113,0.156
2005-02-18,0.07920608722870565,0.16
2005-02-19,0.07504801969762492,0.145
2005-02-20,0.09147017963375625,0.157
2005-02-21,0.11191930892139655,0.147
2005-02-22,0.09696248594991946,0.178
2005-02-23,0.09398698129278424,0.201
2005-02-24,0.10382650147622412,0.321
2005-02-25,0.09538440944634696,0.326
2005-02-26,0.08005416990849035,0.326
2005-02-27,0.07560816416954166,0.298
2005-02-28,0.0745476613614239,0.283
2005-03-01,0.1383639198034823,0.348
2005-03-02,0.12883343166766495,0.555
2005-03-03,0.08314982260373235,0.478
2005-03-04,0.17345973468453602,0.797
2005-03-05,0.08990378324481851,0.699
2005-03-06,0.07971311647353517,0.539
2005-03-07,0.07893472844613225,0.467
2005-03-08,0.07659702720045987,0.427
2005-03-09,0.07354732738655441,0.423
2005-03-10,0.07153930463951505,0.378
2005-03-11,0.07067336831896982,0.412
2005-03-12,0.06940446413192351,0.364
2005-03-13,0.06861604665054488,0.323
2005-03-14,0.06802104915898599,0.25
2005-03-15,0.06745628662756312,0.127
2005-03-16,0.06709216359921026,0.124
2005-03-17,0.06660868383108935,0.117
2005-03-18,0.06624989925734026,0.114
2005-03-19,0.06595238421562102,0.171
2005-03-20,0.06565383596291906,0.191
2005-03-21,0.06542914052000176,0.127
2005-03-22,0.10663224415137675,0.149
2005-03-23,0.07078376363483156,0.113
2005-03-24,0.07705712966808351,0.136
2005-03-25,0.06908961481812895,0.11
2005-03-26,0.27539095491198423,0.134
2005-03-27,0.0898223934542228,0.112
2005-03-28,0.07412095919281064,0.108
2005-03-29,0.11132178504780747,0.13
2005-03-30,0.07577985802302598,0.113
2005-03-31,0.07086858519532739,0.089
2005-04-01,0.06915111563383933,0.088
2005-04-02,0.06790384260089842,0.087
2005-04-03,0.0669299266580575,0.086
2005-04-04,0.09355845418232232,0.11
2005-04-05,0.06958301607055384,0.085
2005-04-06,0.07967888144025759,0.098
2005-04-07,0.10737230288711781,0.106
2005-04-08,0.07349460774851076,0.107
2005-04-09,0.06874047883316574,0.087
2005-04-10,0.0669918593668846,0.085
2005-04-11,0.06591933044229356,0.086
2005-04-12,0.09451345426669301,0.096
2005-04-13,0.07865846402316956,0.15
2005-04-14,0.07002142298231948,0.087
2005-04-15,0.16042499074750083,0.13
2005-04-16,0.07627514773652633,0.093
2005-04-17,0.1716849523436034,0.154
2005-04-18,0.08053298069611074,0.139
2005-04-19,0.07111622131533682,0.096
2005-04-20,0.06870399600772434,0.102
2005-04-21,0.06710468948567287,0.064
2005-04-22,0.06582297147614805,0.081
2005-04-23,0.0647672007152451,0.08
2005-04-24,0.06415318008633769,0.082
2005-04-25,0.06439931612421358,0.083
2005-04-26,0.11449648377860736,0.112
2005-04-27,0.06973689834356094,0.087
2005-04-28,0.06531686739322483,0.082
2005-04-29,0.06398193163081649,0.08
2005-04-30,0.06397615169787672,0.081
2005-05-01,0.06274716214507163,0.08
2005-05-02,0.06338393758246486,0.083
2005-05-03,0.06324070687432105,0.083
2005-05-04,0.061621544353880106,0.078
2005-05-05,0.06098328779181985,0.081
2005-05-06,0.14426313122550044,0.151
2005-05-07,0.0727098349047919,0.104
2005-05-08,0.10194506654482738,0.12
2005-05-09,0.07078587585071425,0.149
2005-05-10,0.06562092463488299,0.087
2005-05-11,0.06354399332206717,0.09
2005-05-12,0.0623787048793385,0.058
2005-05-13,0.06145194199950675,0.067
2005-05-14,0.06067824523292091,0.068
2005-05-15,0.0600245646238624,0.07
2005-05-16,0.09918623521740676,0.105
2005-05-17,0.06585530022805944,0.091
2005-05-18,0.0634626945470701,0.055
2005-05-19,0.0639367841568502,0.08
2005-05-20,0.062186072933030696,0.071
2005-05-21,0.12510470032911414,0.182
2005-05-22,0.06861501595499826,0.08
2005-05-23,0.06326504430110735,0.07
2005-05-24,0.061681210824377504,0.068
2005-05-25,0.06057428502546174,0.068
2005-05-26,0.05967113145120173,0.072
2005-05-27,0.058918034917855994,0.071
2005-05-28,0.05828360387788589,0.063
2005-05-29,0.061014552898142255,0.067
2005-05-30,0.11496202939978632,0.162
2005-05-31,0.06581211852394774,0.074
2005-06-01,0.06292398650612281,0.074
2005-06-02,0.059938638946007525,0.069
2005-06-03,0.25280751476660324,0.239
2005-06-04,0.08393040665755928,0.113
2005-06-05,0.06739939439680075,0.071
2005-06-06,0.06397369521304837,0.068
2005-06-07,0.062107687303428714,0.061
2005-06-08,0.06065953267534547,0.066
2005-06-09,0.05950739939443661,0.071
2005-06-10,0.058518488546436015,0.07
2005-06-11,0.057720698910319175,0.067
2005-06-12,0.05707452836452922,0.069
2005-06-13,0.05649724992259307,0.072
2005-06-14,0.05617819188884038,0.067
2005-06-15,0.05635964879365487,0.083
2005-06-16,0.055305199450841225,0.055
2005-06-17,0.054939471647354035,0.07
2005-06-18,0.05465338374305915,0.07
2005-06-19,0.054482206392670145,0.069
2005-06-20,0.05500166382447364,0.093
2005-06-21,0.05399533601802238,0.066
2005-06-22,0.05373090487578421,0.069
2005-06-23,0.0535262024949797,0.069
2005-06-24,0.09115586178501923,0.099
2005-06-25,0.06069463350688973,0.069
2005-06-26,0.05750767164447131,0.07
2005-06-27,0.056408720318900124,0.069
2005-06-28,0.06055972861058908,0.103
2005-06-29,0.15393693494715416,0.115
2005-06-30,0.12465520860256607,0.128
2005-07-01,0.07008493112685889,0.074
2005-07-02,0.06316725591845408,0.07
2005-07-03,0.06114781214666665,0.07
2005-07-04,0.06059918531673125,0.077
2005-07-05,0.12852438181979645,0.125
2005-07-06,0.34493905578569034,0.297
2005-07-07,0.09702002320307364,0.127
2005-07-08,0.07134617380407544,0.084
2005-07-09,0.06639374634014866,0.076
2005-07-10,0.06354936746969757,0.073
2005-07-11,0.061343632148554886,0.069
2005-07-12,0.0595795745996007,0.068
2005-07-13,0.06296686636783123,0.078
2005-07-14,0.0573461523562176,0.068
2005-07-15,0.05611932562015768,0.066
2005-07-16,0.055333474475469734,0.067
2005-07-17,0.05471546196196362,0.066
2005-07-18,0.05487307512115084,0.065
2005-07-19,0.05383399932639464,0.063
2005-07-20,0.05345826699369741,0.081
2005-07-21,0.05314175698631152,0.051
2005-07-22,0.05287860095633943,0.063
2005-07-23,0.05266400741051478,0.063
2005-07-24,0.2444486787471683,0.152
2005-07-25,0.07483002821138682,0.077
2005-07-26,0.0630567287272314,0.091
2005-07-27,0.12169928048572422,0.119
2005-07-28,0.06689488052268389,0.083
2005-07-29,0.060908968502315364,0.069
2005-07-30,0.05941136536497309,0.063
2005-07-31,0.05755168507771037,0.064
2005-08-01,0.056358853147808266,0.063
2005-08-02,0.05629655537698764,0.064
2005-08-03,0.05489877052047894,0.063
2005-08-04,0.08076456440109363,0.066
2005-08-05,0.05951845469279866,0.084
2005-08-06,0.05672849037253949,0.063
2005-08-07,0.05561785397234468,0.061
2005-08-08,0.05479356540081921,0.065
2005-08-09,0.05414173018872713,0.06
2005-08-10,0.05359177416132245,0.067
2005-08-11,0.056597314715034444,0.076
2005-08-12,0.05574617783570194,0.091
2005-08-13,0.13348132970515633,0.12
2005-08-14,0.06457279840077802,0.079
2005-08-15,0.05717972727658484,0.068
2005-08-16,0.05563957838997939,0.071
2005-08-17,0.05469417239212991,0.067
2005-08-18,0.05501756753250184,0.069
2005-08-19,0.3859058430033587,0.349
2005-08-20,0.24918929871276393,0.085
2005-08-21,0.08798763810363337,0.075
2005-08-22,0.2367392847110671,0.164
2005-08-23,0.08433308969827123,0.079
2005-08-24,0.167577217994683,0.151
2005-08-25,0.13622858808895344,0.151
2005-08-26,0.07760060541005066,0.083
2005-08-27,0.069836746902655,0.073
2005-08-28,0.06628227539947794,0.068
2005-08-29,0.06363769947471169,0.066
2005-08-30,0.06154594730997981,0.07
2005-08-31,0.0599797226590265,0.072
2005-09-01,0.05856802301645324,0.067
2005-09-02,0.0575073526639939,0.069
2005-09-03,0.056666276826430974,0.066
2005-09-04,0.3878425568999557,0.264
2005-09-05,0.2849600041770836,0.289
2005-09-06,0.0940330690064005,0.095
2005-09-07,0.07134780346451843,0.077
2005-09-08,0.06789861746779811,0.075
2005-09-09,0.14716733363040652,0.121
2005-09-10,0.33507611885295163,0.42
2005-09-11,0.09957750476965103,0.107
2005-09-12,0.07535958522609303,0.086
2005-09-13,0.07049530245049539,0.09
2005-09-14,0.06811269864638252,0.064
2005-09-15,0.2965732978040663,0.201
2005-09-16,0.09139844128277073,0.085
2005-09-17,0.07216307767857996,0.074
2005-09-18,0.06832680031537043,0.073
2005-09-19,0.06612306101611944,0.089
2005-09-20,0.06439614303330214,0.055
2005-09-21,0.06284879591659356,0.063
2005-09-22,0.061727076241371436,0.069
2005-09-23,0.06323044406129526,0.08
2005-09-24,0.06033237151678883,0.07
2005-09-25,0.05963830578061504,0.071
2005-09-26,0.06180833888171138,0.083
2005-09-27,0.05903048937901116,0.073
2005-09-28,0.06115039111013472,0.078
2005-09-29,0.2110995469488215,0.162
2005-09-30,0.07694788737012297,0.102
2005-10-01,0.06680481428894415,0.09
2005-10-02,0.06301720932804894,0.076
2005-10-03,0.061815658358437484,0.07
2005-10-04,0.06097729045479454,0.071
2005-10-05,0.060308396845587815,0.071
2005-10-06,0.05976545965383,0.067
2005-10-07,0.05932122775156687,0.067
2005-10-08,0.06056639466271563,0.069
2005-10-09,0.058765571842092953,0.069
2005-10-10,0.058394291067495434,0.066
2005-10-11,0.05818979993440642,0.073
2005-10-12,0.36825582395858886,0.213
2005-10-13,0.13715900017034754,0.161
2005-10-14,0.07578930939597102,0.081
2005-10-15,0.06920457675402683,0.075
2005-10-16,0.06670873942018574,0.074
2005-10-17,0.0648637967006043,0.086
2005-10-18,0.202654448416202,0.115
2005-10-19,0.2019402454661654,0.162
2005-10-20,0.0821291287273654,0.108
2005-10-21,0.23251298599696438,0.245
2005-10-22,0.08488757710845186,0.094
2005-10-23,0.40304340110023135,0.5
2005-10-24,0.42249499782704714,0.65
2005-10-25,0.25460230247171123,0.293
2005-10-26,0.10982994579949919,0.13
2005-10-27,0.08907193250504054,0.102
2005-10-28,0.10841456321218969,0.11
2005-10-29,0.08189685106859941,0.094
2005-10-30,0.11063261437417292,0.094
2005-10-31,0.36561044368737083,0.396
2005-11-01,0.20238708843041212,0.224
2005-11-02,0.22965013903203205,0.249
2005-11-03,0.10416352274898241,0.234
2005-11-04,0.08918959971101327,0.128
2005-11-05,0.08361620036906471,0.099
2005-11-06,0.1954251588424556,0.148
2005-11-07,0.08964628039542112,0.119
2005-11-08,0.07929102696669586,0.073
2005-11-09,0.07591280612535893,0.081
2005-11-10,0.07366894013590151,0.078
2005-11-11,0.13300414180193496,0.134
2005-11-12,0.07774812639467804,0.087
2005-11-13,0.07242899412143229,0.091
2005-11-14,0.10127094267612102,0.082
2005-11-15,0.07372823756142716,0.102
2005-11-16,0.07066612269472776,0.076
2005-11-17,0.06955808631530594,0.075
2005-11-18,0.06879168420942386,0.073
2005-11-19,0.06816088047635686,0.069
2005-11-20,0.06766755433549348,0.071
2005-11-21,0.06728326783770222,0.071
2005-11-22,0.0669578046507531,0.069
2005-11-23,0.06669113413776659,0.072
2005-11-24,0.06736397320767304,0.074
2005-11-25,0.12063621266856304,0.089
2005-11-26,0.17498693771356882,0.126
2005-11-27,0.07952585735922386,0.096
2005-11-28,0.07175699367169841,0.085
2005-11-29,0.07018257297535231,0.081
2005-11-30,0.06989197899844923,0.074
2005-12-01,0.12352231349642959,0.093
2005-12-02,0.07523043294747757,0.099
2005-12-03,0.06996258744761413,0.082
2005-12-04,0.06890091670457475,0.081
2005-12-05,0.06807436376211705,0.062
2005-12-06,0.0675820918031057,0.093
2005-12-07,0.13773033573369778,0.104
2005-12-08,0.07442365766419295,0.087
2005-12-09,0.0692107799534949,0.074
2005-12-10,0.06806652332690835,0.071
2005-12-11,0.06736956119494793,0.073
2005-12-12,0.0668789409551857,0.074
2005-12-13,0.06628522672421022,0.073
2005-12-14,0.06584489334712976,0.073
2005-12-15,0.06576156996239622,0.074
2005-12-16,0.06515125514157631,0.081
2005-12-17,0.06482651174058862,0.075
2005-12-18,0.08510873347734685,0.078
2005-12-19,0.06686994937683154,0.076
2005-12-20,0.06527028661562453,0.075
2005-12-21,0.06510387565425312,0.075
2005-12-22,0.06428971168661364,0.074
2005-12-23,0.06395100970046744,0.071
2005-12-24,0.06364254251771302,0.073
2005-12-25,0.0633202779445176,0.063
2005-12-26,0.06377224149931873,0.075
2005-12-27,0.11813598538899817,0.074
2005-12-28,0.06861544859342443,0.068
2005-12-29,0.06760804123188678,0.067
2005-12-30,0.37874394961273006,0.837
2005-12-31,0.22910680976634698,0.453
2006-01-01,0.12895669463407827,0.238
2006-01-02,0.07973578524846049,0.187
2006-01-03,0.15962884988384832,0.267
2006-01-04,0.08113710340607404,0.225
2006-01-05,0.0731868318871822,0.194
2006-01-06,0.07378378208587326,0.136
2006-01-07,0.10178429909152675,0.146
2006-01-08,0.16869340856785395,0.184
2006-01-09,0.07964891392316255,0.222
2006-01-10,0.10697345797104994,0.185
2006-01-11,0.07430496321296096,0.188
2006-01-12,0.06982619711263104,0.137
2006-01-13,0.06782528485855802,0.13
2006-01-14,0.06667765125852887,0.117
2006-01-15,0.0653347585794589,0.112
2006-01-16,0.15357460954887475,0.152
2006-01-17,0.11019714145924502,0.171
2006-01-18,0.07196552489509539,0.181
2006-01-19,0.06766896986609085,0.168
2006-01-20,0.0665723599833522,0.156
2006-01-21,0.06468438850694583,0.113
2006-01-22,0.06369761057885133,0.098
2006-01-23,0.06292593801064454,0.093
2006-01-24,0.0622900071212486,0.092
2006-01-25,0.06182554192403068,0.091
2006-01-26,0.06129761656198211,0.09
2006-01-27,0.06091524720534877,0.087
2006-01-28,0.06054489061802382,0.084
2006-01-29,0.0602145380580748,0.081
2006-01-30,0.05991995694586964,0.077
2006-01-31,0.059654298946403894,0.078
2006-02-01,0.05940330128274841,0.08
2006-02-02,0.059166639644198785,0.079
2006-02-03,0.05893991447181093,0.077
2006-02-04,0.05872001182266962,0.075
2006-02-05,0.058505346115344505,0.076
2006-02-06,0.058294218763379896,0.078
2006-02-07,0.13131873213372044,0.105
2006-02-08,0.06594487360358878,0.107
2006-02-09,0.06074587051438022,0.079
2006-02-10,0.05972721688898132,0.078
2006-02-11,0.1469433933996259,0.085
2006-02-12,0.28270048837659156,0.363
2006-02-13,0.08527869464885528,0.319
2006-02-14,0.25823272525950075,0.36
2006-02-15,0.08633945843683202,0.68
2006-02-16,0.09372566487398677,0.38
2006-02-17,0.07139334243949542,0.242
2006-02-18,0.067419216360705,0.175
2006-02-19,0.06516698212343458,0.144
2006-02-20,0.06424372094538333,0.119
2006-02-21,0.06354151672848603,0.108
2006-02-22,0.06153871342033721,0.099
2006-02-23,0.16531263667299542,0.167
2006-02-24,0.07098937991708083,0.123
2006-02-25,0.0631238689376036,0.114
2006-02-26,0.0618183613621358,0.105
2006-02-27,0.1510579737407291,0.16
2006-02-28,0.0698305257856411,0.129
2006-03-01,0.06283100005233254,0.114
2006-03-02,0.061253807404424716,0.102
2006-03-03,0.060034385145742344,0.095
2006-03-04,0.05912022694956498,0.089
2006-03-05,0.05838251969607801,0.086
2006-03-06,0.05776254840290491,0.08
2006-03-07,0.2572277357507592,0.163
2006-03-08,0.25907099545698703,0.792
2006-03-09,0.11918863486190578,0.614
2006-03-10,0.16906670876891003,0.547
2006-03-11,0.08306900961226911,0.402
2006-03-12,0.07325346614292941,0.256
2006-03-13,0.06951852209431982,0.198
2006-03-14,0.06804579035794377,0.155
2006-03-15,0.06474963614343007,0.158
2006-03-16,0.06294632448961464,0.122
2006-03-17,0.06155287838245804,0.113
2006-03-18,0.060431031921154996,0.11
2006-03-19,0.05952680872087087,0.112
2006-03-20,0.058784230059158754,0.108
2006-03-21,0.05817806698918289,0.1
2006-03-22,0.057677537081284716,0.097
2006-03-23,0.061302877989155645,0.098
2006-03-24,0.059212130276268836,0.132
2006-03-25,0.05765464350212802,0.105
2006-03-26,0.05810060758288767,0.109
2006-03-27,0.056286499694367165,0.099
2006-03-28,0.056071649973988835,0.093
2006-03-29,0.15908480843006464,0.164
2006-03-30,0.0868558144777135,0.157
2006-03-31,0.06558807946330833,0.111
2006-04-01,0.08228663923262076,0.141
2006-04-02,0.09045545201913147,0.155
2006-04-03,0.06589007097165529,0.109
2006-04-04,0.06254906062930529,0.097
2006-04-05,0.060903126250007336,0.095
2006-04-06,0.05976971220254042,0.084
2006-04-07,0.06066868118721163,0.092
2006-04-08,0.058110707804064625,0.088
2006-04-09,0.14832597683135268,0.124
2006-04-10,0.06745845714514695,0.088
2006-04-11,0.10812270359001483,0.109
2006-04-12,0.0656833470777217,0.088
2006-04-13,0.11922568533997062,0.13
2006-04-14,0.06761103582801962,0.092
2006-04-15,0.06235883164778725,0.083
2006-04-16,0.06197845048135968,0.089
2006-04-17,0.05955409560849491,0.08
2006-04-18,0.05843564332046638,0.078
2006-04-19,0.05866670376690052,0.086
2006-04-20,0.05740378676500183,0.084
2006-04-21,0.05719497493868009,0.076
2006-04-22,0.05635866243733696,0.077
2006-04-23,0.05626481248756658,0.082
2006-04-24,0.05517047441324589,0.065
2006-04-25,0.05487001573623942,0.095
2006-04-26,0.05460849133982722,0.075
2006-04-27,0.05431094012594209,0.076
2006-04-28,0.05412317883973658,0.072
2006-04-29,0.05456494901994186,0.074
2006-04-30,0.2938222214397806,0.193
2006-05-01,0.08295622840855685,0.179
2006-05-02,0.06344378764084817,0.095
2006-05-03,0.060511303542313065,0.081
2006-05-04,0.058955376412545356,0.079
2006-05-05,0.05774525183336426,0.075
2006-05-06,0.3913842843059895,0.485
2006-05-07,0.3857128445635684,0.586
2006-05-08,0.23916542953873887,0.441
2006-05-09,0.09880858881231264,0.245
2006-05-10,0.07734377506825335,0.151
2006-05-11,0.07147790131280397,0.118
2006-05-12,0.06930649578628661,0.104
2006-05-13,0.06569619903366379,0.092
2006-05-14,0.06315414199042875,0.089
2006-05-15,0.06145763393525262,0.084
2006-05-16,0.0602287693748484,0.079
2006-05-17,0.21710320648192014,0.215
2006-05-18,0.07822859328378873,0.111
2006-05-19,0.19584447286010506,0.2
2006-05-20,0.08142698885584647,0.136
2006-05-21,0.134585327604094,0.203
2006-05-22,0.29065450799653386,0.52
2006-05-23,0.09379226870801201,0.286
2006-05-24,0.21825001209923728,0.266
2006-05-25,0.23533101627949976,0.272
2006-05-26,0.09704736584494453,0.497
2006-05-27,0.1018061654907822,0.313
2006-05-28,0.07989362812326739,0.199
2006-05-29,0.16317730104780429,0.449
2006-05-30,0.08398423548745748,0.262
2006-05-31,0.07357326141013869,0.15
2006-06-01,0.07147556497401768,0.123
2006-06-02,0.06784533601572902,0.109
2006-06-03,0.06589288121121527,0.1
2006-06-04,0.0663448713249528,0.118
2006-06-05,0.06338209223296713,0.093
2006-06-06,0.06233522056265788,0.086
2006-06-07,0.061743463519276,0.08
2006-06-08,0.061031787281240146,0.079
2006-06-09,0.06056576590422372,0.077
2006-06-10,0.0602011363268065,0.072
2006-06-11,0.05990917852857169,0.076
2006-06-12,0.06107199800653148,0.074
2006-06-13,0.3781570952335995,0.312
2006-06-14,0.10268615177463314,0.108
2006-06-15,0.07520883525185647,0.081
2006-06-16,0.07092335740824555,0.081
2006-06-17,0.0685723971933377,0.078
2006-06-18,0.06676449050788533,0.075
2006-06-19,0.0653267173646324,0.073
2006-06-20,0.06659917680833889,0.082
2006-06-21,0.0634123371176515,0.071
2006-06-22,0.06250938156795251,0.07
2006-06-23,0.06263676365340687,0.067
2006-06-24,0.06215751809717621,0.069
2006-06-25,0.06337595653384695,0.069
2006-06-26,0.0622800655478245,0.076
2006-06-27,0.06048298707287798,0.073
2006-06-28,0.060133696234873926,0.07
2006-06-29,0.05991272119880257,0.067
2006-06-30,0.05972171211080655,0.068
2006-07-01,0.059548327685532844,0.05
2006-07-02,0.05938734414993165,0.068
2006-07-03,0.05923496234394968,0.086
2006-07-04,0.05922931347799872,0.061
2006-07-05,0.06305206259361107,0.093
2006-07-06,0.059218897824779605,0.072
2006-07-07,0.05906870072234502,0.069
2006-07-08,0.06149896412151914,0.074
2006-07-09,0.05859325766875299,0.07
2006-07-10,0.06003311689339299,0.07
2006-07-11,0.05820422996337087,0.064
2006-07-12,0.05794750200035958,0.069
2006-07-13,0.05777345043263321,0.063
2006-07-14,0.057613981136717805,0.063
2006-07-15,0.0574532656537541,0.062
2006-07-16,0.0572874305180897,0.064
2006-07-17,0.057119355210503445,0.067
2006-07-18,0.056948226475954794,0.067
2006-07-19,0.056942610877319506,0.064
2006-07-20,0.05660884166738993,0.066
2006-07-21,0.056891196766414166,0.066
2006-07-22,0.06200776198962696,0.066
2006-07-23,0.056450732211590346,0.067
2006-07-24,0.055890102425331066,0.067
2006-07-25,0.05567919508846504,0.061
2006-07-26,0.05957714418922809,0.083
2006-07-27,0.35718680356826155,0.105
2006-07-28,0.0949644217729287,0.069
2006-07-29,0.06966159298125489,0.066
2006-07-30,0.065398730919086,0.066
2006-07-31,0.06497092032728823,0.068
2006-08-01,0.06311329352281278,0.073
2006-08-02,0.13034999650254467,0.127
2006-08-03,0.07028202615201666,0.095
2006-08-04,0.06381181402636803,0.071
2006-08-05,0.06168682676528697,0.069
2006-08-06,0.06223711286843685,0.075
2006-08-07,0.05922030824541905,0.071
2006-08-08,0.05851164038251768,0.071
2006-08-09,0.057186614640219256,0.068
2006-08-10,0.05645188162494054,0.071
2006-08-11,0.28021580481575903,0.162
2006-08-12,0.4163008228117451,0.442
2006-08-13,0.40533350425643017,0.231
2006-08-14,0.12234607403722066,0.174
2006-08-15,0.08917242515892661,0.088
2006-08-16,0.07999221917538615,0.091
2006-08-17,0.0759346988444232,0.108
2006-08-18,0.0711349025695638,0.081
2006-08-19,0.19874800804588033,0.102
2006-08-20,0.11315625788500475,0.152
2006-08-21,0.16205308938795462,0.229
2006-08-22,0.08187462093133226,0.087
2006-08-23,0.39347918517186997,0.254
2006-08-24,0.2749301264422747,0.254
2006-08-25,0.17067967575029927,0.189
2006-08-26,0.09529837142932211,0.118
2006-08-27,0.21187132658233396,0.134
2006-08-28,0.09839689167681924,0.148
2006-08-29,0.08480010258118108,0.088
2006-08-30,0.07839764674594792,0.088
2006-08-31,0.07433436352019429,0.079
2006-09-01,0.07105720605414534,0.08
2006-09-02,0.07048036909830965,0.085
2006-09-03,0.06715648124100466,0.08
2006-09-04,0.06574077618461341,0.075
2006-09-05,0.06467402454124588,0.074
2006-09-06,0.06386443017671062,0.072
2006-09-07,0.06322114987078065,0.072
2006-09-08,0.06274388385370223,0.07
2006-09-09,0.062332181218732026,0.071
2006-09-10,0.062021919241288866,0.075
2006-09-11,0.06396475100134266,0.075
2006-09-12,0.2661480392545412,0.157
2006-09-13,0.22491578381525318,0.185
2006-09-14,0.08783821139991493,0.086
2006-09-15,0.07527171872583896,0.077
2006-09-16,0.0720571744276409,0.079
2006-09-17,0.07050517220071018,0.074
2006-09-18,0.06836833580738245,0.074
2006-09-19,0.0670251262013815,0.071
2006-09-20,0.0659792990838644,0.074
2006-09-21,0.10538738268808798,0.095
2006-09-22,0.3964424571155078,0.537
2006-09-23,0.2263769855048883,0.136
2006-09-24,0.1350004404050102,0.139
2006-09-25,0.20018467628928516,0.302
2006-09-26,0.09291660331731424,0.118
2006-09-27,0.08166462320461358,0.096
2006-09-28,0.3884547428718913,0.808
2006-09-29,0.17615191551164514,0.364
2006-09-30,0.09574609917346151,0.177
2006-10-01,0.13715799901580775,0.19
2006-10-02,0.08944591404726754,0.147
2006-10-03,0.08159319716131336,0.085
2006-10-04,0.07776890243350704,0.07
2006-10-05,0.13701989169982687,0.126
2006-10-06,0.14118535675359556,0.17
2006-10-07,0.08333207978016642,0.104
2006-10-08,0.07697837426326891,0.082
2006-10-09,0.21249674006857233,0.166
2006-10-10,0.0903388441993576,0.122
2006-10-11,0.0909380588359861,0.114
2006-10-12,0.0783997144472407,0.09
2006-10-13,0.07555900579668966,0.077
2006-10-14,0.07377387548973588,0.077
2006-10-15,0.07238817553362559,0.078
2006-10-16,0.07128917817158258,0.075
2006-10-17,0.07217372809941174,0.083
2006-10-18,0.07138633733321813,0.089
2006-10-19,0.0698136763860422,0.088
2006-10-20,0.06970972464515894,0.092
2006-10-21,0.06882586213259079,0.085
2006-10-22,0.3032734525415773,0.248
2006-10-23,0.4000759161503558,0.365
2006-10-24,0.11708280645776248,0.451
2006-10-25,0.1360075578978806,0.235
2006-10-26,0.0892138793617341,0.15
2006-10-27,0.0833132349571124,0.114
2006-10-28,0.07974502522976679,0.107
2006-10-29,0.07699112745458327,0.113
2006-10-30,0.07508633586358723,0.088
2006-10-31,0.07377800235828648,0.087
2006-11-01,0.07242720739593954,0.084
2006-11-02,0.07144587475587114,0.085
2006-11-03,0.07065589083148857,0.075
2006-11-04,0.0700078181470273,0.077
2006-11-05,0.0694707125187145,0.078
2006-11-06,0.06902774232001962,0.076
2006-11-07,0.06863537740087286,0.077
2006-11-08,0.06958620054843713,0.084
2006-11-09,0.06809870418824444,0.078
2006-11-10,0.2254856848655064,0.154
2006-11-11,0.08538803789382189,0.099
2006-11-12,0.07436747353468794,0.09
2006-11-13,0.07207336009482572,0.083
2006-11-14,0.11431463195734894,0.122
2006-11-15,0.1898514464582508,0.087
2006-11-16,0.20065440264305,0.542
2006-11-17,0.41737605399006783,2.73
2006-11-18,0.36130756048628204,0.839
2006-11-19,0.12708120306443055,0.354
2006-11-20,0.09357091490771854,0.259
2006-11-21,0.08594452289131557,0.202
2006-11-22,0.4245174631189201,0.973
2006-11-23,0.22064451885306594,1.15
2006-11-24,0.26240493351749616,0.528
2006-11-25,0.2812905704786064,1.38
2006-11-26,0.2106009635313859,1.25
2006-11-27,0.1773478621291757,0.609
2006-11-28,0.11620063273775852,0.603
2006-11-29,0.10098851977782593,0.365
2006-11-30,0.0957160892599763,0.285
2006-12-01,0.12840953099401786,0.273
2006-12-02,0.1896863415826877,0.276
2006-12-03,0.10337072731481496,0.466
2006-12-04,0.09120475636530513,0.332
2006-12-05,0.08760224444663035,0.259
2006-12-06,0.26728049773377877,0.266
2006-12-07,0.10740560438869369,0.382
2006-12-08,0.09176396748035644,0.255
2006-12-09,0.08732322515441622,0.185
2006-12-10,0.22975335798183882,0.289
2006-12-11,0.2373276707676629,0.892
2006-12-12,0.11261058733586679,0.478
2006-12-13,0.09803071705152261,0.308
2006-12-14,0.09299288293319882,0.241
2006-12-15,0.3021760584640427,0.301
2006-12-16,0.11631822995431149,0.479
2006-12-17,0.0984973380299544,0.327
2006-12-18,0.09343566854198947,0.231
2006-12-19,0.09007383889009168,0.178
2006-12-20,0.08761214169893944,0.155
2006-12-21,0.08545384657673678,0.144
2006-12-22,0.08391821035138293,0.136
2006-12-23,0.08230935163022576,0.139
2006-12-24,0.08122158875426401,0.194
2006-12-25,0.08037610628244156,0.184
2006-12-26,0.08021567982052004,0.142
2006-12-27,0.15073176460991233,0.157
2006-12-28,0.0875127457200392,0.156
2006-12-29,0.22547221217904748,0.255
2006-12-30,0.43232915166731883,1.96
2006-12-31,0.24451351585242267,1.14
2007-01-01,0.1749077091897703,0.696
2007-01-02,0.12518217506200494,0.414
2007-01-03,0.13912932201814618,0.383
2007-01-04,0.11211035227200425,0.298
2007-01-05,0.11883732315619816,0.242
2007-01-06,0.4668412620832955,1.98
2007-01-07,0.2682166115000532,0.952
2007-01-08,0.1477677193072409,0.747
2007-01-09,0.34504884714854006,0.701
2007-01-10,0.226811803835733,1.53
2007-01-11,0.1887125203675718,0.749
2007-01-12,0.139400575925566,0.464
2007-01-13,0.1287002538474037,0.356
2007-01-14,0.1189252390918615,0.255
2007-01-15,0.15736411801586087,0.24
2007-01-16,0.37663012163889686,0.86
2007-01-17,0.5478042590150606,1.43
2007-01-18,0.22987918621842002,1.58
2007-01-19,0.2168721583193229,0.565
2007-01-20,0.1673844315539758,0.419
2007-01-21,0.15408129337533238,0.3
2007-01-22,0.1429719555118346,0.226
2007-01-23,0.13221822927620577,0.205
2007-01-24,0.12417175248065487,0.189
2007-01-25,0.11932188834018821,0.159
2007-01-26,0.11656129710662298,0.147
2007-01-27,0.11126743141320225,0.135
2007-01-28,0.1085424042738534,0.161
2007-01-29,0.10653434428381323,0.139
2007-01-30,0.1050006946730549,0.129
2007-01-31,0.10381663564116334,0.126
2007-02-01,0.10290913385127402,0.121
2007-02-02,0.10223122288878467,0.118
2007-02-03,0.10169227834750767,0.112
2007-02-04,0.10128899008716347,0.117
2007-02-05,0.10102922523448578,0.12
2007-02-06,0.10074129351926131,0.123
2007-02-07,0.16566248681935297,0.119
2007-02-08,0.13967022942464655,0.164
2007-02-09,0.2745471710269997,0.271
2007-02-10,0.389880018872988,1.25
2007-02-11,0.15661161993504405,1.42
2007-02-12,0.5060768027592281,2.6
2007-02-13,0.44826135515350196,1.02
2007-02-14,0.2641088613564023,1.43
2007-02-15,0.19247081476671443,0.626
2007-02-16,0.17272549473894827,0.424
2007-02-17,0.15936733996665187,0.307
2007-02-18,0.14898393848295416,0.251
2007-02-19,0.15884710594443446,0.25
2007-02-20,0.3194196916544648,0.272
2007-02-21,0.22738822446716594,0.505
2007-02-22,0.18632049843602358,0.458
2007-02-23,0.22066700961333202,0.451
2007-02-24,0.5246043084355538,0.744
2007-02-25,0.2348369841153278,1.78
2007-02-26,0.2541646779568571,0.658
2007-02-27,0.2410090954061284,0.785
2007-02-28,0.18885787537237939,0.542
2007-03-01,0.1722553831964382,0.34
2007-03-02,0.5097140335536698,0.446
2007-03-03,0.22961756029004715,0.835
2007-03-04,0.4577444399977481,1.07
2007-03-05,0.3738763597785076,1.01
2007-03-06,0.25064984195204326,0.741
2007-03-07,0.21535134176105425,0.426
2007-03-08,0.2666255835108034,0.313
2007-03-09,0.20433941183352525,0.26
2007-03-10,0.1872413119268319,0.222
2007-03-11,0.17606826027697786,0.21
2007-03-12,0.16743905227124964,0.193
2007-03-13,0.16067852784594097,0.169
2007-03-14,0.15538702265975757,0.159
2007-03-15,0.15127147366992705,0.164
2007-03-16,0.148046605503199,0.156
2007-03-17,0.14809013566140494,0.169
2007-03-18,0.14697887471603602,0.199
2007-03-19,0.1726561746361535,0.175
2007-03-20,0.22077016454608986,0.232
2007-03-21,0.15331237242625342,0.174
2007-03-22,0.14719357053214216,0.148
2007-03-23,0.14466855367915976,0.144
2007-03-24,0.14359305590748245,0.141
2007-03-25,0.14199612610459672,0.139
2007-03-26,0.14105720726033413,0.131
2007-03-27,0.14032337670133244,0.13
2007-03-28,0.1397302839725825,0.129
2007-03-29,0.14039090877539934,0.133
2007-03-30,0.13887409295611658,0.123
2007-03-31,0.13839178788766932,0.121
2007-04-01,0.13803131645742645,0.12
2007-04-02,0.13769519956391862,0.116
2007-04-03,0.1373955245777326,0.113
2007-04-04,0.13702208525511572,0.12
2007-04-05,0.136682129388329,0.117
2007-04-06,0.13633545691811158,0.107
2007-04-07,0.13597666200131375,0.106
2007-04-08,0.13560155562215398,0.107
2007-04-09,0.13522017480506995,0.105
2007-04-10,0.13480095499187097,0.103
2007-04-11,0.13437249643675095,0.108
2007-04-12,0.13392462348238998,0.106
2007-04-13,0.13345782742179285,0.098
2007-04-14,0.13297422791593302,0.097
2007-04-15,0.1324674457074661,0.095
2007-04-16,0.1319437274731653,0.093
2007-04-17,0.13140275857411507,0.095
2007-04-18,0.13084476305426604,0.096
2007-04-19,0.13027004682966437,0.096
2007-04-20,0.12967949468008988,0.074
2007-04-21,0.1290742834501891,0.104
2007-04-22,0.12845360536585274,0.102
2007-04-23,0.12808536135854523,0.089
2007-04-24,0.12719834662436857,0.09
2007-04-25,0.1270145408126989,0.092
2007-04-26,0.1259815815932959,0.093
2007-04-27,0.1251693232839172,0.086
2007-04-28,0.12446790488199497,0.09
2007-04-29,0.1237656832623941,0.098
2007-04-30,0.12305413430044919,0.089
2007-05-01,0.12233471995404012,0.089
2007-05-02,0.12160740594409522,0.088
2007-05-03,0.12087296799276948,0.089
2007-05-04,0.12013191095371825,0.091
2007-05-05,0.11938478167115651,0.088
2007-05-06,0.26840667309050725,0.141
2007-05-07,0.24878547812225318,0.27
2007-05-08,0.13964056157147317,0.104
2007-05-09,0.22742469179259833,0.206
2007-05-10,0.4500004392686446,0.33
2007-05-11,0.38009685259984355,0.281
2007-05-12,0.17181971906749086,0.141
2007-05-13,0.26656779722237006,0.263
2007-05-14,0.15193098215740614,0.151
2007-05-15,0.14032032207241443,0.204
2007-05-16,0.22236416801219505,0.207
2007-05-17,0.13909950445470157,0.162
2007-05-18,0.12942191224918795,0.117
2007-05-19,0.12509606280854085,0.104
2007-05-20,0.12198626507450643,0.1
2007-05-21,0.12053185855654744,0.097
2007-05-22,0.11733251979947763,0.092
2007-05-23,0.11541589693094141,0.093
2007-05-24,0.11381921455919532,0.092
2007-05-25,0.11246917700479904,0.091
2007-05-26,0.11355283381237415,0.09
2007-05-27,0.4937296744982815,1.07
2007-05-28,0.510479087759302,1.66
2007-05-29,0.4828282874020572,0.792
2007-05-30,0.4674364200298865,0.347
2007-05-31,0.3365999579030174,0.221
2007-06-01,0.16299402648101372,0.146
2007-06-02,0.14421634949726833,0.124
2007-06-03,0.13015736614027243,0.112
2007-06-04,0.1251682142597375,0.105
2007-06-05,0.12132361445178548,0.104
2007-06-06,0.11828132558127444,0.088
2007-06-07,0.11614072566352539,0.094
2007-06-08,0.14128880174810102,0.16
2007-06-09,0.11724767124375131,0.121
2007-06-10,0.11353125213393755,0.099
2007-06-11,0.11153434806975339,0.094
2007-06-12,0.10992795798592948,0.089
2007-06-13,0.4311045352192221,0.524
2007-06-14,0.4673355397501382,0.752
2007-06-15,0.31674558887424953,0.386
2007-06-16,0.18999747123725763,0.205
2007-06-17,0.14203246734299868,0.156
2007-06-18,0.13246697704312585,0.144
2007-06-19,0.2936892161679213,0.256
2007-06-20,0.13915274221252238,0.171
2007-06-21,0.12577565866088283,0.125
2007-06-22,0.1197448284217227,0.119
2007-06-23,0.26509169856147513,0.267
2007-06-24,0.324637867182458,0.299
2007-06-25,0.24096391097354025,0.335
2007-06-26,0.14077662130504887,0.195
2007-06-27,0.13034898806316952,0.149
2007-06-28,0.12492953201264946,0.123
2007-06-29,0.12260300281821428,0.136
2007-06-30,0.30361539889887945,0.265
2007-07-01,0.13449563918048,0.218
2007-07-02,0.3866651964053922,0.491
2007-07-03,0.28311780322410984,0.364
2007-07-04,0.32543324519428635,0.521
2007-07-05,0.27815502384140345,0.514
2007-07-06,0.15474683104099474,0.285
2007-07-07,0.1385314725556102,0.167
2007-07-08,0.1314747432142506,0.183
2007-07-09,0.12618252956808798,0.127
2007-07-10,0.12119191606965804,0.113
2007-07-11,0.11742179421805238,0.099
2007-07-12,0.11467057973995082,0.091
2007-07-13,0.112321003619477,0.096
2007-07-14,0.11028494020350998,0.091
2007-07-15,0.11118390924787998,0.116
2007-07-16,0.1074528815138229,0.088
2007-07-17,0.1891691397908444,0.158
2007-07-18,0.11747723282872884,0.096
2007-07-19,0.11121684477004753,0.092
2007-07-20,0.4202700066065793,0.469
2007-07-21,0.2915280829545594,0.316
2007-07-22,0.14083402562721678,0.218
2007-07-23,0.1744829895660607,0.237
2007-07-24,0.12568301403082582,0.147
2007-07-25,0.11848078334612108,0.092
2007-07-26,0.12020021792508373,0.16
2007-07-27,0.11232609228394876,0.105
2007-07-28,0.21709149601268582,0.166
2007-07-29,0.12178063030072343,0.116
2007-07-30,0.11259006074991486,0.101
2007-07-31,0.1097117327065455,0.094
2007-08-01,0.10766097397878938,0.093
2007-08-02,0.10598060932003772,0.09
2007-08-03,0.1045721287345793,0.087
2007-08-04,0.10337806003311201,0.085
2007-08-05,0.10235244404803812,0.085
2007-08-06,0.10145901159354276,0.083
2007-08-07,0.10216329127669951,0.085
2007-08-08,0.10006233495991067,0.081
2007-08-09,0.09931912343154803,0.083
2007-08-10,0.09871214161080148,0.084
2007-08-11,0.0981477601869336,0.083
2007-08-12,0.0984538118200814,0.081
2007-08-13,0.09994330213434909,0.085
2007-08-14,0.1747403125593595,0.118
2007-08-15,0.1689802706167845,0.13
2007-08-16,0.11316246214642442,0.086
2007-08-17,0.10696651228581651,0.1
2007-08-18,0.10505780605764785,0.103
2007-08-19,0.3529165683077938,0.322
2007-08-20,0.1797949677428807,0.176
2007-08-21,0.3125057954948957,0.253
2007-08-22,0.4535847615249385,2.94
2007-08-23,0.3335147003837652,2.01
2007-08-24,0.15019999552233865,0.644
2007-08-25,0.12528067041626448,0.319
2007-08-26,0.11808245206672165,0.205
2007-08-27,0.11300871780264886,0.163
2007-08-28,0.1089505161106441,0.136
2007-08-29,0.1056540526992772,0.121
2007-08-30,0.1029657079187291,0.097
2007-08-31,0.10076118906052527,0.096
2007-09-01,0.0989369746591613,0.114
2007-09-02,0.10008971382875861,0.119
2007-09-03,0.09633444172185351,0.098
2007-09-04,0.09506580106692883,0.091
2007-09-05,0.09411578303689476,0.086
2007-09-06,0.09333255697799306,0.088
2007-09-07,0.0925719776684506,0.083
2007-09-08,0.09191744709320178,0.082
2007-09-09,0.09131571232244634,0.085
2007-09-10,0.09076059875069796,0.082
2007-09-11,0.09023758876586167,0.081
2007-09-12,0.08973996393698963,0.08
2007-09-13,0.0892611582320084,0.088
2007-09-14,0.08879600912870705,0.081
2007-09-15,0.08834074893746136,0.081
2007-09-16,0.08858025853485098,0.087
2007-09-17,0.08770733109076558,0.083
2007-09-18,0.08702392168681056,0.081
2007-09-19,0.08692048067301109,0.08
2007-09-20,0.08826596511286014,0.101
2007-09-21,0.08587513224473581,0.08
2007-09-22,0.08526321928761378,0.08
2007-09-23,0.25001054078880913,0.118
2007-09-24,0.12502071123164984,0.228
2007-09-25,0.09867574523645671,0.097
2007-09-26,0.14525153429440674,0.128
2007-09-27,0.09780011006863687,0.092
2007-09-28,0.21805719152909844,0.16
2007-09-29,0.10407960277996524,0.108
2007-09-30,0.09365126289197431,0.096
2007-10-01,0.10316546642651953,0.11
2007-10-02,0.09184530167463181,0.088
2007-10-03,0.08906335961903161,0.09
2007-10-04,0.08717394825351443,0.07
2007-10-05,0.08563187802226783,0.079
2007-10-06,0.08432861125489749,0.098
2007-10-07,0.08321139231833492,0.087
2007-10-08,0.08334022971017832,0.083
2007-10-09,0.40846953930644175,0.66
2007-10-10,0.280172858973943,0.275
2007-10-11,0.1141987019179929,0.162
2007-10-12,0.09446886869460164,0.119
2007-10-13,0.09037747907338411,0.107
2007-10-14,0.08773139532624595,0.105
2007-10-15,0.08571369121759095,0.097
2007-10-16,0.41037447219134116,0.691
2007-10-17,0.31361599850948063,0.838
2007-10-18,0.11886144786193276,0.26
2007-10-19,0.095245164260288,0.164
2007-10-20,0.09067981539172018,0.128
2007-10-21,0.0877879007009408,0.118
2007-10-22,0.08548138386529455,0.111
2007-10-23,0.08358559083680432,0.1
2007-10-24,0.08201988438782175,0.1
2007-10-25,0.08088411541798783,0.096
2007-10-26,0.07962922228948925,0.09
2007-10-27,0.07868765097940993,0.089
2007-10-28,0.1464872340438261,0.133
2007-10-29,0.08517969760222037,0.098
2007-10-30,0.07982598199995558,0.091
2007-10-31,0.07845215464483726,0.089
2007-11-01,0.0774819148820315,0.09
2007-11-02,0.07666507639155766,0.086
2007-11-03,0.07596028944815957,0.088
2007-11-04,0.07532923244066286,0.09
2007-11-05,0.07486781238954385,0.09
2007-11-06,0.07425566834629894,0.091
2007-11-07,0.07377567930668587,0.092
2007-11-08,0.09432739540005386,0.108
2007-11-09,0.07623011691766658,0.089
2007-11-10,0.07473735996679959,0.111
2007-11-11,0.07339315611084388,0.09
2007-11-12,0.07375109550759398,0.085
2007-11-13,0.07298876857563912,0.093
2007-11-14,0.07177133783438487,0.086
2007-11-15,0.07124486971703768,0.085
2007-11-16,0.07080833022164303,0.083
2007-11-17,0.07040414902004241,0.082
2007-11-18,0.2893468462234262,0.172
2007-11-19,0.2382421211193053,0.16
2007-11-20,0.23363668645199123,0.296
2007-11-21,0.2753077416617424,0.61
2007-11-22,0.1020733657981054,1.05
2007-11-23,0.08597221082728394,0.324
2007-11-24,0.0818827822298414,0.235
2007-11-25,0.07903238381626297,0.171
2007-11-26,0.07671653546226033,0.137
2007-11-27,0.07575532751956705,0.132
2007-11-28,0.07356880548482202,0.141
2007-11-29,0.07203902568599088,0.131
2007-11-30,0.15489873985158228,0.171
2007-12-01,0.13945757507323253,0.211
2007-12-02,0.13045343978391033,0.29
2007-12-03,0.08750967401931808,0.223
2007-12-04,0.08691481483608186,0.178
2007-12-05,0.1051657517840948,0.259
2007-12-06,0.23444282928960586,0.672
2007-12-07,0.09161606737524902,0.542
2007-12-08,0.22876934919673064,0.642
2007-12-09,0.23715061937897006,0.812
2007-12-10,0.09996684571598989,0.772
2007-12-11,0.08573299697691744,0.386
2007-12-12,0.0813339704133293,0.252
2007-12-13,0.07828083781762774,0.196
2007-12-14,0.0758274585075084,0.17
2007-12-15,0.07385433825102876,0.162
2007-12-16,0.07226167493865608,0.147
2007-12-17,0.07094107322918411,0.138
2007-12-18,0.06986288477555823,0.128
2007-12-19,0.06897486151273292,0.123
2007-12-20,0.06823202953421408,0.124
2007-12-21,0.06759219458479734,0.126
2007-12-22,0.06723964296158506,0.129
2007-12-23,0.06672752855205241,0.124
2007-12-24,0.19536624413464923,0.143
2007-12-25,0.3511277223873111,1.55
2007-12-26,0.10264393043379184,0.593
2007-12-27,0.07874532297201399,0.378
2007-12-28,0.16364298382527448,0.393
2007-12-29,0.08470587407745428,0.337
2007-12-30,0.07654708520438451,0.235
2007-12-31,0.07391326910175648,0.219
2008-01-01,0.07200110272647102,0.206
2008-01-02,0.0703663852811138,0.196
2008-01-03,0.06936828859916044,0.192
2008-01-04,0.2215067304853075,0.294
2008-01-05,0.08564847389995742,0.287
2008-01-06,0.07516065641817081,0.239
2008-01-07,0.07230749031761073,0.207
2008-01-08,0.13538071461192192,0.233
2008-01-09,0.07715086705137146,0.216
2008-01-10,0.15532552293097196,0.223
2008-01-11,0.41395441740436706,2.74
2008-01-12,0.2336486866359845,1.5
2008-01-13,0.10962753408060827,0.666
2008-01-14,0.1988394354814187,0.477
2008-01-15,0.32856290937996185,1.99
2008-01-16,0.1162251371269564,0.945
2008-01-17,0.16792031067439456,0.556
2008-01-18,0.2534046981076717,0.706
2008-01-19,0.46886610092282116,3.57
2008-01-20,0.17186694561855503,1.34
2008-01-21,0.14045296124023457,0.672
2008-01-22,0.11433807990642728,0.394
2008-01-23,0.10376398100862595,0.33
2008-01-24,0.09683745105154329,0.231
2008-01-25,0.0914761449559708,0.199
2008-01-26,0.08724059536453535,0.183
2008-01-27,0.0838920394199724,0.165
2008-01-28,0.08124839051811682,0.165
2008-01-29,0.14734092384081643,0.18
2008-01-30,0.08690503867250701,0.155
2008-01-31,0.21455204929330607,0.351
2008-02-01,0.09627435444951053,0.22
2008-02-02,0.08534915414072984,0.14
2008-02-03,0.14246998989662832,0.2
2008-02-04,0.22633914316088002,0.268
2008-02-05,0.13485038560334556,0.503
2008-02-06,0.09881176836275686,0.288
2008-02-07,0.09216979774493717,0.238
2008-02-08,0.08836854514425797,0.212
2008-02-09,0.08546751359753044,0.182
2008-02-10,0.08317632197826805,0.159
2008-02-11,0.08136655165231195,0.153
2008-02-12,0.07992532552697694,0.14
2008-02-13,0.07877252319453507,0.135
2008-02-14,0.07785777530246235,0.132
2008-02-15,0.07712917059718732,0.13
2008-02-16,0.07654390989748124,0.128
2008-02-17,0.07606999695473322,0.129
2008-02-18,0.07568811430787273,0.127
2008-02-19,0.07536264936584822,0.132
2008-02-20,0.0750922999701803,0.137
2008-02-21,0.07485854539319119,0.118
2008-02-22,0.07464216733611952,0.123
2008-02-23,0.07445266340611804,0.122
2008-02-24,0.08513186394207754,0.14
2008-02-25,0.08501820351857467,0.134
2008-02-26,0.07755922643765262,0.135
2008-02-27,0.07635144408452553,0.119
2008-02-28,0.0756840817265053,0.113
2008-02-29,0.15983971832417196,0.177
2008-03-01,0.0844329061396507,0.136
2008-03-02,0.07819387237444392,0.121
2008-03-03,0.07682184716650767,0.109
2008-03-04,0.1656283690587405,0.127
2008-03-05,0.08538440773800121,0.108
2008-03-06,0.07919709951559846,0.105
2008-03-07,0.07724504419005107,0.109
2008-03-08,0.11189815215528257,0.148
2008-03-09,0.215577292065846,0.149
2008-03-10,0.40023348251922974,1.15
2008-03-11,0.1313015602604453,0.531
2008-03-12,0.0921702014216316,0.258
2008-03-13,0.10216328328068937,0.216
2008-03-14,0.08645162330862688,0.177
2008-03-15,0.4154299782419762,1.89
2008-03-16,0.39967545182685305,2.94
2008-03-17,0.12603044726961138,0.682
2008-03-18,0.09722589802113264,0.392
2008-03-19,0.09076345853135898,0.293
2008-03-20,0.22773018794012148,0.406
2008-03-21,0.3488124716405197,0.541
2008-03-22,0.21063701478662417,1.46
2008-03-23,0.21598688504557484,1.22
2008-03-24,0.13390750562355289,0.859
2008-03-25,0.13292084042125826,0.491
2008-03-26,0.39219996961858045,1.08
2008-03-27,0.18760937242802336,1.36
2008-03-28,0.2691955052971038,1.49
2008-03-29,0.1516368953868452,0.841
2008-03-30,0.12688805116208066,0.582
2008-03-31,0.11690788861574851,0.363
2008-04-01,0.10963093504610777,0.29
2008-04-02,0.10392849217953325,0.234
2008-04-03,0.09942850183292228,0.195
2008-04-04,0.09733524546146588,0.21
2008-04-05,0.10209070776431331,0.233
2008-04-06,0.11527624020413008,0.213
2008-04-07,0.09457962059304649,0.205
2008-04-08,0.09118438059008933,0.169
2008-04-09,0.08942528074922344,0.162
2008-04-10,0.08852644347976663,0.158
2008-04-11,0.17851631169122628,0.28
2008-04-12,0.0976411854339104,0.202
2008-04-13,0.11927728687407069,0.225
2008-04-14,0.09511812659308665,0.182
2008-04-15,0.09169112705383016,0.161
2008-04-16,0.08864799499411127,0.158
2008-04-17,0.08751488826111534,0.152
2008-04-18,0.08669449870099971,0.142
2008-04-19,0.08722199759124737,0.145
2008-04-20,0.08748647707539317,0.151
2008-04-21,0.085180188300848,0.131
2008-04-22,0.08467269620402773,0.124
2008-04-23,0.08576957060817925,0.141
2008-04-24,0.15408658097996164,0.186
2008-04-25,0.09298102392438044,0.129
2008-04-26,0.08777882749852838,0.124
2008-04-27,0.08729868088002067,0.133
2008-04-28,0.08589560392161331,0.118
2008-04-29,0.4003401357002628,0.719
2008-04-30,0.2900618635778687,1.11
2008-05-01,0.120224824013066,0.389
2008-05-02,0.1011677966273742,0.25
2008-05-03,0.09585694123884878,0.185
2008-05-04,0.09307438734642601,0.162
2008-05-05,0.09093243940856925,0.149
2008-05-06,0.08919682891002303,0.14
2008-05-07,0.08777401428403969,0.134
2008-05-08,0.08659812505414222,0.129
2008-05-09,0.0856207587897064,0.121
2008-05-10,0.0847900481347213,0.121
2008-05-11,0.08408426869638284,0.123
2008-05-12,0.08347037813211312,0.116
2008-05-13,0.08293092655528154,0.114
2008-05-14,0.0825284241731394,0.115
2008-05-15,0.3565186161395642,0.226
2008-05-16,0.11593651546340702,0.153
2008-05-17,0.09355722985736313,0.153
2008-05-18,0.0892857932101806,0.126
2008-05-19,0.08728885864182216,0.109
2008-05-20,0.08574115583993674,0.104
2008-05-21,0.08445969970217936,0.105
2008-05-22,0.08338190450986606,0.102
2008-05-23,0.0824665215955332,0.097
2008-05-24,0.08265744651444602,0.1
2008-05-25,0.18639555527372437,0.189
2008-05-26,0.42301952847111807,0.597
2008-05-27,0.43477038438378773,0.568
2008-05-28,0.1970224004582384,0.378
2008-05-29,0.4274985663189249,0.844
2008-05-30,0.14619136561740706,0.399
2008-05-31,0.11527238905304561,0.21
2008-06-01,0.10443115598283725,0.17
2008-06-02,0.3508433533265527,0.369
2008-06-03,0.31729740790440614,0.622
2008-06-04,0.13280875509607734,0.578
2008-06-05,0.11132844201639014,0.252
2008-06-06,0.10507094801065829,0.184
2008-06-07,0.10104811600697032,0.163
2008-06-08,0.09599079269995817,0.15
2008-06-09,0.09285563868087829,0.135
2008-06-10,0.09039951621105678,0.123
2008-06-11,0.11132880745524239,0.155
2008-06-12,0.12613185995416393,0.421
2008-06-13,0.0955640805199761,0.154
2008-06-14,0.09287793712435966,0.147
2008-06-15,0.08910254364097397,0.13
2008-06-16,0.08787159966799002,0.117
2008-06-17,0.08584625967108143,0.112
2008-06-18,0.08566369634209307,0.115
2008-06-19,0.08381561973672218,0.111
2008-06-20,0.08360067419179752,0.108
2008-06-21,0.08272670051495092,0.113
2008-06-22,0.08177384439939572,0.109
2008-06-23,0.08125564438840895,0.1
2008-06-24,0.08081828198644614,0.1
2008-06-25,0.08042519293973265,0.101
2008-06-26,0.08255935739031486,0.114
2008-06-27,0.07991112436352302,0.099
2008-06-28,0.07941835403118586,0.083
2008-06-29,0.07909899667155462,0.1
2008-06-30,0.0787962182306335,0.126
2008-07-01,0.07851267258255236,0.095
2008-07-02,0.07843665217110503,0.093
2008-07-03,0.07815026201039928,0.092
2008-07-04,0.07824681329218262,0.093
2008-07-05,0.08024627190565212,0.116
2008-07-06,0.1615960131176186,0.172
2008-07-07,0.35055863185845626,0.311
2008-07-08,0.11765965917058353,0.124
2008-07-09,0.42068884576455584,0.634
2008-07-10,0.2209786371507453,0.214
2008-07-11,0.3704553056177857,0.388
2008-07-12,0.1326679726684061,0.227
2008-07-13,0.10533933858414352,0.148
2008-07-14,0.09862858016796154,0.122
2008-07-15,0.09415507899036143,0.112
2008-07-16,0.09115890997818271,0.106
2008-07-17,0.0890677982572958,0.108
2008-07-18,0.08964173091371475,0.133
2008-07-19,0.085465397281961,0.173
2008-07-20,0.08216683306329749,0.106
2008-07-21,0.08078206126956551,0.099
2008-07-22,0.07972505580061122,0.091
2008-07-23,0.07884805677443597,0.099
2008-07-24,0.07810603144540561,0.095
2008-07-25,0.07747618096408264,0.093
2008-07-26,0.07695080114217893,0.092
2008-07-27,0.07878242590089644,0.271
2008-07-28,0.07734430521244348,0.109
2008-07-29,0.07568717737349565,0.092
2008-07-30,0.07523943191093059,0.091
2008-07-31,0.07584281234231371,0.13
2008-08-01,0.075425382241925,0.09
2008-08-02,0.07838878673374364,0.127
2008-08-03,0.13298551328188024,0.191
2008-08-04,0.08282348302237208,0.098
2008-08-05,0.2782485553266882,0.272
2008-08-06,0.1007529695518809,0.118
2008-08-07,0.3977582606464456,1.09
2008-08-08,0.12317702991531118,0.367
2008-08-09,0.14480927944368094,0.244
2008-08-10,0.09677927774149596,0.194
2008-08-11,0.3626316171328429,0.354
2008-08-12,0.12433864706914396,0.769
2008-08-13,0.15868524914834964,0.308
2008-08-14,0.10132694544315685,0.178
2008-08-15,0.09125556171903391,0.139
2008-08-16,0.18545063946591084,0.188
2008-08-17,0.1558434361297781,0.235
2008-08-18,0.09728236004089552,0.194
2008-08-19,0.08906680235186241,0.149
2008-08-20,0.08614077849834785,0.119
2008-08-21,0.08421199126215427,0.116
2008-08-22,0.08107144107486546,0.112
2008-08-23,0.12370709833972056,0.154
2008-08-24,0.08542636214537634,0.139
2008-08-25,0.08046864597148673,0.106
2008-08-26,0.07870588685611277,0.1
2008-08-27,0.07742323783702039,0.084
2008-08-28,0.0763737402044831,0.079
2008-08-29,0.07550436924558603,0.086
2008-08-30,0.07477613319532334,0.084
2008-08-31,0.09275808288377849,0.108
2008-09-01,0.16040825297765804,0.136
2008-09-02,0.08932772575014616,0.174
2008-09-03,0.0802244205022411,0.095
2008-09-04,0.22270857986761955,0.2
2008-09-05,0.2786673327104098,0.267
2008-09-06,0.2251212125593956,0.324
2008-09-07,0.343608980995269,1.35
2008-09-08,0.11925119729119393,0.477
2008-09-09,0.09827823363624139,0.249
2008-09-10,0.09070637629979862,0.168
2008-09-11,0.08731965572173023,0.149
2008-09-12,0.08564240515188673,0.144
2008-09-13,0.08160870354049846,0.113
2008-09-14,0.07958601542428663,0.103
2008-09-15,0.07803250512472053,0.095
2008-09-16,0.07677199432223052,0.09
2008-09-17,0.075753029336483,0.09
2008-09-18,0.0748820015431545,0.086
2008-09-19,0.07416561937920156,0.081
2008-09-20,0.07356288791576468,0.081
2008-09-21,0.07304432279058001,0.083
2008-09-22,0.07277268208890819,0.079
2008-09-23,0.07341969569171711,0.109
2008-09-24,0.07279394235037537,0.085
2008-09-25,0.07157787384786245,0.079
2008-09-26,0.07121056107638003,0.078
2008-09-27,0.07091808822801843,0.079
2008-09-28,0.07066276028118328,0.08
2008-09-29,0.10682428787766496,0.092
2008-09-30,0.11230574610378523,0.119
2008-10-01,0.07868859606971668,0.094
2008-10-02,0.07573710201403895,0.083
2008-10-03,0.09407793753095839,0.129
2008-10-04,0.23504414333156676,0.136
2008-10-05,0.40224441267522143,1.49
2008-10-06,0.12616269607337077,0.366
2008-10-07,0.09055490851816828,0.211
2008-10-08,0.08445066996284956,0.14
2008-10-09,0.08118202777968046,0.107
2008-10-10,0.07865329606816887,0.098
2008-10-11,0.07660058188936587,0.096
2008-10-12,0.07493007522641561,0.096
2008-10-13,0.07359485354574044,0.092
2008-10-14,0.0730934188856836,0.089
2008-10-15,0.10605062880235429,0.097
2008-10-16,0.07571283964989237,0.107
2008-10-17,0.07253552049727975,0.086
2008-10-18,0.0713809323008384,0.085
2008-10-19,0.07051437844993759,0.085
2008-10-20,0.3026205327614871,0.246
2008-10-21,0.09609475841263845,0.147
2008-10-22,0.07776288390519988,0.106
2008-10-23,0.08955256960872854,0.102
2008-10-24,0.07616620836754487,0.108
2008-10-25,0.22165136990518208,0.106
2008-10-26,0.11433738083225109,0.35
2008-10-27,0.08072449576556606,0.184
2008-10-28,0.26776768107330906,0.307
2008-10-29,0.09461630905529016,0.328
2008-10-30,0.08031951110093787,0.211
2008-10-31,0.07750386808806434,0.158
2008-11-01,0.397299551886958,1.48
2008-11-02,0.27252356483578444,1.03
2008-11-03,0.13795891576367447,0.476
2008-11-04,0.09033698234619712,0.375
2008-11-05,0.08549844306996932,0.289
2008-11-06,0.10774701514494729,0.28
2008-11-07,0.08236792316455506,0.292
2008-11-08,0.20797368055621637,0.401
2008-11-09,0.2466466509419837,1.01
2008-11-10,0.43840380829328673,4.2
2008-11-11,0.23092702851190855,0.905
2008-11-12,0.11320625373196894,0.327
2008-11-13,0.10369279373331632,0.227
2008-11-14,0.09331200797120356,0.182
2008-11-15,0.19196016823165202,0.208
2008-11-16,0.16898032164211066,0.935
2008-11-17,0.16957088821804903,0.594
2008-11-18,0.0970458276470299,0.607
2008-11-19,0.08804198274461791,0.402
2008-11-20,0.08427674177856465,0.294
2008-11-21,0.0822840282899695,0.23
2008-11-22,0.0793842503635333,0.183
2008-11-23,0.3077565938964965,0.523
2008-11-24,0.1864890921564402,0.528
2008-11-25,0.09486182634385336,0.613
2008-11-26,0.08543398285482592,0.39
2008-11-27,0.13057265191851808,0.361
2008-11-28,0.15961388158657233,0.517
2008-11-29,0.3198719982601708,0.807
2008-11-30,0.3096094560428003,2.23
2008-12-01,0.12435065168552607,1.21
2008-12-02,0.11689539690313296,0.628
2008-12-03,0.1722501271203891,0.417
2008-12-04,0.1300451335652031,0.625
2008-12-05,0.19879132636804592,0.57
2008-12-06,0.11044184038359327,0.562
2008-12-07,0.09915687627735974,0.352
2008-12-08,0.17030280044846507,0.346
2008-12-09,0.1027524276344949,0.363
2008-12-10,0.09496444127749022,0.311
2008-12-11,0.09021058337777221,0.256
2008-12-12,0.08834426296711315,0.237
2008-12-13,0.45156741630566555,2.3
2008-12-14,0.2588500544801988,1.26
2008-12-15,0.12511492916082143,0.556
2008-12-16,0.12216673849469864,0.425
2008-12-17,0.10495172862384834,0.332
2008-12-18,0.09968037486632157,0.286
2008-12-19,0.09516312569482693,0.245
2008-12-20,0.09196832844566508,0.215
2008-12-21,0.08944942877064285,0.196
2008-12-22,0.08745118646704557,0.179
2008-12-23,0.08666703800127395,0.169
2008-12-24,0.08473943654169534,0.163
2008-12-25,0.0836732387489076,0.145
2008-12-26,0.08288678674675093,0.139
2008-12-27,0.08229534402064338,0.135
2008-12-28,0.08175501169656003,0.137
2008-12-29,0.08134652971558047,0.128
2008-12-30,0.08098936192542998,0.124
2008-12-31,0.08069830098452387,0.123
2009-01-01,0.08051316782272308,0.114
2009-01-02,0.08022780323464818,0.115
2009-01-03,0.08001761919016526,0.113
2009-01-04,0.1346298705904369,0.118
2009-01-05,0.08632042808129212,0.121
2009-01-06,0.08184859164801987,0.105
2009-01-07,0.0810420070341024,0.113
2009-01-08,0.0805016690603377,0.113
2009-01-09,0.08007006543638975,0.109
2009-01-10,0.07968614969929237,0.11
2009-01-11,0.08949754210720771,0.122
2009-01-12,0.12510605582895806,0.169
2009-01-13,0.0849551836974249,0.169
2009-01-14,0.08114389486473197,0.147
2009-01-15,0.08282487069229784,0.142
2009-01-16,0.10231186271658489,0.145
2009-01-17,0.23896418036323705,0.421
2009-01-18,0.32882337099568587,0.58
2009-01-19,0.13546924833876445,1.23
2009-01-20,0.1240127356436541,0.442
2009-01-21,0.19196071938947856,0.324
2009-01-22,0.25290847290305224,0.702
2009-01-23,0.2963419472117624,1.84
2009-01-24,0.26013395004834033,0.657
2009-01-25,0.3075803331445422,2.15
2009-01-26,0.14892066528451425,0.849
2009-01-27,0.191971828295065,0.489
2009-01-28,0.23079043143310393,0.892
2009-01-29,0.13528716509148994,0.59
2009-01-30,0.1202879864129832,0.388
2009-01-31,0.11237924556347981,0.302
2009-02-01,0.2500475982720784,0.259
2009-02-02,0.32769942493713666,0.443
2009-02-03,0.14702643923700745,0.452
2009-02-04,0.26605003395919036,0.373
2009-02-05,0.30398470250067067,0.986
2009-02-06,0.3190826676127044,1.48
2009-02-07,0.16807441819597915,0.764
2009-02-08,0.2837189035844374,0.577
2009-02-09,0.7212548407385376,6.94
2009-02-10,0.5709636560383068,5.73
2009-02-11,0.38076575953991004,1.31
2009-02-12,0.6059561122520919,0.822
2009-02-13,0.28920364717728997,1.88
2009-02-14,0.23315229457631934,0.892
2009-02-15,0.21056791966936886,0.711
2009-02-16,0.18572485165121888,0.533
2009-02-17,0.1732795032591558,0.406
2009-02-18,0.1649121240593162,0.346
2009-02-19,0.15131691659304553,0.301
2009-02-20,0.14088221031690404,0.261
2009-02-21,0.13494806124046507,0.243
2009-02-22,0.13195829661492384,0.23
2009-02-23,0.14808783116910193,0.219
2009-02-24,0.13671115715766008,0.205
2009-02-25,0.128567969799273,0.198
2009-02-26,0.12661810513074345,0.196
2009-02-27,0.12425798607205572,0.191
2009-02-28,0.12244050289417033,0.184
2009-03-01,0.12140804623956329,0.179
2009-03-02,0.1206508145354015,0.156
2009-03-03,0.47475618755778215,0.58
2009-03-04,0.17999951834505173,1.02
2009-03-05,0.14857473228341356,0.373
2009-03-06,0.14149646073893926,0.254
2009-03-07,0.14809976507167388,0.222
2009-03-08,0.23752119525780097,0.259
2009-03-09,0.3930667114635064,0.285
2009-03-10,0.20552652304342203,0.344
2009-03-11,0.17552013175017128,0.266
2009-03-12,0.1645588235752783,0.237
2009-03-13,0.15673916639712562,0.215
2009-03-14,0.15033847397578626,0.194
2009-03-15,0.14545990074677947,0.163
2009-03-16,0.14161305761831583,0.152
2009-03-17,0.13857285801874616,0.142
2009-03-18,0.13616134751070852,0.143
2009-03-19,0.13424923845373812,0.138
2009-03-20,0.1327291837986336,0.132
2009-03-21,0.13151069669336404,0.133
2009-03-22,0.130529272820002,0.132
2009-03-23,0.19411468215410269,0.254
2009-03-24,0.22149884856078597,0.214
2009-03-25,0.1435776653575041,0.167
2009-03-26,0.13723842342152393,0.197
2009-03-27,0.15251713169840894,0.15
2009-03-28,0.2278576363479736,0.805
2009-03-29,0.1433709565435929,0.382
2009-03-30,0.1355808408168701,0.237
2009-03-31,0.1333355739747254,0.195
2009-04-01,0.13176371494020928,0.175
2009-04-02,0.13046473758565835,0.16
2009-04-03,0.12936352924212535,0.157
2009-04-04,0.12841545542761276,0.149
2009-04-05,0.12758730583894742,0.142
2009-04-06,0.1268366527399895,0.141
2009-04-07,0.12728183514905925,0.14
2009-04-08,0.12569507259059579,0.133
2009-04-09,0.12494627104955683,0.128
2009-04-10,0.12611416032353231,0.127
2009-04-11,0.12843955663180437,0.141
2009-04-12,0.12360422099910452,0.119
2009-04-13,0.12278856889616467,0.117
2009-04-14,0.12253183645687035,0.117
2009-04-15,0.12406618251838354,0.143
2009-04-16,0.2971503434825995,0.234
2009-04-17,0.14041113992102747,0.14
2009-04-18,0.1277860199065359,0.121
2009-04-19,0.12519058516080972,0.116
2009-04-20,0.12352064137520495,0.109
2009-04-21,0.12210634211499252,0.103
2009-04-22,0.12086010737620338,0.086
2009-04-23,0.11974375509675021,0.1
2009-04-24,0.1187289326490776,0.116
2009-04-25,0.11779362962000572,0.079
2009-04-26,0.1169249245509333,0.11
2009-04-27,0.13120583278730077,0.125
2009-04-28,0.11906120864849479,0.099
2009-04-29,0.11696261340719172,0.092
2009-04-30,0.11574825204490063,0.093
2009-05-01,0.11465203782940421,0.091
2009-05-02,0.11365980915383278,0.091
2009-05-03,0.11273634617017224,0.089
2009-05-04,0.11208368691850043,0.093
2009-05-05,0.11151769974622232,0.093
2009-05-06,0.11028053339950732,0.09
2009-05-07,0.10964539602645769,0.089
2009-05-08,0.11173762538445732,0.117
2009-05-09,0.10817838122941187,0.091
2009-05-10,0.10725495269319439,0.093
2009-05-11,0.10652173296347318,0.086
2009-05-12,0.10581500927833881,0.086
2009-05-13,0.10807252567061451,0.092
2009-05-14,0.13408532746810883,0.103
2009-05-15,0.15135948466699592,0.167
2009-05-16,0.11573334226401885,0.111
2009-05-17,0.11093121473943657,0.149
2009-05-18,0.10708218843510178,0.096
2009-05-19,0.10539934618021858,0.093
2009-05-20,0.10353913287006267,0.091
2009-05-21,0.10227902054814049,0.092
2009-05-22,0.10114354063067775,0.089
2009-05-23,0.10011474934160748,0.087
2009-05-24,0.0991621741282033,0.082
2009-05-25,0.35832852616999894,0.157
2009-05-26,0.13028305196016074,0.203
2009-05-27,0.10871779643323588,0.104
2009-05-28,0.10448432254130698,0.092
2009-05-29,0.10207978728434872,0.085
2009-05-30,0.10011025978737581,0.085
2009-05-31,0.09842352993069266,0.092
2009-06-01,0.09695739477293418,0.081
2009-06-02,0.09566723290397784,0.08
2009-06-03,0.09451883382624741,0.081
2009-06-04,0.09361209685310906,0.081
2009-06-05,0.09409210442341162,0.084
2009-06-06,0.09375754162365083,0.082
2009-06-07,0.39469054883016036,0.632
2009-06-08,0.13149802586354067,0.146
2009-06-09,0.10291726624706217,0.111
2009-06-10,0.426266892986111,0.597
2009-06-11,0.2593027330114758,0.176
2009-06-12,0.12388045265626399,0.139
2009-06-13,0.10730341209986372,0.088
2009-06-14,0.10233413956767297,0.097
2009-06-15,0.2076642258145042,0.243
2009-06-16,0.11043287073592642,0.109
2009-06-17,0.10045918710894132,0.096
2009-06-18,0.09691221170549315,0.091
2009-06-19,0.09433732329760555,0.088
2009-06-20,0.09274256791240261,0.091
2009-06-21,0.09048572516209301,0.085
2009-06-22,0.08895498518217207,0.083
2009-06-23,0.08767371447382888,0.084
2009-06-24,0.086567975380896,0.081
2009-06-25,0.0856615729838508,0.083
2009-06-26,0.23990768605278234,0.082
2009-06-27,0.10320535565384978,0.082
2009-06-28,0.09163931264278899,0.084
2009-06-29,0.08887473297345179,0.082
2009-06-30,0.0870667093443741,0.083
2009-07-01,0.08560008718342521,0.083
2009-07-02,0.08538442687245854,0.085
2009-07-03,0.08337269970118341,0.081
2009-07-04,0.0824873816168463,0.081
2009-07-05,0.08151799746546638,0.081
2009-07-06,0.08445631688193746,0.086
2009-07-07,0.3055298790218295,0.158
2009-07-08,0.10685079625760137,0.084
2009-07-09,0.08932039042354219,0.082
2009-07-10,0.08612095392805975,0.079
2009-07-11,0.13471606213185464,0.112
2009-07-12,0.09084056925118905,0.09
2009-07-13,0.08576062623853073,0.081
2009-07-14,0.0841991905877436,0.08
2009-07-15,0.08192949367793312,0.077
2009-07-16,0.36069193189959764,0.249
2009-07-17,0.26764163119019635,0.237
2009-07-18,0.11202437776039963,0.097
2009-07-19,0.13357279601737407,0.187
2009-07-20,0.09953126111247229,0.105
2009-07-21,0.09316892056655945,0.125
2009-07-22,0.08788408456333507,0.086
2009-07-23,0.08803325320631464,0.105
2009-07-24,0.13297346867447601,0.143
2009-07-25,0.08935468471762782,0.095
2009-07-26,0.1460881583870463,0.125
2009-07-27,0.0952140770844009,0.157
2009-07-28,0.08690766213609617,0.089
2009-07-29,0.30633489878626813,0.284
2009-07-30,0.10983822367771692,0.12
2009-07-31,0.08981567143971617,0.091
2009-08-01,0.17068509789203398,0.125
2009-08-02,0.09494143841978221,0.09
2009-08-03,0.08679415568599828,0.082
2009-08-04,0.08390750871578449,0.079
2009-08-05,0.08183407204708887,0.081
2009-08-06,0.4027410708410597,0.289
2009-08-07,0.13982013830555096,0.132
2009-08-08,0.0957572050041901,0.069
2009-08-09,0.08928220724358264,0.082
2009-08-10,0.08592888426726708,0.082
2009-08-11,0.08344117106958604,0.087
2009-08-12,0.2421785381651725,0.28
2009-08-13,0.0987736721727883,0.092
2009-08-14,0.08619265176031267,0.084
2009-08-15,0.08297981491228873,0.082
2009-08-16,0.08085638698082513,0.081
2009-08-17,0.07916042058586857,0.089
2009-08-18,0.0777739594495486,0.09
2009-08-19,0.07663101787361286,0.09
2009-08-20,0.07568100228246456,0.087
2009-08-21,0.07640993314022297,0.089
2009-08-22,0.0743111203852534,0.087
2009-08-23,0.07362972951008782,0.087
2009-08-24,0.07311391145497016,0.086
2009-08-25,0.0741009731319352,0.094
2009-08-26,0.07271494018991356,0.075
2009-08-27,0.07191577467075669,0.077
2009-08-28,0.07419223809402166,0.081
2009-08-29,0.0713963492883575,0.071
2009-08-30,0.07091688968595576,0.071
2009-08-31,0.07060255185682947,0.074
2009-09-01,0.07393587586341759,0.091
2009-09-02,0.2007917867006232,0.155
2009-09-03,0.085846448361337,0.082
2009-09-04,0.07643705976498548,0.074
2009-09-05,0.0744285228025122,0.073
2009-09-06,0.0731604271839323,0.076
2009-09-07,0.072120834062909,0.074
2009-09-08,0.07124056349637561,0.077
2009-09-09,0.0704858274409663,0.063
2009-09-10,0.06983021583015654,0.07
2009-09-11,0.06925196501615709,0.093
2009-09-12,0.0687362270175674,0.057
2009-09-13,0.06826903770891461,0.078
2009-09-14,0.06790256998387985,0.083
2009-09-15,0.06844083630810652,0.083
2009-09-16,0.06713662733394653,0.082
2009-09-17,0.0667152210524733,0.079
2009-09-18,0.0663683912316995,0.078
2009-09-19,0.0663932850632874,0.081
2009-09-20,0.06573879943917613,0.08
2009-09-21,0.06539876937060335,0.079
2009-09-22,0.0651086448500047,0.078
2009-09-23,0.0647786174925221,0.076
2009-09-24,0.06447138056686011,0.079
2009-09-25,0.06416751066503269,0.078
2009-09-26,0.06386532095732347,0.078
2009-09-27,0.06358362720090223,0.08
2009-09-28,0.0632641587122852,0.077
2009-09-29,0.06296246380006595,0.079
2009-09-30,0.06266225896817783,0.078
2009-10-01,0.06236234107683116,0.079
2009-10-02,0.062062898916493095,0.078
2009-10-03,0.06293140071083737,0.075
2009-10-04,0.06156251773502552,0.068
2009-10-05,0.06237737245485057,0.079
2009-10-06,0.18251658233080395,0.132
2009-10-07,0.18533002638775828,0.194
2009-10-08,0.07925879083532024,0.087
2009-10-09,0.21254560451835977,0.176
2009-10-10,0.08362494674629269,0.096
2009-10-11,0.07203064775600664,0.086
2009-10-12,0.06893212044891019,0.08
2009-10-13,0.06767326701177362,0.078
2009-10-14,0.0653061439462762,0.081
2009-10-15,0.06484855817988074,0.079
2009-10-16,0.06286356835756934,0.099
2009-10-17,0.06184367266867157,0.059
2009-10-18,0.06104386993868874,0.081
2009-10-19,0.06040617561678969,0.083
2009-10-20,0.12233841301665338,0.097
2009-10-21,0.3366976920452177,0.308
2009-10-22,0.09415560517225904,0.101
2009-10-23,0.0722870701670779,0.092
2009-10-24,0.06823004395846861,0.099
2009-10-25,0.06530609249594198,0.088
2009-10-26,0.08885930151168474,0.083
2009-10-27,0.06624617563936148,0.11
2009-10-28,0.06308312358566064,0.084
2009-10-29,0.061706884359747916,0.084
2009-10-30,0.10613645205430636,0.108
2009-10-31,0.08866296175689534,0.125
2009-11-01,0.30311093571162834,0.314
2009-11-02,0.13348112575414756,0.109
2009-11-03,0.16922009205537966,0.201
2009-11-04,0.11315847672579543,0.14
2009-11-05,0.07512162168048662,0.11
2009-11-06,0.2041178988152051,0.191
2009-11-07,0.09219363171137318,0.111
2009-11-08,0.07210611013275416,0.095
2009-11-09,0.06817840254022461,0.088
2009-11-10,0.0665824982937261,0.088
2009-11-11,0.08418839813181543,0.092
2009-11-12,0.37660916805848865,0.271
2009-11-13,0.4129985456797788,0.477
2009-11-14,0.3668706826591865,0.472
2009-11-15,0.17411638652651854,0.278
2009-11-16,0.13088690062935374,0.232
2009-11-17,0.0935982361732035,0.131
2009-11-18,0.08516796051056047,0.107
2009-11-19,0.08060414729243064,0.084
2009-11-20,0.07670098696392527,0.105
2009-11-21,0.25949951215838224,0.137
2009-11-22,0.26034382908343817,0.301
2009-11-23,0.14769408519922322,0.218
2009-11-24,0.16608701168780926,0.199
2009-11-25,0.09266193992511451,0.204
2009-11-26,0.08187873678033945,0.145
2009-11-27,0.12398109489803062,0.124
2009-11-28,0.40754289031539515,0.497
2009-11-29,0.44634973217702056,1.02
2009-11-30,0.23388065238463232,0.813
2009-12-01,0.1450350178698754,0.349
2009-12-02,0.37850092338349134,0.87
2009-12-03,0.28787880254365394,1.13
2009-12-04,0.23184609217998534,0.563
2009-12-05,0.3508589079762872,0.615
2009-12-06,0.2882430124773759,1.55
2009-12-07,0.22461932316818897,0.641
2009-12-08,0.16916605445390911,0.46
2009-12-09,0.1310692950871359,0.361
2009-12-10,0.11802265709642981,0.26
2009-12-11,0.10937066979650215,0.199
2009-12-12,0.10279407136024066,0.174
2009-12-13,0.11450829207130668,0.173
2009-12-14,0.09866179685800879,0.162
2009-12-15,0.09254184900619833,0.148
2009-12-16,0.2031147761328608,0.207
2009-12-17,0.3101929153691888,0.29
2009-12-18,0.12726196356365385,0.289
2009-12-19,0.21400177286813965,0.232
2009-12-20,0.11885940419029545,0.247
2009-12-21,0.3139484958698456,0.261
2009-12-22,0.13467112465825568,0.318
2009-12-23,0.19469591271801248,0.475
2009-12-24,0.1491242881372103,1.51
2009-12-25,0.11705602129160331,1.24
2009-12-26,0.10918005001325856,0.628
2009-12-27,0.10446354678479039,0.398
2009-12-28,0.10082260577634349,0.281
2009-12-29,0.47065987808650556,1.16
2009-12-30,0.46103474604070327,2.08
2009-12-31,0.18047922620854762,1.05
2010-01-01,0.14443842001667517,0.51
2010-01-02,0.19137447278056008,0.352
2010-01-03,0.1349016056820862,0.262
2010-01-04,0.12399910208889699,0.234
2010-01-05,0.11801156475536463,0.213
2010-01-06,0.16985868654406483,0.179
2010-01-07,0.1400735165461326,0.152
2010-01-08,0.1385577339432458,0.136
2010-01-09,0.11790738316613268,0.131
2010-01-10,0.11907176040036653,0.152
2010-01-11,0.11242452338269975,0.141
2010-01-12,0.10967672069855255,0.149
2010-01-13,0.18949444083424277,0.155
2010-01-14,0.3196799016575183,0.66
2010-01-15,0.2115927129071398,1.5
2010-01-16,0.3490807059205637,1.57
2010-01-17,0.16984786562658974,0.957
2010-01-18,0.1476220508401499,0.497
2010-01-19,0.13742578972165773,0.385
2010-01-20,0.13032826461769983,0.314
2010-01-21,0.20566890111221942,0.242
2010-01-22,0.4526129395088879,0.957
2010-01-23,0.1874419081094917,1.02
2010-01-24,0.2879896872769494,0.608
2010-01-25,0.1710276989847857,0.73
2010-01-26,0.15261827871773478,0.469
2010-01-27,0.19670812611640545,0.411
2010-01-28,0.3583273672264333,0.633
2010-01-29,0.20639898311334642,1.13
2010-01-30,0.1629549844926579,0.474
2010-01-31,0.15096951306133646,0.33
2010-02-01,0.15156413932450127,0.243
2010-02-02,0.22675503195484403,0.284
2010-02-03,0.20270498263289233,0.3
2010-02-04,0.2910227473944375,0.399
2010-02-05,0.1715415180945705,0.663
2010-02-06,0.1547321110808236,0.412
2010-02-07,0.16861460431658834,0.329
2010-02-08,0.14903690130820013,0.307
2010-02-09,0.14213626449422295,0.247
2010-02-10,0.13830735254665402,0.211
2010-02-11,0.1347972578679913,0.188
2010-02-12,0.13174262617333882,0.19
2010-02-13,0.17065595034191855,0.191
2010-02-14,0.13539764554978606,0.201
2010-02-15,0.17894142754652856,0.234
2010-02-16,0.45120993552308014,0.882
2010-02-17,0.19401249994061256,0.967
2010-02-18,0.6036404078598854,1.37
2010-02-19,0.2558009851839337,1.41
2010-02-20,0.23400094153581832,0.663
2010-02-21,0.5505904976725058,0.651
2010-02-22,0.4044936130963413,1.89
2010-02-23,0.400334222349387,1.21
2010-02-24,0.34162598018745566,1.23
2010-02-25,0.44687759293433127,1.31
2010-02-26,0.3549986291767586,1.0
2010-02-27,0.7161844258649941,0.901
2010-02-28,0.6381235284033765,4.75
2010-03-01,0.3697243915620869,1.09
2010-03-02,0.31195231411556257,0.57
2010-03-03,0.2789848887657847,0.423
2010-03-04,0.2537249137681403,0.301
2010-03-05,0.23412111543179198,0.294
2010-03-06,0.21831664993477018,0.227
2010-03-07,0.20603509786554375,0.214
2010-03-08,0.19649842335117396,0.216
2010-03-09,0.18903111416561877,0.173
2010-03-10,0.18325936279932392,0.181
2010-03-11,0.1847230916342372,0.179
2010-03-12,0.1817078847739521,0.185
2010-03-13,0.17330294342162134,0.167
2010-03-14,0.20035836318760372,0.171
2010-03-15,0.17940917379512483,0.159
2010-03-16,0.17494972893632493,0.155
2010-03-17,0.1728082449942442,0.152
2010-03-18,0.17136707275597246,0.154
2010-03-19,0.2088177489750232,0.178
2010-03-20,0.19266107106524916,0.203
2010-03-21,0.17896273071888188,0.159
2010-03-22,0.17606046631817873,0.143
2010-03-23,0.17577942178627445,0.174
2010-03-24,0.2898912903452185,0.312
2010-03-25,0.3292550541126626,0.72
2010-03-26,0.20088283956054928,0.519
2010-03-27,0.18672105102072423,0.309
2010-03-28,0.1863661896187761,0.25
2010-03-29,0.3473890620183796,0.372
2010-03-30,0.3632679257442772,0.768
2010-03-31,0.2272179701020095,0.523
2010-04-01,0.26253767709291076,0.378
2010-04-02,0.22602054986789935,0.336
2010-04-03,0.20481481018260414,0.299
2010-04-04,0.19762795235274863,0.236
2010-04-05,0.1911519532798867,0.203
2010-04-06,0.18668327844804766,0.197
2010-04-07,0.18372694148984292,0.177
2010-04-08,0.18018924155701496,0.16
2010-04-09,0.17773761243425612,0.151
2010-04-10,0.17573162091186179,0.147
2010-04-11,0.17404575732221264,0.147
2010-04-12,0.17260627891941047,0.158
2010-04-13,0.1713565341038645,0.141
2010-04-14,0.1702516658238328,0.139
2010-04-15,0.16925611331241436,0.11
2010-04-16,0.16834281933089518,0.138
2010-04-17,0.16748778032000142,0.096
2010-04-18,0.16667245451713447,0.116
2010-04-19,0.16596445291504516,0.113
2010-04-20,0.16512458704547708,0.111
2010-04-21,0.16435712487706913,0.108
2010-04-22,0.1635985985836105,0.108
2010-04-23,0.16283802093794722,0.106
2010-04-24,0.1621084424591955,0.106
2010-04-25,0.16503418900295785,0.16
2010-04-26,0.16081597915137905,0.12
2010-04-27,0.15973213900305364,0.109
2010-04-28,0.15890088267624616,0.103
2010-04-29,0.1605873420150672,0.138
2010-04-30,0.1607161944585165,0.163
2010-05-01,0.35317971503374446,0.174
2010-05-02,0.1805477979636208,0.144
2010-05-03,0.1640527257508026,0.112
2010-05-04,0.16045151966274934,0.105
2010-05-05,0.158257150548203,0.112
2010-05-06,0.15638033812457725,0.103
2010-05-07,0.15530385016495535,0.101
2010-05-08,0.1549813337029131,0.108
2010-05-09,0.1518872538582021,0.112
2010-05-10,0.15044108341156373,0.102
2010-05-11,0.14918734424743024,0.102
2010-05-12,0.14803345135254178,0.099
2010-05-13,0.14684707920237686,0.098
2010-05-14,0.14573038283199827,0.095
2010-05-15,0.14463707788651617,0.106
2010-05-16,0.14420588522106365,0.098
2010-05-17,0.14329542797995468,0.093
2010-05-18,0.14153682653521968,0.095
2010-05-19,0.14044429359596827,0.095
2010-05-20,0.139413592538949,0.081
2010-05-21,0.1383932721328833,0.113
2010-05-22,0.13737330448415336,0.074
2010-05-23,0.1363575340863913,0.096
2010-05-24,0.13534387697463496,0.101
2010-05-25,0.13433181382629839,0.095
2010-05-26,0.16885147099306153,0.127
2010-05-27,0.1388483691382769,0.104
2010-05-28,0.13501640208636595,0.093
2010-05-29,0.1717201882725884,0.14
2010-05-30,0.13899934301805794,0.096
2010-05-31,0.13417443828959985,0.093
2010-06-01,0.17732491576306803,0.149
2010-06-02,0.13752127434031827,0.101
2010-06-03,0.1324878828301658,0.094
2010-06-04,0.13009865232696757,0.092
2010-06-05,0.12986058358310595,0.091
2010-06-06,0.2731266776612814,0.194
2010-06-07,0.18569625975383844,0.137
2010-06-08,0.14237607959633125,0.222
2010-06-09,0.19401476109756438,0.107
2010-06-10,0.1388775802337482,0.1
2010-06-11,0.13127854396520422,0.098
2010-06-12,0.12773493708350472,0.097
2010-06-13,0.12508659140746975,0.093
2010-06-14,0.12319898912421291,0.097
2010-06-15,0.12073565422278432,0.091
2010-06-16,0.11893374333226119,0.088
2010-06-17,0.11735066003887619,0.089
2010-06-18,0.11593880831899162,0.086
2010-06-19,0.11610164538125146,0.106
2010-06-20,0.11351667137782438,0.091
2010-06-21,0.11229441371311154,0.09
2010-06-22,0.11122461963968674,0.09
2010-06-23,0.11021215044047433,0.089
2010-06-24,0.1092414649875712,0.071
2010-06-25,0.10830436493462148,0.104
2010-06-26,0.10739462688985893,0.071
2010-06-27,0.10650733579954562,0.086
2010-06-28,0.10593209643537879,0.089
2010-06-29,0.10481294740923225,0.101
2010-06-30,0.10394708609395549,0.097
2010-07-01,0.10311629890540587,0.088
2010-07-02,0.10230018256730693,0.089
2010-07-03,0.101486273027878,0.089
2010-07-04,0.10068289522879302,0.088
2010-07-05,0.09988666879753556,0.086
2010-07-06,0.09911998881116489,0.077
2010-07-07,0.09849614656162266,0.095
2010-07-08,0.09755744072448741,0.086
2010-07-09,0.09677102323534609,0.086
2010-07-10,0.09599629111637939,0.087
2010-07-11,0.09539684924258733,0.086
2010-07-12,0.09585693063795594,0.083
2010-07-13,0.09470492401107641,0.088
2010-07-14,0.13097915801869092,0.125
2010-07-15,0.1005470857607654,0.098
2010-07-16,0.09603780158220851,0.091
2010-07-17,0.0943149265013076,0.086
2010-07-18,0.09290574179586782,0.086
2010-07-19,0.09167909646891206,0.077
2010-07-20,0.090566384682886,0.087
2010-07-21,0.08954453987108313,0.1
2010-07-22,0.25146667380231014,0.222
2010-07-23,0.10765748271310088,0.081
2010-07-24,0.09548910742298483,0.094
2010-07-25,0.09261732238800621,0.092
2010-07-26,0.09298924571176921,0.11
2010-07-27,0.18695312538473688,0.318
2010-07-28,0.1010782427815502,0.077
2010-07-29,0.0927262034455977,0.099
2010-07-30,0.1877377454378132,0.175
2010-07-31,0.10471579180374453,0.155
2010-08-01,0.09303963988778333,0.096
2010-08-02,0.0918404865604045,0.109
2010-08-03,0.08873216377407844,0.097
2010-08-04,0.1341549774661477,0.148
2010-08-05,0.09256255065093799,0.09
2010-08-06,0.1244080329214148,0.123
2010-08-07,0.09376311471847316,0.112
2010-08-08,0.08799909377798325,0.1
2010-08-09,0.09021748953539141,0.107
2010-08-10,0.336312551707507,0.372
2010-08-11,0.1139543204551794,0.117
2010-08-12,0.15836116824387064,0.149
2010-08-13,0.3023576879983901,0.298
2010-08-14,0.11593827080883788,0.129
2010-08-15,0.09706833778041922,0.103
2010-08-16,0.09216588456280451,0.096
2010-08-17,0.11251845261291793,0.134
2010-08-18,0.09121848635830788,0.099
2010-08-19,0.08873063848735058,0.103
2010-08-20,0.0845313143965566,0.097
2010-08-21,0.08489258029588277,0.094
2010-08-22,0.40036041912724135,0.403
2010-08-23,0.24445136555199126,0.236
2010-08-24,0.10942040598420537,0.114
2010-08-25,0.4866011672322973,1.45
2010-08-26,0.5060773976252688,1.1
2010-08-27,0.45571504862080375,0.4
2010-08-28,0.44445882230439354,0.19
2010-08-29,0.4091051132190459,0.15
2010-08-30,0.14434058330235175,0.125
2010-08-31,0.11878662524804101,0.119
2010-09-01,0.10363788442296336,0.105
2010-09-02,0.09829339138543669,0.1
2010-09-03,0.09427433353071447,0.1
2010-09-04,0.09107738733539521,0.101
2010-09-05,0.08852529061845879,0.099
2010-09-06,0.3497425966001824,0.315
2010-09-07,0.1592364266588283,0.133
2010-09-08,0.10769938460246774,0.104
2010-09-09,0.10741168797150533,0.187
2010-09-10,0.09644028695780602,0.113
2010-09-11,0.09249721912555361,0.101
2010-09-12,0.089767448138926,0.101
2010-09-13,0.08845659380386918,0.094
2010-09-14,0.1272124503904513,0.159
2010-09-15,0.09328694716879525,0.112
2010-09-16,0.08865209722090907,0.127
2010-09-17,0.0857229005545447,0.098
2010-09-18,0.08523526099074617,0.098
2010-09-19,0.08347226404067758,0.095
2010-09-20,0.08259537146704947,0.093
2010-09-21,0.08191855397849342,0.089
2010-09-22,0.08136286914899596,0.091
2010-09-23,0.14124024917834854,0.162
2010-09-24,0.09087311751644525,0.109
2010-09-25,0.0859540547362018,0.099
2010-09-26,0.39102458721845973,0.323
2010-09-27,0.12208310223461252,0.158
2010-09-28,0.09421508620517212,0.091
2010-09-29,0.35579182341778043,0.371
2010-09-30,0.11951548928040373,0.231
2010-10-01,0.25442100936111006,0.352
2010-10-02,0.43713342053907506,0.955
2010-10-03,0.2827460079573646,0.785
2010-10-04,0.13233514640773855,0.502
2010-10-05,0.2388197192138362,0.365
2010-10-06,0.12151460070334132,0.364
2010-10-07,0.10744880334870781,0.215
2010-10-08,0.10172017682650034,0.164
2010-10-09,0.09754845930755475,0.138
2010-10-10,0.09430477040472694,0.128
2010-10-11,0.09164194182111664,0.119
2010-10-12,0.08946082536212321,0.116
2010-10-13,0.08780634488269515,0.11
2010-10-14,0.08726690288861143,0.11
2010-10-15,0.10772887886737446,0.138
2010-10-16,0.08864525074705099,0.111
2010-10-17,0.08602576301476009,0.106
2010-10-18,0.10853928311072206,0.133
2010-10-19,0.12791679731701636,0.121
2010-10-20,0.09013805564364769,0.104
2010-10-21,0.08623802852248616,0.098
2010-10-22,0.25934454653212985,0.208
2010-10-23,0.1475667545811942,0.234
2010-10-24,0.09582656051164781,0.137
2010-10-25,0.08992669916661039,0.119
2010-10-26,0.3127503653780879,0.361
2010-10-27,0.1116473159931356,0.298
2010-10-28,0.09339047237131293,0.198
2010-10-29,0.10079593907702285,0.198
2010-10-30,0.09080141658590515,0.159
2010-10-31,0.08917654897075489,0.155
2010-11-01,0.08625038564527904,0.131
2010-11-02,0.0855140628186973,0.127
2010-11-03,0.083719344340637,0.122
2010-11-04,0.08274602312904718,0.1
2010-11-05,0.39844100863826487,0.78
2010-11-06,0.2077210361408585,0.804
2010-11-07,0.1035191603878468,0.355
2010-11-08,0.3454357740354748,0.776
2010-11-09,0.1341123006659216,0.614
2010-11-10,0.14724598585243645,0.331
2010-11-11,0.12718045131472186,0.471
2010-11-12,0.10207641334694331,0.361
2010-11-13,0.09694365838398578,0.262
2010-11-14,0.09418443750952378,0.219
2010-11-15,0.09003958188193623,0.161
2010-11-16,0.08773827730320184,0.145
2010-11-17,0.08609350431321812,0.148
2010-11-18,0.08880101281194255,0.148
2010-11-19,0.08455317091567631,0.136
2010-11-20,0.08352256942494035,0.131
2010-11-21,0.08537649252942313,0.131
2010-11-22,0.08250097889954748,0.133
2010-11-23,0.08138440906023373,0.124
2010-11-24,0.08061858138260462,0.124
2010-11-25,0.07991975183141921,0.121
2010-11-26,0.07935499595183149,0.121
2010-11-27,0.07891277156551871,0.119
2010-11-28,0.07851989566255171,0.116
2010-11-29,0.14070354563852372,0.113
2010-11-30,0.09292123877242263,0.132
2010-12-01,0.08262198364458383,0.113
2010-12-02,0.08010626838450824,0.112
2010-12-03,0.0887348091121424,0.111
2010-12-04,0.127803980019455,0.174
2010-12-05,0.0834727902363971,0.194
2010-12-06,0.07945645811127233,0.196
2010-12-07,0.07836448098600343,0.158
2010-12-08,0.07749379003427495,0.138
2010-12-09,0.07680440435051436,0.121
2010-12-10,0.07613160472929398,0.122
2010-12-11,0.07556795335593454,0.128
2010-12-12,0.07506817655289016,0.132
2010-12-13,0.07521583873087342,0.127
2010-12-14,0.07419013921128106,0.121
2010-12-15,0.13666464357201905,0.147
2010-12-16,0.2920875198651513,0.661
2010-12-17,0.09853017317321293,0.439
2010-12-18,0.2924625921535617,0.264
2010-12-19,0.10486200634740006,0.202
2010-12-20,0.087830788666165,0.166
2010-12-21,0.138948719014302,0.179
2010-12-22,0.0901404631745334,0.206
2010-12-23,0.0838899383265483,0.16
2010-12-24,0.08108778235664545,0.146
2010-12-25,0.07900194494150825,0.128
2010-12-26,0.07731707358347258,0.126
2010-12-27,0.19041574167070052,0.191
2010-12-28,0.1140771308257453,0.542
2010-12-29,0.08674177464453742,1.81
2010-12-30,0.08165457605852551,1.25
2010-12-31,0.07904711825133214,0.633
2011-01-01,0.09065053127681474,0.455
2011-01-02,0.07842175060493263,0.359
2011-01-03,0.0760737419287009,0.305
2011-01-04,0.07468985310344214,0.283
2011-01-05,0.12376240167838255,0.305
2011-01-06,0.1061850535571542,0.267
2011-01-07,0.4120573404483688,1.1
2011-01-08,0.1263848639721951,1.33
2011-01-09,0.09548501568148376,0.563
2011-01-10,0.3039899765426874,0.565
2011-01-11,0.31853330586886175,1.08
2011-01-12,0.4792027877005825,3.35
2011-01-13,0.30293920706952304,2.34
2011-01-14,0.17932273288032852,1.53
2011-01-15,0.13919265372658296,0.829
2011-01-16,0.2836459265779344,0.552
2011-01-17,0.5483979081942665,2.38
2011-01-18,0.3293383010619126,2.02
2011-01-19,0.1729520058941984,0.768
2011-01-20,0.14453070296484433,0.525
2011-01-21,0.13748250667228484,0.423
2011-01-22,0.14533308367350256,0.374
2011-01-23,0.11960837934685294,0.346
2011-01-24,0.15037283767008677,0.345
2011-01-25,0.12760600932299018,0.385
2011-01-26,0.11884157588993281,0.371
2011-01-27,0.10707311633839724,0.298
2011-01-28,0.10216934222847811,0.255
2011-01-29,0.09862151668532158,0.226
2011-01-30,0.09586956043016993,0.207
2011-01-31,0.09373739529402501,0.191
2011-02-01,0.09284414012607614,0.181
2011-02-02,0.09093849987556847,0.178
2011-02-03,0.08980925876179732,0.177
2011-02-04,0.08906951301109213,0.179
2011-02-05,0.08850553541933734,0.173
2011-02-06,0.08803057945896356,0.163
2011-02-07,0.08769529675790606,0.158
2011-02-08,0.08751845014933024,0.146
2011-02-09,0.08730159105335675,0.146
2011-02-10,0.2605527225174863,0.27
2011-02-11,0.23256293127270725,0.227
2011-02-12,0.11584475661419749,0.329
2011-02-13,0.12066624391755465,0.319
2011-02-14,0.10466190428178461,0.26
2011-02-15,0.13505574043755897,0.272
2011-02-16,0.10480078931725004,0.228
2011-02-17,0.09997092638652054,0.198
2011-02-18,0.12382557270271402,0.182
2011-02-19,0.1779281758269665,0.267
2011-02-20,0.1094617170487148,0.252
2011-02-21,0.15619999251438801,0.271
2011-02-22,0.1316352005029996,0.258
2011-02-23,0.25450860822561205,0.788
2011-02-24,0.12757054194206593,0.601
2011-02-25,0.2573173750035143,0.482
2011-02-26,0.22236495999107794,0.984
2011-02-27,0.13978286299167006,0.621
2011-02-28,0.12656652815098907,0.397
2011-03-01,0.11701727526964063,0.305
2011-03-02,0.11168721998808741,0.27
2011-03-03,0.10759427675030821,0.237
2011-03-04,0.1043409807300678,0.217
2011-03-05,0.10222200725004577,0.204
2011-03-06,0.0996837903671875,0.189
2011-03-07,0.09798342986418626,0.177
2011-03-08,0.09662155162390836,0.17
2011-03-09,0.09572837212649635,0.168
2011-03-10,0.09463638526157613,0.164
2011-03-11,0.0938787227612276,0.156
2011-03-12,0.0932687687827582,0.169
2011-03-13,0.11794246828089486,0.18
2011-03-14,0.09566468958016947,0.148
2011-03-15,0.09347253304339044,0.139
2011-03-16,0.09275041010313599,0.138
2011-03-17,0.09245809233246523,0.136
2011-03-18,0.09180061981747341,0.136
2011-03-19,0.09121626462918107,0.131
2011-03-20,0.09079837960314605,0.13
2011-03-21,0.09041749826257547,0.126
2011-03-22,0.09005681585116179,0.123
2011-03-23,0.08971019614703626,0.122
2011-03-24,0.08937045943483905,0.126
2011-03-25,0.08903684775498397,0.129
2011-03-26,0.08876929450162235,0.132
2011-03-27,0.088374802757552,0.131
2011-03-28,0.08807935354794338,0.124
2011-03-29,0.08813745665717887,0.124
2011-03-30,0.14599706041301472,0.157
2011-03-31,0.09439559036440097,0.136
2011-04-01,0.08993858466892553,0.125
2011-04-02,0.0887671836228333,0.121
2011-04-03,0.11475775598859404,0.185
2011-04-04,0.09310126258555419,0.137
2011-04-05,0.08896732198815098,0.127
2011-04-06,0.0877323220591233,0.112
2011-04-07,0.08683302851022394,0.112
2011-04-08,0.08604813037237813,0.114
2011-04-09,0.08534262829757464,0.113
2011-04-10,0.08469929398005878,0.11
2011-04-11,0.08478681084778421,0.11
2011-04-12,0.08359523125356563,0.099
2011-04-13,0.0830248531731274,0.106
2011-04-14,0.08252888504208114,0.109
2011-04-15,0.08203291383535179,0.107
2011-04-16,0.08189018231579982,0.107
2011-04-17,0.08112011823193928,0.106
2011-04-18,0.08064365815876,0.107
2011-04-19,0.0801935457532385,0.103
2011-04-20,0.07974911261267692,0.103
2011-04-21,0.07930816145430482,0.102
2011-04-22,0.07886879209411825,0.106
2011-04-23,0.07844018383570223,0.1
2011-04-24,0.0779952357141252,0.094
2011-04-25,0.07755873044830114,0.092
2011-04-26,0.07712332724742935,0.094
2011-04-27,0.07668799267118202,0.094
2011-04-28,0.07626312258952303,0.093
2011-04-29,0.07581940883666093,0.092
2011-04-30,0.07538312970879321,0.093
2011-05-01,0.07494839064793378,0.092
2011-05-02,0.07451399246560063,0.093
2011-05-03,0.07407992973861956,0.094
2011-05-04,0.07364807439534662,0.091
2011-05-05,0.07321353717815116,0.09
2011-05-06,0.07338353598714385,0.09
2011-05-07,0.07373397524845873,0.093
2011-05-08,0.07201488522256497,0.096
2011-05-09,0.0714952002219323,0.088
2011-05-10,0.0710599892532003,0.086
2011-05-11,0.0706566452793495,0.088
2011-05-12,0.07038713869954802,0.088
2011-05-13,0.06979412069685656,0.088
2011-05-14,0.06940481974022246,0.089
2011-05-15,0.06934743497020167,0.091
2011-05-16,0.06855106248385927,0.088
2011-05-17,0.06810513653101588,0.088
2011-05-18,0.06777355426012806,0.086
2011-05-19,0.06727439936057986,0.092
2011-05-20,0.06685964665837842,0.087
2011-05-21,0.06694921282478325,0.09
2011-05-22,0.06612312261421775,0.089
2011-05-23,0.06580300315361688,0.086
2011-05-24,0.06524500475332608,0.084
2011-05-25,0.06483277445808573,0.083
2011-05-26,0.09297218250061841,0.131
2011-05-27,0.07074021403840856,0.089
2011-05-28,0.06770704080177047,0.083
2011-05-29,0.06645887549230038,0.085
2011-05-30,0.11016126638202928,0.13
2011-05-31,0.07321751342128002,0.092
2011-06-01,0.06884159532012725,0.091
2011-06-02,0.06711164747713895,0.088
2011-06-03,0.06579068264727586,0.086
2011-06-04,0.06468004888726145,0.086
2011-06-05,0.12391031011607041,0.131
2011-06-06,0.07568475414610898,0.239
2011-06-07,0.06782027838094284,0.094
2011-06-08,0.06591749478232171,0.088
2011-06-09,0.0662302898968396,0.125
2011-06-10,0.08744005428161175,0.259
2011-06-11,0.06817484577978222,0.119
2011-06-12,0.20613179274702878,0.24
2011-06-13,0.08146455064477283,0.111
2011-06-14,0.07041379485537734,0.098
2011-06-15,0.06756885564490983,0.094
2011-06-16,0.069143663369811,0.129
2011-06-17,0.22962235709191578,0.215
2011-06-18,0.08612151512906353,0.145
2011-06-19,0.07020708748625147,0.105
2011-06-20,0.06840050309758548,0.1
2011-06-21,0.06509105702852903,0.101
2011-06-22,0.16991433045000517,0.222
2011-06-23,0.07850310717612807,0.122
2011-06-24,0.18169774689702328,0.203
2011-06-25,0.07984975215845633,0.128
2011-06-26,0.07014754670365546,0.102
2011-06-27,0.06746752802056342,0.094
2011-06-28,0.1955821693622118,0.218
2011-06-29,0.0801469977869536,0.098
2011-06-30,0.06967187121340591,0.09
2011-07-01,0.06673514376908625,0.088
2011-07-02,0.0647699587165474,0.091
2011-07-03,0.06320521995895252,0.088
2011-07-04,0.06205599868201653,0.088
2011-07-05,0.13808202606777548,0.142
2011-07-06,0.07228344054612898,0.102
2011-07-07,0.18113745492567776,0.254
2011-07-08,0.0789174066755297,0.111
2011-07-09,0.06928256639791838,0.1
2011-07-10,0.0693092621076591,0.105
2011-07-11,0.06429614690807524,0.088
2011-07-12,0.06263850703864418,0.086
2011-07-13,0.06152313356268865,0.086
2011-07-14,0.060457720593992174,0.089
2011-07-15,0.06013558479459951,0.09
2011-07-16,0.2782642116304455,0.256
2011-07-17,0.3049278818656796,0.363
2011-07-18,0.09813110011942397,0.149
2011-07-19,0.07927417173410004,0.242
2011-07-20,0.07251477103889996,0.119
2011-07-21,0.1970315859437207,0.27
2011-07-22,0.11722747857728749,0.18
2011-07-23,0.07756567838439676,0.119
2011-07-24,0.07169867670266324,0.103
2011-07-25,0.06877603560691932,0.097
2011-07-26,0.06656318043385823,0.093
2011-07-27,0.06475194036864929,0.093
2011-07-28,0.06332327562976617,0.093
2011-07-29,0.06217594121146183,0.089
2011-07-30,0.06125012967029982,0.089
2011-07-31,0.06050019809666319,0.089
2011-08-01,0.060685945192337123,0.088
2011-08-02,0.059822333110845775,0.101
2011-08-03,0.13260402726704376,0.178
2011-08-04,0.1711750882303395,0.217
2011-08-05,0.07699994309500215,0.1
2011-08-06,0.06832944507626665,0.089
2011-08-07,0.0664491838577419,0.084
2011-08-08,0.06448235597302307,0.083
2011-08-09,0.06288680338302542,0.08
2011-08-10,0.062389341341362696,0.069
2011-08-11,0.06294582747286001,0.079
2011-08-12,0.06397998038298817,0.086
2011-08-13,0.059945660952392496,0.103
2011-08-14,0.05916953475140739,0.083
2011-08-15,0.059022224141863665,0.08
2011-08-16,0.05841509144795764,0.083
2011-08-17,0.05828476336511865,0.08
2011-08-18,0.3738108759644718,0.379
2011-08-19,0.09974190485696052,0.105
2011-08-20,0.07332500862428504,0.095
2011-08-21,0.06837653444424507,0.101
2011-08-22,0.06735251328815477,0.1
2011-08-23,0.12180507944983476,0.125
2011-08-24,0.0714196161380167,0.093
2011-08-25,0.3132560199836982,0.274
2011-08-26,0.1099984100415475,0.245
2011-08-27,0.08013068529973973,0.133
2011-08-28,0.07357735983512358,0.101
2011-08-29,0.06929590123032908,0.097
2011-08-30,0.06692300067804971,0.083
2011-08-31,0.06510210390569965,0.079
2011-09-01,0.06364505854972725,0.1
2011-09-02,0.06247198502195943,0.098
2011-09-03,0.06152393498616271,0.091
2011-09-04,0.1033921915768033,0.118
2011-09-05,0.06944304213083338,0.092
2011-09-06,0.06656022824740197,0.108
2011-09-07,0.06316314719741842,0.089
2011-09-08,0.06126997929208769,0.087
2011-09-09,0.06048080650753491,0.084
2011-09-10,0.060167989584881905,0.082
2011-09-11,0.060197290112165756,0.082
2011-09-12,0.05901485911420774,0.08
2011-09-13,0.05965151698475097,0.082
2011-09-14,0.05836656945141615,0.08
2011-09-15,0.05805891885078459,0.08
2011-09-16,0.057797699903303384,0.082
2011-09-17,0.05847235100547667,0.093
2011-09-18,0.05799888054819884,0.084
2011-09-19,0.057240328753893864,0.078
2011-09-20,0.11741517061705578,0.113
2011-09-21,0.06542105335925316,0.088
2011-09-22,0.06090772653260756,0.083
2011-09-23,0.059760423542154995,0.086
2011-09-24,0.05899627015906573,0.085
2011-09-25,0.05884885760591129,0.086
2011-09-26,0.057918263726181245,0.084
2011-09-27,0.05745598396777847,0.083
2011-09-28,0.05700847689718972,0.083
2011-09-29,0.05665848935268895,0.082
2011-09-30,0.05635221220432748,0.083
2011-10-01,0.05607636502517642,0.084
2011-10-02,0.055823473199586464,0.085
2011-10-03,0.055588383526546305,0.085
2011-10-04,0.05537630487235312,0.083
2011-10-05,0.057835228302478565,0.088
2011-10-06,0.055829273907513105,0.082
2011-10-07,0.12754929891295208,0.096
2011-10-08,0.3482653101467779,0.24
2011-10-09,0.0934647051272495,0.149
2011-10-10,0.06871444692187062,0.093
2011-10-11,0.06512820578840525,0.093
2011-10-12,0.06410941868972678,0.103
2011-10-13,0.0609680506931595,0.101
2011-10-14,0.05945309191921536,0.1
2011-10-15,0.0583093296902213,0.091
2011-10-16,0.0573748845309203,0.085
2011-10-17,0.12943277770655398,0.126
2011-10-18,0.06494132300608511,0.091
2011-10-19,0.05934268934315648,0.084
2011-10-20,0.05790285032733044,0.084
2011-10-21,0.05695516444452063,0.086
2011-10-22,0.0561901244271042,0.084
2011-10-23,0.05555475172154485,0.085
2011-10-24,0.05555160621380192,0.083
2011-10-25,0.055041868044162084,0.089
2011-10-26,0.054749035509279696,0.085
2011-10-27,0.055179406717775256,0.086
2011-10-28,0.053695292572349784,0.087
2011-10-29,0.05329158336206349,0.092
2011-10-30,0.053047684916241664,0.093
2011-10-31,0.05294411756003758,0.09
2011-11-01,0.05282033693428705,0.093
2011-11-02,0.05288848758513184,0.094
2011-11-03,0.3997529066831355,0.606
2011-11-04,0.38287109280329357,0.314
2011-11-05,0.22035176088058903,0.129
2011-11-06,0.08919755097473622,0.112
2011-11-07,0.07003152196470694,0.108
2011-11-08,0.12605394057385425,0.161
2011-11-09,0.06997207829004908,0.122
2011-11-10,0.06365076624271752,0.097
2011-11-11,0.06126464003696185,0.088
2011-11-12,0.059535124045916966,0.086
2011-11-13,0.058155127194587354,0.087
2011-11-14,0.05703994828347111,0.083
2011-11-15,0.05614149915333167,0.085
2011-11-16,0.05541307897918166,0.083
2011-11-17,0.0548831369726602,0.081
2011-11-18,0.054415033197158555,0.085
2011-11-19,0.05407727176869668,0.085
2011-11-20,0.05370938873557495,0.084
2011-11-21,0.053347224372578196,0.082
2011-11-22,0.053784714921110026,0.09
2011-11-23,0.05295278133382224,0.087
2011-11-24,0.053298532858844984,0.083
2011-11-25,0.05252525081814475,0.084
2011-11-26,0.0523239187379933,0.082
2011-11-27,0.05216600781695597,0.08
2011-11-28,0.05214378604168132,0.079
2011-11-29,0.08435530268990528,0.082
2011-11-30,0.06840709067226859,0.083
2011-12-01,0.057018358129224754,0.094
2011-12-02,0.14724658497603338,0.116
2011-12-03,0.06314835763153077,0.107
2011-12-04,0.07633111090132988,0.095
2011-12-05,0.05762172061637976,0.077
2011-12-06,0.08509317620093057,0.074
2011-12-07,0.05832264335664943,0.091
2011-12-08,0.16702494577112917,0.16
2011-12-09,0.06616494174651026,0.102
2011-12-10,0.05778666166954359,0.087
2011-12-11,0.1448857902570389,0.134
2011-12-12,0.30842218264728594,0.236
2011-12-13,0.10196514888939093,0.177
2011-12-14,0.11257671999706874,0.093
2011-12-15,0.22444148800224062,0.187
2011-12-16,0.15111028421164102,0.244
2011-12-17,0.07554214684555514,0.126
2011-12-18,0.0799807287839348,0.111
2011-12-19,0.189434163372382,0.161
2011-12-20,0.1627724543153027,0.161
2011-12-21,0.07852262061799452,0.179
2011-12-22,0.06816500816222315,0.121
2011-12-23,0.2789752457463876,0.304
2011-12-24,0.08844896593677969,0.164
2011-12-25,0.0707576847116174,0.112
2011-12-26,0.06656822360460549,0.096
2011-12-27,0.06392360849343084,0.092
2011-12-28,0.061816245897094224,0.091
2011-12-29,0.07521715838824328,0.1
2011-12-30,0.21787208432746957,0.198
2011-12-31,0.07669827509069187,0.128
2012-01-01,0.12544356156414396,0.158
2012-01-02,0.10346729524607735,0.133
2012-01-03,0.2594571530525313,0.365
2012-01-04,0.29328176981121873,0.322
2012-01-05,0.09919891391462897,0.45
2012-01-06,0.08011405544694648,0.195
2012-01-07,0.07420415224909034,0.142
2012-01-08,0.0705219371306428,0.119
2012-01-09,0.06781861772138968,0.109
2012-01-10,0.06554171267580007,0.103
2012-01-11,0.06368455545977054,0.1
2012-01-12,0.062347557350325315,0.098
2012-01-13,0.061177327145464346,0.097
2012-01-14,0.06036949938242228,0.094
2012-01-15,0.05962236398993258,0.093
2012-01-16,0.05908112035732714,0.088
2012-01-17,0.05927457900533379,0.089
2012-01-18,0.3661675057136045,0.266
2012-01-19,0.15767216200199158,0.534
2012-01-20,0.40358466046767866,1.18
2012-01-21,0.17971469035590595,0.669
2012-01-22,0.0933018558484494,0.343
2012-01-23,0.08382891941796673,0.213
2012-01-24,0.19940909541456087,0.304
2012-01-25,0.18829621040222091,0.316
2012-01-26,0.09254207396696927,0.39
2012-01-27,0.08452979812355473,0.282
2012-01-28,0.07704223458883828,0.199
2012-01-29,0.07357837587509576,0.168
2012-01-30,0.07111450022342462,0.151
2012-01-31,0.06922612344845826,0.135
2012-02-01,0.06745555364811243,0.118
2012-02-02,0.06621233773267468,0.115
2012-02-03,0.06524449545719042,0.108
2012-02-04,0.3436307372988338,0.113
2012-02-05,0.09720566163150128,0.133
2012-02-06,0.07463675086304424,0.158
2012-02-07,0.07112442945246072,0.133
2012-02-08,0.06871668258072976,0.114
2012-02-09,0.11757969082898104,0.122
2012-02-10,0.07484707482239832,0.123
2012-02-11,0.0702115307452342,0.111
2012-02-12,0.0689286386428474,0.126
2012-02-13,0.09480458777630628,0.669
2012-02-14,0.07181890122412043,1.28
2012-02-15,0.06852872738490806,0.606
2012-02-16,0.06723458738421315,0.338
2012-02-17,0.06666720248155068,0.254
2012-02-18,0.08943234359527918,0.255
2012-02-19,0.06854798512425256,0.173
2012-02-20,0.0663433418441102,0.145
2012-02-21,0.06554126151810853,0.138
2012-02-22,0.07907262834266562,0.162
2012-02-23,0.06710379326797407,0.133
2012-02-24,0.0656100468471576,0.125
2012-02-25,0.06495105623687039,0.119
2012-02-26,0.06496016591102903,0.114
2012-02-27,0.0641707609707846,0.119
2012-02-28,0.0637541242608888,0.115
2012-02-29,0.06336387229322979,0.11
2012-03-01,0.06308955160411059,0.109
2012-03-02,0.0629638737762128,0.109
2012-03-03,0.06307222579290449,0.107
2012-03-04,0.3760084891571229,1.04
2012-03-05,0.2929593929088349,0.847
2012-03-06,0.10079500410766168,0.555
2012-03-07,0.1748349842735722,0.754
2012-03-08,0.08483928492662811,0.468
2012-03-09,0.07577122770202258,0.301
2012-03-10,0.07275741311942957,0.228
2012-03-11,0.07063274599668287,0.194
2012-03-12,0.06895429709355577,0.17
2012-03-13,0.06756249178120895,0.156
2012-03-14,0.0664535187078962,0.147
2012-03-15,0.06553506938859065,0.146
2012-03-16,0.06481460538457427,0.14
2012-03-17,0.06676809685585039,0.143
2012-03-18,0.06391630576680092,0.132
2012-03-19,0.0632172608620214,0.12
2012-03-20,0.06281636728799907,0.114
2012-03-21,0.062481626205057525,0.116
2012-03-22,0.0622373439145763,0.112
2012-03-23,0.06192119943663297,0.114
2012-03-24,0.06167401443345282,0.11
2012-03-25,0.061442059269495516,0.103
2012-03-26,0.06122352769505204,0.097
2012-03-27,0.06101436945003292,0.095
2012-03-28,0.06081127449642753,0.095
2012-03-29,0.060612132916169265,0.094
2012-03-30,0.06041549431928171,0.094
2012-03-31,0.06022044466110132,0.095
2012-04-01,0.060024203510640785,0.097
2012-04-02,0.05982810466297131,0.091
2012-04-03,0.3738851053854695,0.347
2012-04-04,0.15315600342512156,0.161
2012-04-05,0.07732042839734239,0.109
2012-04-06,0.07024622323058606,0.102
2012-04-07,0.06759162698116829,0.095
2012-04-08,0.08668905151568505,0.1
2012-04-09,0.09771039389571637,0.147
2012-04-10,0.07016142593097813,0.111
2012-04-11,0.0676020650261534,0.112
2012-04-12,0.06683984409892907,0.12
2012-04-13,0.06366471298548053,0.099
2012-04-14,0.06247523434601499,0.095
2012-04-15,0.06214584035233603,0.095
2012-04-16,0.06236345403076857,0.094
2012-04-17,0.07587641172616086,0.125
2012-04-18,0.0681442562332935,0.117
2012-04-19,0.06424607134681716,0.142
2012-04-20,0.06297770232190646,0.12
2012-04-21,0.10963025394436757,0.186
2012-04-22,0.15612615625227175,0.196
2012-04-23,0.23848871607130892,0.25
2012-04-24,0.1385202676759878,0.22
2012-04-25,0.41510994714807087,2.99
2012-04-26,0.39831310818323235,0.949
2012-04-27,0.25090347905747756,0.621
2012-04-28,0.46743211713870914,2.0
2012-04-29,0.43233805017428906,4.0
2012-04-30,0.5262124381174956,1.3
2012-05-01,0.1918173910754431,2.11
2012-05-02,0.6387760300283327,3.0
2012-05-03,0.5288819044183093,4.23
2012-05-04,0.240413159001947,1.13
2012-05-05,0.1760481222198207,0.565
2012-05-06,0.1514520977980913,0.369
2012-05-07,0.16312099303138983,0.324
2012-05-08,0.1626028701168768,0.293
2012-05-09,0.22535955576874944,0.353
2012-05-10,0.13891376725438134,0.428
2012-05-11,0.11716257063489288,0.284
2012-05-12,0.1086251114690062,0.196
2012-05-13,0.10329480476203093,0.176
2012-05-14,0.18896911169274727,0.228
2012-05-15,0.13317001938364365,0.163
2012-05-16,0.10141119286454556,0.141
2012-05-17,0.09593808877590809,0.137
2012-05-18,0.09390177821201044,0.133
2012-05-19,0.09092109446387467,0.128
2012-05-20,0.08923877082827407,0.126
2012-05-21,0.08802038459173858,0.136
2012-05-22,0.08712500233770137,0.116
2012-05-23,0.0864782741342325,0.114
2012-05-24,0.08602249852616191,0.11
2012-05-25,0.08571354344240166,0.104
2012-05-26,0.08551541423152503,0.104
2012-05-27,0.08539973396884262,0.104
2012-05-28,0.09392192215178484,0.123
2012-05-29,0.08591739146144822,0.1
2012-05-30,0.10044081584776525,0.174
2012-05-31,0.08999294104074419,0.111
2012-06-01,0.08965639896854075,0.107
2012-06-02,0.2783488285023309,0.26
2012-06-03,0.34183333979104746,0.367
2012-06-04,0.12377507868045341,0.199
2012-06-05,0.15559903586126006,0.226
2012-06-06,0.1223618869725572,0.212
2012-06-07,0.3105318744712111,0.462
2012-06-08,0.1272633088012433,0.365
2012-06-09,0.10743045568350736,0.19
2012-06-10,0.4145518807367478,0.423
2012-06-11,0.2346233308107533,0.826
2012-06-12,0.12538779779003895,0.406
2012-06-13,0.11183291886098186,0.235
2012-06-14,0.23320186613218913,0.347
2012-06-15,0.1216883071338558,0.332
2012-06-16,0.10734698612638849,0.186
2012-06-17,0.10639877906764363,0.163
2012-06-18,0.1009879270141686,0.147
2012-06-19,0.09852686512461165,0.128
2012-06-20,0.1988372664989783,0.207
2012-06-21,0.11154694688646248,0.248
2012-06-22,0.10093089125553448,0.144
2012-06-23,0.3734954058940546,0.404
2012-06-24,0.1334914954590118,0.408
2012-06-25,0.1071453104667455,0.202
2012-06-26,0.10336467283146804,0.165
2012-06-27,0.10035145017647372,0.134
2012-06-28,0.09827508321486396,0.126
2012-06-29,0.09684833800598262,0.115
2012-06-30,0.09555986765632099,0.107
2012-07-01,0.09446602787337263,0.107
2012-07-02,0.14892156112804003,0.124
2012-07-03,0.16019581906262925,0.148
2012-07-04,0.1062710603276569,0.145
2012-07-05,0.375746977666796,0.293
2012-07-06,0.18364581277890588,0.441
2012-07-07,0.41560650083236916,0.468
2012-07-08,0.17999806044648226,0.385
2012-07-09,0.12497367703582621,0.242
2012-07-10,0.24942163649831628,0.42
2012-07-11,0.25576021365350377,0.482
2012-07-12,0.41451861760102476,0.823
2012-07-13,0.48268123043336314,2.38
2012-07-14,0.22996036299959222,2.88
2012-07-15,0.1582408287232335,0.724
2012-07-16,0.17393962101754348,0.45
2012-07-17,0.14150822882281597,0.317
2012-07-18,0.15442550115512627,0.443
2012-07-19,0.1316893234573482,0.417
2012-07-20,0.22933931823897422,0.642
2012-07-21,0.12928440127758087,0.531
2012-07-22,0.1176968316541343,0.281
2012-07-23,0.11305662564599345,0.205
2012-07-24,0.10967485241438966,0.171
2012-07-25,0.10699868642840962,0.148
2012-07-26,0.10486181071953747,0.136
2012-07-27,0.1031562101143316,0.12
2012-07-28,0.10177192086231582,0.119
2012-07-29,0.10268262355334927,0.119
2012-07-30,0.14073728719481374,0.163
2012-07-31,0.10661145703821177,0.156
2012-08-01,0.1041769463489212,0.131
2012-08-02,0.10441474860474557,0.122
2012-08-03,0.10019304321154276,0.113
2012-08-04,0.14088417627532251,0.337
2012-08-05,0.21089666971594392,0.402
2012-08-06,0.2335482381093829,0.323
2012-08-07,0.14326632969564498,0.296
2012-08-08,0.11519352231049466,0.221
2012-08-09,0.10982185556923728,0.163
2012-08-10,0.10686818301834762,0.156
2012-08-11,0.10456554553270535,0.129
2012-08-12,0.1026907103244994,0.123
2012-08-13,0.22563728164321614,0.191
2012-08-14,0.11516264348844284,0.246
2012-08-15,0.10571500375705879,0.171
2012-08-16,0.10287357153685318,0.132
2012-08-17,0.10113199425500546,0.118
2012-08-18,0.09972862426552602,0.112
2012-08-19,0.09895461200900134,0.107
2012-08-20,0.09758788605549609,0.102
2012-08-21,0.09678402664103773,0.098
2012-08-22,0.09605304664566362,0.1
2012-08-23,0.09529960017154274,0.098
2012-08-24,0.096620148299001,0.102
2012-08-25,0.2752236030781129,0.247
2012-08-26,0.11475107137910608,0.171
2012-08-27,0.10261680168665395,0.132
2012-08-28,0.09917403980709903,0.115
2012-08-29,0.14276839140044756,0.157
2012-08-30,0.12878944187079244,0.128
2012-08-31,0.10409438377644556,0.12
2012-09-01,0.10016115429088415,0.119
2012-09-02,0.09806305509261976,0.114
2012-09-03,0.09638423157314091,0.124
2012-09-04,0.09497990353079434,0.105
2012-09-05,0.09378433207549994,0.096
2012-09-06,0.0927545589642279,0.096
2012-09-07,0.09185537816141091,0.095
2012-09-08,0.09105932208144096,0.097
2012-09-09,0.09034366687498943,0.095
2012-09-10,0.09053680712669421,0.094
2012-09-11,0.08915249631118599,0.096
2012-09-12,0.14423182527029893,0.156
2012-09-13,0.09599952649230467,0.105
2012-09-14,0.09140269204739924,0.095
2012-09-15,0.08999693438788699,0.098
2012-09-16,0.08895395210333142,0.097
2012-09-17,0.08804449722141751,0.096
2012-09-18,0.0872369041600729,0.094
2012-09-19,0.08650397935824759,0.096
2012-09-20,0.08583332817389912,0.082
2012-09-21,0.08681183546439425,0.087
2012-09-22,0.08474057298284726,0.094
2012-09-23,0.3975174053543834,0.357
2012-09-24,0.2409727392014719,0.236
2012-09-25,0.11428537337856166,0.189
2012-09-26,0.09874773567758491,0.134
2012-09-27,0.09470207661193887,0.131
2012-09-28,0.09145417806919728,0.109
2012-09-29,0.08896317260297557,0.104
2012-09-30,0.08919149667874599,0.113
2012-10-01,0.08760505337658402,0.12
2012-10-02,0.08509528675720661,0.104
2012-10-03,0.119196136279174,0.155
2012-10-04,0.4003172653497922,0.338
2012-10-05,0.43534288074566224,0.969
2012-10-06,0.20445605238285508,1.06
2012-10-07,0.11751057924966818,0.365
2012-10-08,0.10224774956446576,0.275
2012-10-09,0.0960878615281442,0.188
2012-10-10,0.09249936143539236,0.161
2012-10-11,0.15714052611551282,0.207
2012-10-12,0.09666735576269377,0.161
2012-10-13,0.08981503458451806,0.147
2012-10-14,0.0875179661890299,0.144
2012-10-15,0.09628840998762363,0.139
2012-10-16,0.27236282355371055,0.243
2012-10-17,0.13663159835535196,0.458
2012-10-18,0.09524446071908095,0.299
2012-10-19,0.33508513408980567,0.938
2012-10-20,0.3131247553655541,1.22
2012-10-21,0.14395856872039525,1.11
2012-10-22,0.10573103945673769,0.606
2012-10-23,0.09809230293840415,0.406
2012-10-24,0.09389380843678768,0.313
2012-10-25,0.09045055697857719,0.235
2012-10-26,0.13201660856472264,0.214
2012-10-27,0.306232104967778,0.892
2012-10-28,0.1945715237460828,0.776
2012-10-29,0.10424115268926828,0.68
2012-10-30,0.09415817648621913,0.409
2012-10-31,0.3836481190440138,0.599
2012-11-01,0.12967095691995065,1.37
2012-11-02,0.10123278644783633,0.595
2012-11-03,0.17857661873167865,0.376
2012-11-04,0.4316216218501554,2.53
2012-11-05,0.17958398569239625,0.915
2012-11-06,0.13233274442106704,0.525
2012-11-07,0.10656361483428584,0.395
2012-11-08,0.10002544231324255,0.327
2012-11-09,0.12606109489919654,0.293
2012-11-10,0.09816073919761603,0.309
2012-11-11,0.09222456339938019,0.221
2012-11-12,0.15930023338396299,0.27
2012-11-13,0.09566917900240714,0.29
2012-11-14,0.0892362671826938,0.27
2012-11-15,0.08687736877055661,0.242
2012-11-16,0.08573669411406326,0.231
2012-11-17,0.08402137913571647,0.214
2012-11-18,0.08293095523081286,0.178
2012-11-19,0.0835816020008095,0.171
2012-11-20,0.1542233992756364,0.179
2012-11-21,0.3167115955042234,1.03
2012-11-22,0.3739595622930991,1.24
2012-11-23,0.12914545998978624,1.29
2012-11-24,0.452425048602758,2.16
2012-11-25,0.278683661322141,1.69
2012-11-26,0.3313428349805451,0.912
2012-11-27,0.25612364195042187,1.44
2012-11-28,0.22396774344205453,1.3
2012-11-29,0.14293571016638376,0.789
2012-11-30,0.12800334058459276,0.477
2012-12-01,0.138266633494312,0.385
2012-12-02,0.31325366035711655,0.403
2012-12-03,0.1428099585479262,1.0
2012-12-04,0.23677646683756426,0.612
2012-12-05,0.1341703414620252,0.539
2012-12-06,0.3695270031647133,0.761
2012-12-07,0.24965317709846263,1.82
2012-12-08,0.14640548585623683,0.751
2012-12-09,0.1298801148419976,0.514
2012-12-10,0.12334190364848208,0.36
2012-12-11,0.11560229123157856,0.312
2012-12-12,0.11037417516177571,0.287
2012-12-13,0.10675942636113268,0.274
2012-12-14,0.35230384596131525,1.32
2012-12-15,0.17558241808909916,0.734
2012-12-16,0.12841613040570524,0.507
2012-12-17,0.130552056368679,0.392
2012-12-18,0.11760962755632344,0.308
2012-12-19,0.5366257031006234,0.865
2012-12-20,0.5654286229649598,4.68
2012-12-21,0.4794042076767354,1.07
2012-12-22,0.6614366017533972,4.32
2012-12-23,0.5807850046673363,1.33
2012-12-24,0.471463666723823,1.87
2012-12-25,0.4108136924830221,1.51
2012-12-26,0.3925757441358445,0.884
2012-12-27,0.5517976145406626,1.0
2012-12-28,0.3226357036153855,1.17
2012-12-29,0.2992971707972333,0.603
2012-12-30,0.24416430929731814,0.357
2012-12-31,0.5172303784300477,1.01
2013-01-01,0.2731573959195851,0.636
2013-01-02,0.32934826792406885,0.496
2013-01-03,0.23898102634991314,0.421
2013-01-04,0.21438482884233231,0.337
2013-01-05,0.19890761965626005,0.29
2013-01-06,0.18727987566289042,0.261
2013-01-07,0.17649099281852781,0.238
2013-01-08,0.3490738534507264,0.299
2013-01-09,0.20655124916293732,0.454
2013-01-10,0.18822350886545833,0.328
2013-01-11,0.17805903684746488,0.314
2013-01-12,0.17152556995398302,0.288
2013-01-13,0.16780801559385822,0.247
2013-01-14,0.31390082211225245,0.283
2013-01-15,0.19786294729203227,0.245
2013-01-16,0.18013164870749412,0.22
2013-01-17,0.17399885340123383,0.208
2013-01-18,0.19715153956116763,0.227
2013-01-19,0.1745871839706541,0.219
2013-01-20,0.4452892000024559,0.229
2013-01-21,0.2294587488625944,0.228
2013-01-22,0.20245340432421113,0.222
2013-01-23,0.19252554583078657,0.239
2013-01-24,0.1854325630849432,0.275
2013-01-25,0.2748455879275752,0.318
2013-01-26,0.5375473475547362,2.29
2013-01-27,0.2688688176993748,2.54
2013-01-28,0.2862644198123274,0.76
2013-01-29,0.5251731441793236,0.757
2013-01-30,0.36624612272992435,1.13
2013-01-31,0.3623208137021339,0.502
2013-02-01,0.28701031885522793,0.429
2013-02-02,0.2543037855498047,0.283
2013-02-03,0.24128409393438613,0.265
2013-02-04,0.2912737985116991,0.252
2013-02-05,0.3499544489659052,0.3
2013-02-06,0.3023954759237562,0.28
2013-02-07,0.2477209129418489,0.254
2013-02-08,0.23714906001313277,0.199
2013-02-09,0.3540072279354813,0.221
2013-02-10,0.5284647797021433,0.642
2013-02-11,0.32600873552964305,0.755
2013-02-12,0.27591370729700115,0.425
2013-02-13,0.6054361059936502,0.478
2013-02-14,0.3877986332927315,1.52
2013-02-15,0.30844147537727207,0.55
2013-02-16,0.28244870458838767,0.382
2013-02-17,0.2646503825250509,0.29
2013-02-18,0.2506672824871496,0.24
2013-02-19,0.2392510887530103,0.212
2013-02-20,0.23034818472055416,0.178
2013-02-21,0.22341385769444433,0.17
2013-02-22,0.2180278833206886,0.183
2013-02-23,0.21420971887271564,0.18
2013-02-24,0.21307506428855028,0.171
2013-02-25,0.2091671398185547,0.167
2013-02-26,0.20602735788658605,0.172
2013-02-27,0.203866317789118,0.159
2013-02-28,0.20377778436701213,0.16
2013-03-01,0.201504738466992,0.142
2013-03-02,0.20048910361016073,0.167
2013-03-03,0.19971165614196512,0.165
2013-03-04,0.1990440793648731,0.159
2013-03-05,0.19845133494056447,0.163
2013-03-06,0.2090483049698255,0.173
2013-03-07,0.27204612610435386,0.222
2013-03-08,0.3066323654694289,0.306
2013-03-09,0.38557710986837296,0.328
2013-03-10,0.25947811388386127,0.908
2013-03-11,0.22427897622879162,0.486
2013-03-12,0.21720878993970133,0.329
2013-03-13,0.21385009657993406,0.264
2013-03-14,0.2826368030275371,0.254
2013-03-15,0.29425206438226204,0.306
2013-03-16,0.40261816918417187,0.678
2013-03-17,0.35825721772653046,1.2
2013-03-18,0.2642273914652414,0.729
2013-03-19,0.2458696048863976,0.425
2013-03-20,0.23550104765525773,0.304
2013-03-21,0.226494386981008,0.258
2013-03-22,0.2666974579627286,0.226
2013-03-23,0.4155038149943256,0.344
2013-03-24,0.2563385503803652,0.33
2013-03-25,0.23265734485917006,0.315
2013-03-26,0.22371452111091286,0.296
2013-03-27,0.2171768787324081,0.299
2013-03-28,0.21183677476445534,0.271
2013-03-29,0.2074617814876442,0.269
2013-03-30,0.20384419357010322,0.236
2013-03-31,0.20078810801072156,0.212
2013-04-01,0.19820570685628366,0.202
2013-04-02,0.1959887224754857,0.191
2013-04-03,0.19405348338762704,0.179
2013-04-04,0.19263369508441955,0.177
2013-04-05,0.19087304462777474,0.169
2013-04-06,0.18939590952896884,0.164
2013-04-07,0.18807791972667193,0.17
2013-04-08,0.1868412361203972,0.172
2013-04-09,0.18566603353795857,0.171
2013-04-10,0.30005796086361075,0.213
2013-04-11,0.22086744975136205,0.177
2013-04-12,0.3340986891422731,0.325
2013-04-13,0.2502678634287602,0.277
2013-04-14,0.197065467431863,0.246
2013-04-15,0.19021594562363173,0.203
2013-04-16,0.18694815587586763,0.167
2013-04-17,0.18429105771769086,0.166
2013-04-18,0.18360261127403896,0.204
2013-04-19,0.18076570681808538,0.16
2013-04-20,0.17812252866756242,0.145
2013-04-21,0.1763635852460126,0.153
2013-04-22,0.17478135108805903,0.147
2013-04-23,0.1732974932693329,0.142
2013-04-24,0.1723709819409344,0.139
2013-04-25,0.3027587692190755,0.194
2013-04-26,0.18653415617060534,0.187
2013-04-27,0.17546353166309303,0.15
2013-04-28,0.1723960171397348,0.145
2013-04-29,0.16984037780274264,0.137
2013-04-30,0.16782883030188894,0.119
2013-05-01,0.16601851847199955,0.128
2013-05-02,0.16434681814666405,0.128
2013-05-03,0.1627821782663297,0.13
2013-05-04,0.16142317220724237,0.13
2013-05-05,0.15989994184947678,0.125
2013-05-06,0.1585284772614783,0.125
2013-05-07,0.15747349928924914,0.127
2013-05-08,0.15595324844596986,0.125
2013-05-09,0.1552734754263768,0.125
2013-05-10,0.15454163654363573,0.12
2013-05-11,0.27790497769340144,0.206
2013-05-12,0.16758168569234191,0.14
2013-05-13,0.1586908258098334,0.14
2013-05-14,0.37628043801300387,0.285
2013-05-15,0.17825499556102134,0.173
2013-05-16,0.15912769531740498,0.119
2013-05-17,0.1547815613755655,0.126
2013-05-18,0.15183600831502886,0.124
2013-05-19,0.14954990635998716,0.126
2013-05-20,0.14713009959107495,0.122
2013-05-21,0.1451047139658108,0.119
2013-05-22,0.1587262972942613,0.161
2013-05-23,0.22867032069712692,0.168
2013-05-24,0.3296717186272098,0.45
2013-05-25,0.1659453453574166,0.202
2013-05-26,0.15089953839288545,0.154
2013-05-27,0.14976992533232084,0.17
2013-05-28,0.27945105421680816,0.28
2013-05-29,0.15912581587485378,0.193
2013-05-30,0.14539426878704306,0.163
2013-05-31,0.1413393810846717,0.14
2013-06-01,0.13849289571756493,0.128
2013-06-02,0.13606878170527437,0.124
2013-06-03,0.13394532564141767,0.117
2013-06-04,0.13205924087269375,0.115
2013-06-05,0.13036322011294582,0.112
2013-06-06,0.12881919040353926,0.109
2013-06-07,0.12739686932457528,0.105
2013-06-08,0.12607210802031618,0.107
2013-06-09,0.12482565500254421,0.108
2013-06-10,0.12364589445498135,0.107
2013-06-11,0.1225210310566054,0.107
2013-06-12,0.12165518855426434,0.085
2013-06-13,0.12056613953808454,0.109
2013-06-14,0.12174894303507412,0.13
2013-06-15,0.15055166857783375,0.155
2013-06-16,0.123525728027381,0.109
2013-06-17,0.12006268973482023,0.109
2013-06-18,0.11841728748469264,0.104
2013-06-19,0.116804547766257,0.103
2013-06-20,0.11893226381942702,0.132
2013-06-21,0.11716453630268636,0.111
2013-06-22,0.11414141290234477,0.123
2013-06-23,0.11333136467016547,0.108
2013-06-24,0.11091113858237434,0.112
2013-06-25,0.10979007324499582,0.107
2013-06-26,0.10889764995266484,0.105
2013-06-27,0.10966093489079264,0.109
2013-06-28,0.10975151799885033,0.122
2013-06-29,0.10616345694718558,0.108
2013-06-30,0.1050750480621665,0.108
2013-07-01,0.10417292067419423,0.106
2013-07-02,0.10694940932607844,0.117
2013-07-03,0.10268655586188603,0.115
2013-07-04,0.10159224847383046,0.101
2013-07-05,0.10072950725364323,0.101
2013-07-06,0.09989064306185082,0.101
2013-07-07,0.09906072312543852,0.094
2013-07-08,0.09823919386172067,0.091
2013-07-09,0.09742356315060788,0.091
2013-07-10,0.09661553935594716,0.097
2013-07-11,0.09581438642871104,0.094
2013-07-12,0.09501994050950113,0.097
2013-07-13,0.09423327407404584,0.097
2013-07-14,0.09345092011529942,0.097
2013-07-15,0.09267609455477295,0.108
2013-07-16,0.09190783962807582,0.083
2013-07-17,0.09127430241029574,0.101
2013-07-18,0.09039969226756767,0.086
2013-07-19,0.0896426778767398,0.099
2013-07-20,0.08890009756816439,0.096
2013-07-21,0.08816413132059799,0.097
2013-07-22,0.14399571652822823,0.125
2013-07-23,0.10079619979772368,0.162
2013-07-24,0.13741692562933522,0.139
2013-07-25,0.09852321002099437,0.129
2013-07-26,0.09341430877838683,0.1
2013-07-27,0.16817860323732195,0.186
2013-07-28,0.10153013045340277,0.111
2013-07-29,0.09628382257196773,0.12
2013-07-30,0.14071229592918522,0.165
2013-07-31,0.09796605100545638,0.111
2013-08-01,0.09313676066261933,0.114
2013-08-02,0.2656949055437512,0.325
2013-08-03,0.11176095756775874,0.171
2013-08-04,0.09505844022864743,0.113
2013-08-05,0.2036070974452796,0.175
2013-08-06,0.10331397386049997,0.114
2013-08-07,0.09309454660728451,0.111
2013-08-08,0.09087968709225691,0.105
2013-08-09,0.08773628897819032,0.121
2013-08-10,0.08493038020538451,0.105
2013-08-11,0.08309382795959867,0.104
2013-08-12,0.08159067896242365,0.102
2013-08-13,0.08029486003422204,0.079
2013-08-14,0.0794801104775821,0.102
2013-08-15,0.0812526335240441,0.106
2013-08-16,0.12309752151967905,0.143
2013-08-17,0.0846956753676397,0.114
2013-08-18,0.0804706673911291,0.12
2013-08-19,0.0788244282093784,0.12
2013-08-20,0.07755307737407002,0.114
2013-08-21,0.17399147365036974,0.141
2013-08-22,0.105397065256455,0.199
2013-08-23,0.0891582484719964,0.118
2013-08-24,0.2859607208536032,0.242
2013-08-25,0.10432281102711821,0.146
2013-08-26,0.08790356483915641,0.109
2013-08-27,0.08387869938953275,0.101
2013-08-28,0.08121800275705397,0.098
2013-08-29,0.07907328695701032,0.099
2013-08-30,0.07730163636664512,0.102
2013-08-31,0.07582457353505087,0.102
2013-09-01,0.07458266081885298,0.103
2013-09-02,0.07352810011898045,0.102
2013-09-03,0.07262288415787391,0.107
2013-09-04,0.07183707141079998,0.104
2013-09-05,0.07144223167254385,0.102
2013-09-06,0.07359468532658404,0.11
2013-09-07,0.0710506717677973,0.107
2013-09-08,0.07006877935866947,0.103
2013-09-09,0.07203321484709026,0.109
2013-09-10,0.07076465179705775,0.106
2013-09-11,0.07060018366038084,0.122
2013-09-12,0.17669342682636638,0.188
2013-09-13,0.4024808695786814,0.433
2013-09-14,0.17385393734830623,0.198
2013-09-15,0.10949237217063133,0.166
2013-09-16,0.08877357105013353,0.142
2013-09-17,0.0999677439946533,0.136
2013-09-18,0.08254527074125345,0.111
2013-09-19,0.0925728608518152,0.134
2013-09-20,0.07927534211656277,0.109
2013-09-21,0.07621808017199029,0.107
2013-09-22,0.07390007161488647,0.107
2013-09-23,0.07227955159310254,0.102
2013-09-24,0.07077015507179762,0.104
2013-09-25,0.0695967719696226,0.101
2013-09-26,0.0686217383177669,0.1
2013-09-27,0.0678016140891626,0.098
2013-09-28,0.06710184943389177,0.099
2013-09-29,0.06649849827656869,0.102
2013-09-30,0.0659711280068248,0.082
2013-10-01,0.06782020146510867,0.122
2013-10-02,0.06559497342806363,0.106
2013-10-03,0.08742221086393345,0.124
2013-10-04,0.06869272230319808,0.105
2013-10-05,0.06643303583538054,0.1
2013-10-06,0.06558854896227057,0.101
2013-10-07,0.06497140664128223,0.097
2013-10-08,0.06437627695017072,0.097
2013-10-09,0.06493850381014517,0.098
2013-10-10,0.1917661881704459,0.135
2013-10-11,0.27322430389294977,0.221
2013-10-12,0.4030142289680305,0.251
2013-10-13,0.30037189828341565,0.501
2013-10-14,0.11127921144693885,0.185
2013-10-15,0.08564588563877831,0.132
2013-10-16,0.15123660021322982,0.183
2013-10-17,0.0846601315226412,0.103
2013-10-18,0.07925526772058017,0.095
2013-10-19,0.11435250574113312,0.092
2013-10-20,0.3837151717597288,0.391
2013-10-21,0.11157235962350524,0.171
2013-10-22,0.27990753503549765,0.234
2013-10-23,0.1038897906382081,0.296
2013-10-24,0.08827591754232797,0.138
2013-10-25,0.08127418082225893,0.112
2013-10-26,0.13245252754605233,0.1
2013-10-27,0.41840670411214737,0.473
2013-10-28,0.21378514856658098,0.55
2013-10-29,0.10317973182231023,0.163
2013-10-30,0.09073282854706965,0.112
2013-10-31,0.08566226554957779,0.093
2013-11-01,0.08119598942164702,0.104
2013-11-02,0.07725936658381471,0.09
2013-11-03,0.402787439125104,0.328
2013-11-04,0.2798746609176842,0.374
2013-11-05,0.1559254444444191,0.296
2013-11-06,0.2970713937823381,0.464
2013-11-07,0.11383036199100706,0.379
2013-11-08,0.28530648694143057,0.4
2013-11-09,0.13279749096760257,0.333
2013-11-10,0.09936318619109276,0.197
2013-11-11,0.2654395136171811,0.215
2013-11-12,0.10912120844525237,0.387
2013-11-13,0.09483800082666544,0.235
2013-11-14,0.08790757670802116,0.167
2013-11-15,0.08422724238322946,0.121
2013-11-16,0.08153056389266485,0.102
2013-11-17,0.08020985014502449,0.1
2013-11-18,0.11150267040993202,0.123
2013-11-19,0.1009731341620397,0.103
2013-11-20,0.2639476284071656,0.329
2013-11-21,0.10147284582616618,0.32
2013-11-22,0.08685693287845181,0.2
2013-11-23,0.08548728047362653,0.153
2013-11-24,0.08144773179477928,0.134
2013-11-25,0.07936491343567323,0.118
2013-11-26,0.09490447875771868,0.105
2013-11-27,0.08005690056661782,0.123
2013-11-28,0.07779190533794275,0.101
2013-11-29,0.07670445559859099,0.102
2013-11-30,0.07578571171658396,0.109
2013-12-01,0.07506369705169315,0.097
2013-12-02,0.07449400586422948,0.09
2013-12-03,0.0743196997530694,0.081
2013-12-04,0.07408348525411536,0.084
2013-12-05,0.08669938536265251,0.097
2013-12-06,0.07567672507054599,0.082
2013-12-07,0.07395008974537848,0.083
2013-12-08,0.07340108690351282,0.081
2013-12-09,0.07321853753275145,0.076
2013-12-10,0.07290754486957592,0.076
2013-12-11,0.07263080184626323,0.076
2013-12-12,0.07260960562760443,0.073
2013-12-13,0.07277960082837277,0.075
2013-12-14,0.07238749883789473,0.069
2013-12-15,0.10511377606164994,0.096
2013-12-16,0.36216410692804535,0.406
2013-12-17,0.13684933059417212,0.657
2013-12-18,0.26361570771535203,0.556
2013-12-19,0.1769488883001255,0.617
2013-12-20,0.10482895474752633,0.399
2013-12-21,0.1801415103346984,0.319
2013-12-22,0.10333852509237149,0.426
2013-12-23,0.47733644052080904,1.59
2013-12-24,0.462766953341171,2.41
2013-12-25,0.21251022889832163,1.05
2013-12-26,0.1894666186790035,0.571
2013-12-27,0.13248532113590178,0.442
2013-12-28,0.11881858970118211,0.287
2013-12-29,0.11072623761964205,0.201
2013-12-30,0.2075791685192912,0.31
2013-12-31,0.23560245206303304,0.513
2014-01-01,0.33571646828370466,1.22
2014-01-02,0.3126330680932493,0.911
2014-01-03,0.3564369311894873,1.61
2014-01-04,0.21449139512271687,1.22
2014-01-05,0.23389154125876896,0.767
2014-01-06,0.3414914202877868,0.65
2014-01-07,0.2733676637581937,1.11
2014-01-08,0.2400510574899456,0.67
2014-01-09,0.15981747954294934,0.619
2014-01-10,0.2340343562974054,0.447
2014-01-11,0.14966152035773067,0.474
2014-01-12,0.17781214180786545,0.433
2014-01-13,0.2169743149109663,0.58
2014-01-14,0.27578355726771103,0.639
2014-01-15,0.18674196244655825,0.933
2014-01-16,0.2535910770528888,0.841
2014-01-17,0.15659759267373285,0.757
2014-01-18,0.29823099036401624,0.55
2014-01-19,0.16075697627002408,0.811
2014-01-20,0.1422420472536881,0.479
2014-01-21,0.2580967833779409,0.387
2014-01-22,0.151881155104554,0.62
2014-01-23,0.36361515277633055,1.26
2014-01-24,0.3716464266363432,0.969
2014-01-25,0.36659493434917684,1.85
2014-01-26,0.39719514536154754,1.78
2014-01-27,0.21942410384251143,0.947
2014-01-28,0.34068319269499964,0.59
2014-01-29,0.2846512113621721,0.629
2014-01-30,0.32142939029114975,0.779
2014-01-31,0.6838056885256815,2.16
2014-02-01,0.30868509185621046,2.28
2014-02-02,0.2442169093747855,0.729
2014-02-03,0.21876556840613978,0.502
2014-02-04,0.37446238359294753,0.472
2014-02-05,0.27199333333161385,0.544
2014-02-06,0.9863730519867759,3.13
2014-02-07,0.8320501312545601,5.8
2014-02-08,0.6791248112394447,1.76
2014-02-09,0.3897351380360232,0.776
2014-02-10,0.44576069703566873,0.538
2014-02-11,0.4315896283524204,0.572
2014-02-12,0.6918477494139732,1.28
2014-02-13,0.3867171476981118,0.795
2014-02-14,0.8167849511174764,1.57
2014-02-15,0.45907936616281286,0.976
2014-02-16,0.37330703081078787,0.564
2014-02-17,0.45245333216879713,0.464
2014-02-18,0.5507658412854908,0.719
2014-02-19,0.3683463253537033,0.588
2014-02-20,0.36452785550348804,0.519
2014-02-21,0.31442489331514417,0.372
2014-02-22,0.28965223146683994,0.29
2014-02-23,0.27133448249689424,0.257
2014-02-24,0.2973946867927809,0.253
2014-02-25,0.27138652724153617,0.251
2014-02-26,0.4018771097642994,0.217
2014-02-27,0.33566484894286863,0.426
2014-02-28,0.6550826613507075,1.97
2014-03-01,0.35731794373566506,0.952
2014-03-02,0.5286382111094828,0.729
2014-03-03,0.5274916895281042,1.17
2014-03-04,0.3685813192750126,0.694
2014-03-05,0.3333020386287319,0.407
2014-03-06,0.3120754868006038,0.333
2014-03-07,0.2959784085441452,0.264
2014-03-08,0.28334225584199946,0.231
2014-03-09,0.2735803432416175,0.206
2014-03-10,0.26604414131459236,0.174
2014-03-11,0.2602586911476249,0.161
2014-03-12,0.25585214664317224,0.163
2014-03-13,0.25258318837973937,0.16
2014-03-14,0.25001406821852157,0.16
2014-03-15,0.24814864194352937,0.159
2014-03-16,0.24678350147869033,0.156
2014-03-17,0.24579221625627237,0.157
2014-03-18,0.24520275751068676,0.15
2014-03-19,0.24458548686340856,0.141
2014-03-20,0.25949233967480206,0.17
2014-03-21,0.276723686107694,0.166
2014-03-22,0.2505235645836458,0.15
2014-03-23,0.2746386755803742,0.162
2014-03-24,0.25100700266784637,0.135
2014-03-25,0.24822028368814703,0.126
2014-03-26,0.27868217569423204,0.122
2014-03-27,0.25155963725165253,0.122
2014-03-28,0.24773168600225373,0.122
2014-03-29,0.24632215859577097,0.12
2014-03-30,0.24527387677419707,0.123
2014-03-31,0.2442851423130594,0.132
2014-04-01,0.24337878704301308,0.129
2014-04-02,0.24251711747487417,0.121
2014-04-03,0.24167360632079554,0.118
2014-04-04,0.2408364730241554,0.113
2014-04-05,0.24247988859437913,0.128
2014-04-06,0.24047300997908075,0.119
2014-04-07,0.29906548758865387,0.183
2014-04-08,0.24560466273864584,0.118
2014-04-09,0.2403386997055633,0.109
2014-04-10,0.23845830230811504,0.109
2014-04-11,0.23690890227227568,0.104
2014-04-12,0.23553093327795957,0.105
2014-04-13,0.2340645925664237,0.102
2014-04-14,0.23270357206077927,0.099
2014-04-15,0.23137250763388567,0.094
2014-04-16,0.23008905999272555,0.093
2014-04-17,0.22875031173724392,0.094
2014-04-18,0.2274353569969551,0.092
2014-04-19,0.22612197899374004,0.093
2014-04-20,0.2501681423272998,0.106
2014-04-21,0.22868180158479054,0.097
2014-04-22,0.22579054610153212,0.105
2014-04-23,0.22421116562608573,0.09
2014-04-24,0.22166745124168755,0.091
2014-04-25,0.23539166718815527,0.095
2014-04-26,0.221783978212814,0.101
2014-04-27,0.2186028359760628,0.095
2014-04-28,0.22726530908150983,0.096
2014-04-29,0.21900454856369278,0.134
2014-04-30,0.21535408878194454,0.098
2014-05-01,0.29241388921473255,0.227
2014-05-02,0.2210027962504287,0.102
2014-05-03,0.21343686810688967,0.097
2014-05-04,0.2104649810606555,0.093
2014-05-05,0.20902522082765645,0.101
2014-05-06,0.20636037478331282,0.082
2014-05-07,0.20410844088645264,0.085
2014-05-08,0.43913321815103085,0.265
2014-05-09,0.29097111016940114,0.136
2014-05-10,0.21906774149660982,0.126
2014-05-11,0.20852087112150533,0.107
2014-05-12,0.2505607779100831,0.24
2014-05-13,0.20937041718284893,0.148
2014-05-14,0.20122307857917965,0.103
2014-05-15,0.19763249586924814,0.095
2014-05-16,0.19469419855213063,0.096
2014-05-17,0.19207016946616068,0.097
2014-05-18,0.18968248733510373,0.098
2014-05-19,0.18752222497322044,0.09
2014-05-20,0.18546145033117864,0.087
2014-05-21,0.27314989025538555,0.143
2014-05-22,0.1960943332966236,0.105
2014-05-23,0.24684899575216196,0.095
2014-05-24,0.27944922146723916,0.284
2014-05-25,0.19698171847657137,0.106
2014-05-26,0.5130407223802188,0.486
2014-05-27,0.5411901916323638,0.626
2014-05-28,0.46395231985387814,0.451
2014-05-29,0.22930345222131554,0.22
2014-05-30,0.20378749666741822,0.141
2014-05-31,0.19070910038875033,0.122
2014-06-01,0.18515738086300668,0.113
2014-06-02,0.18227781896299142,0.117
2014-06-03,0.2473195170068564,0.133
2014-06-04,0.1856161622677222,0.11
2014-06-05,0.17572930441350246,0.104
2014-06-06,0.1724828805156939,0.112
2014-06-07,0.17547675306748706,0.17
2014-06-08,0.16677979757042283,0.1
2014-06-09,0.16524193429039793,0.096
2014-06-10,0.161967924372704,0.093
2014-06-11,0.15997375837731873,0.088
2014-06-12,0.15820110223840925,0.09
2014-06-13,0.15687866921651447,0.082
2014-06-14,0.1552434347062626,0.084
2014-06-15,0.15359542591127492,0.083
2014-06-16,0.1521664187926059,0.085
2014-06-17,0.15097213529816245,0.078
2014-06-18,0.14941075391546493,0.079
2014-06-19,0.14806952658790867,0.082
2014-06-20,0.14678510329670844,0.078
2014-06-21,0.14552519952262083,0.08
2014-06-22,0.1442828475002963,0.079
2014-06-23,0.14595445423275563,0.128
2014-06-24,0.14226446967154857,0.082
2014-06-25,0.14066366112474768,0.076
2014-06-26,0.14140259749306883,0.071
2014-06-27,0.1429688759115496,0.167
2014-06-28,0.1417629626845007,0.099
2014-06-29,0.14048268102090206,0.157
2014-06-30,0.13505258555820487,0.088
2014-07-01,0.13359774032402255,0.083
2014-07-02,0.13242683737862557,0.081
2014-07-03,0.1312775541081722,0.079
2014-07-04,0.13407956145192854,0.089
2014-07-05,0.13183240425702192,0.101
2014-07-06,0.12896969260392577,0.098
2014-07-07,0.12962899372966433,0.109
2014-07-08,0.12712163002550136,0.085
2014-07-09,0.12604367132975805,0.08
2014-07-10,0.46443987080503113,0.398
2014-07-11,0.41628627172498633,0.251
2014-07-12,0.44542938764116663,0.342
2014-07-13,0.301165692841857,0.259
2014-07-14,0.17079185038902236,0.116
2014-07-15,0.1496767165053333,0.097
2014-07-16,0.14042405679601028,0.09
2014-07-17,0.15623446602564292,0.104
2014-07-18,0.2803958710042211,0.297
2014-07-19,0.15084261492093448,0.17
2014-07-20,0.24845473559685607,0.236
2014-07-21,0.1464139834116689,0.12
2014-07-22,0.13455402586440735,0.094
2014-07-23,0.12963835681359034,0.086
2014-07-24,0.12589672694827708,0.083
2014-07-25,0.12325424668751583,0.081
2014-07-26,0.12020659455617638,0.078
2014-07-27,0.4342988751224014,0.192
2014-07-28,0.15846302468454992,0.173
2014-07-29,0.12956860626634217,0.088
2014-07-30,0.12406276086088709,0.084
2014-07-31,0.12064399795546095,0.085
2014-08-01,0.11989055037431534,0.08
2014-08-02,0.11567298085695338,0.08
2014-08-03,0.11339030798641128,0.078
2014-08-04,0.11162919731328154,0.076
2014-08-05,0.227194185147295,0.131
2014-08-06,0.12427647766184051,0.117
2014-08-07,0.11530446363595777,0.093
2014-08-08,0.48756815087957933,1.25
2014-08-09,0.45514226619019466,0.524
2014-08-10,0.48375292018505056,0.549
2014-08-11,0.33054359237464487,0.099
2014-08-12,0.16279643464382762,0.079
2014-08-13,0.1433154082894613,0.071
2014-08-14,0.3513929552360449,0.319
2014-08-15,0.15193709752308898,0.091
2014-08-16,0.1296236481174021,0.083
2014-08-17,0.12500995178019741,0.098
2014-08-18,0.12139735970882479,0.122
2014-08-19,0.1157121948278982,0.083
2014-08-20,0.1128184106111879,0.083
2014-08-21,0.1102584115935608,0.079
2014-08-22,0.11060855537299005,0.079
2014-08-23,0.10686502791464796,0.071
2014-08-24,0.10559066258169943,0.079
2014-08-25,0.4531580195383231,1.48
2014-08-26,0.43351382606955,0.714
2014-08-27,0.1657604395645515,0.157
2014-08-28,0.1272552336487047,0.11
2014-08-29,0.11795032982740633,0.085
2014-08-30,0.11356804096704111,0.094
2014-08-31,0.11045074525905,0.075
2014-09-01,0.1902239874204636,0.345
2014-09-02,0.11716007562549875,0.09
2014-09-03,0.10956136419564788,0.081
2014-09-04,0.10686312836376138,0.078
2014-09-05,0.10486825909464598,0.073
2014-09-06,0.10321973248280036,0.077
2014-09-07,0.1018250469324503,0.076
2014-09-08,0.10061768506458119,0.071
2014-09-09,0.09957710306728593,0.073
2014-09-10,0.09866226838053417,0.073
2014-09-11,0.09784604094708173,0.072
2014-09-12,0.0971093235526838,0.07
2014-09-13,0.09643415219501165,0.07
2014-09-14,0.09590676038336236,0.071
2014-09-15,0.09563809821917249,0.079
2014-09-16,0.09465532067840705,0.077
2014-09-17,0.0940772300319653,0.07
2014-09-18,0.21367221452380103,0.122
2014-09-19,0.11009565844339733,0.112
2014-09-20,0.10118622931140296,0.084
2014-09-21,0.09662824521261089,0.078
2014-09-22,0.09510778374289126,0.09
2014-09-23,0.13953212318143277,0.105
2014-09-24,0.09949948994341169,0.105
2014-09-25,0.09521628068408262,0.075
2014-09-26,0.09366598545792124,0.077
2014-09-27,0.0924602861976995,0.075
2014-09-28,0.09142882174936444,0.077
2014-09-29,0.09185862956201282,0.078
2014-09-30,0.08983353396538875,0.076
2014-10-01,0.08910038202086913,0.076
2014-10-02,0.08822576576988354,0.075
2014-10-03,0.08751803342053142,0.074
2014-10-04,0.18480554053729203,0.116
2014-10-05,0.09796639226967635,0.088
2014-10-06,0.17243016730584254,0.116
2014-10-07,0.10012358249528387,0.097
2014-10-08,0.2377101519606942,0.172
2014-10-09,0.11947082227326769,0.096
2014-10-10,0.10742944257596523,0.107
2014-10-11,0.09613715158435521,0.082
2014-10-12,0.4192333269791193,0.303
2014-10-13,0.4272630850482888,1.65
2014-10-14,0.20218637788706648,0.445
2014-10-15,0.3520302915231633,0.622
2014-10-16,0.13899040709247654,0.598
2014-10-17,0.11268164155266355,0.255
2014-10-18,0.17347312339142787,0.198
2014-10-19,0.10928800340401848,0.197
2014-10-20,0.10959525543058667,0.15
2014-10-21,0.10095545538333933,0.145
2014-10-22,0.09535685537245915,0.112
2014-10-23,0.09302210124439515,0.106
2014-10-24,0.09031885666103741,0.106
2014-10-25,0.0882953775752655,0.095
2014-10-26,0.08674217565480472,0.09
2014-10-27,0.08555834235266054,0.092
2014-10-28,0.08482263244081718,0.094
2014-10-29,0.12808069658148294,0.116
2014-10-30,0.08844256041318226,0.097
2014-10-31,0.08460945977927634,0.092
2014-11-01,0.09403920812476027,0.091
2014-11-02,0.16677340509126654,0.164
2014-11-03,0.13187607297179463,0.13
2014-11-04,0.09099658304513637,0.094
2014-11-05,0.08681961886778092,0.082
2014-11-06,0.15093496471024853,0.105
2014-11-07,0.09123445912961856,0.114
2014-11-08,0.32710163212043714,0.274
2014-11-09,0.11141178371645215,0.285
2014-11-10,0.09126022460237487,0.18
2014-11-11,0.08801453269655421,0.143
2014-11-12,0.08620420991800432,0.135
2014-11-13,0.15545775950910515,0.117
2014-11-14,0.20045263238050745,0.67
2014-11-15,0.09693927568211338,0.332
2014-11-16,0.4076837297423107,0.751
2014-11-17,0.20329597594974308,1.15
2014-11-18,0.11367365057300698,0.453
2014-11-19,0.09846423242276596,0.328
2014-11-20,0.09343217367040244,0.238
2014-11-21,0.16478699484570336,0.232
2014-11-22,0.42251170766583435,0.511
2014-11-23,0.47831303623092836,5.94
2014-11-24,0.3459105042068305,1.18
2014-11-25,0.46792391147509355,0.927
2014-11-26,0.2793907969652361,3.02
2014-11-27,0.16209989958277476,1.33
2014-11-28,0.13320732697614393,0.678
2014-11-29,0.11818549814676466,0.428
2014-11-30,0.11169635083054426,0.325
2014-12-01,0.10613209074174386,0.249
2014-12-02,0.1378866664592246,0.288
2014-12-03,0.10383387385653058,0.28
2014-12-04,0.12558426334081552,0.273
2014-12-05,0.09938604051559292,0.214
2014-12-06,0.0954346429530666,0.176
2014-12-07,0.09345219825908528,0.187
2014-12-08,0.09013600763611239,0.161
2014-12-09,0.12475365108392218,0.163
2014-12-10,0.09392820762294884,0.172
2014-12-11,0.3029376104056283,0.26
2014-12-12,0.12673905420947,0.563
2014-12-13,0.10443158415303043,0.335
2014-12-14,0.15091935122021746,0.302
2014-12-15,0.10504071669106323,0.279
2014-12-16,0.3879797158335687,0.834
2014-12-17,0.1434015199088522,1.17
2014-12-18,0.22090086750645532,0.613
2014-12-19,0.1278118781013323,0.623
2014-12-20,0.11487993209918541,0.375
2014-12-21,0.10869204770904284,0.291
2014-12-22,0.10404525999084745,0.25
2014-12-23,0.14030157431673218,0.229
2014-12-24,0.1043659052862172,0.208
2014-12-25,0.09898554549699283,0.157
2014-12-26,0.45130998142987605,1.85
2014-12-27,0.3851862123418349,1.66
2014-12-28,0.15066689212922063,0.625
2014-12-29,0.12026644382653794,0.381
2014-12-30,0.11275303361340447,0.297
2014-12-31,0.1082090192498953,0.255
2015-01-01,0.10607854294467252,0.26
2015-01-02,0.304789326485555,0.26
2015-01-03,0.3376351246223172,1.78
2015-01-04,0.15152851767184297,0.71
2015-01-05,0.12966830367880625,0.498
2015-01-06,0.15824197682889848,0.412
2015-01-07,0.16693481397601553,0.34
2015-01-08,0.4469238121645406,2.16
2015-01-09,0.17586982393821224,0.862
2015-01-10,0.1800083187424954,0.552
2015-01-11,0.14222640237809173,0.369
2015-01-12,0.4077925846207118,0.54
2015-01-13,0.2535807108800593,1.23
2015-01-14,0.29442876982287175,0.747
2015-01-15,0.17512325769913828,0.757
2015-01-16,0.15463397905664664,0.445
2015-01-17,0.18204026240706347,0.321
2015-01-18,0.1440580723434248,0.282
2015-01-19,0.13407330135487414,0.247
2015-01-20,0.12780011837515132,0.227
2015-01-21,0.12323975205043203,0.209
2015-01-22,0.11812485204494082,0.18
2015-01-23,0.2667757615556022,0.265
2015-01-24,0.13762973839826778,0.349
2015-01-25,0.12608788647794086,0.295
2015-01-26,0.1201409732992373,0.263
2015-01-27,0.11670372716217861,0.231
2015-01-28,0.17972877742159266,0.308
2015-01-29,0.33113309843599553,0.328
2015-01-30,0.15417109250813274,0.505
2015-01-31,0.27739314066721416,1.12
2015-02-01,0.15771830321489222,0.677
2015-02-02,0.1515880267615709,0.399
2015-02-03,0.17305142979605873,0.317
2015-02-04,0.15194698577609062,0.272
2015-02-05,0.13635348403499434,0.29
2015-02-06,0.13127734127985338,0.25
2015-02-07,0.12622469058358332,0.219
2015-02-08,0.1225929950040138,0.208
2015-02-09,0.1200005932053536,0.197
2015-02-10,0.11774234622557019,0.187
2015-02-11,0.11602726152859079,0.19
2015-02-12,0.11551082081807967,0.186
2015-02-13,0.1933892803721688,0.272
2015-02-14,0.1233582412054501,0.228
2015-02-15,0.11656779185807133,0.205
2015-02-16,0.2713944658369086,0.519
2015-02-17,0.1326387171900231,0.466
2015-02-18,0.12090137931348748,0.344
2015-02-19,0.36468181483475665,0.661
2015-02-20,0.15568719594828234,0.918
2015-02-21,0.13432149900200324,0.503
2015-02-22,0.29603977577411494,0.751
2015-02-23,0.15599020350315884,0.667
2015-02-24,0.17924457712161443,0.382
2015-02-25,0.1439360743896664,0.317
2015-02-26,0.2694865265510626,0.702
2015-02-27,0.1550100538456002,0.475
2015-02-28,0.16998977563320455,0.438
2015-03-01,0.14351864517634524,0.343
2015-03-02,0.13669379241398258,0.243
2015-03-03,0.1307062596367855,0.205
2015-03-04,0.12679512724505787,0.172
2015-03-05,0.12360051052734447,0.162
2015-03-06,0.12109729520477254,0.162
2015-03-07,0.11906645739169025,0.162
2015-03-08,0.11743909253394126,0.152
2015-03-09,0.11603855657691141,0.146
2015-03-10,0.1148940522332177,0.137
2015-03-11,0.11419992257876814,0.137
2015-03-12,0.1131245013473201,0.137
2015-03-13,0.11234830302769871,0.133
2015-03-14,0.11170754412894425,0.13
2015-03-15,0.11113832407617637,0.129
2015-03-16,0.22873057654900664,0.185
2015-03-17,0.13699486682492323,0.231
2015-03-18,0.1177722676145642,0.143
2015-03-19,0.11482700824951018,0.139
2015-03-20,0.11330998911509128,0.131
2015-03-21,0.11229790076902207,0.128
2015-03-22,0.11093041120260956,0.126
2015-03-23,0.1099383189370643,0.125
2015-03-24,0.10951421959438375,0.122
2015-03-25,0.17273258626365764,0.132
2015-03-26,0.11595718167521793,0.179
2015-03-27,0.11079733643440591,0.124
2015-03-28,0.13850506755324912,0.122
2015-03-29,0.1145026259494579,0.214
2015-03-30,0.1558995803903352,0.178
2015-03-31,0.11516447028791682,0.148
2015-04-01,0.29419935286467436,0.341
2015-04-02,0.14737776403569058,0.375
2015-04-03,0.11950491702910862,0.292
2015-04-04,0.11376916940788785,0.23
2015-04-05,0.11087908817629669,0.188
2015-04-06,0.10877325868399762,0.163
2015-04-07,0.10702697411504696,0.147
2015-04-08,0.10554596144866844,0.142
2015-04-09,0.10426615068868918,0.141
2015-04-10,0.10315470223023436,0.144
2015-04-11,0.10317375487566481,0.141
2015-04-12,0.10242137867323901,0.136
2015-04-13,0.10051112935059073,0.127
2015-04-14,0.09967367273087006,0.124
2015-04-15,0.09895527862351973,0.124
2015-04-16,0.09827971566722765,0.12
2015-04-17,0.0976332296996894,0.105
2015-04-18,0.09700860895486972,0.102
2015-04-19,0.09640176701243543,0.102
2015-04-20,0.0958062095268306,0.099
2015-04-21,0.09522135997612484,0.098
2015-04-22,0.09464273789641224,0.096
2015-04-23,0.09407029492089582,0.102
2015-04-24,0.0953645789660922,0.103
2015-04-25,0.34505703453166725,0.261
2015-04-26,0.12384519120171637,0.157
2015-04-27,0.1028647509602694,0.117
2015-04-28,0.0992948549066164,0.108
2015-04-29,0.11228943541942617,0.145
2015-04-30,0.09977479924814904,0.107
2015-05-01,0.09671508009191954,0.103
2015-05-02,0.09751633156043239,0.101
2015-05-03,0.1001143742007388,0.145
2015-05-04,0.2519400641567318,0.265
2015-05-05,0.11103278930929546,0.161
2015-05-06,0.09852077117485372,0.126
2015-05-07,0.09509671502593851,0.108
2015-05-08,0.09373169346083048,0.106
2015-05-09,0.0914832567801282,0.086
2015-05-10,0.08987386560227191,0.102
2015-05-11,0.08914145102860076,0.117
2015-05-12,0.08772550236012604,0.103
2015-05-13,0.08668634902525288,0.106
2015-05-14,0.23017004412672265,0.199
2015-05-15,0.10219722512571741,0.109
2015-05-16,0.09134813681722731,0.098
2015-05-17,0.0915630406105652,0.1
2015-05-18,0.2122223942344503,0.33
2015-05-19,0.11500289848819704,0.181
2015-05-20,0.09679259765211894,0.125
2015-05-21,0.09161066534223058,0.102
2015-05-22,0.08913102730223639,0.098
2015-05-23,0.08718068493538123,0.094
2015-05-24,0.08564845992954807,0.094
2015-05-25,0.08417472577723377,0.092
2015-05-26,0.08298147248332995,0.091
2015-05-27,0.0819642955445243,0.088
2015-05-28,0.08104404212866971,0.087
2015-05-29,0.10662945853926195,0.112
2015-05-30,0.08821839112016912,0.097
2015-05-31,0.08392084656654814,0.115
2015-06-01,0.08199817322401595,0.094
2015-06-02,0.08002763530020277,0.088
2015-06-03,0.07888388970960837,0.088
2015-06-04,0.0787342048295937,0.088
2015-06-05,0.07738459388383256,0.087
2015-06-06,0.07664371060293602,0.086
2015-06-07,0.07602088793058875,0.086
2015-06-08,0.07547587272038929,0.086
2015-06-09,0.07490830964399083,0.086
2015-06-10,0.07439156250399281,0.085
2015-06-11,0.0738993398642701,0.085
2015-06-12,0.19308210190887953,0.125
2015-06-13,0.09093295711591351,0.131
2015-06-14,0.07979356760313477,0.091
2015-06-15,0.0774303067306352,0.089
2015-06-16,0.07597871486644338,0.086
2015-06-17,0.07581697933925498,0.07
2015-06-18,0.07384718788618565,0.087
2015-06-19,0.07286015372858239,0.088
2015-06-20,0.0758512727046533,0.133
2015-06-21,0.07162612312226786,0.093
2015-06-22,0.07508701668603811,0.125
2015-06-23,0.07043200619960413,0.093
2015-06-24,0.06960846655116226,0.092
2015-06-25,0.0690819841850901,0.083
2015-06-26,0.06864978100560927,0.081
2015-06-27,0.06814989015932128,0.079
2015-06-28,0.06919212688270594,0.083
2015-06-29,0.06738446842186575,0.078
2015-06-30,0.0668855335784914,0.078
2015-07-01,0.06646829908186973,0.08
2015-07-02,0.06610205095984625,0.079
2015-07-03,0.13751429482748545,0.108
2015-07-04,0.07677338087272038,0.085
2015-07-05,0.07457968241737326,0.107
2015-07-06,0.06954986598019042,0.08
2015-07-07,0.06899611568745934,0.083
2015-07-08,0.06815894941779793,0.085
2015-07-09,0.06606179435859565,0.081
2015-07-10,0.06521042126740952,0.079
2015-07-11,0.0656099110979213,0.09
2015-07-12,0.1630973663151459,0.27
2015-07-13,0.07805622253030838,0.111
2015-07-14,0.07224487064556584,0.091
2015-07-15,0.06772154928673794,0.087
2015-07-16,0.06777439174989457,0.084
2015-07-17,0.06506436163476927,0.084
2015-07-18,0.06524629903759675,0.084
2015-07-19,0.0632437004021138,0.086
2015-07-20,0.06243617256479379,0.079
2015-07-21,0.06179733459405935,0.077
2015-07-22,0.06170690176661546,0.074
2015-07-23,0.060764142819253075,0.074
2015-07-24,0.430474199921148,0.804
2015-07-25,0.3990662467906796,0.183
2015-07-26,0.4104188310291702,0.218
2015-07-27,0.1253884955687502,0.12
2015-07-28,0.09832939036471859,0.104
2015-07-29,0.08272389930152019,0.089
2015-07-30,0.07836030165724059,0.087
2015-07-31,0.0741066030478852,0.067
2015-08-01,0.0712185283996303,0.078
2015-08-02,0.06893003216907724,0.082
2015-08-03,0.06708576242143463,0.097
2015-08-04,0.0655929253561639,0.082
2015-08-05,0.06660964021291231,0.1
2015-08-06,0.06354516634327788,0.088
2015-08-07,0.06258499185845937,0.083
2015-08-08,0.061898453149053866,0.082
2015-08-09,0.061332530528714395,0.078
2015-08-10,0.06085480596441706,0.078
2015-08-11,0.06105839686801879,0.078
2015-08-12,0.06018216999490887,0.072
2015-08-13,0.2620374178821317,0.164
2015-08-14,0.08686143470778067,0.124
2015-08-15,0.06919023127973256,0.085
2015-08-16,0.06625948186571674,0.079
2015-08-17,0.06637307757991523,0.078
2015-08-18,0.19422607694170005,0.174
2015-08-19,0.08106850100122064,0.102
2015-08-20,0.06857355658768567,0.094
2015-08-21,0.06595703657297644,0.081
2015-08-22,0.06439044751973143,0.078
2015-08-23,0.1333799867383875,0.132
2015-08-24,0.29100722966557935,0.231
2015-08-25,0.09489449235053596,0.096
2015-08-26,0.4335727455903843,1.6
2015-08-27,0.4108701774180421,0.3
2015-08-28,0.29370672745036586,0.139
2015-08-29,0.11540005228267441,0.117
2015-08-30,0.21693155059309402,0.14
2015-08-31,0.4383797659285435,0.53
2015-09-01,0.14371030862161144,0.241
2015-09-02,0.10524235983809328,0.14
2015-09-03,0.09518446208154417,0.121
2015-09-04,0.08815880066222151,0.104
2015-09-05,0.08308682221194785,0.1
2015-09-06,0.07916598383095103,0.101
2015-09-07,0.07619185249638062,0.097
2015-09-08,0.07367002220881397,0.092
2015-09-09,0.0717098601518877,0.086
2015-09-10,0.07018344840281802,0.086
2015-09-11,0.06959522187936776,0.086
2015-09-12,0.06808869199526753,0.086
2015-09-13,0.07042019212762395,0.104
2015-09-14,0.06759305875404018,0.098
2015-09-15,0.2747840469050194,0.38
2015-09-16,0.42873319840407137,1.19
2015-09-17,0.3911937669862317,0.438
2015-09-18,0.20816450509424725,0.375
2015-09-19,0.11022540582801035,0.185
2015-09-20,0.09155794340090251,0.132
2015-09-21,0.19883786407692602,0.206
2015-09-22,0.12322296584387454,0.363
2015-09-23,0.10172721634467473,0.25
2015-09-24,0.08842330237575119,0.164
2015-09-25,0.08388153997993278,0.127
2015-09-26,0.08077479574972762,0.102
2015-09-27,0.07834534681265172,0.1
2015-09-28,0.07642636512894704,0.093
2015-09-29,0.07491101648250531,0.09
2015-09-30,0.07375152554210872,0.092
2015-10-01,0.07276578691419758,0.085
2015-10-02,0.07201686626230057,0.085
2015-10-03,0.07141180852370953,0.087
2015-10-04,0.0709325263584526,0.088
2015-10-05,0.26924221791863034,0.187
2015-10-06,0.20923471697863688,0.33
2015-10-07,0.09228574151986747,0.227
2015-10-08,0.08161585248858068,0.131
2015-10-09,0.07881523532265754,0.105
2015-10-10,0.07695661012674813,0.097
2015-10-11,0.07549480448112367,0.094
2015-10-12,0.07503114881871228,0.096
2015-10-13,0.07343253727657893,0.088
2015-10-14,0.07442006723950015,0.088
2015-10-15,0.07278522731438128,0.085
2015-10-16,0.07153694313607899,0.085
2015-10-17,0.0711131738934789,0.085
2015-10-18,0.07076928044441662,0.088
2015-10-19,0.07039296887649414,0.085
2015-10-20,0.1738553514723068,0.078
2015-10-21,0.09757342561637236,0.161
2015-10-22,0.07683505023916283,0.095
2015-10-23,0.07418189043867404,0.102
2015-10-24,0.09744751935240036,0.091
2015-10-25,0.07566745868293864,0.087
2015-10-26,0.07324865482604044,0.084
2015-10-27,0.25465384791518214,0.086
2015-10-28,0.17260886058817934,0.451
2015-10-29,0.09930005155442348,0.172
2015-10-30,0.0824508030867291,0.168
2015-10-31,0.0780490462900908,0.131
2015-11-01,0.07623614222612907,0.115
2015-11-02,0.07440193586403142,0.103
2015-11-03,0.23095985686009604,0.106
2015-11-04,0.19541832105499815,0.595
2015-11-05,0.1635678299964157,0.446
2015-11-06,0.1486732556364605,0.34
2015-11-07,0.16187192142955353,0.549
2015-11-08,0.08909803446830715,0.355
2015-11-09,0.08127935476537036,0.225
2015-11-10,0.07987868379158261,0.184
2015-11-11,0.07645609632312425,0.16
2015-11-12,0.07538075443682724,0.133
2015-11-13,0.07464726508039951,0.144
2015-11-14,0.17520798806409282,0.205
2015-11-15,0.0827106670244574,0.182
2015-11-16,0.3658498017276207,0.54
2015-11-17,0.17324191911593667,1.52
2015-11-18,0.09276874398365732,0.531
2015-11-19,0.08596072629549059,0.302
2015-11-20,0.20110780356561683,0.23
2015-11-21,0.11798212599275953,0.402
2015-11-22,0.08673500095163794,0.29
2015-11-23,0.38004380497346935,0.438
2015-11-24,0.1586965577374069,1.36
2015-11-25,0.09814691080238191,0.581
2015-11-26,0.08985710327589069,0.342
2015-11-27,0.13181015161794696,0.316
2015-11-28,0.08946754012702199,0.28
2015-11-29,0.2579640457469356,0.316
2015-11-30,0.26681018318712857,0.895
2015-12-01,0.10761309597704817,1.01
2015-12-02,0.09214667135561609,0.473
2015-12-03,0.16680801415221722,0.457
2015-12-04,0.09412481125020959,0.454
2015-12-05,0.08582188434611765,0.33
2015-12-06,0.08381328733232951,0.247
2015-12-07,0.0816122848938366,0.204
2015-12-08,0.0789518320706046,0.193
2015-12-09,0.0768589450067231,0.156
2015-12-10,0.20817451212607255,0.215
2015-12-11,0.15264143044920186,0.51
2015-12-12,0.29949314881187467,0.732
2015-12-13,0.12677670741866703,1.07
2015-12-14,0.11802533507802311,0.575
2015-12-15,0.2095420158808787,0.67
2015-12-16,0.10564104224077486,0.757
2015-12-17,0.09375028319934132,0.451
2015-12-18,0.08912750551628802,0.309
2015-12-19,0.0857820197376689,0.266
2015-12-20,0.08323044310690889,0.221
2015-12-21,0.10726376163199172,0.207
2015-12-22,0.25528329913014175,0.561
2015-12-23,0.0999244528299465,0.578
2015-12-24,0.1600585715757573,0.421
2015-12-25,0.13712556792883987,0.379
2015-12-26,0.19637249772467874,0.382
2015-12-27,0.15573785658454353,0.899
2015-12-28,0.10424015176385452,0.559
2015-12-29,0.09577210552399122,0.344
2015-12-30,0.2543624106411093,0.5
2015-12-31,0.21355032678537925,0.834
2016-01-01,0.17512409689034336,0.673
2016-01-02,0.23584725736660364,0.945
2016-01-03,0.4144837818465239,2.52
2016-01-04,0.1745811727440678,1.05
2016-01-05,0.13212306043653893,0.608
2016-01-06,0.44868196908768926,0.548
2016-01-07,0.2216039471730816,2.57
2016-01-08,0.14615345861260812,0.771
2016-01-09,0.22951646786495805,0.654
2016-01-10,0.548424352832775,1.51
2016-01-11,0.3567356288494362,3.81
2016-01-12,0.18063134786432747,0.838
2016-01-13,0.20895956269919494,0.515
2016-01-14,0.18233489907873804,0.512
2016-01-15,0.143114805560807,0.371
2016-01-16,0.13114413746617617,0.288
2016-01-17,0.12292442498457601,0.264
2016-01-18,0.11658220074786502,0.226
2016-01-19,0.1118926093307882,0.221
2016-01-20,0.10776006311025003,0.187
2016-01-21,0.10518828202839127,0.179
2016-01-22,0.2471783911627299,0.281
2016-01-23,0.18050804325463385,0.27
2016-01-24,0.1267490111077204,0.324
2016-01-25,0.11760827367355281,0.302
2016-01-26,0.11329287169702106,0.269
2016-01-27,0.11294408204273698,0.245
2016-01-28,0.10713459554143115,0.188
2016-01-29,0.22480965347381648,0.213
2016-01-30,0.12383659344738088,0.227
2016-01-31,0.16760765044417839,0.248
2016-02-01,0.12055540747234013,0.213
2016-02-02,0.11386497171059293,0.188
2016-02-03,0.11984251926828875,0.162
2016-02-04,0.12435848574874049,0.171
2016-02-05,0.1143199528063702,0.177
2016-02-06,0.13275468870475884,0.226
2016-02-07,0.16897306594466183,0.222
2016-02-08,0.11889335542582619,0.199
2016-02-09,0.11315701468257906,0.17
2016-02-10,0.10988300917429838,0.138
2016-02-11,0.10766771902836421,0.137
2016-02-12,0.10622713170092142,0.141
2016-02-13,0.11216516953868495,0.148
2016-02-14,0.11246982509489031,0.138
2016-02-15,0.1063788095106613,0.141
2016-02-16,0.1044229871791283,0.12
2016-02-17,0.24357291096306935,0.223
2016-02-18,0.11788141356275164,0.248
2016-02-19,0.10870251476347312,0.212
2016-02-20,0.10704971995083996,0.201
2016-02-21,0.14985985531037374,0.21
2016-02-22,0.11049368585393189,0.214
2016-02-23,0.10608602087732151,0.175
2016-02-24,0.10451787669712326,0.159
2016-02-25,0.10330764850767495,0.135
2016-02-26,0.10232685966137609,0.161
2016-02-27,0.10149345486054745,0.147
2016-02-28,0.10082101010885228,0.127
2016-02-29,0.10543422002540524,0.123
2016-03-01,0.27337157153285907,0.309
2016-03-02,0.2976386530295631,0.849
2016-03-03,0.2875974330266743,0.916
2016-03-04,0.14247598028443934,0.889
2016-03-05,0.18571766127223968,0.562
2016-03-06,0.13611582815729206,0.488
2016-03-07,0.1234306742848213,0.375
2016-03-08,0.4050177780805867,0.481
2016-03-09,0.21526814073662254,1.99
2016-03-10,0.14867489749758386,0.69
2016-03-11,0.13584045234929115,0.416
2016-03-12,0.12851267526106375,0.311
2016-03-13,0.12238071804274063,0.253
2016-03-14,0.11767942701073654,0.224
2016-03-15,0.11394910079636977,0.201
2016-03-16,0.11089606305860882,0.181
2016-03-17,0.10845160402919347,0.169
2016-03-18,0.10651269359338446,0.16
2016-03-19,0.10493249442828416,0.155
2016-03-20,0.10346694320979724,0.152
2016-03-21,0.10233309444917257,0.147
2016-03-22,0.1013807331906276,0.135
2016-03-23,0.10056739996193852,0.13
2016-03-24,0.2754786524175506,0.267
2016-03-25,0.11827313235174798,0.189
2016-03-26,0.19477531979127877,0.295
2016-03-27,0.4285833017145112,1.12
2016-03-28,0.2315414206523195,1.64
2016-03-29,0.217389412494808,0.568
2016-03-30,0.1347122398951266,0.377
2016-03-31,0.13061619169975233,0.3
2016-04-01,0.11825570204308831,0.241
2016-04-02,0.1192070056489919,0.226
2016-04-03,0.19135085683858216,0.277
2016-04-04,0.1243234027908018,0.216
2016-04-05,0.11545021083857511,0.179
2016-04-06,0.1120075006741324,0.173
2016-04-07,0.12541965632431043,0.244
2016-04-08,0.1107096955667022,0.193
2016-04-09,0.10689371315375777,0.184
2016-04-10,0.1038808134703639,0.163
2016-04-11,0.3614941049138888,0.251
2016-04-12,0.22879164706105867,0.878
2016-04-13,0.13108429857511913,0.425
2016-04-14,0.334016190192376,0.358
2016-04-15,0.562478647865418,1.95
2016-04-16,0.24046065033162012,1.11
2016-04-17,0.17284739518148362,0.536
2016-04-18,0.1556217026355348,0.338
2016-04-19,0.1442658598374471,0.25
2016-04-20,0.13535866752384695,0.192
2016-04-21,0.12826066489569463,0.184
2016-04-22,0.12404575766060925,0.183
2016-04-23,0.11973549162036791,0.175
2016-04-24,0.11486170181683461,0.158
2016-04-25,0.1360610645099431,0.184
2016-04-26,0.11617723279769523,0.163
2016-04-27,0.1114621014097583,0.161
2016-04-28,0.14331728940778646,0.199
2016-04-29,0.11219437498857018,0.153
2016-04-30,0.10798957726357565,0.133
2016-05-01,0.1062633519633961,0.123
2016-05-02,0.14139304749109433,0.162
2016-05-03,0.10996436982711996,0.127
2016-05-04,0.10628509815266332,0.119
2016-05-05,0.10475395503386178,0.117
2016-05-06,0.10358557572831414,0.117
2016-05-07,0.10261123357517497,0.153
2016-05-08,0.10178369228168806,0.161
2016-05-09,0.10318176195897226,0.16
2016-05-10,0.29462856413268834,0.334
2016-05-11,0.12472669319238333,0.184
2016-05-12,0.10834821976959084,0.112
2016-05-13,0.10542500284139829,0.113
2016-05-14,0.10372952227839817,0.12
2016-05-15,0.10236016564164313,0.116
2016-05-16,0.10120421523509235,0.122
2016-05-17,0.10021501694361697,0.128
2016-05-18,0.13173462748641962,0.145
2016-05-19,0.10483029081054367,0.108
2016-05-20,0.10156325747645654,0.101
2016-05-21,0.10033645789244243,0.099
2016-05-22,0.10329507823225932,0.116
2016-05-23,0.09842753996058215,0.101
2016-05-24,0.0973217416561055,0.092
2016-05-25,0.09661066566346246,0.095
2016-05-26,0.09582861527974947,0.096
2016-05-27,0.09519225226114604,0.093
2016-05-28,0.09460354926884265,0.093
2016-05-29,0.0940465196152982,0.091
2016-05-30,0.42672695168315244,0.286
2016-05-31,0.44168923914103264,0.546
2016-06-01,0.25430798540046207,0.175
2016-06-02,0.13403921686064635,0.138
2016-06-03,0.11325320628734746,0.122
2016-06-04,0.10800587340376784,0.114
2016-06-05,0.10454976678000864,0.106
2016-06-06,0.10176873308244701,0.1
2016-06-07,0.10390214421838442,0.135
2016-06-08,0.09811730851201471,0.103
2016-06-09,0.09603607433109468,0.097
2016-06-10,0.09468520851617328,0.093
2016-06-11,0.09583579158761668,0.1
2016-06-12,0.09457483559640732,0.103
2016-06-13,0.19358510027340972,0.202
2016-06-14,0.27359535708164084,0.277
2016-06-15,0.11823589493141307,0.204
2016-06-16,0.1197923395261916,0.207
2016-06-17,0.15208602170550498,0.176
2016-06-18,0.10735401804669421,0.112
2016-06-19,0.21707167516523412,0.133
2016-06-20,0.4228688663698165,1.34
2016-06-21,0.14160533591970198,0.328
2016-06-22,0.4289772285414638,0.538
2016-06-23,0.4654155120625814,1.66
2016-06-24,0.16521403555647662,0.545
2016-06-25,0.4295258304078471,3.49
2016-06-26,0.16588475894747298,0.92
2016-06-27,0.1281112432138638,0.394
2016-06-28,0.12354763276714563,0.283
2016-06-29,0.11369022130282357,0.212
2016-06-30,0.10865306996740441,0.169
2016-07-01,0.1044064018006634,0.144
2016-07-02,0.10182881931298143,0.13
2016-07-03,0.09874743304881822,0.12
2016-07-04,0.09668252150013679,0.115
2016-07-05,0.09503024986531673,0.109
2016-07-06,0.09367476187824636,0.105
2016-07-07,0.09260092834226491,0.103
2016-07-08,0.09164737982885604,0.106
2016-07-09,0.09086363105536747,0.107
2016-07-10,0.09017874779677167,0.108
2016-07-11,0.09123337621959839,0.094
2016-07-12,0.27833802474557845,0.143
2016-07-13,0.11035057198500989,0.11
2016-07-14,0.09671973541277558,0.096
2016-07-15,0.09407833690133283,0.094
2016-07-16,0.09248936159717316,0.094
2016-07-17,0.09120158116810578,0.093
2016-07-18,0.0901200686654379,0.088
2016-07-19,0.0892033775328235,0.088
2016-07-20,0.08882509850233893,0.086
2016-07-21,0.08786099623980334,0.081
2016-07-22,0.08709214793333632,0.08
2016-07-23,0.08651892796330615,0.08
2016-07-24,0.0860315279675838,0.08
2016-07-25,0.08552438312706503,0.077
2016-07-26,0.08604297353477929,0.078
2016-07-27,0.08530157994454067,0.079
2016-07-28,0.08578371905821452,0.072
2016-07-29,0.0886396692526062,0.11
2016-07-30,0.08373911973790511,0.09
2016-07-31,0.08303848769725637,0.079
2016-08-01,0.24942940944310765,0.165
2016-08-02,0.10530843562280529,0.127
2016-08-03,0.0905695255814102,0.088
2016-08-04,0.08839722123719464,0.084
2016-08-05,0.08629143195047644,0.081
2016-08-06,0.08491745585575919,0.077
2016-08-07,0.08379136131830027,0.097
2016-08-08,0.08282685606603739,0.079
2016-08-09,0.0824618127278894,0.076
2016-08-10,0.08245029751344352,0.074
2016-08-11,0.08082953584507047,0.077
2016-08-12,0.07992941736245673,0.078
2016-08-13,0.07933620266037346,0.073
2016-08-14,0.0787983941644306,0.073
2016-08-15,0.07829054855114954,0.074
2016-08-16,0.07780599174942514,0.074
2016-08-17,0.07734155627820608,0.075
2016-08-18,0.0769947350067458,0.074
2016-08-19,0.07868667460721622,0.078
2016-08-20,0.07817975312424778,0.077
2016-08-21,0.11027383100060625,0.109
2016-08-22,0.08226542186372955,0.083
2016-08-23,0.07907362305137212,0.078
2016-08-24,0.0783311474454286,0.079
2016-08-25,0.0769341471368564,0.078
2016-08-26,0.07582278728850933,0.076
2016-08-27,0.07500651576856734,0.076
2016-08-28,0.387527544988829,0.371
2016-08-29,0.1144814388386414,0.109
2016-08-30,0.0871834438875591,0.093
2016-08-31,0.08283175408083368,0.081
2016-09-01,0.08035414374618781,0.077
2016-09-02,0.07865177683778736,0.075
2016-09-03,0.1494764001511625,0.154
2016-09-04,0.08725844969835013,0.094
2016-09-05,0.07985781202195913,0.09
2016-09-06,0.07729824956995893,0.073
2016-09-07,0.07565691035158865,0.077
2016-09-08,0.07430781513456582,0.075
2016-09-09,0.07375056247014757,0.073
2016-09-10,0.07618877602577535,0.102
2016-09-11,0.07165878339479897,0.083
2016-09-12,0.07066873691567756,0.076
2016-09-13,0.07000562910936625,0.093
2016-09-14,0.06942682844314575,0.091
2016-09-15,0.297668876593238,0.127
2016-09-16,0.42558014302749364,0.618
2016-09-17,0.3065647316883297,0.133
2016-09-18,0.11573910513469636,0.099
2016-09-19,0.09059245512750154,0.089
2016-09-20,0.08469470553347411,0.099
2016-09-21,0.08113492181031703,0.08
2016-09-22,0.07824606849142707,0.078
2016-09-23,0.07595745079462934,0.077
2016-09-24,0.07451369466174139,0.076
2016-09-25,0.07262875932151469,0.077
2016-09-26,0.07280339910874438,0.057
2016-09-27,0.07042108037361981,0.089
2016-09-28,0.06969831248992635,0.074
2016-09-29,0.06906185437289863,0.075
2016-09-30,0.0682521417417114,0.073
2016-10-01,0.15234602388914026,0.099
2016-10-02,0.07732886137083937,0.081
2016-10-03,0.07097149837192601,0.072
2016-10-04,0.0694667160454731,0.071
2016-10-05,0.06847784396372016,0.069
2016-10-06,0.06777288176048066,0.074
2016-10-07,0.06823109657234262,0.076
2016-10-08,0.06665948395242242,0.074
2016-10-09,0.06604690079653347,0.074
2016-10-10,0.06592576993870798,0.07
2016-10-11,0.06569959593031441,0.076
2016-10-12,0.06614252812994624,0.096
2016-10-13,0.06475231522784639,0.071
2016-10-14,0.06393317309817517,0.069
2016-10-15,0.19137854022474782,0.126
2016-10-16,0.07925065353258853,0.119
2016-10-17,0.07026478955673306,0.077
2016-10-18,0.08568132237986474,0.086
2016-10-19,0.07026752655816079,0.086
2016-10-20,0.06802242614639227,0.082
2016-10-21,0.06625950228193501,0.088
2016-10-22,0.06475514513829442,0.075
2016-10-23,0.06391401380401068,0.074
2016-10-24,0.0632527559840998,0.073
2016-10-25,0.06294079514536596,0.073
2016-10-26,0.06221124595617308,0.072
2016-10-27,0.06172920581362769,0.071
2016-10-28,0.06131652960988746,0.072
2016-10-29,0.06109028770051092,0.073
2016-10-30,0.06081163932992101,0.076
2016-10-31,0.06030371872766685,0.073
2016-11-01,0.06010153069095111,0.073
2016-11-02,0.059687440365115536,0.072
2016-11-03,0.059452613825999714,0.074
2016-11-04,0.0944022134232573,0.084
2016-11-05,0.06343952101171942,0.074
2016-11-06,0.2099345404813601,0.146
2016-11-07,0.07686891671006164,0.092
2016-11-08,0.30365212014854825,0.144
2016-11-09,0.11519332575158722,0.209
2016-11-10,0.10005850237470207,0.106
2016-11-11,0.08331811545755222,0.094
2016-11-12,0.2758898035002068,0.284
2016-11-13,0.09083180443991033,0.123
2016-11-14,0.07371577677169304,0.114
2016-11-15,0.13313669204299383,0.14
2016-11-16,0.07517094865916102,0.136
2016-11-17,0.10300861147973196,0.156
2016-11-18,0.06997050436360047,0.116
2016-11-19,0.37883742689477506,0.33
2016-11-20,0.4126946244907936,0.723
2016-11-21,0.38296306859513807,1.059
2016-11-22,0.12543440582180398,0.615
2016-11-23,0.09879956075594838,0.265
2016-11-24,0.08504154303764344,0.181
2016-11-25,0.0798918836208497,0.145
2016-11-26,0.0757760793537219,0.131
2016-11-27,0.07253412442224812,0.121
2016-11-28,0.06989279142665938,0.111
2016-11-29,0.06785656629912536,0.107
2016-11-30,0.06633526931766318,0.109
2016-12-01,0.06493183780224682,0.11
2016-12-02,0.06388258823583882,0.108
2016-12-03,0.06304457455542486,0.098
2016-12-04,0.06243141138880488,0.097
2016-12-05,0.061876859798930955,0.096
2016-12-06,0.06159081442714528,0.068
2016-12-07,0.06106475905305268,0.069
2016-12-08,0.06081753317825881,0.07
2016-12-09,0.06048245778744755,0.056
2016-12-10,0.37282781157998546,0.59
2016-12-11,0.16500484001100432,0.408
2016-12-12,0.09850844131028098,0.235
2016-12-13,0.07429162188979681,0.19
2016-12-14,0.07001248134877691,0.163
2016-12-15,0.06772506533378884,0.141
2016-12-16,0.06624189514413924,0.12
2016-12-17,0.0649908288965298,0.103
2016-12-18,0.06392874884468981,0.099
2016-12-19,0.06305342155971898,0.097
2016-12-20,0.06271251938797288,0.095
2016-12-21,0.06245382841281439,0.096
2016-12-22,0.061450206732727615,0.094
2016-12-23,0.09771622607032089,0.115
2016-12-24,0.06472868871849936,0.096
2016-12-25,0.08055503266573684,0.093
2016-12-26,0.06375613481104707,0.088
2016-12-27,0.0619764516025084,0.082
2016-12-28,0.06140101986442147,0.082
2016-12-29,0.060965370561458135,0.082
2016-12-30,0.06050783482752438,0.082
2016-12-31,0.0636351151711324,0.087
2017-01-01,0.21185305506102703,0.192
2017-01-02,0.07578675733331086,0.168
2017-01-03,0.0651881134777137,0.144
2017-01-04,0.06341615288835102,0.126
2017-01-05,0.06223755998016556,0.108
2017-01-06,0.12862972880514975,0.124
2017-01-07,0.06954957634724931,0.136
2017-01-08,0.06441829248523093,0.156
2017-01-09,0.1788556896118676,0.33
2017-01-10,0.07546514380612726,0.331
2017-01-11,0.06647005773333847,0.22
2017-01-12,0.3806999849515554,0.975
2017-01-13,0.14692359018179202,0.703
2017-01-14,0.12050400597181263,0.377
2017-01-15,0.2269318408037181,1.025
2017-01-16,0.10405588038526739,0.697
2017-01-17,0.08093223004982696,0.41
2017-01-18,0.07576172566090975,0.278
2017-01-19,0.07223763348243505,0.217
2017-01-20,0.06961417952990541,0.179
2017-01-21,0.0676507304621143,0.163
2017-01-22,0.06583873009929629,0.145
2017-01-23,0.0650801512284479,0.131
2017-01-24,0.06342971984006436,0.125
2017-01-25,0.06263970378665434,0.118
2017-01-26,0.061771897645712,0.117
2017-01-27,0.06144428223563639,0.12
2017-01-28,0.06142495018710541,0.118
2017-01-29,0.287132917839291,0.347
2017-01-30,0.08579662580839999,0.423
2017-01-31,0.2658719178649811,0.492
2017-02-01,0.16532610519965307,1.517
2017-02-02,0.0854873705419571,0.659
2017-02-03,0.08543679463386777,0.396
2017-02-04,0.07561263069928718,0.276
2017-02-05,0.07146025603885597,0.214
2017-02-06,0.2051266050808834,0.21
2017-02-07,0.11187967736692793,0.468
2017-02-08,0.07800944622077069,0.368
2017-02-09,0.0733448703031707,0.287
2017-02-10,0.07879789262564771,0.236
2017-02-11,0.18779877202058318,0.236
2017-02-12,0.08410060188037212,0.403
2017-02-13,0.07385289140264695,0.388
2017-02-14,0.07096785832236578,0.269
2017-02-15,0.1042926809338584,0.228
2017-02-16,0.07335452028165235,0.194
2017-02-17,0.06889091553054116,0.175
2017-02-18,0.06715018356602212,0.164
2017-02-19,0.06588669968293179,0.156
2017-02-20,0.06489024117997219,0.149
2017-02-21,0.0640758646976436,0.145
2017-02-22,0.36011243821532357,0.708
2017-02-23,0.09962497637590757,0.613
2017-02-24,0.07491876900646798,0.293
2017-02-25,0.07263880530221585,0.247
2017-02-26,0.09146067747591236,0.223
2017-02-27,0.1430356149894804,0.274
2017-02-28,0.19491572180975747,0.354
2017-03-01,0.13089247199255122,0.472
2017-03-02,0.11433058771185087,0.406
2017-03-03,0.10911309995945455,0.352
2017-03-04,0.08634811934806105,0.277
2017-03-05,0.19326073619504927,0.302
2017-03-06,0.09377073469274395,0.268
2017-03-07,0.14961985710313852,0.247
2017-03-08,0.1912760081342689,0.563
2017-03-09,0.09783062178458345,0.416
2017-03-10,0.08658070677054529,0.278
2017-03-11,0.08191123414216153,0.253
2017-03-12,0.07887504016115265,0.213
2017-03-13,0.07579953403605703,0.16
2017-03-14,0.07363338850616077,0.149
2017-03-15,0.07193111563039042,0.141
2017-03-16,0.07058028433168176,0.144
2017-03-17,0.06963214703397508,0.138
2017-03-18,0.069486703410073,0.137
2017-03-19,0.06998488777858629,0.139
2017-03-20,0.18903193861240156,0.28
2017-03-21,0.08092488199141226,0.15
2017-03-22,0.2633812967406077,0.273
2017-03-23,0.09131748369885426,0.345
2017-03-24,0.07710796820170518,0.214
2017-03-25,0.07422936873969027,0.173
2017-03-26,0.07250707179305807,0.158
2017-03-27,0.07116567292245568,0.148
2017-03-28,0.07099039208650776,0.142
2017-03-29,0.06936258828099676,0.131
2017-03-30,0.06852030381112412,0.142
2017-03-31,0.06796541855593877,0.129
2017-04-01,0.0674839508840541,0.122
2017-04-02,0.06705215818715635,0.112
2017-04-03,0.06672171885850833,0.101
2017-04-04,0.06643212210219242,0.097
2017-04-05,0.06615237943362794,0.073
2017-04-06,0.0659168117550326,0.095
2017-04-07,0.06570725500667454,0.107
2017-04-08,0.06550604669141612,0.095
2017-04-09,0.06531221188374527,0.092
2017-04-10,0.06512794771377266,0.081
2017-04-11,0.06494743757184393,0.078
2017-04-12,0.06479198603564178,0.075
2017-04-13,0.06459194907638965,0.087
2017-04-14,0.06612440455883489,0.091
2017-04-15,0.06434712538932244,0.086
2017-04-16,0.06512739540763843,0.088
2017-04-17,0.0640171223330482,0.087
2017-04-18,0.06367641359305642,0.079
2017-04-19,0.063471198598524,0.078
2017-04-20,0.06328449285352626,0.076
2017-04-21,0.06318174177836061,0.072
2017-04-22,0.06287431140174896,0.075
2017-04-23,0.06270470468485023,0.076
2017-04-24,0.06313314959084555,0.083
2017-04-25,0.0630264611027573,0.08
2017-04-26,0.06474882326019916,0.09
2017-04-27,0.06503369888157665,0.109
2017-04-28,0.061785884521918806,0.079
2017-04-29,0.061340906775510344,0.076
2017-04-30,0.06584230692359348,0.116
2017-05-01,0.06120723205025449,0.081
2017-05-02,0.060658193803343065,0.085
2017-05-03,0.060692065224642336,0.084
2017-05-04,0.06016240127164399,0.091
2017-05-05,0.059900099951659146,0.085
2017-05-06,0.0596536420638635,0.089
2017-05-07,0.05940716905206915,0.085
2017-05-08,0.05915957131804603,0.082
2017-05-09,0.0589108330865897,0.081
2017-05-10,0.05866085505333837,0.084
2017-05-11,0.05977435916074091,0.083
2017-05-12,0.058574884925574985,0.086
2017-05-13,0.05892828773152821,0.082
2017-05-14,0.05790222575430452,0.084
2017-05-15,0.05826904275987456,0.084
2017-05-16,0.38378293637981165,0.331
2017-05-17,0.40346227146045927,0.404
2017-05-18,0.42285634412746453,0.655
2017-05-19,0.22249108046979493,0.463
2017-05-20,0.10776165655296226,0.2
2017-05-21,0.08817604334682459,0.134
2017-05-22,0.0778231793326083,0.135
2017-05-23,0.0736530046392717,0.137
2017-05-24,0.07045478427112876,0.095
2017-05-25,0.06789408408078054,0.089
2017-05-26,0.06584677911907415,0.11
2017-05-27,0.06538483088286298,0.1
2017-05-28,0.1931009885865392,0.147
2017-05-29,0.0795488337330502,0.093
2017-05-30,0.06808161622173405,0.064
2017-05-31,0.06550832110597973,0.063
2017-06-01,0.0638955048070512,0.087
2017-06-02,0.06620978967795406,0.077
2017-06-03,0.061854057434153176,0.075
2017-06-04,0.06084847252933786,0.076
2017-06-05,0.07685593725119087,0.083
2017-06-06,0.37783611484115615,0.432
2017-06-07,0.1044180086724054,0.109
2017-06-08,0.07694476658283182,0.105
2017-06-09,0.07108648150572583,0.099
2017-06-10,0.06820645101857067,0.095
2017-06-11,0.06613316772107138,0.095
2017-06-12,0.06448379741076957,0.083
2017-06-13,0.06315645850580881,0.09
2017-06-14,0.062083727177300506,0.074
2017-06-15,0.06121319864400953,0.075
2017-06-16,0.060502640685524176,0.074
2017-06-17,0.059918496428951334,0.059
2017-06-18,0.059434153473131496,0.059
2017-06-19,0.05902819676936813,0.064
2017-06-20,0.05868368359246555,0.062
2017-06-21,0.05839792037072186,0.064
2017-06-22,0.05814630220383784,0.07
2017-06-23,0.05797620457733291,0.062
2017-06-24,0.057721362038032506,0.059
2017-06-25,0.05764195090635557,0.057
2017-06-26,0.057322000950221934,0.057
2017-06-27,0.4190348403184004,0.675
2017-06-28,0.39336179051947623,0.207
2017-06-29,0.1838636625747779,0.107
2017-06-30,0.09501834388164235,0.091
2017-07-01,0.07690653670262039,0.067
2017-07-02,0.07257043155470203,0.067
2017-07-03,0.07056886959247378,0.075
2017-07-04,0.06735791257526448,0.074
2017-07-05,0.06546432533936164,0.069
2017-07-06,0.06419497488442746,0.066
2017-07-07,0.06276297535283974,0.069
2017-07-08,0.06176373246964692,0.067
2017-07-09,0.06099176433278613,0.068
2017-07-10,0.0648801057791372,0.12
2017-07-11,0.39321981342183665,0.441
2017-07-12,0.22666147193287456,0.142
2017-07-13,0.09125619796262376,0.08
2017-07-14,0.07533655878669894,0.068
2017-07-15,0.07157088380390092,0.07
2017-07-16,0.07119531052291678,0.078
2017-07-17,0.06702345418709883,0.068
2017-07-18,0.3859317116986655,0.197
2017-07-19,0.1166132109764214,0.12
2017-07-20,0.08340961239221796,0.124
2017-07-21,0.17550038260821466,0.16
2017-07-22,0.08868286919859754,0.131
2017-07-23,0.14066143857921695,0.154
2017-07-24,0.11817891002520851,0.167
2017-07-25,0.08172036879118945,0.1
2017-07-26,0.0758215062488743,0.08
2017-07-27,0.07570879323569908,0.085
2017-07-28,0.07109417924073752,0.08
2017-07-29,0.3837713624811443,0.317
2017-07-30,0.10876685119958425,0.171
2017-07-31,0.0806271788737575,0.101
2017-08-01,0.0757779351504165,0.089
2017-08-02,0.17693751817231304,0.213
2017-08-03,0.08452588789994449,0.11
2017-08-04,0.07600725349667298,0.09
2017-08-05,0.07716243651591004,0.099
2017-08-06,0.07074662903629331,0.086
2017-08-07,0.1232564523848244,0.166
2017-08-08,0.40465926977484473,0.437
2017-08-09,0.4474774351537511,1.541
2017-08-10,0.41134541300114347,0.364
2017-08-11,0.13044118537304702,0.156
2017-08-12,0.10427495675264052,0.103
2017-08-13,0.08948615794058253,0.088
2017-08-14,0.08528502100089295,0.085
2017-08-15,0.08092777684574083,0.075
2017-08-16,0.1508720786999539,0.114
2017-08-17,0.0863130168371906,0.097
2017-08-18,0.20222397459747068,0.233
2017-08-19,0.09185960313517122,0.109
2017-08-20,0.08348142779445654,0.1
2017-08-21,0.0782522698849207,0.092
2017-08-22,0.0765512636468348,0.084
2017-08-23,0.07437970970075258,0.084
2017-08-24,0.07304546521581867,0.08
2017-08-25,0.07201786958869899,0.076
2017-08-26,0.07120627782647479,0.077
2017-08-27,0.07056261856121122,0.076
2017-08-28,0.07005013524107825,0.066
2017-08-29,0.07037317206991077,0.06
2017-08-30,0.17252609924915038,0.112
2017-08-31,0.08410389145845912,0.069
2017-09-01,0.0751228733140382,0.069
2017-09-02,0.07300383855244683,0.059
2017-09-03,0.07522300029219657,0.074
2017-09-04,0.07182967538562711,0.063
2017-09-05,0.07250368984684527,0.065
2017-09-06,0.07034896251199867,0.066
2017-09-07,0.07105765370477667,0.066
2017-09-08,0.08229709284716424,0.095
2017-09-09,0.07542458918752362,0.071
2017-09-10,0.07373489565468003,0.107
2017-09-11,0.09386216406234431,0.094
2017-09-12,0.09888354873492783,0.111
2017-09-13,0.07874486576324409,0.082
2017-09-14,0.08579308811784243,0.104
2017-09-15,0.21964662870298268,0.252
2017-09-16,0.2815035232866666,0.388
2017-09-17,0.15896220579673448,0.23
2017-09-18,0.10748573698483566,0.161
2017-09-19,0.08762643674348436,0.108
2017-09-20,0.0829379083754098,0.084
2017-09-21,0.08126237608065562,0.081
2017-09-22,0.07849728424971862,0.073
2017-09-23,0.0759545760170621,0.077
2017-09-24,0.0748160925279731,0.08
2017-09-25,0.07318199694588057,0.08
2017-09-26,0.07214843307357785,0.082
2017-09-27,0.24158810750062237,0.162
2017-09-28,0.09132607772757756,0.114
2017-09-29,0.07796243148392955,0.101
2017-09-30,0.07547878642120305,0.088
2017-10-01,0.07365002399744018,0.09
2017-10-02,0.0721424268798773,0.086
2017-10-03,0.07119696583756815,0.08
2017-10-04,0.07109623265321618,0.082
2017-10-05,0.06981682133698076,0.081
2017-10-06,0.06923959861145651,0.07
2017-10-07,0.15797660135072128,0.128
2017-10-08,0.07895233697412021,0.081
2017-10-09,0.07235396444739838,0.075
2017-10-10,0.07093900070532615,0.071
2017-10-11,0.0703117640169618,0.066
2017-10-12,0.06931751151114784,0.066
2017-10-13,0.06860961266261216,0.063
2017-10-14,0.06807772298359889,0.063
2017-10-15,0.06760456132127558,0.064
2017-10-16,0.0671728857642518,0.061
2017-10-17,0.06689582820621502,0.059
2017-10-18,0.1279423518548438,0.074
2017-10-19,0.12932097025667885,0.071
2017-10-20,0.11506339819198605,0.093
2017-10-21,0.07682437646737052,0.063
2017-10-22,0.07223252440265064,0.052
2017-10-23,0.07082630323008861,0.062
2017-10-24,0.06932308915573418,0.056
2017-10-25,0.06827921411514973,0.057
2017-10-26,0.06783989024181693,0.063
2017-10-27,0.0667886572104046,0.079
2017-10-28,0.06609349874352707,0.071
2017-10-29,0.0655434027336831,0.069
2017-10-30,0.06505175082141193,0.069
2017-10-31,0.06463165040444278,0.069
2017-11-01,0.06424210854084111,0.068
2017-11-02,0.06388478396955527,0.067
2017-11-03,0.12114433987165975,0.079
2017-11-04,0.11829475612084003,0.098
2017-11-05,0.07191344582370854,0.077
2017-11-06,0.0675635392687877,0.063
2017-11-07,0.1824730465625861,0.092
2017-11-08,0.07802326102992514,0.083
2017-11-09,0.06932146925633013,0.076
2017-11-10,0.20595015090643057,0.116
2017-11-11,0.081945507592126,0.114
2017-11-12,0.07078396507866902,0.087
2017-11-13,0.06840175212695888,0.083
2017-11-14,0.06682766022376932,0.077
2017-11-15,0.0655569953289368,0.083
2017-11-16,0.06481833733783172,0.075
2017-11-17,0.06363540856374061,0.072
2017-11-18,0.06294979415635818,0.071
2017-11-19,0.06331409570961784,0.071
2017-11-20,0.06271015278610578,0.075
2017-11-21,0.0615720292289009,0.073
2017-11-22,0.07141001191011184,0.074
2017-11-23,0.0627493545056426,0.091
2017-11-24,0.06147419490060551,0.078
2017-11-25,0.060900900560823985,0.072
2017-11-26,0.18390779238288904,0.084
2017-11-27,0.11583762271417253,0.169
2017-11-28,0.06965471738987399,0.091
2017-11-29,0.06604205110052484,0.088
2017-11-30,0.2280480064684451,0.11
2017-12-01,0.08037352595247861,0.179
2017-12-02,0.06768499440323632,0.125
2017-12-03,0.06536293220611684,0.105
2017-12-04,0.06349839432871933,0.095
2017-12-05,0.062292973817354526,0.089
2017-12-06,0.06172886008768183,0.086
2017-12-07,0.12200841493004778,0.131
2017-12-08,0.06681632400664582,0.094
2017-12-09,0.1633474575834979,0.087
2017-12-10,0.312888415639949,0.199
2017-12-11,0.2531090618868726,0.665
2017-12-12,0.2075147145677033,0.413
2017-12-13,0.17140466797071074,1.27
2017-12-14,0.08707735330439526,0.519
2017-12-15,0.07715318203688941,0.264
2017-12-16,0.07244335836374388,0.177
2017-12-17,0.13888545842088076,0.214
2017-12-18,0.0756077436666836,0.204
2017-12-19,0.08344447207072302,0.16
2017-12-20,0.06977770526035337,0.161
2017-12-21,0.06617980758437703,0.177
2017-12-22,0.06428551899125691,0.164
2017-12-23,0.06295591707412686,0.153
2017-12-24,0.06190654413900628,0.146
2017-12-25,0.190878328577012,0.234
2017-12-26,0.41823162818677295,0.965
2017-12-27,0.4331078521903285,1.75
2017-12-28,0.42999330189568824,0.771
2017-12-29,0.32818683094090095,2.05
2017-12-30,0.23215019992741198,1.14
2017-12-31,0.14057022195361932,1.18
2018-01-01,0.11293541820062049,0.461
2018-01-02,0.3423679393919249,0.766
2018-01-03,0.21874204809277895,0.712
2018-01-04,0.14277695929883757,0.581
2018-01-05,0.10656268032166204,0.375
2018-01-06,0.09782308138648135,0.225
2018-01-07,0.09016119866475977,0.174
2018-01-08,0.08520234711350387,0.161
2018-01-09,0.08776325294556261,0.159
2018-01-10,0.1948041318264248,0.379
2018-01-11,0.09623288402886755,0.343
2018-01-12,0.08410660925124172,0.282
2018-01-13,0.08035284421227316,0.225
2018-01-14,0.20714269285762632,0.212
2018-01-15,0.22985280049310955,0.983
2018-01-16,0.10527139844571147,0.37
2018-01-17,0.11982324701447496,0.232
2018-01-18,0.12222920215111285,0.169
2018-01-19,0.09494744210370541,0.142
2018-01-20,0.23248428836073046,0.34
2018-01-21,0.4608097785871821,1.41
2018-01-22,0.18027140019129426,0.76
2018-01-23,0.1387289458093378,0.487
2018-01-24,0.2636020047152023,0.968
2018-01-25,0.1328808556678972,0.458
2018-01-26,0.11537865913003256,0.232
2018-01-27,0.10996629540752556,0.201
2018-01-28,0.10116889539043722,0.175
2018-01-29,0.11954133710080272,0.192
2018-01-30,0.09930880916830986,0.174
2018-01-31,0.15358635568068335,0.248
2018-02-01,0.21646984294763655,0.357
2018-02-02,0.1515977235503063,0.337
2018-02-03,0.10998196018395759,0.252
2018-02-04,0.10129791775669192,0.169
2018-02-05,0.09695612035042477,0.153
2018-02-06,0.09402271672340232,0.141
2018-02-07,0.09104102236811638,0.123
2018-02-08,0.28919482848308237,0.232
2018-02-09,0.11551052576438363,0.475
2018-02-10,0.14702640257607974,0.349
2018-02-11,0.10573030576914852,0.251
2018-02-12,0.0984359745565388,0.183
2018-02-13,0.1643289793292179,0.204
2018-02-14,0.30948248856067234,0.705
2018-02-15,0.12920626481029754,0.591
2018-02-16,0.11143673672405376,0.276
2018-02-17,0.10554058311306382,0.203
2018-02-18,0.10617414824397418,0.174
2018-02-19,0.2599548906785054,0.376
2018-02-20,0.2549713850547865,1.42
2018-02-21,0.13186064038497552,0.56
2018-02-22,0.11686446795765429,0.341
2018-02-23,0.1108054987252793,0.228
2018-02-24,0.10614957714015037,0.173
2018-02-25,0.10259452254953351,0.146
2018-02-26,0.1006125009375417,0.138
2018-02-27,0.12187230114729501,0.124
2018-02-28,0.14717530664730966,0.135
2018-03-01,0.10323366212819106,0.125
2018-03-02,0.1280295317701484,0.124
2018-03-03,0.10178508223187466,0.163
2018-03-04,0.27103647056876684,1.01
2018-03-05,0.11809694409036496,0.617
2018-03-06,0.10509313157713435,0.333
2018-03-07,0.14461302378894975,0.272
2018-03-08,0.10962527727254875,0.242
2018-03-09,0.37091771952804065,0.851
2018-03-10,0.14255880549484717,0.842
2018-03-11,0.15062135141488148,0.545
2018-03-12,0.3394449427871503,1.37
2018-03-13,0.1551129700054278,1.09
2018-03-14,0.21754142937018203,0.512
2018-03-15,0.14741069651048497,0.682
2018-03-16,0.1330765873531059,0.415
2018-03-17,0.12497558932333866,0.299
2018-03-18,0.11717201037339749,0.241
2018-03-19,0.11397973129109691,0.198
2018-03-20,0.10885304827638512,0.177
2018-03-21,0.10636854546009022,0.175
2018-03-22,0.10370486687291212,0.181
2018-03-23,0.10227038832124626,0.19
2018-03-24,0.10075724617113944,0.169
2018-03-25,0.09931404707430307,0.155
2018-03-26,0.1497448841812569,0.157
2018-03-27,0.1613781094843298,0.209
2018-03-28,0.3426134436260498,1.32
2018-03-29,0.2180518077300201,0.83
2018-03-30,0.5112683403075874,1.63
2018-03-31,0.22946837213724786,1.01
2018-04-01,0.5801254463096471,1.14
2018-04-02,0.2968329191513135,2.02
2018-04-03,0.20506613386124947,0.873
2018-04-04,0.1857118147312872,0.542
2018-04-05,0.16475221407510557,0.33
2018-04-06,0.1526295873951935,0.288
2018-04-07,0.14621169060590547,0.247
2018-04-08,0.22358180816545517,0.265
2018-04-09,0.4466206912324873,0.69
2018-04-10,0.19216528495566892,1.17
2018-04-11,0.16215473827431326,0.535
2018-04-12,0.17523623385190412,0.395
2018-04-13,0.1501031036364318,0.306
2018-04-14,0.14110795021134212,0.252
2018-04-15,0.1381100880276513,0.25
2018-04-16,0.13003210792532052,0.207
2018-04-17,0.12589968877657393,0.163
2018-04-18,0.12280378737411217,0.173
2018-04-19,0.12037785471674184,0.155
2018-04-20,0.1184694767178951,0.168
2018-04-21,0.11763783771044284,0.153
2018-04-22,0.11735350551756338,0.151
2018-04-23,0.11495144483398335,0.134
2018-04-24,0.116167324464011,0.145
2018-04-25,0.13727939699656566,0.149
2018-04-26,0.11901636743264789,0.129
2018-04-27,0.3214699562115945,0.255
2018-04-28,0.13935379464666403,0.248
2018-04-29,0.20609585565158345,0.197
2018-04-30,0.19670797552643998,0.419
2018-05-01,0.1307852877094802,0.219
2018-05-02,0.18422764188747415,0.257
2018-05-03,0.12885852722104593,0.165
2018-05-04,0.12260091270673205,0.143
2018-05-05,0.12013078561052411,0.132
2018-05-06,0.1182934916205827,0.121
2018-05-07,0.1167948816756775,0.113
2018-05-08,0.11555064081220318,0.1
2018-05-09,0.11616414807680522,0.103
2018-05-10,0.11373404087918293,0.1
2018-05-11,0.11284989006319014,0.097
2018-05-12,0.37054150158148813,0.269
2018-05-13,0.14290133414649708,0.138
2018-05-14,0.12170145170487846,0.111
2018-05-15,0.1182532172009852,0.104
2018-05-16,0.11627713065086545,0.102
2018-05-17,0.11468324974918041,0.101
2018-05-18,0.11333986658871964,0.093
2018-05-19,0.11219011984342926,0.092
2018-05-20,0.11119193830400323,0.093
2018-05-21,0.1103120421581735,0.079
2018-05-22,0.10952397226860716,0.083
2018-05-23,0.10950997568183801,0.093
2018-05-24,0.28645679524628537,0.286
2018-05-25,0.1291847625761516,0.129
2018-05-26,0.11890936896096933,0.118
2018-05-27,0.11341804200725672,0.099
2018-05-28,0.11146336140691486,0.095
2018-05-29,0.17291829784046794,0.137
2018-05-30,0.11837469536985226,0.105
2018-05-31,0.11273197951935263,0.075
2018-06-01,0.11107262702868116,0.068
2018-06-02,0.10876772659688988,0.065
2018-06-03,0.10731322244565698,0.066
2018-06-04,0.1062202297951184,0.063
2018-06-05,0.10502816065885218,0.061
2018-06-06,0.1040684090864089,0.063
2018-06-07,0.10320914056162686,0.063
2018-06-08,0.10240646846035517,0.064
2018-06-09,0.10172693969061929,0.068
2018-06-10,0.10097493950471237,0.067
2018-06-11,0.10030804576397334,0.066
2018-06-12,0.0996747786906101,0.064
2018-06-13,0.09905440350225968,0.05
2018-06-14,0.09844825852807608,0.066
2018-06-15,0.09785790720848864,0.066
2018-06-16,0.09738056832259455,0.066
2018-06-17,0.09684509263023657,0.067
2018-06-18,0.09613457000760876,0.066
2018-06-19,0.09554305199408734,0.067
2018-06-20,0.09497021419114648,0.066
2018-06-21,0.094399387671646,0.065
2018-06-22,0.09382918250605606,0.067
2018-06-23,0.0932584846840567,0.065
2018-06-24,0.09268771189676692,0.072
2018-06-25,0.09211654932132912,0.075
2018-06-26,0.09154493547711183,0.071
2018-06-27,0.09097288167214841,0.069
2018-06-28,0.09040044661356782,0.069
2018-06-29,0.08982772438710576,0.071
2018-06-30,0.08925483546776827,0.068
2018-07-01,0.08868191962378325,0.067
2018-07-02,0.08810913029701653,0.064
2018-07-03,0.08753663016056776,0.064
2018-07-04,0.0869645876165156,0.064
2018-07-05,0.08639317404438737,0.066
2018-07-06,0.08582256164885854,0.064
2018-07-07,0.08525292178552192,0.062
2018-07-08,0.08468473375104008,0.064
2018-07-09,0.0841172548296506,0.064
2018-07-10,0.08355151460209145,0.063
2018-07-11,0.08298765332201583,0.064
2018-07-12,0.0824251250213445,0.064
2018-07-13,0.08186472684818741,0.046
2018-07-14,0.08130641366804359,0.063
2018-07-15,0.08075030958950245,0.064
2018-07-16,0.08019654533660502,0.08
2018-07-17,0.07964524699663758,0.067
2018-07-18,0.079096535273203,0.081
2018-07-19,0.07855068053312363,0.071
2018-07-20,0.07800989658768792,0.072
2018-07-21,0.07746722436339827,0.07
2018-07-22,0.07692979441214523,0.07
2018-07-23,0.07639562969239481,0.072
2018-07-24,0.07586467676477311,0.071
2018-07-25,0.0753370108760786,0.074
2018-07-26,0.080275137729949,0.074
2018-07-27,0.39655032948169205,0.309
2018-07-28,0.11910973028088914,0.087
2018-07-29,0.09399216775582402,0.089
2018-07-30,0.11860575115075193,0.097
2018-07-31,0.09051217923056222,0.098
2018-08-01,0.08538925711829137,0.069
2018-08-02,0.08239791270002997,0.069
2018-08-03,0.08001364641812188,0.067
2018-08-04,0.07803914319886815,0.066
2018-08-05,0.07638702708633811,0.065
2018-08-06,0.07499259636544404,0.068
2018-08-07,0.07438874102153707,0.066
2018-08-08,0.07322113346666341,0.062
2018-08-09,0.40419842348676505,0.515
2018-08-10,0.42632620445645564,0.406
2018-08-11,0.24897068929810354,0.114
2018-08-12,0.11612656259566961,0.086
2018-08-13,0.09752365655486914,0.093
2018-08-14,0.08736219612531994,0.064
2018-08-15,0.08537781782390459,0.075
2018-08-16,0.3291100009192196,0.352
2018-08-17,0.10879469977152485,0.092
2018-08-18,0.08725086803208812,0.076
2018-08-19,0.08263871342197984,0.074
2018-08-20,0.08042807006192826,0.071
2018-08-21,0.07745088524989617,0.072
2018-08-22,0.07665991031774377,0.069
2018-08-23,0.07520416445148448,0.076
2018-08-24,0.07532809563051746,0.083
2018-08-25,0.07494074655305123,0.083
2018-08-26,0.17123265897241896,0.144
2018-08-27,0.08300603115442434,0.084
2018-08-28,0.09683165784147364,0.087
2018-08-29,0.07966260264908046,0.138
2018-08-30,0.0754650924888973,0.097
2018-08-31,0.0736131503359013,0.1
2018-09-01,0.07220130521323806,0.082
2018-09-02,0.07104226579037626,0.08
2018-09-03,0.07007632203312877,0.078
2018-09-04,0.06949856739036463,0.074
2018-09-05,0.06859725515356076,0.071
2018-09-06,0.07135484765959413,0.09
2018-09-07,0.06774528570477416,0.072
2018-09-08,0.0672130943120223,0.071
2018-09-09,0.0665991684620025,0.071
2018-09-10,0.06620742159797662,0.07
2018-09-11,0.19270586539667323,0.151
2018-09-12,0.08129477051107278,0.069
2018-09-13,0.0720918432615671,0.071
2018-09-14,0.07010201246851691,0.078
2018-09-15,0.06884157163706772,0.077
2018-09-16,0.06781482798776177,0.074
2018-09-17,0.06695256134884173,0.071
2018-09-18,0.06622286315647326,0.072
2018-09-19,0.06746010479830798,0.076
2018-09-20,0.09164266166084584,0.1
2018-09-21,0.0700338099602841,0.074
2018-09-22,0.22119113201464172,0.083
2018-09-23,0.1548567158067604,0.247
2018-09-24,0.08187598432320564,0.083
2018-09-25,0.07431979896345,0.078
2018-09-26,0.0716715249142514,0.074
2018-09-27,0.06975845036228319,0.071
2018-09-28,0.06820965230772352,0.068
2018-09-29,0.0669358890083962,0.068
2018-09-30,0.06588007587522854,0.069
2018-10-01,0.06610101033213177,0.069
2018-10-02,0.06446062452067271,0.055
2018-10-03,0.06364499527954048,0.066
2018-10-04,0.06308301828183667,0.066
2018-10-05,0.06267547700553378,0.065
2018-10-06,0.28584313587696164,0.171
2018-10-07,0.08781586236931904,0.08
2018-10-08,0.07068359368463441,0.071
2018-10-09,0.06789722574979273,0.07
2018-10-10,0.06733313194729852,0.074
2018-10-11,0.06510179021791769,0.073
2018-10-12,0.063988782727082,0.053
2018-10-13,0.06443787982030065,0.063
2018-10-14,0.3961530627715327,0.367
2018-10-15,0.338096724993125,0.142
2018-10-16,0.1057903182240001,0.084
2018-10-17,0.08010508345351683,0.076
2018-10-18,0.07370434503197133,0.078
2018-10-19,0.07078796068551256,0.074
2018-10-20,0.06859944899308827,0.071
2018-10-21,0.0669409328858624,0.07
2018-10-22,0.0654191010267987,0.08
2018-10-23,0.06424853349095219,0.067
2018-10-24,0.06331037713267944,0.07
2018-10-25,0.06251478052793386,0.07
2018-10-26,0.06216585363259712,0.068
2018-10-27,0.10227695898929609,0.08
2018-10-28,0.06662275678196569,0.075
2018-10-29,0.0636135908952042,0.071
2018-10-30,0.06269658460634153,0.075
2018-10-31,0.2846995424412682,0.114
2018-11-01,0.3034206268421533,0.387
2018-11-02,0.09528684045520008,0.095
2018-11-03,0.07453040288028465,0.076
2018-11-04,0.07060379209005146,0.075
2018-11-05,0.06832476326855162,0.068
2018-11-06,0.09490615137710409,0.083
2018-11-07,0.07215758599518053,0.107
2018-11-08,0.06601480858101012,0.071
2018-11-09,0.19633340882643047,0.111
2018-11-10,0.3938953987994581,0.418
2018-11-11,0.200081028175775,0.225
2018-11-12,0.08908751777686454,0.13
2018-11-13,0.07586879358624968,0.09
2018-11-14,0.07207951000805854,0.086
2018-11-15,0.06968968636604912,0.083
2018-11-16,0.06800236207022507,0.082
2018-11-17,0.06597046106859492,0.078
2018-11-18,0.06468506854211833,0.079
2018-11-19,0.0828182159553435,0.076
2018-11-20,0.16642834465159817,0.115
2018-11-21,0.07411096504345899,0.098
2018-11-22,0.0663809201115515,0.084
2018-11-23,0.06456786618285165,0.08
2018-11-24,0.06346865688271229,0.078
2018-11-25,0.06270140965147303,0.081
2018-11-26,0.06195997259259284,0.078
2018-11-27,0.26088957778987354,0.155
2018-11-28,0.0842952979562937,0.141
2018-11-29,0.06801829824603668,0.103
2018-11-30,0.06540874680235399,0.09
2018-12-01,0.17941945117852706,0.134
2018-12-02,0.07696439294528565,0.106
2018-12-03,0.06916697278307611,0.095
2018-12-04,0.12535688804460907,0.079
2018-12-05,0.13115353446201838,0.16
2018-12-06,0.1247481134580243,0.118
2018-12-07,0.20881609123076142,0.28
2018-12-08,0.09233159608914777,0.129
2018-12-09,0.07613187393671697,0.106
2018-12-10,0.07206101274657,0.092
2018-12-11,0.06947552924307566,0.087
2018-12-12,0.06748933791471982,0.086
2018-12-13,0.06589864658479239,0.079
2018-12-14,0.06461814335874351,0.081
2018-12-15,0.3178403963853964,0.239
2018-12-16,0.1352163020156207,0.156
2018-12-17,0.07739625345099276,0.138
2018-12-18,0.1425361954483649,0.147
2018-12-19,0.0784781440875609,0.116
2018-12-20,0.25040093967946486,0.187
2018-12-21,0.27269522316144273,0.438
2018-12-22,0.1463799662400801,0.368
2018-12-23,0.15861925786985967,0.355
2018-12-24,0.09006494500215484,0.24
2018-12-25,0.0811884065166883,0.163
2018-12-26,0.07696218028734325,0.137
2018-12-27,0.07391118281730868,0.128
2018-12-28,0.0714862450520643,0.113
2018-12-29,0.06974640506795077,0.104
2018-12-30,0.06810409994435053,0.101
2018-12-31,0.06681076341216814,0.1
2019-01-01,0.06582907492643829,0.092
2019-01-02,0.06510502267741564,0.097
2019-01-03,0.06441755029594086,0.091
2019-01-04,0.06389759820627423,0.09
2019-01-05,0.06347421073158786,0.089
2019-01-06,0.06312785221923368,0.089
2019-01-07,0.06283571995746776,0.093
2019-01-08,0.06270819406349694,0.091
2019-01-09,0.06300379510330281,0.09
2019-01-10,0.08422913615005005,0.099
2019-01-11,0.06481032336301776,0.094
2019-01-12,0.06317474706838647,0.089
2019-01-13,0.06274249355839395,0.09
2019-01-14,0.06238462094285582,0.088
2019-01-15,0.062043877070536844,0.089
2019-01-16,0.22594018680139644,0.201
2019-01-17,0.07886827550748038,0.123
2019-01-18,0.0675310671537826,0.103
2019-01-19,0.06561120077034614,0.1
2019-01-20,0.06465477992767396,0.097
2019-01-21,0.15575253891214255,0.127
2019-01-22,0.07313103379623409,0.114
2019-01-23,0.0661197051594914,0.101
2019-01-24,0.06801300116438072,0.097
2019-01-25,0.06513685487629295,0.121
2019-01-26,0.22603194154320652,0.171
2019-01-27,0.08017487063529562,0.34
2019-01-28,0.0683313458410767,0.184
2019-01-29,0.22980560751013887,0.213
2019-01-30,0.08287678102949195,0.189
2019-01-31,0.09672911316025125,0.178
2019-02-01,0.07233539088401852,0.153
2019-02-02,0.06846602311615813,0.142
2019-02-03,0.19057115149766468,0.156
2019-02-04,0.08141436233813515,0.328
2019-02-05,0.1299903761360457,0.264
2019-02-06,0.1511538138677467,0.35
2019-02-07,0.08032692606590053,0.368
2019-02-08,0.08799895841373111,0.285
2019-02-09,0.1438227187367056,0.222
2019-02-10,0.15376271898140415,0.49
2019-02-11,0.08162391206361384,0.285
2019-02-12,0.0737201215500791,0.196
2019-02-13,0.07084083653951491,0.163
2019-02-14,0.06880904761615587,0.143
2019-02-15,0.06712653802195563,0.131
2019-02-16,0.0657523849829974,0.124
2019-02-17,0.06465557218552435,0.121
2019-02-18,0.06393378908791676,0.115
2019-02-19,0.06305990116907079,0.109
2019-02-20,0.06245248907379202,0.105
2019-02-21,0.061966559902322624,0.101
2019-02-22,0.06154061652001055,0.1
2019-02-23,0.06118802391807609,0.1
2019-02-24,0.06087065277441959,0.1
2019-02-25,0.060594852293806345,0.094
2019-02-26,0.06034858710515791,0.095
2019-02-27,0.06012489865858689,0.094
2019-02-28,0.06155164650373546,0.1
2019-03-01,0.05984958952369981,0.095
2019-03-02,0.08161267432614534,0.102
2019-03-03,0.07396598210895478,0.121
2019-03-04,0.06370045812135959,0.099
2019-03-05,0.14108934930309933,0.124
2019-03-06,0.07056265870089568,0.102
2019-03-07,0.1646296804456655,0.168
2019-03-08,0.101538507267992,0.14
2019-03-09,0.23488859421242408,0.192
2019-03-10,0.08409980244274923,0.194
2019-03-11,0.07118946552406943,0.13
2019-03-12,0.22349030515356003,0.328
2019-03-13,0.08402499080404978,0.211
2019-03-14,0.0976657521793937,0.163
2019-03-15,0.2117301614873855,0.278
2019-03-16,0.11106157298536183,0.316
2019-03-17,0.07834401081828418,0.245
2019-03-18,0.0730723257100195,0.17
2019-03-19,0.06954722190917774,0.141
2019-03-20,0.06721715887012296,0.126
2019-03-21,0.06551714556668867,0.119
2019-03-22,0.06415723871127421,0.114
2019-03-23,0.06305626010842585,0.109
2019-03-24,0.062160010491836844,0.108
2019-03-25,0.061426636640252226,0.104
2019-03-26,0.060820172313528584,0.102
2019-03-27,0.06031550159991482,0.101
2019-03-28,0.059890549641797526,0.1
2019-03-29,0.05952784063016754,0.102
2019-03-30,0.05921465630143216,0.102
2019-03-31,0.058937831611437744,0.099
2019-04-01,0.05869063357126526,0.098
2019-04-02,0.06070088473328461,0.09
2019-04-03,0.058487278651488186,0.102
2019-04-04,0.058200511416713174,0.105
2019-04-05,0.05788508516300194,0.095
2019-04-06,0.0576963099953908,0.09
2019-04-07,0.06201546301732916,0.111
2019-04-08,0.05770079091175411,0.097
2019-04-09,0.05721634679730395,0.09
2019-04-10,0.05700603940111505,0.089
2019-04-11,0.05683211426960221,0.089
2019-04-12,0.05666074657903201,0.09
2019-04-13,0.05669094726557085,0.089
2019-04-14,0.056344280582919695,0.09
2019-04-15,0.05613661541542405,0.09
2019-04-16,0.05595624563029311,0.089
2019-04-17,0.05577996326773052,0.089
2019-04-18,0.055592583551688925,0.086
2019-04-19,0.05540819065089435,0.087
2019-04-20,0.055221056685964456,0.082
2019-04-21,0.055033093767205186,0.082
2019-04-22,0.05484334524969738,0.083
2019-04-23,0.05465206137805048,0.085
2019-04-24,0.05514207613077115,0.084
2019-04-25,0.054462395129167014,0.083
2019-04-26,0.05588915666576735,0.089
2019-04-27,0.07735023815346302,0.112
2019-04-28,0.05915308662630606,0.094
2019-04-29,0.05639168027237333,0.083
2019-04-30,0.055533957965228406,0.083
2019-05-01,0.05491291229081215,0.085
2019-05-02,0.05514323994473037,0.081
2019-05-03,0.05716106653014966,0.096
2019-05-04,0.056963714472625174,0.083
2019-05-05,0.05340064588754774,0.082
2019-05-06,0.05285140314853368,0.086
2019-05-07,0.16081076588123785,0.115
2019-05-08,0.1887758761113536,0.228
2019-05-09,0.07321003216317623,0.101
2019-05-10,0.10312447339462193,0.093
2019-05-11,0.06785170563982179,0.098
2019-05-12,0.06173432716778909,0.088
2019-05-13,0.05945184592308876,0.097
2019-05-14,0.05778752629009552,0.083
2019-05-15,0.056445609503492,0.087
2019-05-16,0.05534982303760616,0.083
2019-05-17,0.055466874568103446,0.083
2019-05-18,0.056509906921964025,0.096
2019-05-19,0.05389425691779921,0.093
2019-05-20,0.05262603872231726,0.086
2019-05-21,0.052126392961362795,0.084
2019-05-22,0.05174203750329728,0.086
2019-05-23,0.05141079097429175,0.08
2019-05-24,0.05142011250157181,0.078
2019-05-25,0.05088252725701969,0.076
2019-05-26,0.05115797654957947,0.073
2019-05-27,0.08429638280292699,0.102
2019-05-28,0.05901091167094299,0.08
2019-05-29,0.05581175179173922,0.083
2019-05-30,0.05288196644952338,0.08
2019-05-31,0.052033560028944756,0.077
2019-06-01,0.051435117730583665,0.078
2019-06-02,0.05093766198155714,0.078
2019-06-03,0.05051567674067398,0.078
2019-06-04,0.053370005363888126,0.089
2019-06-05,0.05174039806136973,0.081
2019-06-06,0.04968298355241658,0.078
2019-06-07,0.06374247356751706,0.09
2019-06-08,0.05722695925798656,0.127
2019-06-09,0.22578728626200414,0.122
2019-06-10,0.38413317881083936,0.499
2019-06-11,0.10189363077840712,0.165
2019-06-12,0.18322915388014016,0.215
2019-06-13,0.13524563670910192,0.224
2019-06-14,0.07706785287194934,0.116
2019-06-15,0.06872068424965695,0.1
2019-06-16,0.06519778307730108,0.1
2019-06-17,0.06154974605621684,0.09
2019-06-18,0.06261648334563712,0.102
2019-06-19,0.18631604516512432,0.21
2019-06-20,0.07185997960397005,0.102
2019-06-21,0.061583495560691065,0.083
2019-06-22,0.05890448021718825,0.079
2019-06-23,0.057150669827838584,0.081
2019-06-24,0.30184926818168034,0.231
2019-06-25,0.08742249447507468,0.305
2019-06-26,0.06527999260920993,0.113
2019-06-27,0.06146843226351006,0.095
2019-06-28,0.05931862477122347,0.086
2019-06-29,0.057666830710904476,0.082
2019-06-30,0.05635679461504988,0.08
2019-07-01,0.05531464545751838,0.076
2019-07-02,0.05448474058214002,0.064
2019-07-03,0.05382300644666408,0.069
2019-07-04,0.05337111558560052,0.084
2019-07-05,0.05287269801717455,0.08
2019-07-06,0.053295207595661254,0.075
2019-07-07,0.05231105761860619,0.073
2019-07-08,0.052036641224694785,0.073
2019-07-09,0.05193017557490327,0.074
2019-07-10,0.05189927946847678,0.073
2019-07-11,0.0515876865565576,0.075
2019-07-12,0.051946983524076576,0.077
2019-07-13,0.05256478852787791,0.077
2019-07-14,0.051290232489578313,0.077
2019-07-15,0.051110637339310094,0.07
2019-07-16,0.051014611215140136,0.069
2019-07-17,0.05222717037962905,0.071
2019-07-18,0.05107838366842855,0.075
2019-07-19,0.17370456137190923,0.126
2019-07-20,0.06723619871174832,0.084
2019-07-21,0.05769114458544091,0.076
2019-07-22,0.05583092831385903,0.071
2019-07-23,0.05836432155689716,0.096
2019-07-24,0.05411531026168347,0.077
2019-07-25,0.05470205015901,0.072
2019-07-26,0.05652480428650744,0.072
2019-07-27,0.36643084101086265,0.264
2019-07-28,0.0934900314023496,0.12
2019-07-29,0.0658343067412637,0.082
2019-07-30,0.06559417456229179,0.094
2019-07-31,0.05969810620180088,0.076
2019-08-01,0.05845237357555235,0.077
2019-08-02,0.05631313224553584,0.074
2019-08-03,0.05513673414279011,0.073
2019-08-04,0.05428509341105462,0.074
2019-08-05,0.05357970232770134,0.074
2019-08-06,0.05310689526274196,0.072
2019-08-07,0.053418948778757115,0.07
2019-08-08,0.05645926209992524,0.102
2019-08-09,0.05368426373091073,0.083
2019-08-10,0.052470397839039985,0.074
2019-08-11,0.15716951667525988,0.175
2019-08-12,0.0652879213222956,0.086
2019-08-13,0.05729929687961224,0.073
2019-08-14,0.23456207430138942,0.199
2019-08-15,0.07542703963826324,0.083
2019-08-16,0.0945703421225646,0.114
2019-08-17,0.06609235054835154,0.085
2019-08-18,0.06267857774896664,0.08
2019-08-19,0.06037231466111029,0.079
2019-08-20,0.057673400830148436,0.056
2019-08-21,0.05623988252172452,0.075
2019-08-22,0.05513930643619268,0.076
2019-08-23,0.0542546098014844,0.08
2019-08-24,0.053539949392026116,0.069
2019-08-25,0.052959372296696325,0.066
2019-08-26,0.05248483480915917,0.067
2019-08-27,0.052182682523559794,0.067
2019-08-28,0.054707327859346205,0.073
2019-08-29,0.05169943058410727,0.069
2019-08-30,0.05127732672343606,0.07
2019-08-31,0.05107437106361378,0.07
2019-09-01,0.050885487524688695,0.071
2019-09-02,0.05072679862222554,0.071
2019-09-03,0.07352828901749121,0.085
2019-09-04,0.05621169192749731,0.081
2019-09-05,0.054112318465377174,0.069
2019-09-06,0.05456669572827204,0.08
2019-09-07,0.05264867505953178,0.071
2019-09-08,0.05317283971547066,0.074
2019-09-09,0.05528413976158249,0.097
2019-09-10,0.05144051397240422,0.074
2019-09-11,0.05091276445564362,0.071
2019-09-12,0.05057090196184432,0.074
2019-09-13,0.05029519942620445,0.072
2019-09-14,0.05007600667905584,0.071
2019-09-15,0.04998661568703486,0.073
2019-09-16,0.04975736530313912,0.072
2019-09-17,0.049539524825682656,0.071
2019-09-18,0.049380191434138694,0.072
2019-09-19,0.049232558933772486,0.075
2019-09-20,0.04908860436373793,0.071
2019-09-21,0.04895072949548222,0.074
2019-09-22,0.04951182822712432,0.077
2019-09-23,0.07560375760274052,0.082
2019-09-24,0.125797984534946,0.219
2019-09-25,0.10922801916580387,0.121
2019-09-26,0.06376046390573908,0.101
2019-09-27,0.06033789050156024,0.085
2019-09-28,0.22119278038474757,0.173
2019-09-29,0.12443522295033557,0.228
2019-09-30,0.38291087629298215,0.401
2019-10-01,0.2783178347306403,0.238
2019-10-02,0.096463169931993,0.115
2019-10-03,0.1166850253871543,0.122
2019-10-04,0.0746919805219245,0.095
2019-10-05,0.40074759923431696,0.306
2019-10-06,0.4039452562073453,0.472
2019-10-07,0.13082591850051176,0.152
2019-10-08,0.0876283969489077,0.118
2019-10-09,0.07594193094652256,0.109
2019-10-10,0.07301357698134782,0.107
2019-10-11,0.20303302136816376,0.206
2019-10-12,0.3152006391430656,0.3
2019-10-13,0.10533952316969825,0.219
2019-10-14,0.11377397978555541,0.195
2019-10-15,0.08147306285188634,0.125
2019-10-16,0.07468139505217748,0.11
2019-10-17,0.11674433067759177,0.11
2019-10-18,0.0739531343183145,0.095
2019-10-19,0.06773933096303325,0.089
2019-10-20,0.0753019898498809,0.092
2019-10-21,0.06660549158014048,0.096
2019-10-22,0.0634731663076105,0.083
2019-10-23,0.06300466893535178,0.087
2019-10-24,0.20391002457547172,0.191
2019-10-25,0.07614861576957571,0.101
2019-10-26,0.1289500882869969,0.135
2019-10-27,0.07104596647670616,0.101
2019-10-28,0.06544984931661331,0.091
2019-10-29,0.06379948487193783,0.088
2019-10-30,0.0626240680874856,0.084
2019-10-31,0.09634255847085296,0.079
2019-11-01,0.07057406341267743,0.103
2019-11-02,0.2394899789788646,0.241
2019-11-03,0.08379247109416454,0.136
2019-11-04,0.06894917346797962,0.112
2019-11-05,0.06723933707473859,0.102
2019-11-06,0.22157940752136895,0.151
2019-11-07,0.0830364787986119,0.156
2019-11-08,0.09920663316658439,0.117
2019-11-09,0.07381587673106019,0.105
2019-11-10,0.21258661542718763,0.157
2019-11-11,0.10583272181857856,0.211
2019-11-12,0.10762481672808934,0.167
2019-11-13,0.37653943020662434,0.195
2019-11-14,0.1724326770018168,0.452
2019-11-15,0.18594580329517435,0.308
2019-11-16,0.09548521182017337,0.202
2019-11-17,0.08547058405413788,0.149
2019-11-18,0.08000626649012788,0.119
2019-11-19,0.0765429743428003,0.084
2019-11-20,0.07375318364422676,0.105
2019-11-21,0.14805782087398534,0.109
2019-11-22,0.10754297787555347,0.117
2019-11-23,0.07696579027568422,0.111
2019-11-24,0.07275636146764544,0.103
2019-11-25,0.07762454032104063,0.105
2019-11-26,0.38372722073230786,0.24
2019-11-27,0.238932856554958,0.664
2019-11-28,0.14023043509367084,0.608
2019-11-29,0.09281208472801901,0.289
2019-11-30,0.09178374133886832,0.185
2019-12-01,0.08419829511115291,0.152
2019-12-02,0.07982433045738105,0.126
2019-12-03,0.07716899862020703,0.119
2019-12-04,0.07489433224552255,0.113
2019-12-05,0.25440967244054896,0.151
2019-12-06,0.2417796268498124,0.689
2019-12-07,0.18458413828295486,0.492
2019-12-08,0.1047424245721621,0.356
2019-12-09,0.09266880718427331,0.224
2019-12-10,0.15816007878152838,0.228
2019-12-11,0.09527655916875502,0.204
2019-12-12,0.49527885000973787,1.43
2019-12-13,0.4281988387588595,2.69
2019-12-14,0.33321267013637257,1.01
2019-12-15,0.23936440889391594,0.972
2019-12-16,0.2923569763044156,0.909
2019-12-17,0.21332713524807267,1.13
2019-12-18,0.2612570938683335,0.902
2019-12-19,0.5841580739261714,1.38
2019-12-20,0.5727476571049969,4.81
2019-12-21,0.459795876952382,1.64
2019-12-22,0.23075495667996362,1.41
2019-12-23,0.2886421057309272,0.824
2019-12-24,0.1844050968562561,0.724
2019-12-25,0.16191426846468848,0.5
2019-12-26,0.25387212235246065,0.558
2019-12-27,0.15797005669290368,0.508
2019-12-28,0.14062077057763472,0.418
2019-12-29,0.13103178541172378,0.366
2019-12-30,0.12384257519585219,0.294
2019-12-31,0.11829026973336551,0.264
2020-01-01,0.11400967152981142,0.243
2020-01-02,0.37661348065225686,0.316
2020-01-03,0.19548914746829227,1.11
2020-01-04,0.14295994272659618,0.639
2020-01-05,0.132422772894989,0.455
2020-01-06,0.12703212788920715,0.387
2020-01-07,0.12183789469813246,0.305
2020-01-08,0.18737652585347092,0.298
2020-01-09,0.4483697102911174,0.783
2020-01-10,0.18295268654948507,0.785
2020-01-11,0.1762103285500717,0.548
2020-01-12,0.15032818436076706,0.464
2020-01-13,0.30580875465579305,0.64
2020-01-14,0.5638040397004376,1.2
2020-01-15,0.26538261691456644,2.26
2020-01-16,0.3020263804840019,0.842
2020-01-17,0.21443839365286538,0.703
2020-01-18,0.18634598460373047,0.472
2020-01-19,0.17240905277925703,0.313
2020-01-20,0.16170268952135305,0.26
2020-01-21,0.15438504625868602,0.232
2020-01-22,0.1477126291838208,0.212
2020-01-23,0.14449156449323383,0.212
2020-01-24,0.13797998176222134,0.207
2020-01-25,0.13437681098202633,0.19
2020-01-26,0.16138810447990168,0.205
2020-01-27,0.44678886226978565,0.762
2020-01-28,0.1963044558292201,0.615
2020-01-29,0.16784005534630628,0.363
2020-01-30,0.15921052978873662,0.305
2020-01-31,0.15226258528748185,0.25
2020-02-01,0.2773901590309793,0.267
2020-02-02,0.17219524508100273,0.255
2020-02-03,0.1588404425984945,0.208
2020-02-04,0.1521467606043104,0.153
2020-02-05,0.14779691473063936,0.128
2020-02-06,0.14451580886189855,0.144
2020-02-07,0.16861616209684024,0.168
2020-02-08,0.14584586548427575,0.16
2020-02-09,0.3786330607242309,0.479
2020-02-10,0.22719553142098853,0.519
2020-02-11,0.1727993337121491,0.277
2020-02-12,0.40181702329499003,0.329
2020-02-13,0.21060345090232013,0.497
2020-02-14,0.2238644314302491,0.328
2020-02-15,0.3783465918527397,0.447
2020-02-16,0.5344145809256098,2.95
2020-02-17,0.27702042935179827,0.565
2020-02-18,0.24184730760240736,0.403
2020-02-19,0.24802588947309043,0.417
2020-02-20,0.3633455237024342,0.857
2020-02-21,0.23697899977316753,0.565
2020-02-22,0.4044927667906009,0.472
2020-02-23,0.3169283052044582,0.891
2020-02-24,0.2841313238240155,0.701
2020-02-25,0.4015289002927998,0.948
2020-02-26,0.39266207073965015,0.748
2020-02-27,0.37081967463477084,1.35
2020-02-28,0.7389265487407589,1.74
2020-02-29,0.37419722835082575,1.91
2020-03-01,0.4167960987662063,0.666
2020-03-02,0.3056858502080407,0.515
2020-03-03,0.2755444715250812,0.349
2020-03-04,0.2636147111211769,0.305
2020-03-05,0.4499444001105221,0.617
2020-03-06,0.27724872533911776,0.427
2020-03-07,0.25415433964390366,0.303
2020-03-08,0.23460280620705015,0.251
2020-03-09,0.4250866255567329,0.384
2020-03-10,0.2603644170760496,0.375
2020-03-11,0.23882694712635918,0.27
2020-03-12,0.2238801861472687,0.188
2020-03-13,0.21976500486315276,0.146
2020-03-14,0.2101759111955122,0.159
2020-03-15,0.2701537121850584,0.213
2020-03-16,0.21243120280603017,0.122
2020-03-17,0.20357367848579833,0.113
2020-03-18,0.20089296123748904,0.114
2020-03-19,0.19629965769365265,0.168
2020-03-20,0.19346086300003765,0.16
2020-03-21,0.1914662158898636,0.155
2020-03-22,0.18994059653944784,0.151
2020-03-23,0.18869036553762306,0.144
2020-03-24,0.1877228986877458,0.14
2020-03-25,0.1869585684612841,0.136
2020-03-26,0.1863261509578508,0.134
2020-03-27,0.1857284498268996,0.13
2020-03-28,0.18537639989038335,0.124
2020-03-29,0.18587353334972964,0.122
2020-03-30,0.18468395607887367,0.121
2020-03-31,0.18403818523537663,0.119
2020-04-01,0.18358040396964032,0.119
2020-04-02,0.18316481158524725,0.121
2020-04-03,0.18273159983244283,0.113
2020-04-04,0.18228123186065132,0.113
2020-04-05,0.18180591061800766,0.112
2020-04-06,0.18130280194531753,0.108
2020-04-07,0.18077056096691194,0.09
2020-04-08,0.18021001552954666,0.123
2020-04-09,0.17961966583167457,0.104
2020-04-10,0.1789993787744131,0.102
2020-04-11,0.1783528095714882,0.102
2020-04-12,0.2656654942280075,0.154
2020-04-13,0.18854832043335665,0.105
2020-04-14,0.1815569123718364,0.102
2020-04-15,0.17952056137447708,0.094
2020-04-16,0.17805229180827536,0.093
2020-04-17,0.17735017545373125,0.091
2020-04-18,0.1753445812378981,0.09
2020-04-19,0.17406152252378135,0.091
2020-04-20,0.17289140915120718,0.086
2020-04-21,0.17176687138892954,0.086
2020-04-22,0.17067217357420758,0.082
2020-04-23,0.16959845892746755,0.093
2020-04-24,0.16853855910636756,0.087
2020-04-25,0.16748703748109695,0.083
2020-04-26,0.16643973898328024,0.086
2020-04-27,0.1686010213766201,0.086
2020-04-28,0.37897800410761534,0.223
2020-04-29,0.23761639092045386,0.16
2020-04-30,0.32082243999831245,0.247
2020-05-01,0.19083154923668194,0.103
2020-05-02,0.17656214572904771,0.083
2020-05-03,0.17197829753625174,0.078
2020-05-04,0.1685676966055254,0.086
2020-05-05,0.165684461752461,0.088
2020-05-06,0.16318870640112318,0.089
2020-05-07,0.16097884820901318,0.087
2020-05-08,0.15901133676428933,0.082
2020-05-09,0.15723206065324105,0.081
2020-05-10,0.15562731985777514,0.077
2020-05-11,0.15409134921133363,0.054
2020-05-12,0.15267035798705275,0.088
2020-05-13,0.15132483638051253,0.072
2020-05-14,0.15003768913162915,0.073
2020-05-15,0.14879577928819906,0.072
2020-05-16,0.1475901503354646,0.069
2020-05-17,0.14641285316731095,0.07
2020-05-18,0.1452587496982743,0.072
2020-05-19,0.14412037240527223,0.068
2020-05-20,0.14299662818792627,0.068
2020-05-21,0.14188390371159096,0.069
2020-05-22,0.1407799459730775,0.063
2020-05-23,0.14028835876781554,0.061
2020-05-24,0.13863391110137693,0.061
2020-05-25,0.1375087976703904,0.067
2020-05-26,0.1364242799697448,0.063
2020-05-27,0.13534605515410827,0.066
2020-05-28,0.13427125115452557,0.069
2020-05-29,0.13319990569297538,0.065
2020-05-30,0.13213180466440788,0.061
2020-05-31,0.13106694062825952,0.058
2020-06-01,0.13000537318784047,0.057
2020-06-02,0.12894720636970314,0.056
2020-06-03,0.1290938391189939,0.058
2020-06-04,0.1306283831446989,0.087
2020-06-05,0.12841939147040887,0.08
2020-06-06,0.1836084465306752,0.093
2020-06-07,0.1341453322675363,0.076
2020-06-08,0.12807155720756225,0.083
2020-06-09,0.12746999127628,0.095
2020-06-10,0.12949655817954403,0.142
2020-06-11,0.1230170800654427,0.115
2020-06-12,0.1209692546236866,0.108
2020-06-13,0.11953426406130735,0.102
2020-06-14,0.11823142121745685,0.1
2020-06-15,0.11702037190104386,0.103
2020-06-16,0.11704428798235957,0.132
2020-06-17,0.45374969717441666,0.491
2020-06-18,0.35773111226030774,0.167
2020-06-19,0.15553989158776682,0.081
2020-06-20,0.1305525716529481,0.078
2020-06-21,0.12510961413540955,0.073
2020-06-22,0.12137655880633388,0.058
2020-06-23,0.118389525924215,0.086
2020-06-24,0.1158550912982478,0.063
2020-06-25,0.11645390791038103,0.074
2020-06-26,0.11282701755508623,0.09
2020-06-27,0.11213030248339553,0.116
2020-06-28,0.11070377485462159,0.078
2020-06-29,0.10740366833272914,0.07
2020-06-30,0.10613896664424205,0.071
2020-07-01,0.10675394979970226,0.075
2020-07-02,0.11432644404294125,0.072
2020-07-03,0.10393645178899891,0.071
2020-07-04,0.10235594114523772,0.069
2020-07-05,0.10098744725934536,0.067
2020-07-06,0.10007505364651828,0.067
2020-07-07,0.25126115020861606,0.135
2020-07-08,0.2694448590904106,0.204
2020-07-09,0.2557881500096316,0.216
2020-07-10,0.12803356443298805,0.085
2020-07-11,0.11454017598583303,0.077
2020-07-12,0.10990464481015608,0.079
2020-07-13,0.20360019990736683,0.152
2020-07-14,0.11706219679304526,0.084
2020-07-15,0.10851303758370416,0.078
2020-07-16,0.10432830340287322,0.076
2020-07-17,0.1016169857403415,0.075
2020-07-18,0.10136472491397756,0.076
2020-07-19,0.0976925377188847,0.069
2020-07-20,0.09593979143388243,0.069
2020-07-21,0.0945303376121674,0.067
2020-07-22,0.09329776409235548,0.066
2020-07-23,0.09596946598411038,0.099
2020-07-24,0.09188625986705469,0.071
2020-07-25,0.2832173263417142,0.223
2020-07-26,0.1145554894218215,0.08
2020-07-27,0.10158837601506905,0.097
2020-07-28,0.09537641417890481,0.071
2020-07-29,0.09310645803191502,0.065
2020-07-30,0.09138279583718745,0.069
2020-07-31,0.08991558575021945,0.069
2020-08-01,0.0886444055371627,0.064
2020-08-02,0.087577402478423,0.065
2020-08-03,0.08653615743341228,0.044
2020-08-04,0.08562096973750324,0.067
2020-08-05,0.08479725500726197,0.075
2020-08-06,0.08403711464042964,0.064
2020-08-07,0.08332732017664735,0.066
2020-08-08,0.08265773567672921,0.066
2020-08-09,0.08202137115631634,0.062
2020-08-10,0.08222798397808259,0.063
2020-08-11,0.080951855121675,0.066
2020-08-12,0.18450980506205908,0.066
2020-08-13,0.4295097524580029,1.48
2020-08-14,0.4494147791639064,0.646
2020-08-15,0.44016954425331933,0.593
2020-08-16,0.3503209799569573,0.334
2020-08-17,0.2021294671617944,0.209
2020-08-18,0.13297708014506368,0.132
2020-08-19,0.19251909718959256,0.183
2020-08-20,0.11647582588081264,0.117
2020-08-21,0.10547536732491218,0.097
2020-08-22,0.10000056720613947,0.09
2020-08-23,0.09761433670368475,0.091
2020-08-24,0.40656648074316554,0.492
2020-08-25,0.13260027606339195,0.406
2020-08-26,0.10188785613601944,0.147
2020-08-27,0.434885407885183,1.56
2020-08-28,0.47894970314381546,1.31
2020-08-29,0.4662260564181555,1.01
2020-08-30,0.25557732822858337,0.57
2020-08-31,0.1428864914466047,0.241
2020-09-01,0.12332936060297908,0.152
2020-09-02,0.11262243324693494,0.132
2020-09-03,0.10656018408701784,0.124
2020-09-04,0.10109848370216813,0.109
2020-09-05,0.09714618482065694,0.101
2020-09-06,0.09419643184895506,0.097
2020-09-07,0.09186485170019207,0.092
2020-09-08,0.09006473118591249,0.092
2020-09-09,0.08848008880980242,0.088
2020-09-10,0.0872597160923307,0.087
2020-09-11,0.08627476914887575,0.082
2020-09-12,0.08546935215996901,0.081
2020-09-13,0.0848054200080044,0.081
2020-09-14,0.08425015344797952,0.052
2020-09-15,0.08378020608093116,0.074
2020-09-16,0.08337338116040127,0.094
2020-09-17,0.0830159532554196,0.075
2020-09-18,0.08269598872791316,0.072
2020-09-19,0.08239980161627466,0.073
2020-09-20,0.08212634402064067,0.074
2020-09-21,0.08186006450667016,0.073
2020-09-22,0.08427288090833142,0.072
2020-09-23,0.3537081048733592,0.214
2020-09-24,0.1810205969436408,0.121
2020-09-25,0.1016207108663236,0.115
2020-09-26,0.09682004783016154,0.09
2020-09-27,0.0908365768939296,0.096
2020-09-28,0.09119139401338174,0.088
2020-09-29,0.08859873332140815,0.1
2020-09-30,0.2551288647122057,0.251
2020-10-01,0.10952807035203112,0.13
2020-10-02,0.3255861339245725,0.26
2020-10-03,0.39960514487016535,0.739
2020-10-04,0.24373489694470435,1.18
2020-10-05,0.17744005043994257,0.625
2020-10-06,0.17671925398401694,0.635
2020-10-07,0.2395719002672488,0.47
2020-10-08,0.12245242533819468,0.596
2020-10-09,0.10914185134696233,0.337
2020-10-10,0.26700996028274165,0.919
2020-10-11,0.11669158612827624,0.579
2020-10-12,0.14733381495927167,0.336
2020-10-13,0.2649179705934905,0.656
2020-10-14,0.15086542154229443,0.729
2020-10-15,0.11203381511598566,0.44
2020-10-16,0.10317604069301627,0.282
2020-10-17,0.09871217197850998,0.212
2020-10-18,0.09511622655902538,0.17
2020-10-19,0.09263242974358828,0.149
2020-10-20,0.22309962365643768,0.177
2020-10-21,0.31300344656846646,0.955
2020-10-22,0.11820598556461306,0.484
2020-10-23,0.10121345442634505,0.283
2020-10-24,0.4088575031900471,0.935
2020-10-25,0.1361762137584606,0.887
2020-10-26,0.1090622792161059,0.378
2020-10-27,0.16945616716438952,0.379
2020-10-28,0.19871245247625333,0.548
2020-10-29,0.22621728640509217,0.906
2020-10-30,0.13987010427023608,0.597
2020-10-31,0.2849324424597741,1.25
2020-11-01,0.12517635965121884,0.745
2020-11-02,0.2938270903486981,0.415
2020-11-03,0.14184526419358948,0.821
2020-11-04,0.1167261171309506,0.415
2020-11-05,0.10964044419013838,0.277
2020-11-06,0.10468099917290562,0.234
2020-11-07,0.10101559081784747,0.203
2020-11-08,0.09851202416784234,0.181
2020-11-09,0.15031192390582374,0.21
2020-11-10,0.10104243628876299,0.177
2020-11-11,0.1477636361182573,0.215
2020-11-12,0.10024884320577403,0.209
2020-11-13,0.1055658782280465,0.188
2020-11-14,0.4325061934801916,0.462
2020-11-15,0.28651702894595943,2.44
2020-11-16,0.19792812992340406,0.712
2020-11-17,0.12210366383593105,0.482
2020-11-18,0.11213071037346534,0.355
2020-11-19,0.10723586008147892,0.233
2020-11-20,0.11551836542188094,0.195
2020-11-21,0.10374913419245499,0.181
2020-11-22,0.10007424141335843,0.165
2020-11-23,0.09801458435206938,0.145
2020-11-24,0.09567962782777119,0.145
2020-11-25,0.09511170630177987,0.139
2020-11-26,0.09310004426127903,0.123
2020-11-27,0.09288133329810841,0.119
2020-11-28,0.09114601686450555,0.114
2020-11-29,0.09033562139644495,0.11
2020-11-30,0.12883533287048488,0.121
2020-12-01,0.09591781953862444,0.112
2020-12-02,0.10494814428910992,0.12
2020-12-03,0.5472790449023645,2.82
2020-12-04,0.553535869015099,5.4
2020-12-05,0.4907105497781927,1.43
2020-12-06,0.37603020782445157,0.697
2020-12-07,0.17560727571037602,0.492
2020-12-08,0.4576670578424613,0.622
2020-12-09,0.195881825620194,1.51
2020-12-10,0.4703030452371129,0.997
2020-12-11,0.21225866432825805,1.75
2020-12-12,0.29929708170879854,1.31
2020-12-13,0.4603252734312837,1.35
2020-12-14,0.2618240306665974,1.7
2020-12-15,0.19408859126717048,0.795
2020-12-16,0.22981254107685542,0.569
2020-12-17,0.1716276436029818,0.438
2020-12-18,0.19259853662589388,0.389
2020-12-19,0.1962929758094912,0.419
2020-12-20,0.3931291862434517,0.364
2020-12-21,0.48809097974476884,2.26
2020-12-22,0.34332173852748027,1.39
2020-12-23,0.7761839681485363,4.46
2020-12-24,0.5701131477215456,2.13
2020-12-25,0.3060706643135508,0.8
2020-12-26,0.6032659293675596,0.973
2020-12-27,0.31276552572518296,1.53
2020-12-28,0.2754474044556834,0.668
2020-12-29,0.23969246742449496,0.437
2020-12-30,0.2183427980604267,0.334
2020-12-31,0.20133393315951076,0.277
2021-01-01,0.19094176706587349,0.238
2021-01-02,0.18034965674183515,0.232
2021-01-03,0.17414615751563672,0.222
2021-01-04,0.16581461259955294,0.216
2021-01-05,0.26993542985165303,0.218
2021-01-06,0.18377709296366557,0.217
2021-01-07,0.17123205071853878,0.203
2021-01-08,0.16530878850535327,0.179
2021-01-09,0.1619498831931058,0.159
2021-01-10,0.15807768967129546,0.164
2021-01-11,0.3608654556312216,0.23
2021-01-12,0.20434181471820814,0.339
2021-01-13,0.8838184991056725,1.98
2021-01-14,0.79901435296457,4.92
2021-01-15,0.6722096608881538,1.07
2021-01-16,0.7861564669606669,2.52
2021-01-17,0.4460097495274345,1.03
2021-01-18,0.5404581795765562,0.69
2021-01-19,0.3805694943701672,0.682
2021-01-20,0.47340083718661846,0.662
2021-01-21,0.3421735953211836,0.575
2021-01-22,0.3402953088022759,0.412
2021-01-23,0.35112742473601477,0.371
2021-01-24,0.3844205908750111,0.353
2021-01-25,0.29587528440733707,0.303
2021-01-26,0.5384867040021813,0.641
2021-01-27,0.9406116977646857,1.67
2021-01-28,0.848664621482283,3.06
2021-01-29,0.6670103604128472,1.49
2021-01-30,0.589498206843905,1.47
2021-01-31,0.5128799721730889,0.844
2021-02-01,0.7034137942445516,0.744
2021-02-02,0.4621319833129707,1.3
2021-02-03,0.4029685090147845,0.685
2021-02-04,0.691552450255307,0.88
2021-02-05,0.5132614548496148,0.962
2021-02-06,0.920216210299351,2.73
2021-02-07,0.7074597481488959,1.29
2021-02-08,0.6267972013114962,0.698
2021-02-09,0.530273888344894,0.535
2021-02-10,0.44806134831374544,0.396
2021-02-11,0.40985597937933754,0.317
2021-02-12,0.38160183708197304,0.266
2021-02-13,0.35971267973054677,0.225
2021-02-14,0.4411548909408173,0.238
2021-02-15,0.366719283012208,0.354
2021-02-16,0.3490997307721389,0.391
2021-02-17,0.3419473373125163,0.361
2021-02-18,0.3907674847148819,0.465
2021-02-19,0.33696922238972055,0.376
2021-02-20,0.3250135271539228,0.313
2021-02-21,0.31760610206941314,0.255
2021-02-22,0.3211250218181268,0.234
2021-02-23,0.3089097247802923,0.206
2021-02-24,0.30539095220792467,0.196
2021-02-25,0.30274518811949724,0.179
2021-02-26,0.30101342360063965,0.164
2021-02-27,0.2997494542116304,0.156
2021-02-28,0.29878539514102176,0.158
2021-03-01,0.298095318605909,0.154
2021-03-02,0.29758439399274483,0.153
2021-03-03,0.5941515074497473,0.304
2021-03-04,0.3519810310640325,0.299
2021-03-05,0.32480035624317644,0.243
2021-03-06,0.3181413028378123,0.22
2021-03-07,0.3138887523575991,0.199
2021-03-08,0.3121215607612197,0.184
2021-03-09,0.3444924889308115,0.18
2021-03-10,0.3981959540803702,0.275
2021-03-11,0.35468866740291255,0.232
2021-03-12,0.40413342686688886,0.236
2021-03-13,0.34152946771508336,0.206
2021-03-14,0.619035104516903,0.41
2021-03-15,0.4162237560447783,0.501
2021-03-16,0.3925348533257441,0.465
2021-03-17,0.37250917290973795,0.465
2021-03-18,0.4560808274247496,0.54
2021-03-19,0.36661536659731553,0.572
2021-03-20,0.34835254865246157,0.383
2021-03-21,0.33742034815069777,0.302
2021-03-22,0.32879907344192305,0.253
2021-03-23,0.32175193892638165,0.222
2021-03-24,0.3159481957294973,0.206
2021-03-25,0.3118964834274688,0.196
2021-03-26,0.34488535857787994,0.238
2021-03-27,0.3090005012546017,0.174
2021-03-28,0.30326223740414804,0.161
2021-03-29,0.300000895988275,0.15
2021-03-30,0.2972526525787853,0.142
2021-03-31,0.2948050193094295,0.143
2021-04-01,0.29258110887380273,0.136
2021-04-02,0.2905252347363662,0.133
2021-04-03,0.28859538009476693,0.127
2021-04-04,0.28676594362883767,0.129
2021-04-05,0.2849863399244953,0.127
2021-04-06,0.2832609127844753,0.102
2021-04-07,0.28155765976693775,0.134
2021-04-08,0.27987354735250886,0.123
2021-04-09,0.27882246734435184,0.121
2021-04-10,0.2775710920806857,0.118
2021-04-11,0.27515498876669836,0.117
2021-04-12,0.2731577031124073,0.109
2021-04-13,0.271468565983359,0.111
2021-04-14,0.2697025770590789,0.112
2021-04-15,0.2680525474172582,0.114
2021-04-16,0.2662111459781449,0.114
2021-04-17,0.2644209617475252,0.11
2021-04-18,0.26265944505239647,0.114
2021-04-19,0.2608152439710246,0.114
2021-04-20,0.2589842274954966,0.104
2021-04-21,0.25713944773921976,0.098
2021-04-22,0.25528129784409836,0.096
2021-04-23,0.2534065528500372,0.094
2021-04-24,0.2515189186488993,0.095
2021-04-25,0.24961927857032518,0.097
2021-04-26,0.2477088805868937,0.096
2021-04-27,0.2457914072696749,0.098
2021-04-28,0.24385915663664257,0.096
2021-04-29,0.24192363042251347,0.094
2021-04-30,0.23998400105578194,0.095
2021-05-01,0.2382172553806258,0.091
2021-05-02,0.23637055951876093,0.089
2021-05-03,0.4275854397235174,0.226
2021-05-04,0.30644613021594497,0.227
2021-05-05,0.24714633978065473,0.118
2021-05-06,0.2390188157506245,0.104
2021-05-07,0.4355619314021752,0.133
2021-05-08,0.257165054593937,0.308
2021-05-09,0.2762911707814546,0.191
2021-05-10,0.23939548195293595,0.137
2021-05-11,0.23454062328546932,0.165
2021-05-12,0.22786507109794746,0.129
2021-05-13,0.48517221483039485,0.333
2021-05-14,0.25313931736291206,0.223
2021-05-15,0.23253482104083026,0.177
2021-05-16,0.22495313181778068,0.182
2021-05-17,0.26386463365180834,0.224
2021-05-18,0.2603694292897502,0.161
2021-05-19,0.22461580593769098,0.157
2021-05-20,0.21571755599785059,0.122
2021-05-21,0.44101309213330153,0.361
2021-05-22,0.23590636980894314,0.363
2021-05-23,0.30451511848344065,0.244
2021-05-24,0.2481230511867878,0.201
2021-05-25,0.2156991939438934,0.152
2021-05-26,0.2091654358695403,0.129
2021-05-27,0.20434026224131896,0.119
2021-05-28,0.2005770580524291,0.109
2021-05-29,0.19719824398308738,0.096
2021-05-30,0.19421412096936688,0.091
2021-05-31,0.19151532584220296,0.091
2021-06-01,0.1890430917102268,0.094
2021-06-02,0.1867964291182211,0.09
2021-06-03,0.18461194559727195,0.088
2021-06-04,0.49745656282632733,0.485
2021-06-05,0.22227831706155288,0.155
2021-06-06,0.19365677256247227,0.115
2021-06-07,0.1878252547897824,0.106
2021-06-08,0.18402692023960943,0.097
2021-06-09,0.18077341543421796,0.096
2021-06-10,0.17788603638434858,0.094
2021-06-11,0.175287716889298,0.094
2021-06-12,0.172921041145648,0.09
2021-06-13,0.17074050618150063,0.087
2021-06-14,0.16870981451514377,0.084
2021-06-15,0.16680031746328097,0.084
2021-06-16,0.2775005396460121,0.191
2021-06-17,0.4901203728616592,0.322
2021-06-18,0.495037828749214,0.721
2021-06-19,0.22299746212938534,0.313
2021-06-20,0.18777122558551748,0.19
2021-06-21,0.17982086659105034,0.152
2021-06-22,0.17260413576739614,0.116
2021-06-23,0.16806142656262005,0.109
2021-06-24,0.16495253561865145,0.103
2021-06-25,0.16122272252011688,0.106
2021-06-26,0.15829568585182516,0.094
2021-06-27,0.18883219999171025,0.138
2021-06-28,0.1602961826526461,0.111
2021-06-29,0.15710400887052442,0.08
2021-06-30,0.15384187412464484,0.124
2021-07-01,0.1504731316704638,0.1
2021-07-02,0.15130622803255162,0.114
2021-07-03,0.14713474680274938,0.112
2021-07-04,0.1486805553783524,0.102
2021-07-05,0.36108577703362665,0.224
2021-07-06,0.1692537854420815,0.171
2021-07-07,0.15036843855371015,0.11
2021-07-08,0.14650240479622956,0.103
2021-07-09,0.14500666612049756,0.099
2021-07-10,0.14118556576097804,0.096
2021-07-11,0.14531421570808215,0.11
2021-07-12,0.42676967476535926,0.299
2021-07-13,0.17216339302993322,0.114
2021-07-14,0.14644300899818188,0.098
2021-07-15,0.14150521084917447,0.094
2021-07-16,0.13832552720961488,0.088
2021-07-17,0.13564871145722784,0.083
2021-07-18,0.13331532087861964,0.081
2021-07-19,0.13125306787144794,0.082
2021-07-20,0.4609137183327733,0.541
2021-07-21,0.28324924062778445,0.287
2021-07-22,0.15657788043841245,0.122
2021-07-23,0.14092976535207982,0.098
2021-07-24,0.13632863036518003,0.089
2021-07-25,0.46729738792801073,2.53
2021-07-26,0.3326808561804972,0.647
2021-07-27,0.16450155672764655,0.238
2021-07-28,0.14379093693420728,0.169
2021-07-29,0.13930573256607262,0.138
2021-07-30,0.2262788543912695,0.223
2021-07-31,0.1433964057999034,0.147
2021-08-01,0.15716269268506436,0.139
2021-08-02,0.13356072881085282,0.113
2021-08-03,0.12857219298613742,0.105
2021-08-04,0.12534012947551207,0.102
2021-08-05,0.19045214875576444,0.141
2021-08-06,0.1334072579059978,0.113
2021-08-07,0.2109324437543306,0.528
2021-08-08,0.13637845695490966,0.186
2021-08-09,0.126196860648506,0.134
2021-08-10,0.12093333726210496,0.114
2021-08-11,0.11837335968473221,0.104
2021-08-12,0.11632209316402556,0.119
2021-08-13,0.11448872993557668,0.097
2021-08-14,0.1129219068498166,0.091
2021-08-15,0.11269704812166116,0.095
2021-08-16,0.11248828073457354,0.094
2021-08-17,0.10981684261002712,0.103
2021-08-18,0.10821709601623931,0.092
2021-08-19,0.1073167577294366,0.089
2021-08-20,0.10642319478590465,0.092
2021-08-21,0.25407517876801716,0.179
2021-08-22,0.12286579432012565,0.142
2021-08-23,0.11104357019438613,0.108
2021-08-24,0.10836898363625552,0.088
2021-08-25,0.10659748095249448,0.085
2021-08-26,0.10506409704255011,0.087
2021-08-27,0.10369904069885678,0.084
2021-08-28,0.10267096048037049,0.082
2021-08-29,0.10139905109215845,0.082
2021-08-30,0.10043090029025122,0.083
2021-08-31,0.09954031753636138,0.082
2021-09-01,0.09859306682113228,0.088
2021-09-02,0.09772005025218816,0.087
2021-09-03,0.09691828498193451,0.082
2021-09-04,0.0961485344250804,0.077
2021-09-05,0.09540265381367567,0.08
2021-09-06,0.09467634877790967,0.082
2021-09-07,0.09396591041190225,0.081
2021-09-08,0.09594019005257941,0.106
2021-09-09,0.09276801112758762,0.086
2021-09-10,0.1247643157700654,0.099
2021-09-11,0.09706521556973231,0.08
2021-09-12,0.09387963016639218,0.081
2021-09-13,0.1749720566489148,0.083
2021-09-14,0.41764671195868086,0.486
2021-09-15,0.14206710610591872,0.15
2021-09-16,0.10841133380367839,0.122
2021-09-17,0.10255884108849692,0.091
2021-09-18,0.0991052598855178,0.087
2021-09-19,0.4512019848582983,1.18
2021-09-20,0.4275474439382114,0.412
2021-09-21,0.2547764170786368,0.19
2021-09-22,0.12919281410279645,0.134
2021-09-23,0.10823771380194509,0.116
2021-09-24,0.10269799797076,0.107
2021-09-25,0.0989985307334146,0.103
2021-09-26,0.09831791114420642,0.102
2021-09-27,0.09442711734327862,0.116
2021-09-28,0.3746399413961122,0.315
2021-09-29,0.12480092757802837,0.177
2021-09-30,0.1018997353141308,0.128
2021-10-01,0.09625240860921142,0.123
2021-10-02,0.40435199504687935,0.763
2021-10-03,0.1677618998507282,0.422
2021-10-04,0.44538360537456095,0.658
2021-10-05,0.24277134911881285,1.19
2021-10-06,0.12595999621631213,0.353
2021-10-07,0.11030775597882977,0.209
2021-10-08,0.10444778504718458,0.156
2021-10-09,0.10013004515241267,0.138
2021-10-10,0.09702013740734496,0.125
2021-10-11,0.09385299127422515,0.112
2021-10-12,0.09282257208804984,0.108
2021-10-13,0.08974679741585849,0.103
2021-10-14,0.08821738464573532,0.102
2021-10-15,0.08684288332662725,0.099
2021-10-16,0.08631268177297487,0.105
2021-10-17,0.08504024061467709,0.098
2021-10-18,0.09311471893028524,0.11
2021-10-19,0.39601244520828044,0.334
2021-10-20,0.44462128430933506,2.1
2021-10-21,0.35561019678145256,1.36
2021-10-22,0.13320407343345897,0.409
2021-10-23,0.11023783581560084,0.244
2021-10-24,0.09945152623345971,0.189
2021-10-25,0.09767054322726523,0.192
2021-10-26,0.09280100639293426,0.151
2021-10-27,0.09045578588878457,0.129
2021-10-28,0.09050504366470458,0.132
2021-10-29,0.089594923871472,0.164
2021-10-30,0.13688778845456862,0.134
2021-10-31,0.17885835492246513,0.359
2021-11-01,0.09947483123846969,0.193
2021-11-02,0.09161533507905817,0.172
2021-11-03,0.15984716538869978,0.181
2021-11-04,0.09729160205865943,0.143
2021-11-05,0.0896380587171562,0.12
2021-11-06,0.08741496491524811,0.116
2021-11-07,0.08569466898801754,0.115
2021-11-08,0.08461188125064562,0.109
2021-11-09,0.08406344965445069,0.109
2021-11-10,0.08295993857165286,0.114
2021-11-11,0.08189433241968973,0.11
2021-11-12,0.08362317297541416,0.14
2021-11-13,0.08279376888313074,0.118
2021-11-14,0.07989749772615252,0.115
2021-11-15,0.07924071689252335,0.11
2021-11-16,0.0790264095716754,0.108
2021-11-17,0.07832529042536016,0.106
2021-11-18,0.07800162654112051,0.106
2021-11-19,0.07752084001667271,0.101
2021-11-20,0.07714705934259242,0.099
2021-11-21,0.0787898816149153,0.101
2021-11-22,0.07668935858923609,0.098
2021-11-23,0.07617343705855004,0.099
2021-11-24,0.07610037110550665,0.099
2021-11-25,0.07639945125156143,0.1
2021-11-26,0.24020642162128714,0.217
2021-11-27,0.34021410680768593,0.836
2021-11-28,0.109026311009942,0.578
2021-11-29,0.08774501799032947,0.274
2021-11-30,0.08413224578814628,0.221
2021-12-01,0.14384567816783123,0.217
2021-12-02,0.08752499084546561,0.166
2021-12-03,0.11759300452306859,0.17
2021-12-04,0.3776968744306923,0.425
2021-12-05,0.13663097279154263,1.22
2021-12-06,0.2137001931434956,0.875
2021-12-07,0.2885082571430003,1.58
2021-12-08,0.11536663384442708,0.807
2021-12-09,0.43839038320031165,1.66
2021-12-10,0.24464994405144588,1.8
2021-12-11,0.216344378096747,0.674
2021-12-12,0.11894265139924741,0.694
2021-12-13,0.10536791968101572,0.466
2021-12-14,0.09884737584868498,0.33
2021-12-15,0.0939464941513582,0.261
2021-12-16,0.09005485040642608,0.251
2021-12-17,0.09090464718490045,0.194
2021-12-18,0.08653791569335184,0.185
2021-12-19,0.08416413260860406,0.183
2021-12-20,0.08147935546785334,0.179
2021-12-21,0.08000178961263149,0.167
2021-12-22,0.09840764476368227,0.175
2021-12-23,0.08094585066302333,0.182
2021-12-24,0.39644703003657983,0.906
2021-12-25,0.36116218673265593,1.6
2021-12-26,0.20967062918873117,1.83
2021-12-27,0.24400272347692306,0.99
2021-12-28,0.16361455375585351,1.0
2021-12-29,0.13518141801669262,0.64
2021-12-30,0.14369667299976782,0.456
2021-12-31,0.11208393587764039,0.4
2022-01-01,0.10370217827244822,0.325
2022-01-02,0.23992690534942376,0.763
2022-01-03,0.12026194847902694,0.582
2022-01-04,0.10535438740590417,0.39
2022-01-05,0.09877674897950095,0.266
2022-01-06,0.11898851255779073,0.242
2022-01-07,0.11624842889940697,0.223
2022-01-08,0.27587882204107306,0.841
2022-01-09,0.12105705048674474,0.522
2022-01-10,0.12432482422328646,0.335
2022-01-11,0.17639776967933665,0.421
2022-01-12,0.11124439197783997,0.411
2022-01-13,0.10213751752802923,0.34
2022-01-14,0.09796012425402204,0.268
2022-01-15,0.0943977049633833,0.248
2022-01-16,0.09186757154483008,0.215
2022-01-17,0.089890131977146,0.189
2022-01-18,0.08836561407552364,0.177
2022-01-19,0.08688469466644318,0.188
2022-01-20,0.08585466517962766,0.156
2022-01-21,0.08505687123400237,0.145
2022-01-22,0.0844282341523058,0.143
2022-01-23,0.08376835223465817,0.141
2022-01-24,0.08330593784655639,0.139
2022-01-25,0.08291057690638985,0.136
2022-01-26,0.0825756047260783,0.138
2022-01-27,0.0822857236096091,0.136
2022-01-28,0.08202608052352611,0.132
2022-01-29,0.0817739086420987,0.131
2022-01-30,0.08188907639167109,0.128
2022-01-31,0.0822367725497095,0.128
2022-02-01,0.08117776501254523,0.125
2022-02-02,0.08089675262958501,0.122
2022-02-03,0.17612924946376057,0.126
2022-02-04,0.17424692778961662,0.341
2022-02-05,0.13059999435194442,0.198
2022-02-06,0.116463796728711,0.232
2022-02-07,0.09003243331815589,0.157
2022-02-08,0.08658722632173073,0.15
2022-02-09,0.16188491018979156,0.226
2022-02-10,0.09269046092958488,0.205
2022-02-11,0.08614631390154259,0.173
2022-02-12,0.08435810956320443,0.175
2022-02-13,0.2939619665638547,0.403
2022-02-14,0.11236082887332488,0.675
2022-02-15,0.3443034300947799,1.77
2022-02-16,0.14504599408756463,1.19
2022-02-17,0.13600332234875548,0.718
2022-02-18,0.11389236043661845,0.653
2022-02-19,0.2941938951153326,0.936
2022-02-20,0.42671154271824535,2.41
2022-02-21,0.16253841605184757,0.967
2022-02-22,0.13174973072689855,0.513
2022-02-23,0.2355487162119139,0.421
2022-02-24,0.17943259817974697,0.785
2022-02-25,0.12860414046244656,0.434
2022-02-26,0.11724815881624252,0.321
2022-02-27,0.11026281446391085,0.273
2022-02-28,0.30662847407268384,0.349
2022-03-01,0.2928686765821068,0.762
2022-03-02,0.1976758678268293,1.34
2022-03-03,0.13654930472646853,0.723
2022-03-04,0.3848467422318279,1.02
2022-03-05,0.2023415900872725,1.73
2022-03-06,0.14744156415445225,0.811
2022-03-07,0.13305198391551662,0.505
2022-03-08,0.12405632143170121,0.369
2022-03-09,0.11710112376074583,0.292
2022-03-10,0.11160919061856117,0.257
2022-03-11,0.109952441457052,0.266
2022-03-12,0.10402244430162476,0.225
2022-03-13,0.10289690902969377,0.24
2022-03-14,0.0991594626531316,0.195
2022-03-15,0.09734518457003533,0.192
2022-03-16,0.3476045862857385,0.663
2022-03-17,0.12486147306574914,0.501
2022-03-18,0.10423926086090504,0.31
2022-03-19,0.10072583299406569,0.266
2022-03-20,0.09881192843912634,0.247
2022-03-21,0.09734164018229373,0.21
2022-03-22,0.09617022042814245,0.194
2022-03-23,0.09522770891408741,0.192
2022-03-24,0.09446453884332699,0.182
2022-03-25,0.09388187248850274,0.167
2022-03-26,0.09333429495369569,0.149
2022-03-27,0.09289303570917637,0.143
2022-03-28,0.09252034935541,0.146
2022-03-29,0.0929608471957286,0.153
2022-03-30,0.0927322551171395,0.15
2022-03-31,0.09194304398003046,0.141
2022-04-01,0.09146013258171215,0.131
2022-04-02,0.09121452697345123,0.123
2022-04-03,0.2055676800072149,0.175
2022-04-04,0.1281423005910056,0.229
2022-04-05,0.10056584212159868,0.197
2022-04-06,0.15255354200215726,0.212
2022-04-07,0.1035755789015839,0.158
2022-04-08,0.09769002777278579,0.127
2022-04-09,0.09579770410537591,0.119
2022-04-10,0.09431072152963432,0.117
2022-04-11,0.09314484300655801,0.114
2022-04-12,0.09216223503707534,0.114
2022-04-13,0.09132362923837796,0.112
2022-04-14,0.09058414727501121,0.107
2022-04-15,0.08993237707355316,0.107
2022-04-16,0.08934730904144479,0.107
2022-04-17,0.08881299227143084,0.105
2022-04-18,0.08831743953718675,0.103
2022-04-19,0.08785167069273685,0.101
2022-04-20,0.08740686434354702,0.104
2022-04-21,0.08697844690575651,0.101
2022-04-22,0.08656143221400989,0.101
2022-04-23,0.08615219118866285,0.1
2022-04-24,0.08574815494117621,0.103
2022-04-25,0.08540035904690513,0.098
2022-04-26,0.08495067526929935,0.096
2022-04-27,0.08454610540944245,0.096
2022-04-28,0.08414442978878128,0.094
2022-04-29,0.08374134661266215,0.092
2022-04-30,0.08333667876264732,0.092
2022-05-01,0.08292850860672045,0.094
2022-05-02,0.08251824515775344,0.097
2022-05-03,0.0830093384192574,0.093
2022-05-04,0.08573185165004053,0.135
2022-05-05,0.0816340199062833,0.099
2022-05-06,0.08165198273993003,0.094
2022-05-07,0.0805493575846851,0.091
2022-05-08,0.08003107696716787,0.095
2022-05-09,0.07976378723077353,0.086
2022-05-10,0.07965978996849941,0.086
2022-05-11,0.08260155628752398,0.098
2022-05-12,0.07854650751545086,0.091
2022-05-13,0.0778611156931257,0.084
2022-05-14,0.07741021572304954,0.084
2022-05-15,0.08094624797521562,0.104
2022-05-16,0.076813346915934,0.069
2022-05-17,0.07611662759657463,0.087
2022-05-18,0.1225923892324312,0.154
2022-05-19,0.08317608344466863,0.096
2022-05-20,0.08316293870026925,0.126
2022-05-21,0.0780544633667574,0.091
2022-05-22,0.0767223856599086,0.093
2022-05-23,0.07697081559605405,0.09
2022-05-24,0.07921563151790302,0.178
2022-05-25,0.07454402797266435,0.096
2022-05-26,0.07354134563145057,0.09
2022-05-27,0.07289206836626834,0.088
2022-05-28,0.07231019967849148,0.086
2022-05-29,0.07201939746635705,0.086
2022-05-30,0.07339373260886525,0.091
2022-05-31,0.0749673819544468,0.127
2022-06-01,0.07059101173420021,0.092
2022-06-02,0.0698267015014303,0.088
2022-06-03,0.06935468812383214,0.085
2022-06-04,0.2626263297460591,0.25
2022-06-05,0.09414707276960577,0.138
2022-06-06,0.07772539119521713,0.109
2022-06-07,0.11063587984659058,0.131
2022-06-08,0.07994881174744797,0.111
2022-06-09,0.07556860807782989,0.092
2022-06-10,0.0734712676264318,0.088
2022-06-11,0.0718518954137495,0.081
2022-06-12,0.07050130992709916,0.081
2022-06-13,0.06935776565693774,0.086
2022-06-14,0.06837917358446335,0.084
2022-06-15,0.06753239605080487,0.083
2022-06-16,0.06679098757872612,0.084
2022-06-17,0.06613405551330322,0.081
2022-06-18,0.06928985106640627,0.125
2022-06-19,0.06530208398103686,0.086
2022-06-20,0.06453588308736571,0.081
2022-06-21,0.06406530426308259,0.084
2022-06-22,0.06363377483082817,0.084
2022-06-23,0.06324012083163627,0.081
2022-06-24,0.06296565170121529,0.082
2022-06-25,0.06246748874825247,0.079
2022-06-26,0.06208980512505967,0.078
2022-06-27,0.06488494907372797,0.087
2022-06-28,0.0616263740854428,0.079
2022-06-29,0.06255287654982154,0.081
2022-06-30,0.0638067672814385,0.085
2022-07-01,0.060884818946845255,0.085
2022-07-02,0.0629797195715515,0.099
2022-07-03,0.05997808487246016,0.103
2022-07-04,0.059432298567989435,0.068
2022-07-05,0.059099865706493684,0.074
2022-07-06,0.05900079073520622,0.095
2022-07-07,0.05848745207687974,0.078
2022-07-08,0.05816378089630687,0.077
2022-07-09,0.05785519288837097,0.077
2022-07-10,0.057549553883455284,0.078
2022-07-11,0.05724629835395368,0.08
2022-07-12,0.057356847007046775,0.074
2022-07-13,0.05667335204768967,0.076
2022-07-14,0.05634917558971983,0.073
2022-07-15,0.056051705298928535,0.072
2022-07-16,0.055757943112073334,0.07
2022-07-17,0.05546631408519894,0.07
2022-07-18,0.055176727864511485,0.071
2022-07-19,0.055062379900874155,0.078
2022-07-20,0.05470914136706636,0.074
2022-07-21,0.05434900882450404,0.071
2022-07-22,0.054047899449591645,0.073
2022-07-23,0.0537608588174901,0.073
2022-07-24,0.05359386922246941,0.072
2022-07-25,0.053767774656491595,0.075
2022-07-26,0.05308273356788279,0.073
2022-07-27,0.052735393126420727,0.071
2022-07-28,0.0524025789708595,0.068
2022-07-29,0.05213233786702715,0.071
2022-07-30,0.052484297297202505,0.069
2022-07-31,0.05183576018344191,0.07
2022-08-01,0.05136450197551027,0.075
2022-08-02,0.05109294239306907,0.076
2022-08-03,0.05083814245062753,0.075
2022-08-04,0.05058574910177683,0.08
2022-08-05,0.050336171974827426,0.074
2022-08-06,0.05008898039473879,0.075
2022-08-07,0.04984414960479829,0.073
2022-08-08,0.0496016818883819,0.055
2022-08-09,0.0493615803901724,0.092
2022-08-10,0.04912384733809894,0.076
2022-08-11,0.04888848395358185,0.072
2022-08-12,0.048656033124174936,0.072
2022-08-13,0.04842490375123175,0.069
2022-08-14,0.04819661213394973,0.07
2022-08-15,0.08824924243070793,0.345
2022-08-16,0.05746385719943446,0.088
2022-08-17,0.12975837337088714,0.171
2022-08-18,0.06366171513537294,0.086
2022-08-19,0.05673972627633054,0.084
2022-08-20,0.05455872854488887,0.078
2022-08-21,0.05292640901660124,0.081
2022-08-22,0.05175213625782246,0.08
2022-08-23,0.05060126688317343,0.081
2022-08-24,0.43910084508196917,0.533
2022-08-25,0.4290639811599797,0.81
2022-08-26,0.4004142431085919,0.17
2022-08-27,0.25628094476372676,0.111
2022-08-28,0.1013648801577446,0.097
2022-08-29,0.0834660407977611,0.091
2022-08-30,0.07092326150275217,0.086
2022-08-31,0.06648146445061749,0.087
2022-09-01,0.06314685608966308,0.079
2022-09-02,0.06053631702115724,0.078
2022-09-03,0.058795040416222896,0.074
2022-09-04,0.058089789967167925,0.076
2022-09-05,0.1319341781106119,0.162
2022-09-06,0.06854976092729233,0.142
2022-09-07,0.06303270072837902,0.096
2022-09-08,0.14438263439118557,0.164
2022-09-09,0.0713988031078664,0.16
2022-09-10,0.06235807345639191,0.085
2022-09-11,0.05895667189603991,0.082
2022-09-12,0.05739520144862204,0.077
2022-09-13,0.05665448051799669,0.075
2022-09-14,0.055256331421576266,0.079
2022-09-15,0.054491648838297345,0.078
2022-09-16,0.05392090797056601,0.073
2022-09-17,0.053454915898076175,0.07
2022-09-18,0.05309266629895715,0.07
2022-09-19,0.052805402562483644,0.072
2022-09-20,0.05257600181190629,0.055
2022-09-21,0.052391234843138804,0.09
2022-09-22,0.054855400000449986,0.076
2022-09-23,0.052411731275526986,0.077
2022-09-24,0.05219223505309428,0.071
2022-09-25,0.07788385117258992,0.083
2022-09-26,0.05705521068928348,0.086
2022-09-27,0.054713300832688286,0.079
2022-09-28,0.05391512521526712,0.078
2022-09-29,0.05337212653912786,0.075
2022-09-30,0.28120509279741107,0.21
2022-10-01,0.0796867322561649,0.087
2022-10-02,0.061857845551829715,0.079
2022-10-03,0.05906093690389458,0.075
2022-10-04,0.05755965133565094,0.088
2022-10-05,0.05742636036986653,0.081
2022-10-06,0.055606679504338695,0.076
2022-10-07,0.05689637275646842,0.076
2022-10-08,0.05426902480622992,0.073
2022-10-09,0.14278813994595238,0.1
2022-10-10,0.06413906207781911,0.102
2022-10-11,0.057456596180730936,0.076
2022-10-12,0.07342830525778896,0.086
2022-10-13,0.05868193676476791,0.08
2022-10-14,0.05669218744483698,0.078
2022-10-15,0.05556137693962904,0.076
2022-10-16,0.1614293649228454,0.157
2022-10-17,0.06638681532643091,0.088
2022-10-18,0.05856325147006451,0.076
2022-10-19,0.3778630233443639,0.101
2022-10-20,0.39134052434279853,1.23
2022-10-21,0.1694542776249461,0.232
2022-10-22,0.14080183699448443,0.133
2022-10-23,0.4083016100572086,1.08
2022-10-24,0.32930921039628014,0.558
2022-10-25,0.10905102104361314,0.205
2022-10-26,0.10851418638015538,0.188
2022-10-27,0.08082369732061179,0.132
2022-10-28,0.09889311598750367,0.113
2022-10-29,0.07822822022719844,0.111
2022-10-30,0.07386245169851491,0.129
2022-10-31,0.1617042186107659,0.132
2022-11-01,0.18729570839571794,0.262
2022-11-02,0.45681137770848373,0.693
2022-11-03,0.42206983454205954,1.67
2022-11-04,0.1675628860350259,0.422
2022-11-05,0.32531921957470245,0.319
2022-11-06,0.45277048622203336,2.36
2022-11-07,0.22688491708365038,0.644
2022-11-08,0.17307586455947968,0.38
2022-11-09,0.11393666032983188,0.253
2022-11-10,0.10159725912580128,0.164
2022-11-11,0.09408923510959362,0.139
2022-11-12,0.08843526412834574,0.125
2022-11-13,0.08390208226901559,0.121
2022-11-14,0.0806384214215057,0.119
2022-11-15,0.19061717751070187,0.224
2022-11-16,0.4090897622752744,0.707
2022-11-17,0.46937994556329,2.45
2022-11-18,0.15414088658447397,0.69
2022-11-19,0.18996754586581133,0.351
2022-11-20,0.15409429912819325,0.347
2022-11-21,0.3831051531963923,0.931
2022-11-22,0.15312600962025213,0.689
2022-11-23,0.2563344398487907,0.988
2022-11-24,0.14992711885270776,0.595
2022-11-25,0.12244780034740008,0.32
2022-11-26,0.23106269416373282,0.281
2022-11-27,0.1919765393314002,0.568
2022-11-28,0.12503202737756755,0.481
2022-11-29,0.1122448868741598,0.326
2022-11-30,0.10619028996914533,0.262
2022-12-01,0.10079742381728893,0.197
2022-12-02,0.09857635534442824,0.178
2022-12-03,0.09413853813946865,0.16
2022-12-04,0.09213242827732583,0.148
2022-12-05,0.09959708603937067,0.143
2022-12-06,0.0912999599516195,0.128
2022-12-07,0.08942775015464076,0.125
2022-12-08,0.08860886776880565,0.124
2022-12-09,0.08760252362141563,0.119
2022-12-10,0.08718199500918322,0.111
2022-12-11,0.3073081584580725,0.112
2022-12-12,0.11384262462507563,0.146
2022-12-13,0.09716585525366726,0.118
2022-12-14,0.09419997095274225,0.11
2022-12-15,0.09252988004579221,0.107
2022-12-16,0.0912753371781719,0.099
2022-12-17,0.09028669707236439,0.099
2022-12-18,0.41733699929306683,1.67
2022-12-19,0.16423395872307422,1.82
2022-12-20,0.11724484267426924,0.724
2022-12-21,0.11000721684159236,0.451
2022-12-22,0.29908103056700214,0.477
2022-12-23,0.4414003714577442,3.25
2022-12-24,0.17004191742183977,0.905
2022-12-25,0.15879745512791507,0.551
2022-12-26,0.13262023748447915,0.352
2022-12-27,0.2100171002737981,0.306
2022-12-28,0.19463388474886176,0.612
2022-12-29,0.13426580022707316,0.45
2022-12-30,0.31372020054511923,0.479
2022-12-31,0.38943046881082116,1.56
2023-01-01,0.3128719997373196,1.05
2023-01-02,0.177319684462115,0.76
2023-01-03,0.24409816952219743,0.598
2023-01-04,0.16146180395241053,0.513
2023-01-05,0.16968855343431333,0.384
2023-01-06,0.14281200103851693,0.32
2023-01-07,0.20223065522956876,0.365
2023-01-08,0.534019900079048,2.84
2023-01-09,0.2395307637575141,1.01
2023-01-10,0.42836226848612846,1.54
2023-01-11,0.43355212472763116,1.06
2023-01-12,0.22485731369350945,1.04
2023-01-13,0.4116830581465787,0.643
2023-01-14,0.3073188129995311,1.16
2023-01-15,0.27149809553545334,0.654
2023-01-16,0.20477919472233638,0.441
2023-01-17,0.18508671331977986,0.307
2023-01-18,0.17191700835708615,0.233
2023-01-19,0.16184552147560163,0.195
2023-01-20,0.15288195860826148,0.176
2023-01-21,0.14608103628737207,0.155
2023-01-22,0.14123890897978902,0.151
2023-01-23,0.13722356823659454,0.146
2023-01-24,0.1340293058823129,0.145
2023-01-25,0.19995238842365579,0.183
2023-01-26,0.19018678114675233,0.252
2023-01-27,0.1478733492401807,0.31
2023-01-28,0.14118364597567812,0.262
2023-01-29,0.1377431571679264,0.249
2023-01-30,0.1351865249640126,0.211
2023-01-31,0.1332022587785507,0.191
2023-02-01,0.131657758092396,0.178
2023-02-02,0.1305183142738062,0.161
2023-02-03,0.1295222076866675,0.15
2023-02-04,0.12878381428645813,0.141
2023-02-05,0.1282045216017409,0.138
2023-02-06,0.12774033048807276,0.121
2023-02-07,0.1274724114482047,0.155
2023-02-08,0.1271647072229242,0.138
2023-02-09,0.12677590776680206,0.134
2023-02-10,0.12652243074414515,0.127
2023-02-11,0.1262804223008334,0.125
2023-02-12,0.12605061193410108,0.122
2023-02-13,0.12593471489885025,0.125
2023-02-14,0.12562262775856192,0.128
2023-02-15,0.1256558133973678,0.127
2023-02-16,0.12509983796055088,0.125
2023-02-17,0.12480035084537648,0.124
2023-02-18,0.12457416995466465,0.118
2023-02-19,0.1241953181367424,0.119
2023-02-20,0.12385926877397783,0.117
2023-02-21,0.12473607714358079,0.117
2023-02-22,0.1259337071342012,0.128
2023-02-23,0.12309742853393522,0.135
2023-02-24,0.12366041937674498,0.124
2023-02-25,0.12253417593401857,0.119
2023-02-26,0.12169636792441182,0.115
2023-02-27,0.12105510558463585,0.112
2023-02-28,0.12056593371139458,0.113
2023-03-01,0.12011909848092821,0.113
2023-03-02,0.11953654613382292,0.113
2023-03-03,0.11920357943201812,0.113
2023-03-04,0.11851120289565695,0.112
2023-03-05,0.11810018361249888,0.114
2023-03-06,0.30734172621374756,0.217
2023-03-07,0.13780647452883749,0.131
2023-03-08,0.3256869162441804,0.232
2023-03-09,0.4666524382044692,2.91
2023-03-10,0.47770396873694776,4.05
2023-03-11,0.2635292610716555,1.07
2023-03-12,0.20774721622190606,0.875
2023-03-13,0.39896125484583156,0.773
2023-03-14,0.26503034633065325,1.4
2023-03-15,0.25740170977673715,0.773
2023-03-16,0.1900515362636865,0.61
2023-03-17,0.3256934877106434,0.891
2023-03-18,0.2794816081120275,0.794
2023-03-19,0.1957499778306324,0.526
2023-03-20,0.1843034513666241,0.406
2023-03-21,0.16937874124078398,0.364
2023-03-22,0.23169867939811334,0.41
2023-03-23,0.2089861354223108,0.413
2023-03-24,0.16802922322037042,0.342
2023-03-25,0.32532725022957415,0.278
2023-03-26,0.18264641621184438,0.365
2023-03-27,0.16206214330261665,0.276
2023-03-28,0.22352941997594164,0.299
2023-03-29,0.2567083990102656,0.399
2023-03-30,0.31472836971781315,0.5
2023-03-31,0.6077327140541422,2.49
2023-04-01,0.2663416360568243,1.68
2023-04-02,0.2159622792114513,0.616
2023-04-03,0.19708357832929976,0.382
2023-04-04,0.1829896057564144,0.289
2023-04-05,0.3449798059134467,0.337
2023-04-06,0.20566939884719002,0.321
2023-04-07,0.17921169440223636,0.24
2023-04-08,0.16859216863045254,0.199
2023-04-09,0.2528660840261384,0.206
2023-04-10,0.2640316273525607,0.415
2023-04-11,0.35706234180747703,0.464
2023-04-12,0.3272039383783726,0.519
2023-04-13,0.22878720323133925,0.364
2023-04-14,0.68124414783574,1.09
2023-04-15,0.42596644365732306,1.77
2023-04-16,0.2800402470896723,0.752
2023-04-17,0.2459318347700609,0.41
2023-04-18,0.22505164348841408,0.29
2023-04-19,0.208836021305606,0.236
2023-04-20,0.22669686947344037,0.231
2023-04-21,0.19495661917507867,0.209
2023-04-22,0.1846250880142814,0.189
2023-04-23,0.19939960979318996,0.201
2023-04-24,0.17552949604095017,0.166
2023-04-25,0.1689782568013763,0.151
2023-04-26,0.1647984990357314,0.144
2023-04-27,0.27312607687236207,0.278
2023-04-28,0.17301673598631642,0.203
2023-04-29,0.16286654070044168,0.154
2023-04-30,0.16123199522992232,0.144
2023-05-01,0.15876260464475084,0.143
2023-05-02,0.1562509351484848,0.131
2023-05-03,0.15490854304984839,0.132
2023-05-04,0.15388800749292786,0.13
2023-05-05,0.465245622178967,0.545
2023-05-06,0.346173246811716,0.56
2023-05-07,0.18680664043190873,0.355
2023-05-08,0.4011520885347181,0.589
2023-05-09,0.34798352854937065,1.55
2023-05-10,0.19164619201910024,0.699
2023-05-11,0.17725258239540556,0.392
2023-05-12,0.18346531557716717,0.342
2023-05-13,0.16893485826718427,0.255
2023-05-14,0.16474083769818026,0.219
2023-05-15,0.16172678239247404,0.181
2023-05-16,0.1593308844381315,0.162
2023-05-17,0.15734747730318308,0.15
2023-05-18,0.1559787920452671,0.148
2023-05-19,0.15525904466345955,0.136
2023-05-20,0.15315062660867812,0.131
2023-05-21,0.1520315662552828,0.132
2023-05-22,0.15108532093054713,0.128
2023-05-23,0.15022841125952272,0.107
2023-05-24,0.14943580059938566,0.143
2023-05-25,0.1486892598816668,0.124
2023-05-26,0.14797486319778755,0.124
2023-05-27,0.14728173093321306,0.117
2023-05-28,0.14660138620745106,0.114
2023-05-29,0.1459272652542961,0.116
2023-05-30,0.14574363896087542,0.118
2023-05-31,0.14461337118331233,0.12
2023-06-01,0.14390004658382224,0.118
2023-06-02,0.14320911023354085,0.119
2023-06-03,0.14251113945996757,0.114
2023-06-04,0.1418031829774143,0.118
2023-06-05,0.141084464038113,0.116
2023-06-06,0.14035462555501,0.118
2023-06-07,0.13961354965317468,0.118
2023-06-08,0.13886129809695047,0.111
2023-06-09,0.13809807063960028,0.112
2023-06-10,0.13732424977811764,0.107
2023-06-11,0.13653999247282303,0.104
2023-06-12,0.13574983426370643,0.103
2023-06-13,0.1349428373989663,0.096
2023-06-14,0.1341309737708543,0.098
2023-06-15,0.13330983217188574,0.096
2023-06-16,0.13248147446670927,0.096
2023-06-17,0.132789520197974,0.155
2023-06-18,0.13315388443305,0.145
2023-06-19,0.2003797548331966,0.105
2023-06-20,0.1411976378759582,0.239
2023-06-21,0.13451942895149901,0.105
2023-06-22,0.13242750261673478,0.1
2023-06-23,0.13048264389229403,0.095
2023-06-24,0.12889786147935847,0.099
2023-06-25,0.12747012475314343,0.099
2023-06-26,0.12615772574015502,0.094
2023-06-27,0.12493653443655106,0.072
2023-06-28,0.26288645534929556,0.209
2023-06-29,0.14157304413027752,0.195
2023-06-30,0.13129069302078253,0.111
2023-07-01,0.12726059809640566,0.101
2023-07-02,0.12498430328144526,0.101
2023-07-03,0.12658140883235428,0.101
2023-07-04,0.4417434776710307,0.445
2023-07-05,0.16446422151129478,0.167
2023-07-06,0.13512648459522106,0.119
2023-07-07,0.1295800092039238,0.109
2023-07-08,0.1264513620013906,0.094
2023-07-09,0.1232742364399143,0.092
2023-07-10,0.12168374049784263,0.094
2023-07-11,0.11890330224286298,0.093
2023-07-12,0.11880174020052008,0.108
2023-07-13,0.11599096155174252,0.09
2023-07-14,0.31870117683322685,0.262
2023-07-15,0.1381256380594663,0.103
2023-07-16,0.12172554349088612,0.097
2023-07-17,0.11837528692920272,0.096
2023-07-18,0.11669126008702287,0.096
2023-07-19,0.11429551383495358,0.092
2023-07-20,0.11265535180756497,0.093
2023-07-21,0.11084398716887683,0.09
2023-07-22,0.293153171278632,0.194
2023-07-23,0.17486138127946804,0.182
2023-07-24,0.12671226707022018,0.246
2023-07-25,0.11694381343281827,0.123
2023-07-26,0.4315277995129325,0.471
2023-07-27,0.1539972632365223,0.264
2023-07-28,0.12479707521195209,0.133
2023-07-29,0.11861799474173407,0.103
2023-07-30,0.1704573654794765,0.143
2023-07-31,0.12067788730491573,0.108
2023-08-01,0.1873170050845372,0.15
2023-08-02,0.1675741061572358,0.201
2023-08-03,0.1215703989235196,0.143
2023-08-04,0.162859159004794,0.145
2023-08-05,0.40724812369491464,0.454
2023-08-06,0.1491551358073005,0.222
2023-08-07,0.1218832489795374,0.129
2023-08-08,0.2513278068872168,0.281
2023-08-09,0.1285919549353972,0.148
2023-08-10,0.1159909303432084,0.117
2023-08-11,0.11159923610430869,0.104
2023-08-12,0.10874401542315561,0.098
2023-08-13,0.10974086271640376,0.101
2023-08-14,0.10424081940970499,0.115
2023-08-15,0.10185693445402748,0.101
2023-08-16,0.1002835577856693,0.098
2023-08-17,0.09896508828628696,0.096
2023-08-18,0.18343190193897685,0.148
2023-08-19,0.10867394710668342,0.097
2023-08-20,0.10163500993512832,0.088
2023-08-21,0.09948471679245842,0.088
2023-08-22,0.09792070409942741,0.091
2023-08-23,0.09665182716506655,0.089
2023-08-24,0.09560157394479156,0.089
2023-08-25,0.09448075635934426,0.09
2023-08-26,0.09515185388481098,0.086
2023-08-27,0.09319776013387997,0.087
2023-08-28,0.09201460073716014,0.087
2023-08-29,0.09438845600863903,0.121
2023-08-30,0.09247781950177943,0.091
2023-08-31,0.24489944347908638,0.142
2023-09-01,0.1086087334191645,0.163
2023-09-02,0.09654397717232376,0.094
2023-09-03,0.0940489974272771,0.091
2023-09-04,0.09239066205865215,0.085
2023-09-05,0.09102814971736804,0.068
2023-09-06,0.08985588249689484,0.101
2023-09-07,0.08882721020555459,0.088
2023-09-08,0.08791149360992168,0.082
2023-09-09,0.08708523582185451,0.084
2023-09-10,0.08642226173488447,0.087
2023-09-11,0.08563893772417346,0.091
2023-09-12,0.08839218687634347,0.106
2023-09-13,0.0846071663095716,0.092
2023-09-14,0.08378850148384309,0.086
2023-09-15,0.08320428241083527,0.095
2023-09-16,0.0826654697344887,0.088
2023-09-17,0.27055720303928565,0.275
2023-09-18,0.10523561696997688,0.129
2023-09-19,0.08972246871455278,0.096
2023-09-20,0.42158797352688393,0.621
2023-09-21,0.42120067708286435,0.333
2023-09-22,0.1497096054543969,0.155
2023-09-23,0.10958890183516987,0.111
2023-09-24,0.0989252975414062,0.099
2023-09-25,0.09470748812369559,0.091
2023-09-26,0.09144035859944705,0.086
2023-09-27,0.08877241440533834,0.088
2023-09-28,0.3051261978112329,0.263
2023-09-29,0.11033482422802701,0.139
2023-09-30,0.09260721212106443,0.097
2023-10-01,0.08883760152754264,0.093
2023-10-02,0.31937925984342963,0.319
2023-10-03,0.11218501228410412,0.132
2023-10-04,0.09276492118024939,0.109
2023-10-05,0.08878172723331484,0.098
2023-10-06,0.08645494348809687,0.095
2023-10-07,0.0843047172079946,0.094
2023-10-08,0.08264776886361962,0.097
2023-10-09,0.08127566387844953,0.082
2023-10-10,0.08016504281300643,0.084
2023-10-11,0.3952628466950528,0.242
2023-10-12,0.43047833583536177,1.22
2023-10-13,0.44518473730650066,1.22
2023-10-14,0.2286749295235056,0.428
2023-10-15,0.12464508754743577,0.192
2023-10-16,0.1075954687199595,0.148
2023-10-17,0.09787926743389691,0.115
2023-10-18,0.405470575440276,0.765
2023-10-19,0.5007182238045451,1.48
2023-10-20,0.5003562170812001,6.03
2023-10-21,0.49658001387014,2.62
2023-10-22,0.44359436754142884,0.99
2023-10-23,0.25373758121458545,0.511
2023-10-24,0.15411839952741313,0.389
2023-10-25,0.1808532545401649,0.287
2023-10-26,0.13025250375769373,0.315
2023-10-27,0.11749099100482784,0.257
2023-10-28,0.43850375979356404,0.686
2023-10-29,0.2725533958680225,1.09
2023-10-30,0.141734003117793,0.567
2023-10-31,0.2006169538358473,0.342
2023-11-01,0.5790492041420969,2.28
2023-11-02,0.5958258186708919,6.94
2023-11-03,0.5299193949498155,1.52
2023-11-04,0.3483694912594966,0.932
2023-11-05,0.20611682934017175,0.55
2023-11-06,0.1765728826599106,0.361
2023-11-07,0.18441709524259112,0.263
2023-11-08,0.2033517223493854,0.399
2023-11-09,0.15020047778119938,0.382
2023-11-10,0.13830211354958719,0.278
2023-11-11,0.13038659254822446,0.208
2023-11-12,0.40501324221317037,0.323
2023-11-13,0.16205949567582492,1.18
2023-11-14,0.18476893822137824,0.653
2023-11-15,0.13949317505156802,0.44
2023-11-16,0.1314428107376515,0.326
2023-11-17,0.4037638313147622,0.368
2023-11-18,0.16924235276436628,1.4
2023-11-19,0.14163876396024622,0.62
2023-11-20,0.25648477672754777,0.531
2023-11-21,0.15352504252685945,0.711
2023-11-22,0.1387597246924872,0.482
2023-11-23,0.13289910948284622,0.365
2023-11-24,0.12826168505956573,0.285
2023-11-25,0.12482331206933307,0.229
2023-11-26,0.33380774245087147,0.293
2023-11-27,0.21154787263068556,0.602
2023-11-28,0.1467784853107333,0.496
2023-11-29,0.13749394390243472,0.361
2023-11-30,0.1324153981472501,0.278
2023-12-01,0.12942344794718127,0.227
2023-12-02,0.16118938962452709,0.196
2023-12-03,0.43324789727120544,0.663
2023-12-04,0.19314386373796916,1.3
2023-12-05,0.15705643551397236,0.652
2023-12-06,0.14928670472284347,0.466
2023-12-07,0.4342854782202774,1.18
2023-12-08,0.3232207449513378,0.987
2023-12-09,0.31306598329605506,1.71
2023-12-10,0.31613883032311607,1.11
2023-12-11,0.4642883678693825,0.804
2023-12-12,0.3742074026019285,1.4
2023-12-13,0.28620179222932934,1.61
2023-12-14,0.22088318409288546,0.861
2023-12-15,0.19858440042433986,0.511
2023-12-16,0.18439416649523083,0.4
2023-12-17,0.1734091044359366,0.351
2023-12-18,0.3901502440260584,0.378
2023-12-19,0.43287512333558575,2.1
2023-12-20,0.23125212414654223,0.895
2023-12-21,0.2081920961596082,0.569
2023-12-22,0.18921095422318657,0.404
2023-12-23,0.18146483356773652,0.334
2023-12-24,0.25167177808189206,0.468
2023-12-25,0.2702464132139323,0.686
2023-12-26,0.28311557794401043,0.545
2023-12-27,0.23379082742472962,0.659
2023-12-28,0.25538276717135916,0.54
2023-12-29,0.24698900949934063,0.43
2023-12-30,0.4509912514736057,0.784
2023-12-31,0.2995060855330597,1.46
