date,simulation,observation
2000-01-01,65.59662613988114,0.047
2000-01-02,70.20987861119292,0.045
2000-01-03,69.35729695629456,0.04
2000-01-12,58.85271949126992,0.311
2000-01-13,57.34026046570439,0.207
2000-01-14,55.87838453902221,0.215
2000-01-15,54.663600102378176,0.123
2000-01-16,53.57582082060045,0.091
2000-01-17,52.5190726282882,0.074
2000-01-18,51.48427478903478,0.064
2000-01-19,50.4704855610294,0.057
2000-01-20,49.47714671509413,0.05
2000-01-21,48.504090652345276,0.048
2000-01-22,47.662445637069105,0.044
2000-01-23,46.69724812979742,0.042
2000-01-24,45.72418571647422,0.046
2000-01-25,44.80515539565597,0.044
2000-01-26,43.923304856825,0.043
2000-01-27,43.06085162468388,0.044
2000-01-28,42.33207921956434,0.049
2000-01-29,41.399169408976334,0.044
2000-01-30,40.5782739860652,0.035
2000-01-31,40.100121447517786,0.055
2000-02-01,39.03212506053377,0.05
2000-02-02,38.242769233736,0.039
2000-02-03,37.49202087022059,0.037
2000-02-04,36.75819642177054,0.04
2000-02-05,36.039096657677995,0.038
2000-02-06,35.33478332729708,0.037
2000-02-07,34.644675038323506,0.035
2000-02-08,34.09721841245102,0.033
2000-02-09,33.36000959437231,0.032
2000-02-10,32.66137905370373,0.032
2000-02-11,32.21472275406416,0.034
2000-02-12,31.413973698542115,0.031
2000-02-13,30.786565761188594,0.026
2000-02-14,30.19696474812501,0.036
2000-02-15,29.638258909246673,0.034
2000-02-16,29.1336821241224,0.034
2000-02-17,28.683657844544744,0.128
2000-02-18,28.20437003543028,0.145
2000-02-19,27.393753716443875,0.097
2000-02-20,27.07658779595919,0.097
2000-02-21,26.337555440554613,0.103
2000-02-22,25.807965852514624,0.079
2000-02-23,25.30611018617178,0.067
2000-02-24,24.816605800572212,0.059
2000-02-25,24.335830872844387,0.048
2000-02-26,23.865305019461076,0.048
2000-02-27,23.404873488857806,0.052
2000-02-28,23.194761169390866,0.053
2000-02-29,22.532456017378067,0.043
2000-03-01,22.07922255125925,0.033
2000-03-02,21.778200602042933,0.05
2000-03-03,21.247472219292188,0.035
2000-03-04,20.82874626007148,0.03
2000-03-05,20.42752516393216,0.031
2000-03-06,20.03542106122354,0.031
2000-03-07,19.65117982410861,0.03
2000-03-08,19.561559546384643,0.04
2000-03-09,19.472593952308166,0.051
2000-03-10,18.59700822115904,0.058
2000-03-11,18.19683108258873,0.038
2000-03-12,17.84486113875419,0.032
2000-03-13,17.50440668032891,0.029
2000-03-14,17.16975324742953,0.024
2000-03-15,16.842517156682018,0.021
2000-03-16,16.52194865909272,0.021
2000-03-17,16.20784792144978,0.024
2000-03-18,15.900070072848315,0.023
2000-03-19,15.598479653037066,0.024
2000-03-20,15.302946290552088,0.024
2000-03-21,15.0138900444972,0.025
2000-03-22,14.729607828125827,0.024
2000-03-23,15.075835662900367,0.053
2000-03-24,14.236575632261937,0.031
2000-03-25,13.9191133260316,0.025
2000-03-26,13.652800273487893,0.023
2000-03-27,13.395584598090688,0.02
2000-03-28,13.143559927137725,0.041
2000-03-29,12.89697556620222,0.056
2000-03-30,12.65549371971411,0.058
2000-03-31,12.41870239359794,0.06
2000-04-01,12.187275662482705,0.06
2000-04-02,13.11626865571882,0.121
2000-04-03,11.842958452857973,0.114
2000-04-04,11.531706170632846,0.08
2000-04-05,11.3085678474364,0.054
2000-04-06,11.097625417875546,0.034
2000-04-07,10.891852661406668,0.031
2000-04-08,10.690227444914024,0.03
2000-04-09,10.49256056707975,0.027
2000-04-10,10.299653824970806,0.03
2000-04-11,11.299745845314918,0.202
2000-04-12,11.21597602006748,0.33
2000-04-13,11.050706324058497,0.922
2000-04-14,9.8485810633319,0.261
2000-04-15,9.42509520881321,0.131
2000-04-16,9.781692242043059,0.125
2000-04-17,9.848442361200043,0.579
2000-04-18,10.174284122569611,0.498
2000-04-19,9.090394609395723,0.495
2000-04-20,8.630479004798204,0.203
2000-04-21,8.575906951191206,0.131
2000-04-22,8.298643647775044,0.102
2000-04-23,8.134257736346562,0.081
2000-04-24,9.089169684187613,0.143
2000-04-25,8.834270719412714,1.3
2000-04-26,8.613763962645459,0.849
2000-04-27,7.67644826296692,0.293
2000-04-28,7.463819860090076,0.151
2000-04-29,7.317766411496142,0.111
2000-04-30,7.182174280012001,0.092
2000-05-01,7.050993796544885,0.074
2000-05-02,6.92340031494409,0.059
2000-05-03,6.799094571818245,0.052
2000-05-04,6.677848640703205,0.046
2000-05-05,6.55949186585653,0.042
2000-05-06,6.4438691147617995,0.038
2000-05-07,6.330850019216662,0.034
2000-05-08,6.2203213541318165,0.032
2000-05-09,6.112185836777761,0.029
2000-05-10,6.006391775588688,0.026
2000-05-11,5.902758886255982,0.025
2000-05-12,5.801315675708549,0.024
2000-05-13,5.701972742916047,0.023
2000-05-14,5.604672871802461,0.023
2000-05-15,5.509351305385368,0.023
2000-05-16,6.515249711981133,0.138
2000-05-17,5.42622529100659,0.057
2000-05-18,6.2909129213544155,0.159
2000-05-19,5.247724219296981,0.075
2000-05-20,5.227243665130658,0.064
2000-05-21,4.9978862489110725,0.072
2000-05-22,4.901428734355581,0.049
2000-05-23,4.81915000830388,0.056
2000-05-24,4.737610146139546,0.037
2000-05-25,4.659210522405245,0.031
2000-05-26,5.779138379014054,0.465
2000-05-27,5.688597164629237,0.488
2000-05-28,5.044374347915338,0.348
2000-05-29,4.507830620042821,0.189
2000-05-30,4.401365536149256,0.184
2000-05-31,4.278973629066636,0.103
2000-06-01,4.2003080106412245,0.078
2000-06-02,4.650523245827485,0.193
2000-06-03,5.616779072416064,3.15
2000-06-04,5.4745128975182,1.61
2000-06-05,5.339519690127505,0.484
2000-06-06,5.473312196410885,0.519
2000-06-07,4.375139271908959,0.22
2000-06-08,3.9195703534726736,0.141
2000-06-09,3.801720475185194,0.107
2000-06-10,3.719802592913022,0.082
2000-06-11,3.6452402441172804,0.066
2000-06-12,3.579603454234071,0.056
2000-06-13,3.5250538092423165,0.046
2000-06-14,3.4531946092431225,0.045
2000-06-15,3.3941835723571536,0.038
2000-06-16,3.3390218865060337,0.034
2000-06-17,3.2861881282213687,0.032
2000-06-18,3.235301015175086,0.03
2000-06-19,3.186128540660452,0.028
2000-06-20,3.138507322442177,0.027
2000-06-21,3.0922577463009144,0.025
2000-06-22,3.0475383794264417,0.029
2000-06-23,3.003485767694979,0.021
2000-06-24,2.9607434329902227,0.02
2000-06-25,2.9189396294980487,0.018
2000-06-26,2.8781501378195795,0.017
2000-06-27,2.8382709709839227,0.017
2000-06-28,2.7993835370110705,0.019
2000-06-29,2.7610761135004673,0.016
2000-06-30,2.7236669124137074,0.016
2000-07-01,2.687322010012104,0.016
2000-07-02,2.6512377431263654,0.019
2000-07-03,2.7892702730617107,0.027
2000-07-04,2.5971182162633872,0.015
2000-07-05,2.549730701592159,0.014
2000-07-06,2.5153502023509584,0.032
2000-07-07,2.4823915151922065,0.014
2000-07-08,2.7350870953942303,0.029
2000-07-09,3.2291639459891965,0.055
2000-07-10,2.4610308231045623,0.024
2000-07-11,2.3659954149339546,0.015
2000-07-12,2.3305021639663703,0.013
2000-07-13,2.3009017830267746,0.012
2000-07-14,2.294601223074217,0.018
2000-07-15,2.2467088920215157,0.012
2000-07-16,2.217548287137558,0.011
2000-07-17,2.190537500072967,0.01
2000-07-18,2.164207810151321,0.01
2000-07-19,2.138413966641132,0.009
2000-07-20,2.113130294570335,0.009
2000-07-21,2.088342863535489,0.008
2000-07-22,2.0640398757706477,0.008
2000-07-23,2.040265996585185,0.008
2000-07-24,2.0169625042965436,0.009
2000-07-25,1.993940609759302,0.011
2000-07-26,1.971453663198915,0.008
2000-07-27,1.9494512091808032,0.007
2000-07-28,1.9279270422521742,0.009
2000-07-29,1.9066228027363945,0.007
2000-07-30,1.885815446383644,0.006
2000-07-31,2.067658566441082,0.019
2000-08-01,1.863590946755237,0.007
2000-08-02,2.4609749384234054,0.013
2000-08-03,1.863466228909123,0.086
2000-08-04,1.7936091932813478,0.01
2000-08-05,1.7703706191691546,0.008
2000-08-06,1.751664223934062,0.006
2000-08-07,1.733731361995243,0.006
2000-08-08,1.716228285297087,0.006
2000-08-09,2.0055657141840966,0.022
2000-08-10,1.7095102703853833,0.007
2000-08-11,1.6684261664188684,0.006
2000-08-12,1.65026121389119,0.01
2000-08-13,1.9234028544311326,0.022
2000-08-14,1.6441095548019642,0.01
2000-08-15,1.6056401467360542,0.008
2000-08-16,1.5884132236491428,0.006
2000-08-17,1.5735979871444252,0.007
2000-08-18,1.5590420591481755,0.008
2000-08-19,2.080981018560717,0.066
2000-08-20,1.7819039750789303,0.041
2000-08-21,1.5403203684562956,0.011
2000-08-22,1.5067258649474369,0.007
2000-08-23,1.4916650730715597,0.006
2000-08-24,1.478538907666965,0.006
2000-08-25,1.466031907222434,0.008
2000-08-26,1.582027576531507,0.018
2000-08-27,1.4530613466770443,0.008
2000-08-28,2.1504853654562512,0.032
2000-08-29,1.4819602878702247,0.009
2000-08-30,1.4128091713044189,0.007
2000-08-31,1.8321021190875484,0.024
2000-09-01,1.9843415057371678,0.063
2000-09-02,1.4275798022743122,0.02
2000-09-03,1.3688074429460377,0.01
2000-09-04,1.3540049505158815,0.008
2000-09-05,1.3751272118035207,0.012
2000-09-06,1.3361700375114662,0.015
2000-09-07,1.3236430395326493,0.012
2000-09-08,1.313577021238534,0.007
2000-09-09,1.3648087404570322,0.01
2000-09-10,1.3003191610396705,0.011
2000-09-11,1.633764354700901,0.011
2000-09-12,1.3077209527669111,0.008
2000-09-13,1.2711180882586774,0.007
2000-09-14,1.2599773836902761,0.006
2000-09-15,1.2532867182155703,0.009
2000-09-16,1.2431803160070651,0.006
2000-09-17,2.264830485287881,0.031
2000-09-18,1.3179911275310372,0.019
2000-09-19,2.4065771916995535,0.01
2000-09-29,1.1770658198335044,0.06
2000-09-30,1.158901691436948,0.046
2000-10-01,1.1497650118058198,0.039
2000-10-02,1.1412855712591987,0.028
2000-10-03,1.1336904290754435,0.025
2000-10-04,2.3047290801657425,0.092
2000-10-05,1.2257295014222638,0.072
2000-10-06,1.128650882477934,0.042
2000-10-07,2.370955641844481,0.512
2000-10-08,1.2479324771685785,0.173
2000-10-09,2.266899815451543,0.455
2000-10-10,1.526280316086865,0.172
2000-10-11,2.560388561843299,0.847
2000-10-12,1.4771308463162933,0.288
2000-10-13,1.3165745255126842,0.128
2000-10-14,1.1968610803455044,0.098
2000-10-15,1.1623997523387852,0.079
2000-10-16,1.1443692820186735,0.063
2000-10-17,1.2983175293240141,0.055
2000-10-18,1.143084246835109,0.052
2000-10-19,1.1123082382235405,0.042
2000-10-20,1.0981499863392779,0.041
2000-10-21,1.0847517742114325,0.034
2000-10-22,1.0768655434401684,0.034
2000-10-23,1.0704919367306356,0.033
2000-10-24,1.4876260553100487,0.045
2000-10-25,1.101702625822914,0.044
2000-10-26,1.065431633240181,0.035
2000-10-27,1.0529745125062813,0.032
2000-10-28,1.8169364759029254,0.114
2000-10-29,2.559028794379845,0.191
2000-10-30,2.3353092178331263,0.902
2000-10-31,1.837937910606257,0.231
2000-11-01,1.261877988716917,0.211
2000-11-02,2.9376380811526985,1.57
2000-11-03,2.7049596714539734,0.585
2000-11-04,1.8107509733339249,0.229
2000-11-05,3.108953464739635,0.527
2000-11-06,4.074661456677609,3.98
2000-11-07,4.331538765365617,2.37
2000-11-08,3.9107244462828983,1.18
2000-11-09,3.4682779782414825,0.527
2000-11-10,3.3118180982307766,0.299
2000-11-11,3.1215052573705875,0.207
2000-11-12,2.9738360450121775,0.154
2000-11-13,1.86544251266773,0.121
2000-11-14,1.51855853335364,0.101
2000-11-15,2.059875114625904,0.116
2000-11-16,1.4970694856133877,0.12
2000-11-17,1.4015443755933747,0.093
2000-11-18,1.5198958462039058,0.095
2000-11-19,1.3521734630376812,0.086
2000-11-20,1.3076302248853877,0.073
2000-11-21,2.2251017346671507,0.152
2000-11-22,1.444781346979232,0.154
2000-11-23,1.341744629600624,0.1
2000-11-24,1.358372842007375,0.085
2000-11-25,1.8487113323107156,0.11
2000-11-26,1.3950180528121203,0.082
2000-11-27,2.6053115785260568,0.16
2000-11-28,2.1864726566737636,0.686
2000-11-29,1.5428114309610073,0.211
2000-11-30,1.4483475573224351,0.13
2000-12-01,1.4018594118552925,0.104
2000-12-02,1.361146757837223,0.082
2000-12-03,1.3478588659767214,0.073
2000-12-04,1.7731450362406267,0.093
2000-12-05,1.526190798501476,0.084
2000-12-06,1.373058550895057,0.073
2000-12-07,3.221308664827235,0.828
2000-12-08,3.1670331966118503,0.862
2000-12-09,2.503485326673744,0.273
2000-12-10,1.6991675336260617,0.164
2000-12-11,2.020757567723282,0.126
2000-12-12,2.748104738939363,0.59
2000-12-13,1.7485131051752516,0.24
2000-12-14,1.5956241544543963,0.133
2000-12-15,1.5312636263689132,0.1
2000-12-16,1.4855634052344535,0.082
2000-12-17,1.4513486791859955,0.071
2000-12-18,1.4226025389004355,0.061
2000-12-19,1.7450386465168244,0.065
2000-12-20,1.459173257376992,0.064
2000-12-21,1.412682634517075,0.061
2000-12-22,1.3987381502959981,0.058
2000-12-23,2.1722517042132137,0.091
2000-12-24,1.530332168557927,0.135
2000-12-25,1.4400784682723073,0.092
2000-12-26,1.4179532797953198,0.074
2000-12-27,1.395842391493316,0.059
2000-12-28,2.015603326579433,0.053
2000-12-29,1.4918547820744203,0.05
2000-12-30,1.42633686546485,0.041
2000-12-31,1.9620213230338328,0.06
2001-01-01,1.594377374544079,0.32
2001-01-02,2.1858524832217174,0.442
2001-01-03,1.5763610080512767,0.173
2001-01-04,1.4849671384655427,0.123
2001-01-05,1.4528448797168374,0.096
2001-01-06,1.4327646438932273,0.078
2001-01-07,1.4545637538667617,0.068
2001-01-08,1.4153754884899492,0.061
2001-01-09,1.5047594138952423,0.056
2001-01-10,1.53998641990549,0.055
2001-01-11,1.4227807113853996,0.054
2001-01-12,1.3977766089681225,0.051
2001-01-13,1.3856901216416317,0.046
2001-01-14,1.3784738132208612,0.043
2001-01-15,1.3691548013527233,0.043
2001-01-16,1.3641112004872764,0.039
2001-01-17,1.357421212139305,0.037
2001-01-18,1.3972591897185993,0.037
2001-01-19,2.425642878898531,0.069
2001-01-20,1.5526994803063867,0.197
2001-01-21,1.4252506536735763,0.107
2001-01-22,1.9928751426038454,0.171
2001-01-23,2.625616471401587,0.495
2001-01-24,1.6395051294617358,0.189
2001-01-25,1.5276147037874173,0.115
2001-01-26,1.4733101378455093,0.091
2001-01-27,1.4428050038266538,0.073
2001-01-28,1.422499386155725,0.059
2001-01-29,1.40429150794409,0.054
2001-01-30,1.5442572310545737,0.056
2001-01-31,1.4079268509739336,0.051
2001-02-01,2.172257865327977,0.099
2001-02-02,2.0489165584691227,0.112
2001-02-03,2.789019334504558,0.397
2001-02-04,3.62896239129683,0.995
2001-02-05,3.8143240700397896,1.57
2001-02-06,3.597384211646555,0.882
2001-02-07,3.040367751180149,0.742
2001-02-08,2.00735120275008,0.269
2001-02-09,1.818907860157205,0.16
2001-02-10,2.5251508944824725,0.288
2001-02-11,1.817909453162854,0.171
2001-02-12,1.6873351660083387,0.121
2001-02-13,1.6214578297234379,0.102
2001-02-14,1.5743593953149906,0.088
2001-02-15,1.5339319178914061,0.076
2001-02-16,1.50302370303463,0.066
2001-02-17,1.4801615766100422,0.061
2001-02-18,1.4592010861910558,0.057
2001-02-19,1.4445824832238536,0.052
2001-02-20,1.431237537457542,0.051
2001-02-21,1.4209262431888248,0.048
2001-02-22,1.4185999041248651,0.049
2001-02-23,1.5327441878667127,0.046
2001-02-24,1.5904216426961022,0.044
2001-02-25,1.642393303684731,0.049
2001-02-26,2.0700434217949564,0.096
2001-02-27,2.836211679654481,0.689
2001-02-28,2.143348107152529,0.499
2001-03-01,1.7980487147395097,0.248
2001-03-02,1.6534333192610595,0.138
2001-03-03,1.5700260486293431,0.103
2001-03-04,1.5306418060966889,0.081
2001-03-05,1.5010625716613932,0.072
2001-03-06,2.0380835633534105,0.084
2001-03-07,1.6368840656211583,0.211
2001-03-08,1.5344884186378422,0.12
2001-03-09,1.4961718591048665,0.105
2001-03-10,1.4673751250380964,0.086
2001-03-11,1.5925681608169604,0.086
2001-03-12,1.4649243705688288,0.074
2001-03-13,1.440100550370684,0.061
2001-03-14,1.4267133386276305,0.054
2001-03-15,1.4165520915021654,0.049
2001-03-16,1.407487260939729,0.046
2001-03-17,1.5352767428616312,0.046
2001-03-18,1.8128431337749202,0.059
2001-03-19,1.4361840320568053,0.047
2001-03-20,1.3944986804519104,0.046
2001-03-21,2.0259389532186005,0.064
2001-03-22,1.7609528514245896,0.138
2001-03-23,1.458768170925313,0.11
2001-03-24,1.534378580421108,0.106
2001-03-25,1.4394282269254024,0.14
2001-03-26,1.405427259617216,0.115
2001-03-27,2.4016499469724453,0.38
2001-03-28,1.520601826139394,0.317
2001-03-29,1.4308420464558,0.135
2001-03-30,1.4054824947066091,0.101
2001-03-31,1.3925886725316772,0.083
2001-04-01,1.378642294103268,0.071
2001-04-02,1.3735861824307787,0.07
2001-04-03,2.230345322826995,0.094
2001-04-04,1.451091819242158,0.102
2001-04-05,1.9942428065763542,0.102
2001-04-06,3.073171594946475,0.518
2001-04-07,2.706353150024893,0.968
2001-04-08,1.7180224241526176,0.227
2001-04-09,1.6556841439134682,0.149
2001-04-10,1.5614172191835463,0.109
2001-04-11,1.5056098011576318,0.086
2001-04-12,1.4681811151992605,0.073
2001-04-13,1.443364952391938,0.071
2001-04-14,1.4147974030971588,0.07
2001-04-15,1.3958649671353687,0.06
2001-04-16,1.3783402271807217,0.052
2001-04-17,1.6597192055898442,0.07
2001-04-18,1.3831284433161568,0.052
2001-04-19,1.350845358320605,0.047
2001-04-20,1.3388532998759597,0.044
2001-04-21,1.3305794348551914,0.044
2001-04-22,1.3239242683257157,0.043
2001-04-23,1.3180091730674695,0.041
2001-04-24,1.3127360485156747,0.042
2001-04-25,2.0481750037094666,0.105
2001-04-26,1.3736795304974072,0.084
2001-04-27,1.3078687071689532,0.056
2001-04-28,1.2987776792049561,0.046
2001-04-29,1.2946151153109482,0.044
2001-04-30,1.2875945821421415,0.032
2001-05-01,1.2835826321260373,0.029
2001-05-02,1.280363077649582,0.031
2001-05-03,1.2761399861466964,0.032
2001-05-04,1.2724329592318198,0.026
2001-05-05,1.2687846202390642,0.023
2001-05-06,1.265150067887772,0.022
2001-05-07,1.261515303819454,0.021
2001-05-08,1.2578746981533084,0.022
2001-05-09,1.2542247036534782,0.02
2001-05-10,1.2505630342347882,0.019
2001-05-11,1.246888230820467,0.018
2001-05-12,1.2431996688341223,0.019
2001-05-13,1.239497270793729,0.019
2001-05-14,1.2357814618628613,0.019
2001-05-15,1.2322448777797517,0.023
2001-05-16,1.2284760174301759,0.02
2001-05-17,1.2247962145531448,0.03
2001-05-18,1.2208276183902245,0.016
2001-05-19,1.2170391003063428,0.015
2001-05-20,1.2132541338048413,0.014
2001-05-21,1.2094715416949386,0.014
2001-05-22,1.20568564417929,0.013
2001-05-23,1.201904127407586,0.012
2001-05-24,1.1981083305466487,0.011
2001-05-25,1.194319589626325,0.012
2001-05-26,1.1905558251551975,0.012
2001-05-27,1.1868052264222388,0.011
2001-05-28,1.1829720133723927,0.011
2001-05-29,1.1793018057627473,0.01
2001-05-30,1.1755170600516884,0.01
2001-05-31,1.171829996651519,0.011
2001-06-01,1.1923349454166534,0.016
2001-06-02,1.166586254219134,0.01
2001-06-03,1.160872561285556,0.009
2001-06-04,1.1569528642423297,0.008
2001-06-05,1.1531886913713378,0.008
2001-06-06,1.7212751177041645,0.032
2001-06-07,1.1967334943749952,0.016
2001-06-08,1.1471992031891998,0.009
2001-06-09,1.9928456183205374,0.045
2001-06-10,1.2107940527511143,0.012
2001-06-11,1.1388399146258457,0.009
2001-06-12,1.128969004501064,0.008
2001-06-13,1.1247199388250457,0.007
2001-06-14,1.7100912032566171,0.039
2001-06-15,2.3467737572545087,0.103
2001-06-16,1.6219825507528525,0.107
2001-06-17,1.1566088416571683,0.029
2001-06-18,1.1121882586602665,0.017
2001-06-19,1.1048547254723198,0.014
2001-06-20,1.1008637900111582,0.011
2001-06-21,1.0972635370211825,0.01
2001-06-22,1.0937613975758897,0.009
2001-06-23,1.0903174758486025,0.009
2001-06-24,1.0869297584463546,0.008
2001-06-25,1.0835738267142123,0.008
2001-06-26,1.0803315935887572,0.007
2001-06-27,1.0769993213312268,0.005
2001-06-28,1.073771976738384,0.004
2001-06-29,1.0705588630631901,0.004
2001-06-30,1.0674047859816542,0.004
2001-07-01,1.0642526675462554,0.003
2001-07-02,1.0611451444917537,0.003
2001-07-03,1.0580689889655739,0.003
2001-07-04,1.055022559186816,0.003
2001-07-05,1.0520053475608746,0.003
2001-07-06,1.0490454113673595,0.004
2001-07-07,1.0462741975252703,0.005
2001-07-08,1.0431701572254737,0.006
2001-07-09,1.0402277620313811,0.003
2001-07-10,1.0374652873570227,0.004
2001-07-11,1.034601448787423,0.003
2001-07-12,1.031956644950215,0.004
2001-07-13,2.201658692382136,0.073
2001-07-14,2.306905525818804,0.124
2001-07-15,2.2372363052188278,0.046
2001-07-16,1.1295335644054287,0.012
2001-07-17,1.0294585371852558,0.008
2001-07-18,1.2246913797001506,0.016
2001-07-19,1.0325796282713613,0.012
2001-07-20,1.013124361116792,0.007
2001-07-21,1.0088619450395433,0.007
2001-07-22,1.0059966059280814,0.006
2001-07-23,1.0034465177193188,0.006
2001-07-24,1.0007530590827078,0.006
2001-07-25,0.9982034790061948,0.005
2001-07-26,0.9957072866064721,0.004
2001-07-27,0.9932540092332142,0.004
2001-07-28,0.9908328947032072,0.004
2001-07-29,0.988454377951134,0.004
2001-07-30,1.0898452369732303,0.01
2001-07-31,0.9931712713600236,0.005
2001-08-01,0.9825777190288858,0.004
2001-08-02,0.9796102059389111,0.004
2001-08-03,0.9772232514968885,0.004
2001-08-04,1.2781563846312514,0.012
2001-08-05,0.9997771077081825,0.004
2001-08-06,0.9734760243642805,0.004
2001-08-07,2.150004159768572,0.299
2001-08-08,2.2488813503756355,0.202
2001-08-09,2.2551560858137263,0.025
2001-08-10,1.0785315002883107,0.013
2001-08-11,0.9722942375011495,0.01
2001-08-12,0.9608005605196726,0.013
2001-08-13,0.9575845318545733,0.007
2001-08-14,0.9554979650523796,0.006
2001-08-15,1.315280468486222,0.021
2001-08-16,0.9836291348482598,0.026
2001-08-17,0.9526088183014694,0.009
2001-08-18,1.1690477838073516,0.009
2001-08-19,1.3654112667773757,0.042
2001-08-20,0.9814834584288019,0.012
2001-08-21,0.946055929909782,0.009
2001-08-22,0.9411146297065852,0.007
2001-08-23,0.9389923504337353,0.006
2001-08-24,1.0556488558991606,0.019
2001-08-25,0.9461935473005175,0.007
2001-08-26,0.934848200124771,0.006
2001-08-27,0.9322604737290981,0.005
2001-08-28,0.9304953035442124,0.005
2001-08-29,0.9288669380254178,0.005
2001-08-30,0.9274130048126102,0.008
2001-08-31,0.9256606467351626,0.014
2001-09-01,0.9240847101487326,0.005
2001-09-02,0.922569183003107,0.005
2001-09-03,1.149431919898564,0.009
2001-09-04,0.9400247844283132,0.006
2001-09-05,0.9201861986814247,0.007
2001-09-06,0.9170765672644122,0.005
2001-09-07,0.9155281575067548,0.007
2001-09-08,0.9140110516562586,0.005
2001-09-09,0.9126258475968987,0.004
2001-09-10,0.9112518359485343,0.004
2001-09-11,0.9098742035680947,0.005
2001-09-12,0.9087382505899801,0.007
2001-09-13,0.9729280611777459,0.008
2001-09-14,0.9118995589625616,0.005
2001-09-15,0.9053542722146568,0.004
2001-09-16,0.9037385740491872,0.007
2001-09-17,0.9023149899375306,0.005
2001-09-18,0.9010552193361614,0.005
2001-09-19,2.076484501720047,0.043
2001-09-20,1.334327023031232,0.034
2001-09-21,0.9368587665807679,0.011
2001-09-22,0.9006109313476891,0.007
2001-09-23,0.8962676795116761,0.01
2001-09-24,1.1431065165580012,0.015
2001-09-25,0.9363235505002506,0.017
2001-09-26,1.2478286038312278,0.013
2001-09-27,1.545251786090086,0.058
2001-09-28,0.9485717925759142,0.028
2001-09-29,0.894996997300747,0.018
2001-09-30,1.718229742282759,0.051
2001-10-01,0.9608543728245968,0.032
2001-10-02,0.8933793210925396,0.016
2001-10-03,0.8862987130679538,0.012
2001-10-04,0.8846687712892254,0.01
2001-10-05,1.2697991294098931,0.021
2001-10-06,0.9166847264390469,0.012
2001-10-07,2.003245292511196,0.075
2001-10-08,1.305820838816877,0.077
2001-10-09,0.9212618322438754,0.043
2001-10-10,0.885842215879274,0.023
2001-10-11,0.8811228218267164,0.016
2001-10-12,0.8794004341218826,0.013
2001-10-13,0.8782002751175964,0.013
2001-10-14,1.0739203541768634,0.03
2001-10-15,1.1783807966821425,0.04
2001-10-16,0.9017725320056541,0.048
2001-10-17,0.8766065066876251,0.045
2001-10-18,0.8734852777726088,0.034
2001-10-19,0.8723705608287246,0.019
2001-10-20,1.2613913753629582,0.022
2001-10-21,2.085077300055173,0.821
2001-10-22,2.189011427164918,0.497
2001-10-23,2.178187004657665,0.682
2001-10-24,1.2295787544418502,0.15
2001-10-25,0.9100020439719982,0.096
2001-10-26,0.976073427356371,0.081
2001-10-27,0.8908933567476885,0.058
2001-10-28,0.8795932147828391,0.049
2001-10-29,0.8758784346944207,0.045
2001-10-30,0.8777686995880748,0.045
2001-10-31,0.8715844366298564,0.053
2001-11-01,0.8694509462006641,0.067
2001-11-02,0.8678797607949387,0.047
2001-11-03,0.8665539750545345,0.025
2001-11-04,0.8654379033225665,0.023
2001-11-05,0.8653170855869236,0.021
2001-11-06,0.8759254798626193,0.018
2001-11-07,1.812994855430874,0.046
2001-11-08,1.620115158676878,0.105
2001-11-09,1.1967624178027156,0.109
2001-11-10,0.9273646821978043,0.071
2001-11-11,1.0291570445351634,0.056
2001-11-12,1.4010374121338907,0.083
2001-11-13,0.951355676239297,0.069
2001-11-14,0.9033067883894762,0.054
2001-11-15,0.8928165414413513,0.044
2001-11-16,0.8857151244139075,0.04
2001-11-17,0.8806853508076062,0.037
2001-11-18,1.245187921952356,0.045
2001-11-19,1.0525571557179183,0.073
2001-11-20,0.9002533226493902,0.066
2001-11-21,1.0274928602214388,0.073
2001-11-22,0.8958785927861793,0.057
2001-11-23,1.0498471124928037,0.055
2001-11-24,0.896075471353402,0.052
2001-11-25,0.879316065859672,0.045
2001-11-26,0.8747559543893931,0.04
2001-11-27,1.3539377035735485,0.077
2001-11-28,0.9761533054885162,0.058
2001-11-29,0.8900098020833637,0.06
2001-11-30,0.8772300926114743,0.057
2001-12-01,0.8736336435308778,0.042
2001-12-02,0.8713316218497468,0.037
2001-12-03,1.1906553652483218,0.048
2001-12-04,1.4056188184356273,0.042
2001-12-05,2.3325891461437913,1.63
2001-12-06,2.2761915291603474,0.361
2001-12-07,1.0788063451348548,0.165
2001-12-08,0.9556771108485518,0.117
2001-12-09,0.9280647055524932,0.093
2001-12-10,0.9150531015753985,0.076
2001-12-11,0.906741800386547,0.064
2001-12-12,0.9034371274560616,0.057
2001-12-13,0.918420232086061,0.053
2001-12-14,0.9060271419356271,0.05
2001-12-15,0.9006541660486944,0.054
2001-12-16,0.9969236218586663,0.058
2001-12-17,1.2835648820989316,0.063
2001-12-18,0.9591797326338546,0.074
2001-12-19,0.9223159115125079,0.067
2001-12-20,1.0761883691205316,0.066
2001-12-21,1.3804161417857452,0.123
2001-12-22,1.4800716689174405,0.084
2001-12-23,1.779217172444253,0.435
2001-12-24,1.1855007235903996,0.269
2001-12-25,1.0140836561374604,0.14
2001-12-26,0.9788763115490767,0.097
2001-12-27,1.1173513509514947,0.089
2001-12-28,0.9738859217972042,0.071
2001-12-29,0.9478436270535221,0.059
2001-12-30,1.0487328416084916,0.047
2001-12-31,0.9461428593330605,0.042
2002-01-01,0.9297228813060768,0.04
2002-01-02,0.9212689690228274,0.038
2002-01-03,0.9163805374163706,0.037
2002-01-04,0.915818946879447,0.033
2002-01-05,1.0335744703893393,0.057
2002-01-06,0.9251745209018237,0.053
2002-01-07,0.9120199344467466,0.059
2002-01-08,0.9082633487031264,0.067
2002-01-09,0.905945953929914,0.058
2002-01-10,0.904227707485862,0.051
2002-01-11,1.2116498141002443,0.065
2002-01-12,0.9375528622855356,0.071
2002-01-13,1.3052633415166854,0.129
2002-01-14,0.9570777335359764,0.097
2002-01-15,0.921440212404499,0.073
2002-01-16,0.9153033976655288,0.062
2002-01-17,0.9126770567130272,0.054
2002-01-18,0.9771875217330619,0.058
2002-01-19,0.9181322449526661,0.05
2002-01-20,0.9116468411363311,0.048
2002-01-21,0.9092534961599013,0.045
2002-01-22,0.9080136629898189,0.039
2002-01-23,0.9554489676928984,0.042
2002-01-24,0.9111874215771765,0.025
2002-01-25,1.3821377069658114,0.053
2002-01-26,0.9835808892838743,0.055
2002-01-27,0.9679256180243626,0.057
2002-01-28,1.0663980275267242,0.05
2002-01-29,1.0225871484622802,0.053
2002-01-30,0.938730268136808,0.053
2002-01-31,0.9550388592062723,0.049
2002-02-01,0.9311595847872488,0.051
2002-02-02,1.4011655338850617,0.044
2002-02-03,0.9797272691608633,0.081
2002-02-04,1.4411878914356981,0.09
2002-02-05,1.0591113475121952,0.128
2002-02-06,0.967934421980465,0.087
2002-02-07,0.9500226677788066,0.075
2002-02-08,1.1701024478791846,0.073
2002-02-09,0.9738411338402135,0.122
2002-02-10,1.1058529703331021,0.095
2002-02-11,0.966275728488118,0.109
2002-02-12,1.1302483259989315,0.072
2002-02-13,0.9671590141105048,0.065
2002-02-14,0.9424078576899784,0.057
2002-02-15,0.9348350963976393,0.05
2002-02-16,0.929063126106016,0.048
2002-02-17,0.924883949837119,0.044
2002-02-18,0.9234671240133964,0.041
2002-02-19,1.2641055105600525,0.062
2002-02-20,0.9578782241453374,0.048
2002-02-21,0.9241529929684956,0.048
2002-02-22,1.2414602663252556,0.045
2002-02-23,1.021376132309547,0.067
2002-02-24,1.1026582874272386,0.062
2002-02-25,2.4160710162221863,0.681
2002-02-26,2.463977162520382,1.24
2002-02-27,1.6123618380884708,0.295
2002-02-28,1.7258393637470941,0.224
2002-03-01,1.2678726613129507,0.185
2002-03-02,1.1019204506447429,0.133
2002-03-03,1.057445183028477,0.103
2002-03-04,1.0306134660358075,0.085
2002-03-05,1.0098653724458655,0.074
2002-03-06,1.0064571748638589,0.062
2002-03-07,0.9817911903879546,0.046
2002-03-08,0.9726217446819545,0.046
2002-03-09,1.5465946354181823,0.066
2002-03-10,1.2175171233901922,0.065
2002-03-11,1.0285852080044195,0.049
2002-03-12,0.9977949528708893,0.04
2002-03-13,0.9842958028161163,0.037
2002-03-14,1.0776845800180426,0.037
2002-03-15,1.9642730489157993,0.304
2002-03-16,1.097337634641987,0.16
2002-03-17,1.0052230793201378,0.1
2002-03-18,0.9885661095290493,0.075
2002-03-19,1.047185027837705,0.058
2002-03-20,1.4963113948263769,0.099
2002-03-21,1.2511815218929043,0.106
2002-03-22,1.0530706163601855,0.1
2002-03-23,1.0093415145794016,0.075
2002-03-24,1.303796400158635,0.069
2002-03-25,1.0357707067084292,0.055
2002-03-26,0.9967398132557286,0.046
2002-03-27,0.9856385397046031,0.041
2002-03-28,0.9787061040603029,0.036
2002-03-29,0.9732609076351311,0.034
2002-03-30,0.9690476726605728,0.032
2002-03-31,0.9657915819031474,0.03
2002-04-01,0.9632624361187124,0.031
2002-04-02,0.9610517672845914,0.029
2002-04-03,0.9593988815987984,0.026
2002-04-04,0.9580834700685733,0.025
2002-04-05,0.957028343162712,0.023
2002-04-06,0.9561742259307068,0.021
2002-04-07,0.9554517998265102,0.021
2002-04-08,0.9548418318460625,0.019
2002-04-09,0.9543087574876153,0.018
2002-04-10,0.9538333410149836,0.018
2002-04-11,0.9534007911696657,0.019
2002-04-12,0.9530244304336734,0.017
2002-04-13,0.9525403974933017,0.017
2002-04-14,0.9521669004339216,0.017
2002-04-15,0.9516964320086092,0.016
2002-04-16,0.9512511453381332,0.015
2002-04-17,0.9508206632478318,0.016
2002-04-18,0.9503120669890642,0.015
2002-04-19,0.9498105377760581,0.013
2002-04-20,0.9494921132911343,0.013
2002-04-21,1.1423736671422882,0.044
2002-04-22,0.9654535798348296,0.016
2002-04-23,0.9493691790966153,0.014
2002-04-24,0.9473235567659569,0.014
2002-04-25,0.9466761167342611,0.015
2002-04-26,0.9458653747761141,0.016
2002-04-27,0.9451923480373344,0.014
2002-04-28,1.28269312716621,0.028
2002-04-29,1.380852634781308,0.028
2002-04-30,0.9822051276431012,0.046
2002-05-01,0.9463330682478837,0.018
2002-05-02,0.9764839916305197,0.02
2002-05-03,1.2569081557588746,0.047
2002-05-04,0.9683121415587927,0.015
2002-05-05,0.9421431221338511,0.013
2002-05-06,0.9389344784621656,0.012
2002-05-07,0.9378995836879626,0.014
2002-05-08,0.9368334027063268,0.013
2002-05-09,0.9358744061950361,0.013
2002-05-10,0.9349398429812111,0.012
2002-05-11,0.9340091186419063,0.011
2002-05-12,0.9330939383336619,0.01
2002-05-13,0.9323751224152843,0.014
2002-05-14,0.9312805757521898,0.011
2002-05-15,0.9303006151080288,0.01
2002-05-16,0.9293346990161026,0.009
2002-05-17,0.9283894469124243,0.009
2002-05-18,1.028398176957277,0.018
2002-05-19,0.9356141655387417,0.011
2002-05-20,0.9267461770072215,0.013
2002-05-21,1.0924648816713973,0.025
2002-05-22,0.9387807735030577,0.014
2002-05-23,0.9245477470678017,0.01
2002-05-24,0.9221594374492958,0.011
2002-05-25,0.9210107057517185,0.008
2002-05-26,0.9201117195367533,0.013
2002-05-27,0.9398721741395005,0.011
2002-05-28,1.311075868348506,0.018
2002-05-29,0.9520749971336314,0.014
2002-05-30,0.9198472077641671,0.009
2002-05-31,0.9157655568197217,0.008
2002-06-01,0.9144467136324186,0.008
2002-06-02,2.091283351403611,0.116
2002-06-03,1.6291195471947146,0.023
2002-06-04,0.9755907859221913,0.014
2002-06-05,0.9172324010004755,0.015
2002-06-06,0.9107484822270644,0.011
2002-06-07,1.9705792246259881,0.064
2002-06-08,1.0019529677255994,0.022
2002-06-09,0.9162641276543471,0.02
2002-06-10,0.9073356847519038,0.014
2002-06-11,0.9056393627683669,0.011
2002-06-12,0.9046103200165182,0.013
2002-06-13,1.11744996902879,0.011
2002-06-14,1.5925371180998293,0.06
2002-06-15,0.9629207931256974,0.018
2002-06-16,0.9066701022942287,0.014
2002-06-17,0.9005914698628172,0.01
2002-06-18,0.8991012323192766,0.008
2002-06-19,0.8980574452710122,0.007
2002-06-20,0.8970915753322237,0.007
2002-06-21,0.8979730446386035,0.014
2002-06-22,0.8954267091990972,0.011
2002-06-23,0.8943120246378821,0.008
2002-06-24,0.8933986127509824,0.007
2002-06-25,0.8925151637515721,0.007
2002-06-26,0.8917215103355607,0.009
2002-06-27,0.8908619759320733,0.006
2002-06-28,0.8899444512228495,0.006
2002-06-29,0.8891140878728124,0.006
2002-06-30,1.6331639417511774,0.066
2002-07-01,1.1818443995731964,0.029
2002-07-02,0.9134347025653273,0.011
2002-07-03,0.8891311690198229,0.068
2002-07-04,1.092279583999543,0.02
2002-07-05,0.9031646730760009,0.019
2002-07-06,0.8857632788684427,0.011
2002-07-07,0.8834096555290532,0.009
2002-07-08,0.882380233876337,0.009
2002-07-09,0.8815331501226976,0.008
2002-07-10,0.8807106614304593,0.007
2002-07-11,0.8799165278517881,0.007
2002-07-12,0.8791662344576661,0.02
2002-07-13,0.8783740086624604,0.007
2002-07-14,0.877619960407853,0.007
2002-07-15,0.8768807046988769,0.007
2002-07-16,0.8761525911414397,0.007
2002-07-17,0.8754345442902843,0.007
2002-07-18,0.9121396274402445,0.006
2002-07-19,1.2429330887421075,0.032
2002-07-20,1.9311161547692448,0.064
2002-07-21,0.9655304307056702,0.017
2002-07-22,0.8803155049209104,0.022
2002-07-23,0.8720622616724825,0.019
2002-07-24,0.8707155231975621,0.01
2002-07-25,0.8699999247530453,0.008
2002-07-26,0.869348033916428,0.007
2002-07-27,0.8687083054576283,0.007
2002-07-28,0.8680759865713191,0.006
2002-07-29,0.8674505830472523,0.006
2002-07-30,2.0414177907178575,0.142
2002-07-31,1.805629851718584,0.048
2002-08-01,2.122836729678882,0.049
2002-08-02,2.175967106374775,0.539
2002-08-03,0.989965278353541,0.063
2002-08-04,0.8833921019715175,0.031
2002-08-05,0.8717533419265527,0.021
2002-08-06,0.8689567140036794,0.016
2002-08-07,1.3464301536088985,0.031
2002-08-08,0.907837229810538,0.015
2002-08-09,2.0429152120639698,0.124
2002-08-10,0.9670270158820462,0.093
2002-08-11,0.8725477643174068,0.039
2002-08-12,0.862561993936101,0.028
2002-08-13,0.8609622566812863,0.019
2002-08-14,0.8601656233727529,0.015
2002-08-15,0.859495327391671,0.013
2002-08-16,0.8588746284975524,0.012
2002-08-17,0.8582896747140042,0.011
2002-08-18,1.0607089254059903,0.042
2002-08-19,0.8750114374670228,0.017
2002-08-20,0.8582884733439695,0.012
2002-08-21,0.8563391448997694,0.011
2002-08-22,0.8812666421878466,0.016
2002-08-23,0.8624158489679233,0.025
2002-08-24,0.8554206622197482,0.014
2002-08-25,0.8543952606834612,0.011
2002-08-26,0.8539029998858583,0.011
2002-08-27,0.8534653778528588,0.013
2002-08-28,0.8530388262472114,0.011
2002-08-29,0.8526189300147942,0.01
2002-08-30,0.8522049095399155,0.009
2002-08-31,0.8517963894249471,0.007
2002-09-01,0.8513930902902963,0.007
2002-09-02,0.8509947886955056,0.007
2002-09-03,0.8506013038300612,0.007
2002-09-04,0.8502124885788133,0.006
2002-09-05,0.8498282225393244,0.007
2002-09-06,0.849448406459906,0.007
2002-09-07,1.003432701421943,0.01
2002-09-08,0.8622458565787038,0.006
2002-09-09,1.8503126838696726,0.042
2002-09-10,0.9358924308690376,0.009
2002-09-11,0.8555063078445965,0.007
2002-09-12,0.8479731825493046,0.007
2002-09-13,0.846973477997804,0.006
2002-09-14,0.8465682138221747,0.006
2002-09-15,0.8462204974481111,0.006
2002-09-16,0.8458816159936076,0.006
2002-09-17,0.8455471218793934,0.005
2002-09-18,0.8452165863160589,0.005
2002-09-19,0.8448899458964627,0.005
2002-09-20,0.8445671706608585,0.004
2002-09-21,0.8442482338087574,0.004
2002-09-22,0.843933108839398,0.004
2002-09-23,0.8436217692103198,0.005
2002-09-24,0.8433141882460684,0.004
2002-09-25,0.8430103390865898,0.005
2002-09-26,0.8427101946526431,0.004
2002-09-27,0.8424137276233233,0.004
2002-09-28,0.8421209104229811,0.004
2002-09-29,0.841831715215479,0.004
2002-09-30,0.8415461139041511,0.004
2002-10-01,0.841264078136168,0.006
2002-10-02,0.8409855793102672,0.006
2002-10-03,0.8407105885870312,0.004
2002-10-04,0.8404390769010497,0.003
2002-10-05,0.8401710149744551,0.003
2002-10-06,0.8399063733314127,0.004
2002-10-07,0.839645122313244,0.004
2002-10-08,0.8393872320939261,0.003
2002-10-09,0.8391326726957635,0.003
2002-10-10,0.8388814140050794,0.003
2002-10-11,1.5884767667150383,0.01
2002-10-12,1.4858879630457542,0.031
2002-10-13,1.5632770564915874,0.025
2002-10-14,0.9245052193922491,0.014
2002-10-15,1.0144387426010528,0.019
2002-10-16,0.8982262122976152,0.013
2002-10-17,1.1585786280308505,0.019
2002-10-18,0.9436082163715479,0.015
2002-10-19,0.8461764931584065,0.008
2002-10-20,2.0119762523353377,0.208
2002-10-21,2.163261265695054,1.02
2002-10-22,2.148065036768052,0.475
2002-10-23,1.8082040905058148,0.11
2002-10-24,1.1798815320849083,0.072
2002-10-25,1.0910716293510028,0.089
2002-10-26,1.9656070422914695,0.086
2002-10-27,0.9560214497699012,0.254
2002-10-28,0.9959231920282148,0.083
2002-10-29,0.9551263078032012,0.084
2002-10-30,0.8658766061528462,0.062
2002-10-31,0.8561923616127859,0.051
2002-11-01,1.7582345995370223,0.187
2002-11-02,2.0570435895762356,0.543
2002-11-03,1.0040972584128962,0.293
2002-11-04,0.9020448923644544,0.109
2002-11-05,1.036368199064405,0.084
2002-11-06,0.8958853784288634,0.076
2002-11-07,1.0554336688787518,0.058
2002-11-08,1.6578900535081023,0.249
2002-11-09,1.2323684608947711,0.116
2002-11-10,0.9355111208883574,0.139
2002-11-11,0.900488412122468,0.093
2002-11-12,1.0210745633055245,0.084
2002-11-13,1.7682462959253988,0.084
2002-11-14,2.387779307883323,1.53
2002-11-15,1.4431285791421835,0.561
2002-11-16,1.032131733668684,0.2
2002-11-17,0.9624840160110216,0.127
2002-11-18,0.9388849959162917,0.097
2002-11-19,0.928404924234516,0.082
2002-11-20,1.4100358285963845,0.086
2002-11-21,1.5503268370346537,0.294
2002-11-22,1.108610145073814,0.157
2002-11-23,0.9747313544827707,0.111
2002-11-24,0.9448579618332843,0.088
2002-11-25,0.9321210792995149,0.073
2002-11-26,0.9180048385507957,0.064
2002-11-27,1.012366113435168,0.06
2002-11-28,0.9224487174496966,0.052
2002-11-29,0.9067997755853099,0.043
2002-11-30,1.1256874398604124,0.05
2002-12-01,1.2993325534660252,0.074
2002-12-02,1.062210349693278,0.064
2002-12-03,1.225470792012929,0.059
2002-12-04,0.9728606982751783,0.082
2002-12-05,0.9366260444065542,0.063
2002-12-06,1.7316439465472355,0.076
2002-12-07,1.3049694120347097,0.137
2002-12-08,1.0036368030955445,0.118
2002-12-09,0.9620416931853834,0.084
2002-12-10,0.9464660988556298,0.067
2002-12-11,0.9358391494732224,0.056
2002-12-12,0.9277720380519154,0.049
2002-12-13,1.1555623472173429,0.047
2002-12-14,0.9848747240240191,0.044
2002-12-15,2.2965453398890294,0.211
2002-12-16,1.3441495683627211,0.293
2002-12-17,1.0361993040094826,0.139
2002-12-18,0.9910584999589328,0.096
2002-12-19,0.9744853246709866,0.078
2002-12-20,0.9599564070573344,0.065
2002-12-21,2.4863755870367763,0.357
2002-12-22,2.2951059371041835,0.651
2002-12-23,1.6738180309315884,0.469
2002-12-24,1.165368997408961,0.24
2002-12-25,1.0935563844111023,0.137
2002-12-26,2.6184331152504186,0.501
2002-12-27,2.477403458120873,1.0
2002-12-28,1.346544068306945,0.393
2002-12-29,2.8381038801574556,0.682
2002-12-30,2.1206426664067948,0.664
2002-12-31,2.041643734879667,0.273
2003-01-01,2.5432724905565878,0.766
2003-01-02,2.886085221788429,1.24
2003-01-03,1.8339604207570603,0.496
2003-01-04,1.4626294241113724,0.228
2003-01-05,1.3482547915322511,0.149
2003-01-06,1.2751903142782368,0.117
2003-01-07,1.4000792306144692,0.1
2003-01-08,2.2261147067338203,0.249
2003-01-09,1.411281440443987,0.513
2003-01-10,1.3436122568095148,0.182
2003-01-11,1.2366277734501996,0.13
2003-01-12,1.1960881920169986,0.113
2003-01-13,1.1990213528735636,0.101
2003-01-14,1.2086739559868318,0.097
2003-01-15,1.155438862950469,0.084
2003-01-16,1.1365577079901226,0.073
2003-01-17,1.1347442882658154,0.073
2003-01-18,2.02268576481318,0.092
2003-01-19,1.411758722244425,0.163
2003-01-20,1.4828180305993297,0.153
2003-01-21,1.55016999881109,0.168
2003-01-22,1.8233911628914734,0.253
2003-01-23,1.3217232151017198,0.153
2003-01-24,1.4371266792036073,0.116
2003-01-25,1.3939816129834688,0.109
2003-01-26,1.2545804135330358,0.097
2003-01-27,1.226067822284677,0.087
2003-01-28,1.1976972976277176,0.076
2003-01-29,1.1801265633253455,0.06
2003-01-30,1.1705718012753987,0.055
2003-01-31,1.559905611624789,0.057
2003-02-01,1.219537856522961,0.103
2003-02-02,1.28304706251788,0.121
2003-02-03,1.1958511480816365,0.091
2003-02-04,1.1728593883473037,0.066
2003-02-05,1.1613560456893919,0.055
2003-02-06,1.155089704007054,0.055
2003-02-07,1.1503774863652052,0.054
2003-02-08,2.052005773225034,0.07
2003-02-09,1.2633547457273993,0.096
2003-02-10,2.352901980020651,0.314
2003-02-11,1.3755288899227958,0.187
2003-02-12,1.2718936565634626,0.115
2003-02-13,1.2327060217712813,0.094
2003-02-14,1.213734210395038,0.074
2003-02-15,1.2022493505872438,0.064
2003-02-16,1.1890153162186123,0.057
2003-02-17,1.1801217989716875,0.053
2003-02-18,1.1740414190850754,0.051
2003-02-19,1.1676732367916491,0.049
2003-02-20,1.1631439116470792,0.044
2003-02-21,1.159561955675451,0.037
2003-02-22,1.156835210014118,0.036
2003-02-23,1.154521527293613,0.034
2003-02-24,1.1520441803889936,0.032
2003-02-25,1.1502709659640051,0.032
2003-02-26,1.1485993517681554,0.033
2003-02-27,1.1471330408874183,0.029
2003-02-28,1.393103353238137,0.034
2003-03-01,1.294146982088375,0.042
2003-03-02,1.1584499337682819,0.03
2003-03-03,1.1458733398689895,0.029
2003-03-04,1.362159707411521,0.043
2003-03-05,1.1621630599428605,0.032
2003-03-06,1.1428063733081102,0.028
2003-03-07,1.1398914825277429,0.029
2003-03-08,1.1375450239906686,0.026
2003-03-09,1.1357839136810135,0.026
2003-03-10,1.2499325701184623,0.044
2003-03-11,1.4407733734428676,0.042
2003-03-12,1.159553886198484,0.03
2003-03-13,1.1330052486026883,0.028
2003-03-14,1.1284408338849377,0.026
2003-03-15,1.1261090652120103,0.024
2003-03-16,1.1240095383230408,0.023
2003-03-17,1.1219303943125158,0.022
2003-03-18,1.1198682314791748,0.022
2003-03-19,1.1178052861758458,0.022
2003-03-20,1.115734452180729,0.021
2003-03-21,1.113651078880946,0.021
2003-03-22,1.1115519156584013,0.02
2003-03-23,1.1094347678126946,0.02
2003-03-24,1.1072982671101868,0.019
2003-03-25,1.1051416927365711,0.018
2003-03-26,1.1029648288123757,0.018
2003-03-27,1.1007678508084198,0.017
2003-03-28,1.09855123504073,0.017
2003-03-29,1.096315686616873,0.016
2003-03-30,1.0940620821340565,0.015
2003-03-31,1.0917914241697304,0.016
2003-04-01,1.0895048051975262,0.018
2003-04-02,1.0872033790350075,0.012
2003-04-03,1.0848883383086252,0.012
2003-04-04,1.082560896724399,0.012
2003-04-05,1.0802222751753332,0.014
2003-04-06,1.0778736909105753,0.014
2003-04-07,1.075516349146508,0.014
2003-04-08,1.0731514366241188,0.016
2003-04-09,1.0707801167162931,0.017
2003-04-10,1.0684035257681348,0.016
2003-04-11,1.0660227704169625,0.014
2003-04-12,1.0636389256894698,0.012
2003-04-13,1.061253033714205,0.012
2003-04-14,1.0588661029200535,0.012
2003-04-15,1.0564791076174287,0.012
2003-04-16,1.0540929878796803,0.012
2003-04-17,1.0517086496588894,0.011
2003-04-18,1.049326965083517,0.012
2003-04-19,1.0469487728960298,0.012
2003-04-20,1.044574878997139,0.013
2003-04-21,1.0455665739849138,0.028
2003-04-22,1.040137912458046,0.011
2003-04-23,1.0375130368248062,0.009
2003-04-24,1.0351396860846493,0.01
2003-04-25,1.1130004287269128,0.016
2003-04-26,1.0375003611675007,0.012
2003-04-27,1.2888748427575794,0.013
2003-04-28,1.0487044401319408,0.016
2003-04-29,1.047306151484199,0.017
2003-04-30,1.0797768322293049,0.01
2003-05-01,1.024087156639124,0.013
2003-05-02,1.573414259932475,0.03
2003-05-03,1.0632681150479733,0.011
2003-05-04,1.0165563001743056,0.009
2003-05-05,1.0103347624098915,0.007
2003-05-06,1.0077544593606076,0.006
2003-05-07,1.005515883783841,0.006
2003-05-08,1.0033210793475529,0.006
2003-05-09,1.001143317457796,0.006
2003-05-10,0.99898044559507,0.006
2003-05-11,0.9968325259218609,0.006
2003-05-12,0.9946998060778265,0.006
2003-05-13,0.9925825354367451,0.007
2003-05-14,0.9904809489252427,0.006
2003-05-15,0.9883952660451435,0.005
2003-05-16,2.1609114860881236,0.052
2003-05-17,1.4608269013326396,0.024
2003-05-18,1.0242590029546215,0.01
2003-05-19,0.9839943765330857,0.012
2003-05-20,0.9785541454332546,0.009
2003-05-21,0.9836497773431065,0.012
2003-05-22,0.974907709692274,0.011
2003-05-23,0.9723624297793787,0.012
2003-05-24,0.9703742396652962,0.008
2003-05-25,1.3251146488702048,0.031
2003-05-26,0.9978459544104736,0.009
2003-05-27,0.9674777316141767,0.008
2003-05-28,0.9630574051005629,0.007
2003-05-29,0.9609787585701705,0.007
2003-05-30,0.959127914193782,0.006
2003-05-31,0.9573138144047958,0.006
2003-06-01,0.9555191553533658,0.006
2003-06-02,0.953742380489787,0.005
2003-06-03,0.9519833556843932,0.005
2003-06-04,0.9502420692364558,0.005
2003-06-05,0.9485185140944369,0.008
2003-06-06,0.946812677418132,0.008
2003-06-07,0.946692781108433,0.007
2003-06-08,2.1181774735016683,0.062
2003-06-09,1.04487576248771,0.011
2003-06-10,0.949419056054404,0.009
2003-06-11,0.9393855113235285,0.007
2003-06-12,0.9370241687911767,0.007
2003-06-13,0.935372444916714,0.006
2003-06-14,0.9338008943271701,0.006
2003-06-15,0.9322523803174166,0.006
2003-06-16,1.546816422252489,0.036
2003-06-17,0.9832664271177565,0.019
2003-06-18,0.9325646389703339,0.007
2003-06-19,0.9266715552394196,0.004
2003-06-20,0.92480999183888,0.003
2003-06-21,1.2929851710110014,0.009
2003-06-22,0.9543312855156888,0.027
2003-06-23,0.9233957269355795,0.006
2003-06-24,0.9193520304486531,0.005
2003-06-25,0.917733590017464,0.005
2003-06-26,0.9163493505782618,0.004
2003-06-27,2.0895869487165983,0.044
2003-06-28,1.0167330897644193,0.017
2003-06-29,0.9216088531010448,0.007
2003-06-30,2.0864817709705514,0.085
2003-07-01,1.5356141540629165,0.038
2003-07-02,0.9808832380178272,0.018
2003-07-03,0.9137280285350434,0.014
2003-07-04,0.9066086233368507,0.009
2003-07-05,0.9048573401537778,0.008
2003-07-06,0.9036045147945158,0.005
2003-07-07,0.9024106238988409,0.005
2003-07-08,0.9012357220571472,0.004
2003-07-09,0.9000760703625134,0.005
2003-07-10,0.8989312148776012,0.004
2003-07-11,0.8978009991082573,0.004
2003-07-12,0.8966852928190767,0.004
2003-07-13,0.8955839674820237,0.004
2003-07-14,0.8944968941201731,0.003
2003-07-15,0.8934239431827122,0.003
2003-07-16,0.8923649846018338,0.003
2003-07-17,0.8913198878636336,0.008
2003-07-18,0.8902885220778355,0.003
2003-07-19,0.8892707560450385,0.003
2003-07-20,0.8882664583214367,0.003
2003-07-21,0.8872754972810757,0.005
2003-07-22,0.886297741175715,0.003
2003-07-23,0.885333058192371,0.003
2003-07-24,1.2567265906708613,0.01
2003-07-25,1.423327245933193,0.052
2003-07-26,0.9543734366219355,0.022
2003-07-27,0.888005625555857,0.006
2003-07-28,0.881278994659621,0.011
2003-07-29,1.443535196261049,0.027
2003-07-30,0.9283984031561241,0.022
2003-07-31,0.8825107467964669,0.007
2003-08-01,0.8776192091405309,0.005
2003-08-02,0.8764127479358541,0.004
2003-08-03,0.8755500716763612,0.004
2003-08-04,0.8747290227399176,0.005
2003-08-05,0.8739220843615926,0.005
2003-08-06,0.8731266425005154,0.005
2003-08-07,0.8723423441275091,0.004
2003-08-08,0.8715690420682172,0.004
2003-08-09,0.8708066084082889,0.004
2003-08-10,0.916430050995346,0.01
2003-08-11,0.8733829568807404,0.005
2003-08-12,0.8689485507560634,0.004
2003-08-13,0.8678961057393958,0.003
2003-08-14,0.867156095668297,0.003
2003-08-15,0.8664535364505872,0.003
2003-08-16,0.8657634604953852,0.003
2003-08-17,0.8650834944100311,0.003
2003-08-18,0.8644133141998346,0.003
2003-08-19,0.8637527826515153,0.003
2003-08-20,0.8631017802773281,0.003
2003-08-21,0.8624601899763997,0.004
2003-08-22,0.8618278956534415,0.003
2003-08-23,0.8612047821042464,0.003
2003-08-24,0.8605907350154833,0.002
2003-08-25,0.8599856409741445,0.003
2003-08-26,0.859389387477168,0.003
2003-08-27,0.8588018629403952,0.003
2003-08-28,1.603137539492318,0.031
2003-08-29,0.9230139004213177,0.009
2003-08-30,0.862958057034823,0.003
2003-08-31,0.8570676947171662,0.003
2003-09-01,0.8560394850515544,0.003
2003-09-02,0.8554582642091689,0.003
2003-09-03,0.8549248224254203,0.003
2003-09-04,0.8544028643092044,0.003
2003-09-05,0.8538890015201123,0.008
2003-09-06,1.4562595681963535,0.023
2003-09-07,0.9057826896414104,0.006
2003-09-08,0.8571417969088493,0.005
2003-09-09,0.8523389445054248,0.005
2003-09-10,0.851471787908384,0.009
2003-09-11,0.8509670206839527,0.012
2003-09-12,0.8505015418296411,0.007
2003-09-13,0.8500459656015185,0.004
2003-09-14,0.8495975388924525,0.003
2003-09-15,0.8491559270109696,0.003
2003-09-16,0.8487210157610421,0.003
2003-09-17,0.8482927118573076,0.003
2003-09-18,0.8478709247974148,0.005
2003-09-19,1.347052413216968,0.016
2003-09-20,2.0628071383438003,0.04
2003-09-21,1.6732303163145106,0.013
2003-09-22,1.4127657806579412,0.075
2003-09-23,0.8957191617920626,0.006
2003-09-24,0.8499530734213159,0.004
2003-09-25,0.8454990451272855,0.004
2003-09-26,0.8447575039166447,0.004
2003-09-27,0.8443570132398943,0.012
2003-09-28,0.8439926018754604,0.006
2003-09-29,1.0040452121500814,0.016
2003-09-30,0.8573610358257708,0.006
2003-10-01,0.8442048766058161,0.005
2003-10-02,0.8427161915827351,0.004
2003-10-03,0.8422780285404965,0.004
2003-10-04,0.8419395807829456,0.003
2003-10-05,0.8416148313668831,0.004
2003-10-06,0.8412959134298061,0.004
2003-10-07,0.8409820469393509,0.003
2003-10-08,1.3999751278146502,0.019
2003-10-09,0.8894440481085785,0.01
2003-10-10,0.8444751147691206,0.004
2003-10-11,0.8401735641539485,0.004
2003-10-12,0.8395211347734126,0.004
2003-10-13,0.8392028142624686,0.004
2003-10-14,0.838918877390356,0.003
2003-10-15,0.8386420849715338,0.003
2003-10-16,0.8383699054258499,0.003
2003-10-17,0.838102050706104,0.003
2003-10-18,0.8378384372333981,0.003
2003-10-19,1.0173666556755316,0.007
2003-10-20,0.9383439727019678,0.007
2003-10-21,1.1065203268764006,0.005
2003-10-22,2.035072234021978,0.144
2003-10-23,1.3692532624684857,0.032
2003-10-24,0.8832954400309575,0.014
2003-10-25,1.0981920155395992,0.011
2003-10-26,0.8588827940693478,0.009
2003-10-27,0.8377124358709451,0.007
2003-10-28,1.916687315622392,0.044
2003-10-29,0.9300756324142199,0.026
2003-10-30,0.8937964454460281,0.014
2003-10-31,1.2749164617703552,0.025
2003-11-01,1.0898342245017898,0.024
2003-11-02,0.9463436625985745,0.025
2003-11-03,0.8464678497660383,0.016
2003-11-04,0.837028914062813,0.009
2003-11-05,0.8356378402161904,0.008
2003-11-06,0.835047998888138,0.01
2003-11-07,0.8345936903305584,0.007
2003-11-08,0.8342024923304808,0.006
2003-11-09,0.833858075062523,0.006
2003-11-10,0.8335511439022428,0.006
2003-11-11,1.0233678411224467,0.008
2003-11-12,0.8497022223357535,0.012
2003-11-13,0.9869679999643688,0.011
2003-11-14,0.9729117826301175,0.016
2003-11-15,0.8447159526396862,0.008
2003-11-16,0.8332936340911067,0.007
2003-11-17,0.8321047845233819,0.007
2003-11-18,0.8318410808687898,0.006
2003-11-19,1.2427143519221104,0.015
2003-11-20,0.8781028196979607,0.014
2003-11-21,0.8355132542400922,0.008
2003-11-22,0.831577100849405,0.007
2003-11-23,0.831088837745742,0.006
2003-11-24,0.8309148838002326,0.007
2003-11-25,0.9433495870262855,0.011
2003-11-26,0.8405130323540849,0.01
2003-11-27,0.8313876156982225,0.008
2003-11-28,0.9052208800459273,0.009
2003-11-29,1.2083129158831987,0.021
2003-11-30,1.6701034951582612,0.021
2003-12-01,2.122478626069208,0.513
2003-12-02,2.1426076181349387,0.202
2003-12-03,1.4207463729786864,0.093
2003-12-04,0.8956058576354632,0.057
2003-12-05,0.8470064508164652,0.039
2003-12-06,0.8402018019696184,0.03
2003-12-07,0.8379127637920817,0.025
2003-12-08,0.8365513937843864,0.022
2003-12-09,0.8352710585157367,0.019
2003-12-10,1.6001753072632754,0.024
2003-12-11,0.9074935476963888,0.07
2003-12-12,1.0212839924518418,0.054
2003-12-13,0.8563516416912949,0.048
2003-12-14,0.8396977493335213,0.028
2003-12-15,0.8365584531933477,0.02
2003-12-16,0.8353337372225357,0.018
2003-12-17,0.8344789764175646,0.016
2003-12-18,0.8337378842876502,0.015
2003-12-19,1.3060190179660176,0.016
2003-12-20,2.12207267320223,0.598
2003-12-21,2.1511761454119505,0.336
2003-12-22,1.412501678057812,0.117
2003-12-23,0.927140671232661,0.106
2003-12-24,0.8712868849891656,0.082
2003-12-25,1.0722199429954884,0.07
2003-12-26,1.0581174741535089,0.099
2003-12-27,0.8961199480811025,0.079
2003-12-28,0.8746958350765458,0.055
2003-12-29,0.8655706376769635,0.042
2003-12-30,0.8597470869926271,0.033
2003-12-31,1.5653348496186898,0.04
2004-01-01,0.9865834314043067,0.078
2004-01-02,0.9001788637008635,0.059
2004-01-03,0.8802624613815765,0.066
2004-01-04,1.0159834093393825,0.071
2004-01-05,1.233207656778455,0.078
2004-01-06,0.9267757279909886,0.085
2004-01-07,0.8947826807615726,0.069
2004-01-08,1.4360299627279416,0.148
2004-01-09,0.9542334775784643,0.086
2004-01-10,1.3159309609657248,0.077
2004-01-11,0.9574781859422282,0.092
2004-01-12,1.2860346689585935,0.08
2004-01-13,0.9541245703312291,0.079
2004-01-14,0.9124403495659359,0.06
2004-01-15,2.279112844245115,0.181
2004-01-16,1.7220696189977664,0.303
2004-01-17,1.2336937765001696,0.256
2004-01-18,1.2816119798309147,0.182
2004-01-19,1.1836003180004064,0.155
2004-01-20,1.6495962964018542,0.21
2004-01-21,1.0702085080763069,0.157
2004-01-22,0.9939505250247016,0.11
2004-01-23,1.2209239768753515,0.1
2004-01-24,0.9923332544919137,0.088
2004-01-25,0.9571939461599913,0.074
2004-01-26,1.916992289549604,0.258
2004-01-27,1.074264822639365,0.156
2004-01-28,0.9830610921046273,0.107
2004-01-29,1.099665764208984,0.097
2004-01-30,2.252072001474604,0.326
2004-01-31,2.9360897158256716,1.64
2004-02-01,2.6751513010674697,0.742
2004-02-02,1.5908239675648144,0.353
2004-02-03,1.212518856040682,0.193
2004-02-04,1.1470057708461887,0.143
2004-02-05,1.0905715074069944,0.113
2004-02-06,1.0569560590696423,0.093
2004-02-07,1.2403552670625855,0.079
2004-02-08,1.0539271209582455,0.059
2004-02-09,1.0196857901447318,0.055
2004-02-10,1.0027966208821628,0.053
2004-02-11,0.9905559368898018,0.046
2004-02-12,0.9813342168689346,0.044
2004-02-13,1.2653546886330056,0.049
2004-02-14,1.0190560421904051,0.043
2004-02-15,0.9903225646157927,0.04
2004-02-16,1.2063673077462613,0.046
2004-02-17,1.0137936175164217,0.043
2004-02-18,0.9914817154580732,0.04
2004-02-19,1.0323888299878135,0.041
2004-02-20,0.9897331230254218,0.039
2004-02-21,0.9829462237731389,0.037
2004-02-22,0.9781086571838651,0.033
2004-02-23,1.2099044903837808,0.033
2004-02-24,1.000317938660648,0.042
2004-02-25,0.9794997806469837,0.032
2004-02-26,1.3476634850405624,0.034
2004-02-27,1.9393232355542904,0.046
2004-02-28,1.914148804715515,0.045
2004-02-29,1.160395659668577,0.038
2004-03-01,1.0673718985231515,0.037
2004-03-02,1.0446639843123506,0.051
2004-03-03,1.230515274232586,0.213
2004-03-04,1.0627454997953751,0.172
2004-03-05,1.035068455055773,0.105
2004-03-06,1.0318757503072469,0.085
2004-03-07,1.0231535369375677,0.081
2004-03-08,1.0082351922402761,0.07
2004-03-09,1.0029483169848077,0.063
2004-03-10,1.1154986438987886,0.066
2004-03-11,1.0126711970867373,0.066
2004-03-12,1.0135156759607753,0.059
2004-03-13,1.00035570683802,0.055
2004-03-14,0.9965317891709548,0.049
2004-03-15,0.9942344405469865,0.043
2004-03-16,0.992490471613825,0.041
2004-03-17,0.9911047144225839,0.038
2004-03-18,1.2112129595825432,0.042
2004-03-19,1.4664604055232093,0.062
2004-03-20,1.267167721653182,0.101
2004-03-21,1.0204073768885413,0.073
2004-03-22,1.0762999236844935,0.066
2004-03-23,1.0046257989489684,0.057
2004-03-24,0.9966332228333655,0.053
2004-03-25,0.9937969553488756,0.053
2004-03-26,0.9900597837198646,0.05
2004-03-27,0.9882559673145044,0.047
2004-03-28,0.9870312935452503,0.041
2004-03-29,0.985961492488998,0.037
2004-03-30,0.9849822026851819,0.037
2004-03-31,0.9840632190226336,0.036
2004-04-01,1.4747164103656567,0.039
2004-04-02,1.2469283147744712,0.058
2004-04-03,1.0080379379111357,0.046
2004-04-04,0.9854143023078226,0.037
2004-04-05,1.1754982327685808,0.039
2004-04-06,1.0009531288588152,0.034
2004-04-07,0.9830427871204872,0.03
2004-04-08,0.9796860083806219,0.028
2004-04-09,0.9784279063695615,0.032
2004-04-10,0.9770323263886126,0.024
2004-04-11,0.9758568648232903,0.021
2004-04-12,0.9747299679130588,0.02
2004-04-13,0.9736267539203312,0.02
2004-04-14,0.9725377380465443,0.021
2004-04-15,0.9714564875972448,0.018
2004-04-16,1.1650641096523595,0.025
2004-04-17,0.9863815232833895,0.021
2004-04-18,2.1443359193207243,0.323
2004-04-19,1.624130337102016,0.213
2004-04-20,1.0240889350228706,0.077
2004-04-21,0.9739107291997477,0.053
2004-04-22,0.9646412896571277,0.037
2004-04-23,0.9627950054361947,0.03
2004-04-24,0.9615827323455751,0.026
2004-04-25,0.960440437058989,0.023
2004-04-26,2.1767818061618978,0.04
2004-04-27,1.5035273461357477,0.041
2004-04-28,1.0382991647144861,0.027
2004-04-29,0.9878584967725823,0.028
2004-04-30,0.9760151715236014,0.021
2004-05-01,0.9705418857810264,0.019
2004-05-02,0.9663590231802489,0.017
2004-05-03,0.9657935096581879,0.018
2004-05-04,1.8055519838888432,0.075
2004-05-05,1.044822785205099,0.054
2004-05-06,0.9719767783893261,0.039
2004-05-07,1.308002615100542,0.033
2004-05-08,0.9997338551047492,0.021
2004-05-09,0.9658788028924068,0.017
2004-05-10,0.9598039750865975,0.014
2004-05-11,0.9555241220876419,0.015
2004-05-12,0.9524767489492693,0.014
2004-05-13,0.9498905050225457,0.013
2004-05-14,0.9476230455464244,0.012
2004-05-15,0.9456049309851834,0.011
2004-05-16,0.9437847642298706,0.01
2004-05-17,0.9421219198324633,0.009
2004-05-18,0.9405840528781797,0.009
2004-05-19,0.9391454082198596,0.006
2004-05-20,0.9841606288490321,0.009
2004-05-21,0.940557143427934,0.007
2004-05-22,0.935605379253109,0.006
2004-05-23,0.9340644967019366,0.005
2004-05-24,0.932857000560926,0.005
2004-05-25,0.9317016487154054,0.005
2004-05-26,0.9305685805601004,0.005
2004-05-27,0.9294516179853827,0.004
2004-05-28,0.9283474993114845,0.004
2004-05-29,0.9272538397598723,0.004
2004-05-30,0.9261688209655118,0.004
2004-05-31,0.9250910625879994,0.004
2004-06-01,1.7106045231122375,0.056
2004-06-02,1.1904656423100353,0.01
2004-06-03,0.9455046304893451,0.026
2004-06-04,0.9229597515182613,0.006
2004-06-05,0.9199757381562584,0.005
2004-06-06,0.9187527788162929,0.004
2004-06-07,0.9176929245377967,0.003
2004-06-08,0.9166516189732922,0.004
2004-06-09,0.9156158042057436,0.003
2004-06-10,0.9145843804188881,0.002
2004-06-11,0.913557356452156,0.002
2004-06-12,0.9125348583345373,0.002
2004-06-13,0.9115170340632066,0.002
2004-06-14,0.9105040408656478,0.001
2004-06-15,0.9094960408292234,0.001
2004-06-16,0.9084931979902403,0.002
2004-06-17,1.8892146841635908,0.021
2004-06-18,0.9926430047611582,0.017
2004-06-19,0.9132499809524286,0.004
2004-06-20,1.0578036949792335,0.03
2004-06-21,1.745267627321649,0.138
2004-06-22,2.151060647073869,0.138
2004-06-23,2.211454663733265,0.17
2004-06-24,2.2165081060787326,0.228
2004-06-25,1.1589198348754683,0.051
2004-06-26,0.9335371235606962,0.028
2004-06-27,0.9105528098420673,0.016
2004-06-28,0.9059261866073081,0.01
2004-06-29,0.9033164706009557,0.009
2004-06-30,1.1989231157566054,0.018
2004-07-01,0.9254482461094176,0.008
2004-07-02,0.9000238166081606,0.007
2004-07-03,2.071002249718616,0.244
2004-07-04,2.1144253655532865,0.078
2004-07-05,1.0304412957473308,0.053
2004-07-06,0.9283260246503388,0.029
2004-07-07,0.9102020767936806,0.022
2004-07-08,0.9124730905543768,0.018
2004-07-09,0.9018592307811663,0.014
2004-07-10,0.8994282604757526,0.013
2004-07-11,0.8962682607814669,0.013
2004-07-12,0.8934151126210004,0.013
2004-07-13,0.8915947115585892,0.012
2004-07-14,0.8900631888483073,0.013
2004-07-15,0.8887141190818543,0.008
2004-07-16,1.3064512271420035,0.012
2004-07-17,0.9231722984646987,0.025
2004-07-18,0.8887093470521724,0.008
2004-07-19,0.8847777268058205,0.008
2004-07-20,1.1988512640931668,0.024
2004-07-21,0.9104442626371937,0.009
2004-07-22,0.9109171196599247,0.009
2004-07-23,0.8837876833471012,0.006
2004-07-24,1.0687078988437173,0.009
2004-07-25,0.8963195747899692,0.013
2004-07-26,0.8805977332802424,0.006
2004-07-27,0.8785729375080027,0.005
2004-07-28,0.8777866455659452,0.005
2004-07-29,1.2445381202924717,0.046
2004-07-30,0.9087139487312105,0.011
2004-07-31,0.8787323478426343,0.009
2004-08-01,0.8754699367222961,0.007
2004-08-02,0.8746079914249502,0.015
2004-08-03,1.3283102234742594,0.03
2004-08-04,0.9132192289911486,0.017
2004-08-05,1.399445205063776,0.153
2004-08-06,0.9183674823498207,0.137
2004-08-07,0.8756952616571304,0.039
2004-08-08,0.8713275436396368,0.03
2004-08-09,2.0449831524463993,1.08
2004-08-10,2.2886874923012464,1.37
2004-08-11,2.2983521322732687,0.421
2004-08-12,2.5386427538380154,1.78
2004-08-13,2.367531081417667,0.955
2004-08-14,2.3180472059281607,0.267
2004-08-15,2.3839221934963515,0.168
2004-08-16,1.1781487020015189,0.185
2004-08-17,1.9059218378021119,0.135
2004-08-18,1.231450760561786,0.228
2004-08-19,2.234672252394541,0.767
2004-08-20,1.176653458016194,0.29
2004-08-21,1.0556477501909713,0.126
2004-08-22,1.0219400129037781,0.093
2004-08-23,1.6957090098819798,0.129
2004-08-24,1.319727224870151,0.148
2004-08-25,1.0442440971732174,0.103
2004-08-26,1.158632681737768,0.09
2004-08-27,1.0044963498915034,0.068
2004-08-28,0.9753943103911332,0.052
2004-08-29,0.9609637638895299,0.044
2004-08-30,0.9500051265006212,0.034
2004-08-31,0.941371636306287,0.03
2004-09-01,0.9348410378048411,0.027
2004-09-02,0.9298205899859392,0.024
2004-09-03,0.9259795242412668,0.021
2004-09-04,0.9230667078426805,0.019
2004-09-05,0.9208829022357921,0.018
2004-09-06,0.9192692985121904,0.017
2004-09-07,0.9180993205366206,0.015
2004-09-08,0.9172721562996151,0.015
2004-09-09,0.9167075913827117,0.015
2004-09-10,0.9163418767976805,0.015
2004-09-11,0.9161244236529499,0.012
2004-09-12,0.9160151592133887,0.011
2004-09-13,0.9159824120613703,0.01
2004-09-14,1.1492210944192613,0.017
2004-09-15,0.9365154854238956,0.009
2004-09-16,0.9179563710501513,0.009
2004-09-17,0.9163576358289202,0.01
2004-09-18,0.9162740902240065,0.012
2004-09-19,0.91631641643787,0.008
2004-09-20,0.9163543436889607,0.007
2004-09-21,0.9163725909767475,0.006
2004-09-22,0.9163672648005705,0.007
2004-09-23,0.9163362660964501,0.007
2004-09-24,0.9162782594903077,0.006
2004-09-25,0.9161924519271177,0.006
2004-09-26,0.9160784705539151,0.006
2004-09-27,0.9159362702184762,0.006
2004-09-28,0.9157660601340308,0.008
2004-09-29,0.9155682454608175,0.007
2004-09-30,0.9153433807785719,0.011
2004-10-01,0.9150921330632488,0.007
2004-10-02,0.9148152522618231,0.006
2004-10-03,1.136755733240865,0.008
2004-10-04,0.9336881566935389,0.015
2004-10-05,0.9155896411123765,0.006
2004-10-06,0.9136264954741689,0.005
2004-10-07,0.9351576000353871,0.006
2004-10-08,0.9146007225872167,0.005
2004-10-09,0.9124048795514659,0.006
2004-10-10,0.9117958318347138,0.005
2004-10-11,0.9113129030421836,0.005
2004-10-12,1.885039914653051,0.028
2004-10-13,1.7143956787239634,0.052
2004-10-14,1.8440734085255719,0.067
2004-10-15,1.83029739984205,0.077
2004-10-16,2.1643012332391685,0.394
2004-10-17,2.0301377003267245,0.412
2004-10-18,1.006687079455784,0.109
2004-10-19,2.1471431864898984,0.094
2004-10-20,2.3541387050765357,0.69
2004-10-21,1.2849162885763845,0.325
2004-10-22,2.133023232077943,0.235
2004-10-23,1.8157605176441076,0.506
2004-10-24,1.2755138594483644,0.414
2004-10-25,1.3851604779025153,0.176
2004-10-26,1.0829295025691161,0.146
2004-10-27,1.2298766284335663,0.116
2004-10-28,1.8131982198324215,0.175
2004-10-29,1.5014136696710185,0.481
2004-10-30,1.1066444312929042,0.17
2004-10-31,1.0441141119867432,0.111
2004-11-01,1.0180315102505024,0.087
2004-11-02,1.0009784715771892,0.076
2004-11-03,0.9916162847674918,0.065
2004-11-04,0.9746707996051034,0.052
2004-11-05,0.9913628259331114,0.046
2004-11-06,0.9684406661170737,0.045
2004-11-07,0.95975837564895,0.042
2004-11-08,0.9553382655439139,0.041
2004-11-09,0.947649304996272,0.041
2004-11-10,0.9442351971767291,0.033
2004-11-11,0.9411235764325226,0.032
2004-11-12,0.9561999232812474,0.031
2004-11-13,0.9409778040867643,0.025
2004-11-14,0.9382234973129626,0.026
2004-11-15,1.7462196512948032,0.051
2004-11-16,1.0203218011008075,0.08
2004-11-17,0.9498481810821535,0.061
2004-11-18,0.9425427016499069,0.048
2004-11-19,0.9392489956756577,0.037
2004-11-20,0.9378044090249256,0.034
2004-11-21,1.0991689040588812,0.04
2004-11-22,1.0825111093683857,0.036
2004-11-23,0.9613218351256898,0.036
2004-11-24,0.9460165367374536,0.036
2004-11-25,0.9413711902420653,0.036
2004-11-26,0.939319215903941,0.031
2004-11-27,1.2077283239643395,0.033
2004-11-28,1.1152195089934822,0.045
2004-11-29,0.9619744918068873,0.041
2004-11-30,0.9455475288983972,0.038
2004-12-01,0.9416905547171583,0.034
2004-12-02,0.9661928652475203,0.03
2004-12-03,0.9417800599376805,0.028
2004-12-04,0.9377760618967348,0.027
2004-12-05,0.9359242904549859,0.026
2004-12-06,0.9344838447553617,0.026
2004-12-07,0.9333263099154995,0.023
2004-12-08,0.9322586342885502,0.023
2004-12-09,0.9312646889802375,0.023
2004-12-10,0.9303988453205412,0.022
2004-12-11,0.9294687969194443,0.021
2004-12-12,0.9287044237677857,0.019
2004-12-13,0.9279357402935343,0.02
2004-12-14,0.988711300862732,0.023
2004-12-15,0.931994523312928,0.023
2004-12-16,0.9263199753251589,0.023
2004-12-17,0.9281986830895158,0.019
2004-12-18,0.9484589038321354,0.018
2004-12-19,0.9258615071066703,0.015
2004-12-20,0.9232504817012877,0.016
2004-12-21,0.9223811198796126,0.017
2004-12-22,0.9216621171253131,0.018
2004-12-23,0.9209503331326466,0.019
2004-12-24,0.9202324531719289,0.02
2004-12-25,0.9195070898400975,0.016
2004-12-26,0.9187740888549203,0.013
2004-12-27,1.4212149245233023,0.034
2004-12-28,0.9622940688344943,0.027
2004-12-29,0.920997283120545,0.025
2004-12-30,2.128283434848583,0.396
2004-12-31,1.4577219527027574,0.243
2005-01-01,1.6960249529395137,0.219
2005-01-02,1.0501907344332293,0.149
2005-01-03,0.9827990287500461,0.101
2005-01-04,0.9938489932454805,0.083
2005-01-05,1.2011882525256277,0.08
2005-01-06,0.9967199768041263,0.069
2005-01-07,2.183884336319219,0.198
2005-01-08,1.6056658945601083,0.348
2005-01-09,1.120493398891791,0.167
2005-01-10,1.0507479793131747,0.104
2005-01-11,1.0786301260802733,0.085
2005-01-12,1.0212163448738218,0.062
2005-01-13,0.9964671976819925,0.052
2005-01-14,0.9831496790107623,0.049
2005-01-15,0.9698643902181119,0.046
2005-01-16,0.9616795191379902,0.044
2005-01-17,0.9902021955616861,0.047
2005-01-18,0.9607414565028308,0.037
2005-01-19,0.9560465626737076,0.034
2005-01-20,0.9528623033986319,0.032
2005-01-21,0.9411986832001927,0.027
2005-01-22,0.9383758749907554,0.025
2005-01-23,0.9621115077821591,0.024
2005-01-24,1.127092283850357,0.027
2005-01-25,1.8133697773558966,0.07
2005-01-26,1.0638646859810548,0.066
2005-01-27,0.9830020745786324,0.054
2005-01-28,1.066480528730539,0.05
2005-01-29,0.9798164145600747,0.046
2005-01-30,0.9641397718147725,0.042
2005-01-31,0.9660083561652573,0.039
2005-02-01,0.9518988018299493,0.036
2005-02-02,0.9473737790966684,0.034
2005-02-03,0.9419599912968466,0.033
2005-02-04,0.9386984752990162,0.034
2005-02-05,0.937327384981844,0.031
2005-02-06,0.9353390709333248,0.03
2005-02-07,0.9327972398786409,0.027
2005-02-08,0.9312788879485799,0.025
2005-02-09,0.9300949669328424,0.026
2005-02-10,0.9290589097310703,0.021
2005-02-11,1.8362058003632133,0.07
2005-02-12,1.0080555845269203,0.074
2005-02-13,0.9583989847007868,0.05
2005-02-14,1.1760634501910316,0.051
2005-02-15,1.1545226715480759,0.105
2005-02-16,1.114656247984246,0.076
2005-02-17,0.9741495891282008,0.066
2005-02-18,0.954910571845907,0.057
2005-02-19,0.9486900358802874,0.046
2005-02-20,1.6980338274284656,0.061
2005-02-21,1.6824441925222446,0.081
2005-02-22,1.279305769868993,0.244
2005-02-23,1.7795269320412674,0.168
2005-02-24,2.066576172914307,0.537
2005-02-25,1.5732064160024162,0.472
2005-02-26,1.4947474662985718,0.247
2005-02-27,1.1928770428275233,0.18
2005-02-28,1.451012023805016,0.144
2005-03-01,1.4639059711822868,0.227
2005-03-02,1.9436597780764553,0.247
2005-03-03,1.9871705036769431,0.406
2005-03-04,1.2954967055628055,0.503
2005-03-05,1.26509884471512,0.18
2005-03-06,1.1604795392852203,0.136
2005-03-07,1.117675419619749,0.111
2005-03-08,1.0889099532596012,0.092
2005-03-09,1.0645139170638998,0.075
2005-03-10,1.0470595469364625,0.069
2005-03-11,1.1427507733373041,0.066
2005-03-12,1.0428663310626485,0.054
2005-03-13,1.0241063536651496,0.049
2005-03-14,1.752077614516808,0.073
2005-03-15,1.0973583306825627,0.063
2005-03-16,1.030103495182634,0.052
2005-03-17,1.0169867545937126,0.043
2005-03-18,1.010099156985731,0.039
2005-03-19,1.0051480029909743,0.039
2005-03-20,1.001409536758587,0.038
2005-03-21,0.9992284609847276,0.038
2005-03-22,0.9965504385774526,0.035
2005-03-23,0.994801256280334,0.029
2005-03-24,0.9935769921921652,0.029
2005-03-25,0.9926753857117148,0.026
2005-03-26,1.0005209011814804,0.026
2005-03-27,2.166843422760162,0.506
2005-03-28,2.2960290046560337,0.561
2005-03-29,1.3490370643469842,0.165
2005-03-30,1.0334262570031694,0.116
2005-03-31,0.9942661215380233,0.09
2005-04-01,0.990551873270101,0.075
2005-04-02,0.990023155385589,0.064
2005-04-03,0.9913781187887732,0.055
2005-04-04,0.9960645882410171,0.047
2005-04-05,1.0726090608283811,0.044
2005-04-06,1.4412929778543113,0.064
2005-04-07,1.1353925355737575,0.044
2005-04-08,1.0593870601576214,0.033
2005-04-09,1.04135015489358,0.031
2005-04-10,1.0306664889652455,0.027
2005-04-11,1.022582002406803,0.027
2005-04-12,1.0158778390253165,0.026
2005-04-13,1.010507961071255,0.027
2005-04-14,2.364353998798738,0.651
2005-04-15,4.0163810558654465,2.74
2005-04-16,3.1523190835586927,1.02
2005-04-17,3.3145074888584403,0.358
2005-04-18,3.1152188556588785,0.405
2005-04-19,2.927925557599482,0.176
2005-04-20,2.1902013373834626,0.127
2005-04-21,1.4727488076920303,0.101
2005-04-22,1.3450072561853375,0.082
2005-04-23,1.2838227896286762,0.068
2005-04-24,1.2391768681137043,0.058
2005-04-25,1.2178894767360193,0.051
2005-04-26,1.8139307946156684,0.069
2005-04-27,1.2858887841552489,0.05
2005-04-28,1.2084801790338326,0.044
2005-04-29,1.1795887764810258,0.037
2005-04-30,1.1933518351732413,0.039
2005-05-01,1.1547603012548853,0.037
2005-05-02,1.204056950226928,0.042
2005-05-03,1.6108931070413561,0.055
2005-05-04,1.1673112842108377,0.033
2005-05-05,1.1227604866581131,0.031
2005-05-06,1.1145682550246623,0.028
2005-05-07,1.5595294704501104,0.038
2005-05-08,1.1816611354754292,0.03
2005-05-09,1.118027015879849,0.027
2005-05-10,1.109041263397972,0.022
2005-05-11,1.106753109078249,0.021
2005-05-12,1.1054682065867767,0.02
2005-05-13,1.1045685001270087,0.019
2005-05-14,1.1039157151756227,0.019
2005-05-15,1.1034324125964432,0.019
2005-05-16,1.103060530144452,0.017
2005-05-17,1.1027548227507935,0.017
2005-05-18,1.218529880727017,0.022
2005-05-19,1.1123914386757798,0.022
2005-05-20,1.1028343163973695,0.016
2005-05-21,1.1016809389531181,0.022
2005-05-22,1.1012384156562607,0.017
2005-05-23,1.1008101349071573,0.015
2005-05-24,1.1003276450576556,0.02
2005-05-25,1.0997810227448237,0.013
2005-05-26,1.0991670406196126,0.013
2005-05-27,1.098484170392532,0.015
2005-05-28,1.09773189164224,0.011
2005-05-29,1.096910439490296,0.01
2005-05-30,1.0960206305503342,0.009
2005-05-31,1.0950637267112076,0.009
2005-06-01,1.1211494967033435,0.024
2005-06-02,1.0953338442721516,0.012
2005-06-03,1.0920211460733835,0.011
2005-06-04,1.0906198289398743,0.017
2005-06-05,1.0893379474529,0.013
2005-06-06,1.0880171322722398,0.008
2005-06-07,1.0866451838632916,0.007
2005-06-08,1.0852231139940538,0.006
2005-06-09,1.0837531202275432,0.007
2005-06-10,1.0822374845867362,0.007
2005-06-11,1.0806784650997092,0.007
2005-06-12,1.255393400325504,0.016
2005-06-13,1.0929095880248194,0.012
2005-06-14,1.0771518322293532,0.008
2005-06-15,1.074177828261858,0.007
2005-06-16,1.0723199233614127,0.015
2005-06-17,1.0705350654237673,0.007
2005-06-18,1.0687306882344203,0.006
2005-06-19,1.2138666734696117,0.014
2005-06-20,1.0779395592351502,0.006
2005-06-21,1.0643223884855597,0.008
2005-06-22,1.0613681513340025,0.005
2005-06-23,1.0593512729223484,0.005
2005-06-24,1.2536564438608946,0.019
2005-06-25,1.0726638816785985,0.006
2005-06-26,1.0550162799900948,0.005
2005-06-27,1.0516225702608484,0.004
2005-06-28,1.0494946935743406,0.004
2005-06-29,1.0474707714056584,0.005
2005-06-30,1.6689348258630963,0.139
2005-07-01,1.0981217782443486,0.015
2005-07-02,1.046285849343012,0.009
2005-07-03,1.0397722008448047,0.007
2005-07-04,1.037315490481335,0.012
2005-07-05,2.2098071920659037,0.033
2005-07-06,2.3108048347639487,0.196
2005-07-07,1.8599517244885946,0.031
2005-07-08,1.1019878583275002,0.015
2005-07-09,1.0335170968117344,0.01
2005-07-10,1.0254867632409908,0.008
2005-07-11,1.0228811387923666,0.007
2005-07-12,1.0207677278957683,0.007
2005-07-13,1.018701142196657,0.007
2005-07-14,1.2581507996790402,0.039
2005-07-15,1.0357771176771917,0.009
2005-07-16,1.014437682018084,0.006
2005-07-17,1.0106616549878233,0.006
2005-07-18,1.008465027758934,0.008
2005-07-19,1.0064169824461424,0.005
2005-07-20,1.0043886897651038,0.004
2005-07-21,1.0023689557020685,0.003
2005-07-22,1.0003572304231911,0.003
2005-07-23,0.9983539089437609,0.003
2005-07-24,0.9963594513894681,0.004
2005-07-25,0.9943743037604027,0.004
2005-07-26,0.9923988913665346,0.004
2005-07-27,0.9904336188458227,0.004
2005-07-28,2.16306466558845,0.088
2005-07-29,2.2641829632908856,0.088
2005-07-30,2.271502243377926,0.07
2005-07-31,1.15995892460579,0.02
2005-08-01,0.9965636820773796,0.011
2005-08-02,0.9803000856334617,0.008
2005-08-03,0.9771196995368345,0.007
2005-08-04,0.9751304142144895,0.008
2005-08-05,0.9732608438595581,0.007
2005-08-06,0.971414144398111,0.006
2005-08-07,0.969581723102624,0.005
2005-08-08,0.9677629824953766,0.006
2005-08-09,0.9970988289185586,0.008
2005-08-10,1.1078171363420637,0.027
2005-08-11,1.586614175970895,0.022
2005-08-12,1.0154249090920426,0.017
2005-08-13,1.0666312702636376,0.012
2005-08-14,0.9666138482586649,0.006
2005-08-15,0.9562773174802772,0.006
2005-08-16,0.9537997430938486,0.006
2005-08-17,0.9520404831849673,0.005
2005-08-18,0.9503597984906483,0.004
2005-08-19,0.9486999170428879,0.004
2005-08-20,0.9470556610280761,0.004
2005-08-21,0.9454266138608205,0.004
2005-08-22,0.9438127835245905,0.008
2005-08-23,1.0210743394761226,0.007
2005-08-24,0.9475503821511974,0.008
2005-08-25,0.9396841217070468,0.004
2005-08-26,0.9375665330546058,0.003
2005-08-27,0.9359781609413081,0.002
2005-08-28,0.9344516136894666,0.002
2005-08-29,0.9329446407192002,0.002
2005-08-30,0.9314534049911003,0.002
2005-08-31,1.2465382405148995,0.012
2005-09-01,0.9562931312204053,0.002
2005-09-02,0.9295652581573264,0.002
2005-09-03,0.9258674297850451,0.002
2005-09-04,0.9242475975100125,0.002
2005-09-05,0.9228294899845467,0.002
2005-09-06,0.9214434603669726,0.002
2005-09-07,0.9200740819805818,0.002
2005-09-08,2.0933057026237134,0.04
2005-09-09,2.1950287071845964,0.435
2005-09-10,2.203752826026609,0.114
2005-09-11,2.202557210499289,0.033
2005-09-12,1.0267699613718884,0.017
2005-09-13,0.9224771784016557,0.012
2005-09-14,0.9131848808726177,0.009
2005-09-15,1.375922945435403,0.034
2005-09-16,0.9521203782844482,0.012
2005-09-17,0.9135356012660717,0.015
2005-09-18,0.9082135418335318,0.009
2005-09-19,0.9063485029586025,0.007
2005-09-20,0.9048715536278985,0.006
2005-09-21,0.9034924499297556,0.006
2005-09-22,0.9021747093585433,0.005
2005-09-23,0.9009068790139005,0.006
2005-09-24,0.8996813907501974,0.005
2005-09-25,0.8984923189016891,0.005
2005-09-26,0.8973349184254982,0.004
2005-09-27,0.8962053763845645,0.004
2005-09-28,1.0375865413262289,0.018
2005-09-29,0.9065203875400608,0.006
2005-09-30,0.8940783945238899,0.006
2005-10-01,0.892014191946222,0.004
2005-10-02,0.8908958352595073,0.003
2005-10-03,0.8898777499268147,0.003
2005-10-04,0.8888827199445464,0.003
2005-10-05,0.8879031019754754,0.003
2005-10-06,0.8869376709367925,0.003
2005-10-07,0.8859858721791846,0.003
2005-10-08,0.8850472820765585,0.003
2005-10-09,0.8841215449117864,0.003
2005-10-10,0.8832083558503199,0.003
2005-10-11,1.9359415203965609,0.04
2005-10-12,2.074101274137358,0.092
2005-10-13,0.9853789939013651,0.031
2005-10-14,0.889093320285461,0.016
2005-10-15,0.8796745229134265,0.012
2005-10-16,0.8780571400966097,0.01
2005-10-17,0.8771555097166858,0.009
2005-10-18,0.9481318730543562,0.009
2005-10-19,0.8818191065360612,0.015
2005-10-20,0.8752857866421125,0.008
2005-10-21,2.0485692403338382,0.171
2005-10-22,2.150807486329465,0.401
2005-10-23,2.1930402060160845,0.169
2005-10-24,2.205999523610302,1.09
2005-10-25,2.208721160639172,0.313
2005-10-26,1.0947282265280076,0.138
2005-10-27,0.9185905602558473,0.098
2005-10-28,0.89594937713729,0.069
2005-10-29,0.8895922256363383,0.054
2005-10-30,0.8864422619885262,0.048
2005-10-31,1.053609811506252,0.041
2005-11-01,1.0641842556079777,0.039
2005-11-02,1.0467618102188803,0.044
2005-11-03,2.158275612496929,0.061
2005-11-04,1.6917619278318499,0.515
2005-11-05,1.2433199827365462,0.141
2005-11-06,1.114284914078777,0.178
2005-11-07,1.0550572676053025,0.123
2005-11-08,2.108034270066719,0.466
2005-11-09,1.0756529790024674,0.172
2005-11-10,1.193901439722039,0.112
2005-11-11,0.9857842156069806,0.098
2005-11-12,0.951397359359082,0.069
2005-11-13,0.9296890560756748,0.056
2005-11-14,0.918515077828213,0.054
2005-11-15,0.9154370686704982,0.046
2005-11-16,0.9043102628853001,0.035
2005-11-17,0.8976837033625957,0.03
2005-11-18,0.8936264474496535,0.027
2005-11-19,0.8906278912301544,0.026
2005-11-20,0.887874485556877,0.026
2005-11-21,0.8852152334498264,0.025
2005-11-22,0.8840780292320113,0.024
2005-11-23,0.8826587486192311,0.025
2005-11-24,0.8813783814071623,0.029
2005-11-25,1.6387633883687072,0.042
2005-11-26,2.3131304073465224,0.468
2005-11-27,2.614714901296434,1.52
2005-11-28,2.5528455066336324,0.422
2005-11-29,1.5218185496128849,0.189
2005-11-30,1.1223368271429937,0.141
2005-12-01,1.4174665897140435,0.133
2005-12-02,1.354301721101142,0.148
2005-12-03,1.1822050842258711,0.167
2005-12-04,1.051029245143271,0.122
2005-12-05,1.2658345496950971,0.112
2005-12-06,1.471722576071825,0.326
2005-12-07,1.0709793077670386,0.167
2005-12-08,1.0130453572080205,0.113
2005-12-09,0.9953983319078709,0.094
2005-12-10,0.9756431891467686,0.083
2005-12-11,0.9707844470850874,0.073
2005-12-12,0.9558681762271246,0.063
2005-12-13,0.9472948397458871,0.06
2005-12-14,0.9417197002835483,0.055
2005-12-15,0.940807060648331,0.055
2005-12-16,0.9347169271183116,0.045
2005-12-17,0.9321101151400714,0.039
2005-12-18,0.9304786930785918,0.039
2005-12-19,0.9292226032388717,0.034
2005-12-20,0.9287111550586135,0.033
2005-12-21,1.055735706554658,0.032
2005-12-22,0.9434873490549472,0.037
2005-12-23,0.9324395222312414,0.032
2005-12-24,0.9316359903062689,0.029
2005-12-25,0.9316274037347446,0.029
2005-12-26,1.1350318570480835,0.035
2005-12-27,1.2816829761539146,0.047
2005-12-28,1.0344270422659332,0.045
2005-12-29,1.3000446457325125,0.042
2005-12-30,1.7754409542481058,0.103
2005-12-31,1.0709883513765863,0.347
2006-01-01,0.9932135515981358,0.145
2006-01-02,0.9752949585893883,0.098
2006-01-03,0.9663806728657831,0.075
2006-01-04,0.9624353790393656,0.065
2006-01-05,0.9725142308538934,0.06
2006-01-06,1.547385294592882,0.072
2006-01-07,1.0454883688119099,0.093
2006-01-08,1.0174064377327057,0.08
2006-01-09,0.9829112317074635,0.074
2006-01-10,1.2008673077209349,0.075
2006-01-11,1.0074052005065668,0.069
2006-01-12,0.9778713493846252,0.062
2006-01-13,0.9734536023313067,0.056
2006-01-14,0.9639561912419583,0.05
2006-01-15,0.9580775666995793,0.047
2006-01-16,0.9569678846786382,0.047
2006-01-17,0.951912796668297,0.04
2006-01-18,1.5861423699997519,0.061
2006-01-19,1.034055775329442,0.065
2006-01-20,0.9744298837089883,0.051
2006-01-21,0.9645613469812179,0.041
2006-01-22,0.9594222714732469,0.039
2006-01-23,0.9549293684227825,0.038
2006-01-24,0.9518841445194578,0.036
2006-01-25,0.953158533964273,0.034
2006-01-26,0.9513680947724432,0.032
2006-01-27,1.120286529164935,0.039
2006-01-28,0.9687699295739947,0.036
2006-01-29,0.9525970735312329,0.033
2006-01-30,0.9488864398507286,0.032
2006-01-31,0.9472001842975258,0.031
2006-02-01,0.9448561934518934,0.03
2006-02-02,0.9432778067335985,0.028
2006-02-03,0.9419676400211109,0.022
2006-02-04,0.9408255206084571,0.021
2006-02-05,0.9398111197159014,0.021
2006-02-06,0.938893068997758,0.022
2006-02-07,1.022683863528871,0.03
2006-02-08,0.9459336272459636,0.021
2006-02-09,0.9382862358699807,0.018
2006-02-10,0.9367495450035834,0.017
2006-02-11,0.9361794047993965,0.018
2006-02-12,1.0267398594580026,0.025
2006-02-13,0.9433508355639114,0.022
2006-02-14,1.024239577011434,0.027
2006-02-15,0.9424887856415108,0.026
2006-02-16,0.9868086384209583,0.028
2006-02-17,0.9382676736875876,0.023
2006-02-18,0.9327091802059702,0.019
2006-02-19,1.0373815762515675,0.021
2006-02-20,1.3375968975673889,0.031
2006-02-21,0.9703985029010961,0.045
2006-02-22,1.2586074642923921,0.038
2006-02-23,1.7250982195944915,0.287
2006-02-24,1.0324059295794514,0.161
2006-02-25,1.0929240491516534,0.105
2006-02-26,1.01218211878654,0.085
2006-02-27,1.0535868722628048,0.083
2006-02-28,0.9783538892339377,0.068
2006-03-01,0.9629929196473374,0.059
2006-03-02,0.9550145037561921,0.052
2006-03-03,0.9490570720906927,0.047
2006-03-04,0.9449527354669668,0.042
2006-03-05,0.9388684584518625,0.037
2006-03-06,0.9355094643860729,0.035
2006-03-07,1.0130408786937093,0.046
2006-03-08,1.1771291130467774,0.058
2006-03-09,1.6292650860342268,0.103
2006-03-10,1.352316288483987,0.211
2006-03-11,1.0149881320839838,0.124
2006-03-12,0.97975811535957,0.093
2006-03-13,1.5027648317554523,0.086
2006-03-14,1.358887664835073,0.178
2006-03-15,1.0464996435477483,0.138
2006-03-16,1.1832304733626977,0.12
2006-03-17,1.0173794171411885,0.104
2006-03-18,0.9891316466697385,0.087
2006-03-19,0.9840853570031496,0.081
2006-03-20,0.9688303689592918,0.072
2006-03-21,0.9633700704061482,0.067
2006-03-22,0.9502562058715402,0.06
2006-03-23,0.9443885036525289,0.057
2006-03-24,1.6919405129042735,0.119
2006-03-25,1.7331767626228833,0.293
2006-03-26,1.2268224706699948,0.216
2006-03-27,1.0527890941028182,0.168
2006-03-28,1.3262744551932977,0.148
2006-03-29,1.8155201059721562,0.189
2006-03-30,1.6183669040390332,0.327
2006-03-31,2.1881074373068086,0.46
2006-04-01,1.2720989341081357,0.338
2006-04-02,1.5208053910849477,0.156
2006-04-03,1.2390196617789582,0.122
2006-04-04,1.1290625506786685,0.097
2006-04-05,1.0883657021005437,0.081
2006-04-06,1.0628919695981882,0.068
2006-04-07,1.0463972216091793,0.061
2006-04-08,1.7644291582745306,0.124
2006-04-09,1.1059271943061741,0.078
2006-04-10,1.0320776885256655,0.068
2006-04-11,1.0134249015356607,0.062
2006-04-12,1.0035011432534973,0.055
2006-04-13,0.9933599118583839,0.045
2006-04-14,0.9861749835627375,0.039
2006-04-15,0.9809542512280888,0.038
2006-04-16,0.9769354346651035,0.035
2006-04-17,0.9738310023211034,0.033
2006-04-18,0.9714394938953257,0.034
2006-04-19,0.9696032263393648,0.04
2006-04-20,0.9681968733724909,0.034
2006-04-21,0.9671207373008068,0.026
2006-04-22,0.9662955855831115,0.027
2006-04-23,0.9656585403639848,0.024
2006-04-24,0.9651597923128379,0.025
2006-04-25,0.9647599722575362,0.023
2006-04-26,0.9644280488948065,0.018
2006-04-27,0.9641396473388523,0.017
2006-04-28,0.9638757043298567,0.016
2006-04-29,0.9636213927610509,0.017
2006-04-30,0.963365261651621,0.02
2006-05-01,0.9630985484674909,0.021
2006-05-02,0.9628146293118303,0.017
2006-05-03,0.9625085794029635,0.014
2006-05-04,0.9621768217740334,0.015
2006-05-05,0.9618168465420877,0.014
2006-05-06,1.6671355387375035,0.045
2006-05-07,1.0229275093774663,0.027
2006-05-08,0.966112799990769,0.018
2006-05-09,0.9605734542146888,0.015
2006-05-10,0.9596013961316712,0.013
2006-05-11,0.9590144214376456,0.011
2006-05-12,0.9584350980964995,0.014
2006-05-13,0.9578299459106431,0.012
2006-05-14,2.099548478040136,0.058
2006-05-15,1.7472442819393346,0.093
2006-05-16,1.0527641684835678,0.049
2006-05-17,0.9900002965602515,0.041
2006-05-18,0.9574821262458346,0.025
2006-05-19,0.9539189308688041,0.02
2006-05-20,0.9528853950678821,0.017
2006-05-21,1.8714977130779025,0.058
2006-05-22,1.031910652567815,0.037
2006-05-23,0.9576371283984446,0.021
2006-05-24,0.9501914470721861,0.017
2006-05-25,0.948720196227132,0.015
2006-05-26,0.9477748992783526,0.021
2006-05-27,0.9468639002591406,0.015
2006-05-28,0.9459434567319056,0.013
2006-05-29,0.9450104149967922,0.012
2006-05-30,0.9440652811245644,0.011
2006-05-31,0.9431088689672911,0.011
2006-06-01,0.9421419959540401,0.012
2006-06-02,0.9411654557394152,0.01
2006-06-03,0.9401800160721911,0.01
2006-06-04,0.9391864190127638,0.01
2006-06-05,0.9381853814071959,0.01
2006-06-06,0.9371775954159035,0.01
2006-06-07,0.936163729069168,0.009
2006-06-08,0.9351444268394528,0.01
2006-06-09,0.9341203102236952,0.01
2006-06-10,0.9330919783302924,0.009
2006-06-11,0.9320600084666475,0.009
2006-06-12,0.931024956724048,0.015
2006-06-13,0.9299873585573742,0.007
2006-06-14,0.9289477293577073,0.006
2006-06-15,0.9279065650163708,0.005
2006-06-16,0.9268643424793009,0.005
2006-06-17,0.9258215202909352,0.006
2006-06-18,0.9247785391270378,0.007
2006-06-19,0.9237358223160627,0.005
2006-06-20,0.9226937763488053,0.007
2006-06-21,0.9216527913761982,0.004
2006-06-22,0.9206132416952079,0.004
2006-06-23,0.9195754862228515,0.003
2006-06-24,1.4734732288259842,0.016
2006-06-25,0.9661984615592354,0.011
2006-06-26,0.9208474169665937,0.004
2006-06-27,0.9158445274172873,0.004
2006-06-28,0.9144610350898629,0.003
2006-06-29,0.9134081637634074,0.003
2006-06-30,0.9123888589181334,0.003
2006-07-01,0.9113764108795114,0.002
2006-07-02,0.9103686121406188,0.002
2006-07-03,0.9093654691259134,0.002
2006-07-04,0.9083671794146181,0.002
2006-07-05,0.9073739483739436,0.002
2006-07-06,0.9063859728101142,0.002
2006-07-07,0.9054034397791368,0.002
2006-07-08,1.0809656820249505,0.011
2006-07-09,0.9189455484475357,0.003
2006-07-10,0.9038807770572521,0.002
2006-07-11,0.9016569503006104,0.001
2006-07-12,0.900589717523646,0.001
2006-07-13,0.899632877222619,0.001
2006-07-14,0.8986919707267976,0.001
2006-07-15,0.8977585395179365,0.001
2006-07-16,0.896831916228607,0.001
2006-07-17,0.8959121342881655,0.001
2006-07-18,0.8949992845500667,0.001
2006-07-19,0.8940934570810016,0.001
2006-07-20,0.8931947360792862,0.001
2006-07-21,0.8923031996124864,0.005
2006-07-22,0.8914189197870876,0.013
2006-07-23,0.8905419629519015,0.001
2006-07-24,0.8896723898991815,0.001
2006-07-25,0.8888102560603112,0.001
2006-07-26,0.8879556116959162,0.001
2006-07-27,0.8871085020805198,0.001
2006-07-28,0.8862689676818818,0.001
2006-07-29,0.8854370443351562,0.002
2006-07-30,0.8846127634120095,0.001
2006-07-31,1.035691516534769,0.018
2006-08-01,1.8462211639507737,0.074
2006-08-02,2.141316256149715,0.086
2006-08-03,0.992045103890323,0.007
2006-08-04,0.8905454421120914,0.004
2006-08-05,0.8807281266683857,0.003
2006-08-06,0.8791401356429476,0.008
2006-08-07,0.8783034669312924,0.002
2006-08-08,0.8775419869696978,0.004
2006-08-09,0.8767943737290943,0.001
2006-08-10,0.8760550530635818,0.001
2006-08-11,0.875323508845886,0.001
2006-08-12,0.874599681838525,0.004
2006-08-13,1.8542583532670136,0.071
2006-08-14,0.9591965230649673,0.007
2006-08-15,0.8801964607714534,0.003
2006-08-16,0.8724797804836211,0.029
2006-08-17,1.2457445879454365,0.004
2006-08-18,1.8859059484251355,0.167
2006-08-19,1.3384306284897358,0.016
2006-08-20,1.4055071549356253,0.022
2006-08-21,0.9155858858438335,0.009
2006-08-22,0.8720170442579734,0.005
2006-08-23,1.2990141539395452,0.022
2006-08-24,0.9044025186405044,0.007
2006-08-25,0.8692834030205094,0.006
2006-08-26,0.8655707851497889,0.003
2006-08-27,0.864679688885455,0.005
2006-08-28,0.8640502846204878,0.004
2006-08-29,0.8634511319926427,0.002
2006-08-30,0.8763032699735613,0.006
2006-08-31,0.8634579971930715,0.004
2006-09-01,0.8618088175806883,0.002
2006-09-02,2.035729692796908,0.166
2006-09-03,2.140197745157757,0.026
2006-09-04,0.9744737384187482,0.009
2006-09-05,0.8700956501959028,0.01
2006-09-06,0.859890417781231,0.006
2006-09-07,0.8584815076931882,0.004
2006-09-08,0.8578744195491321,0.004
2006-09-09,0.8573460799897329,0.003
2006-09-10,0.8568308599909783,0.003
2006-09-11,1.0389108378554732,0.01
2006-09-12,0.8718420612203436,0.003
2006-09-13,0.8567641804002615,0.003
2006-09-14,0.9999175673146911,0.028
2006-09-15,0.8670848594323516,0.004
2006-09-16,0.8550211400269067,0.003
2006-09-17,0.8535116162270069,0.003
2006-09-18,0.8529536206094953,0.002
2006-09-19,0.8524871803846085,0.003
2006-09-20,0.8520345048631092,0.002
2006-09-21,0.8515884877362055,0.003
2006-09-22,1.2474653931866457,0.014
2006-09-23,1.4220509545644402,0.01
2006-09-24,0.9004873007839178,0.027
2006-09-25,0.8543718740100262,0.005
2006-09-26,0.8498540348928025,0.003
2006-09-27,0.8490716346999209,0.003
2006-09-28,0.8486321105830514,0.002
2006-09-29,0.8482286746383492,0.002
2006-09-30,0.9141476533181314,0.008
2006-10-01,1.1214317463057946,0.01
2006-10-02,0.8711120403225037,0.003
2006-10-03,0.8644105906325488,0.005
2006-10-04,0.8478684595210085,0.002
2006-10-05,0.9707537987344267,0.006
2006-10-06,0.8565268608146313,0.007
2006-10-07,0.8461994339099008,0.002
2006-10-08,0.8449516970224822,0.003
2006-10-09,0.8445222404393314,0.004
2006-10-10,0.8441712009317057,0.002
2006-10-11,1.1333961877334517,0.007
2006-10-12,0.8689048373450812,0.002
2006-10-13,0.8454488547632582,0.001
2006-10-14,0.8430496084292832,0.001
2006-10-15,0.842541802288625,0.001
2006-10-16,0.87738256306728,0.002
2006-10-17,1.0068475980509408,0.01
2006-10-18,1.564354195457341,0.006
2006-10-19,1.0437480294379418,0.059
2006-10-20,1.8444109832029527,0.056
2006-10-21,1.4745274411568468,0.024
2006-10-22,0.8966773822193943,0.039
2006-10-23,0.8452357568470614,0.017
2006-10-24,1.1354679399903318,0.023
2006-10-25,2.0641918853620207,0.246
2006-10-26,1.3746016610093261,0.073
2006-10-27,1.3105603193456994,0.064
2006-10-28,0.8907655746876236,0.035
2006-10-29,0.8524422903094777,0.022
2006-10-30,0.9366573691882708,0.025
2006-10-31,0.8542054315804853,0.014
2006-11-01,0.8452292924759583,0.009
2006-11-02,0.8432079245379619,0.008
2006-11-03,0.8420308590480888,0.007
2006-11-04,0.8411007310250869,0.007
2006-11-05,0.8403294216896074,0.008
2006-11-06,0.8396816789462267,0.008
2006-11-07,0.8391325072766749,0.007
2006-11-08,0.856024881945609,0.007
2006-11-09,0.8397785310697577,0.005
2006-11-10,0.8380352853166504,0.006
2006-11-11,0.9698872513880298,0.009
2006-11-12,0.8489079665646884,0.006
2006-11-13,0.8380838500239454,0.006
2006-11-14,0.9069104209409562,0.006
2006-11-15,1.0046023667749084,0.014
2006-11-16,0.8511349578276329,0.007
2006-11-17,0.8375103381748059,0.007
2006-11-18,0.8361195232587137,0.006
2006-11-19,0.9291424237694478,0.011
2006-11-20,0.8438371073550004,0.01
2006-11-21,0.8362163339460051,0.007
2006-11-22,1.2795327197304,0.012
2006-11-23,0.8741351142284588,0.014
2006-11-24,1.7008086629192372,0.032
2006-11-25,0.9118036043166857,0.046
2006-11-26,0.8421909114212207,0.026
2006-11-27,0.8359850000973,0.021
2006-11-28,0.8345385410188284,0.018
2006-11-29,0.8342621375408901,0.013
2006-11-30,0.8341043194852137,0.012
2006-12-01,0.8339590780214233,0.011
2006-12-02,1.4419576971210049,0.026
2006-12-03,1.38385237119178,0.127
2006-12-04,1.0917387734534314,0.054
2006-12-05,1.2548554848972813,0.101
2006-12-06,1.4757818778724905,0.123
2006-12-07,2.1257378982853696,0.616
2006-12-08,0.983709129821103,0.224
2006-12-09,0.8774082541335201,0.088
2006-12-10,1.0575019332964009,0.069
2006-12-11,0.8830307110351655,0.052
2006-12-12,1.051288137253981,0.048
2006-12-13,1.0729294263062084,0.064
2006-12-14,0.9092883288801086,0.047
2006-12-15,0.8748940297524974,0.039
2006-12-16,0.8636471252782821,0.033
2006-12-17,0.8570021235155117,0.028
2006-12-18,0.8533577052107638,0.024
2006-12-19,0.850588960030144,0.022
2006-12-20,0.8477131000417625,0.021
2006-12-21,0.8460328673763708,0.019
2006-12-22,0.8446119686246837,0.018
2006-12-23,0.8433748994549651,0.017
2006-12-24,0.842347849471406,0.017
2006-12-25,0.8416583510427987,0.016
2006-12-26,0.8411296639642012,0.015
2006-12-27,0.9422702593500738,0.018
2006-12-28,0.8510610737990638,0.015
2006-12-29,1.8430681632956367,0.054
2006-12-30,1.0295732860026037,0.094
2006-12-31,0.8763195632236548,0.076
2007-01-01,0.8576009248776053,0.051
2007-01-02,0.8531947092708272,0.037
2007-01-03,1.1741347842011904,0.056
2007-01-04,0.8882928230660634,0.043
2007-01-05,0.8598444826555777,0.037
2007-01-06,0.8553503123622339,0.034
2007-01-07,0.8583714224848646,0.033
2007-01-08,1.1743567944063609,0.032
2007-01-09,1.6834487888011715,0.075
2007-01-10,1.431943237154909,0.189
2007-01-11,1.0516410689093443,0.152
2007-01-12,0.9190326806802258,0.089
2007-01-13,0.9021841047812611,0.064
2007-01-14,0.8862559784804923,0.047
2007-01-15,0.8798202131589467,0.041
2007-01-16,0.9617710075785935,0.037
2007-01-17,1.9345656908045368,0.059
2007-01-18,1.251529105600996,0.327
2007-01-19,1.192744741971481,0.128
2007-01-20,1.0548876769419937,0.107
2007-01-21,1.2450469606000607,0.094
2007-01-22,1.0955681468879437,0.102
2007-01-23,0.9999994563652683,0.084
2007-01-24,1.2870214546911023,0.099
2007-01-25,0.9789845934534283,0.097
2007-01-26,0.9333376970971287,0.078
2007-01-27,0.9175459819624954,0.065
2007-01-28,0.9070949506577182,0.055
2007-01-29,0.8990766596364963,0.047
2007-01-30,0.892854844276512,0.044
2007-01-31,0.8880385681668026,0.036
2007-02-01,0.8843312033080264,0.032
2007-02-02,0.8815302962348116,0.028
2007-02-03,0.8793848367150889,0.026
2007-02-04,0.8778058205834564,0.027
2007-02-05,0.8766775769902301,0.027
2007-02-06,0.8758496639153147,0.026
2007-02-07,0.8752538132724572,0.024
2007-02-08,0.8748884096588514,0.024
2007-02-09,2.010868775306735,0.112
2007-02-10,2.373508655117395,0.922
2007-02-11,2.111193040307429,0.655
2007-02-12,1.0855239293673795,0.28
2007-02-13,0.9725616150494059,0.148
2007-02-14,0.9466989612576429,0.104
2007-02-15,0.9327294680665721,0.076
2007-02-16,1.1463955110745454,0.064
2007-02-17,0.9565429314571636,0.053
2007-02-18,0.9303586173313146,0.047
2007-02-19,1.6548887893084214,0.118
2007-02-20,1.2917729218434182,0.152
2007-02-21,1.496205098746163,0.156
2007-02-22,1.0745069316633447,0.218
2007-02-23,1.0045651830606257,0.125
2007-02-24,1.195682214079764,0.109
2007-02-25,1.0103419791066326,0.104
2007-02-26,1.1923079231443443,0.084
2007-02-27,1.2817700399265373,0.136
2007-02-28,1.0131380254668043,0.108
2007-03-01,0.9725594242009286,0.072
2007-03-02,1.0148541800259918,0.062
2007-03-03,0.9609013666984624,0.051
2007-03-04,1.5704001080349628,0.083
2007-03-05,1.078637420840933,0.076
2007-03-06,0.9785043759572747,0.061
2007-03-07,0.9596232133135078,0.047
2007-03-08,0.9524804900725197,0.042
2007-03-09,0.9449018673922428,0.034
2007-03-10,0.9379734345751528,0.034
2007-03-11,0.9337358061624756,0.037
2007-03-12,0.9305103250185576,0.034
2007-03-13,0.9280808655970917,0.031
2007-03-14,0.9262412058369903,0.028
2007-03-15,0.9248673446557311,0.028
2007-03-16,0.9238383856216158,0.029
2007-03-17,0.9230874780884295,0.026
2007-03-18,0.9225451662942615,0.024
2007-03-19,1.1828233715252368,0.023
2007-03-20,0.9447602786313484,0.017
2007-03-21,1.2011088826127816,0.03
2007-03-22,0.9464778625287501,0.023
2007-03-23,0.923892255194272,0.02
2007-03-24,0.9216561760720589,0.019
2007-03-25,0.9213651340433922,0.018
2007-03-26,0.9212810479882628,0.018
2007-03-27,0.9212080194135711,0.019
2007-03-28,0.9211234020360406,0.018
2007-03-29,1.0819902641555874,0.032
2007-03-30,0.9350231030130239,0.02
2007-03-31,0.9220221058560713,0.016
2007-04-01,0.9206998834996961,0.016
2007-04-02,0.9204015873956187,0.016
2007-04-03,0.9201726932372843,0.016
2007-04-04,0.9199268218224371,0.016
2007-04-05,0.9196562779957921,0.016
2007-04-06,0.9193606795917055,0.015
2007-04-07,0.9190404446491337,0.014
2007-04-08,0.9186961667089094,0.015
2007-04-09,0.9183285314282459,0.014
2007-04-10,0.9179382878472865,0.013
2007-04-11,0.9175262290131938,0.012
2007-04-12,0.9170931769653311,0.013
2007-04-13,0.9166399709214977,0.013
2007-04-14,0.9161674579949481,0.012
2007-04-15,0.9156764859294878,0.012
2007-04-16,0.9151678974447077,0.011
2007-04-17,0.9146425258652976,0.01
2007-04-18,0.9141011917737094,0.01
2007-04-19,1.0083112774756555,0.016
2007-04-20,0.9212889822006032,0.012
2007-04-21,0.913135831688304,0.009
2007-04-22,0.9118596035976223,0.008
2007-04-23,0.9111887684703,0.008
2007-04-24,0.9900945944146288,0.014
2007-04-25,0.9169087248749198,0.01
2007-04-26,0.9099150923491657,0.007
2007-04-27,0.9086942922468976,0.006
2007-04-28,0.9079829606844452,0.006
2007-04-29,0.9073103189819808,0.006
2007-04-30,0.9066343426926283,0.006
2007-05-01,0.9059517353307818,0.004
2007-05-02,0.905262694643466,0.004
2007-05-03,0.904567718634201,0.004
2007-05-04,0.9038673160403164,0.004
2007-05-05,0.9031619804443569,0.004
2007-05-06,0.9024521883286587,0.004
2007-05-07,0.9017383993054079,0.003
2007-05-08,0.9010210565429497,0.004
2007-05-09,0.9110542413341824,0.008
2007-05-10,0.9952875421163311,0.012
2007-05-11,1.2271729561458748,0.026
2007-05-12,1.2726347244979574,0.031
2007-05-13,1.8708118753102654,0.06
2007-05-14,0.9821446476637281,0.024
2007-05-15,0.9036097539847253,0.01
2007-05-16,0.8958969660586874,0.012
2007-05-17,0.8945335916634608,0.008
2007-05-18,0.8937444990365628,0.007
2007-05-19,0.8930078415582379,0.005
2007-05-20,0.8922765477288052,0.004
2007-05-21,0.8915465863587655,0.004
2007-05-22,0.8908178233036799,0.004
2007-05-23,0.8900904686878509,0.004
2007-05-24,0.8893647545819874,0.004
2007-05-25,0.8886409060137965,0.004
2007-05-26,1.41014346717407,0.016
2007-05-27,0.9330213990233962,0.005
2007-05-28,1.434327723559229,0.014
2007-05-29,1.5123063305287823,0.037
2007-05-30,0.9401292430831061,0.014
2007-05-31,0.8892953174691719,0.005
2007-06-01,0.8840908135651312,0.005
2007-06-02,0.8829818644533944,0.005
2007-06-03,0.8822465237505446,0.004
2007-06-04,0.8815483849940037,0.004
2007-06-05,0.8808570610667359,0.004
2007-06-06,0.8801699085147411,0.004
2007-06-07,0.8794867963591098,0.004
2007-06-08,0.8788078159887385,0.004
2007-06-09,0.8781330733916207,0.004
2007-06-10,0.8774626704682995,0.003
2007-06-11,1.0260036545302602,0.016
2007-06-12,2.0638129838887136,0.169
2007-06-13,2.1543016498533003,0.097
2007-06-14,2.163442688421506,0.067
2007-06-15,2.1848895595216,0.232
2007-06-16,1.8650317548886741,0.102
2007-06-17,0.9676285412968582,0.046
2007-06-18,0.8867404834852006,0.024
2007-06-19,2.0786149506765867,0.11
2007-06-20,0.9913634596466899,0.154
2007-06-21,0.8932929126047268,0.044
2007-06-22,0.8814605251498373,0.026
2007-06-23,1.4427467860267262,0.09
2007-06-24,0.9264612466519268,0.038
2007-06-25,0.8797551673717307,0.033
2007-06-26,0.873400676021365,0.023
2007-06-27,1.3106202620862772,0.065
2007-06-28,1.368442495940996,0.073
2007-06-29,0.9190776998522553,0.065
2007-06-30,2.0810425026927497,0.522
2007-07-01,2.216715139238502,0.343
2007-07-02,1.4573705640725896,0.107
2007-07-03,0.9507809226535713,0.064
2007-07-04,1.1930308665190572,0.044
2007-07-05,2.2602188700524684,0.138
2007-07-06,2.0149492045556614,0.303
2007-07-07,1.1188611107255764,0.109
2007-07-08,1.0039850258896432,0.057
2007-07-09,0.9741719374731886,0.039
2007-07-10,0.9520795039629113,0.029
2007-07-11,0.9375438643384731,0.024
2007-07-12,0.9252082288012549,0.023
2007-07-13,1.3970259587783973,0.043
2007-07-14,0.9614757826331858,0.023
2007-07-15,1.7357995704365778,0.045
2007-07-16,0.9926830047073515,0.033
2007-07-17,1.2277882813330085,0.029
2007-07-18,0.9502412153163673,0.022
2007-07-19,0.9144138945889663,0.031
2007-07-20,1.0303071299856599,0.023
2007-07-21,0.9177101486468053,0.066
2007-07-22,0.9008685201206227,0.035
2007-07-23,0.8959622462252931,0.025
2007-07-24,0.8930019728505328,0.019
2007-07-25,0.8907640431083073,0.016
2007-07-26,0.8890221061399194,0.022
2007-07-27,0.8876637284955615,0.013
2007-07-28,0.8866054089843497,0.011
2007-07-29,0.8857811430471489,0.01
2007-07-30,0.8851384043386692,0.009
2007-07-31,0.884635395896532,0.011
2007-08-01,0.8842388935455417,0.01
2007-08-02,0.8839225246340705,0.009
2007-08-03,0.883665391539721,0.009
2007-08-04,0.8834509706690691,0.009
2007-08-05,0.8832662318197894,0.01
2007-08-06,0.8831009338260858,0.009
2007-08-07,0.8829470612266429,0.008
2007-08-08,0.882798373746783,0.008
2007-08-09,0.8826500460282782,0.008
2007-08-10,0.8824983795536789,0.008
2007-08-11,0.9123611900951344,0.009
2007-08-12,0.884808645927956,0.014
2007-08-13,0.8822352068734751,0.009
2007-08-14,2.0564193065587273,0.129
2007-08-15,2.159263831528635,0.059
2007-08-16,0.9937179973887985,0.022
2007-08-17,0.8912703090277735,0.017
2007-08-18,1.1233687819919276,0.033
2007-08-19,0.9019734434885984,0.029
2007-08-20,0.8823507068617875,0.017
2007-08-21,0.8803429991139566,0.012
2007-08-22,0.8799037664903092,0.011
2007-08-23,0.8795963103690523,0.009
2007-08-24,0.8792911153197538,0.008
2007-08-25,0.8789768144874134,0.007
2007-08-26,0.8786527659704796,0.006
2007-08-27,0.8783193082167772,0.006
2007-08-28,0.8779768713411382,0.006
2007-08-29,0.8776258931744451,0.005
2007-08-30,0.877266809112718,0.005
2007-08-31,0.8769000492480715,0.004
2007-09-01,0.8765260366227663,0.004
2007-09-02,0.8761451859527964,0.005
2007-09-03,0.8757579026863336,0.003
2007-09-04,0.8753645823245766,0.003
2007-09-05,0.8749656099503009,0.003
2007-09-06,0.8745613599206778,0.003
2007-09-07,0.8741521956896917,0.003
2007-09-08,0.8737384697324652,0.003
2007-09-09,0.8733205235493856,0.003
2007-09-10,0.8728986877323861,0.003
2007-09-11,0.8724732820793097,0.003
2007-09-12,0.8720446157451368,0.002
2007-09-13,0.8716129874211405,0.002
2007-09-14,0.8711786855348619,0.002
2007-09-15,0.870741988465254,0.002
2007-09-16,0.8703031647685097,0.003
2007-09-17,0.9162376068355671,0.005
2007-09-18,0.8734892760858003,0.002
2007-09-19,0.8693417617593395,0.003
2007-09-20,0.8685646919336176,0.006
2007-09-21,1.3847123530739116,0.028
2007-09-22,0.9129699981202061,0.004
2007-09-23,1.1934233447444953,0.007
2007-09-24,0.9590066846181844,0.02
2007-09-25,0.8744515258192355,0.005
2007-09-26,1.0236324259093121,0.005
2007-09-27,0.879249811188995,0.003
2007-09-28,1.3333116883382077,0.017
2007-09-29,0.9056091576428076,0.007
2007-09-30,0.8677548914862808,0.003
2007-10-01,0.8639547165639644,0.002
2007-10-02,0.8632077660379117,0.002
2007-10-03,0.9794599232811378,0.011
2007-10-04,0.8725360765064245,0.003
2007-10-05,0.8627740989953322,0.002
2007-10-06,0.8614998491388611,0.002
2007-10-07,0.8609878466031767,0.002
2007-10-08,1.4496449955810238,0.009
2007-10-09,0.9118025346263341,0.016
2007-10-10,0.8643223581665788,0.004
2007-10-11,0.8596732631437359,0.003
2007-10-12,0.8588649706444386,0.003
2007-10-13,0.8584060146524064,0.002
2007-10-14,0.8579808531461488,0.002
2007-10-15,1.030403528709094,0.018
2007-10-16,0.872309553308151,0.004
2007-10-17,0.8580905648285857,0.003
2007-10-18,0.8564402757138384,0.002
2007-10-19,0.8559189156442625,0.002
2007-10-20,0.8555021165383189,0.002
2007-10-21,0.8550973289778333,0.003
2007-10-22,0.8546962070994488,0.002
2007-10-23,0.854298037066082,0.002
2007-10-24,0.8539027950424598,0.002
2007-10-25,0.8535105171629852,0.002
2007-10-26,0.8531212424124581,0.002
2007-10-27,0.8527350075271697,0.003
2007-10-28,0.8656818970466164,0.007
2007-10-29,0.8531414152222726,0.003
2007-10-30,0.8516998676679961,0.004
2007-10-31,0.8512306099549871,0.004
2007-11-01,0.8508513982289044,0.005
2007-11-02,0.8504832482735931,0.004
2007-11-03,0.8501190381392861,0.004
2007-11-04,0.8497581380360653,0.005
2007-11-05,0.8494005050148358,0.005
2007-11-06,0.8490461476460669,0.005
2007-11-07,0.848695077493118,0.005
2007-11-08,0.8483473047681791,0.005
2007-11-09,1.2501446954720363,0.006
2007-11-10,1.0094144328471362,0.021
2007-11-11,0.8615880985018027,0.003
2007-11-12,1.1921089474502777,0.012
2007-11-13,1.234502680182177,0.018
2007-11-14,0.8804225703131324,0.01
2007-11-15,0.8490681174974206,0.004
2007-11-16,0.8459616358427751,0.003
2007-11-17,0.8453917601899574,0.003
2007-11-18,1.452019684688683,0.018
2007-11-19,2.035141095431339,0.079
2007-11-20,2.123576305624178,0.29
2007-11-21,1.3313546400789467,0.194
2007-11-22,1.0071746436033546,0.068
2007-11-23,0.8597611236401267,0.037
2007-11-24,0.8465142984602486,0.029
2007-11-25,0.8443167221134029,0.018
2007-11-26,0.8436700740947459,0.015
2007-11-27,0.8432353541965405,0.014
2007-11-28,0.8429580469865513,0.015
2007-11-29,0.8424835816634253,0.013
2007-11-30,1.2814676976092203,0.041
2007-12-01,0.8925960309647538,0.052
2007-12-02,0.9213961982601404,0.047
2007-12-03,0.8498132003214055,0.03
2007-12-04,0.8429620357217109,0.025
2007-12-05,0.8419691803474978,0.021
2007-12-06,0.9674201268408995,0.026
2007-12-07,0.8522645778866421,0.017
2007-12-08,1.716588969170082,0.091
2007-12-09,2.1189444294954014,0.368
2007-12-10,0.9637771007220909,0.2
2007-12-11,0.8597565850201853,0.081
2007-12-12,0.8485516217965339,0.055
2007-12-13,0.8458113619813287,0.043
2007-12-14,0.8442466563812702,0.035
2007-12-15,0.8430784906764169,0.029
2007-12-16,0.8421480565367385,0.025
2007-12-17,0.8411968851262522,0.022
2007-12-18,0.8404911689399996,0.021
2007-12-19,0.8399053062493067,0.02
2007-12-20,0.8394067450018922,0.02
2007-12-21,0.8389783560128767,0.018
2007-12-22,0.8543441837622352,0.016
2007-12-23,0.8396587069341951,0.016
2007-12-24,0.8381094083312229,0.016
2007-12-25,0.8377328872862995,0.015
2007-12-26,0.8374817891015568,0.014
2007-12-27,0.837258296082641,0.015
2007-12-28,1.0769352558890102,0.026
2007-12-29,1.0536527491989232,0.046
2007-12-30,0.8558265751491594,0.031
2007-12-31,1.4621030257066598,0.041
2008-01-01,2.0912937065569395,0.504
2008-01-02,0.9728488058131218,0.289
2008-01-03,1.9381285227693232,0.218
2008-01-04,1.3490474473669736,0.523
2008-01-05,0.9164390318696722,0.205
2008-01-06,1.4138554668348082,0.16
2008-01-07,0.9304384570189874,0.144
2008-01-08,1.0118598890751653,0.118
2008-01-09,1.0987405910945462,0.093
2008-01-10,1.0406227300338295,0.127
2008-01-11,0.8932467057770721,0.086
2008-01-12,0.9628882101166454,0.075
2008-01-13,0.8807331936405101,0.078
2008-01-14,0.9194365891107623,0.071
2008-01-15,1.2736058127132632,0.105
2008-01-16,0.9116107871886918,0.106
2008-01-17,0.9318955468096286,0.091
2008-01-18,1.0923743375526906,0.109
2008-01-19,1.323370309913173,0.088
2008-01-20,1.2509159747535445,0.116
2008-01-21,2.386850302483244,1.07
2008-01-22,2.3423326616084754,0.496
2008-01-23,1.114283445959156,0.269
2008-01-24,0.9815721925715291,0.152
2008-01-25,0.9490581207240607,0.111
2008-01-26,1.0876889508423115,0.095
2008-01-27,0.9481660117949443,0.075
2008-01-28,0.9241874647844933,0.067
2008-01-29,0.9143796849945851,0.06
2008-01-30,1.3971344053621602,0.062
2008-01-31,0.978078479738616,0.069
2008-02-01,1.4072309768906202,0.076
2008-02-02,0.9890830024744414,0.066
2008-02-03,0.9357295976026376,0.063
2008-02-04,1.0298630286891781,0.053
2008-02-05,0.93485834884779,0.048
2008-02-06,0.9170645170428772,0.037
2008-02-07,0.9068077082139357,0.038
2008-02-08,0.9005323550276285,0.037
2008-02-09,0.8959089540306059,0.033
2008-02-10,0.8924360428946392,0.031
2008-02-11,0.890347299758701,0.03
2008-02-12,0.887874247128126,0.028
2008-02-13,0.8865459095396847,0.026
2008-02-14,0.885293870488464,0.025
2008-02-15,0.8845608505689767,0.024
2008-02-16,0.8841036336462618,0.023
2008-02-17,0.8838222871499968,0.023
2008-02-18,0.8837865311130092,0.023
2008-02-19,0.8836719302521211,0.023
2008-02-20,0.8840196351567303,0.024
2008-02-21,0.9264503029513733,0.03
2008-02-22,0.8953610403458069,0.03
2008-02-23,0.885930891963273,0.022
2008-02-24,0.8850693757913761,0.02
2008-02-25,0.8850306134292746,0.022
2008-02-26,0.8850845433608597,0.022
2008-02-27,0.8851561164422728,0.018
2008-02-28,0.8852312631595595,0.018
2008-02-29,1.1001521455155305,0.032
2008-03-01,0.904218296140228,0.018
2008-03-02,0.8871107308189634,0.022
2008-03-03,0.8856086110215076,0.015
2008-03-04,0.8854898712744098,0.011
2008-03-05,0.8854797310920023,0.012
2008-03-06,0.8854621642993123,0.013
2008-03-07,0.8854261859035931,0.013
2008-03-08,0.8853705915313187,0.02
2008-03-09,1.0600421442515504,0.019
2008-03-10,1.1451788603240345,0.047
2008-03-11,1.349724538677139,0.038
2008-03-12,0.925792418578564,0.029
2008-03-13,0.8884689578792367,0.02
2008-03-14,0.8849635752236679,0.017
2008-03-15,0.8844748378398278,0.018
2008-03-16,0.8842436876987421,0.015
2008-03-17,0.8840212287825553,0.013
2008-03-18,0.8837854520039862,0.013
2008-03-19,0.883534924975683,0.013
2008-03-20,0.8832700820411278,0.019
2008-03-21,1.0706203836634944,0.024
2008-03-22,0.9985223323835208,0.031
2008-03-23,0.8925916999425698,0.02
2008-03-24,0.882995908351061,0.017
2008-03-25,0.8818350585145885,0.015
2008-03-26,0.8814214143350007,0.017
2008-03-27,0.8810661011194602,0.014
2008-03-28,0.8807073018296805,0.014
2008-03-29,1.4885934412133965,0.032
2008-03-30,0.9333340623978293,0.019
2008-03-31,0.8843706302621613,0.014
2008-04-01,0.8796210601160451,0.012
2008-04-02,0.8788276910152847,0.009
2008-04-03,0.8783858897751788,0.009
2008-04-04,0.9682560885684343,0.017
2008-04-05,0.8854734794439392,0.015
2008-04-06,2.0524244249843515,0.069
2008-04-07,1.390774151003704,0.065
2008-04-08,0.9278014194149775,0.044
2008-04-09,0.886067597833587,0.034
2008-04-10,0.8815775676216473,0.031
2008-04-11,2.087469349089476,0.141
2008-04-12,1.001323160087152,0.081
2008-04-13,0.8983277425788098,0.051
2008-04-14,0.8880308903008103,0.039
2008-04-15,1.0831899259045903,0.048
2008-04-16,0.9094349711081187,0.042
2008-04-17,1.4819961952486014,0.118
2008-04-18,0.9514375726091224,0.154
2008-04-19,0.8981781384258971,0.089
2008-04-20,0.8895720453387563,0.067
2008-04-21,0.8856882615977415,0.053
2008-04-22,0.8828035315227619,0.045
2008-04-23,0.8812060476722948,0.043
2008-04-24,0.8788057952546844,0.035
2008-04-25,0.8769341346511424,0.029
2008-04-26,0.8755594655177789,0.027
2008-04-27,1.9213249438330708,0.437
2008-04-28,1.2470437193302073,0.559
2008-04-29,2.1727970447934455,0.382
2008-04-30,1.2626045870576594,0.712
2008-05-01,1.0093393065270198,0.189
2008-05-02,0.9254062834591043,0.137
2008-05-03,0.9062781620185725,0.096
2008-05-04,0.9020042350153079,0.077
2008-05-05,0.8923955632965437,0.063
2008-05-06,0.8877795537381984,0.052
2008-05-07,0.8843396343768075,0.044
2008-05-08,0.8815853820669891,0.039
2008-05-09,0.8793614609021623,0.034
2008-05-10,0.8775421428049103,0.03
2008-05-11,0.876055298392327,0.027
2008-05-12,0.8748290299667225,0.026
2008-05-13,0.8738086046351479,0.024
2008-05-14,0.8729505877056962,0.024
2008-05-15,0.8722203589208941,0.023
2008-05-16,0.8715903262038686,0.021
2008-05-17,0.8710385149710943,0.024
2008-05-18,0.870547441326225,0.017
2008-05-19,0.8701032108516219,0.015
2008-05-20,0.8696947977391704,0.014
2008-05-21,0.8693134681779763,0.014
2008-05-22,0.868952319144357,0.014
2008-05-23,0.8686059095115326,0.012
2008-05-24,0.8682699650130833,0.011
2008-05-25,0.8679411422874862,0.011
2008-05-26,0.8676168401856256,0.011
2008-05-27,0.867295048886842,0.011
2008-05-28,0.8669742292600119,0.021
2008-05-29,1.8033412978102368,0.041
2008-05-30,0.9485193436105673,0.018
2008-05-31,0.8733854208455685,0.01
2008-06-01,1.4235226748721275,0.048
2008-06-02,1.3630430155060158,0.019
2008-06-03,1.6678191871495425,0.117
2008-06-04,0.9352204148071545,0.031
2008-06-05,0.8706865780182008,0.019
2008-06-06,0.8645861259539234,0.016
2008-06-07,0.8637231941118402,0.012
2008-06-08,0.8633316496684197,0.011
2008-06-09,0.862980693350447,0.01
2008-06-10,0.862631392727508,0.009
2008-06-11,0.8622803597592258,0.011
2008-06-12,0.8619274401441478,0.009
2008-06-13,0.8615727776302903,0.012
2008-06-14,0.8612165452422327,0.008
2008-06-15,0.8608589191549786,0.008
2008-06-16,0.860500074985175,0.007
2008-06-17,0.8760466331521614,0.014
2008-06-18,0.87349700545251,0.02
2008-06-19,0.8606244119148997,0.009
2008-06-20,0.8591643362627858,0.006
2008-06-21,2.033289153240838,0.075
2008-06-22,1.5710186228824423,0.024
2008-06-23,0.92071074473719,0.01
2008-06-24,1.0339587276276536,0.021
2008-06-25,0.8727325441317,0.01
2008-06-26,0.9785785151406645,0.017
2008-06-27,0.9491979803505858,0.021
2008-06-28,0.8643120690122085,0.01
2008-06-29,0.8565306745517786,0.011
2008-06-30,0.8555048414229294,0.007
2008-07-01,0.8653915743048038,0.01
2008-07-02,0.8556272461752458,0.007
2008-07-03,0.8544472995293243,0.007
2008-07-04,0.8540182874076154,0.005
2008-07-05,1.9657648666688599,0.065
2008-07-06,1.7152904555721709,0.071
2008-07-07,0.9287852070653713,0.061
2008-07-08,0.8594181203720542,0.014
2008-07-09,2.0274593760914037,0.24
2008-07-10,2.2251707740100555,0.167
2008-07-11,2.1986481769244177,0.142
2008-07-12,1.2310658133320669,0.071
2008-07-13,0.9094041563596004,0.041
2008-07-14,0.8761354070059237,0.026
2008-07-15,0.8708565765014684,0.017
2008-07-16,0.867419193068512,0.014
2008-07-17,0.864877910151636,0.015
2008-07-18,0.8622235109599611,0.017
2008-07-19,0.9516607794209887,0.021
2008-07-20,0.866581925786216,0.011
2008-07-21,0.8576958231813573,0.01
2008-07-22,0.8557555416920316,0.009
2008-07-23,0.8546373434068396,0.009
2008-07-24,0.8537518931926862,0.009
2008-07-25,0.8530133826476487,0.008
2008-07-26,0.8523880636238405,0.008
2008-07-27,0.8518521463642881,0.007
2008-07-28,0.8513869332693964,0.008
2008-07-29,0.8509775381264035,0.008
2008-07-30,0.8506120986344772,0.007
2008-07-31,2.0248669628217537,0.12
2008-08-01,2.1321107226238976,0.067
2008-08-02,1.9030820838559301,0.18
2008-08-03,0.9608863846329974,0.048
2008-08-04,0.8690513938684448,0.032
2008-08-05,1.00585864438271,0.028
2008-08-06,0.9241959773463291,0.038
2008-08-07,1.1761507812320087,0.053
2008-08-08,0.8939037257248807,0.039
2008-08-09,1.5844393606983573,0.105
2008-08-10,0.9326863974947123,0.056
2008-08-11,0.8697252083195925,0.032
2008-08-12,1.8692133155967665,0.146
2008-08-13,2.3375667018951938,1.32
2008-08-14,2.3168714654740876,0.995
2008-08-15,1.194494452590571,0.31
2008-08-16,1.395862087661149,0.154
2008-08-17,1.1486003311409898,0.19
2008-08-18,1.6025009198175104,0.176
2008-08-19,2.183278299438218,0.888
2008-08-20,1.0856388908618895,0.321
2008-08-21,0.9781765038031207,0.144
2008-08-22,0.9517908130173737,0.114
2008-08-23,0.9278472947310212,0.092
2008-08-24,0.9136171850394973,0.073
2008-08-25,0.9054145591432871,0.06
2008-08-26,0.8972656737629441,0.051
2008-08-27,0.8913907482328434,0.043
2008-08-28,0.8870143926324139,0.039
2008-08-29,0.8836546650500083,0.035
2008-08-30,0.8810835472382595,0.033
2008-08-31,1.356102407056795,0.044
2008-09-01,0.9196187036635409,0.032
2008-09-02,0.9538401480482256,0.036
2008-09-03,0.9370387251575785,0.034
2008-09-04,1.0014642928727115,0.045
2008-09-05,2.1350954623958818,1.91
2008-09-06,3.341607841986587,5.08
2008-09-07,2.949850175058579,1.24
2008-09-08,2.7014508140887665,0.469
2008-09-09,2.8876913897753638,0.388
2008-09-10,2.6702170850705094,0.234
2008-09-11,2.5607032465886985,0.161
2008-09-12,3.0455651695059296,0.521
2008-09-13,2.70597189393918,0.363
2008-09-14,2.594987792903789,0.172
2008-09-15,1.4533739681951419,0.127
2008-09-16,2.0073422565040056,0.148
2008-09-17,1.30552377654617,0.136
2008-09-18,1.20016043863521,0.103
2008-09-19,1.145548682366649,0.083
2008-09-20,1.1102654283773512,0.073
2008-09-21,1.0863904839652974,0.064
2008-09-22,1.0684048455430937,0.056
2008-09-23,1.0522651484568066,0.051
2008-09-24,1.0355115385961708,0.045
2008-09-25,1.026760461941601,0.041
2008-09-26,1.0194577600882337,0.039
2008-09-27,1.0146239930795125,0.037
2008-09-28,1.0112770580915755,0.034
2008-09-29,1.133885022264533,0.038
2008-09-30,2.2677283074594667,0.133
2008-10-01,1.1697873106696914,0.093
2008-10-02,1.632055038328464,0.095
2008-10-03,1.1443418916709822,0.073
2008-10-04,1.6492954986599118,0.094
2008-10-05,1.1696100662134667,0.07
2008-10-06,1.1082209264602587,0.056
2008-10-07,1.927983955859505,0.07
2008-10-08,1.2092093297207283,0.05
2008-10-09,1.1360435511697125,0.045
2008-10-10,1.1151453808373355,0.042
2008-10-11,1.0897798565483658,0.036
2008-10-12,1.0780361056898289,0.035
2008-10-13,1.0697602602184795,0.031
2008-10-14,2.2355646405676195,0.143
2008-10-15,1.1920392665634456,0.086
2008-10-16,1.0899266373839263,0.054
2008-10-17,1.1670429594509177,0.047
2008-10-18,1.1040662815813802,0.044
2008-10-19,1.0912017186657699,0.041
2008-10-20,1.2841828631602301,0.045
2008-10-21,1.115561959088262,0.035
2008-10-22,1.0860284501595105,0.03
2008-10-23,1.0848465667341929,0.043
2008-10-24,1.0721511802365569,0.028
2008-10-25,1.117077963506909,0.031
2008-10-26,1.075003990400637,0.03
2008-10-27,1.0648735412374588,0.025
2008-10-28,1.0614910466931566,0.022
2008-10-29,1.0592192213922749,0.023
2008-10-30,2.0951095418030943,0.034
2008-10-31,1.8534826702046623,0.09
2008-11-01,1.1913305711333655,0.078
2008-11-02,1.1278904850030698,0.051
2008-11-03,1.100440055460559,0.044
2008-11-04,1.0899008276264606,0.037
2008-11-05,1.2075478700162738,0.037
2008-11-06,1.4465125047873157,0.061
2008-11-07,1.152243171503655,0.054
2008-11-08,1.3574167358427482,0.058
2008-11-09,1.8034493576825243,0.162
2008-11-10,1.2237124537677528,0.116
2008-11-11,1.147716607123875,0.069
2008-11-12,1.1252141899076569,0.052
2008-11-13,1.1773448285352828,0.053
2008-11-14,1.1286252726157144,0.049
2008-11-15,1.1026509955102548,0.046
2008-11-16,1.0921558901185493,0.038
2008-11-17,1.3457537194453273,0.047
2008-11-18,1.1110285854925275,0.04
2008-11-19,1.0841895063750018,0.037
2008-11-20,1.0794110267564283,0.034
2008-11-21,1.1022700628021396,0.037
2008-11-22,1.0744496585230137,0.031
2008-11-23,1.535844034156684,0.048
2008-11-24,1.9550960646791693,0.09
2008-11-25,1.2030452701708039,0.089
2008-11-26,1.1220907259389301,0.068
2008-11-27,1.1110176793186846,0.058
2008-11-28,1.0951253785301593,0.046
2008-11-29,1.0843638215389064,0.038
2008-11-30,1.078384208842775,0.033
2008-12-01,1.572893648458963,0.039
2008-12-02,1.1675361190462432,0.037
2008-12-03,1.2767833408950342,0.035
2008-12-04,1.8859431292098556,0.066
2008-12-05,1.9584591759381904,0.159
2008-12-06,1.2801034117059795,0.108
2008-12-07,1.2246835006266041,0.085
2008-12-08,1.1727430534292307,0.095
2008-12-09,1.148575700520398,0.068
2008-12-10,1.7156714426559545,0.064
2008-12-11,1.2259688929960164,0.08
2008-12-12,1.7201947008143357,0.089
2008-12-13,2.828702800718785,0.956
2008-12-14,1.6040615026821325,0.292
2008-12-15,1.318400553540223,0.147
2008-12-16,1.2604454230267323,0.118
2008-12-17,1.2152772443630961,0.094
2008-12-18,1.1858712964427882,0.076
2008-12-19,1.3830241501204408,0.071
2008-12-20,1.2455284218580804,0.06
2008-12-21,1.1724185387276038,0.057
2008-12-22,1.1488497976539833,0.049
2008-12-23,1.1331647082929832,0.046
2008-12-24,1.120925632354737,0.042
2008-12-25,1.1125945299237865,0.038
2008-12-26,1.1034873477567577,0.035
2008-12-27,1.097110927028961,0.034
2008-12-28,1.1121789904964425,0.034
2008-12-29,1.0954088761609444,0.031
2008-12-30,1.0897849598094327,0.029
2008-12-31,1.085921053933007,0.027
2009-01-01,1.2153445223162271,0.028
2009-01-02,1.1019935274243378,0.027
2009-01-03,1.087494140817222,0.026
2009-01-04,1.428636792484206,0.034
2009-01-05,1.16051005630648,0.029
2009-01-06,1.2549852537113728,0.03
2009-01-07,1.122654048726541,0.037
2009-01-08,1.1009402746923656,0.035
2009-01-09,1.0938778383689607,0.031
2009-01-10,1.0876806109142854,0.031
2009-01-11,1.1196627692373806,0.032
2009-01-12,1.119553750867652,0.032
2009-01-13,1.0894814035996392,0.028
2009-01-14,1.1525873979006074,0.03
2009-01-15,1.088981257241872,0.029
2009-01-16,1.3615080733388016,0.037
2009-01-17,1.2719827025912014,0.044
2009-01-18,1.4419286891173806,0.044
2009-01-19,1.1498701689327118,0.067
2009-01-20,1.10671780688207,0.044
2009-01-21,1.1216812074795959,0.039
2009-01-22,1.2037585410656324,0.042
2009-01-23,1.1081484306534177,0.037
2009-01-24,1.757698380482787,0.057
2009-01-25,1.1879689291235798,0.106
2009-01-26,1.1196826213775164,0.063
2009-01-27,1.4284522843317113,0.06
2009-01-28,1.1503769157736206,0.065
2009-01-29,1.1128435213618533,0.053
2009-01-30,1.1016013314705009,0.043
2009-01-31,1.0892731024319828,0.036
2009-02-01,1.0858473644969129,0.034
2009-02-02,2.6648223383806093,0.706
2009-02-03,2.5504303995448856,0.798
2009-02-04,1.4577112762282651,0.183
2009-02-05,1.2066396946631857,0.117
2009-02-06,1.1739064391456075,0.087
2009-02-07,1.3235336081217182,0.072
2009-02-08,1.1688588394287605,0.06
2009-02-09,1.2225100655598264,0.057
2009-02-10,1.1518550137136716,0.053
2009-02-11,1.121672186278475,0.045
2009-02-12,2.562976940968725,0.07
2009-02-13,1.4047103972688166,0.084
2009-02-14,1.2462421450127608,0.135
2009-02-15,1.2008830302826463,0.187
2009-02-16,1.180142369225077,0.108
2009-02-17,1.1525692314036284,0.086
2009-02-18,1.137891110933824,0.071
2009-02-19,1.1238976728676588,0.059
2009-02-20,1.2403011467789458,0.054
2009-02-21,1.1324546211473567,0.049
2009-02-22,1.1612018704651377,0.045
2009-02-23,1.1217670736274459,0.041
2009-02-24,1.1078653311592037,0.037
2009-02-25,1.0982465936856347,0.037
2009-02-26,1.093175682111555,0.036
2009-02-27,1.0845867213023213,0.032
2009-02-28,1.0792211782066405,0.031
2009-03-01,1.0750249021639373,0.028
2009-03-02,1.0735111125759282,0.028
2009-03-03,1.1788711644764842,0.036
2009-03-04,1.0819368465162047,0.029
2009-03-05,1.0697335550436884,0.022
2009-03-06,1.0654295294181793,0.02
2009-03-07,1.2386690469373007,0.029
2009-03-08,1.0811950586256245,0.024
2009-03-09,1.0893369582121262,0.02
2009-03-10,1.063918742558908,0.021
2009-03-11,1.0593435758684435,0.019
2009-03-12,1.0567743516719421,0.019
2009-03-13,1.0546399127183628,0.021
2009-03-14,1.0526391637727937,0.018
2009-03-15,1.0507867815735739,0.016
2009-03-16,1.0490292551552753,0.017
2009-03-17,1.0473394792572737,0.016
2009-03-18,1.0456975357430838,0.017
2009-03-19,1.0440879791621325,0.016
2009-03-20,1.0424988153366452,0.017
2009-03-21,1.0409207889935035,0.015
2009-03-22,1.0393468236810448,0.014
2009-03-23,1.0377715748824823,0.018
2009-03-24,1.0361910728952544,0.018
2009-03-25,1.0346024374439904,0.015
2009-03-26,1.0330036496661033,0.018
2009-03-27,1.385255801118021,0.02
2009-03-28,1.0608198870441428,0.012
2009-03-29,1.0309228110102744,0.011
2009-03-30,1.026739687592596,0.01
2009-03-31,1.0248498217817417,0.013
2009-04-01,1.023156276429083,0.013
2009-04-02,1.0214699889043282,0.012
2009-04-03,1.0197744027131186,0.013
2009-04-04,1.0180686720871317,0.012
2009-04-05,1.016353425897065,0.012
2009-04-06,1.014629459076156,0.016
2009-04-07,1.0128976008932646,0.015
2009-04-08,1.0111586928586263,0.012
2009-04-09,1.009413578796819,0.012
2009-04-10,1.3248958945476514,0.033
2009-04-11,1.033743164305332,0.013
2009-04-12,1.0066480955852193,0.012
2009-04-13,1.0026137338884347,0.012
2009-04-14,1.0006443570985988,0.012
2009-04-15,0.9988605043593282,0.012
2009-04-16,0.9970929447940218,0.014
2009-04-17,0.995326976218333,0.012
2009-04-18,0.9935618862224116,0.01
2009-04-19,0.9917982104739357,0.01
2009-04-20,0.9900365761581974,0.01
2009-04-21,0.9882775970902333,0.01
2009-04-22,0.9865218644263262,0.011
2009-04-23,0.9847699461364745,0.011
2009-04-24,0.9830223873322717,0.011
2009-04-25,0.9812797107169322,0.014
2009-04-26,0.9795424170787315,0.011
2009-04-27,1.2150634799975004,0.016
2009-04-28,2.17148901178123,0.112
2009-04-29,1.593862486062484,0.041
2009-04-30,1.0272269233952758,0.02
2009-05-01,0.9758582056220892,0.019
2009-05-02,0.9697011183981934,0.018
2009-05-03,0.967610075434074,0.016
2009-05-04,0.9658947981070632,0.014
2009-05-05,0.9642218118751882,0.017
2009-05-06,0.9625611529362345,0.014
2009-05-07,0.9609103682901804,0.014
2009-05-08,0.9592694883021167,0.013
2009-05-09,0.9576387552569435,0.012
2009-05-10,0.956018417530234,0.009
2009-05-11,0.9544087113199192,0.009
2009-05-12,0.9528098594012221,0.008
2009-05-13,0.9512220714171109,0.008
2009-05-14,0.9496455442977347,0.008
2009-05-15,2.1206768314930278,0.047
2009-05-16,1.049414596532062,0.018
2009-05-17,0.9542215480407352,0.015
2009-05-18,0.9442911744566591,0.01
2009-05-19,0.9420136719312138,0.009
2009-05-20,0.9404392709114469,0.011
2009-05-21,0.9389398455487837,0.01
2009-05-22,0.9374585351707605,0.008
2009-05-23,0.9359902684246847,0.008
2009-05-24,0.9345346669026596,0.007
2009-05-25,0.933091770504153,0.007
2009-05-26,0.931661649556243,0.007
2009-05-27,0.9302443698600532,0.006
2009-05-28,0.9288399897809977,0.006
2009-05-29,0.9274485602416255,0.006
2009-05-30,0.9260701249706342,0.005
2009-05-31,0.9247047207678856,0.005
2009-06-01,0.9233523777638,0.008
2009-06-02,0.9220131196713461,0.01
2009-06-03,0.9206869640306484,0.011
2009-06-04,0.9193739224463838,0.015
2009-06-05,1.7174289576237733,0.036
2009-06-06,0.9869253246762818,0.016
2009-06-07,0.9218098221481996,0.007
2009-06-08,0.9148225683189495,0.007
2009-06-09,0.9130571140180742,0.004
2009-06-10,1.15866169356127,0.031
2009-06-11,0.9322126985887017,0.014
2009-06-12,0.9112860003988008,0.007
2009-06-13,0.9083218813797007,0.005
2009-06-14,0.9069794889662387,0.012
2009-06-15,2.0803812726760045,0.096
2009-06-16,1.120415901406126,0.029
2009-06-17,1.1339000990431272,0.039
2009-06-18,0.922624474894996,0.016
2009-06-19,0.9030645387788817,0.009
2009-06-20,0.9520552425829589,0.019
2009-06-21,0.9036013274426993,0.008
2009-06-22,0.8983739625875601,0.01
2009-06-23,0.8969339261124086,0.006
2009-06-24,0.8958446430172536,0.005
2009-06-25,0.8947982942148937,0.005
2009-06-26,1.3794736999203316,0.027
2009-06-27,1.0852447444162205,0.015
2009-06-28,0.9087180955993353,0.014
2009-06-29,1.1602186379620187,0.022
2009-06-30,0.9134126607141976,0.011
2009-07-01,0.9393077234254179,0.008
2009-07-02,0.8922722935746937,0.005
2009-07-03,1.1054950291689387,0.023
2009-07-04,1.0518762862821769,0.013
2009-07-05,0.9912549049698505,0.026
2009-07-06,2.0680517743308298,0.133
2009-07-07,1.4603655159178899,0.109
2009-07-08,0.9332393786138048,0.026
2009-07-09,0.8860217483233468,0.014
2009-07-10,0.8809908291373133,0.01
2009-07-11,1.5975637591769996,0.037
2009-07-12,0.9418601260346444,0.023
2009-07-13,0.9948143058168295,0.018
2009-07-14,0.9551347512075888,0.027
2009-07-15,0.883259251266586,0.014
2009-07-16,2.0508000034066587,0.055
2009-07-17,2.237834965988687,0.995
2009-07-18,2.2771449143677174,0.378
2009-07-19,2.228297068749571,0.107
2009-07-20,2.134046513211098,0.051
2009-07-21,1.0312039693647463,0.042
2009-07-22,0.9164178788161847,0.03
2009-07-23,0.9019996156939626,0.022
2009-07-24,0.8973310671248318,0.021
2009-07-25,0.890512157724387,0.015
2009-07-26,0.8858367197353052,0.018
2009-07-27,0.882432402629914,0.014
2009-07-28,0.8799517323492755,0.013
2009-07-29,1.5318670873166085,0.027
2009-07-30,0.9337452722158445,0.012
2009-07-31,0.8799980639011797,0.011
2009-08-01,0.8740131696995466,0.013
2009-08-02,0.8725006085102411,0.01
2009-08-03,0.8715138721061783,0.011
2009-08-04,0.8706714867076886,0.012
2009-08-05,0.8699191467001337,0.009
2009-08-06,0.8692361989665538,0.009
2009-08-07,0.8686082327011617,0.008
2009-08-08,0.868023952285733,0.007
2009-08-09,0.8674743821256814,0.007
2009-08-10,0.8669523855241965,0.012
2009-08-11,0.8664522939023086,0.007
2009-08-12,0.8659696114999214,0.006
2009-08-13,0.8655007792983689,0.006
2009-08-14,0.8650429862134514,0.009
2009-08-15,0.8645940180940915,0.012
2009-08-16,0.8641521369634679,0.01
2009-08-17,0.8637159844529321,0.012
2009-08-18,0.8632845045890557,0.006
2009-08-19,0.8628568820621149,0.005
2009-08-20,0.8624324928786882,0.005
2009-08-21,0.8620108649205346,0.004
2009-08-22,0.861591646427507,0.004
2009-08-23,0.8611745808187364,0.004
2009-08-24,0.860759486583492,0.007
2009-08-25,0.889246686694337,0.005
2009-08-26,0.8624705919280378,0.015
2009-08-27,0.8597526691662124,0.004
2009-08-28,0.859137602286247,0.004
2009-08-29,0.8587125834691581,0.003
2009-08-30,0.8583063468404049,0.006
2009-08-31,1.4872162464412257,0.023
2009-09-01,0.9140647756991356,0.013
2009-09-02,1.2524464068282692,0.022
2009-09-03,1.3354452192541593,0.017
2009-09-04,1.2602039403930558,0.039
2009-09-05,0.8914447364782633,0.01
2009-09-06,0.8587193974437458,0.009
2009-09-07,0.8554276421476786,0.006
2009-09-08,0.8547785426097028,0.004
2009-09-09,0.8543705788688972,0.003
2009-09-10,0.8539866384977687,0.003
2009-09-11,0.8536070805041233,0.002
2009-09-12,0.8532301692264964,0.002
2009-09-13,0.8528557922897028,0.002
2009-09-14,0.8524839825543308,0.003
2009-09-15,0.8521147838609635,0.003
2009-09-16,0.8517482388225114,0.002
2009-09-17,0.8513843877193158,0.002
2009-09-18,0.8510232684171237,0.002
2009-09-19,0.8506649163891303,0.002
2009-09-20,0.8503093647559854,0.002
2009-09-21,0.8499566443338297,0.003
2009-09-22,0.8496067836877756,0.002
2009-09-23,0.8492598091892677,0.002
2009-09-24,0.8489157450761177,0.001
2009-09-25,0.848574613514275,0.002
2009-09-26,0.8482364346605842,0.002
2009-09-27,0.8479012267259453,0.002
2009-09-28,0.8475690060384183,0.002
2009-09-29,1.1557352398865597,0.011
2009-09-30,0.8739820239000607,0.003
2009-10-01,0.8490203411802069,0.002
2009-10-02,0.8464900992661211,0.006
2009-10-03,0.845973099662581,0.006
2009-10-04,0.8456409171863241,0.002
2009-10-05,1.0192910322435842,0.002
2009-10-06,0.95930749970867,0.016
2009-10-07,0.8547741829101593,0.003
2009-10-08,0.8453174155373172,0.002
2009-10-09,0.8576385838093985,0.003
2009-10-10,0.8450058772745359,0.003
2009-10-11,0.8436329088704938,0.003
2009-10-12,0.8432463996587664,0.002
2009-10-13,0.842951084204832,0.002
2009-10-14,0.8426667798748354,0.006
2009-10-15,0.842386231794852,0.009
2009-10-16,0.842108774777532,0.003
2009-10-17,0.8418343403308389,0.003
2009-10-18,0.9624295050544749,0.006
2009-10-19,0.85189972905846,0.013
2009-10-20,1.1402829565650499,0.008
2009-10-21,2.0416125145822663,0.037
2009-10-22,0.9459266675289929,0.012
2009-10-23,0.8497156755373876,0.006
2009-10-24,1.0972606738827617,0.015
2009-10-25,0.9017519494627206,0.012
2009-10-26,0.8449847653427209,0.007
2009-10-27,1.1132934251657618,0.019
2009-10-28,0.8630579484953068,0.011
2009-10-29,0.8409308633970084,0.006
2009-10-30,0.8387310937596864,0.007
2009-10-31,1.2936700044113982,0.008
2009-11-01,2.052612869463363,0.259
2009-11-02,1.8450369148801171,0.051
2009-11-03,0.9288022998654574,0.036
2009-11-04,0.846899217341093,0.024
2009-11-05,0.8397259591030539,0.016
2009-11-06,0.8384349975232565,0.013
2009-11-07,2.0718600223624466,0.168
2009-11-08,2.1489954752333946,0.485
2009-11-09,1.49128409766489,0.105
2009-11-10,0.912696477611249,0.063
2009-11-11,0.9633666513508717,0.06
2009-11-12,1.1017899257166204,0.071
2009-11-13,2.136883995089764,0.44
2009-11-14,1.3253707331488398,0.257
2009-11-15,0.9194443672123609,0.101
2009-11-16,2.1019130215995703,0.276
2009-11-17,2.5241475990943583,0.45
2009-11-18,2.128282465586528,0.663
2009-11-19,1.104646130244549,0.18
2009-11-20,1.1192204273526962,0.117
2009-11-21,1.2114914306513576,0.106
2009-11-22,1.297356446933954,0.101
2009-11-23,1.1406869621554059,0.088
2009-11-24,1.3714491536738016,0.12
2009-11-25,1.020324104437515,0.108
2009-11-26,0.964743902279849,0.076
2009-11-27,0.9403236513535411,0.06
2009-11-28,1.3221325087747553,0.06
2009-11-29,2.573808464297523,1.26
2009-11-30,2.4904173894134605,0.499
2009-12-01,1.717682018611724,0.208
2009-12-02,1.1700221108906215,0.209
2009-12-03,1.0728184162102372,0.157
2009-12-04,1.4807967715918764,0.125
2009-12-05,1.5493120867673553,0.182
2009-12-06,1.1024434490038992,0.193
2009-12-07,1.1519865000419587,0.125
2009-12-08,1.0396443060143319,0.108
2009-12-09,1.2608340233348099,0.102
2009-12-10,1.0316199704742346,0.093
2009-12-11,0.9946356984049387,0.08
2009-12-12,0.9754265363657767,0.072
2009-12-13,1.1130660949243676,0.066
2009-12-14,1.7974399178078675,0.124
2009-12-15,2.197849045422842,0.338
2009-12-16,2.6982150003692396,0.641
2009-12-17,1.5205272520624327,0.653
2009-12-18,1.2089793268589482,0.212
2009-12-19,1.405821347471098,0.147
2009-12-20,1.1497836346401566,0.117
2009-12-21,1.0993525503743145,0.101
2009-12-22,1.0678095407147266,0.084
2009-12-23,1.0447488494277966,0.073
2009-12-24,1.098396087495485,0.072
2009-12-25,1.0345220614809543,0.061
2009-12-26,1.1766938343508442,0.058
2009-12-27,1.8090042530853936,0.116
2009-12-28,1.1483702830264921,0.095
2009-12-29,2.603398905143291,0.404
2009-12-30,1.682524475591266,0.91
2009-12-31,1.4343955676623328,0.282
2010-01-01,1.7334565767414192,0.167
2010-01-02,1.5314565360320587,0.143
2010-01-03,1.2402307433468673,0.122
2010-01-04,1.224822970745239,0.108
2010-01-05,2.1803352865961,0.095
2010-01-06,1.5014588493734908,0.088
2010-01-07,1.2518333437713414,0.079
2010-01-08,1.3303478606933616,0.073
2010-01-09,1.3982707293420609,0.072
2010-01-10,1.199987063783759,0.162
2010-01-11,1.455230206755241,0.573
2010-01-12,1.4738221537902472,0.855
2010-01-13,1.2675628703941435,0.486
2010-01-14,1.3520420531700146,0.252
2010-01-15,2.131418815895647,0.61
2010-01-16,1.8034072556436083,0.756
2010-01-17,1.322399123119722,0.275
2010-01-18,1.2439319358117105,0.176
2010-01-19,1.2110441015828386,0.141
2010-01-20,1.4575573730399134,0.155
2010-01-21,2.0878093876806574,0.152
2010-01-22,1.342538806922574,0.276
2010-01-23,1.2464405418321125,0.15
2010-01-24,1.3558835702395524,0.129
2010-01-25,1.2188238095497608,0.116
2010-02-02,1.4017177693216951,0.134
2010-02-03,1.241536194821864,0.086
2010-02-04,1.2394134494950917,0.08
2010-02-05,2.1971735830251946,0.287
2010-02-06,1.4909306189288736,0.157
2010-02-07,1.4600207559980192,0.141
2010-02-08,1.7099807302619134,0.138
2010-02-09,2.0758517969557126,0.321
2010-02-10,1.4884138887706164,0.311
2010-02-11,1.870227276712674,0.153
2010-02-12,1.6088575780314864,0.183
2010-02-13,1.3784085024163855,0.15
2010-02-14,1.3140983228574465,0.119
2010-02-15,1.7011613825938898,0.135
2010-02-16,1.3394233051946338,0.114
2010-02-17,1.2812570342616496,0.092
2010-02-18,1.2596712888624138,0.08
2010-02-19,1.241579973047382,0.071
2010-02-20,1.2330692086998853,0.063
2010-02-21,1.2193939409912558,0.061
2010-02-22,1.4309747373599417,0.064
2010-02-23,2.1240783192268964,0.087
2010-02-24,1.4522310294487157,0.393
2010-02-25,2.0002615741284733,0.176
2010-02-26,3.5686740922796796,1.32
2010-02-27,3.2147362925276015,1.1
2010-02-28,3.1052431808173395,0.446
2010-03-01,1.7790358699193007,0.224
2010-03-02,1.5819984759494994,0.159
2010-03-03,1.5006970802704236,0.13
2010-03-04,1.4446986515419034,0.105
2010-03-05,1.4702101863251333,0.092
2010-03-06,1.3912052114657474,0.085
2010-03-07,1.3530771243508422,0.074
2010-03-08,1.3262388330287773,0.067
2010-03-09,1.3060889302617709,0.059
2010-03-10,1.2919895113641218,0.055
2010-03-11,1.3888394767678525,0.053
2010-03-12,1.339199252813759,0.047
2010-03-13,1.2954690889810088,0.044
2010-03-14,1.2946518174112847,0.042
2010-03-15,1.274442285492595,0.039
2010-03-16,1.2648669532220693,0.038
2010-03-17,1.2589239641249057,0.037
2010-03-18,1.254356557466343,0.035
2010-03-19,1.9135826124228905,0.039
2010-03-20,1.454863520814803,0.082
2010-03-21,1.3091272292473053,0.049
2010-03-22,1.2869119807197777,0.044
2010-03-23,1.2817826697271735,0.041
2010-03-24,2.5627430517506613,0.107
2010-03-25,2.298690155033182,0.444
2010-03-26,1.4961605079004496,0.205
2010-03-27,1.3873726195607115,0.105
2010-03-28,1.5807588396876637,0.091
2010-03-29,3.0136948508790278,0.534
2010-03-30,3.774829439915951,1.95
2010-03-31,3.2403886650279308,0.665
2010-04-01,2.2442418511729336,0.234
2010-04-02,2.0535714032353916,0.182
2010-04-03,2.068652825414044,0.191
2010-04-04,1.8843310224528904,0.151
2010-04-05,1.6380795563415989,0.157
2010-04-06,1.554816269426681,0.115
2010-04-07,1.5009904977174755,0.092
2010-04-08,1.4595161718517171,0.079
2010-04-09,1.4268312322703813,0.069
2010-04-10,1.400957427064756,0.063
2010-04-11,1.380474710238664,0.057
2010-04-12,1.367359565269695,0.053
2010-04-13,1.351685861466081,0.05
2010-04-14,1.3411562116904516,0.046
2010-04-15,1.3329761141819472,0.042
2010-04-16,1.3264420639710925,0.041
2010-04-17,1.3211693386847232,0.041
2010-04-18,1.6845082615519442,0.055
2010-04-19,1.3455659621437495,0.038
2010-04-20,1.3132039585514117,0.034
2010-04-21,1.3079862898047385,0.033
2010-04-22,1.305466232818828,0.032
2010-04-23,1.3033749779249821,0.03
2010-04-24,1.3014449529928358,0.029
2010-04-25,1.2996030402252359,0.028
2010-04-26,1.29780459981591,0.026
2010-04-27,1.2960162196344434,0.026
2010-04-28,1.2942123885212995,0.025
2010-04-29,1.2923737864348912,0.024
2010-04-30,1.2904860038256332,0.021
2010-05-01,1.288538525893322,0.019
2010-05-02,1.286523921601158,0.017
2010-05-03,1.2844371958251122,0.016
2010-05-04,1.2822752719306363,0.016
2010-05-05,1.7200402600449551,0.03
2010-05-06,1.3163281413614702,0.031
2010-05-07,1.2787940075907733,0.021
2010-05-08,1.2731738357396858,0.019
2010-05-09,1.2703471185957116,0.018
2010-05-10,1.2677081443488685,0.015
2010-05-11,1.2650236289533128,0.018
2010-05-12,1.2622748669862462,0.018
2010-05-13,1.2594627376953123,0.015
2010-05-14,1.256589980090948,0.013
2010-05-15,1.2536595475403223,0.012
2010-05-16,1.4926316475734973,0.026
2010-05-17,1.2688677639867594,0.014
2010-05-18,1.2464578980005652,0.012
2010-05-19,1.2415931309683272,0.011
2010-05-20,1.2382620594525764,0.01
2010-05-21,1.2350334369489753,0.01
2010-05-22,1.2317803817860364,0.01
2010-05-23,1.2284938212653957,0.01
2010-05-24,1.2251752981216437,0.009
2010-05-25,1.221827250380826,0.009
2010-05-26,1.277597225785322,0.016
2010-05-27,1.220241904938895,0.014
2010-05-28,1.2120959803838098,0.009
2010-05-29,1.265582719741677,0.017
2010-05-30,1.2097635418968582,0.01
2010-05-31,1.201703202143895,0.008
2010-06-01,1.1978018050803885,0.011
2010-06-02,1.1942624364130219,0.008
2010-06-03,1.190746775832058,0.007
2010-06-04,1.1872258701781058,0.007
2010-06-05,1.1836986628721287,0.006
2010-06-06,1.2966644876412134,0.017
2010-06-07,1.186853090377506,0.008
2010-06-08,1.9740386819920026,0.042
2010-06-09,1.9775821428830571,0.044
2010-06-10,1.2370616678811512,0.016
2010-06-11,1.1688682565811426,0.01
2010-06-12,1.1595339572164707,0.008
2010-06-13,1.1554839393682794,0.014
2010-06-14,1.15191769757622,0.007
2010-06-15,1.1484022101771445,0.006
2010-06-16,1.144899210556312,0.006
2010-06-17,1.1414061860702915,0.006
2010-06-18,1.137923828148286,0.005
2010-06-19,1.1344530789053304,0.005
2010-06-20,1.1309948641879475,0.005
2010-06-21,1.1275500705313126,0.005
2010-06-22,1.124119544237026,0.005
2010-06-23,1.1207040924295513,0.004
2010-06-24,1.11730448426249,0.004
2010-06-25,1.113921452109117,0.004
2010-06-26,1.1105556927226985,0.003
2010-06-27,1.1072078683658548,0.003
2010-06-28,2.278464402734545,0.027
2010-06-29,1.203630664120753,0.025
2010-06-30,1.1065300363325767,0.006
2010-07-01,1.0948450507874476,0.011
2010-07-02,1.0908345969130795,0.006
2010-07-03,1.0875374622222511,0.003
2010-07-04,1.0843247858345384,0.003
2010-07-05,1.0811399244173174,0.004
2010-07-06,1.0779780955284335,0.004
2010-07-07,1.074839201863923,0.003
2010-07-08,1.071723549880051,0.003
2010-07-09,1.068631461753112,0.008
2010-07-10,1.1542808874016797,0.05
2010-07-11,1.070303557611032,0.009
2010-07-12,1.0601983138888003,0.005
2010-07-13,2.064722795526154,0.036
2010-07-14,2.184879472639123,0.087
2010-07-15,1.1500366754820637,0.014
2010-07-16,1.0566024788105963,0.006
2010-07-17,1.0455834858841035,0.004
2010-07-18,1.0419796796841085,0.004
2010-07-19,2.213655731138554,0.072
2010-07-20,2.3138945949525396,0.173
2010-07-21,2.1993770251884506,0.042
2010-07-22,1.1358245561227704,0.019
2010-07-23,1.0373982880251205,0.01
2010-07-24,1.0260934142439675,0.007
2010-07-25,1.0226281850114984,0.006
2010-07-26,1.0198969910748334,0.005
2010-07-27,1.0172563060395485,0.005
2010-07-28,1.0146477403431589,0.004
2010-07-29,1.012065994335477,0.004
2010-07-30,1.0095105781490499,0.004
2010-07-31,1.0069814294669612,0.004
2010-08-01,1.1196322289050098,0.021
2010-08-02,1.012105778312891,0.005
2010-08-03,1.0004582688739012,0.004
2010-08-04,0.9972088229167794,0.003
2010-08-05,0.9947357660796394,0.003
2010-08-06,0.9923565186939369,0.006
2010-08-07,0.990009305535561,0.005
2010-08-08,0.9876884456584031,0.003
2010-08-09,0.9853933380485363,0.003
2010-08-10,0.9831238368478175,0.014
2010-08-11,0.9808798318368158,0.003
2010-08-12,2.018405144050449,0.029
2010-08-13,2.2422843224600615,0.107
2010-08-14,1.0855515880750923,0.027
2010-08-15,0.9821492877051101,0.01
2010-08-16,0.970942366839687,0.011
2010-08-17,1.5924106226524726,0.175
2010-08-18,1.020668609739392,0.042
2010-08-19,1.2254933398047356,0.034
2010-08-20,0.9847834042131769,0.036
2010-08-21,0.9618774476379398,0.017
2010-08-22,0.9580293316766088,0.011
2010-08-23,1.9342698823419462,0.112
2010-08-24,1.039815925617929,0.037
2010-08-25,0.9597752155453557,0.018
2010-08-26,0.9508882605355536,0.013
2010-08-27,0.9622898338071427,0.019
2010-08-28,0.9477293494497186,0.01
2010-08-29,0.9448059579865637,0.008
2010-08-30,0.9429197844387885,0.006
2010-08-31,0.941146994157575,0.006
2010-09-01,0.9394046862064198,0.006
2010-09-02,0.9376851981840046,0.005
2010-09-03,0.9359876656404278,0.005
2010-09-04,0.9343118392764104,0.004
2010-09-05,0.9326575245114577,0.004
2010-09-06,2.105610325551646,0.043
2010-09-07,1.7001244008634409,0.122
2010-09-08,0.995655490156344,0.027
2010-09-09,0.9652805558222951,0.018
2010-09-10,2.1027290872428597,0.113
2010-09-11,1.026544268479592,0.151
2010-09-12,0.9309434648616097,0.039
2010-09-13,0.9210139814678231,0.027
2010-09-14,0.9187811970747983,0.021
2010-09-15,0.917262166942678,0.015
2010-09-16,0.9158254746888115,0.011
2010-09-17,0.9144136846983014,0.009
2010-09-18,1.0266068773078219,0.011
2010-09-19,1.050210126893245,0.023
2010-09-20,0.9224712554665637,0.011
2010-09-21,0.9100505773684534,0.008
2010-09-22,1.2534226651811395,0.02
2010-09-23,2.1112646874259258,0.072
2010-09-24,1.8547871177014315,0.058
2010-09-25,0.987368763762485,0.027
2010-09-26,1.064644931349562,0.021
2010-09-27,0.9190806985922522,0.028
2010-09-28,0.904455026325806,0.024
2010-09-29,0.9949016525905289,0.04
2010-09-30,0.9089641222722096,0.03
2010-10-01,1.500735682298435,0.08
2010-10-02,1.0272590191997477,0.046
2010-10-03,2.0400643650660473,0.352
2010-10-04,1.0049058941253233,0.093
2010-10-05,1.2789603309057074,0.059
2010-10-06,0.9358092701140396,0.112
2010-10-07,0.9029607631171024,0.054
2010-10-08,0.8973708526478639,0.042
2010-10-09,0.8947145813056521,0.039
2010-10-10,0.8925944828243616,0.031
2010-10-11,0.8907409387676877,0.027
2010-10-12,0.8890877226362137,0.022
2010-10-13,0.8875953980679439,0.021
2010-10-14,0.8862336358929059,0.019
2010-10-15,1.0327290006065535,0.025
2010-10-16,0.8967741317609079,0.018
2010-10-17,0.8838770730368166,0.017
2010-10-18,0.8817810695828717,0.018
2010-10-19,0.88069710520816,0.017
2010-10-20,1.0291725035395396,0.016
2010-10-21,0.8919403552463296,0.015
2010-10-22,1.334809696991273,0.022
2010-10-23,1.3978460437328917,0.041
2010-10-24,0.9220562968464387,0.03
2010-10-25,1.3624438431962174,0.028
2010-10-26,0.9189415922299501,0.058
2010-10-27,1.295438378991382,0.078
2010-10-28,0.9174073372159082,0.068
2010-10-29,0.8821850190193203,0.047
2010-10-30,0.8773386742186765,0.03
2010-10-31,0.875544262673561,0.023
2010-11-01,0.9495196805482073,0.023
2010-11-02,2.0887424095718434,0.254
2010-11-03,2.3359238730372587,0.416
2010-11-04,2.040455276485086,0.834
2010-11-05,1.0735463404973817,0.194
2010-11-06,1.356357873673439,0.141
2010-11-07,0.9855695265251938,0.148
2010-11-08,1.9549445148179714,0.249
2010-11-09,1.2238404866492059,0.334
2010-11-10,0.9939227206385808,0.143
2010-11-11,1.3043597388647676,0.122
2010-11-12,0.9878482558723088,0.133
2010-11-13,0.950099991398853,0.095
2010-11-14,1.345734040436568,0.168
2010-11-15,1.0909443272828665,0.153
2010-11-16,0.9573613166890639,0.133
2010-11-17,0.9373389328195779,0.098
2010-11-18,0.9284822136399051,0.077
2010-11-19,1.3975180676552386,0.074
2010-11-20,2.158134775625889,0.249
2010-11-21,2.0519865539695035,0.51
2010-11-22,1.9268379207322814,0.557
2010-11-23,1.8876773741140265,0.372
2010-11-24,2.2979631585624527,0.294
2010-11-25,1.6857564288833808,0.209
2010-11-26,2.2804211667357923,0.18
2010-11-27,1.7188969898937871,0.171
2010-11-28,2.626564985377245,0.153
2010-11-29,2.431055636018017,0.151
2010-11-30,1.8674725161267411,0.164
2010-12-01,2.1787977895473025,0.16
2010-12-02,1.8686124981360057,0.156
2010-12-03,1.3427263742302238,0.146
2010-12-04,1.2363205726145483,0.133
2010-12-05,1.1797714347035642,0.127
2010-12-06,1.14113303307322,0.11
2010-12-07,1.1007637348835928,0.094
2010-12-08,1.074258720193626,0.082
2010-12-09,1.0592428145606223,0.095
2010-12-10,1.040881066604851,1.84
2010-12-11,1.028732413787461,0.552
2010-12-12,1.155690538730491,0.247
2010-12-13,1.0446392208884896,0.177
2010-12-14,1.508773438325963,0.16
2010-12-15,1.5311244303158882,0.144
2010-12-16,1.3928833200956685,0.22
2010-12-17,1.1341885424720854,0.115
2010-12-18,1.095496143591011,0.087
2010-12-19,1.542222241360597,0.074
2010-12-20,1.1459165287532713,0.063
2010-12-21,1.1020283418960761,0.055
2010-12-22,1.479663499530449,0.049
2010-12-23,1.1877878844407568,0.046
2010-12-24,1.1079638486848082,0.042
2010-12-25,1.0893813015405902,0.041
2010-12-26,1.1502632372387191,0.041
2010-12-27,2.2688972417506137,0.06
2010-12-28,1.4749635661694938,0.168
2010-12-29,1.2059363419363365,0.122
2010-12-30,1.1560800653594416,0.374
2010-12-31,1.2246194906856143,0.225
2011-01-01,1.1372380973202931,0.195
2011-01-02,1.1144708944402584,0.128
2011-01-03,1.1011154704795028,0.104
2011-01-04,1.5156315008003889,0.137
2011-01-05,1.1599339452686022,0.154
2011-01-06,1.1163694482418303,0.106
2011-01-07,1.4057757643336182,0.088
2011-01-08,1.1489650054970764,0.077
2011-01-09,1.1618627076606558,0.067
2011-01-10,1.6779207423318412,0.126
2011-01-11,1.3141988318814877,0.183
2011-01-12,1.7214132586828754,0.179
2011-01-13,1.243574439773942,0.195
2011-01-14,1.2971043198712215,0.131
2011-01-15,1.232513839755012,0.127
2011-01-16,1.1714367915842532,0.095
2011-01-17,1.1474036407887434,0.077
2011-01-18,1.1356185841106914,0.065
2011-01-19,1.121253863670518,0.059
2011-01-20,1.1119769936368762,0.053
2011-01-21,1.119364472626844,0.048
2011-01-22,1.1068940307126414,0.047
2011-01-23,1.0993881916456152,0.047
2011-01-24,1.0952840869494591,0.049
2011-01-25,1.094745249261577,0.047
2011-01-26,1.598563870016685,0.052
2011-01-27,1.2726378586520382,0.046
2011-01-28,1.1358205967158876,0.046
2011-01-29,1.1216919768768583,0.041
2011-01-30,1.1078421761348003,0.041
2011-01-31,1.1013340987812168,0.057
2011-02-01,1.096376566369117,0.103
2011-02-02,1.098141983860748,0.081
2011-02-03,1.781428240245005,0.07
2011-02-04,1.8297813262590454,0.123
2011-02-05,1.5767152306700334,0.126
2011-02-06,2.800143984253606,0.71
2011-02-07,1.5356860915662047,0.251
2011-02-08,1.9795459769921537,0.185
2011-02-09,1.3921162369249989,0.212
2011-02-10,1.2993721353886305,0.129
2011-02-11,2.314337916017857,0.186
2011-02-12,1.4241514611988235,0.225
2011-02-13,1.888838783397466,0.158
2011-02-14,1.3774454828313785,0.156
2011-02-15,2.0036343448815552,0.123
2011-02-16,1.3909285396673823,0.142
2011-02-17,1.2971075962270822,0.101
2011-02-18,1.5046872115074155,0.087
2011-02-19,1.494009284598936,0.104
2011-02-20,1.2844929864268657,0.09
2011-02-21,1.269605109392593,0.083
2011-02-22,1.862753163964825,0.09
2011-02-23,1.3286922780980626,0.111
2011-02-24,1.2514547560533011,0.088
2011-02-25,1.2799219063527247,0.077
2011-02-26,1.2356940845824045,0.071
2011-02-27,1.216040794402997,0.059
2011-02-28,1.1922139538899106,0.053
2011-03-01,1.1774402638722838,0.049
2011-03-02,1.1691771843559082,0.046
2011-03-03,1.160916886923338,0.043
2011-03-04,1.158989498857923,0.044
2011-03-05,1.150783992034254,0.04
2011-03-06,1.1467726083986471,0.038
2011-03-07,1.144075078557032,0.037
2011-03-08,1.329192058674157,0.042
2011-03-09,1.1688285428734912,0.04
2011-03-10,1.1527174367277746,0.035
2011-03-11,2.4930424334867824,0.188
2011-03-12,1.9936739553320169,0.222
2011-03-13,1.295355616348442,0.114
2011-03-14,1.2130955026552008,0.079
2011-03-15,1.201131974693001,0.069
2011-03-16,1.1888797260136017,0.063
2011-03-17,1.1721417010771642,0.055
2011-03-18,1.1621039541996994,0.047
2011-03-19,1.1550688494830639,0.042
2011-03-20,1.1495910475458297,0.04
2011-03-21,1.1450153018072653,0.035
2011-03-22,1.1411328825863534,0.031
2011-03-23,1.1377814022658526,0.03
2011-03-24,1.1348431867443185,0.031
2011-03-25,1.1322310563306313,0.031
2011-03-26,1.1299440242734768,0.028
2011-03-27,1.1276335051491826,0.027
2011-03-28,1.1255475373179604,0.026
2011-03-29,1.123563496015173,0.026
2011-03-30,1.3909336579721838,0.035
2011-03-31,1.143394452807062,0.03
2011-04-01,1.1200322549542967,0.028
2011-04-02,1.1162575353393691,0.03
2011-04-03,1.1142365003471981,0.028
2011-04-04,1.1123651841165012,0.026
2011-04-05,1.1104934567614857,0.025
2011-04-06,1.1086040103323298,0.024
2011-04-07,1.106692719226153,0.027
2011-04-08,1.1047575521907236,0.02
2011-04-09,1.102797373281346,0.019
2011-04-10,1.1008116792849898,0.018
2011-04-11,1.0988004532762599,0.019
2011-04-12,1.0967640535877006,0.017
2011-04-13,1.0947031258814477,0.018
2011-04-14,1.0926185332181673,0.017
2011-04-15,1.0905113004713298,0.019
2011-04-16,1.088382570204633,0.016
2011-04-17,1.0862335677106019,0.015
2011-04-18,1.084065573369342,0.015
2011-04-19,1.0818799008548645,0.015
2011-04-20,1.0796778800111346,0.014
2011-04-21,1.077460843455768,0.015
2011-04-22,1.075230116157919,0.015
2011-04-23,1.0729870073877905,0.018
2011-04-24,1.0707328045558984,0.014
2011-04-25,1.0684687685567846,0.013
2011-04-26,1.066196130309123,0.013
2011-04-27,1.063916088245935,0.013
2011-04-28,1.0616298065580867,0.013
2011-04-29,1.059338414033745,0.013
2011-04-30,1.0570430033681293,0.013
2011-05-01,1.0547446308431685,0.012
2011-05-02,1.0524443162969168,0.012
2011-05-03,1.050143043318767,0.012
2011-05-04,1.0478417596194387,0.012
2011-05-05,1.0455413775350704,0.012
2011-05-06,1.0432427746330233,0.012
2011-05-07,2.2155325892186584,0.053
2011-05-08,1.3003596856813096,0.043
2011-05-09,1.0595377142432123,0.033
2011-05-10,1.036169150975193,0.014
2011-05-11,1.0319937949820663,0.012
2011-05-12,1.0295506118642666,0.011
2011-05-13,1.027270678264832,0.011
2011-05-14,1.0250125575904572,0.01
2011-05-15,1.0227639611977943,0.01
2011-05-16,1.0205242914561328,0.01
2011-05-17,1.0182939885132043,0.01
2011-05-18,1.01607356386176,0.01
2011-05-19,1.0138635132746885,0.009
2011-05-20,1.0116643095804856,0.009
2011-05-21,1.0094764026746341,0.012
2011-05-22,1.007300220172752,0.012
2011-05-23,1.005136168106428,0.01
2011-05-24,1.0029846316072684,0.011
2011-05-25,1.00084597557424,0.007
2011-05-26,1.1167867062646981,0.025
2011-05-27,1.0069681941114288,0.009
2011-05-28,0.9954406253411591,0.008
2011-05-29,0.992510917933923,0.007
2011-05-30,0.9903649697816376,0.007
2011-05-31,0.9883032673791127,0.006
2011-06-01,0.9862627946628983,0.006
2011-06-02,0.9842380404903425,0.005
2011-06-03,0.9822286942415764,0.005
2011-06-04,0.9802349042636107,0.005
2011-06-05,0.9782568479281649,0.006
2011-06-06,0.9762946930256716,0.005
2011-06-07,0.9743485946820145,0.005
2011-06-08,0.9724186954893621,0.005
2011-06-09,0.9705051259172428,0.005
2011-06-10,0.9686080047376956,0.005
2011-06-11,1.1553644555926084,0.016
2011-06-12,1.4453905493080377,0.029
2011-06-13,1.0052129748478325,0.008
2011-06-14,0.964975030694843,0.005
2011-06-15,0.9597153447018172,0.005
2011-06-16,0.9576070713503632,0.006
2011-06-17,0.9557992416239178,0.005
2011-06-18,1.7764646508585462,0.063
2011-06-19,1.0244512893736335,0.012
2011-06-20,1.4738855896783059,0.016
2011-06-21,0.9947847533837977,0.021
2011-06-22,1.0050470173289074,0.025
2011-06-23,1.065498044959315,0.027
2011-06-24,0.9543590965741128,0.009
2011-06-25,0.943121147778283,0.008
2011-06-26,0.9406342844112421,0.006
2011-06-27,0.9389475772777806,0.033
2011-06-28,0.9373486979067628,0.008
2011-06-29,0.9357732113759993,0.012
2011-06-30,1.0124032625090857,0.024
2011-07-01,0.9395346769910615,0.007
2011-07-02,0.9317658508107648,0.006
2011-07-03,0.9296982656791726,0.005
2011-07-04,0.928156875256129,0.008
2011-07-05,1.1339100753714184,0.016
2011-07-06,1.1306963159564438,0.031
2011-07-07,1.2857381522258862,0.038
2011-07-08,0.9541519201509514,0.028
2011-07-09,1.5069637385015069,0.062
2011-07-10,0.9709814258756473,0.013
2011-07-11,1.356750246864599,0.073
2011-07-12,0.955313296516482,0.012
2011-07-13,0.9189312393640559,0.008
2011-07-14,0.914460055907245,0.007
2011-07-15,1.012559034916025,0.009
2011-07-16,2.0948749750522135,0.12
2011-07-17,2.219745411094903,0.23
2011-07-18,2.2216939627973873,0.091
2011-07-19,2.220911588340858,0.129
2011-07-20,2.117541637162026,0.527
2011-07-21,1.0322125311744677,0.091
2011-07-22,0.9320772595961301,0.051
2011-07-23,0.9190384275947181,0.035
2011-07-24,0.9144480335338452,0.026
2011-07-25,0.9111296425898426,0.021
2011-07-26,0.9083341167385125,0.017
2011-07-27,0.9059134141399979,0.015
2011-07-28,0.90379003607069,0.014
2011-07-29,0.9019057115695964,0.012
2011-07-30,0.9002141734704046,0.012
2011-07-31,0.8986784498479347,0.011
2011-08-01,1.012422688988282,0.016
2011-08-02,1.1477992718199006,0.057
2011-08-03,0.9168564726306361,0.015
2011-08-04,1.2950239369227843,0.072
2011-08-05,0.9277153907211021,0.024
2011-08-06,2.0691835104342036,0.651
2011-08-07,2.1706483320547503,0.143
2011-08-08,1.1248547307151793,0.07
2011-08-09,1.3355302573295402,0.05
2011-08-10,1.9211380397459683,0.219
2011-08-11,1.4699500049203185,0.422
2011-08-12,0.9621731899484642,0.166
2011-08-13,0.9065132859627071,0.103
2011-08-14,0.898026701986846,0.063
2011-08-15,0.8943071861457148,0.045
2011-08-16,1.3086708033382966,0.07
2011-08-17,0.9257976772264676,0.042
2011-08-18,0.8987149626751846,0.047
2011-08-19,0.8877729428806368,0.036
2011-08-20,0.9657844297931312,0.042
2011-08-21,0.8905780446681227,0.031
2011-08-22,0.8827581960554817,0.025
2011-08-23,0.8809545233127554,0.025
2011-08-24,1.3832000513532592,0.038
2011-08-25,0.9235633339355307,0.042
2011-08-26,1.586287508171772,0.093
2011-08-27,0.940570839634757,0.099
2011-08-28,0.8841243838789831,0.05
2011-08-29,0.876340184726448,0.035
2011-08-30,0.8752652591941852,0.03
2011-08-31,0.8741216575263706,0.026
2011-09-01,0.8733580496413459,0.023
2011-09-02,0.8726528511742584,0.022
2011-09-03,1.1385735812828996,0.037
2011-09-04,0.8947035695658729,0.027
2011-09-05,1.2621372272394242,0.03
2011-09-06,0.9045222354377858,0.034
2011-09-07,0.8734851338296382,0.023
2011-09-08,0.8696399347656179,0.019
2011-09-09,0.86827873150618,0.018
2011-09-10,0.8676168884021288,0.018
2011-09-11,0.8670259852178996,0.019
2011-09-12,0.8664479700258171,0.016
2011-09-13,0.8658771830920979,0.014
2011-09-14,0.8653128037208206,0.011
2011-09-15,0.8647545153543759,0.011
2011-09-16,1.406589528513075,0.028
2011-09-17,0.911246302368817,0.016
2011-09-18,0.8729873390600108,0.017
2011-09-19,0.8634565023282965,0.012
2011-09-20,0.8621274177054673,0.01
2011-09-21,0.8615304223526888,0.01
2011-09-22,0.8610041667553165,0.009
2011-09-23,0.8604890613493431,0.009
2011-09-24,0.8599796791663468,0.008
2011-09-25,0.859475502711658,0.012
2011-09-26,0.8589764637633391,0.008
2011-09-27,0.8584825376328111,0.007
2011-09-28,0.8579937054727024,0.007
2011-09-29,0.8575099501830208,0.007
2011-09-30,0.8570312555150857,0.008
2011-10-01,0.8915069814969583,0.009
2011-10-02,1.0706440928959782,0.024
2011-10-03,0.8744573868355469,0.01
2011-10-04,0.8568575087976867,0.008
2011-10-05,0.8548660999477751,0.009
2011-10-06,0.8542783332239078,0.009
2011-10-07,0.8538219868087668,0.007
2011-10-08,1.4671244391488327,0.022
2011-10-09,1.0201613080952838,0.013
2011-10-10,0.9423515372322131,0.024
2011-10-11,1.7969224939063577,0.038
2011-10-12,0.9978846944658439,0.097
2011-10-13,0.8642584399990154,0.033
2011-10-14,0.8520232436544374,0.021
2011-10-15,0.8505524378149348,0.017
2011-10-16,0.8500556362511896,0.015
2011-10-17,1.2312940378702013,0.035
2011-10-18,0.8827463044484948,0.016
2011-10-19,0.851879485422406,0.012
2011-10-20,1.2401519511830352,0.018
2011-10-21,0.882481174720711,0.018
2011-10-22,0.8508274211265775,0.014
2011-10-23,0.8476535064144528,0.013
2011-10-24,1.1394012482231686,0.017
2011-10-25,1.093205361259216,0.034
2011-10-26,0.867982872473234,0.021
2011-10-27,0.9956463359859651,0.023
2011-10-28,0.8587419671409853,0.018
2011-10-29,0.9335892280521653,0.025
2011-10-30,0.8526763883735989,0.022
2011-10-31,1.1606145823203706,0.027
2011-11-01,0.8720963772082647,0.042
2011-11-02,0.9580230770686475,0.029
2011-11-03,0.8545959544315322,0.031
2011-11-04,0.862770912812247,0.024
2011-11-05,0.8456811854352165,0.019
2011-11-06,0.843670402236318,0.015
2011-11-07,0.84307549370461,0.016
2011-11-08,0.8600034678083748,0.018
2011-11-09,0.8437703041813011,0.019
2011-11-10,0.8420149743274893,0.016
2011-11-11,0.9497508250201453,0.021
2011-11-12,0.8506939187924237,0.017
2011-11-13,0.841733141948797,0.017
2011-11-14,0.8406523004558291,0.018
2011-11-15,0.8402868835676657,0.016
2011-11-16,0.8399940830016991,0.016
2011-11-17,0.839714801324478,0.015
2011-11-18,0.8394428823064435,0.015
2011-11-19,0.8391771238631734,0.013
2011-11-20,0.8434535945061559,0.012
2011-11-21,0.9211124084979937,0.014
2011-11-22,0.8456465236117641,0.016
2011-11-23,0.838814594567726,0.015
2011-11-24,0.9727944914655148,0.022
2011-11-25,0.9813633425190788,0.034
2011-11-26,1.22388265336446,0.041
2011-11-27,0.8711550639325181,0.041
2011-11-28,0.8400438287751294,0.032
2011-11-29,0.9572132979067263,0.034
2011-11-30,0.8510549679375018,0.03
2011-12-01,0.8386967625594726,0.027
2011-12-02,0.8369295608977698,0.027
2011-12-03,0.929614426045363,0.027
2011-12-04,0.8491984905093447,0.024
2011-12-05,0.8379040900706389,0.022
2011-12-06,0.9094066104638302,0.022
2011-12-07,0.9775671148307774,0.02
2011-12-08,1.1189211074578982,0.051
2011-12-09,0.8645383626926872,0.031
2011-12-10,0.8416546133346339,0.027
2011-12-11,0.8389139535099688,0.028
2011-12-12,1.5425419438992802,0.128
2011-12-13,0.9073683733014045,0.098
2011-12-14,0.849164738810683,0.052
2011-12-15,0.8769650179836013,0.04
2011-12-16,1.2359575973607786,0.059
2011-12-17,0.8838998441530728,0.046
2011-12-18,0.8497433479624126,0.038
2011-12-19,1.078962261199636,0.057
2011-12-20,1.3986607708377115,0.076
2011-12-21,0.9073113279183749,0.141
2011-12-22,0.8597857266848987,0.082
2011-12-23,0.8526869078813493,0.06
2011-12-24,0.8491723164739706,0.05
2011-12-25,0.8459650205899842,0.044
2011-12-26,0.8445815936035339,0.038
2011-12-27,0.905936512074566,0.037
2011-12-28,0.8509815889636199,0.037
2011-12-29,0.8444442239549519,0.031
2011-12-30,1.6538315375283892,0.106
2011-12-31,1.1418281451819075,0.077
2012-01-01,0.8888539101901046,0.08
2012-01-02,1.3358286934456407,0.064
2012-01-03,0.9139338436598251,0.095
2012-01-04,1.3284183184589817,0.141
2012-01-05,0.9157763095225135,0.097
2012-01-06,0.872665698374826,0.069
2012-01-07,0.8632047816942773,0.054
2012-01-08,0.858259852411799,0.046
2012-01-09,0.8545409956134975,0.039
2012-01-10,0.8521988529551928,0.036
2012-01-11,0.8772050069315374,0.035
2012-01-12,0.8538781232732361,0.033
2012-01-13,0.8490178218426829,0.027
2012-01-14,0.8470553000103638,0.027
2012-01-15,0.8458599701374617,0.025
2012-01-16,0.8450013426795244,0.023
2012-01-17,0.8453220207623611,0.023
2012-01-18,0.8443753853397993,0.025
2012-01-19,0.8439898990525848,0.025
2012-01-20,1.001218417488133,0.03
2012-01-21,0.8611472220537931,0.029
2012-01-22,0.8465838717049652,0.027
2012-01-23,1.0256474268596951,0.023
2012-01-24,0.9768903264450793,0.042
2012-01-25,0.8620871647695785,0.04
2012-01-26,0.850484204163138,0.034
2012-01-27,0.8482532854157402,0.032
2012-01-28,0.8463466675352564,0.029
2012-01-29,1.0923017698358886,0.029
2012-01-30,0.8706271808973797,0.03
2012-01-31,0.8497153680094066,0.026
2012-02-01,0.8470180965071398,0.025
2012-02-02,0.8461285647808875,0.024
2012-02-03,0.8455365793117682,0.023
2012-02-04,1.1971733336108619,0.027
2012-02-05,0.9082049153335054,0.03
2012-02-06,0.8543846884236194,0.028
2012-02-07,0.8486063058929972,0.026
2012-02-08,0.847354980961837,0.026
2012-02-09,1.3032165738651535,0.05
2012-02-10,0.8907370375637716,0.038
2012-02-11,0.8536793191951628,0.036
2012-02-12,0.8488546858684032,0.06
2012-02-13,0.8478817750794293,0.052
2012-02-14,0.8467933890520422,0.042
2012-02-15,0.846144018776793,0.035
2012-02-16,0.8456565033388826,0.032
2012-02-17,0.8455967625309717,0.028
2012-02-18,0.8449327296778921,0.026
2012-02-19,0.8446156371923832,0.02
2012-02-20,0.8443764060301481,0.021
2012-02-21,0.8441744885847506,0.021
2012-02-22,0.8439990075338639,0.022
2012-02-23,0.8438433446690426,0.019
2012-02-24,0.8437024406954822,0.018
2012-02-25,0.843572314141125,0.017
2012-02-26,0.8434498290211053,0.017
2012-02-27,0.8433325228611203,0.017
2012-02-28,0.8432184704147817,0.016
2012-02-29,0.8431061747914707,0.016
2012-03-01,0.842994480407714,0.014
2012-03-02,0.8428825033869632,0.015
2012-03-03,0.8427695759162801,0.017
2012-03-04,1.3924357690323805,0.031
2012-03-05,0.8907786393102151,0.016
2012-03-06,0.9892371741147791,0.021
2012-03-07,0.8551942956663092,0.017
2012-03-08,0.8433353787553652,0.014
2012-03-09,0.8421571100958954,0.014
2012-03-10,0.8419342934669992,0.013
2012-03-11,0.8417957376655032,0.013
2012-03-12,0.8416627262031455,0.013
2012-03-13,0.8415281829865804,0.013
2012-03-14,0.8413915401235649,0.013
2012-03-15,0.8412528293598392,0.013
2012-03-16,0.8411121431627212,0.013
2012-03-17,0.8409695837364318,0.012
2012-03-18,0.8408252567761134,0.01
2012-03-19,0.8406792696300146,0.01
2012-03-20,0.8405317301375621,0.01
2012-03-21,0.8403827457486841,0.009
2012-03-22,0.8402324228440298,0.009
2012-03-23,0.8400808662131835,0.01
2012-03-24,0.8399281786585135,0.009
2012-03-25,0.839774460698952,0.009
2012-03-26,0.8396198103531781,0.009
2012-03-27,0.8394643229857933,0.009
2012-03-28,0.8393080912033757,0.009
2012-03-29,0.8391512047899338,0.009
2012-03-30,0.83899375067339,0.009
2012-03-31,0.8388358129164081,0.009
2012-04-01,0.838677472726232,0.009
2012-04-02,0.9431429017607283,0.01
2012-04-03,2.022125764692921,0.132
2012-04-04,1.930063910648699,0.057
2012-04-05,0.9340565254205931,0.029
2012-04-06,1.098322942573152,0.028
2012-04-07,0.8605988465162753,0.024
2012-04-08,0.8396183494430226,0.021
2012-04-09,1.084700981064015,0.029
2012-04-10,1.2644478431966186,0.046
2012-04-11,1.0029876925342158,0.067
2012-04-12,0.8515636967346164,0.049
2012-04-13,1.0471120921687165,0.035
2012-04-14,0.8550740656964645,0.032
2012-04-15,0.8381147271763134,0.023
2012-04-16,0.8364509880299769,0.023
2012-04-17,0.8361587627502919,0.02
2012-04-18,2.0105768905791437,0.415
2012-04-19,2.146443421198767,0.279
2012-04-20,1.1814758887895163,0.131
2012-04-21,1.842147897760692,0.152
2012-04-22,1.192348664953192,0.199
2012-04-23,0.9196305974829021,0.15
2012-04-24,0.9352552247730591,0.292
2012-04-25,2.1691934549042893,0.965
2012-04-26,2.3086862424611794,1.29
2012-04-27,1.2772613359781648,0.356
2012-04-28,0.9593377317259095,0.185
2012-04-29,2.119738091912817,0.34
2012-04-30,1.052945903955203,0.202
2012-05-01,0.943783014566305,0.129
2012-05-02,0.9162783427671732,0.098
2012-05-03,0.903611992746129,0.081
2012-05-04,0.8941449430712316,0.067
2012-05-05,0.8842286346652586,0.056
2012-05-06,0.8778023118874024,0.049
2012-05-07,1.1635727515453278,0.055
2012-05-08,0.9021913444633376,0.045
2012-05-09,2.100052480223483,0.175
2012-05-10,2.3377126525159935,0.757
2012-05-11,1.9164954973831252,0.732
2012-05-12,1.06289506576441,0.267
2012-05-13,0.9673667419754833,0.14
2012-05-14,1.0923554244724012,0.101
2012-05-15,0.9522273622068347,0.077
2012-05-16,0.9275538924966764,0.063
2012-05-17,0.9196761620172277,0.06
2012-05-18,0.9071330383534835,0.054
2012-05-19,0.8990129102757352,0.047
2012-05-20,0.8934713760154784,0.042
2012-05-21,0.8893338559897417,0.039
2012-05-22,0.8861994161926301,0.034
2012-05-23,0.8838380330246555,0.032
2012-05-24,0.8820834647260487,0.03
2012-05-25,0.8808046387547842,0.028
2012-05-26,0.879897169161351,0.027
2012-05-27,0.8792778792437235,0.026
2012-05-28,0.8788805387552187,0.024
2012-05-29,0.8786524646996734,0.023
2012-05-30,0.8785518031773493,0.022
2012-05-31,1.9971494188881833,0.07
2012-06-01,0.9767569659767039,0.03
2012-06-02,0.8875264406744983,0.024
2012-06-03,0.8796521073154601,0.021
2012-06-04,0.8790847547756218,0.019
2012-06-05,1.208515136411688,0.039
2012-06-06,0.9082407816559526,0.05
2012-06-07,1.7305161046232758,0.065
2012-06-08,2.1034036293057503,0.222
2012-06-09,2.2321034445544137,0.604
2012-06-10,1.0272532850210894,0.258
2012-06-11,0.9157320717826113,0.119
2012-06-12,0.90173758474812,0.082
2012-06-13,0.8970356404732651,0.061
2012-06-14,1.379164237724503,0.055
2012-06-15,1.7472219523059458,0.248
2012-06-16,1.1763410436007986,0.238
2012-06-17,0.945854062270825,0.117
2012-06-18,0.9200918791193775,0.077
2012-06-19,0.9102819358440166,0.057
2012-06-20,0.9049496641902833,0.047
2012-06-21,2.0797692754564046,0.247
2012-06-22,1.3960528556725549,0.156
2012-06-23,1.395264349658265,0.107
2012-06-24,1.9152313202187616,0.214
2012-06-25,1.042361984822462,0.107
2012-06-26,0.9686440124855328,0.082
2012-06-27,1.0559874237241456,0.1
2012-06-28,2.511834145448727,2.01
2012-06-29,2.410874291664574,0.436
2012-06-30,2.374072739560219,0.178
2012-07-01,1.7268857706570422,0.13
2012-07-02,1.0761639623277248,0.091
2012-07-03,1.0250781390610966,0.076
2012-07-04,0.9793880898156871,0.064
2012-07-05,1.9876006439244984,0.097
2012-07-06,2.8526756166329257,0.891
2012-07-07,1.8412866269811874,0.353
2012-07-08,1.300979663042192,0.143
2012-07-09,1.3123795348583172,0.108
2012-07-10,2.87322273668033,0.523
2012-07-11,3.1040514331112905,1.29
2012-07-12,2.2239019702433045,0.365
2012-07-13,1.4338175798525283,0.165
2012-07-14,1.3075322139846837,0.119
2012-07-15,1.2250574145375346,0.088
2012-07-16,1.1751085782776851,0.073
2012-07-17,1.4897369935003764,0.083
2012-07-18,1.7497413690537458,0.125
2012-07-19,1.1821550572057264,0.097
2012-07-20,1.106996738396883,0.067
2012-07-21,1.0807159552894428,0.054
2012-07-22,1.0632615861149137,0.048
2012-07-23,1.0501336142275277,0.042
2012-07-24,1.0401829014826085,0.041
2012-07-25,1.0327161466350243,0.037
2012-07-26,1.0272005754227362,0.035
2012-07-27,1.023213005214425,0.032
2012-07-28,1.0204161876087368,0.03
2012-07-29,1.0185414346613264,0.027
2012-07-30,1.0173748615627145,0.025
2012-07-31,1.1995585145483902,0.032
2012-08-01,1.0325615359737024,0.029
2012-08-02,1.0180315074494488,0.023
2012-08-03,1.01700366119931,0.021
2012-08-04,1.0173114735487576,0.021
2012-08-05,2.1924046411591473,0.053
2012-08-06,2.18384708920902,0.212
2012-08-07,1.1215376299870374,0.065
2012-08-08,1.0287685300040863,0.041
2012-08-09,1.0209440608390945,0.032
2012-08-10,1.0207014420759755,0.028
2012-08-11,1.0210973721718553,0.027
2012-08-12,1.021497031946847,0.025
2012-08-13,1.0218379040200478,0.024
2012-08-14,1.0221109767698173,0.021
2012-08-15,2.1968991587422715,0.22
2012-08-16,1.2773928546390352,0.071
2012-08-17,2.0919808071648793,0.272
2012-08-18,1.1317463299070774,0.299
2012-08-19,1.3510218885068908,0.124
2012-08-20,1.0721374129603005,0.09
2012-08-21,1.043530650093227,0.065
2012-08-22,1.037547152398748,0.051
2012-08-23,1.0347652592877215,0.043
2012-08-24,1.797548553016105,0.073
2012-08-25,1.460641549070665,0.3
2012-08-26,1.0781235857813798,0.109
2012-08-27,1.0444019641089943,0.08
2012-08-28,1.0342650785826144,0.058
2012-08-29,1.5054160556541305,0.062
2012-08-30,1.0768889217511737,0.056
2012-08-31,1.0364099937313893,0.047
2012-09-01,1.0295086107190061,0.042
2012-09-02,1.0264546257131772,0.035
2012-09-03,1.0240619728384914,0.032
2012-09-04,1.0219808493337823,0.028
2012-09-05,1.0201184714179667,0.025
2012-09-06,1.0184216945212885,0.024
2012-09-07,1.0168502550126666,0.023
2012-09-08,1.0153724736797365,0.022
2012-09-09,1.013963372051337,0.022
2012-09-10,1.4225863704303032,0.032
2012-09-11,1.047250200199785,0.023
2012-09-12,1.0132014580150082,0.02
2012-09-13,1.0089718959370402,0.019
2012-09-14,1.0074190716301907,0.017
2012-09-15,1.0061076210155513,0.015
2012-09-16,1.0048138248136076,0.016
2012-09-17,1.0035147819181562,0.016
2012-09-18,1.0022065563889568,0.017
2012-09-19,1.0008875310250909,0.013
2012-09-20,2.174142564013715,0.129
2012-09-21,1.2504187418992756,0.058
2012-09-22,1.0191965388077275,0.032
2012-09-23,2.118346757833595,0.058
2012-09-24,2.5482809021748305,2.76
2012-09-25,3.2022328976038152,2.68
2012-09-26,2.7677568320364694,0.713
2012-09-27,2.654544025909487,0.361
2012-09-28,2.585860627165999,0.187
2012-09-29,2.528295716437349,0.135
2012-09-30,2.498108758423885,0.113
2012-10-01,2.240599860916161,0.097
2012-10-02,2.2890491957785244,0.13
2012-10-03,1.4109654038815636,0.107
2012-10-04,1.4174983348254142,0.091
2012-10-05,1.2572477645288573,0.086
2012-10-06,1.2049211801219595,0.067
2012-10-07,1.1695669067273673,0.058
2012-10-08,1.1401824615085048,0.053
2012-10-09,1.1181940697504642,0.047
2012-10-10,1.101181513895138,0.044
2012-10-11,3.213931414498853,0.474
2012-10-12,2.817947567147467,0.419
2012-10-13,2.239950632809748,0.13
2012-10-14,1.4376765885024314,0.094
2012-10-15,2.8815921984385695,0.17
2012-10-16,2.108334347472335,0.237
2012-10-17,2.299821303468462,0.485
2012-10-18,1.5774642026453218,0.165
2012-10-19,1.427862130802706,0.118
2012-10-20,1.3557630581946432,0.092
2012-10-21,1.3084660404234443,0.077
2012-10-22,1.824916899243116,0.082
2012-10-23,1.4200289111648463,0.084
2012-10-24,1.6359690429133253,0.127
2012-10-25,1.353731449687004,0.102
2012-10-26,1.474740021450215,0.085
2012-10-27,1.9079811468540828,0.111
2012-10-28,1.3739854482474783,0.091
2012-10-29,1.2916125255762798,0.075
2012-10-30,1.2556525748701703,0.07
2012-10-31,1.4751315080192433,0.068
2012-11-01,1.2789702397623208,0.06
2012-11-02,1.241407087328588,0.054
2012-11-03,1.216559704934605,0.05
2012-11-04,1.2018803138063605,0.045
2012-11-05,1.1941592166624442,0.041
2012-11-06,1.3126594462006391,0.048
2012-11-07,1.2028440984551596,0.048
2012-11-08,1.186216008685951,0.042
2012-11-09,1.182903793426238,0.042
2012-11-10,1.1761187528763066,0.037
2012-11-11,1.1721447775932008,0.031
2012-11-12,1.173786793363701,0.03
2012-11-13,1.1666649391988233,0.031
2012-11-14,1.1645662579202665,0.028
2012-11-15,1.163445644779865,0.028
2012-11-16,1.6372777591804255,0.039
2012-11-17,1.2115124967935107,0.035
2012-11-18,1.6025744283555967,0.044
2012-11-19,1.2212194079931882,0.05
2012-11-20,1.1889689601730775,0.043
2012-11-21,1.4667124546015953,0.052
2012-11-22,1.4439298655393382,0.069
2012-11-23,1.2595940605552114,0.072
2012-11-24,2.8838807215226545,0.559
2012-11-25,3.346387602634702,1.13
2012-11-26,4.7314102273069665,2.85
2012-11-27,3.9350935133222738,1.01
2012-11-28,3.526205743672865,0.429
2012-11-29,3.3105693490502413,0.233
2012-11-30,3.300201971103253,0.17
2012-12-01,2.7923113118435,0.139
2012-12-02,2.0557439429618216,0.117
2012-12-03,1.7432203503157506,0.126
2012-12-04,1.7033691839874545,0.128
2012-12-05,1.727233458006232,0.108
2012-12-06,2.9534492079759818,0.441
2012-12-07,2.1274271108798892,0.63
2012-12-08,1.6784041473042837,0.274
2012-12-09,1.9566724195907443,0.169
2012-12-10,1.8761540341889402,0.199
2012-12-11,1.5871840174042287,0.149
2012-12-12,1.521129398311126,0.119
2012-12-13,1.474975452226041,0.1
2012-12-14,3.2208135331566647,0.836
2012-12-15,2.1349050661394027,0.304
2012-12-16,2.255483012891027,0.203
2012-12-17,1.7927864115825476,0.203
2012-12-18,1.6214444809815818,0.14
2012-12-19,2.4668713164564786,0.168
2012-12-20,3.9261264520525736,2.05
2012-12-21,3.576038944962226,0.92
2012-12-22,3.796844652590148,0.954
2012-12-23,2.9449183604990186,0.4
2012-12-24,2.914978690670833,0.322
2012-12-25,2.3404463397589934,0.491
2012-12-26,3.7130147182298554,0.699
2012-12-27,2.737898997335334,0.616
2012-12-28,2.4051774213897814,0.314
2012-12-29,2.697701144821727,0.411
2012-12-30,2.1286407398270595,0.267
2012-12-31,1.8986316439824602,0.178
2013-01-01,2.107206670876294,0.129
2013-01-02,1.950315995100038,0.15
2013-01-03,1.7743147276742308,0.121
2013-01-04,1.7133332896905273,0.107
2013-01-05,1.6773783517466978,0.095
2013-01-06,1.6454414022328652,0.087
2013-01-07,1.799886213151091,0.082
2013-01-08,1.6497407812759781,0.078
2013-01-09,1.6185845837068438,0.071
2013-01-10,2.2135950866598386,0.085
2013-01-11,1.7102427802132216,0.086
2013-01-12,1.7749597904120098,0.084
2013-01-13,1.715738877810009,0.081
2013-01-14,2.3699059444040778,0.108
2013-01-15,2.065720686456846,0.097
2013-01-16,1.7495075102069677,0.077
2013-01-17,1.6910647476996188,0.067
2013-01-18,2.3595168445634074,0.068
2013-01-19,2.4805036223033703,0.069
2013-01-20,3.0517179363109905,0.069
2013-01-21,3.4518707296134137,0.222
2013-01-22,2.7739390122791754,0.233
2013-01-23,2.5015028898164875,0.2
2013-01-24,2.087195271164006,0.186
2013-01-25,2.6787068285592066,0.167
2013-01-26,2.670216824139625,0.668
2013-01-27,2.0330105901859388,1.97
2013-01-28,2.1000671452238393,0.868
2013-01-29,2.077021231034385,0.414
2013-01-30,1.9198646041418714,0.223
2013-01-31,1.839254300466426,0.165
2013-02-01,2.1499881280133115,0.133
2013-02-02,1.841786307273471,0.108
2013-02-03,1.7837247575918957,0.1
2013-02-04,2.120329764128249,0.112
2013-02-05,2.6133762052511136,0.163
2013-02-06,1.9070476599976622,0.156
2013-02-07,1.8170626134190544,0.109
2013-02-08,1.76795542660766,0.096
2013-02-09,1.7389483810855872,0.089
2013-02-10,1.8470242024266117,0.084
2013-02-11,1.731160976891608,0.069
2013-02-12,1.7057907667690355,0.062
2013-02-13,2.550264193942968,0.096
2013-02-14,1.8323011086412333,0.11
2013-02-15,1.7444949985460416,0.081
2013-02-16,1.7168532528409715,0.072
2013-02-17,1.6976907692397307,0.065
2013-02-18,1.6825280949117554,0.059
2013-02-19,1.7098480445898019,0.055
2013-02-20,1.6733031931741162,0.051
2013-02-21,1.6598444204320373,0.048
2013-02-22,1.65477652197726,0.045
2013-02-23,2.64169663584981,0.06
2013-02-24,2.3260549729840947,0.091
2013-02-25,1.7901804753945234,0.135
2013-02-26,1.7192913868682445,0.088
2013-02-27,1.6928057530270413,0.072
2013-02-28,1.6723368192870463,0.063
2013-03-01,1.6561709317498376,0.056
2013-03-02,1.6425835900366619,0.052
2013-03-03,1.630993187522131,0.048
2013-03-04,1.620910540555534,0.047
2013-03-05,1.611993288277271,0.041
2013-03-06,1.6383726311431188,0.039
2013-03-07,1.6050918629792754,0.037
2013-03-08,2.087718521918253,0.047
2013-03-09,1.9093154215951396,0.129
2013-03-10,1.739002639493404,0.075
2013-03-11,1.6652023925579589,0.06
2013-03-12,1.6185178229668327,0.057
2013-03-13,1.600803236244243,0.051
2013-03-14,1.5856454294072004,0.05
2013-03-15,1.8725221902697282,0.052
2013-03-16,2.007366732019357,0.074
2013-03-17,3.1276283597059646,0.658
2013-03-18,3.0998031163003033,0.641
2013-03-19,2.2502526320890555,0.413
2013-03-20,1.850138629635332,0.217
2013-03-21,1.7577569704415998,0.14
2013-03-22,1.7057385069695132,0.107
2013-03-23,1.664320274432168,0.084
2013-03-24,1.6340915676289147,0.071
2013-03-25,1.610777959594022,0.064
2013-03-26,1.591626939125609,0.06
2013-03-27,1.5701692231999247,0.054
2013-03-28,1.5543934981212126,0.05
2013-03-29,1.5404994339916367,0.047
2013-03-30,1.5281417049527712,0.043
2013-03-31,1.5179723529252556,0.041
2013-04-01,1.509358304759324,0.038
2013-04-02,1.500905886390573,0.033
2013-04-03,1.4933815326276974,0.03
2013-04-04,1.4868862987435219,0.03
2013-04-05,1.4798762415897726,0.028
2013-04-06,1.4735684862610854,0.027
2013-04-07,1.467532822910316,0.027
2013-04-08,1.4616790544797207,0.027
2013-04-09,1.4559598202840687,0.026
2013-04-10,1.4503401673474638,0.024
2013-04-11,1.5311583438090026,0.025
2013-04-12,1.4468755700956295,0.031
2013-04-13,1.43451797517396,0.023
2013-04-14,1.4284627548561146,0.022
2013-04-15,1.4229845793341638,0.022
2013-04-16,1.4175648752002723,0.021
2013-04-17,1.412152599183605,0.024
2013-04-18,1.4661094314388643,0.026
2013-04-19,1.4065347793379348,0.017
2013-04-20,1.3963747577549996,0.018
2013-04-21,1.3905269763228603,0.019
2013-04-22,1.3850621596367718,0.019
2013-04-23,1.37962901581688,0.016
2013-04-24,1.3741966475597804,0.016
2013-04-25,1.3687633247315518,0.026
2013-04-26,1.3633301172638375,0.018
2013-04-27,1.3578984585259457,0.018
2013-04-28,1.352469887703752,0.015
2013-04-29,1.347045997690531,0.014
2013-04-30,1.3416284078124066,0.012
2013-05-01,1.3362187437361868,0.012
2013-05-02,1.3308186219598088,0.012
2013-05-03,1.3254296378522588,0.013
2013-05-04,1.3200533565117827,0.012
2013-05-05,1.3146913058663723,0.011
2013-05-06,1.3093449715567864,0.011
2013-05-07,1.3040157932346705,0.011
2013-05-08,1.2987051619821064,0.013
2013-05-09,1.2934144186179255,0.013
2013-05-10,1.2881448527033215,0.011
2013-05-11,1.2828977020970393,0.01
2013-05-12,1.277674152940618,0.011
2013-05-13,1.2724753399783104,0.01
2013-05-14,2.3146634522550817,0.021
2013-05-15,1.4167848862120913,0.082
2013-05-16,1.2707918085580776,0.018
2013-05-17,2.4277746515335017,0.172
2013-05-18,2.542211767703687,1.24
2013-05-19,2.5376160717516694,0.176
2013-05-20,2.05018364727439,0.269
2013-05-21,1.3179993638555785,0.159
2013-05-22,1.249724496621623,0.092
2013-05-23,1.401988786734284,0.069
2013-05-24,1.246135720811478,0.06
2013-05-25,1.2248721506177074,0.047
2013-05-26,1.216907330510654,0.04
2013-05-27,1.2105264973230005,0.036
2013-05-28,1.2046068387678894,0.031
2013-05-29,1.4095817902654693,0.033
2013-05-30,1.2120920154641746,0.04
2013-05-31,1.1900971363957156,0.026
2013-06-01,1.1835797486151585,0.031
2013-06-02,1.1785752002604353,0.021
2013-06-03,1.1738143550130622,0.019
2013-06-04,1.1691676665020196,0.019
2013-06-05,1.1646115831219224,0.02
2013-06-06,1.16013456834172,0.018
2013-06-07,1.1557280950749398,0.017
2013-06-08,1.1513854402565014,0.017
2013-06-09,1.147101265165102,0.017
2013-06-10,1.1428713292873254,0.017
2013-06-11,1.1386922660585113,0.017
2013-06-12,1.1345614040180225,0.023
2013-06-13,1.130476623920748,0.015
2013-06-14,1.1264362445755112,0.019
2013-06-15,1.1224389316576613,0.014
2013-06-16,1.118483624896555,0.012
2013-06-17,1.1145694799588604,0.011
2013-06-18,1.1106958220845624,0.011
2013-06-19,1.1068621091212734,0.01
2013-06-20,1.1030679020734417,0.01
2013-06-21,1.0993128416598257,0.015
2013-06-22,1.095596629674028,0.013
2013-06-23,1.595548482485319,0.044
2013-06-24,1.1324699418276218,0.012
2013-06-25,1.088645684971668,0.009
2013-06-26,1.081474587092387,0.009
2013-06-27,1.160515810565947,0.01
2013-06-28,1.2574703502995197,0.027
2013-06-29,1.0867570972608358,0.01
2013-06-30,1.0686866455725532,0.009
2013-07-01,1.0639960752635946,0.008
2013-07-02,1.0605388964831297,0.014
2013-07-03,1.0572268441918635,0.008
2013-07-04,1.0539613850978915,0.007
2013-07-05,1.0507334336476093,0.006
2013-07-06,1.047542010128257,0.005
2013-07-07,1.0443868654668824,0.005
2013-07-08,1.0412678116529406,0.005
2013-07-09,1.038184660900187,0.005
2013-07-10,1.035137220150978,0.005
2013-07-11,1.0321252906574634,0.005
2013-07-12,1.0291486680627016,0.005
2013-07-13,1.0262071425564379,0.005
2013-07-14,1.0233004990593157,0.005
2013-07-15,1.020428517425292,0.004
2013-07-16,1.017590972656537,0.004
2013-07-17,1.0147876351265304,0.004
2013-07-18,1.0120182708079786,0.004
2013-07-19,1.0092826415029152,0.004
2013-07-20,1.0065805050729115,0.004
2013-07-21,1.0039116156677943,0.004
2013-07-22,1.001275723951625,0.004
2013-07-23,0.9986725773249967,0.004
2013-07-24,1.4701588395937877,0.033
2013-07-25,1.0351588618475014,0.01
2013-07-26,0.9947910589855316,0.005
2013-07-27,2.1635059037954507,0.221
2013-07-28,2.2651697645608504,0.13
2013-07-29,2.2747494044503993,0.034
2013-07-30,1.383978891240228,0.014
2013-07-31,1.9693329493331153,0.064
2013-08-01,1.0646929468500475,0.023
2013-08-02,0.9831397691590584,0.012
2013-08-03,0.9736161782035542,0.008
2013-08-04,1.2152557232552375,0.016
2013-08-05,2.16429690444997,0.373
2013-08-06,2.245560615648718,0.061
2013-08-07,1.0762639078779035,0.025
2013-08-08,0.9744895747818871,0.018
2013-08-09,0.9606718293222543,0.013
2013-08-10,0.9575176609844568,0.011
2013-08-11,0.9573717013010917,0.016
2013-08-12,1.1460772288426786,0.014
2013-08-13,0.9727441378965915,0.008
2013-08-14,1.1625934059134504,0.02
2013-08-15,1.9110138778106989,0.052
2013-08-16,1.0365736208006593,0.027
2013-08-17,0.9628427779899046,0.017
2013-08-18,0.947836673326875,0.011
2013-08-19,0.9440763748107966,0.008
2013-08-20,0.9415177976851434,0.007
2013-08-21,0.9392158787267184,0.01
2013-08-22,0.9370594644673658,0.009
2013-08-23,1.4630670895033848,0.028
2013-08-24,1.25250261585197,0.026
2013-08-25,0.9593280291493235,0.013
2013-08-26,0.9319364929846448,0.009
2013-08-27,0.927899576189625,0.007
2013-08-28,0.9260044389105176,0.007
2013-08-29,0.9243432918132157,0.006
2013-08-30,0.9227391274350413,0.005
2013-08-31,0.921172280857612,0.005
2013-09-01,0.919638041537611,0.008
2013-09-02,0.9181336047988146,0.008
2013-09-03,0.9166567777526121,0.008
2013-09-04,0.9152057741221432,0.007
2013-09-05,1.4295064546845684,0.014
2013-09-06,2.1322130835054263,0.163
2013-09-07,1.9167757533715215,0.043
2013-09-08,0.9981047906597168,0.018
2013-09-09,0.9162434496975149,0.016
2013-09-10,0.9076943534917233,0.01
2013-09-11,0.9057400811212059,0.011
2013-09-12,0.9807952731634394,0.014
2013-09-13,0.9098346720041411,0.014
2013-09-14,0.9024881959454529,0.009
2013-09-15,0.9007141724059387,0.011
2013-09-16,0.8994555325757562,0.007
2013-09-17,0.8982591659663086,0.006
2013-09-18,0.9855774875635139,0.005
2013-09-19,0.9036904317928963,0.014
2013-09-20,0.8954811105218746,0.005
2013-09-21,0.8937217869419616,0.005
2013-09-22,0.8925551660431308,0.004
2013-09-23,0.8914565409986197,0.004
2013-09-24,0.8903782940711751,0.004
2013-09-25,0.8893159253919076,0.005
2013-09-26,0.8882688483610427,0.004
2013-09-27,0.8872368347898346,0.004
2013-09-28,0.8862196918349444,0.004
2013-09-29,0.8852172323518299,0.004
2013-09-30,0.8842292719568376,0.004
2013-10-01,0.8832556285666735,0.004
2013-10-02,0.882296122204088,0.007
2013-10-03,1.4058152480337014,0.018
2013-10-04,0.9956637746669742,0.013
2013-10-05,0.8897059062238802,0.005
2013-10-06,0.8795149572503791,0.004
2013-10-07,0.8777877120956091,0.004
2013-10-08,0.8768336717732567,0.004
2013-10-09,0.9334262123560066,0.005
2013-10-10,0.8801502398886781,0.004
2013-10-11,0.8747205845990058,0.004
2013-10-12,0.8734812549601652,0.004
2013-10-13,1.6781445557401276,0.029
2013-10-14,2.1170865215104118,0.182
2013-10-15,1.049424895735518,0.069
2013-10-16,2.060715799259841,0.334
2013-10-17,1.5146622099453773,0.127
2013-10-18,1.1245027855332657,0.07
2013-10-19,1.1663569245902428,0.121
2013-10-20,0.8996403712000995,0.081
2013-10-21,1.034020884899071,0.061
2013-10-22,1.8180260454170085,0.065
2013-10-23,0.9955138966438511,0.293
2013-10-24,1.610557021533029,0.077
2013-10-25,1.8023109660312693,0.68
2013-10-26,1.0037299898285676,0.198
2013-10-27,0.9827050651609937,0.114
2013-10-28,0.9224775211181167,0.082
2013-10-29,0.9020336686178348,0.06
2013-10-30,0.8936054545715928,0.048
2013-10-31,0.8891320102858771,0.041
2013-11-01,0.8828618887367738,0.035
2013-11-02,1.8052402245539336,0.07
2013-11-03,0.9754452173528846,0.055
2013-11-04,0.9213574381011899,0.041
2013-11-05,0.891604901879529,0.037
2013-11-06,0.8856343309430209,0.031
2013-11-07,0.8802783210078197,0.028
2013-11-08,0.877156322371114,0.026
2013-11-09,0.8752523516853454,0.024
2013-11-10,1.1620220270574182,0.023
2013-11-11,0.9030894452328768,0.029
2013-11-12,0.8775868731650568,0.021
2013-11-13,0.8733678118798243,0.022
2013-11-14,0.8709476124693932,0.019
2013-11-15,0.869276332145883,0.017
2013-11-16,0.8679308952948592,0.018
2013-11-17,1.4991859686758342,0.024
2013-11-18,0.9293933653032166,0.034
2013-11-19,0.8799867701355902,0.022
2013-11-20,2.1810634586227198,0.433
2013-11-21,2.267966701386133,0.445
2013-11-22,1.2301307256475698,0.155
2013-11-23,0.952413873915478,0.097
2013-11-24,0.9167886396692593,0.072
2013-11-25,0.9054082558472072,0.058
2013-11-26,0.8989648942267269,0.051
2013-11-27,0.8911101650251353,0.041
2013-11-28,0.8870489109980674,0.037
2013-11-29,0.8823719877107774,0.036
2013-11-30,0.8792865950960251,0.029
2013-12-01,0.876847767780687,0.025
2013-12-02,0.8749327714270325,0.025
2013-12-03,0.87485506650591,0.025
2013-12-04,0.8994546977729728,0.023
2013-12-05,1.3938969679135236,0.069
2013-12-06,0.9409814901260077,0.04
2013-12-07,0.8935824214456072,0.038
2013-12-08,0.8944126405764425,0.039
2013-12-09,0.8830598574663652,0.035
2013-12-10,0.8795430349710452,0.031
2013-12-11,0.877899445979291,0.03
2013-12-12,1.2121722232041015,0.038
2013-12-13,0.9133521574011862,0.043
2013-12-14,0.9027400431695772,0.038
2013-12-15,1.2735078556444515,0.046
2013-12-16,0.9250876167408465,0.072
2013-12-17,0.8927142532080852,0.051
2013-12-18,1.5086311825341814,0.103
2013-12-19,0.9804589251319713,0.091
2013-12-20,0.9097281926952191,0.071
2013-12-21,1.6947263055647448,0.095
2013-12-22,1.0287319986375092,0.142
2013-12-23,2.2093788772404284,0.402
2013-12-24,1.4248745065048516,0.18
2013-12-25,1.0293142130657222,0.115
2013-12-26,1.4091793431414537,0.101
2013-12-27,1.2966888057943184,0.167
2013-12-28,1.0167287434022916,0.101
2013-12-29,0.9736454990540516,0.078
2013-12-30,1.2148547581771705,0.086
2013-12-31,0.9852274394330057,0.079
2014-01-01,1.5782203549487444,0.17
2014-01-02,1.363628079938511,0.117
2014-01-03,1.026790100520148,0.122
2014-01-04,0.9744082129425927,0.086
2014-01-05,1.8065354454041045,0.167
2014-01-06,1.2265909077776345,0.151
2014-01-07,1.0257452332783805,0.141
2014-01-08,1.779962277204845,0.165
2014-01-09,1.0894391250298137,0.176
2014-01-10,1.0141619353714975,0.119
2014-01-11,0.9835353524012781,0.09
2014-01-12,1.092548416780054,0.085
2014-01-13,1.281669490020502,0.101
2014-01-14,1.8032161720368307,0.164
2014-01-15,1.1033415487598557,0.315
2014-01-16,1.067268864711367,0.14
2014-01-17,1.0253285388308473,0.119
2014-01-18,1.8245984891903717,0.118
2014-01-19,1.590746973130882,0.456
2014-01-20,1.1107132739431398,0.154
2014-01-21,1.4023810645169776,0.121
2014-01-22,1.148813645356954,0.105
2014-01-23,1.050906584704691,0.093
2014-01-24,1.7986595810817012,0.16
2014-01-25,1.4289723381438317,0.167
2014-01-26,1.5495095853189556,0.185
2014-01-27,1.2003830762001828,0.129
2014-01-28,2.0581150749274846,0.188
2014-01-29,1.225674623102843,0.27
2014-01-30,1.1159885918838646,0.134
2014-01-31,1.3303920892163061,0.125
2014-02-01,1.3265084429805158,0.114
2014-02-02,1.1038825805456651,0.093
2014-02-03,1.0761463358664058,0.083
2014-02-04,1.4190321263976458,0.09
2014-02-05,1.6571616061270948,0.312
2014-02-06,1.3533762732913548,0.152
2014-02-07,1.4014730741684536,0.131
2014-02-08,1.7566536328759355,0.192
2014-02-09,1.207432775485853,0.171
2014-02-10,1.2082504518053736,0.107
2014-02-11,1.125699475574195,0.097
2014-02-12,2.4020266202703664,0.477
2014-02-13,1.301632836966914,0.224
2014-02-14,2.8663302659112113,0.65
2014-02-15,2.618299242158986,0.553
2014-02-16,1.4823713185372138,0.19
2014-02-17,1.3255421767166997,0.135
2014-02-18,1.5825602867635393,0.125
2014-02-19,1.495239012489039,0.136
2014-02-20,1.2755738983229343,0.126
2014-02-21,1.2170436408885963,0.099
2014-02-22,1.1808026040334765,0.081
2014-02-23,1.156670305677618,0.072
2014-02-24,1.1387631690342142,0.065
2014-02-25,1.11935379398661,0.058
2014-02-26,1.1901314539842807,0.053
2014-02-27,1.1182513418778224,0.051
2014-02-28,1.1029133908932227,0.046
2014-03-01,1.1112270298740785,0.047
2014-03-02,1.1368660814416267,0.048
2014-03-03,1.0997591260222017,0.041
2014-03-04,1.0914402841158428,0.037
2014-03-05,1.0872513269133874,0.034
2014-03-06,1.0856375390223219,0.035
2014-03-07,1.0827731283750965,0.034
2014-03-08,1.080603015202529,0.033
2014-03-09,1.0795790025546945,0.031
2014-03-10,1.0786527467312836,0.028
2014-03-11,1.0780948829192103,0.028
2014-03-12,1.0777176863018234,0.028
2014-03-13,1.0774541090452125,0.027
2014-03-14,1.0772588644584813,0.027
2014-03-15,1.0770972591461077,0.026
2014-03-16,1.0769424321376815,0.025
2014-03-17,1.0767737074965065,0.025
2014-03-18,1.0765753279873742,0.025
2014-03-19,1.0763354472819429,0.023
2014-03-20,1.0760453247735435,0.026
2014-03-21,1.075698682081882,0.023
2014-03-22,1.0752911888595684,0.022
2014-03-23,1.0748200520219302,0.019
2014-03-24,1.0742836877004887,0.019
2014-03-25,1.0736814593610275,0.02
2014-03-26,1.3433110460215196,0.028
2014-03-27,1.6523868031433815,0.054
2014-03-28,1.8873975804172807,0.111
2014-03-29,1.1424059137705318,0.085
2014-03-30,1.076150564972845,0.059
2014-03-31,1.7158707924112888,0.061
2014-04-01,1.1260488183300956,0.141
2014-04-02,1.0732172379084681,0.08
2014-04-03,1.0672062491152172,0.068
2014-04-04,1.064638258814283,0.058
2014-04-05,1.1592464047176283,0.063
2014-04-06,1.0719931430304481,0.06
2014-04-07,1.1453280137989985,0.066
2014-04-08,1.0680666145590318,0.054
2014-04-09,1.05970592135822,0.046
2014-04-10,1.0573981656761071,0.04
2014-04-11,1.0556491408378286,0.037
2014-04-12,1.0539587078643227,0.034
2014-04-13,1.0522755560611152,0.029
2014-04-14,1.0505904566195223,0.026
2014-04-15,1.0488992007070728,0.025
2014-04-16,1.0471989885233917,0.026
2014-04-17,1.0454879012534408,0.024
2014-04-18,1.0437646931753322,0.022
2014-04-19,1.042028645093804,0.022
2014-04-20,1.0402794491390916,0.023
2014-04-21,1.0385171170443799,0.022
2014-04-22,1.0967831425978256,0.032
2014-04-23,1.5855223661561972,0.035
2014-04-24,1.0814741781702797,0.026
2014-04-25,2.2102679129890306,0.185
2014-04-26,1.436401548798429,0.095
2014-04-27,1.6134879528445325,0.129
2014-04-28,1.0822617736494362,0.119
2014-04-29,1.0329356731130261,0.07
2014-04-30,2.235631559801518,0.136
2014-05-01,1.4695905314445488,0.47
2014-05-02,1.0813444160692016,0.124
2014-05-03,1.0446451814577467,0.082
2014-05-04,1.0331257017836522,0.066
2014-05-05,1.297500382476989,0.067
2014-05-06,1.057646151925806,0.055
2014-05-07,1.1227926486475552,0.052
2014-05-08,1.0938710849781828,0.049
2014-05-09,1.6813864887479542,0.076
2014-05-10,1.3048098334080511,0.179
2014-05-11,1.3014761929283885,0.201
2014-05-12,1.0635523159373848,0.097
2014-05-13,1.1811688032782188,0.079
2014-05-14,1.04384505749247,0.056
2014-05-15,1.024429265460205,0.047
2014-05-16,1.0171662993904567,0.041
2014-05-17,1.0118329878071557,0.037
2014-05-18,1.0073373894104545,0.034
2014-05-19,1.0034467293145442,0.03
2014-05-20,1.0000328877000864,0.028
2014-05-21,1.7569236873500422,0.041
2014-05-22,1.4189529085684034,0.154
2014-05-23,1.1714365793190011,0.057
2014-05-24,1.9550304185147132,0.189
2014-05-25,1.0849865729675316,0.113
2014-05-26,1.005372036660293,0.061
2014-05-27,0.9992228789469028,0.047
2014-05-28,1.5720219852227344,0.104
2014-05-29,1.0510152552134049,0.08
2014-05-30,0.9987143689176163,0.054
2014-05-31,0.9899494829229238,0.043
2014-06-01,0.9857949519527048,0.038
2014-06-02,1.2389516389567872,0.036
2014-06-03,1.0034352865597993,0.035
2014-06-04,1.1816353680177059,0.046
2014-06-05,0.9939274727329113,0.031
2014-06-06,0.9750292947994091,0.026
2014-06-07,2.1457836709922744,0.268
2014-06-08,1.4946736687277347,0.085
2014-06-09,1.024808513873489,0.055
2014-06-10,0.9703432684794946,0.043
2014-06-11,0.9636473949761593,0.032
2014-06-12,0.9614904989351426,0.028
2014-06-13,1.0729762021744067,0.03
2014-06-14,0.9775195317283932,0.025
2014-06-15,0.9654769153965612,0.024
2014-06-16,0.9617502153332816,0.022
2014-06-17,0.9589320234035319,0.021
2014-06-18,0.9565081215704934,0.02
2014-06-19,0.9543125195995666,0.02
2014-06-20,0.9522922344558888,0.019
2014-06-21,0.950412195944793,0.018
2014-06-22,0.9486450821132238,0.017
2014-06-23,0.9469691688973316,0.015
2014-06-24,0.9453671530274422,0.015
2014-06-25,0.9438252597732778,0.014
2014-06-26,0.9423325337179316,0.013
2014-06-27,0.9408802718797348,0.013
2014-06-28,0.9394615703399625,0.014
2014-06-29,0.9380709616390759,0.016
2014-06-30,0.9367041247822687,0.012
2014-07-01,0.9353576533297652,0.012
2014-07-02,0.9340288699525413,0.012
2014-07-03,0.9327156781580913,0.012
2014-07-04,2.1060022385750305,0.116
2014-07-05,2.016653212318601,0.045
2014-07-06,1.024399204778074,0.02
2014-07-07,1.1660340688789124,0.016
2014-07-08,0.9472831715965876,0.021
2014-07-09,0.9269753292029738,0.014
2014-07-10,0.9240307686068024,0.013
2014-07-11,0.9226517322449207,0.013
2014-07-12,1.0453138105359907,0.021
2014-07-13,0.9310864050024399,0.033
2014-07-14,0.9199950207689558,0.014
2014-07-15,0.9179201141725484,0.011
2014-07-16,0.9166616909037559,0.018
2014-07-17,0.9154854712960798,0.011
2014-07-18,0.9143251123595827,0.01
2014-07-19,1.0650700030740945,0.017
2014-07-20,0.9253613688675442,0.012
2014-07-21,0.9120982965112004,0.01
2014-07-22,0.9098878434004237,0.009
2014-07-23,0.9086766532549216,0.009
2014-07-24,0.9075645040397978,0.009
2014-07-25,0.9064700635455533,0.008
2014-07-26,1.0528006735476587,0.021
2014-07-27,0.9172463464119179,0.01
2014-07-28,0.9044082365594458,0.008
2014-07-29,0.9022973052651726,0.007
2014-07-30,0.9011567349385045,0.007
2014-07-31,0.9001128355653096,0.007
2014-08-01,1.8604185210160962,0.039
2014-08-02,1.4441565863550814,0.049
2014-08-03,0.9451517069891372,0.016
2014-08-04,0.9003915725897897,0.009
2014-08-05,2.0423072145505845,0.032
2014-08-06,1.2963204491047269,0.049
2014-08-07,0.9286370267661584,0.015
2014-08-08,1.3084975073939935,0.025
2014-08-09,0.9277763456762153,0.014
2014-08-10,1.1695929548246726,0.021
2014-08-11,0.913890413165663,0.012
2014-08-12,0.8906596396009927,0.012
2014-08-13,0.8877507101794894,0.012
2014-08-14,1.0849428289528227,0.031
2014-08-15,0.9031652733149668,0.012
2014-08-16,0.8864507297036919,0.012
2014-08-17,0.8841619929427941,0.012
2014-08-18,0.8831749820837752,0.011
2014-08-19,0.8823144109298601,0.01
2014-08-20,0.8814740005494835,0.009
2014-08-21,0.8806440740500181,0.015
2014-08-22,0.8798237117423551,0.009
2014-08-23,1.133067865810096,0.018
2014-08-24,0.9005029011728524,0.009
2014-08-25,0.8794201550521885,0.009
2014-08-26,0.8768171379650955,0.008
2014-08-27,0.8758788022453468,0.008
2014-08-28,0.8750993250235888,0.01
2014-08-29,0.9482739054728252,0.014
2014-08-30,0.8800830157278566,0.008
2014-08-31,1.099043661148993,0.015
2014-09-01,0.8919779910367783,0.01
2014-09-02,0.8731923541963579,0.008
2014-09-03,0.8708609747645256,0.008
2014-09-04,0.8700123450987914,0.007
2014-09-05,1.4134853818771458,0.023
2014-09-06,0.9163678837923268,0.017
2014-09-07,0.8722297310242897,0.009
2014-09-08,0.867663403911022,0.008
2014-09-09,0.8666514425918115,0.006
2014-09-10,0.8659684537227902,0.006
2014-09-11,0.8653228102671064,0.006
2014-09-12,0.8646880031158022,0.005
2014-09-13,0.8640615614836987,0.005
2014-09-14,0.8634431962157879,0.006
2014-09-15,0.8628328159023915,0.014
2014-09-16,0.8622303467719344,0.008
2014-09-17,0.8616357163729816,0.007
2014-09-18,0.8610488521296757,0.008
2014-09-19,0.8604696812466089,0.008
2014-09-20,0.8598981307349095,0.009
2014-09-21,0.8593341274480315,0.006
2014-09-22,0.858777598117158,0.006
2014-09-23,1.2236286752569667,0.013
2014-09-24,0.8897481258162454,0.009
2014-09-25,0.8600302811601457,0.006
2014-09-26,0.8568851432689792,0.006
2014-09-27,0.8561281111317816,0.005
2014-09-28,0.8555934093289839,0.006
2014-09-29,0.8550851932106748,0.005
2014-09-30,0.8545856368194895,0.004
2014-10-01,0.8540930556374015,0.003
2014-10-02,0.8536072305064333,0.003
2014-10-03,1.0261946966183473,0.006
2014-10-04,0.8678409715016152,0.012
2014-10-05,1.1260906046508792,0.006
2014-10-06,1.5244584178304112,0.038
2014-10-07,0.910353020615135,0.007
2014-10-08,1.1152304661179682,0.018
2014-10-09,0.8736030829861664,0.009
2014-10-10,0.8520390339177651,0.006
2014-10-11,0.8497148646555512,0.005
2014-10-12,0.8491210191116538,0.006
2014-10-13,0.8486890593929383,0.006
2014-10-14,0.8482771290419724,0.006
2014-10-15,1.2083437490044904,0.009
2014-10-16,1.1398784448966726,0.019
2014-10-17,0.8873630345572204,0.01
2014-10-18,0.8502811029147902,0.008
2014-10-19,0.8466341508947638,0.007
2014-10-20,0.8871853782839472,0.008
2014-10-21,0.8491821294337973,0.011
2014-10-22,0.8455215534055768,0.009
2014-10-23,0.844865431159486,0.009
2014-10-24,0.8444833370352147,0.008
2014-10-25,0.8441307027834045,0.007
2014-10-26,0.8437853621144636,0.008
2014-10-27,0.8434452472729137,0.01
2014-10-28,1.7875273836335286,0.035
2014-10-29,1.2164429980054494,0.012
2014-10-30,0.8754089087379217,0.014
2014-10-31,0.8450974088362017,0.008
2014-11-01,0.8420862434476053,0.007
2014-11-02,0.841531064009764,0.007
2014-11-03,0.8412022854049548,0.007
2014-11-04,1.6420453957193937,0.031
2014-11-05,0.9108957307172507,0.02
2014-11-06,1.044215932619193,0.019
2014-11-07,1.2527878613883143,0.032
2014-11-08,0.8759883470776563,0.016
2014-11-09,0.8427091308896881,0.011
2014-11-10,0.8394718770299591,0.01
2014-11-11,0.8389320398728436,0.01
2014-11-12,0.8386398506411342,0.013
2014-11-13,0.8983029965404633,0.009
2014-11-14,2.0179578723954945,0.174
2014-11-15,1.2243842900714035,0.055
2014-11-16,2.0674371977280632,0.119
2014-11-17,1.0963264586643782,0.129
2014-11-18,0.8682666837147154,0.065
2014-11-19,1.3693621356288677,0.13
2014-11-20,0.8931203164668489,0.088
2014-11-21,1.46690581912894,0.093
2014-11-22,0.9027680695326435,0.117
2014-11-23,0.8512089060810825,0.062
2014-11-24,0.8446295102670107,0.042
2014-11-25,1.4357010567332391,0.041
2014-11-26,1.2776587606878753,0.125
2014-11-27,0.9684268177013259,0.112
2014-11-28,0.9247522176261356,0.074
2014-11-29,0.8523469119650643,0.063
2014-11-30,0.8445249469249546,0.048
2014-12-01,0.999456167565769,0.042
2014-12-02,0.8560076247376239,0.033
2014-12-03,0.8425410967485746,0.029
2014-12-04,0.8875632944116414,0.029
2014-12-05,0.8439289296267711,0.025
2014-12-06,0.8794792814726453,0.024
2014-12-07,0.85414669045538,0.025
2014-12-08,0.8398310858946956,0.021
2014-12-09,0.9100346696968413,0.023
2014-12-10,1.7775476407167898,0.063
2014-12-11,0.9383004783675252,0.143
2014-12-12,0.8509780850106194,0.068
2014-12-13,0.8428751474183273,0.046
2014-12-14,0.9077608550443325,0.041
2014-12-15,0.8486998869323139,0.035
2014-12-16,1.5358044828015969,0.088
2014-12-17,0.9217678361967147,0.101
2014-12-18,0.8637221714273033,0.072
2014-12-19,0.8539201147745897,0.05
2014-12-20,0.8490547941950918,0.039
2014-12-21,0.9625824086809698,0.038
2014-12-22,1.3050114912375483,0.047
2014-12-23,1.543181133544725,0.096
2014-12-24,0.9416062041478291,0.085
2014-12-25,0.8790522959984458,0.055
2014-12-26,0.867823181582878,0.049
2014-12-27,1.3713925650733614,0.084
2014-12-28,0.9226245578113514,0.093
2014-12-29,0.8769580122273948,0.065
2014-12-30,0.8691731861280089,0.055
2014-12-31,0.8620500479511901,0.05
2015-01-01,0.9653050922701822,0.049
2015-01-02,0.8726334126766961,0.044
2015-01-03,0.8597358916453479,0.038
2015-01-04,0.8553426095444293,0.033
2015-01-05,0.8535292505297216,0.033
2015-01-06,0.8516061796469836,0.03
2015-01-07,0.8501887706680861,0.03
2015-01-08,0.8484962500616843,0.025
2015-01-09,1.11132492901804,0.03
2015-01-10,0.9049246565148761,0.031
2015-01-11,0.9996905279705038,0.029
2015-01-12,0.9395674985102724,0.035
2015-01-13,0.8673417146070329,0.032
2015-01-14,1.421448741201531,0.051
2015-01-15,1.0713698153324769,0.076
2015-01-16,0.8941262621041571,0.056
2015-01-17,0.8741115740012967,0.044
2015-01-18,1.4114629180520353,0.047
2015-01-19,1.502807990966205,0.108
2015-01-20,0.9640779376619847,0.092
2015-01-21,0.907551262654509,0.068
2015-01-22,0.8896184945499079,0.057
2015-01-23,0.8824593303286126,0.051
2015-01-24,0.8766706098816862,0.04
2015-01-25,0.8739260039954942,0.039
2015-01-26,0.8678272686325126,0.034
2015-01-27,1.2725780856459987,0.035
2015-01-28,1.015541641081861,0.063
2015-01-29,0.896729248046123,0.049
2015-01-30,1.3298067666233655,0.043
2015-01-31,1.090921264787005,0.052
2015-02-01,0.9200890097433811,0.047
2015-02-02,0.8968785041607807,0.038
2015-02-03,0.8913850473062683,0.03
2015-02-04,0.9169759541316945,0.027
2015-02-05,1.0079437109004679,0.029
2015-02-06,0.8980538712259886,0.031
2015-02-07,0.8842025443313184,0.03
2015-02-08,0.8793734575136759,0.03
2015-02-09,0.8755087721311833,0.028
2015-02-10,0.8728750030159642,0.027
2015-02-11,0.8709046505277986,0.026
2015-02-12,0.8695013961377059,0.025
2015-02-13,0.8683379688617185,0.026
2015-02-14,0.8673665377769688,0.02
2015-02-15,0.9588217787986266,0.02
2015-02-16,0.8751109965069154,0.021
2015-02-17,0.8673742103192609,0.016
2015-02-18,0.8662459089572287,0.018
2015-02-19,0.8658792119882471,0.019
2015-02-20,0.8656521588066941,0.02
2015-02-24,0.8713854422516079,0.018
2015-02-25,0.9742499173185216,0.017
2015-02-26,0.8758532666363688,0.024
2015-02-27,0.8665504064160952,0.019
2015-02-28,0.8656625258293964,0.023
2015-03-01,0.8653715169446459,0.019
2015-03-02,0.8652338573833273,0.015
2015-03-03,0.8651155853825355,0.014
2015-03-04,0.8650010250826896,0.012
2015-03-05,0.8648860429053029,0.012
2015-03-06,0.8647681958350131,0.013
2015-03-07,0.8646457052960075,0.014
2015-03-08,0.8645172587746691,0.012
2015-03-09,0.8643819077330667,0.013
2015-03-10,0.8642389911608672,0.01
2015-03-11,0.8640880749683597,0.011
2015-03-12,2.038514698451344,0.057
2015-03-13,1.3232032268107272,0.11
2015-03-14,0.9041140613539345,0.048
2015-03-15,0.8676146144697948,0.036
2015-03-16,0.8652257312585061,0.032
2015-03-17,0.8632588887140487,0.026
2015-03-18,0.8628274202190152,0.023
2015-03-19,0.862588950487866,0.022
2015-03-20,0.8623787488529238,0.021
2015-03-21,0.8621345919553657,0.018
2015-03-22,0.8618964054728784,0.019
2015-03-23,0.8616536470211414,0.018
2015-03-24,0.8614050384564679,0.017
2015-03-25,1.1603487613554606,0.017
2015-03-26,0.8871436876068907,0.02
2015-03-27,1.0526280956994651,0.017
2015-03-28,1.0276289850502953,0.031
2015-03-29,1.0233257280295223,0.029
2015-03-30,1.3526048270414164,0.042
2015-03-31,1.013866173685907,0.041
2015-04-01,0.8840222358787289,0.03
2015-04-02,0.9075587082013867,0.026
2015-04-03,0.9814783239220181,0.038
2015-04-04,0.88055300263226,0.028
2015-04-05,0.8693826848569317,0.025
2015-04-06,0.8664963933352272,0.022
2015-04-07,0.8646919864952578,0.021
2015-04-08,0.863253522812268,0.019
2015-04-09,0.8620616825209079,0.018
2015-04-10,0.8610620492587288,0.018
2015-04-11,0.860214864269953,0.015
2015-04-12,1.658507619458964,0.046
2015-04-13,0.9289686696765618,0.018
2015-04-14,0.8645981984031657,0.017
2015-04-15,0.8583797347510046,0.016
2015-04-16,0.8574152791795696,0.014
2015-04-17,0.8569588900575872,0.013
2015-04-18,0.8565744235319951,0.013
2015-04-19,0.8562166692850762,0.013
2015-04-20,0.8558770345820639,0.012
2015-04-21,0.855551185778061,0.012
2015-04-22,0.8552359227877083,0.012
2015-04-23,0.8549287446289896,0.013
2015-04-24,0.854627689493058,0.013
2015-04-25,0.8543312238762539,0.013
2015-04-26,0.8540381554714257,0.011
2015-04-27,0.8537475636589298,0.011
2015-04-28,0.9184287376351824,0.017
2015-04-29,0.8588718519901178,0.012
2015-04-30,0.853396177495882,0.011
2015-05-01,0.8526445412737673,0.01
2015-05-02,1.2743975337568,0.013
2015-05-03,1.0487985602371228,0.061
2015-05-04,1.9363819606336201,0.041
2015-05-05,0.9466634421745291,0.1
2015-05-06,0.9925709727979077,0.052
2015-05-07,0.8633156543813294,0.03
2015-05-08,1.9718891439874122,0.079
2015-05-09,0.9487040821954007,0.085
2015-05-10,0.8588630710989906,0.042
2015-05-11,0.85054527846741,0.033
2015-05-12,0.8495346267113398,0.024
2015-05-13,0.8491851155332089,0.019
2015-05-14,0.8488960376828794,0.018
2015-05-15,0.848612989825061,0.017
2015-05-16,0.8483311030706965,0.015
2015-05-17,0.8480500042329807,0.015
2015-05-18,0.8477697272077103,0.017
2015-05-19,0.9151487485720327,0.022
2015-05-20,0.8531484964559517,0.012
2015-05-21,0.8474674520099584,0.011
2015-05-22,0.8467064439202752,0.011
2015-05-23,0.8463874694677649,0.013
2015-05-24,0.8461095837432006,0.012
2015-05-25,0.8458365965793264,0.01
2015-05-26,0.8455652776552834,0.009
2015-05-27,0.916986410421999,0.016
2015-05-28,0.8513173518875405,0.01
2015-05-29,0.9356105662137331,0.026
2015-05-30,1.3415348875369308,0.022
2015-05-31,0.8878589752960695,0.021
2015-06-01,1.0405552191009804,0.023
2015-06-02,0.8609679299125204,0.011
2015-06-03,0.8449989883190291,0.007
2015-06-04,0.843332381988647,0.007
2015-06-05,0.8429495891076723,0.007
2015-06-06,0.8426845395740659,0.006
2015-06-07,0.8424318426207754,0.006
2015-06-08,0.8421819660845343,0.013
2015-06-09,0.8419340681010864,0.006
2015-06-10,0.8416880940533492,0.006
2015-06-11,0.8414440592582044,0.005
2015-06-12,0.8412019838819699,0.005
2015-06-13,1.0876238286280806,0.009
2015-06-14,0.8623667449643844,0.012
2015-06-15,0.8424305894596805,0.006
2015-06-16,0.8404294130350418,0.005
2015-06-17,0.8400375607854518,0.005
2015-06-18,0.8397930962097462,0.004
2015-06-19,0.8395638753062238,0.005
2015-06-20,0.8393379235504943,0.005
2015-06-21,0.8391141613345172,0.005
2015-06-22,1.004453963636597,0.015
2015-06-23,0.8531998541510165,0.005
2015-06-24,0.8397595409212395,0.006
2015-06-25,0.8388061400314176,0.009
2015-06-26,0.8380768436665518,0.008
2015-06-27,0.8378201730397069,0.007
2015-06-28,0.8376070335548548,0.006
2015-06-29,0.8373997255159712,0.004
2015-06-30,0.8371948623401498,0.003
2015-07-01,1.7178956367211107,0.01
2015-07-02,0.9140849886846286,0.011
2015-07-03,2.0181174381018363,0.055
2015-07-04,0.9866845291095264,0.029
2015-07-05,1.4755520482213267,0.107
2015-07-06,0.8921424337320731,0.017
2015-07-07,0.8408599112064251,0.009
2015-07-08,0.8479616051518635,0.02
2015-07-09,0.83652896575919,0.007
2015-07-10,0.8353590799171021,0.009
2015-07-11,0.8350886991467172,0.012
2015-07-12,0.8349008384805263,0.008
2015-07-13,0.8347222912398007,0.012
2015-07-14,0.8345464299937868,0.006
2015-07-15,0.8343726446735394,0.005
2015-07-16,0.8342008704756622,0.004
2015-07-17,0.8340310917372862,0.006
2015-07-18,0.9140676339536881,0.008
2015-07-19,0.8407348761059947,0.012
2015-07-20,0.8341653612356467,0.007
2015-07-21,0.8334288546802502,0.004
2015-07-22,0.8332169069564062,0.004
2015-07-23,0.8330541397496721,0.003
2015-07-24,0.8328975688273536,0.003
2015-07-25,0.832743284291654,0.003
2015-07-26,2.0071767138040886,0.083
2015-07-27,2.110088378154536,0.07
2015-07-28,2.1387035430917813,0.139
2015-07-29,2.1449856709530803,0.097
2015-07-30,1.3569535173136107,0.054
2015-07-31,0.8882598684264578,0.028
2015-08-01,0.8450035069540005,0.02
2015-08-02,0.839517412614674,0.017
2015-08-03,0.8377329591645242,0.012
2015-08-04,0.8365303952615727,0.01
2015-08-05,0.8355778263970373,0.009
2015-08-06,0.8348054409633507,0.007
2015-08-07,0.834175153755004,0.007
2015-08-08,0.833658123707252,0.006
2015-08-09,0.8332314397155786,0.006
2015-08-10,0.8328768011124098,0.008
2015-08-11,0.8325795830001765,0.005
2015-08-12,0.8323280995150141,0.005
2015-08-13,2.0066988102739067,0.024
2015-08-14,1.6021905408280674,0.129
2015-08-15,0.8995581630089011,0.024
2015-08-16,0.8377112262979431,0.013
2015-08-17,0.8320397614150506,0.009
2015-08-18,1.6619151344145784,0.054
2015-08-19,1.092099368695941,0.038
2015-08-20,0.8541912240684006,0.022
2015-08-21,1.1662709353319733,0.016
2015-08-22,2.034970615542729,0.058
2015-08-23,1.3720628630526868,0.059
2015-08-24,0.882382720848879,0.032
2015-08-25,0.8384746504469853,0.018
2015-08-26,0.8338692543052735,0.013
2015-08-27,0.8329151650861772,0.009
2015-08-28,0.8323887378304637,0.008
2015-08-29,0.8319787144583864,0.007
2015-08-30,0.8316411576646862,0.006
2015-08-31,0.8313595271412549,0.006
2015-09-01,0.8311222910968548,0.005
2015-09-02,0.8309203892282686,0.005
2015-09-03,0.8307465986389476,0.005
2015-09-04,0.830595153308798,0.006
2015-09-05,0.8304614511898003,0.004
2015-09-06,0.8303418209385066,0.004
2015-09-07,0.8302333354074553,0.004
2015-09-08,0.8301336624571384,0.004
2015-09-09,0.8300409456163075,0.004
2015-09-10,0.8299537086199792,0.004
2015-09-11,0.8298707790492819,0.004
2015-09-12,1.067491790360923,0.027
2015-09-13,0.850570974089691,0.005
2015-09-14,1.185038152989095,0.007
2015-09-15,0.9485767304455651,0.047
2015-09-16,0.8399999813367881,0.01
2015-09-17,0.8303682605993025,0.006
2015-09-18,0.8294384638794645,0.005
2015-09-19,0.829290957891198,0.004
2015-09-20,0.8292146444693577,0.004
2015-09-21,1.0012035696251858,0.016
2015-09-22,0.8441734246139421,0.009
2015-09-23,0.830363298584774,0.006
2015-09-24,0.8290624621072463,0.006
2015-09-25,0.8288829547136565,0.004
2015-09-26,0.8288049827852183,0.003
2015-09-27,0.82873635512226,0.003
2015-09-28,0.828668711159143,0.003
2015-09-29,0.8286012953420957,0.003
2015-09-30,0.8285340454212967,0.003
2015-10-01,0.8284669643239231,0.003
2015-10-02,0.8284000625193549,0.003
2015-10-03,0.8283333523117332,0.004
2015-10-04,0.8282668469476479,0.003
2015-10-05,1.8132800852051838,0.026
2015-10-06,1.876348678301494,0.05
2015-10-07,1.2067578329000754,0.087
2015-10-08,0.8614228275324147,0.029
2015-10-09,0.8309439395215331,0.016
2015-10-10,0.8281450435558045,0.012
2015-10-11,0.8278329115299643,0.01
2015-10-12,1.2091647676836559,0.018
2015-10-13,0.8611469949778696,0.01
2015-10-14,0.8306204739297852,0.008
2015-10-15,0.8278245818327996,0.007
2015-10-16,0.8275144444982585,0.007
2015-10-17,0.8274294161323165,0.007
2015-10-18,0.8273651518403836,0.006
2015-10-19,0.8273031299552841,0.006
2015-10-20,1.6711794918660476,0.031
2015-10-21,0.9012306265648314,0.024
2015-10-22,0.8337675171498617,0.012
2015-10-23,0.8276612638220225,0.009
2015-10-24,0.8270546599300302,0.008
2015-10-25,0.8269457503310698,0.006
2015-10-26,0.8268823825686392,0.007
2015-10-27,0.8268235601005421,0.007
2015-10-28,1.694899102670419,0.048
2015-10-29,1.6456673155915824,0.028
2015-10-30,1.2638398653063958,0.109
2015-10-31,0.8651056626738369,0.06
2015-11-01,0.8300002358203685,0.035
2015-11-02,0.8267961364713627,0.027
2015-11-03,0.8360895845491405,0.022
2015-11-04,0.8272208953303668,0.02
2015-11-05,0.8263950057315557,0.019
2015-11-06,1.1957049441583074,0.024
2015-11-07,1.8926590374909207,0.274
2015-11-08,1.4127253725329212,0.165
2015-11-09,0.8825202158888522,0.088
2015-11-10,1.3829031209872977,0.078
2015-11-11,1.336435991425979,0.176
2015-11-12,1.7432221475508856,0.169
2015-11-13,1.0245068529895098,0.192
2015-11-14,2.2133179389022093,0.59
2015-11-15,1.9986716603562804,0.553
2015-11-16,1.0028115449701271,0.141
2015-11-17,1.6657692943467484,0.172
2015-11-18,1.7928798509213415,0.36
2015-11-19,1.0209129097425362,0.141
2015-11-20,1.678508576879556,0.163
2015-11-21,1.0831731219971286,0.143
2015-11-22,1.1533611905662216,0.107
2015-11-23,1.4511446820405822,0.126
2015-11-24,0.9976172466596147,0.102
2015-11-25,0.9385676537821341,0.074
2015-11-26,0.9182508343587857,0.063
2015-11-27,1.2799823245739714,0.068
2015-11-28,1.2760600144851293,0.072
2015-11-29,1.39131421385827,0.139
2015-11-30,2.2575344825208497,0.237
2015-12-01,1.311218086423877,0.404
2015-12-02,1.0334288532105576,0.141
2015-12-03,2.441463907818244,0.613
2015-12-04,1.6249748385487544,0.275
2015-12-05,1.2259121647651412,0.204
2015-12-06,1.0806383259998578,0.129
2015-12-07,1.089192506677133,0.111
2015-12-08,1.01258469937667,0.1
2015-12-09,1.2823697323513283,0.095
2015-12-10,1.254861335048897,0.129
2015-12-11,1.0182021575005036,0.11
2015-12-12,2.4956298544919284,0.657
2015-12-13,2.064775829573075,0.331
2015-12-14,1.1878821949524692,0.208
2015-12-15,1.1051292930873955,0.146
2015-12-16,1.050451834950202,0.122
2015-12-17,1.0217635219905299,0.1
2015-12-18,1.0012881317716942,0.083
2015-12-19,2.6007253437847755,0.539
2015-12-20,2.127585227114643,0.384
2015-12-21,1.703602390639233,0.173
2015-12-22,1.5131074205991366,0.189
2015-12-23,1.1874780447490931,0.131
2015-12-24,1.1638205668760961,0.116
2015-12-25,2.9876386732111224,1.11
2015-12-26,3.119086455257049,1.43
2015-12-27,2.805860221027416,0.33
2015-12-28,1.6235445267041366,0.188
2015-12-29,1.3321474280295802,0.142
2015-12-30,1.5463813814151581,0.216
2015-12-31,1.3568147242346933,0.136
2016-01-01,2.2444345786895568,0.193
2016-01-02,2.4840358316724385,0.563
2016-01-03,2.893607830026246,0.918
2016-01-04,4.083942609283197,2.67
2016-01-05,4.799509791781282,3.29
2016-01-06,4.159737677600106,1.49
2016-01-07,3.7387022892713295,0.81
2016-01-08,3.6559622869452593,0.51
2016-01-09,3.686247156227664,0.825
2016-01-10,3.327639309498187,0.416
2016-01-11,3.0328365132257966,0.244
2016-01-12,2.27430657388699,0.24
2016-01-13,2.586490628386161,0.22
2016-01-14,2.2463721341259264,0.423
2016-01-15,1.7415590259943887,0.172
2016-01-16,1.6213467715815544,0.137
2016-01-17,1.616267832235474,0.12
2016-01-18,1.5708140692898218,0.116
2016-01-19,1.4801589783610958,0.126
2016-01-20,1.4395463792598993,0.112
2016-01-21,1.6491422553245765,0.117
2016-01-22,1.5227110180563586,0.117
2016-01-23,1.7946464274937952,0.117
2016-01-24,1.485995893073003,0.117
2016-01-25,1.4390530223834985,0.1
2016-01-26,1.9637573072776482,0.121
2016-01-27,1.5813228595432676,0.147
2016-01-28,1.4867791015898935,0.097
2016-01-29,1.4607383704110843,0.086
2016-01-30,1.4410404577533713,0.069
2016-01-31,1.8743052331262102,0.082
2016-02-01,1.5145403168282399,0.076
2016-02-02,1.4560047431896217,0.06
2016-02-03,1.660132603472134,0.052
2016-02-04,1.4774150225783278,0.051
2016-02-05,1.4544575707481675,0.052
2016-02-06,1.5693976865344201,0.054
2016-02-07,1.462244330411498,0.048
2016-02-08,1.4475624026536886,0.042
2016-02-09,1.4355461798173732,0.036
2016-02-10,1.4279203329086336,0.031
2016-02-11,1.4257211832977477,0.03
2016-02-12,1.9025365017079847,0.031
2016-02-13,2.4160642538280874,0.245
2016-02-14,1.6972746212474408,0.104
2016-02-15,1.5568665547486567,0.072
2016-02-16,1.52882747471937,0.065
2016-02-17,1.6938787190139346,0.065
2016-02-18,1.524987776496598,0.055
2016-02-19,1.4979065620916385,0.053
2016-02-20,1.4820676440279186,0.046
2016-02-21,1.4672281437237384,0.042
2016-02-22,1.4564761088366085,0.036
2016-02-23,1.4486339050711248,0.031
2016-02-24,1.4422529760359803,0.031
2016-02-25,1.4369349271766985,0.03
2016-02-26,1.4324264342682362,0.029
2016-02-27,1.4293053669103226,0.025
2016-02-28,1.425639569952251,0.023
2016-02-29,1.8380087750370646,0.036
2016-03-01,1.4642380656077203,0.037
2016-03-02,1.4851963602722773,0.031
2016-03-03,1.8782051094206367,0.033
2016-03-04,1.5535198664439986,0.082
2016-03-05,1.5387918336830504,0.073
2016-03-06,1.4517735604357265,0.059
2016-03-07,1.4360786073523037,0.044
2016-03-08,1.4745761685262448,0.042
2016-03-09,2.09766534449721,0.082
2016-03-10,1.497357419555613,0.097
2016-03-11,1.4348315246726426,0.069
2016-03-12,1.420690914599461,0.055
2016-03-13,1.4121562005540274,0.046
2016-03-14,1.405723288629959,0.042
2016-03-15,1.4000333732079306,0.038
2016-03-16,1.3928036448158625,0.036
2016-03-17,1.3874787646019238,0.033
2016-03-18,1.3823592532200166,0.031
2016-03-19,1.3776254727090171,0.029
2016-03-20,1.3731236581097435,0.028
2016-03-21,1.3687735722794945,0.026
2016-03-22,1.3645304077253588,0.025
2016-03-23,1.360360807809123,0.024
2016-03-24,1.356239017709204,0.024
2016-03-25,1.352145198563846,0.021
2016-03-26,1.387270236683833,0.027
2016-03-27,1.400184811392989,0.024
2016-03-28,1.344836168455423,0.022
2016-03-29,1.3362417374161237,0.018
2016-03-30,1.3317211587395423,0.014
2016-03-31,1.3275472587567978,0.013
2016-04-01,1.323384672920995,0.014
2016-04-02,1.4465660626408305,0.018
2016-04-03,1.3757968056590901,0.019
2016-04-04,1.3626155653500882,0.019
2016-04-05,1.3110835147230209,0.017
2016-04-06,1.3026644588454295,0.015
2016-04-07,1.306854198836906,0.015
2016-04-08,1.5521951936277265,0.02
2016-04-09,1.3856256055531768,0.022
2016-04-10,1.2935052988860722,0.016
2016-04-11,1.5676343596495395,0.025
2016-04-12,2.4022866357138377,0.127
2016-04-13,1.3751458744701213,0.116
2016-04-14,1.2768691143888433,0.068
2016-04-15,2.0657358765375884,0.164
2016-04-16,1.349104504952782,0.093
2016-04-17,1.2739179126878786,0.06
2016-04-18,1.2612325557779935,0.043
2016-04-19,1.2542548332228423,0.034
2016-04-20,1.2483266597064526,0.029
2016-04-21,1.2427670670586828,0.025
2016-04-22,1.237483530629497,0.024
2016-04-23,1.232390243317659,0.022
2016-04-24,1.227475759571105,0.022
2016-04-25,1.2227003788702953,0.02
2016-04-26,1.8872295400419203,0.031
2016-04-27,1.5899325821140158,0.038
2016-04-28,1.7730457605684489,0.055
2016-04-29,1.307261920542473,0.086
2016-04-30,1.227096902437828,0.043
2016-05-01,1.2134611563048323,0.042
2016-05-02,1.204755633695516,0.036
2016-05-03,1.1965333526453155,0.027
2016-05-04,1.190620022028657,0.025
2016-05-05,1.185233448950694,0.023
2016-05-06,1.1801513946290572,0.022
2016-05-07,1.175306053085371,0.021
2016-05-08,1.1706533053803287,0.019
2016-05-09,1.166158905804856,0.017
2016-05-10,1.1617956761579809,0.016
2016-05-11,1.157542010250163,0.016
2016-05-12,1.1533807457510916,0.015
2016-05-13,1.1492982680716533,0.013
2016-05-14,1.1452837942509164,0.012
2016-05-15,1.1413288003309339,0.012
2016-05-16,1.137426563469512,0.011
2016-05-17,1.1335717958333265,0.012
2016-05-18,1.1297603519092727,0.012
2016-05-19,1.1259889945448485,0.011
2016-05-20,1.122255207966381,0.015
2016-05-21,1.118557048374292,0.01
2016-05-22,1.1148930245948891,0.009
2016-05-23,1.111262002772407,0.008
2016-05-24,1.1076631302884044,0.008
2016-05-25,2.2786815698833665,0.081
2016-05-26,1.7890505640415577,0.036
2016-05-27,1.1576733401341444,0.017
2016-05-28,1.099027150531435,0.013
2016-05-29,1.0906272640112908,0.011
2016-05-30,1.0867644657090407,0.01
2016-05-31,1.0833396049452693,0.009
2016-06-01,1.0799819470999348,0.009
2016-06-02,1.0766578798186504,0.008
2016-06-03,1.073364375832061,0.008
2016-06-04,1.070101191374417,0.007
2016-06-05,1.0668683383959912,0.007
2016-06-06,1.063665851850752,0.006
2016-06-07,1.0604937661248672,0.006
2016-06-08,1.0573521110428723,0.006
2016-06-09,1.054240910116248,0.006
2016-06-10,1.0511601793643315,0.006
2016-06-11,1.7986253707896291,0.024
2016-06-12,1.1109429302783882,0.035
2016-06-13,1.0480124525591057,0.019
2016-06-14,1.0396768070953797,0.011
2016-06-15,1.0362620419453856,0.008
2016-06-16,1.033319864260717,0.007
2016-06-17,1.0304481200028572,0.011
2016-06-18,1.0276102879417404,0.006
2016-06-19,1.1175532581222933,0.018
2016-06-20,1.030164077962735,0.008
2016-06-21,1.0200093334518405,0.005
2016-06-22,1.016627722520139,0.005
2016-06-23,1.0138803373101297,0.004
2016-06-24,1.4391231655718222,0.035
2016-06-25,1.671639065629557,0.102
2016-06-26,1.13705605495752,0.031
2016-06-27,1.0150420163706528,0.012
2016-06-28,1.2528471720683603,0.051
2016-06-29,1.7033392801830602,0.088
2016-06-30,1.6776937956874005,0.068
2016-07-01,1.1105157597497985,0.046
2016-07-02,1.0014103482440118,0.03
2016-07-03,0.9895534708273194,0.017
2016-07-04,1.689129596799798,0.066
2016-07-05,1.0455825882361596,0.035
2016-07-06,0.9871341374999828,0.019
2016-07-07,0.9939290648322939,0.019
2016-07-08,0.9783417534708115,0.016
2016-07-09,0.9749444736180384,0.012
2016-07-10,0.9726380877679498,0.012
2016-07-11,0.970454083705467,0.01
2016-07-12,0.9683055082437416,0.007
2016-07-13,0.9661843155782902,0.006
2016-07-14,0.9640895894675244,0.006
2016-07-15,0.9620210579567154,0.006
2016-07-16,0.9599785055366623,0.005
2016-07-17,0.9579617199411641,0.004
2016-07-18,0.9559704874672794,0.004
2016-07-19,0.9540045926964462,0.004
2016-07-20,0.9520638186101624,0.01
2016-07-21,0.9501479467365299,0.003
2016-07-22,0.9482567572947617,0.003
2016-07-23,0.9463900293348031,0.003
2016-07-24,0.9445475408719343,0.006
2016-07-25,0.9427290690164769,0.003
2016-07-26,1.7962979621513808,0.028
2016-07-27,1.0142157914705099,0.009
2016-07-28,1.4919172437418564,0.028
2016-07-29,0.9843631130325858,0.009
2016-07-30,0.9383589942490869,0.004
2016-07-31,0.9327053873503813,0.003
2016-08-01,0.9306892366436395,0.003
2016-08-02,1.0363347040371451,0.009
2016-08-03,0.9368227583140964,0.011
2016-08-04,1.1271719595547147,0.027
2016-08-05,0.9419166544313895,0.006
2016-08-06,0.9242851530608996,0.003
2016-08-07,0.9213156201040827,0.003
2016-08-08,0.919679241542846,0.004
2016-08-09,1.141320488700508,0.012
2016-08-10,1.6899471102651955,0.02
2016-08-11,0.9831571272608786,0.009
2016-08-12,0.9199422027086489,0.003
2016-08-13,0.9129934537973123,0.003
2016-08-14,0.9111066124536481,0.002
2016-08-15,0.909695063806484,0.001
2016-08-16,0.9083439623631845,0.001
2016-08-17,0.9070154908085212,0.001
2016-08-18,0.9057060196821789,0.001
2016-08-19,1.1152314516846566,0.01
2016-08-20,1.114981752175707,0.015
2016-08-21,0.9205125243886515,0.003
2016-08-22,0.9023237111866234,0.002
2016-08-23,0.899582640277098,0.001
2016-08-24,0.8982430124801525,0.001
2016-08-25,0.8970457471084772,0.008
2016-08-26,0.8958768081503218,0.002
2016-08-27,2.0693114622359907,0.052
2016-08-28,1.2563921734368837,0.066
2016-08-29,0.924515343371726,0.01
2016-08-30,0.8942540452129234,0.005
2016-08-31,0.890546149552601,0.003
2016-09-01,0.8892385880283453,0.003
2016-09-02,0.8881623992613568,0.002
2016-09-03,2.0617069556847945,0.054
2016-09-04,1.0221399894755587,0.03
2016-09-05,0.8972335134392116,0.009
2016-09-06,0.8851902457022774,0.005
2016-09-07,0.883213154513367,0.004
2016-09-08,0.8821574712327905,0.004
2016-09-09,0.8811982239585169,0.003
2016-09-10,0.8802604921333593,0.002
2016-09-11,0.879337311280172,0.001
2016-09-12,0.8784278853817201,0.001
2016-09-13,0.8775319800153683,0.008
2016-09-14,0.8766494132715836,0.002
2016-09-15,2.0503658043513755,0.039
2016-09-16,0.9779857514650049,0.032
2016-09-17,0.8833319013338469,0.008
2016-09-18,0.8740860802397323,0.005
2016-09-19,0.8725065034404863,0.003
2016-09-20,0.8716313142885107,0.002
2016-09-21,0.8708310368222987,0.002
2016-09-22,0.8700484408023428,0.002
2016-09-23,0.869278184173198,0.001
2016-09-24,1.2545310127370235,0.01
2016-09-25,0.9016425487628279,0.007
2016-09-26,0.8700774136653433,0.003
2016-09-27,0.866587481423361,0.002
2016-09-28,0.865623891632062,0.002
2016-09-29,0.8648986294645928,0.004
2016-09-30,0.8642047305308247,0.003
2016-10-01,0.8635232921796199,0.003
2016-10-02,0.8628524651850712,0.002
2016-10-03,0.8621919498006603,0.002
2016-10-04,0.8615415884637463,0.001
2016-10-05,0.86090123799894,0.001
2016-10-06,0.8602707580051208,0.001
2016-10-07,0.8596500097935741,0.001
2016-10-08,0.8590388562840933,0.002
2016-10-09,0.8584371619877971,0.001
2016-10-10,0.9411856124851351,0.005
2016-10-11,1.0393211037641907,0.008
2016-10-12,1.0908864079271476,0.015
2016-10-13,1.3914237717827802,0.027
2016-10-14,0.9025778534033454,0.018
2016-10-15,0.8592398422594975,0.008
2016-10-16,0.9588130712973942,0.012
2016-10-17,1.007046289522748,0.009
2016-10-18,0.8668779192669654,0.009
2016-10-19,0.9960457760325007,0.01
2016-10-20,0.8649680239276831,0.01
2016-10-21,0.9121803883280407,0.006
2016-10-22,1.0769346206866341,0.016
2016-10-23,2.0064756846864995,0.048
2016-10-24,0.9676854880110314,0.115
2016-10-25,0.8604846050126523,0.036
2016-10-26,0.850480191306138,0.02
2016-10-27,0.8491649946789395,0.013
2016-10-28,0.8486411399881891,0.01
2016-10-29,0.8481954434601999,0.008
2016-10-30,0.8477631633449664,0.008
2016-10-31,0.8655971383453153,0.007
2016-11-01,0.8485223982778771,0.007
2016-11-02,0.8466527697888044,0.006
2016-11-03,0.9113111910804875,0.009
2016-11-04,1.4145379581645952,0.015
2016-11-05,1.8321488238103807,0.039
2016-11-06,1.6619681344464714,0.114
2016-11-07,1.519677136675939,0.118
2016-11-08,1.0807670897445458,0.063
2016-11-09,0.9606798576371267,0.071
2016-11-10,0.9158068652673671,0.054
2016-11-11,2.049124550817963,0.168
2016-11-12,0.9618020197203941,0.188
2016-11-13,1.5184328161689555,0.235
2016-11-14,0.9162113142008746,0.129
2016-11-15,0.8608337472334686,0.078
2016-11-16,0.8538130208160489,0.058
2016-11-17,1.038379030041164,0.054
2016-11-18,0.8669888297972003,0.043
2016-11-19,0.850404235589137,0.033
2016-11-20,0.8476753869926299,0.028
2016-11-21,2.063497639474177,1.26
2016-11-22,2.1949594014181466,0.994
2016-11-23,2.1726895389878704,0.228
2016-11-24,1.9241346979867948,0.13
2016-11-25,0.9614017009948227,0.095
2016-11-26,0.8791281257575558,0.074
2016-11-27,0.860659686617802,0.063
2016-11-28,0.855987603183595,0.053
2016-11-29,0.8552676402660337,0.046
2016-11-30,0.8513940206454855,0.042
2016-12-01,0.8504187511786828,0.038
2016-12-02,1.0851714694029553,0.037
2016-12-03,0.8875514140687671,0.035
2016-12-04,0.8654838435861519,0.032
2016-12-05,0.8607956730905506,0.029
2016-12-06,1.1063487641607992,0.034
2016-12-07,0.9245128085508435,0.034
2016-12-08,1.4486841644393493,0.123
2016-12-09,0.9613377575237786,0.074
2016-12-10,0.9073069428474809,0.055
2016-12-11,0.8919586978074817,0.043
2016-12-12,1.1479869849179616,0.04
2016-12-13,1.1424364719154527,0.058
2016-12-14,0.9296062308851074,0.052
2016-12-15,1.0515418357532327,0.047
2016-12-16,0.9187345629825131,0.042
2016-12-17,0.9002455408656589,0.036
2016-12-18,0.8873278613765668,0.035
2016-12-19,0.8831396424565792,0.032
2016-12-20,0.907830124261878,0.032
2016-12-21,1.0268562569861124,0.033
2016-12-22,0.9008836027161443,0.028
2016-12-23,1.1604742075647776,0.042
2016-12-24,0.9274156851576785,0.037
2016-12-25,0.9418512607262489,0.032
2016-12-26,0.8953882176540202,0.024
2016-12-27,0.8864598224357525,0.021
2016-12-28,0.8813935105923693,0.021
2016-12-29,0.8796420101537356,0.02
2016-12-30,0.8745539939612988,0.02
2016-12-31,2.0850087165945688,0.091
2017-01-01,1.2742781240383527,0.113
2017-01-02,0.9772300802257357,0.069
2017-01-03,1.0294588909751552,0.055
2017-01-04,0.9379847651905798,0.042
2017-01-05,1.061246130825706,0.035
2017-01-06,1.2527843270348142,0.057
2017-01-07,0.966575129201318,0.048
2017-01-08,0.9307828344267687,0.044
2017-01-09,0.9385285935567511,0.045
2017-01-10,0.918730429113696,0.035
2017-01-11,0.9101274046429196,0.031
2017-01-12,1.223763119629446,0.029
2017-01-13,0.9461690723680738,0.026
2017-01-14,1.7080900008655298,0.035
2017-01-15,1.4443755357446244,0.132
2017-01-16,1.0247988923951372,0.114
2017-01-17,0.9650215906785771,0.075
2017-01-18,0.9463945224638044,0.057
2017-01-19,0.9343118140928219,0.047
2017-01-20,0.9251915890568105,0.04
2017-01-21,0.9194028621768927,0.036
2017-01-22,0.9122845495180988,0.031
2017-01-23,0.9078152299525928,0.027
2017-01-24,0.9049255683269503,0.025
2017-01-25,0.9023306621958505,0.023
2017-01-26,0.8998675879117246,0.022
2017-01-27,0.9107390603089464,0.021
2017-01-28,0.9571304964565543,0.023
2017-01-29,0.9088395850175661,0.019
2017-01-30,0.9027163399933569,0.017
2017-01-31,1.2184120516893717,0.02
2017-02-01,0.9371363321139992,0.025
2017-02-02,0.9095795327393195,0.024
2017-02-03,1.555100171440405,0.046
2017-02-04,0.9817989345018178,0.061
2017-02-05,0.9249242492753087,0.035
2017-02-06,1.629901276160593,0.054
2017-02-07,1.2822512858504505,0.132
2017-02-08,1.1086126372286553,0.115
2017-02-09,0.9832785344433138,0.086
2017-02-10,1.5427844634930699,0.089
2017-02-11,1.9129484969392865,0.584
2017-02-12,1.359432934729262,0.291
2017-02-13,1.063891886348164,0.152
2017-02-14,1.0151257694237754,0.103
2017-02-15,0.9928695505890826,0.08
2017-02-16,0.9767174778032951,0.064
2017-02-17,0.964085803163942,0.054
2017-02-18,0.9544011836941404,0.048
2017-02-19,0.9463613306761111,0.042
2017-02-20,0.9402284490565814,0.038
2017-02-21,0.9363339431224748,0.036
2017-02-22,1.8458805532436744,0.056
2017-02-23,1.7739768166049166,0.209
2017-02-24,1.0836829280665214,0.097
2017-02-25,1.0020666635224018,0.073
2017-02-26,0.986317743573866,0.062
2017-02-27,1.6060803454389248,0.106
2017-02-28,1.0649677692051853,0.083
2017-03-01,1.0028911753077787,0.061
2017-03-02,0.9873334450508953,0.047
2017-03-03,2.4349817017887787,0.216
2017-03-04,1.4469613016666127,0.288
2017-03-05,1.0921277195372086,0.107
2017-03-06,1.254041898598421,0.121
2017-03-07,2.5582818447885454,0.38
2017-03-08,1.285252223032336,0.268
2017-03-09,1.134123086526152,0.112
2017-03-10,1.089761641080232,0.085
2017-03-11,1.9600074908054248,0.112
2017-03-12,1.1905589487352066,0.119
2017-03-13,1.0941369178347355,0.081
2017-03-14,1.0627402310609657,0.063
2017-03-15,1.0420509299194325,0.055
2017-03-16,1.0262995450939498,0.049
2017-03-17,1.1517111908485762,0.047
2017-03-18,1.0982785141770572,0.046
2017-03-19,1.0254251114963993,0.04
2017-03-20,1.0095001172367282,0.035
2017-03-21,1.752646951373237,0.04
2017-03-22,2.532787127606236,0.533
2017-03-23,1.2578532033494203,0.28
2017-03-24,1.1102347277924451,0.119
2017-03-25,1.0759623110885654,0.084
2017-03-26,1.0563783978405232,0.066
2017-03-27,1.0416056968619072,0.056
2017-03-28,1.0316156330183284,0.048
2017-03-29,1.0226886196535678,0.043
2017-03-30,1.0147469734812042,0.04
2017-03-31,1.0085852450415989,0.037
2017-04-01,1.0054596229090191,0.032
2017-04-02,1.0010790903413564,0.028
2017-04-03,0.9984440877965419,0.027
2017-04-04,0.996487068456383,0.024
2017-04-05,0.9949912749730425,0.023
2017-04-06,0.9938427325404412,0.022
2017-04-07,0.9929562109182722,0.021
2017-04-08,0.9922646018344928,0.021
2017-04-09,0.9917148360488491,0.02
2017-04-10,0.9912650184222502,0.015
2017-04-11,0.9908821728415983,0.015
2017-04-12,0.990540441909235,0.015
2017-04-13,0.9902196474260311,0.014
2017-04-14,0.9899041392255099,0.014
2017-04-15,0.9895818746534742,0.012
2017-04-16,1.2208953152132371,0.022
2017-04-17,1.0092085776826667,0.013
2017-04-18,0.9903184349807412,0.011
2017-04-19,0.9882384269324508,0.011
2017-04-20,0.9876338615888497,0.01
2017-04-21,1.0182709399292889,0.014
2017-04-22,0.9893346772482648,0.01
2017-04-23,0.9862839311603852,0.01
2017-04-24,0.9854604957790559,0.012
2017-04-25,1.385153176546391,0.013
2017-04-26,1.0192573540587238,0.009
2017-04-27,0.9865752928800524,0.008
2017-04-28,0.9829659615995189,0.008
2017-04-29,0.9819326327414634,0.008
2017-04-30,0.9811036346609043,0.007
2017-05-01,0.9802657052172218,0.006
2017-05-02,0.9794006593279426,0.006
2017-05-03,0.9785080125232606,0.005
2017-05-04,0.9775888891424157,0.005
2017-05-05,0.9766445534953689,0.005
2017-05-06,0.9756762701500591,0.006
2017-05-07,0.9746852863881025,0.005
2017-05-08,0.9736728269325187,0.005
2017-05-09,0.972640090726371,0.005
2017-05-10,0.9715882486415861,0.005
2017-05-11,0.9705184418623506,0.005
2017-05-12,0.9694317807969296,0.005
2017-05-13,0.9683293444064044,0.004
2017-05-14,0.9672121798617435,0.004
2017-05-15,1.5434181084248855,0.023
2017-05-16,1.0155951924855586,0.007
2017-05-17,0.9683298415862175,0.005
2017-05-18,1.0521932073778744,0.005
2017-05-19,1.1348623536750146,0.016
2017-05-20,1.0290314387728734,0.011
2017-05-21,0.9651270525952451,0.005
2017-05-22,0.9584054339628287,0.004
2017-05-23,0.9567015319433021,0.003
2017-05-24,0.9554429169162068,0.003
2017-05-25,0.9542198990884757,0.003
2017-05-26,0.9529960455583877,0.002
2017-05-27,0.9517686569730321,0.017
2017-05-28,0.95053807105155,0.003
2017-05-29,0.949304879437891,0.004
2017-05-30,0.9480696756616184,0.003
2017-05-31,0.9468330328501292,0.002
2017-06-01,0.9455955022930679,0.001
2017-06-02,0.944357613888869,0.004
2017-06-03,0.9431198767501117,0.001
2017-06-04,0.9418827798108331,0.001
2017-06-05,2.1152325872463904,0.039
2017-06-06,2.217060315972819,0.366
2017-06-07,2.228440536036887,0.067
2017-06-08,2.228383953520284,0.048
2017-06-09,2.228220325974311,0.018
2017-06-10,1.1796108261320006,0.048
2017-06-11,0.9593036244094576,0.016
2017-06-12,0.9377179177426275,0.009
2017-06-13,0.9340474861308792,0.007
2017-06-14,0.9321817867092024,0.006
2017-06-15,0.930852415319776,0.007
2017-06-16,0.928963247870717,0.005
2017-06-17,0.9274671131788662,0.004
2017-06-18,0.9260635524467443,0.003
2017-06-19,0.9247149998763482,0.003
2017-06-20,1.6687725128451105,0.023
2017-06-21,0.987541230937753,0.037
2017-06-22,0.9267723066192513,0.007
2017-06-23,0.9202185048429956,0.004
2017-06-24,0.9185432754645411,0.003
2017-06-25,0.9173260000240939,0.002
2017-06-26,1.0866552657263149,0.005
2017-06-27,1.4105356916477818,0.036
2017-06-28,2.131987452168131,0.099
2017-06-29,2.214119579677711,0.127
2017-06-30,1.746264933590822,0.068
2017-07-01,0.9903929093612497,0.027
2017-07-02,0.9218240097165559,0.014
2017-07-03,1.5450663921998247,0.015
2017-07-04,2.180274977883614,0.436
2017-07-05,2.0630500698629017,0.139
2017-07-06,1.028825888727674,0.08
2017-07-07,0.9280772321959035,0.043
2017-07-08,0.9153985111901132,0.025
2017-07-09,0.9184942455344686,0.02
2017-07-10,1.1277579419142738,0.051
2017-07-11,0.9412855067579518,0.024
2017-07-12,0.9201842343979165,0.016
2017-07-13,0.9167329760005397,0.014
2017-07-14,0.9125938268183105,0.011
2017-07-15,0.9087035360349984,0.011
2017-07-16,0.9053253954222479,0.008
2017-07-17,0.9030569185872374,0.007
2017-07-18,0.9011434120563896,0.007
2017-07-19,1.191606719650251,0.047
2017-07-20,0.9236062578722739,0.028
2017-07-21,0.9486643583638278,0.014
2017-07-22,0.899973128999778,0.018
2017-07-23,1.9626526338695227,0.108
2017-07-24,0.9869718357888161,0.05
2017-07-25,0.9015697353695714,0.027
2017-07-26,0.99154725591802,0.041
2017-07-27,0.9054761032157475,0.024
2017-07-28,0.8941048509803007,0.018
2017-07-29,0.8915181368989735,0.013
2017-07-30,0.8900994472910622,0.017
2017-07-31,0.8888955745327212,0.011
2017-08-01,0.8877989422004686,0.01
2017-08-02,1.82033442942485,0.055
2017-08-03,0.969951526150744,0.051
2017-08-04,0.8925557678835672,0.019
2017-08-05,0.8847651637616981,0.014
2017-08-06,0.9175933183125761,0.021
2017-08-07,0.8854735246743882,0.021
2017-08-08,1.095242038129871,0.023
2017-08-09,0.8996794640791647,0.015
2017-08-10,0.8818901580023402,0.011
2017-08-11,0.8796413672663465,0.01
2017-08-12,0.9596728849671036,0.018
2017-08-13,0.8851844469700789,0.009
2017-08-14,0.8780376510244289,0.015
2017-08-15,0.8767803480994617,0.009
2017-08-16,0.8760579198283944,0.008
2017-08-17,0.8753903407440162,0.007
2017-08-18,0.8747338115822834,0.006
2017-08-19,0.8740840458218039,0.004
2017-08-20,0.87344041230933,0.003
2017-08-21,0.8728026690779703,0.003
2017-08-22,0.872170654678356,0.004
2017-08-23,0.8715442504170088,0.004
2017-08-24,0.8709233691654119,0.003
2017-08-25,0.8703079481583446,0.003
2017-08-26,0.8696979434147935,0.002
2017-08-27,0.86909332531377,0.002
2017-08-28,0.8684940750804025,0.003
2017-08-29,0.867900181998372,0.002
2017-08-30,0.8673116412026354,0.002
2017-08-31,0.8667284519357076,0.001
2017-09-01,0.866150616174142,0.015
2017-09-02,0.8655781375505406,0.003
2017-09-03,0.8650110205113769,0.002
2017-09-04,1.4908496225856582,0.008
2017-09-05,0.9188553886540122,0.025
2017-09-06,0.8682758733363759,0.003
2017-09-07,1.350965658561939,0.024
2017-09-08,0.9050909689375422,0.009
2017-09-09,0.8655664678783637,0.004
2017-09-10,0.8615395218365405,0.005
2017-09-11,0.9637549106889416,0.017
2017-09-12,2.0437798758991033,0.284
2017-09-13,2.14694648246541,0.2
2017-09-14,1.674099679971778,0.074
2017-09-15,0.9332075325192141,0.036
2017-09-16,0.8671317403263423,0.036
2017-09-17,1.0178272720587764,0.099
2017-09-18,0.8735900901106455,0.061
2017-09-19,0.8594330024286145,0.039
2017-09-20,0.8575224544646368,0.029
2017-09-21,0.8567597096074675,0.021
2017-09-22,0.8587172154031997,0.017
2017-09-23,0.8557938535888432,0.014
2017-09-24,0.8550462664445239,0.012
2017-09-25,0.8545112530440012,0.012
2017-09-26,0.8540140581568354,0.01
2017-09-27,1.4756797695909771,0.024
2017-09-28,0.9076622487324348,0.023
2017-09-29,0.9434409869959115,0.032
2017-09-30,0.8770811687064894,0.018
2017-10-01,0.8539566896185311,0.018
2017-10-02,0.851533423908071,0.012
2017-10-03,0.8509407984961307,0.009
2017-10-04,1.1022218508620762,0.015
2017-10-05,0.872204083801974,0.009
2017-10-06,0.8517085370996819,0.007
2017-10-07,0.8495182370763703,0.007
2017-10-08,0.8489734709781808,0.006
2017-10-09,0.8485821574747283,0.006
2017-10-10,0.848209238627104,0.006
2017-10-11,0.994472874266507,0.015
2017-10-12,0.8603460166684919,0.006
2017-10-13,0.8807624892156535,0.008
2017-10-14,0.8497241576908664,0.009
2017-10-15,0.846685822238571,0.006
2017-10-16,0.8460998998967761,0.007
2017-10-17,1.1891825308329553,0.01
2017-10-18,1.0002097090205677,0.022
2017-10-19,2.0332976750112284,0.145
2017-10-20,1.1732161795122165,0.13
2017-10-21,1.023097416099448,0.078
2017-10-22,0.865933218065009,0.049
2017-10-23,0.8513948617208783,0.032
2017-10-24,0.974115786278836,0.028
2017-10-25,0.8611396352075058,0.023
2017-10-26,0.8494219696458576,0.017
2017-10-27,0.8473096112536112,0.015
2017-10-28,0.8460839171210833,0.017
2017-10-29,0.8451761247722711,0.012
2017-10-30,0.958431159349938,0.012
2017-10-31,0.853743312117364,0.014
2017-11-01,0.844064177687396,0.011
2017-11-02,0.8427394169834699,0.009
2017-11-03,0.84221671732548,0.01
2017-11-04,0.8418065456956185,0.009
2017-11-05,0.8414388668998107,0.006
2017-11-06,0.8411011745757255,0.007
2017-11-07,0.8407874137727618,0.006
2017-11-08,0.8404931028319753,0.006
2017-11-09,0.8402146927911964,0.007
2017-11-10,0.8399493509863513,0.007
2017-11-11,0.8396948148266431,0.007
2017-11-12,0.8394492772659913,0.006
2017-11-13,0.8392112954114167,0.005
2017-11-14,0.8389797174391077,0.006
2017-11-15,0.838753624138059,0.006
2017-11-16,0.8385322821538451,0.006
2017-11-17,0.8383151065921025,0.005
2017-11-18,0.8381016311095174,0.005
2017-11-19,1.674324144093729,0.025
2017-11-20,1.3757792987654167,0.029
2017-11-21,0.9710747114595418,0.063
2017-11-22,2.074351261662868,0.427
2017-11-23,1.8535927628979183,0.283
2017-11-24,0.9519980214356871,0.097
2017-11-25,0.8687934914976081,0.059
2017-11-26,0.8590731322503388,0.046
2017-11-27,0.8520807880012178,0.038
2017-11-28,2.195598320607453,0.247
2017-11-29,2.0432347846530843,0.391
2017-11-30,2.2741938620781497,0.193
2017-12-01,1.0886354422285374,0.472
2017-12-02,0.9487821298115272,0.204
2017-12-03,0.9201364617173966,0.117
2017-12-04,0.9049565211990132,0.086
2017-12-05,0.8927910395768486,0.071
2017-12-06,0.8873382642637415,0.062
2017-12-07,0.8769036865422164,0.049
2017-12-08,0.8709739613527627,0.036
2017-12-09,0.8666224354711267,0.035
2017-12-10,0.863204574109212,0.034
2017-12-11,0.8613087782133274,0.025
2017-12-12,0.9340935496216362,0.023
2017-12-13,0.908340409589764,0.029
2017-12-14,1.4023559431610046,0.036
2017-12-15,1.0866595929031055,0.226
2017-12-16,0.898899639689891,0.073
2017-12-17,1.0794595616341949,0.093
2017-12-18,0.8975641944098115,0.073
2017-12-19,0.8771908617946836,0.085
2017-12-20,0.8719568399803652,0.074
2017-12-21,0.8682541711796131,0.059
2017-12-22,0.8656907575441058,0.05
2017-12-23,0.8640074643533389,0.046
2017-12-24,0.8991710657204102,0.045
2017-12-25,2.0520468866647152,0.194
2017-12-26,0.9919734675251052,0.2
2017-12-27,0.8941236384215068,0.085
2017-12-28,0.8802145639853789,0.059
2017-12-29,1.4897325545486784,0.06
2017-12-30,1.0075790876861777,0.108
2017-12-31,0.9092054122949621,0.107
2018-01-01,0.8920282847322761,0.073
2018-01-02,1.3458037501872275,0.098
2018-01-03,0.9429184562827898,0.104
2018-01-04,2.1228741816351597,0.471
2018-01-05,1.9732106445197057,0.364
2018-01-06,1.0856627940602794,0.328
2018-01-07,0.9826547696687566,0.144
2018-01-08,0.9559773103542567,0.101
2018-01-09,0.9389546331603422,0.094
2018-01-10,0.9314382546768283,0.083
2018-01-11,0.9192831156339694,0.07
2018-01-12,0.9077232563184567,0.066
2018-01-13,0.9011184075473666,0.057
2018-01-14,0.9565156444273001,0.055
2018-01-15,1.2716949406498887,0.086
2018-01-16,1.103317211057171,0.109
2018-01-17,2.1615899841983723,0.099
2018-01-18,1.098558805281579,0.153
2018-01-19,1.1041032250642666,0.136
2018-01-20,0.9818845934304279,0.097
2018-01-21,1.3951712642717025,0.098
2018-01-22,1.014566093181527,0.237
2018-01-23,1.5074189015355204,0.145
2018-01-24,1.0346770604686548,0.199
2018-01-25,0.9769785096400297,0.097
2018-01-26,0.9575762681200926,0.074
2018-01-27,1.0831961653954674,0.066
2018-01-28,0.9641633880781386,0.067
2018-01-29,0.9415347805723874,0.053
2018-01-30,0.9805770068793316,0.053
2018-01-31,0.9377699510238082,0.049
2018-02-01,0.928263432923005,0.037
2018-02-02,0.9268289433672346,0.033
2018-02-03,1.5287546255867406,0.066
2018-02-04,1.0018792781378663,0.064
2018-02-05,0.9467971439653202,0.059
2018-02-06,1.1359532611827747,0.061
2018-02-07,0.9607085787895693,0.05
2018-02-08,1.3458561040761898,0.063
2018-02-09,1.0420861355820172,0.096
2018-02-10,2.2308559381935384,0.366
2018-02-11,1.1338622884390905,0.229
2018-02-12,1.0197157114633133,0.104
2018-02-13,1.1435813212139334,0.09
2018-02-14,1.009149122153648,0.073
2018-02-15,0.9823269310763497,0.059
2018-02-16,0.9716091459507343,0.051
2018-02-17,0.9597497185888608,0.047
2018-02-18,1.878778383232776,0.07
2018-02-19,1.5428388605296992,0.209
2018-02-20,1.0780993485988604,0.119
2018-02-21,1.0219759266593904,0.081
2018-02-22,0.9994796664076199,0.067
2018-02-23,0.9852362702117784,0.057
2018-02-24,0.9748236947900363,0.049
2018-02-25,0.9675592509521256,0.043
2018-02-26,1.3688114213829032,0.041
2018-02-27,1.6208351928536036,0.048
2018-02-28,1.922880757641393,0.039
2018-03-01,1.2074187124405433,0.039
2018-03-02,1.072841468637457,0.04
2018-03-03,1.0905407526614936,0.039
2018-03-04,1.5546332075340796,0.243
2018-03-05,2.613482715879957,0.942
2018-03-06,1.5855870281924547,0.994
2018-03-07,1.178271766479791,0.207
2018-03-08,1.1092101607973464,0.132
2018-03-09,1.926599723324535,0.128
2018-03-10,1.4345302671056888,0.341
2018-03-11,1.1597443941978034,0.158
2018-03-12,1.3198043339628345,0.146
2018-03-13,1.1238410223196331,0.111
2018-03-14,1.0833440513397135,0.091
2018-03-15,2.58803719567496,0.493
2018-03-16,2.816872631549254,0.976
2018-03-17,1.9863503805506075,0.257
2018-03-18,1.345574751656164,0.144
2018-03-19,1.2216797034439888,0.12
2018-03-20,1.1729773843949585,0.097
2018-03-21,1.1421266954022506,0.084
2018-03-22,1.3714958291368913,0.08
2018-03-23,1.1551269936897068,0.068
2018-03-24,1.1136569399968452,0.055
2018-03-25,1.0950378498671351,0.047
2018-03-26,1.442313805394369,0.051
2018-03-27,1.1425037747919966,0.055
2018-03-28,1.10486902935615,0.046
2018-03-29,1.831574462827766,0.058
2018-03-30,2.2620724385932323,0.209
2018-03-31,1.8804029516427434,0.652
2018-04-01,1.6093088725034397,0.154
2018-04-02,3.038579565579411,1.31
2018-04-03,2.6257142087367153,0.439
2018-04-04,3.2173212587505273,0.833
2018-04-05,1.727154804475301,0.282
2018-04-06,1.5047094249396373,0.155
2018-04-07,1.8480859109489944,0.153
2018-04-08,1.4457206327712817,0.114
2018-04-09,2.3418515432750144,0.096
2018-04-10,2.7174567422937086,0.594
2018-04-11,1.6022608544206032,0.193
2018-04-12,2.018808916842809,0.176
2018-04-13,1.490312786502923,0.188
2018-04-14,1.388484578053105,0.116
2018-04-15,1.3495130668265154,0.093
2018-04-16,1.3022141008915622,0.076
2018-04-17,1.2680880895058215,0.063
2018-04-18,1.2445362207012367,0.056
2018-04-19,1.2266357423090901,0.048
2018-04-20,1.2129436390525912,0.044
2018-04-21,1.2027065605197484,0.044
2018-04-22,1.1947416712231225,0.041
2018-04-23,1.188930083446709,0.036
2018-04-24,1.4703441714099172,0.044
2018-04-25,1.206746602654541,0.034
2018-04-26,1.1818433729845315,0.03
2018-04-27,1.178408132579704,0.028
2018-04-28,1.1773556956673783,0.026
2018-04-29,1.1768509812244596,0.026
2018-04-30,1.176628692459878,0.025
2018-05-01,1.1765865187674849,0.025
2018-05-02,1.1766537863867759,0.022
2018-05-03,1.1767761426316303,0.02
2018-05-04,1.176911441126422,0.019
2018-05-05,1.177027189547155,0.018
2018-05-06,1.1770985758642416,0.018
2018-05-07,1.1771068963900686,0.019
2018-05-08,1.1770382997091264,0.018
2018-05-09,1.4331782061582585,0.026
2018-05-10,1.1991216216992342,0.018
2018-05-11,1.178304337522454,0.017
2018-05-12,1.9361682231892856,0.041
2018-05-13,1.242000107514386,0.024
2018-05-14,1.1806210377140987,0.016
2018-05-15,1.3133204019760372,0.027
2018-05-16,1.1852593762402812,0.02
2018-05-17,1.1731687309111118,0.017
2018-05-18,1.171121977323665,0.014
2018-05-19,1.1698915776519896,0.013
2018-05-20,1.1686539128102897,0.013
2018-05-21,1.167337393829179,0.012
2018-05-22,1.1659384697596724,0.012
2018-05-23,1.164459799958887,0.011
2018-05-24,1.1629046203145117,0.011
2018-05-25,1.2423766846460664,0.025
2018-05-26,1.1666938564853582,0.012
2018-05-27,1.1584514870154494,0.011
2018-05-28,1.15604173035142,0.01
2018-05-29,1.1540999364966242,0.01
2018-05-30,1.1521484593275937,0.011
2018-05-31,1.1501468053786956,0.009
2018-06-01,1.1480939163251191,0.008
2018-06-02,1.4733065858680323,0.025
2018-06-03,1.1725641388494241,0.013
2018-06-04,1.144231403494331,0.01
2018-06-05,1.1396543665387289,0.009
2018-06-06,1.1371717533163699,0.008
2018-06-07,1.1348460027248293,0.008
2018-06-08,1.1325040804770934,0.007
2018-06-09,1.1301323402559593,0.007
2018-06-10,1.1277315204362366,0.013
2018-06-11,1.125303599227015,0.007
2018-06-12,1.1228506029942733,0.006
2018-06-13,1.120374499568837,0.006
2018-06-14,1.1178771900994473,0.005
2018-06-15,1.1153605098658759,0.006
2018-06-16,1.112826229905842,0.012
2018-06-17,1.1102760587077392,0.005
2018-06-18,1.1077116438949166,0.004
2018-06-19,1.1051345738899212,0.011
2018-06-20,1.1025463795539487,0.005
2018-06-21,1.0999485357983063,0.004
2018-06-22,1.097342463165569,0.003
2018-06-23,1.0947295293787658,0.003
2018-06-24,1.092111050857466,0.003
2018-06-25,1.0894882942000481,0.002
2018-06-26,1.0868624776317517,0.002
2018-06-27,1.0842347724183843,0.002
2018-06-28,1.081606304245744,0.002
2018-06-29,1.0789781545649801,0.002
2018-06-30,1.0763513619042426,0.002
2018-07-01,1.0737269231470465,0.002
2018-07-02,1.07110579477787,0.002
2018-07-03,1.068488894095539,0.002
2018-07-04,1.0658771003950034,0.002
2018-07-05,1.0632712561181243,0.001
2018-07-06,1.0606721679741238,0.001
2018-07-07,1.0580806080303484,0.001
2018-07-08,1.0554973147740068,0.001
2018-07-09,1.052922994145548,0.001
2018-07-10,1.0503583205443334,0.001
2018-07-11,1.047803937807265,0.001
2018-07-12,1.0452604601610087,0.001
2018-07-13,1.0427284731484605,0.001
2018-07-14,1.0402085345300776,0.0
2018-07-15,1.0377011751606955,0.0
2018-07-16,2.0366409404593386,0.026
2018-07-17,1.1205954200073662,0.004
2018-07-18,1.0381475272514964,0.001
2018-07-19,1.0285208924240867,0.0
2018-07-20,1.0254346007980304,0.004
2018-07-21,1.0229536076775143,0.001
2018-07-22,1.020541737296731,0.0
2018-07-23,1.018150679781606,0.001
2018-07-24,1.0157763428851674,0.0
2018-07-25,1.013418630590516,0.0
2018-07-26,1.011077792808873,0.0
2018-07-27,1.153480356278538,0.012
2018-07-28,1.0191465609681185,0.003
2018-07-29,1.0052990720651822,0.004
2018-07-30,1.3841941831245232,0.036
2018-07-31,1.0331805869621755,0.002
2018-08-01,1.0004122476509005,0.006
2018-08-02,0.9954571607357251,0.001
2018-08-03,1.1507320826815246,0.02
2018-08-04,1.0046493603960194,0.001
2018-08-05,0.9898906578393132,0.001
2018-08-06,0.9866194274494332,0.001
2018-08-07,0.9843951512978747,0.0
2018-08-08,0.9822829731539456,0.0
2018-08-09,0.9801984596389529,0.0
2018-08-10,0.9781340184569448,0.0
2018-08-11,2.1506748099033617,0.036
2018-08-12,2.2517113883838924,0.115
2018-08-13,1.0843713796724577,0.04
2018-08-14,0.9801596300206092,0.007
2018-08-15,0.9690165422747653,0.01
2018-08-16,0.9662388243294862,0.005
2018-08-17,0.9642354811368989,0.002
2018-08-18,1.8813094916332347,0.028
2018-08-19,1.041065776514541,0.013
2018-08-20,0.9657996169821965,0.004
2018-08-21,0.9573658580928646,0.003
2018-08-22,0.9549398158880146,0.002
2018-08-23,0.953074660952477,0.007
2018-08-24,0.951277979389151,0.002
2018-08-25,0.9495050721944269,0.003
2018-08-26,0.947751830370381,0.006
2018-08-27,0.9460178244317844,0.002
2018-08-28,0.9443029542690056,0.001
2018-08-29,0.9426071451497408,0.001
2018-08-30,0.9409303203165882,0.001
2018-08-31,0.9392723986978203,0.001
2018-09-01,0.9376332948926096,0.001
2018-09-02,0.9360129193568626,0.001
2018-09-03,1.157773536206461,0.009
2018-09-04,0.9524265490219626,0.001
2018-09-05,0.9330225753222839,0.001
2018-09-06,1.0996940683897405,0.001
2018-09-07,0.9431034241763007,0.011
2018-09-08,0.9280173954353461,0.001
2018-09-09,0.9253075139043307,0.002
2018-09-10,1.1889799616899481,0.01
2018-09-11,0.9455312640534638,0.002
2018-09-12,0.922906385630533,0.0
2018-09-13,0.9195847000292307,0.0
2018-09-14,0.9180089368947247,0.002
2018-09-15,0.9166067418045437,0.0
2018-09-16,0.915235862013259,0.0
2018-09-17,0.9138832785752647,0.001
2018-09-18,0.9125476889721744,0.001
2018-09-19,0.9112288528688399,0.0
2018-09-20,2.0845124199576706,0.12
2018-09-21,2.1862888191687735,0.023
2018-09-22,1.0196855027740386,0.004
2018-09-23,0.9162071467247893,0.002
2018-09-24,0.9057939911837236,0.001
2018-09-25,0.9037425891479316,0.001
2018-09-26,0.902461798248841,0.002
2018-09-27,0.9012650984677241,0.002
2018-09-28,0.9000900997199024,0.001
2018-09-29,0.8989310077922277,0.001
2018-09-30,0.8977871656053269,0.001
2018-10-01,0.8966583822321955,0.002
2018-10-02,0.8955445088088672,0.002
2018-10-03,0.894445400083023,0.001
2018-10-04,1.6521656303495036,0.013
2018-10-05,0.958871005599751,0.02
2018-10-06,0.897212115819404,0.002
2018-10-07,0.8907344476098938,0.001
2018-10-08,0.8892152960766003,0.002
2018-10-09,0.8881571324589231,0.001
2018-10-10,0.8871532652180395,0.001
2018-10-11,0.8861666835625785,0.001
2018-10-12,1.9276262436287477,0.025
2018-10-13,0.9875748459083588,0.035
2018-10-14,0.8925410072112276,0.004
2018-10-15,0.8831913411351543,0.002
2018-10-16,0.8815104546068773,0.002
2018-10-17,0.8805338940787051,0.002
2018-10-18,0.8796326358638481,0.001
2018-10-19,0.8787495310099385,0.001
2018-10-20,0.8778792646721033,0.002
2018-10-21,0.8770212271429901,0.002
2018-10-22,0.8761752365629292,0.002
2018-10-23,0.8753411505622154,0.003
2018-10-24,0.8745188310172499,0.005
2018-10-25,0.8737081408736272,0.006
2018-10-26,1.8229270757004599,0.009
2018-10-27,1.166855443512192,0.033
2018-10-28,1.0250740684697333,0.014
2018-10-29,1.0950541647557956,0.008
2018-10-30,1.0370765585450328,0.023
2018-10-31,0.8869332881474108,0.007
2018-11-01,0.8699451384189295,0.009
2018-11-02,0.8677694789255849,0.005
2018-11-03,0.8669261361554949,0.005
2018-11-04,0.866212481975064,0.004
2018-11-05,0.8655198282348299,0.003
2018-11-06,0.864838208314993,0.003
2018-11-07,0.9526602157463981,0.005
2018-11-08,0.8712695395042789,0.003
2018-11-09,1.1992653733798322,0.013
2018-11-10,0.8917300278117788,0.006
2018-11-11,0.864227070615759,0.003
2018-11-12,0.8758672086326125,0.005
2018-11-13,0.948349231424654,0.004
2018-11-14,0.8674580678046151,0.008
2018-11-15,0.8598300166133992,0.004
2018-11-16,0.858611468256414,0.003
2018-11-17,0.8579754003394923,0.002
2018-11-18,0.8573998291236578,0.002
2018-11-19,1.0808159166471358,0.003
2018-11-20,2.050522342440518,0.124
2018-11-21,1.9685593182640029,0.113
2018-11-22,1.721028224579834,0.077
2018-11-23,0.9371084464254252,0.061
2018-11-24,1.335546994263107,0.049
2018-11-25,1.311176919329335,0.089
2018-11-26,1.1666701611396608,0.056
2018-11-27,1.6177593861965367,0.104
2018-11-28,1.3020376897010153,0.115
2018-11-29,0.9691956448564693,0.084
2018-11-30,0.9317210774361042,0.054
2018-12-01,1.704221541939222,0.134
2018-12-02,1.0160253491874203,0.107
2018-12-03,0.8803861582417877,0.065
2018-12-04,0.866061065824572,0.04
2018-12-05,1.5427609791947512,0.125
2018-12-06,1.1771424207852235,0.095
2018-12-07,0.8979183313374723,0.09
2018-12-08,0.9712530423098191,0.065
2018-12-09,0.8767604234716784,0.046
2018-12-10,0.8650578753096692,0.036
2018-12-11,0.8613949933976098,0.032
2018-12-12,0.8590934743186356,0.027
2018-12-13,0.8571064574503422,0.023
2018-12-14,0.8555585269648391,0.02
2018-12-15,1.711637346336171,0.072
2018-12-16,1.2582073749280174,0.101
2018-12-17,0.9085401873741673,0.094
2018-12-18,1.1956617405602117,0.109
2018-12-19,0.9109086764533028,0.093
2018-12-20,0.894119095482329,0.067
2018-12-21,1.4484380717698595,0.078
2018-12-22,0.9455225754385536,0.089
2018-12-23,0.8930756608881029,0.065
2018-12-24,0.8818815751180813,0.049
2018-12-25,0.8758178660788043,0.042
2018-12-26,0.8710454176490824,0.037
2018-12-27,0.8678450723757076,0.033
2018-12-28,0.8645522574165563,0.029
2018-12-29,0.8639260224361704,0.026
2018-12-30,0.8603226287155709,0.024
2018-12-31,0.8590477222682161,0.022
2019-01-01,0.8574947885646035,0.016
2019-01-02,0.8565104436987413,0.014
2019-01-03,0.8557494413157568,0.015
2019-01-04,0.8551390280423995,0.015
2019-01-05,0.8546455610923455,0.016
2019-01-06,0.8546335717368235,0.016
2019-01-07,0.8546055153197163,0.017
2019-01-08,0.8543019843777371,0.014
2019-01-09,0.8539268330337668,0.013
2019-01-10,0.8532406401807748,0.013
2019-01-11,0.853026979413399,0.013
2019-01-12,0.852964955191066,0.014
2019-01-13,0.909697342134494,0.014
2019-01-14,0.8585876737006728,0.012
2019-01-15,0.854087963211156,0.013
2019-01-16,0.8535764764787673,0.014
2019-01-17,0.8533755275159043,0.01
2019-01-18,0.8526927649792764,0.01
2019-01-19,0.8523011437652805,0.01
2019-01-20,0.8521141820265227,0.009
2019-01-21,0.8519220404901214,0.01
2019-01-22,0.8516846997764227,0.01
2019-01-23,0.8514929979127898,0.008
2019-01-24,0.8513099404160263,0.009
2019-01-25,0.8511291292940992,0.009
2019-01-26,1.0486593055431481,0.016
2019-01-27,0.9153502561652822,0.012
2019-01-28,0.8565640635929813,0.009
2019-01-29,1.0204979050742362,0.015
2019-01-30,0.8657854814636567,0.01
2019-01-31,1.0189144333945652,0.009
2019-02-01,1.188761923890697,0.014
2019-02-02,0.8857019080278099,0.009
2019-02-03,0.895135335749811,0.015
2019-02-04,0.85825753259217,0.021
2019-02-05,1.0108035982994463,0.03
2019-02-06,1.3476835695311078,0.038
2019-02-07,0.9061105306031076,0.09
2019-02-08,1.138566064519531,0.066
2019-02-09,0.8890100160163589,0.057
2019-02-10,0.8650742613444627,0.037
2019-02-11,0.8594066856419076,0.026
2019-02-12,0.8570326252437482,0.025
2019-02-13,0.8553100789093669,0.023
2019-02-14,0.8539313968162627,0.021
2019-02-15,0.8528013279574017,0.021
2019-02-16,0.8518741718436257,0.019
2019-02-17,0.8511073024876082,0.018
2019-02-18,0.8504681801246082,0.016
2019-02-19,0.8992116671653481,0.016
2019-02-20,1.0271285123401253,0.019
2019-02-21,0.8649925009220887,0.013
2019-02-22,0.8504080287852525,0.011
2019-02-23,0.8487711178588346,0.012
2019-02-24,0.8483264852635687,0.011
2019-02-25,0.8480212211991516,0.011
2019-02-26,0.8477510510800418,0.011
2019-02-27,0.8475014564500236,0.011
2019-02-28,0.8472671052572516,0.011
2019-03-01,0.8470443360558914,0.011
2019-03-02,0.84683030729932,0.012
2019-03-03,2.017874947388279,0.051
2019-03-04,0.9492424779321081,0.031
2019-03-05,1.4714257444441083,0.035
2019-03-06,1.4222030978082196,0.145
2019-03-07,0.9194990729230312,0.092
2019-03-08,0.9209821234599962,0.063
2019-03-09,0.87003173303633,0.049
2019-03-10,0.993396865268826,0.052
2019-03-11,0.8751661236200282,0.041
2019-03-12,0.8633295147759819,0.041
2019-03-13,0.8597377383045443,0.03
2019-03-14,0.8554350634912552,0.03
2019-03-15,2.075669256612387,0.041
2019-03-16,1.6042859826919165,0.456
2019-03-17,0.9700896033672214,0.124
2019-03-18,0.8968077035811646,0.08
2019-03-19,0.8826824605810373,0.061
2019-03-20,0.8756382570260013,0.048
2019-03-21,0.8702105394081378,0.04
2019-03-22,0.8666016035948734,0.035
2019-03-23,0.8627383185692671,0.028
2019-03-24,0.8604027991407922,0.027
2019-03-25,0.8579906557997472,0.022
2019-03-26,0.8563064150923674,0.021
2019-03-27,0.8549935723458029,0.019
2019-03-28,0.8539561919230009,0.017
2019-03-29,0.85313482598364,0.017
2019-03-30,0.8524835694142927,0.016
2019-03-31,0.8519659398673189,0.014
2019-04-01,1.5393386552317108,0.035
2019-04-02,1.4233834606565503,0.032
2019-04-03,1.4546912968641208,0.058
2019-04-04,0.9194432849149665,0.072
2019-04-05,0.8681704122106528,0.036
2019-04-06,0.8621928843495126,0.027
2019-04-07,0.8589566412680079,0.023
2019-04-08,0.8572160978126737,0.02
2019-04-09,0.8559103112733419,0.018
2019-04-10,0.8548642000186574,0.016
2019-04-11,0.8540268652858861,0.014
2019-04-12,0.8533513268946645,0.013
2019-04-13,0.852802901252135,0.012
2019-04-14,0.8523541836231449,0.012
2019-04-15,0.8519833551289666,0.012
2019-04-16,0.851673041785122,0.011
2019-04-17,0.8514094211770574,0.01
2019-04-18,0.8511815096255281,0.01
2019-04-19,0.8509805921419209,0.009
2019-04-20,0.8507997664686026,0.009
2019-04-21,0.8506335783725374,0.01
2019-04-22,0.8504777299388122,0.01
2019-04-23,0.8503288462624976,0.01
2019-04-24,0.8501842888577316,0.01
2019-04-25,1.0642189511438145,0.027
2019-04-26,0.8686930298396803,0.01
2019-04-27,0.8514453207489665,0.009
2019-04-28,0.849767387425224,0.007
2019-04-29,0.8494829474140235,0.007
2019-04-30,0.8493220955645484,0.007
2019-05-01,0.8491697362912931,0.007
2019-05-02,0.8490152348915053,0.007
2019-05-03,0.848857509396523,0.009
2019-05-04,0.8486964084414456,0.006
2019-05-05,0.84853191461543,0.006
2019-05-06,0.8483640609422639,0.006
2019-05-07,1.019131208122065,0.008
2019-05-08,2.0376030699066217,0.104
2019-05-09,1.1316371963450476,0.041
2019-05-10,0.8727745142494211,0.016
2019-05-11,0.8497385683762926,0.011
2019-05-12,0.8474963450963761,0.008
2019-05-13,0.8471217036238805,0.007
2019-05-14,0.8469139589149861,0.007
2019-05-15,0.8467193281523763,0.006
2019-05-16,0.8465239953489516,0.006
2019-05-17,0.8463268395167454,0.006
2019-05-18,0.8461278901512045,0.009
2019-05-19,0.8459272787040204,0.006
2019-05-20,0.8457251430091376,0.005
2019-05-21,0.8455216183419428,0.005
2019-05-22,0.8453168364228304,0.004
2019-05-23,0.8451109252028366,0.004
2019-05-24,0.8449040087681203,0.004
2019-05-25,0.8839022379658091,0.005
2019-05-26,0.8479277076245147,0.008
2019-05-27,1.4564253388338817,0.035
2019-05-28,0.8977813333828715,0.019
2019-05-29,0.8486802392954752,0.008
2019-05-30,0.9641665648033596,0.019
2019-05-31,0.8540130652591149,0.01
2019-06-01,0.8441755434690776,0.006
2019-06-02,0.8431009727364209,0.008
2019-06-03,0.8428118703729881,0.004
2019-06-04,1.9237842078225516,0.041
2019-06-05,0.9372498750428129,0.011
2019-06-06,0.8506883145852815,0.005
2019-06-07,2.0173182316612746,0.105
2019-06-08,2.121759191359916,0.111
2019-06-09,1.2870403427261154,0.022
2019-06-10,0.8806587777236398,0.011
2019-06-11,1.4692718441540604,0.016
2019-06-12,2.1498686973958026,0.683
2019-06-13,2.177939040059031,0.539
2019-06-14,2.178910287076807,0.158
2019-06-15,1.2948749761369713,0.082
2019-06-16,0.9062564407210688,0.061
2019-06-17,0.8598410011595886,0.039
2019-06-18,0.8659611196375685,0.029
2019-06-19,0.8546660488546133,0.03
2019-06-20,0.8489045761773849,0.019
2019-06-21,0.8470555165284622,0.016
2019-06-22,0.8458245701751791,0.015
2019-06-23,1.215997509594647,0.025
2019-06-24,0.9055942415197851,0.044
2019-06-25,0.8715807857100343,0.022
2019-06-26,0.8577609726580692,0.016
2019-06-27,0.8538599865195742,0.014
2019-06-28,0.8513995110042489,0.012
2019-06-29,0.849723970363861,0.012
2019-06-30,0.8480095690630661,0.01
2019-07-01,0.8467574859473572,0.009
2019-07-02,0.8457770242763729,0.008
2019-07-03,0.8449901875466549,0.007
2019-07-04,0.8443548448856016,0.007
2019-07-05,0.8438391842391529,0.007
2019-07-06,0.8434179782758031,0.007
2019-07-07,0.8430711142022796,0.006
2019-07-08,0.8427825554443433,0.006
2019-07-09,0.9520923749728104,0.011
2019-07-10,0.8519443850185171,0.008
2019-07-11,0.957271922206776,0.019
2019-07-12,1.0160884898276805,0.026
2019-07-13,0.9104645867423745,0.017
2019-07-14,0.8477681557549768,0.008
2019-07-15,0.8421365401122507,0.006
2019-07-16,0.8415239056286293,0.005
2019-07-17,0.8413655368564421,0.009
2019-07-18,0.8412504150799899,0.005
2019-07-19,0.841140305877843,0.004
2019-07-20,0.8618661366891638,0.01
2019-07-21,1.3078449812036084,0.026
2019-07-22,0.8817840011931192,0.008
2019-07-23,1.6197606926327777,0.077
2019-07-24,0.908953515047685,0.033
2019-07-25,0.8466087773058801,0.011
2019-07-26,1.5732783708241365,0.036
2019-07-27,0.9045467510498237,0.036
2019-07-28,0.845888632845311,0.015
2019-07-29,0.8405153073307422,0.01
2019-07-30,2.014501886228982,0.061
2019-07-31,1.2311682873210723,0.1
2019-08-01,0.874168609562333,0.031
2019-08-02,0.8425934839119452,0.021
2019-08-03,0.8396352693230545,0.015
2019-08-04,1.036396930644909,0.02
2019-08-05,0.8563877972035009,0.012
2019-08-06,1.5079030109013922,0.094
2019-08-07,0.8975147116381105,0.029
2019-08-08,2.018531782023757,0.09
2019-08-09,2.2092006564328712,0.548
2019-08-10,1.85093639014929,0.398
2019-08-11,2.358943706094943,1.64
2019-08-12,2.276826324923764,0.572
2019-08-13,1.064620986800259,0.194
2019-08-14,0.9525899515475043,0.139
2019-08-15,0.9278650947573925,0.097
2019-08-16,1.4462786204641507,0.156
2019-08-17,0.9676113022253829,0.153
2019-08-18,0.9127548652972606,0.093
2019-08-19,0.8973730892081253,0.064
2019-08-20,0.8876969192145044,0.049
2019-08-21,0.882680423890366,0.045
2019-08-22,0.8750484878940948,0.039
2019-08-23,0.8702689635480185,0.033
2019-08-24,0.8667885252335472,0.03
2019-08-25,0.8641177934704479,0.026
2019-08-26,0.8620684351417842,0.025
2019-08-27,0.9053153172302518,0.044
2019-08-28,0.8632655286632401,0.038
2019-08-29,0.8588155039690234,0.027
2019-08-30,0.8578601003482249,0.023
2019-08-31,0.8573811674340567,0.021
2019-09-01,0.857071283750937,0.018
2019-09-02,0.8568731348310037,0.018
2019-09-03,0.8567580672876991,0.017
2019-09-04,0.8999435184887883,0.022
2019-09-05,0.8604907716313496,0.015
2019-09-06,0.8570614720349127,0.015
2019-09-07,0.8567973804913085,0.013
2019-09-08,0.8568285274751871,0.013
2019-09-09,0.8568922562591613,0.013
2019-09-10,0.8569604318084809,0.013
2019-09-11,0.8570271125692122,0.012
2019-09-12,0.8570891655749939,0.013
2019-09-13,0.8571443462297385,0.01
2019-09-14,0.8571909939254456,0.01
2019-09-15,0.8572279004303174,0.01
2019-09-16,0.857254214847476,0.009
2019-09-17,0.857269368598282,0.008
2019-09-18,0.8572730155847844,0.008
2019-09-19,0.8572649844170569,0.008
2019-09-20,0.857245240283283,0.008
2019-09-21,0.8572138545312182,0.008
2019-09-22,2.031756775241602,0.08
2019-09-23,1.3556266977811875,0.033
2019-09-24,2.0755873033145495,0.276
2019-09-25,2.1385756293315086,0.323
2019-09-26,1.07911166779955,0.172
2019-09-27,2.051113786799945,0.284
2019-09-28,1.8541781558475752,0.329
2019-09-29,0.9790638952101534,0.4
2019-09-30,2.27748887436008,0.783
2019-10-01,2.267068333618279,0.899
2019-10-02,1.0629501331253253,0.216
2019-10-03,2.270569054355665,0.413
2019-10-04,1.2197383140753806,0.411
2019-10-05,2.453325179397705,0.384
2019-10-06,2.142363851536775,1.09
2019-10-07,1.1594010000820067,0.303
2019-10-08,1.0371022368012055,0.171
2019-10-09,0.9983107165907997,0.123
2019-10-10,1.5703258278120005,0.131
2019-10-11,1.0452562871648932,0.111
2019-10-12,0.9794134802445219,0.084
2019-10-13,1.6236244408976295,0.125
2019-10-14,1.6364447844303622,0.146
2019-10-15,1.0591668257357034,0.178
2019-10-16,0.9914905363791747,0.112
2019-10-17,1.6181029471927104,0.097
2019-10-18,1.0487610947303367,0.295
2019-10-19,1.4332238655692984,0.168
2019-10-20,1.5539683010649175,0.158
2019-10-21,1.0588045213080441,0.136
2019-10-22,0.9961453887800283,0.102
2019-10-23,0.9755887904580041,0.086
2019-10-24,0.9620517750522102,0.072
2019-10-25,2.153582241671917,0.219
2019-10-26,1.0875968091069932,0.135
2019-10-27,0.9811497898212623,0.091
2019-10-28,1.0286783498203784,0.075
2019-10-29,0.9977428800923697,0.069
2019-10-30,0.9681946846901515,0.065
2019-10-31,1.4650688727563872,0.068
2019-11-01,1.5404061084297023,0.161
2019-11-02,2.0879670874124705,0.191
2019-11-03,1.2123710742231015,0.343
2019-11-04,2.8082284793315755,1.54
2019-11-05,2.6367974005796944,1.15
2019-11-06,2.127987451686218,0.383
2019-11-07,1.901671888284676,0.323
2019-11-08,2.109335037664236,0.703
2019-11-09,1.3440091881997416,0.305
2019-11-10,1.5602338266761082,0.191
2019-11-11,1.240230039712536,0.173
2019-11-12,1.7149787832885703,0.282
2019-11-13,2.095769577786339,0.274
2019-11-14,2.890346710068668,0.632
2019-11-15,2.1309365709810617,0.654
2019-11-16,2.087865679698232,0.616
2019-11-17,1.4439801594298762,0.28
2019-11-18,1.319397200106541,0.172
2019-11-19,1.2579729540140792,0.135
2019-11-20,1.2107614256721633,0.118
2019-11-21,1.2569377035330205,0.103
2019-11-22,1.9340008114006195,0.11
2019-11-23,2.9829034714517486,0.993
2019-11-24,1.9531114903923,0.373
2019-11-25,1.8389264270030805,0.265
2019-11-26,1.5515477162841234,0.292
2019-11-27,3.029466228063129,0.467
2019-11-28,2.0821957336033714,0.554
2019-11-29,1.5118451945300089,0.21
2019-11-30,1.3982542386993724,0.144
2019-12-01,1.3431125684929082,0.117
2019-12-02,1.2936955647423924,0.107
2019-12-03,1.2569932428632904,0.099
2019-12-04,1.2301649982779637,0.089
2019-12-05,1.4179380050804304,0.086
2019-12-06,1.2431373151154226,0.086
2019-12-07,1.210606671628422,0.078
2019-12-08,1.4714075580574397,0.084
2019-12-09,1.288188715130377,0.072
2019-12-10,1.609219018864726,0.084
2019-12-11,1.2831907495583077,0.075
2019-12-12,2.067003360170223,0.14
2019-12-13,1.3789671939061716,0.139
2019-12-14,1.3262329157061161,0.099
2019-12-15,1.4836320920229806,0.08
2019-12-16,1.2951880446751673,0.082
2019-12-17,1.2597163186689395,0.069
2019-12-18,1.8997339949214098,0.092
2019-12-19,1.738898261655091,0.21
2019-12-20,1.3626401296191046,0.134
2019-12-21,1.3043705032969768,0.1
2019-12-22,1.2787410737827607,0.081
2019-12-23,1.703607055037029,0.07
2019-12-24,1.3385598975822233,0.079
2019-12-25,1.281823741940882,0.069
2019-12-26,1.2637428584600907,0.066
2019-12-27,1.2582959553591295,0.06
2019-12-28,1.2397722557921398,0.058
2019-12-29,1.2310689103213628,0.055
2019-12-30,1.2247829843699074,0.049
2019-12-31,1.2209730836595487,0.045
2020-01-01,1.218532324642161,0.045
2020-01-02,1.238549685709715,0.045
2020-01-03,1.219588933054514,0.038
2020-01-04,1.2148019518974598,0.037
2020-01-05,1.2118109402173112,0.038
2020-01-06,1.2129149260103185,0.037
2020-01-07,1.211620942455262,0.035
2020-01-08,2.572427816324512,0.055
2020-01-09,1.6708205384155121,0.193
2020-01-10,1.3336943150601244,0.084
2020-01-11,1.2949414041225837,0.071
2020-01-12,1.2668093432732588,0.06
2020-01-13,1.7243931056925184,0.076
2020-01-14,1.964721166555308,0.138
2020-01-15,1.4045917368148677,0.091
2020-01-16,1.3869048361084992,0.078
2020-01-17,1.4380992620811008,0.076
2020-01-18,1.3228504383989834,0.06
2020-01-19,1.2931353388699673,0.054
2020-01-20,1.2744931581163952,0.052
2020-01-21,1.2600119334680497,0.049
2020-01-22,1.2482957838948245,0.045
2020-01-23,1.2397982673153343,0.045
2020-01-24,1.2308865423579294,0.042
2020-01-25,1.2242264391538689,0.04
2020-01-26,1.2217832424626134,0.038
2020-01-27,1.2163852493528022,0.037
2020-01-28,1.2102427000375156,0.032
2020-01-29,1.2084255498733134,0.029
2020-01-30,1.2194572725301223,0.029
2020-01-31,1.2069715451441567,0.032
2020-02-01,1.2749210196189051,0.027
2020-02-02,1.2293204204508916,0.028
2020-02-03,1.206818672350491,0.025
2020-02-04,1.1988296597639179,0.022
2020-02-05,1.1949036153269705,0.021
2020-02-06,1.1911337845385652,0.022
2020-02-07,1.187894108884025,0.024
2020-02-08,1.983896668134968,0.038
2020-02-09,1.636798496082304,0.13
2020-02-10,1.4016047185041478,0.062
2020-02-11,1.3047756222337918,0.066
2020-02-12,2.1965098990800906,0.071
2020-02-13,1.5953117125857244,0.254
2020-02-14,1.3263082419702965,0.114
2020-02-15,3.0016057254514967,0.639
2020-02-16,2.2383632993631974,0.496
2020-02-17,1.5116368071714923,0.148
2020-02-18,1.4426447152434148,0.112
2020-02-19,1.3722356792517274,0.094
2020-02-20,1.5444609260942845,0.099
2020-02-21,2.3181238418609538,0.173
2020-02-22,1.7662416311371776,0.186
2020-02-23,2.8754644100567464,0.151
2020-02-24,1.9354648341137979,0.787
2020-02-25,1.5449030427107195,0.225
2020-02-26,1.4514804640488004,0.134
2020-02-27,1.3973622103475507,0.103
2020-02-28,1.4871257644639715,0.097
2020-02-29,1.5567075875980918,0.093
2020-03-01,1.3646859539562168,0.078
2020-03-02,1.3200177731976226,0.065
2020-03-03,1.2954303899592476,0.055
2020-03-04,1.2751841867417621,0.053
2020-03-05,1.2585957833231411,0.05
2020-03-06,1.245923430255872,0.042
2020-03-07,1.2412709383118963,0.043
2020-03-08,1.2281820463878066,0.04
2020-03-09,1.3670701941146346,0.044
2020-03-10,1.2350770878178792,0.037
2020-03-11,2.3100340486281175,0.158
2020-03-12,1.5635667481241062,0.103
2020-03-13,1.2886521828758175,0.096
2020-03-14,1.2499581837882199,0.077
2020-03-15,1.2401971914904055,0.06
2020-03-16,1.2295014014768506,0.051
2020-03-17,1.2200611795938026,0.046
2020-03-18,1.2126586222652889,0.04
2020-03-19,1.2072046025611434,0.036
2020-03-20,1.2032362833952097,0.035
2020-03-21,1.1987093302265326,0.033
2020-03-22,1.1950899071888907,0.031
2020-03-23,1.1919192159336272,0.031
2020-03-24,1.1890286470237077,0.029
2020-03-25,1.1863421303553126,0.026
2020-03-26,1.1838048828262244,0.026
2020-03-27,1.181374252366933,0.024
2020-03-28,1.179016826777969,0.022
2020-03-29,1.1767065240271308,0.022
2020-03-30,1.1744231016485023,0.022
2020-03-31,1.1721509681618942,0.022
2020-04-01,1.1698782330743351,0.023
2020-04-02,1.1675959474585258,0.022
2020-04-03,1.1652974969538692,0.02
2020-04-04,1.1629781166895585,0.019
2020-04-05,1.1606345037316959,0.02
2020-04-06,1.1582645075365405,0.017
2020-04-07,1.1558668827958967,0.016
2020-04-08,1.1534410921837652,0.016
2020-04-09,1.1509871490118644,0.016
2020-04-10,1.1485054918004003,0.017
2020-04-11,1.14599688436948,0.016
2020-04-12,1.1434623363357717,0.015
2020-04-13,1.1409030399223625,0.014
2020-04-14,1.1383203198084575,0.015
2020-04-15,1.1357155934004843,0.015
2020-04-16,1.1330903394301255,0.014
2020-04-17,1.1304460732039385,0.014
2020-04-18,1.127784327164544,0.013
2020-04-19,1.1251066356916004,0.013
2020-04-20,1.1224145232853768,0.013
2020-04-21,1.1197094954474034,0.013
2020-04-22,1.1169930317099994,0.013
2020-04-23,1.1142665803763476,0.013
2020-04-24,1.1115315546206486,0.013
2020-04-25,1.1087893296682025,0.012
2020-04-26,1.1060412408314897,0.012
2020-04-27,1.1032885822233074,0.011
2020-04-28,1.1005326060040064,0.011
2020-04-29,1.0977745220486406,0.012
2020-04-30,1.0950154979428721,0.013
2020-05-01,1.18948761530373,0.033
2020-05-02,1.0980304649689996,0.012
2020-05-03,1.0875096954827266,0.029
2020-05-04,1.0840611794016448,0.012
2020-05-05,1.0812505120998586,0.011
2020-05-06,1.0785023369697377,0.01
2020-05-07,1.075765447271789,0.01
2020-05-08,1.0730359692593883,0.01
2020-05-09,1.0703142884934853,0.009
2020-05-10,1.067601145577234,0.008
2020-05-11,1.0648972826444627,0.008
2020-05-12,1.0622034121322643,0.009
2020-05-13,1.0595202148102703,0.008
2020-05-14,1.0568483404558882,0.008
2020-05-15,1.0541884087565887,0.008
2020-05-16,1.051541010217871,0.008
2020-05-17,1.048906707055574,0.008
2020-05-18,1.0462860340697246,0.007
2020-05-19,1.0436794994990641,0.007
2020-05-20,1.0410875858558069,0.007
2020-05-21,1.0385107507403866,0.006
2020-05-22,1.0359494276361092,0.008
2020-05-23,1.033404026683744,0.005
2020-05-24,1.0308749354361921,0.005
2020-05-25,1.02836251959343,0.004
2020-05-26,1.0258671237179957,0.004
2020-05-27,1.023389071931318,0.004
2020-05-28,1.0209286685912242,0.005
2020-05-29,1.018486198950988,0.005
2020-05-30,1.0160619298002882,0.005
2020-05-31,1.0136561100884702,0.005
2020-06-01,1.011268971530495,0.004
2020-06-02,1.6913096973657937,0.018
2020-06-03,1.066428468037948,0.013
2020-06-04,1.1316956504879805,0.024
2020-06-05,1.0196079513352252,0.012
2020-06-06,1.1896093731949333,0.016
2020-06-07,1.014023579796644,0.015
2020-06-08,0.9965951486733219,0.005
2020-06-09,0.9930023905573235,0.007
2020-06-10,0.990668093820996,0.012
2020-06-11,1.9928124390209714,0.042
2020-06-12,1.7151575508008257,0.033
2020-06-13,1.0482752673918867,0.027
2020-06-14,0.9877763119254808,0.011
2020-06-15,0.9804255698035932,0.009
2020-06-16,0.9778621917926051,0.007
2020-06-17,0.9757504879906269,0.005
2020-06-18,0.973698388930149,0.005
2020-06-19,0.9716703427496882,0.015
2020-06-20,0.9696631205315368,0.005
2020-06-21,0.9676764201502768,0.004
2020-06-22,0.9657101981570467,0.003
2020-06-23,0.9637644277836745,0.003
2020-06-24,0.9618390772440292,0.002
2020-06-25,0.9599341080337624,0.002
2020-06-26,0.9580494750381253,0.002
2020-06-27,1.1681217268907758,0.013
2020-06-28,0.9729370445473862,0.003
2020-06-29,0.9541864173513174,0.007
2020-06-30,0.9508642162108695,0.006
2020-07-01,1.1127122353140524,0.009
2020-07-02,0.9615363549880002,0.004
2020-07-03,1.4859624296078444,0.019
2020-07-04,0.9911295572534811,0.012
2020-07-05,0.9462506540900951,0.006
2020-07-06,0.9406927502432245,0.002
2020-07-07,0.9386769096934268,0.002
2020-07-08,0.9369989664339019,0.002
2020-07-09,0.9353691735995626,0.005
2020-07-10,1.4723399984464491,0.021
2020-07-11,0.9794291500633114,0.003
2020-07-12,0.9348448461227491,0.002
2020-07-13,0.9294353953433923,0.001
2020-07-14,0.9275540721375747,0.001
2020-07-15,0.9260086297890777,0.001
2020-07-16,0.9245103836072982,0.001
2020-07-17,0.9230330357744899,0.001
2020-07-18,0.9215740776976091,0.002
2020-07-19,0.9201331584146338,0.001
2020-07-20,0.9187101212203024,0.002
2020-07-21,0.917304825497085,0.002
2020-07-22,1.1009695954226504,0.004
2020-07-23,0.9979943662580615,0.018
2020-07-24,0.9205488478639917,0.004
2020-07-25,0.9125194951740825,0.003
2020-07-26,1.31162104376284,0.005
2020-07-27,0.9444300949407864,0.024
2020-07-28,0.9111117780452209,0.003
2020-07-29,0.9069698315850523,0.002
2020-07-30,0.9054578393422562,0.004
2020-07-31,0.9041984526984046,0.002
2020-08-01,0.9029766310871666,0.002
2020-08-02,0.9017727369725108,0.002
2020-08-03,0.900584850035636,0.002
2020-08-04,0.947356032556902,0.011
2020-08-05,0.9024627088940554,0.003
2020-08-06,0.8974923420991364,0.002
2020-08-07,0.8960228031177522,0.001
2020-08-08,0.8948807397425166,0.001
2020-08-09,0.8937818424938478,0.001
2020-08-10,0.8927002723248665,0.001
2020-08-11,0.8916335477481315,0.001
2020-08-12,0.8905813053222243,0.001
2020-08-13,0.8895433740854956,0.002
2020-08-14,0.8885196008194362,0.002
2020-08-15,0.887509834226232,0.002
2020-08-16,2.061099718359553,0.026
2020-08-17,0.9885938746323094,0.03
2020-08-18,0.893814971727958,0.006
2020-08-19,1.2675437850119653,0.021
2020-08-20,0.9163561686714714,0.008
2020-08-21,0.8847614263949454,0.004
2020-08-22,0.8810946791117291,0.003
2020-08-23,2.0545285654047243,0.055
2020-08-24,1.953756270709874,0.016
2020-08-25,2.147244651357171,0.131
2020-08-26,0.9904883959485384,0.024
2020-08-27,2.1058110568100927,0.107
2020-08-28,1.8049770058082841,0.066
2020-08-29,0.9708556934962221,0.023
2020-08-30,0.8941812857517685,0.012
2020-08-31,0.8844514588567396,0.008
2020-09-01,0.8811787683296783,0.007
2020-09-02,1.7239093629863425,0.04
2020-09-03,0.9510501333864647,0.017
2020-09-04,0.8818720021417099,0.009
2020-09-05,0.8743454843892262,0.007
2020-09-06,1.0145341198996312,0.014
2020-09-07,0.883745652521178,0.014
2020-09-08,0.8713447361635351,0.008
2020-09-09,0.869364942850691,0.007
2020-09-10,0.8683847597489047,0.007
2020-09-11,0.8675485476601275,0.006
2020-09-12,0.8667694101267935,0.006
2020-09-13,0.8660318265123772,0.006
2020-09-14,0.8653282718015055,0.005
2020-09-15,0.8646531653642164,0.006
2020-09-16,0.8640020776876975,0.005
2020-09-17,0.8633714631668338,0.006
2020-09-18,0.8627584797110581,0.005
2020-09-19,0.8621608474729642,0.005
2020-09-20,0.8615767361193637,0.007
2020-09-21,0.8610046746857206,0.005
2020-09-22,1.138470245560416,0.008
2020-09-23,2.0588730061372083,0.066
2020-09-24,2.1391879493881203,0.076
2020-09-25,1.2871130333796692,0.035
2020-09-26,0.8961068573056573,0.017
2020-09-27,0.861174850445261,0.012
2020-09-28,0.8575700510327311,0.011
2020-09-29,0.8567862074778845,0.009
2020-09-30,0.9937089090283514,0.012
2020-10-01,0.867830885933275,0.01
2020-10-02,1.36347130374398,0.015
2020-10-03,2.073987419869354,0.904
2020-10-04,2.1636964026139793,0.305
2020-10-05,2.225638896946785,0.142
2020-10-06,1.899552933670547,0.081
2020-10-07,1.8959523375203338,0.103
2020-10-08,1.0053184657139826,0.109
2020-10-09,0.9170661754814746,0.06
2020-10-10,0.9007358137691774,0.042
2020-10-11,1.0866692036226873,0.033
2020-10-12,1.527363778869705,0.1
2020-10-13,2.1012185046451575,0.322
2020-10-14,1.0718944668641122,0.18
2020-10-15,0.9608265359470023,0.1
2020-10-16,1.0174652382698837,0.076
2020-10-17,1.1847175785530053,0.087
2020-10-18,0.9519502229412091,0.069
2020-10-19,1.4575429187693154,0.072
2020-10-20,0.9890932647077009,0.086
2020-10-21,0.9545971645261783,0.07
2020-10-22,0.9296749000012381,0.053
2020-10-23,0.9177952408089252,0.049
2020-10-24,1.50110424769956,0.072
2020-10-25,0.9830772608811487,0.059
2020-10-26,0.9247385674004864,0.047
2020-10-27,1.1440037626614843,0.05
2020-10-28,0.9394313714474842,0.039
2020-10-29,1.147318539724904,0.05
2020-10-30,0.9465742575274948,0.043
2020-10-31,1.0351287457060807,0.059
2020-11-01,1.0180921462669956,0.057
2020-11-02,1.1746902758092337,0.062
2020-11-03,0.9483809237499881,0.055
2020-11-04,0.9198451298997536,0.04
2020-11-05,0.9112849007379058,0.037
2020-11-06,0.9043118130552223,0.037
2020-11-07,0.8999376518781815,0.032
2020-11-08,0.9565164019401616,0.031
2020-11-09,0.901084320737208,0.033
2020-11-10,0.8937354999771018,0.03
2020-11-11,0.9133155275497039,0.033
2020-11-12,0.8933059366576023,0.028
2020-11-13,0.958059071528275,0.025
2020-11-14,0.8965860682658507,0.04
2020-11-15,0.9419706900727038,0.039
2020-11-16,0.8942448582664565,0.029
2020-11-17,0.8886080336854788,0.027
2020-11-18,0.8876652585291782,0.026
2020-11-19,0.8868582552052109,0.019
2020-11-20,0.8865067702917566,0.02
2020-11-21,0.8860882460311912,0.019
2020-11-22,0.885809223715559,0.016
2020-11-23,0.8856054991176712,0.017
2020-11-24,0.8854426418615926,0.017
2020-11-25,0.8853059837498889,0.015
2020-11-26,0.8851853966371666,0.013
2020-11-27,0.8850730983976351,0.013
2020-11-28,0.894540534867669,0.012
2020-11-29,0.8856910067563148,0.012
2020-11-30,0.8848077564593211,0.012
2020-12-01,0.8846122397769753,0.011
2020-12-02,0.8844685962219384,0.013
2020-12-03,2.058904446006701,0.149
2020-12-04,2.400005643800324,0.843
2020-12-05,2.587987531366534,0.589
2020-12-06,2.4756167437882035,0.582
2020-12-07,1.4352491731090402,0.206
2020-12-08,1.382082244479117,0.183
2020-12-09,1.0890639197969567,0.134
2020-12-10,1.1793291047175292,0.108
2020-12-11,1.1894132272655884,0.102
2020-12-12,1.3190608493013554,0.126
2020-12-13,1.411486622342012,0.132
2020-12-14,1.0680777160452664,0.112
2020-12-15,1.0908246615143213,0.086
2020-12-16,1.1343815440566334,0.085
2020-12-17,1.0801629597807736,0.075
2020-12-18,1.3063352070849028,0.085
2020-12-19,1.0351001082754199,0.086
2020-12-20,1.0468216524604577,0.073
2020-12-21,1.165216944288671,0.08
2020-12-22,1.5216548849947957,0.072
2020-12-23,1.9988668905270652,0.324
2020-12-24,1.5427326883764136,0.262
2020-12-25,1.1406256903699927,0.149
2020-12-26,1.5577151586256157,0.156
2020-12-27,1.130413794485518,0.146
2020-12-28,1.4048927869170702,0.103
2020-12-29,1.1342780705286415,0.11
2020-12-30,1.0601287036103797,0.089
2020-12-31,1.4190016069330924,0.076
2021-01-01,1.200289323162244,0.082
2021-01-02,2.6001757098766114,0.147
2021-01-03,2.8308489982108704,0.685
2021-01-04,1.9392697029265407,0.392
2021-01-05,2.6455677323198135,0.351
2021-01-06,1.6571066134843688,0.369
2021-01-07,3.015107426579272,0.283
2021-01-08,2.2431837823961733,0.457
2021-01-09,1.7016350981134025,0.287
2021-01-10,1.4146077053189552,0.39
2021-01-11,2.0716313406629485,0.344
2021-01-12,1.4124365886896566,0.235
2021-01-13,2.9666541412464413,0.223
2021-01-14,2.7832681189328623,0.896
2021-01-15,2.465206436629876,0.302
2021-01-16,1.6121402412315629,0.633
2021-01-17,1.452981324775548,0.304
2021-01-18,1.777967013017625,0.198
2021-01-19,3.3419514286509284,0.937
2021-01-20,3.8972272680075317,1.62
2021-01-21,3.296841163898071,0.844
2021-01-22,2.542453902417147,0.321
2021-01-23,1.7375770105773332,0.188
2021-01-24,1.5763281475576287,0.142
2021-01-25,1.494305680433411,0.117
2021-01-26,1.4945607753361787,0.106
2021-01-27,3.128025013995046,0.229
2021-01-28,3.2182369987835484,0.814
2021-01-29,2.077473418765961,0.466
2021-01-30,1.671520605811622,0.226
2021-01-31,1.5655472216355335,0.158
2021-02-01,2.0587021826061513,0.127
2021-02-02,3.9758459839626084,1.43
2021-02-03,4.023090590789332,2.07
2021-02-04,3.7956836346728946,0.78
2021-02-05,3.9847406341809375,1.34
2021-02-06,4.006411670114714,1.4
2021-02-07,3.6451917315510496,0.554
2021-02-08,3.2736795929210363,0.287
2021-02-09,2.384747362094805,0.201
2021-02-10,2.233109500722765,0.163
2021-02-11,1.9391225400360639,0.136
2021-02-12,1.880556741689131,0.116
2021-02-13,1.7469710661011275,0.1
2021-02-14,1.688547861563367,0.098
2021-02-15,1.6378485785343344,0.287
2021-02-16,1.6062085333152794,0.214
2021-02-17,1.5741216722303737,0.154
2021-02-18,1.5552274080306938,0.126
2021-02-19,1.5371757799136827,0.106
2021-02-20,1.5296698726235853,0.094
2021-02-21,1.982900772366666,0.085
2021-02-22,1.6146214309366351,0.105
2021-02-23,1.5684115701366257,0.089
2021-02-24,1.5505835748157613,0.078
2021-02-25,1.5402255580228064,0.066
2021-02-26,1.5325134125802358,0.058
2021-02-27,1.5277723807898576,0.054
2021-02-28,1.5247751814766637,0.051
2021-03-01,1.5227893712523348,0.049
2021-03-02,1.5215756635588051,0.046
2021-03-03,1.5255982592909316,0.044
2021-03-04,1.6130194810083844,0.042
2021-03-05,1.5389594841987821,0.039
2021-03-06,1.5300266087619232,0.037
2021-03-07,1.5302916494234022,0.036
2021-03-08,1.528329749534099,0.035
2021-03-09,1.5274127102377446,0.038
2021-03-10,2.0256996579221074,0.061
2021-03-11,1.5858831211590658,0.046
2021-03-12,1.9521178013929577,0.052
2021-03-13,1.5915521186398123,0.062
2021-03-14,1.5508077124130937,0.045
2021-03-15,1.6135353430364858,0.04
2021-03-16,1.549972399828934,0.036
2021-03-17,1.53859001078404,0.033
2021-03-18,1.5340975285673735,0.032
2021-03-19,1.5283021009430964,0.031
2021-03-20,1.523199025777752,0.029
2021-03-21,1.5190390523157171,0.027
2021-03-22,1.5151806196005095,0.026
2021-03-23,1.511493726770518,0.026
2021-03-24,1.5079105477804369,0.024
2021-03-25,1.504381419950757,0.024
2021-03-26,1.5008682974474914,0.023
2021-03-27,1.4973421229511985,0.02
2021-03-28,1.4937809630451577,0.02
2021-03-29,1.4901685392245145,0.018
2021-03-30,1.4864930558156282,0.018
2021-03-31,1.4827462636179007,0.017
2021-04-01,1.4789227119334782,0.016
2021-04-02,1.4750191512645048,0.015
2021-04-03,1.4710340565156748,0.015
2021-04-04,1.4669672465741617,0.017
2021-04-05,1.4628195809653415,0.015
2021-04-06,1.458592718143698,0.014
2021-04-07,1.45428892306704,0.014
2021-04-08,1.4499109141731386,0.015
2021-04-09,1.4454617418546671,0.013
2021-04-10,1.4409446921097293,0.013
2021-04-11,1.436363210310361,0.012
2021-04-12,1.4317208410434774,0.011
2021-04-13,1.427021180788371,0.01
2021-04-14,1.4222678408425757,0.01
2021-04-15,1.4174644184260585,0.01
2021-04-16,1.4126144743082178,0.01
2021-04-17,1.407721515633745,0.01
2021-04-18,1.4027889828886908,0.01
2021-04-19,1.3978202401602584,0.01
2021-04-20,1.3928185680136094,0.01
2021-04-21,1.3877871584447463,0.009
2021-04-22,1.3827291114771623,0.009
2021-04-23,1.377647433056831,0.008
2021-04-24,1.3725450339696066,0.008
2021-04-25,1.3674247295606992,0.008
2021-04-26,1.3622892400803435,0.01
2021-04-27,1.8403835238667232,0.024
2021-04-28,1.3943844441116433,0.014
2021-04-29,1.350623829764582,0.011
2021-04-30,1.341990931562835,0.009
2021-05-01,1.3365039381594968,0.009
2021-05-02,1.3313008826918173,0.008
2021-05-03,2.0856017734144654,0.032
2021-05-04,1.387593757424235,0.019
2021-05-05,1.321772056720775,0.017
2021-05-06,1.3111733753453538,0.012
2021-05-07,1.3109092576619796,0.015
2021-05-08,1.5638377973165087,0.038
2021-05-09,1.3183397989175218,0.014
2021-05-10,1.4933653717659867,0.027
2021-05-11,1.6164983923579321,0.045
2021-05-12,1.309051908091297,0.025
2021-05-13,1.2774829209135432,0.015
2021-05-14,1.2700613680172073,0.013
2021-05-15,1.2648240468542395,0.012
2021-05-16,1.2598042263252673,0.011
2021-05-17,1.7156640039264104,0.027
2021-05-18,1.2903072394666688,0.012
2021-05-19,1.2485733441934634,0.01
2021-05-20,1.7838772800534388,0.032
2021-05-21,1.3955744268476271,0.033
2021-05-22,1.244490299842022,0.018
2021-05-23,1.314372826483521,0.025
2021-05-24,1.2285126044614931,0.016
2021-05-25,1.6765953658160595,0.017
2021-05-26,1.2516445352826664,0.024
2021-05-27,1.2101564831000065,0.012
2021-05-28,1.2021920773122627,0.01
2021-05-29,1.1972623007855718,0.008
2021-05-30,1.1926373360155045,0.008
2021-05-31,1.1880708834181244,0.008
2021-06-01,1.183541044542034,0.007
2021-06-02,1.179046238079343,0.007
2021-06-03,1.1745866981922577,0.006
2021-06-04,1.1701627961076362,0.005
2021-06-05,1.1657748886688717,0.005
2021-06-06,1.1614233055148402,0.005
2021-06-07,1.1571083488219802,0.007
2021-06-08,1.1528302941615038,0.005
2021-06-09,1.148589391432683,0.004
2021-06-10,1.1443858657784984,0.004
2021-06-11,1.1402199184757693,0.003
2021-06-12,1.1360917277996694,0.003
2021-06-13,1.1320014498632316,0.003
2021-06-14,1.1279492194324805,0.003
2021-06-15,1.1239351507178368,0.003
2021-06-16,1.1199593381424067,0.003
2021-06-17,1.1160218570877705,0.002
2021-06-18,1.1121227646178564,0.002
2021-06-19,1.108262100181482,0.002
2021-06-20,1.1044398862941205,0.002
2021-06-21,1.100656129199448,0.002
2021-06-22,1.0969108195112016,0.001
2021-06-23,1.0932039328358736,0.001
2021-06-24,1.7271375063489423,0.023
2021-06-25,1.4055391968038842,0.015
2021-06-26,1.1104725098697368,0.014
2021-06-27,1.0812910083507035,0.005
2021-06-28,1.075473138099656,0.003
2021-06-29,1.0717871737217135,0.002
2021-06-30,1.0683285278868728,0.002
2021-07-01,1.0649248216625775,0.002
2021-07-02,1.0615602974453628,0.001
2021-07-03,1.0582333928422722,0.003
2021-07-04,2.229529620511822,0.087
2021-07-05,2.32933937309835,0.058
2021-07-06,2.335375863982635,0.081
2021-07-07,1.158448501070067,0.019
2021-07-08,1.0523202966808411,0.008
2021-07-09,1.0399697474647847,0.006
2021-07-10,1.036064035885374,0.005
2021-07-11,1.0329548873185121,0.004
2021-07-12,1.0622114928679611,0.018
2021-07-13,1.0298187153411738,0.005
2021-07-14,1.0243155748186927,0.003
2021-07-15,1.0211930783619951,0.003
2021-07-16,1.018315706827844,0.002
2021-07-17,1.015492007845199,0.002
2021-07-18,1.0127044525261397,0.002
2021-07-19,1.0099512253799163,0.002
2021-07-20,1.0072319322080574,0.002
2021-07-21,1.004546304584112,0.001
2021-07-22,1.0018940824810636,0.001
2021-07-23,0.9992750038272117,0.001
2021-07-24,0.9966888037641618,0.0
2021-07-25,0.9941352147789014,0.001
2021-07-26,0.9916139669082683,0.001
2021-07-27,0.9891247879432642,0.002
2021-07-28,0.9866674036268116,0.002
2021-07-29,0.9842415378445544,0.0
2021-07-30,1.0387516658998337,0.006
2021-07-31,1.1029904958529342,0.018
2021-08-01,0.9879973322397269,0.002
2021-08-02,0.9758217395783265,0.001
2021-08-03,0.9726633491860536,0.002
2021-08-04,0.9703405755184065,0.004
2021-08-05,1.0705039691654488,0.01
2021-08-06,1.2079150759361958,0.032
2021-08-07,0.9850311313043764,0.008
2021-08-08,1.199919239602599,0.014
2021-08-09,0.980468296608018,0.006
2021-08-10,0.959364684289726,0.002
2021-08-11,0.9556153708497411,0.003
2021-08-12,0.953446685068808,0.002
2021-08-13,0.9514457021102514,0.002
2021-08-14,0.9494844352454461,0.002
2021-08-15,0.9475510197592241,0.004
2021-08-16,0.9456441206210802,0.002
2021-08-17,0.9437633592377942,0.002
2021-08-18,0.9419084445666456,0.0
2021-08-19,0.9400790942905942,0.0
2021-08-20,1.0926347713521207,0.001
2021-08-21,2.124625809483087,0.109
2021-08-22,1.0390196356156436,0.02
2021-08-23,0.9423736418797197,0.007
2021-08-24,0.9321530313209441,0.004
2021-08-25,0.9297010330665073,0.002
2021-08-26,0.9279729819377802,0.003
2021-08-27,0.9263317953542559,0.001
2021-08-28,0.924719454950984,0.001
2021-08-29,0.9231304493169342,0.001
2021-08-30,0.9215640346842957,0.001
2021-08-31,0.9200199016646325,0.0
2021-09-01,0.918497781803756,0.0
2021-09-02,0.9169974118874362,0.0
2021-09-03,0.9155185307348569,0.001
2021-09-04,0.9140608789406215,0.002
2021-09-05,0.9126241988826017,0.001
2021-09-06,0.9112082347520435,0.002
2021-09-07,0.9098127325838692,0.0
2021-09-08,0.9084374402852358,0.0
2021-09-09,0.9070821076622286,0.002
2021-09-10,0.9057464864447423,0.001
2021-09-11,0.9044303303096051,0.0
2021-09-12,0.9031333949020102,0.002
2021-09-13,0.9018554378553097,0.0
2021-09-14,0.9218794926031026,0.003
2021-09-15,0.9012229663227737,0.001
2021-09-16,0.8983006861464958,0.0
2021-09-17,0.8969437833479351,0.0
2021-09-18,0.8957433622722997,0.0
2021-09-19,0.8945730483012873,0.0
2021-09-20,0.893421210419271,0.0
2021-09-21,0.8922865886592195,0.0
2021-09-22,0.891168865329395,0.0
2021-09-23,0.890067810188407,0.0
2021-09-24,0.8889832028576059,0.0
2021-09-25,0.8879148257793937,0.0
2021-09-26,1.895017538027034,0.003
2021-09-27,1.0550492844435404,0.041
2021-09-28,1.3136240996472957,0.033
2021-09-29,0.9214614217428034,0.005
2021-09-30,1.1303885410833276,0.012
2021-10-01,0.9035662238975217,0.006
2021-10-02,1.2151791707958448,0.011
2021-10-03,0.9497034295346259,0.007
2021-10-04,2.0597628273824746,0.066
2021-10-05,2.2024449140965143,0.711
2021-10-06,2.1868812005978064,0.098
2021-10-07,2.0038943174128994,0.043
2021-10-08,0.9866241493034246,0.027
2021-10-09,0.8945642785018532,0.016
2021-10-10,0.8835883468409966,0.012
2021-10-11,0.8804698897212159,0.014
2021-10-12,0.8783634889832084,0.017
2021-10-13,0.8765912290762954,0.009
2021-10-14,1.2535507855841597,0.017
2021-10-15,0.9068874104810596,0.009
2021-10-16,0.8754324468600975,0.007
2021-10-17,0.8716122565924508,0.006
2021-10-18,0.9381235260573435,0.008
2021-10-19,0.8753405864072467,0.018
2021-10-20,1.2015196970905935,0.019
2021-10-21,0.8969173433830858,0.014
2021-10-22,0.8695422115126565,0.008
2021-10-23,0.8664142240488659,0.007
2021-10-24,0.8654865092699578,0.007
2021-10-25,0.8647806591539413,0.006
2021-10-26,0.8641145540869327,0.005
2021-10-27,0.8634690483589237,0.006
2021-10-28,1.01663994722637,0.008
2021-10-29,0.8757211326831594,0.012
2021-10-30,1.1990004512419343,0.011
2021-10-31,1.847605217863851,0.086
2021-11-01,0.94717809936803,0.037
2021-11-02,0.8680490637940632,0.021
2021-11-03,1.2556844383814876,0.041
2021-11-04,0.8958279416032602,0.029
2021-11-05,0.8633836886260479,0.022
2021-11-06,0.878001859529614,0.019
2021-11-07,0.8605500385879722,0.013
2021-11-08,0.8582420478930164,0.014
2021-11-09,0.857349683061507,0.015
2021-11-10,0.8566372389263583,0.013
2021-11-11,0.8559844128423914,0.01
2021-11-12,0.8553726781028524,0.009
2021-11-13,0.8547942300293989,0.006
2021-11-14,0.8542434534232406,0.005
2021-11-15,0.9310077944139034,0.008
2021-11-16,0.8599898815891698,0.007
2021-11-17,0.8533257750194089,0.009
2021-11-18,0.8522955097153597,0.009
2021-11-19,0.8517815702149623,0.005
2021-11-20,0.851324369482759,0.005
2021-11-21,1.1273958344260893,0.012
2021-11-22,0.8747099702351783,0.007
2021-11-23,0.8522003073571988,0.005
2021-11-24,0.849801579117029,0.005
2021-11-25,0.8492117616419095,0.005
2021-11-26,2.023377343869101,0.69
2021-11-27,2.133178303877957,0.434
2021-11-28,2.1440682708487,0.131
2021-11-29,1.0190818809596278,0.092
2021-11-30,1.8212754918331249,0.147
2021-12-01,1.0753143329606056,0.177
2021-12-02,0.9099635790610628,0.119
2021-12-03,0.9080432484365895,0.08
2021-12-04,2.220289860773488,0.358
2021-12-05,2.3554844304944575,0.646
2021-12-06,1.5920350573797044,0.289
2021-12-07,1.3813607011912254,0.291
2021-12-08,1.010725455451879,0.177
2021-12-09,1.7762913710546222,0.268
2021-12-10,1.0633455993326384,0.188
2021-12-11,1.0910026762549356,0.136
2021-12-12,0.9727681952430887,0.115
2021-12-13,0.9437094158760931,0.101
2021-12-14,0.9270929395644949,0.081
2021-12-15,0.9145999178908124,0.067
2021-12-16,0.9048977741498365,0.058
2021-12-17,0.8981270720070176,0.052
2021-12-18,0.9270519070141902,0.047
2021-12-19,0.996024987569186,0.047
2021-12-20,0.9044503810196916,0.046
2021-12-21,0.8916455241350626,0.043
2021-12-22,1.129766933404796,0.05
2021-12-23,1.7494189178462929,0.091
2021-12-24,1.1089515337854137,0.127
2021-12-25,1.2128381768608352,0.094
2021-12-26,1.443104108186389,0.176
2021-12-27,1.380960906131997,0.13
2021-12-28,1.1424347573466989,0.147
2021-12-29,1.4844397514172265,0.198
2021-12-30,2.553052996355824,0.527
2021-12-31,1.738989561608916,0.571
2022-01-01,1.1345095850835254,0.222
2022-01-02,1.0489569196050383,0.147
2022-01-03,2.2939294653748523,0.228
2022-01-04,1.1990880678981763,0.17
2022-01-05,1.0691466389196964,0.115
2022-01-06,1.2870855802027559,0.101
2022-01-07,1.3713866829678907,0.089
2022-01-08,1.0714118599389117,0.114
2022-01-09,1.0219834074184988,0.098
2022-01-10,1.000289699030154,0.083
2022-01-11,0.9872537135337,0.072
2022-01-12,0.9720129520609446,0.065
2022-01-13,0.9626152091359335,0.06
2022-01-14,0.9566205152789149,0.055
2022-01-15,1.0154202458156656,0.052
2022-01-16,0.9604146186784397,0.045
2022-01-17,0.9522898818134219,0.04
2022-01-18,0.9517652164398995,0.041
2022-01-19,0.9460498371212629,0.037
2022-01-20,0.9438183185629753,0.032
2022-01-21,0.9417373420366328,0.032
2022-01-22,0.9407617846810441,0.03
2022-01-23,0.9401920402833626,0.029
2022-01-24,0.9402804107425662,0.027
2022-01-25,0.9400567395398733,0.026
2022-01-26,0.9404272353092457,0.027
2022-01-27,0.939908475161902,0.024
2022-01-28,0.9402182000378708,0.024
2022-01-29,0.9402142808298366,0.021
2022-01-30,0.9606958688000086,0.024
2022-01-31,0.9440940960674186,0.021
2022-02-01,0.9424475677596291,0.021
2022-02-02,0.9422253564836887,0.019
2022-02-03,0.9423460410176528,0.021
2022-02-04,0.9421228709622707,0.018
2022-02-05,1.27974544669428,0.024
2022-02-06,0.9747941359108298,0.029
2022-02-07,0.9462997348844496,0.019
2022-02-08,0.9441168530599663,0.019
2022-02-09,0.9429672966710723,0.018
2022-02-10,0.9424638502782072,0.016
2022-02-11,0.9421981685995054,0.014
2022-02-12,0.9418392998579379,0.017
2022-02-13,1.4883591217368124,0.027
2022-02-14,1.0690274197455247,0.043
2022-02-15,1.112001030346045,0.035
2022-02-16,1.0034375558186814,0.047
2022-02-17,1.4663736440896553,0.046
2022-02-18,1.081559891546662,0.111
2022-02-19,1.2100266157384056,0.082
2022-02-20,2.2722692282594386,0.447
2022-02-21,1.128400913776778,0.254
2022-02-22,1.0077086012347505,0.14
2022-02-23,1.1094137836459768,0.109
2022-02-24,1.011031763001483,0.084
2022-02-25,0.9877508361735426,0.065
2022-02-26,0.9773937911299753,0.058
2022-02-27,0.9753297274259809,0.052
2022-02-28,1.2620250343487234,0.059
2022-03-01,1.004176348352201,0.049
2022-03-02,0.9808397004031061,0.049
2022-03-03,2.0546346061339906,0.102
2022-03-04,1.1128015061271241,0.229
2022-03-05,1.0090521676087703,0.117
2022-03-06,0.9883417976797938,0.091
2022-03-07,0.9773001816997697,0.076
2022-03-08,0.9699460273377486,0.064
2022-03-09,0.9641806493425786,0.053
2022-03-10,0.9595182290318626,0.047
2022-03-11,0.9576008177438595,0.046
2022-03-12,0.9529510990380482,0.039
2022-03-13,0.9501310092868622,0.034
2022-03-14,0.9480364013150574,0.029
2022-03-15,0.946200665289475,0.029
2022-03-16,1.0677831322538405,0.029
2022-03-17,0.9541655953650461,0.024
2022-03-18,0.9431803589352409,0.022
2022-03-19,0.9412675336237906,0.022
2022-03-20,0.940249660443451,0.023
2022-03-21,0.939373875172049,0.021
2022-03-22,0.938555887310966,0.02
2022-03-23,0.9377752741803839,0.019
2022-03-24,0.937020156560077,0.019
2022-03-25,0.936281626037269,0.017
2022-03-26,0.9355527939492468,0.016
2022-03-27,0.9348283490274618,0.017
2022-03-28,0.93410423259926,0.065
2022-03-29,1.7069683753448293,0.06
2022-03-30,1.2056265794469183,0.052
2022-03-31,1.3059386949474672,0.053
2022-04-01,0.9640326024458943,0.075
2022-04-02,0.9333583757158341,0.046
2022-04-03,0.9299090829474566,0.037
2022-04-04,0.9288930146593924,0.032
2022-04-05,0.9280885904376022,0.029
2022-04-06,1.3845493984616812,0.046
2022-04-07,0.9666155000723196,0.037
2022-04-08,0.9292870765976893,0.026
2022-04-09,0.9251940078086107,0.021
2022-04-10,0.9240726802124201,0.019
2022-04-11,0.9232134323519079,0.019
2022-04-12,1.259767654692536,0.034
2022-04-13,0.951130191547537,0.021
2022-04-14,0.9233320020663766,0.018
2022-04-15,0.9200579956304251,0.016
2022-04-16,0.9189776280756449,0.015
2022-04-17,0.9180916653009532,0.017
2022-04-18,0.917219821560952,0.015
2022-04-19,0.9163461766333583,0.014
2022-04-20,0.915469703377949,0.013
2022-04-21,0.9145907154266376,0.011
2022-04-22,0.9137096364473065,0.011
2022-04-23,0.9128268879930116,0.011
2022-04-24,0.9119428790837576,0.01
2022-04-25,0.9110580051533189,0.01
2022-04-26,0.9101726479452978,0.009
2022-04-27,0.9092871755722898,0.008
2022-04-28,0.9084019426493641,0.008
2022-04-29,0.9075172904799416,0.008
2022-04-30,1.1127452513901017,0.017
2022-05-01,0.923835971011644,0.014
2022-05-02,0.9064935243489375,0.011
2022-05-03,0.9041377417447555,0.009
2022-05-04,0.9031271081735724,0.016
2022-05-05,0.9022402805762274,0.009
2022-05-06,0.9013670855590056,0.009
2022-05-07,0.9004977538355129,0.007
2022-05-08,0.8996316102401734,0.007
2022-05-09,0.8987687956711499,0.008
2022-05-10,0.8979095159702495,0.007
2022-05-11,0.8970539739900517,0.008
2022-05-12,0.8962023636926292,0.005
2022-05-13,0.8953548698766247,0.005
2022-05-14,0.8945116684100396,0.004
2022-05-15,1.3780354311595968,0.007
2022-05-16,1.264893110141968,0.059
2022-05-17,0.9247408949009022,0.017
2022-05-18,0.8941259868267433,0.01
2022-05-19,0.8906317659158348,0.007
2022-05-20,0.8895755347421448,0.006
2022-05-21,0.8887446577161853,0.005
2022-05-22,0.8879391497367871,0.005
2022-05-23,0.8871409704838364,0.004
2022-05-24,1.1793856482253524,0.014
2022-05-25,0.911273973462002,0.005
2022-05-26,0.887089210208324,0.005
2022-05-27,0.8842148725142374,0.002
2022-05-28,0.883255965476091,0.002
2022-05-29,0.8824757499200513,0.004
2022-05-30,1.2800505625925487,0.019
2022-05-31,1.2129872253076122,0.033
2022-06-01,0.9094253518787072,0.008
2022-06-02,0.8821074240343276,0.007
2022-06-03,0.8789891311353617,0.005
2022-06-04,0.8780476443437207,0.003
2022-06-05,0.8773088741999326,0.003
2022-06-06,0.8765943404301703,0.008
2022-06-07,1.1962571629153964,0.005
2022-06-08,0.9032983521668063,0.018
2022-06-09,0.8770182262402559,0.004
2022-06-10,0.8740362945730926,0.004
2022-06-11,0.8731484799225948,0.002
2022-06-12,0.8724559882005134,0.002
2022-06-13,0.8717871840612987,0.002
2022-06-14,0.8711265092063085,0.001
2022-06-15,0.8704725545301163,0.001
2022-06-16,0.8698251927730538,0.001
2022-06-17,0.8691844106547707,0.001
2022-06-18,0.8685502029221313,0.001
2022-06-19,0.867922562820585,0.001
2022-06-20,0.8673014813196014,0.001
2022-06-21,0.8666869471304156,0.001
2022-06-22,0.8660789467930686,0.001
2022-06-23,0.8654774647671403,0.0
2022-06-24,0.8648824835202958,0.002
2022-06-25,0.8642939836141728,0.0
2022-06-26,0.8637119437876326,0.0
2022-06-27,0.8631363410374484,0.0
2022-06-28,0.8625671506964914,0.001
2022-06-29,0.8620043465094884,0.004
2022-06-30,1.0041578523558474,0.052
2022-07-01,0.8734196410513003,0.007
2022-07-02,0.861478054697933,0.002
2022-07-03,0.8599181123102255,0.001
2022-07-04,0.8592943214640144,0.0
2022-07-05,0.8587608156915253,0.0
2022-07-06,0.8582410994722669,0.001
2022-07-07,0.8577282027921961,0.0
2022-07-08,0.857221458744215,0.0
2022-07-09,0.8567207717144704,0.0
2022-07-10,0.8562260971550844,0.0
2022-07-11,0.8557373943911472,0.0
2022-07-12,0.8552546223797118,0.0
2022-07-13,0.8547777393680646,0.0
2022-07-14,0.8543067029046701,0.0
2022-07-15,0.853841469880793,0.002
2022-07-16,0.8533819965734248,0.0
2022-07-17,0.852928238687114,0.0
2022-07-18,0.8524801513943409,0.0
2022-07-19,0.8520376893745182,0.0
2022-07-20,0.8516008068516454,0.0
2022-07-21,0.8511694576306522,0.0
2022-07-22,0.8507435951324728,0.0
2022-07-23,0.8503231724278829,0.0
2022-07-24,0.8499081422701382,0.001
2022-07-25,1.586347799316375,0.023
2022-07-26,0.9137477389095755,0.001
2022-07-27,0.854498898559585,0.0
2022-07-28,0.848826084757395,0.0
2022-07-29,0.8479598368972403,0.0
2022-07-30,1.1049484463481019,0.009
2022-07-31,0.8697368144340736,0.01
2022-08-01,0.84880391267142,0.01
2022-08-02,0.8465910633686347,0.002
2022-08-03,0.8460605085576581,0.0
2022-08-04,0.8456864878697091,0.0
2022-08-05,0.8453310337499208,0.0
2022-08-06,0.8449815906442903,0.0
2022-08-07,0.8446369743848858,0.0
2022-08-08,0.8442970330663547,0.0
2022-08-09,0.843961708582121,0.001
2022-08-10,0.8436309514219941,0.0
2022-08-11,0.8433047129489333,0.0
2022-08-12,0.8429829447116111,0.0
2022-08-13,0.8426655983953775,0.0
2022-08-14,0.8423526258306286,0.0
2022-08-15,0.8420439790058268,0.0
2022-08-16,0.8419636445413877,0.007
2022-08-17,0.8414591289433774,0.0
2022-08-18,0.8411452801542187,0.0
2022-08-19,0.8408518547657691,0.0
2022-08-20,1.499001258546951,0.032
2022-08-21,0.898053802821986,0.003
2022-08-22,0.8451869149217153,0.001
2022-08-23,1.1339032240388116,0.005
2022-08-24,0.8652665917857655,0.014
2022-08-25,0.8415023347731774,0.001
2022-08-26,0.8391304789983028,0.0
2022-08-27,0.8386794333489228,0.0
2022-08-28,0.8384054546653693,0.0
2022-08-29,0.8381508732445029,0.0
2022-08-30,0.8379013510037464,0.0
2022-08-31,0.8376555463362958,0.0
2022-09-01,0.8374132976493519,0.0
2022-09-02,0.8371745507904882,0.0
2022-09-03,0.836939261656493,0.003
2022-09-04,0.8367073873526897,0.006
2022-09-05,0.8364788853938565,0.004
2022-09-06,1.0708177942897819,0.018
2022-09-07,0.8566132812203054,0.002
2022-09-08,2.0122465880945164,0.077
2022-09-09,2.113412868777817,0.28
2022-09-10,2.1225757089157358,0.059
2022-09-11,1.1110273182785981,0.031
2022-09-12,0.8596403370321198,0.016
2022-09-13,0.8369900702934937,0.007
2022-09-14,0.8347686192373515,0.005
2022-09-15,0.8343885119916168,0.003
2022-09-16,0.8341777889326953,0.002
2022-09-17,0.8339850581042976,0.002
2022-09-18,0.833796550026616,0.002
2022-09-19,0.8336109804318955,0.002
2022-09-20,0.8334281988948801,0.001
2022-09-21,0.8332481582863278,0.001
2022-09-22,1.4545424159695488,0.04
2022-09-23,1.0787516144491531,0.012
2022-09-24,0.8544068256162508,0.007
2022-09-25,0.8345045627501536,0.005
2022-09-26,0.8469025087635599,0.004
2022-09-27,0.8334975324846217,0.009
2022-09-28,1.3820685497873597,0.032
2022-09-29,0.880161965935143,0.015
2022-09-30,1.5397697290376389,0.05
2022-10-01,0.8937269024605965,0.016
2022-10-02,0.8370167220295429,0.007
2022-10-03,0.8317931590423208,0.005
2022-10-04,1.3077079356378638,0.018
2022-10-05,0.8728112673355963,0.026
2022-10-06,1.314263984381512,0.014
2022-10-07,0.900022029566486,0.063
2022-10-08,0.8367405756011072,0.018
2022-10-09,1.2353746875418155,0.024
2022-10-10,0.865868049631124,0.015
2022-10-11,0.8333620808443063,0.009
2022-10-12,0.8303276852447133,0.007
2022-10-13,0.8299366668894452,0.006
2022-10-14,0.8771697702221667,0.012
2022-10-15,0.9536759282657796,0.014
2022-10-16,1.1506029853586222,0.024
2022-10-17,0.8576104203615678,0.019
2022-10-18,0.8318296599163398,0.009
2022-10-19,0.8876592120491169,0.008
2022-10-20,2.0087837299911335,0.175
2022-10-21,1.2158959018972852,0.073
2022-10-22,0.8630182057871796,0.036
2022-10-23,1.1422497814516581,0.056
2022-10-24,0.859972577610306,0.038
2022-10-25,0.8358406066057298,0.025
2022-10-26,0.8316896940590782,0.019
2022-10-27,0.8971099860430211,0.013
2022-10-28,0.8375613209066723,0.018
2022-10-29,0.8321756022535908,0.013
2022-10-30,0.8306230550405975,0.011
2022-10-31,1.9875294615690735,0.065
2022-11-01,0.9311822847304226,0.066
2022-11-02,1.1193189740461815,0.065
2022-11-03,0.8578097551975215,0.042
2022-11-04,0.8345795552431092,0.025
2022-11-05,0.880624358035281,0.029
2022-11-06,0.8361879025527398,0.024
2022-11-07,0.9291056124051356,0.021
2022-11-08,0.8411859034698992,0.019
2022-11-09,0.8321095283999355,0.013
2022-11-10,0.8307542930574775,0.011
2022-11-11,0.8300113235223778,0.009
2022-11-12,0.8295431999502278,0.008
2022-11-13,0.8291744804511803,0.009
2022-11-14,0.828874117783249,0.008
2022-11-15,2.003213056399558,0.103
2022-11-16,2.152239018861296,0.181
2022-11-17,2.3262008893876307,1.89
2022-11-18,2.261647255235138,0.588
2022-11-19,2.3850761120436603,0.283
2022-11-20,2.2777686422291628,0.288
2022-11-21,1.9451406392624166,0.146
2022-11-22,1.029413594158563,0.106
2022-11-23,0.9836764133750443,0.09
2022-11-24,1.2735183401933878,0.098
2022-11-25,0.9621247807609284,0.088
2022-11-26,0.9229873023931024,0.075
2022-11-27,0.9028697448922458,0.064
2022-11-28,0.8954165287647641,0.053
2022-11-29,0.8838844023078738,0.045
2022-11-30,0.8758347610021048,0.039
2022-12-01,0.9697218330552355,0.036
2022-12-02,0.9880281481737534,0.036
2022-12-03,1.1918426886763975,0.047
2022-12-04,1.5838704392152445,0.094
2022-12-05,1.1840657572800932,0.104
2022-12-06,1.4391553884650654,0.114
2022-12-07,1.0094270437275146,0.091
2022-12-08,1.171452562749435,0.081
2022-12-09,0.9706037286199858,0.07
2022-12-10,0.9388956929189457,0.055
2022-12-11,1.0713603067718045,0.046
2022-12-12,0.937963847968636,0.039
2022-12-13,0.9165794165737944,0.034
2022-12-14,0.9068739906428569,0.029
2022-12-15,0.9024453431978544,0.025
2022-12-16,0.9677353263144601,0.023
2022-12-17,0.9067099518257516,0.026
2022-12-18,1.0939553371937862,0.034
2022-12-19,0.924181374773922,0.089
2022-12-20,0.9048353880661827,0.09
2022-12-21,0.8979479657922822,0.075
2022-12-22,0.9523396593268453,0.061
2022-12-23,2.2482610980287125,0.289
2022-12-24,1.1226990980759588,0.189
2022-12-25,1.9136911842674487,0.297
2022-12-26,1.1017276523508037,0.267
2022-12-27,1.0968000615417943,0.164
2022-12-28,1.5482810990932998,0.213
2022-12-29,1.0686208545529337,0.145
2022-12-30,1.0078183418020945,0.114
2022-12-31,2.6166912636829593,0.474
2023-01-01,2.032969898442519,0.378
2023-01-02,1.1968287406398845,0.169
2023-01-03,1.133971280343876,0.138
2023-01-04,1.0651523226005715,0.124
2023-01-05,1.2229075272749608,0.116
2023-01-06,1.3378087586145029,0.106
2023-01-07,1.1552477340459413,0.12
2023-01-08,1.5481470803937096,0.148
2023-01-09,1.1693802184927564,0.129
2023-01-10,1.754430796881489,0.265
2023-01-11,1.2421914602193134,0.164
2023-01-12,1.1014914113736325,0.132
2023-01-13,1.3276774927503192,0.111
2023-01-14,1.0898648328029696,0.107
2023-01-15,1.1410473517506659,0.085
2023-01-16,1.0461675392421081,0.076
2023-01-17,1.0232311539016696,0.064
2023-01-18,1.0096982059910877,0.054
2023-01-19,1.0027380505909853,0.048
2023-01-20,0.9954934842880078,0.041
2023-01-21,0.9867479013962064,0.038
2023-01-22,0.9822902244545819,0.037
2023-01-23,0.9788372613153716,0.038
2023-01-24,0.9765124216405828,0.042
2023-01-25,0.9748755070344292,0.04
2023-01-26,1.14041164697371,0.041
2023-01-27,1.0366254643844448,0.042
2023-01-28,0.9942500572964854,0.044
2023-01-29,0.9867081689763331,0.043
2023-01-30,0.9838317978880688,0.037
2023-01-31,1.1392846521451365,0.041
2023-02-01,1.0011472006280915,0.041
2023-02-02,0.9866532336349743,0.036
2023-02-03,0.9836328699199314,0.031
2023-02-04,0.9819070067529223,0.029
2023-02-05,0.9806965847447644,0.026
2023-02-06,0.9797776263475977,0.027
2023-02-07,0.9790656498670723,0.026
2023-02-08,0.9785054940913125,0.026
2023-02-09,0.9780537152426513,0.023
2023-02-10,0.9776749930339615,0.023
2023-02-11,0.9773448683184818,0.02
2023-02-12,0.9770419408996994,0.02
2023-02-13,0.9767499369761123,0.021
2023-02-14,0.9764563592488856,0.021
2023-02-15,0.9761516488630763,0.021
2023-02-16,0.9824375948691676,0.022
2023-02-17,1.4460859683560572,0.036
2023-02-18,1.5560492444397365,0.053
2023-02-19,1.0294806201466418,0.052
2023-02-20,0.9821436151707884,0.041
2023-02-21,0.9769660532772116,0.035
2023-02-22,0.976306568002725,0.029
2023-02-23,0.9754619400174263,0.026
2023-02-24,1.017018964337943,0.025
2023-02-25,0.9791651490169185,0.025
2023-02-26,0.9742619009954218,0.022
2023-02-27,0.9734238114590728,0.022
2023-02-28,1.2546739844438957,0.026
2023-03-01,1.2297943758373586,0.049
2023-03-02,0.9992201672196225,0.045
2023-03-03,0.9761511927297873,0.037
2023-03-04,0.9727296159689555,0.034
2023-03-05,0.9715733674355518,0.039
2023-03-06,0.9702869957275588,0.035
2023-03-07,0.967804028960456,0.029
2023-03-08,0.9934342270160665,0.026
2023-03-09,1.252132970665816,0.031
2023-03-10,0.9933764312488829,0.036
2023-03-11,0.9697544389266366,0.033
2023-03-12,1.1122257914169889,0.045
2023-03-13,2.1297411377381334,0.373
2023-03-14,1.1341905551332563,0.172
2023-03-15,1.7936432207935664,0.166
2023-03-16,1.108066742369649,0.25
2023-03-17,1.0808093682763689,0.155
2023-03-18,1.2464344386163786,0.186
2023-03-19,1.0665445856079125,0.137
2023-03-20,1.3774798799758652,0.145
2023-03-21,1.0836174757134456,0.14
2023-03-22,1.1029227094442469,0.102
2023-03-23,1.0343811280681439,0.088
2023-03-24,1.090809441390252,0.071
2023-03-25,1.0794945622198813,0.062
2023-03-26,1.0192114298627706,0.054
2023-03-27,1.0029778430024645,0.05
2023-03-28,1.0476866020764888,0.052
2023-03-29,1.1344291810640963,0.05
2023-03-30,1.0010174132186818,0.056
2023-03-31,1.0556747659947887,0.048
2023-04-01,0.9875453419689398,0.056
2023-04-02,0.9746623300106497,0.046
2023-04-03,0.9699305578373155,0.041
2023-04-04,0.9666776706222013,0.038
2023-04-05,1.6829474498298358,0.061
2023-04-06,1.0284295472794438,0.06
2023-04-07,0.9659110022599116,0.046
2023-04-08,0.9587477416526289,0.039
2023-04-09,0.9572196665359255,0.039
2023-04-10,0.9565248925390656,0.037
2023-04-11,1.5254234353409517,0.075
2023-04-12,1.0096480834775026,0.061
2023-04-13,1.0906478833108886,0.06
2023-04-14,1.3904415080983044,0.09
2023-04-15,1.0049662434084614,0.078
2023-04-16,0.9672238074308038,0.058
2023-04-17,0.9605937262438645,0.046
2023-04-18,0.9573566821616941,0.039
2023-04-19,0.9546573143950459,0.035
2023-04-20,0.9524183665615272,0.032
2023-04-21,0.9504728417530148,0.032
2023-04-22,1.711365132338431,0.093
2023-04-23,1.0158665811140135,0.057
2023-04-24,0.9526149826489823,0.041
2023-04-25,0.9451169605135042,0.034
2023-04-26,0.9433399223363517,0.03
2023-04-27,1.0095719773971767,0.03
2023-04-28,0.9469596658450343,0.03
2023-04-29,0.9617818231857779,0.029
2023-04-30,0.9408458285681106,0.038
2023-05-01,0.9380870349175109,0.027
2023-05-02,0.936930565567642,0.023
2023-05-03,0.9359271015199189,0.022
2023-05-04,0.9349437864437462,0.021
2023-05-05,0.9339663035391661,0.024
2023-05-06,0.9329916216980381,0.034
2023-05-07,1.0715916559636618,0.022
2023-05-08,1.3622360309807549,0.098
2023-05-09,0.9679301361315816,0.049
2023-05-10,1.1531696387649353,0.035
2023-05-11,0.9477904354648171,0.026
2023-05-12,0.9289087007672314,0.022
2023-05-13,0.9263233813765296,0.02
2023-05-14,0.9251977050032432,0.02
2023-05-15,0.9242029364441032,0.017
2023-05-16,0.923219147904009,0.025
2023-05-17,0.9222356909385336,0.016
2023-05-18,0.9499282613449525,0.018
2023-05-19,0.922783995220458,0.021
2023-05-20,0.9195098015880069,0.013
2023-05-21,0.9183208845975884,0.012
2023-05-22,0.9173195706744851,0.011
2023-05-23,0.9163362113251683,0.011
2023-05-24,0.9153557540761061,0.01
2023-05-25,0.9143771122109816,0.01
2023-05-26,0.9134004592378634,0.009
2023-05-27,0.9124260760008578,0.009
2023-05-28,0.9114542453164663,0.008
2023-05-29,0.9104852418991812,0.007
2023-05-30,0.9095193311054902,0.007
2023-05-31,0.9085567686095702,0.007
2023-06-01,0.9075978002665614,0.007
2023-06-02,0.9066426620735805,0.006
2023-06-03,0.9056915802025557,0.006
2023-06-04,0.90474477108836,0.005
2023-06-05,0.9038024415594484,0.005
2023-06-06,0.9028647890008384,0.005
2023-06-07,0.9019320015413564,0.005
2023-06-08,0.9010042582587224,0.005
2023-06-09,0.9000817293973751,0.004
2023-06-10,0.8991645765949994,0.004
2023-06-11,0.8982529531145597,0.004
2023-06-12,0.8973470040793224,0.003
2023-06-13,0.8964468667088903,0.003
2023-06-14,0.8955526705546994,0.003
2023-06-15,0.8946645377337804,0.003
2023-06-16,0.8937825831598494,0.003
2023-06-17,0.8929069147710232,0.002
2023-06-18,1.9140828447814278,0.053
2023-06-19,0.9808525608720823,0.011
2023-06-20,2.0729547817060476,0.095
2023-06-21,0.9932595139350531,0.012
2023-06-22,0.8979441496756032,0.007
2023-06-23,0.8886331637420566,0.01
2023-06-24,0.88703742117473,0.005
2023-06-25,0.8861456362210902,0.031
2023-06-26,0.8853240451357092,0.008
2023-06-27,0.952621697640477,0.022
2023-06-28,0.8896898868398961,0.01
2023-06-29,0.8834563822614779,0.006
2023-06-30,1.32733802042108,0.027
2023-07-01,0.9204172284146539,0.008
2023-07-02,0.8840875397594922,0.005
2023-07-03,0.8801327335125879,0.012
2023-07-04,1.045991885247626,0.029
2023-07-05,0.8929541502286954,0.027
2023-07-06,0.8788780874059603,0.027
2023-07-07,0.8769459420611139,0.025
2023-07-08,0.9836454105216264,0.037
2023-07-09,0.884813076985534,0.026
2023-07-10,0.8755092955801161,0.012
2023-07-11,0.8740317993456099,0.009
2023-07-12,1.1237329158119929,0.044
2023-07-13,0.894540762220015,0.011
2023-07-14,1.3819609258546275,0.048
2023-07-15,1.5298161348710482,0.076
2023-07-16,0.9284093389231444,0.017
2023-07-17,0.8750644895859221,0.009
2023-07-18,1.4476888319952284,0.062
2023-07-19,0.9193195611240675,0.045
2023-07-20,0.9233310092791763,0.036
2023-07-21,1.5821234056751958,0.07
2023-07-22,2.103974508989311,0.158
2023-07-23,2.1741182670496904,0.382
2023-07-24,0.9902793865761534,0.091
2023-07-25,1.342556774896721,0.067
2023-07-26,1.1479225858025168,0.056
2023-07-27,0.899250641776848,0.065
2023-07-28,0.8746543192731316,0.035
2023-07-29,0.8704302724998558,0.022
2023-07-30,1.182449772784686,0.038
2023-07-31,1.0580548050574048,0.067
2023-08-01,0.8821868153029113,0.05
2023-08-02,1.1020168943029294,0.105
2023-08-03,0.883974827984543,0.074
2023-08-04,0.9325997120030303,0.057
2023-08-05,0.867523991524664,0.066
2023-08-06,0.8611404911055294,0.039
2023-08-07,0.859944117806532,0.027
2023-08-08,0.8592581311469357,0.02
2023-08-09,0.8586551564056519,0.016
2023-08-10,0.8580898245647153,0.015
2023-08-11,0.8575526441757214,0.012
2023-08-12,0.8570384578463581,0.012
2023-08-13,0.8565433656764784,0.01
2023-08-14,2.030650067548239,0.571
2023-08-15,2.1353345162463104,0.327
2023-08-16,1.2855939647932044,0.115
2023-08-17,0.8927086034896279,0.067
2023-08-18,1.497079010589426,0.088
2023-08-19,0.9102528730083796,0.089
2023-08-20,0.8584844247175665,0.05
2023-08-21,0.8534612837601381,0.036
2023-08-22,0.8526358502457845,0.028
2023-08-23,0.8521948474629251,0.027
2023-08-24,0.8517932732356404,0.022
2023-08-25,0.8513996128588374,0.02
2023-08-26,0.8510108223719519,0.033
2023-08-27,1.4626886260926066,0.106
2023-08-28,0.9039508419872367,0.047
2023-08-29,0.8546916061631925,0.032
2023-08-30,0.8499349434601254,0.024
2023-08-31,0.8491705874892763,0.02
2023-09-01,0.8487708297482229,0.016
2023-09-02,0.8484076960470728,0.014
2023-09-03,0.8480514091389418,0.012
2023-09-04,0.8476992350882444,0.013
2023-09-05,0.8473508987350752,0.026
2023-09-06,0.8470063511875477,0.039
2023-09-07,0.8466655663257477,0.042
2023-09-08,0.8463285217109414,0.043
2023-09-09,0.8459951963714946,0.047
2023-09-10,2.020251365050028,0.585
2023-09-11,2.1229875747750837,0.273
2023-09-12,0.9573313965752666,0.135
2023-09-13,0.8547876262399349,0.075
2023-09-14,1.3182333718123533,0.061
2023-09-15,1.4791194336253617,0.147
2023-09-16,0.8995699688466035,0.127
2023-09-17,0.8484724286405022,0.09
2023-09-18,1.1505401641163324,0.068
2023-09-19,0.869834174819681,0.12
2023-09-20,0.8449898039451164,0.077
2023-09-21,0.8424973134688182,0.054
2023-09-22,1.052155672207093,0.056
2023-09-23,1.2398871303920744,0.081
2023-09-24,0.8764031632704321,0.095
2023-09-25,0.8442925321445524,0.057
2023-09-26,0.8411626809151203,0.049
2023-09-27,0.9073966987269753,0.055
2023-09-28,0.8462024174024925,0.041
2023-09-29,0.8406049784883787,0.032
2023-09-30,0.8398665271207971,0.035
2023-10-01,0.8395665240720857,0.035
2023-10-02,0.8393090885273276,0.036
2023-10-03,0.8390584106538145,0.039
2023-10-04,0.8567339762181584,0.047
2023-10-05,0.8401397973244812,0.051
2023-10-06,2.013053247810219,0.899
2023-10-07,2.169531824168014,0.606
2023-10-08,1.741577829147509,0.311
2023-10-09,0.9344226686445459,0.157
2023-10-10,0.8604681370065486,0.109
2023-10-11,0.8507734192578075,0.077
2023-10-12,0.8497657971503152,0.063
2023-10-13,0.8457747201865834,0.052
2023-10-14,0.84391232225721,0.039
2023-10-15,0.8425493920440325,0.035
2023-10-16,0.8414657765718802,0.032
2023-10-17,0.8405962781709415,0.03
2023-10-18,2.120770179652539,0.271
2023-10-19,2.3428695304395606,0.924
2023-10-20,2.595764724875757,2.702
2023-10-21,2.3918196206047946,0.884
2023-10-22,2.328840532007672,0.329
2023-10-23,2.0671516442832276,0.186
2023-10-24,1.0835809762838005,0.158
2023-10-25,2.5918185451692337,0.572
2023-10-26,2.845011390985828,1.058
2023-10-27,2.839608907103694,0.834
2023-10-28,2.9494695100002524,0.588
2023-10-29,3.2175357012476793,1.751
2023-10-30,2.902892300761491,0.579
2023-10-31,3.0106998545995225,0.34
2023-11-01,3.1351547985921266,0.565
2023-11-02,3.240377092234889,1.45
2023-11-03,1.9326285269070447,0.402
2023-11-04,1.957653341420962,0.245
2023-11-05,1.4728981660062341,0.197
2023-11-06,1.3569878814494276,0.162
2023-11-07,1.2817825373924996,0.139
2023-11-08,1.2809178741808485,0.127
2023-11-09,1.3206745422548136,0.126
2023-11-10,1.184670271220553,0.109
2023-11-11,1.1420716131623663,0.094
2023-11-12,2.386516378986205,0.107
2023-11-13,1.6861613654300618,0.404
2023-11-14,2.5048876000852753,0.427
2023-11-15,1.4474916070523896,0.319
2023-11-16,1.2960938888172542,0.164
2023-11-17,2.777577095350964,0.273
2023-11-18,1.9972475323301107,0.717
2023-11-19,1.7636395287888462,0.309
2023-11-20,1.8649903510341386,0.245
2023-11-21,1.4316629031727182,0.201
2023-11-22,1.3288884469431714,0.15
2023-11-23,1.2848389563500382,0.121
2023-11-24,1.2455494766232298,0.099
2023-11-25,1.2186580598001955,0.087
2023-11-26,1.6734662126247015,0.085
2023-11-27,2.0589153896561956,0.193
2023-11-28,1.3744600003806635,0.141
2023-11-29,1.7114901931892557,0.122
2023-11-30,1.5142657629831404,0.128
2023-12-01,1.3207185626946962,0.104
2023-12-02,1.2725761225465222,0.087
2023-12-03,2.100450817859698,0.082
2023-12-04,3.8168509885550455,2.029
2023-12-05,3.1870657479459616,0.8
2023-12-06,3.018419129122126,0.286
2023-12-07,3.502427306201384,0.791
2023-12-08,2.320573755321207,0.422
2023-12-09,2.1612487199257298,0.317
2023-12-10,1.917021251905359,0.217
2023-12-11,2.3773173375423724,0.182
2023-12-12,3.4348994460176328,0.666
2023-12-13,2.3815906834834255,0.464
2023-12-14,1.8026650365176606,0.232
2023-12-15,1.6646579683093767,0.16
2023-12-16,1.5876666757642233,0.135
2023-12-17,1.5323446377943155,0.122
2023-12-18,1.494873685370632,0.112
2023-12-19,1.4520302839332844,0.102
2023-12-20,1.4256885555860692,0.094
2023-12-21,1.4043323533030592,0.083
2023-12-22,1.3964840336193158,0.073
2023-12-23,1.382883373369577,0.069
2023-12-24,1.373095628032272,0.06
2023-12-25,1.3720659136694842,0.055
2023-12-26,2.150522190593121,0.05
2023-12-27,3.131322217667338,0.452
2023-12-28,1.961702507021271,0.223
2023-12-29,1.8903090916565304,0.149
2023-12-30,1.8764843489652325,0.183
2023-12-31,2.5117724442785283,0.282
