date,simulation,observation
2000-01-01,47.94111739056308,2.35
2000-01-02,49.676284038767996,2.14
2000-01-03,48.83617909623755,1.96
2000-01-04,47.90615376951796,1.83
2000-01-05,46.93737397690634,1.71
2000-01-06,46.00725173271828,1.59
2000-01-07,45.085146646169726,1.49
2000-01-08,44.16888616068707,1.38
2000-01-09,43.28219377923148,1.3
2000-01-10,42.41702060203644,1.25
2000-01-11,41.78962474544196,1.23
2000-01-12,41.21972042902716,3.39
2000-01-13,40.272640022262415,3.44
2000-01-14,39.42124586182235,2.82
2000-01-15,38.55154186064969,2.41
2000-01-16,37.662025566521024,2.17
2000-01-17,36.88923405791547,1.96
2000-01-18,36.14162587592385,1.8
2000-01-19,35.40800193387644,1.66
2000-01-20,34.69987597560896,1.56
2000-01-21,34.057861395763055,1.49
2000-01-22,33.324915890713214,1.42
2000-01-23,32.653953113565684,1.33
2000-01-24,31.994968347272213,1.27
2000-01-25,31.351523022840016,1.21
2000-01-26,30.722373371604643,1.16
2000-01-27,30.10681621572117,1.15
2000-01-28,29.519820757023904,1.16
2000-01-29,28.99280172565813,1.08
2000-01-30,28.38659984653306,1.06
2000-01-31,27.792321345624348,1.0
2000-02-01,27.295529442869885,0.993
2000-02-02,26.699554553614266,0.95
2000-02-03,26.16250667831438,0.948
2000-02-04,25.632279051414216,0.937
2000-02-05,25.117612794557974,0.921
2000-02-06,24.64518633989154,0.91
2000-02-07,24.16389055114131,0.899
2000-02-08,23.677602015587716,0.883
2000-02-09,23.31690736771851,0.87
2000-02-10,22.74264374772369,0.936
2000-02-11,22.455739329195296,0.917
2000-02-12,21.920695660068105,0.909
2000-02-13,21.471070668726277,0.898
2000-02-14,21.12941741796215,0.914
2000-02-15,20.715831473333594,0.947
2000-02-16,20.37350213939794,0.936
2000-02-17,19.902947263389407,0.945
2000-02-18,19.5074363349322,0.968
2000-02-19,19.049265093456405,0.949
2000-02-20,18.656487793056343,0.948
2000-02-21,18.26329111437998,0.961
2000-02-22,17.887540672647706,0.956
2000-02-23,17.52736212933201,0.941
2000-02-24,17.17364682638419,0.916
2000-02-25,16.819482095853054,0.887
2000-02-26,16.480506365142837,0.877
2000-02-27,16.432655514041567,1.13
2000-02-28,15.981247683060763,1.01
2000-02-29,15.657822836370823,1.03
2000-03-01,15.39966595096242,0.989
2000-03-02,15.39838933621184,1.24
2000-03-03,14.822820084499,1.26
2000-03-04,14.45390029309891,1.24
2000-03-05,14.139160702227679,1.23
2000-03-06,13.845995164527709,1.2
2000-03-07,13.555685009639753,1.17
2000-03-08,13.268117128895499,1.12
2000-03-09,13.021027153369445,1.07
2000-03-10,12.737460844540312,1.04
2000-03-11,12.476305954759141,0.992
2000-03-12,12.223268493192359,0.966
2000-03-13,11.983113997850007,0.947
2000-03-14,11.74345543758494,0.924
2000-03-15,11.502069118733772,0.892
2000-03-16,11.271594714477104,0.872
2000-03-17,11.047420353975069,0.857
2000-03-18,10.826553298981793,0.837
2000-03-19,10.611005153072304,0.824
2000-03-20,10.400145695309854,0.815
2000-03-21,10.193664573503607,0.805
2000-03-22,9.99191772682014,0.788
2000-03-23,9.886553024657333,0.829
2000-03-24,9.646915096319082,0.795
2000-03-25,9.429676939943995,0.768
2000-03-26,9.33936023041599,0.86
2000-03-27,9.071426782928546,0.72
2000-03-28,8.880926164062373,0.662
2000-03-29,8.701829089266692,0.651
2000-03-30,8.527345801570153,0.643
2000-03-31,8.357669891678617,0.638
2000-04-01,8.268299028029757,0.649
2000-04-02,8.365327574401295,1.1
2000-04-03,8.328441510442213,1.45
2000-04-04,8.039280820491166,1.16
2000-04-05,7.744829305319962,1.14
2000-04-06,7.512652193106098,1.14
2000-04-07,7.344299497954388,1.11
2000-04-08,7.188412260203065,1.08
2000-04-09,7.034198403314739,1.02
2000-04-10,7.011430355849417,1.0
2000-04-11,6.9793768975842765,1.06
2000-04-12,6.839288791823838,1.1
2000-04-13,6.727759783112127,1.06
2000-04-14,6.47208772618734,0.978
2000-04-15,6.315567205649185,0.971
2000-04-16,6.441469869231686,1.08
2000-04-17,6.123718322215891,1.23
2000-04-18,6.060500705912535,1.13
2000-04-19,5.867056652951995,1.12
2000-04-20,5.72835873914635,1.1
2000-04-21,5.6444102585118765,1.09
2000-04-22,5.625123663871753,1.14
2000-04-23,5.5444216577193925,1.16
2000-04-24,5.663550389653753,1.15
2000-04-25,5.64109687445588,1.57
2000-04-26,5.470806958178232,2.02
2000-04-27,5.167893524797247,1.95
2000-04-28,5.0353593779481525,1.79
2000-04-29,4.88979623910446,1.62
2000-04-30,4.768193640507646,1.46
2000-05-01,4.655945119089435,1.34
2000-05-02,4.550311076223359,1.25
2000-05-03,4.450210131434718,1.18
2000-05-04,4.354824082529803,1.12
2000-05-05,4.263499536047422,1.07
2000-05-06,4.175706029204729,1.02
2000-05-07,4.091014968140265,0.973
2000-05-08,4.009077613271153,0.929
2000-05-09,3.9296116630965385,0.899
2000-05-10,3.852385796754655,0.873
2000-05-11,3.7772035526861134,0.83
2000-05-12,3.704362893546666,0.812
2000-05-13,3.63240981650493,0.791
2000-05-14,3.562512911313265,0.763
2000-05-15,3.4941903285943585,0.745
2000-05-16,3.4903447281808626,0.769
2000-05-17,3.428546916076985,0.771
2000-05-18,3.3320925120764486,0.768
2000-05-19,3.245801611407575,0.72
2000-05-20,3.276562521149864,0.783
2000-05-21,3.1301770870293093,0.718
2000-05-22,3.064935040679892,0.68
2000-05-23,3.006409862611083,0.671
2000-05-24,2.9480772746308777,0.654
2000-05-25,2.936062033603704,0.699
2000-05-26,3.0148008830767417,0.854
2000-05-27,2.8006897794922567,0.751
2000-05-28,2.737335427799851,0.686
2000-05-29,2.68236766308597,0.639
2000-05-30,2.63003767552364,0.619
2000-05-31,2.6196207261064806,0.625
2000-06-01,2.53543027256047,0.619
2000-06-02,2.53682679850359,0.652
2000-06-03,2.642422259635886,1.06
2000-06-04,2.5407461691865496,0.881
2000-06-05,2.3664771306006345,0.81
2000-06-06,2.31247152144702,0.768
2000-06-07,2.265224779981522,0.734
2000-06-08,2.2605562316682346,0.714
2000-06-09,2.184452811947615,0.765
2000-06-10,2.1377142743639608,0.69
2000-06-11,2.095646325083743,0.659
2000-06-12,2.055635556091323,0.637
2000-06-13,2.043548317947822,0.619
2000-06-14,1.9826271218628433,0.646
2000-06-15,1.9415757782134841,0.612
2000-06-16,1.903925547930225,0.584
2000-06-17,1.8673197993055883,0.563
2000-06-18,1.831574698273306,0.541
2000-06-19,1.7966465859164495,0.507
2000-06-20,1.7640993087373904,0.501
2000-06-21,1.783005355316255,0.508
2000-06-22,1.7044310901027964,0.527
2000-06-23,1.6934896640094714,0.526
2000-06-24,1.63967775213396,0.528
2000-06-25,1.6064583674039077,0.501
2000-06-26,1.575324422756578,0.483
2000-06-27,1.5450399990651351,0.467
2000-06-28,1.5154559071141356,0.448
2000-06-29,1.4865422806525317,0.473
2000-06-30,1.4597710429161606,0.491
2000-07-01,1.5076347780482589,0.493
2000-07-02,1.523612586701279,0.529
2000-07-03,1.5846093554735894,0.885
2000-07-04,1.5668133757247196,0.735
2000-07-05,1.4158515427894627,0.688
2000-07-06,1.3281826989831471,0.577
2000-07-07,1.3095556278884521,0.577
2000-07-08,1.2853412642530668,0.589
2000-07-09,1.4782018032351179,0.829
2000-07-10,1.4574116801907864,1.68
2000-07-11,1.405923554400398,1.26
2000-07-12,1.2834160866409068,1.2
2000-07-13,1.1868781832353765,1.04
2000-07-14,1.1539148447946317,0.91
2000-07-15,1.1266861786801716,0.837
2000-07-16,1.1016612920437212,0.789
2000-07-17,1.0775374233536845,0.741
2000-07-18,1.0548200069003324,0.699
2000-07-19,1.0331305488433644,0.65
2000-07-20,1.0123142434528591,0.631
2000-07-21,0.9922585450964461,0.606
2000-07-22,0.972873071656057,0.586
2000-07-23,0.954084453563054,0.585
2000-07-24,0.9359265630096484,0.582
2000-07-25,0.9184472045027525,0.574
2000-07-26,0.9011217489967721,0.567
2000-07-27,0.9445236194017089,0.612
2000-07-28,1.02706925334899,0.736
2000-07-29,0.8706808879354582,0.597
2000-07-30,0.9836366812717996,0.577
2000-07-31,0.9159929854159661,0.723
2000-08-01,0.8369600514512902,0.591
2000-08-02,0.917160566893731,0.653
2000-08-03,0.8015623286532065,0.64
2000-08-04,0.777315884083195,0.582
2000-08-05,0.7613525027037769,0.554
2000-08-06,0.7457862694761448,0.562
2000-08-07,0.7308747844473289,0.571
2000-08-08,0.7195794704327261,0.571
2000-08-09,0.7032365876666619,0.552
2000-08-10,0.6879668037868633,0.54
2000-08-11,0.6745353492012395,0.503
2000-08-12,0.7006718573479547,0.534
2000-08-13,0.8529146305532425,0.776
2000-08-14,0.7857591949209782,0.846
2000-08-15,0.7103770733849618,0.825
2000-08-16,0.6378410954453475,0.769
2000-08-17,0.6183477588190037,0.726
2000-08-18,0.6263756926229741,0.722
2000-08-19,0.5946305526014494,0.693
2000-08-20,0.5821917611118035,0.69
2000-08-21,0.6503205653268086,0.665
2000-08-22,0.5656441620268373,0.624
2000-08-23,0.5496230248195478,0.597
2000-08-24,0.5379986775944343,0.604
2000-08-25,0.5751120757850567,0.577
2000-08-26,0.5229379450288625,0.554
2000-08-27,0.5109966835404497,0.558
2000-08-28,0.5004352695614357,0.545
2000-08-29,0.48965952368014026,0.56
2000-08-30,0.48019189396469864,0.518
2000-08-31,0.5280326943698709,0.542
2000-09-01,0.5173753863022852,0.586
2000-09-02,0.4628682992811228,0.528
2000-09-03,0.4507439815831758,0.5
2000-09-04,0.4708312877699207,0.504
2000-09-05,0.4383853524580199,0.516
2000-09-06,0.426593267026178,0.485
2000-09-07,0.41899463314175084,0.483
2000-09-08,0.40981898542358236,0.468
2000-09-09,0.40252425787506163,0.465
2000-09-10,0.39432101339486564,0.457
2000-09-11,0.3869791359138837,0.447
2000-09-12,0.38029273587871937,0.446
2000-09-13,0.37340288528733845,0.443
2000-09-14,0.4193837153039956,0.44
2000-09-15,0.48094606913186594,0.511
2000-09-16,0.36772039584736554,0.466
2000-09-17,0.5355487245823058,0.519
2000-09-18,0.36402232741725987,0.534
2000-09-19,0.5351751652218144,0.687
2000-09-20,0.43253098512604027,0.683
2000-09-21,0.34647738381177395,0.594
2000-09-22,0.3312331247139172,0.566
2000-09-23,0.3228814137319822,0.552
2000-09-24,0.42742584113280235,0.599
2000-09-25,0.5204686493598252,0.643
2000-09-26,0.34267050295799395,0.658
2000-09-27,0.49805040211951196,0.646
2000-09-28,0.3491701204851699,0.736
2000-09-29,0.32507371048131517,0.693
2000-09-30,0.3116727912799563,0.683
2000-10-01,0.42834935025315113,0.68
2000-10-02,0.31952272724755504,0.714
2000-10-03,0.29967990045004383,0.648
2000-10-04,0.5563326850255502,0.734
2000-10-05,0.6585768077886858,0.834
2000-10-06,0.6985675018740606,0.824
2000-10-07,0.4616879277770562,0.911
2000-10-08,0.645421427215287,0.953
2000-10-09,0.9576592411086151,1.05
2000-10-10,0.5908398605949267,1.15
2000-10-11,0.7579371759279476,1.22
2000-10-12,0.9947595207443717,1.55
2000-10-13,0.8534864781604066,1.68
2000-10-14,0.628671956619037,1.67
2000-10-15,0.5344759992891012,1.55
2000-10-16,0.6346412463143232,1.49
2000-10-17,0.6544583315196203,1.43
2000-10-18,0.5372501759629797,1.34
2000-10-19,0.4638199948086923,1.24
2000-10-20,0.4797302611260437,1.2
2000-10-21,0.4091716423054171,1.12
2000-10-22,0.4187202064591355,1.07
2000-10-23,0.43672090640967975,1.05
2000-10-24,0.4822681421580149,1.02
2000-10-25,0.3878006353291401,0.974
2000-10-26,0.5200442951433555,0.949
2000-10-27,0.5076350897511692,0.971
2000-10-28,0.7855903077247698,1.14
2000-10-29,2.0692655447655937,1.97
2000-10-30,1.5202906651040267,4.36
2000-10-31,1.303087687258609,3.29
2000-11-01,1.2206438229101608,2.77
2000-11-02,1.386088187831092,2.64
2000-11-03,1.7572144263669722,2.55
2000-11-04,1.278810255394774,3.03
2000-11-05,3.5686409168437914,4.67
2000-11-06,2.3533096526753954,6.39
2000-11-07,2.3264869063983347,5.83
2000-11-08,2.3773330618272817,5.59
2000-11-09,2.6147366301076302,6.11
2000-11-10,2.0545601940962106,5.99
2000-11-11,2.0623775007933,5.41
2000-11-12,1.6794171168957506,4.39
2000-11-13,1.6437048244655166,3.64
2000-11-14,1.4486494625052921,3.45
2000-11-15,1.455430314440202,3.07
2000-11-16,1.3875849013472468,2.86
2000-11-17,1.4021212172007782,2.86
2000-11-18,1.585057215924013,2.88
2000-11-19,1.9059347130796724,3.34
2000-11-20,1.8279232150087097,5.03
2000-11-21,1.7644138364349988,4.6
2000-11-22,1.4297927857260928,3.95
2000-11-23,1.3059364738181285,3.45
2000-11-24,1.1479962325797397,3.1
2000-11-25,1.8223088444080178,3.09
2000-11-26,1.4736848547063328,2.9
2000-11-27,1.5180289569344343,2.74
2000-11-28,1.3264699362585706,2.81
2000-11-29,1.2060011509195399,2.61
2000-11-30,1.2189109524764623,2.51
2000-12-01,1.159411684579192,2.37
2000-12-02,1.0978763745205715,2.16
2000-12-03,1.1846944699212978,2.04
2000-12-04,1.2870879245584048,2.03
2000-12-05,1.2076383727839668,1.97
2000-12-06,1.0808967555436455,1.82
2000-12-07,1.8332239086094702,2.4
2000-12-08,1.6090383171293114,2.53
2000-12-09,1.603265264416986,2.58
2000-12-10,1.84805472851816,2.74
2000-12-11,1.586832126188673,2.86
2000-12-12,1.8634761537322397,3.21
2000-12-13,1.8462491788009945,3.24
2000-12-14,1.8012977221316158,3.47
2000-12-15,1.5362573724795725,3.29
2000-12-16,1.4478863064260574,3.1
2000-12-17,1.3815546391303732,2.8
2000-12-18,1.2732874549868716,2.54
2000-12-19,1.3239612383794366,2.38
2000-12-20,1.2071998724573665,2.18
2000-12-21,1.1607208823306554,2.03
2000-12-22,1.126861140729369,1.91
2000-12-23,1.2603196539940424,1.82
2000-12-24,1.264149047371602,1.83
2000-12-25,1.1493632721345324,1.68
2000-12-26,1.1173415798156643,1.6
2000-12-27,1.2468661007754405,1.54
2000-12-28,1.1616583277174308,1.48
2000-12-29,1.1155860495754426,1.4
2000-12-30,1.108991526253868,1.36
2000-12-31,1.2263542602875512,1.46
2001-01-01,1.2812936531174568,1.5
2001-01-02,1.4293026764185353,1.6
2001-01-03,1.5043755212125247,1.66
2001-01-04,1.2708082766114246,1.68
2001-01-05,1.212153574618935,1.68
2001-01-06,1.214538310155567,1.62
2001-01-07,1.4181884769833861,1.61
2001-01-08,1.2202967843717434,1.63
2001-01-09,1.172104764677276,1.54
2001-01-10,1.1415386699013028,1.45
2001-01-11,1.1173793615891217,1.39
2001-01-12,1.0976932029437076,1.35
2001-01-13,1.0814427339391357,1.3
2001-01-14,1.0687415881394904,1.26
2001-01-15,1.0564272079892356,1.23
2001-01-16,1.0465014004525295,1.18
2001-01-17,1.0379451537547602,1.15
2001-01-18,1.0303229489736845,1.14
2001-01-19,1.0231443218163225,1.13
2001-01-20,1.0442803008860877,1.11
2001-01-21,1.0296118231157978,1.1
2001-01-22,1.098259314812935,1.1
2001-01-23,1.367266651067755,1.15
2001-01-24,1.161695887760832,1.12
2001-01-25,1.3033880975330554,1.1
2001-01-26,1.1391308808348481,1.09
2001-01-27,1.0975385486600229,1.07
2001-01-28,1.229836623220196,1.04
2001-01-29,1.1769588712212145,1.03
2001-01-30,1.1820446995118126,1.03
2001-01-31,1.0948751611859175,1.02
2001-02-01,1.167785164382908,1.02
2001-02-02,1.2914102252301316,1.06
2001-02-03,1.5518398716438815,1.18
2001-02-04,1.5283734909401634,1.59
2001-02-05,1.576523501638118,1.77
2001-02-06,1.7354902269910266,1.86
2001-02-07,1.582487161066525,2.0
2001-02-08,1.3403598589875643,1.93
2001-02-09,1.25356354020205,1.82
2001-02-10,1.2649808859668772,1.72
2001-02-11,1.874015058231673,1.84
2001-02-12,1.4394395934705575,1.94
2001-02-13,1.2698023433419172,1.82
2001-02-14,1.1979713325756132,1.78
2001-02-15,1.1509314131072161,1.69
2001-02-16,1.0998140379961188,1.57
2001-02-17,1.0634404522712348,1.48
2001-02-18,1.0343272446281282,1.4
2001-02-19,1.010400351531245,1.35
2001-02-20,0.9909751987336516,1.3
2001-02-21,1.1366272629358247,1.28
2001-02-22,1.078743081325192,1.26
2001-02-23,1.0283245893999222,1.2
2001-02-24,1.0038528881737825,1.15
2001-02-25,0.9763643678223655,1.13
2001-02-26,1.0545352111845807,1.12
2001-02-27,1.1673440904679893,1.16
2001-02-28,1.0436699963391858,1.14
2001-03-01,0.9901504623190744,1.11
2001-03-02,0.9637401781260486,1.08
2001-03-03,0.9428559241640576,1.06
2001-03-04,0.9254416006886499,1.04
2001-03-05,0.9104180335373057,1.02
2001-03-06,1.0451265253842135,1.01
2001-03-07,0.9260965616540499,1.02
2001-03-08,0.9064645597237879,1.01
2001-03-09,0.88959256765239,0.997
2001-03-10,0.8789816606359756,0.982
2001-03-11,0.8659868368198317,0.965
2001-03-12,0.8540527620590331,0.95
2001-03-13,0.8440676969605391,0.939
2001-03-14,0.8345502495058073,0.929
2001-03-15,0.84750654116718,0.919
2001-03-16,0.8377877785389597,0.91
2001-03-17,0.835052443207353,0.901
2001-03-18,0.8114560380572411,0.893
2001-03-19,0.8018213949481858,0.884
2001-03-20,0.9168911943676618,0.873
2001-03-21,1.1130570241395306,0.884
2001-03-22,0.887636286636866,1.2
2001-03-23,1.0710188752474825,1.26
2001-03-24,0.8956473678182512,1.2
2001-03-25,0.8575119361390244,1.15
2001-03-26,0.9081686461111148,1.14
2001-03-27,1.1138733503204938,1.2
2001-03-28,0.9001132449880761,1.15
2001-03-29,0.8615177817487669,1.11
2001-03-30,0.8275888929986764,1.09
2001-03-31,0.8233679128485523,1.08
2001-04-01,0.7953093036764457,1.06
2001-04-02,0.8607527964182801,1.1
2001-04-03,1.3394765635315846,1.39
2001-04-04,1.111659193977382,1.52
2001-04-05,1.4363312234379615,1.74
2001-04-06,1.2843052331134257,1.7
2001-04-07,1.3479671635416337,1.84
2001-04-08,1.4398103742373802,1.93
2001-04-09,1.3107459660819232,1.91
2001-04-10,1.1050689471319057,1.83
2001-04-11,1.006135506309528,1.71
2001-04-12,0.9520517945164054,1.63
2001-04-13,0.891246334829506,1.54
2001-04-14,1.2586930328148318,1.7
2001-04-15,0.9438017770548259,1.54
2001-04-16,0.8780699530909243,1.42
2001-04-17,0.9398874389247348,1.45
2001-04-18,0.8418096727959621,1.37
2001-04-19,0.8099914994510835,1.31
2001-04-20,0.7780014980602954,1.25
2001-04-21,0.8156104010100506,1.24
2001-04-22,1.0545630491309734,1.5
2001-04-23,0.8159191172331618,1.29
2001-04-24,0.8873862252833965,1.28
2001-04-25,0.8130858378348098,1.25
2001-04-26,0.759966517883067,1.21
2001-04-27,0.7548317883998058,1.19
2001-04-28,0.7335030962324912,1.18
2001-04-29,0.7200222934949385,1.15
2001-04-30,0.6908737000702821,1.13
2001-05-01,0.6787407411281898,1.11
2001-05-02,0.6695711333984977,1.09
2001-05-03,0.6605213504541851,1.07
2001-05-04,0.6526956949198515,1.06
2001-05-05,0.645669289872664,1.05
2001-05-06,0.6392020497273108,1.03
2001-05-07,0.6331523499392002,1.02
2001-05-08,0.6274220990877297,1.01
2001-05-09,0.6460045995711745,1.0
2001-05-10,0.6196031931082345,0.997
2001-05-11,0.6131343185357001,0.985
2001-05-12,0.6075336075328074,0.976
2001-05-13,0.7899547907349671,1.16
2001-05-14,0.8733353813699568,1.44
2001-05-15,0.818026373382103,1.21
2001-05-16,0.9592103793180757,1.13
2001-05-17,0.8621516292907917,1.2
2001-05-18,0.7256911905791738,1.1
2001-05-19,0.6886379949475584,1.07
2001-05-20,0.662259416793672,1.03
2001-05-21,0.6405842539829566,1.0
2001-05-22,0.6224235538159849,0.976
2001-05-23,0.6070500077812169,0.95
2001-05-24,0.593895249752508,0.923
2001-05-25,0.5825068264824348,0.896
2001-05-26,0.5753472430267157,0.872
2001-05-27,0.5645877998462968,0.85
2001-05-28,0.5557259455400287,0.827
2001-05-29,0.5483842145153501,0.805
2001-05-30,0.5420813336756146,0.783
2001-05-31,0.53545003473514,0.761
2001-06-01,0.5558430548570196,0.741
2001-06-02,0.5272584414125755,0.721
2001-06-03,0.5201515073717453,0.702
2001-06-04,0.5144502753915149,0.683
2001-06-05,0.5090264814069793,0.664
2001-06-06,0.5046200162591359,0.644
2001-06-07,0.5334504834190542,0.625
2001-06-08,0.4978933219595659,0.605
2001-06-09,0.49070814120349276,0.585
2001-06-10,0.4853053806371114,0.566
2001-06-11,0.4801388193617636,0.548
2001-06-12,0.4750929812932236,0.541
2001-06-13,0.4701283658809681,0.532
2001-06-14,0.5303135065458564,0.533
2001-06-15,0.5163008707136802,0.578
2001-06-16,0.46480104294682406,0.526
2001-06-17,0.4556346638970531,0.505
2001-06-18,0.4499795706647797,0.526
2001-06-19,0.4444993991483751,0.512
2001-06-20,0.4392354341820227,0.493
2001-06-21,0.4341509470413487,0.467
2001-06-22,0.4291803730949424,0.468
2001-06-23,0.42430181191158506,0.46
2001-06-24,0.4194999524343981,0.46
2001-06-25,0.4151945808189626,0.455
2001-06-26,0.41012160558378863,0.45
2001-06-27,0.4055320855774278,0.447
2001-06-28,0.4011467815755771,0.439
2001-06-29,0.3967405904426585,0.436
2001-06-30,0.391826998983413,0.43
2001-07-01,0.3873158981877952,0.422
2001-07-02,0.3828698918772236,0.412
2001-07-03,0.5831352881574167,0.706
2001-07-04,0.5637541906382585,0.529
2001-07-05,0.5025640278804152,0.462
2001-07-06,0.3975701753491682,0.464
2001-07-07,0.3733615277374846,0.445
2001-07-08,0.36569916587430656,0.434
2001-07-09,0.3598323265421982,0.416
2001-07-10,0.41005730985102107,0.414
2001-07-11,0.3555898590116915,0.404
2001-07-12,0.34805136215914884,0.397
2001-07-13,0.34178347701878753,0.392
2001-07-14,0.33684680706928044,0.375
2001-07-15,0.33209726212437196,0.36
2001-07-16,0.3275672863841867,0.373
2001-07-17,0.5060606617122582,0.467
2001-07-18,0.43956050915762096,0.488
2001-07-19,0.32974075032253997,0.42
2001-07-20,0.31830159000316094,0.398
2001-07-21,0.3125096471819535,0.389
2001-07-22,0.3074560825835324,0.376
2001-07-23,0.30276942523197636,0.384
2001-07-24,0.29842534963505685,0.379
2001-07-25,0.2940637476698632,0.371
2001-07-26,0.2899476152113404,0.36
2001-07-27,0.2859648839193581,0.36
2001-07-28,0.2820907188908317,0.36
2001-07-29,0.27830910287194305,0.354
2001-07-30,0.27536356184564614,0.357
2001-07-31,0.271021867789244,0.366
2001-08-01,0.26741241090069773,0.354
2001-08-02,0.27863408747568336,0.367
2001-08-03,0.26366558489904746,0.385
2001-08-04,0.3193100806198306,0.393
2001-08-05,0.3849570564410468,0.393
2001-08-06,0.36610055556169696,0.436
2001-08-07,0.443476337175613,0.542
2001-08-08,0.3170937005365246,0.443
2001-08-09,0.25745413889521596,0.395
2001-08-10,0.2488162800129026,0.371
2001-08-11,0.24378268761540178,0.369
2001-08-12,0.26277494426967296,0.387
2001-08-13,0.2377446080738523,0.367
2001-08-14,0.23225852027900218,0.346
2001-08-15,0.39061207770081663,0.38
2001-08-16,0.2390105760557831,0.374
2001-08-17,0.22610873122031955,0.346
2001-08-18,0.32119796411805146,0.388
2001-08-19,0.40281505173291693,0.779
2001-08-20,0.2327882306047174,0.459
2001-08-21,0.21837082067693808,0.406
2001-08-22,0.21303065737582524,0.383
2001-08-23,0.2091180593254716,0.374
2001-08-24,0.20574133018247018,0.367
2001-08-25,0.20112951539850618,0.358
2001-08-26,0.19766772543978958,0.349
2001-08-27,0.1944559236383325,0.345
2001-08-28,0.19140748773377755,0.336
2001-08-29,0.18908075152171822,0.331
2001-08-30,0.3313476108370772,0.393
2001-08-31,0.19632326615042792,0.375
2001-09-01,0.18512669703381812,0.341
2001-09-02,0.21596153879952432,0.349
2001-09-03,0.2010089133405732,0.351
2001-09-04,0.19630565011257245,0.339
2001-09-05,0.340529689108901,0.597
2001-09-06,0.1876022233624862,0.447
2001-09-07,0.22131454239964393,0.424
2001-09-08,0.1771929015839742,0.408
2001-09-09,0.17046355652547876,0.379
2001-09-10,0.1665870305230762,0.366
2001-09-11,0.1632645685735438,0.358
2001-09-12,0.24093128199797795,0.387
2001-09-13,0.29054138698767185,0.437
2001-09-14,0.20972195382974212,0.411
2001-09-15,0.26740870017938584,0.428
2001-09-16,0.18469487949312613,0.428
2001-09-17,0.16438557259760384,0.41
2001-09-18,0.15881285064262915,0.415
2001-09-19,0.2820702710523341,0.514
2001-09-20,0.1622403267012721,0.468
2001-09-21,0.15130582799331782,0.454
2001-09-22,0.14697699337834777,0.449
2001-09-23,0.1687412245430119,0.454
2001-09-24,0.24254854042412707,0.525
2001-09-25,0.14934997718575185,0.466
2001-09-26,0.16621450840047416,0.448
2001-09-27,0.1579529826530752,0.493
2001-09-28,0.1396194918467894,0.453
2001-09-29,0.13474089878182427,0.43
2001-09-30,0.29287645317555205,0.55
2001-10-01,0.1544423215091287,0.495
2001-10-02,0.13400437786587552,0.467
2001-10-03,0.12811074933228198,0.461
2001-10-04,0.12752263933360486,0.459
2001-10-05,0.173924342465736,0.471
2001-10-06,0.14569396870751708,0.461
2001-10-07,0.33117309802153594,0.644
2001-10-08,0.38266111197530017,0.685
2001-10-09,0.28752992481411865,0.825
2001-10-10,0.1977687041955043,0.809
2001-10-11,0.15696813876077115,0.768
2001-10-12,0.14556753498876415,0.708
2001-10-13,0.14257212116729578,0.684
2001-10-14,0.13370063153771405,0.664
2001-10-15,0.12912093046401008,0.628
2001-10-16,0.12127426127087772,0.579
2001-10-17,0.21119018916863508,0.569
2001-10-18,0.1271346629051599,0.568
2001-10-19,0.5500246661876314,1.18
2001-10-20,0.42199150917464856,2.07
2001-10-21,0.3808183480948885,1.59
2001-10-22,0.4202036203953722,1.32
2001-10-23,0.3191582998134638,1.14
2001-10-24,0.21013950295211098,1.02
2001-10-25,0.49716920135608317,1.04
2001-10-26,0.47054014166784325,1.03
2001-10-27,0.29235635221513206,0.926
2001-10-28,0.24998579365163318,0.912
2001-10-29,0.22206153721764943,0.881
2001-10-30,0.5792183926961331,0.94
2001-10-31,0.30023513639610316,0.869
2001-11-01,0.2524958999370644,0.806
2001-11-02,0.2247422566698165,0.807
2001-11-03,0.24515254555595373,0.782
2001-11-04,0.2427909704857105,0.76
2001-11-05,0.2770801055894232,0.772
2001-11-06,0.39882504321098733,0.793
2001-11-07,0.7430244704026934,0.908
2001-11-08,0.39317225846146786,0.877
2001-11-09,0.3179906049472771,0.869
2001-11-10,0.2847814882511382,0.869
2001-11-11,0.40784619394959837,0.863
2001-11-12,0.37559014214744957,0.941
2001-11-13,0.3807491078707532,0.847
2001-11-14,0.2876902914835595,0.838
2001-11-15,0.25748010766355944,0.813
2001-11-16,0.23557274041049153,0.799
2001-11-17,0.21865655591822727,0.79
2001-11-18,0.20569071834844782,0.776
2001-11-19,0.1950620426271474,0.75
2001-11-20,0.1880301951567262,0.728
2001-11-21,0.24521730725401422,0.727
2001-11-22,0.19338278323150496,0.702
2001-11-23,0.18362220881591979,0.678
2001-11-24,0.19754801061934368,0.664
2001-11-25,0.2509326122956332,0.688
2001-11-26,0.21491007962739445,0.652
2001-11-27,0.2968769193114953,0.656
2001-11-28,0.48224117931201693,0.668
2001-11-29,0.325970855530411,0.695
2001-11-30,0.27559158137678696,0.672
2001-12-01,0.3316425764574655,0.671
2001-12-02,0.259701108698334,0.655
2001-12-03,0.6914656441955485,0.744
2001-12-04,0.46805046496943353,0.78
2001-12-05,0.3498764260357292,0.769
2001-12-06,0.43722062812648144,0.787
2001-12-07,0.3296060435512745,0.777
2001-12-08,0.2966476790382113,0.751
2001-12-09,0.2744248525283891,0.739
2001-12-10,0.25681122020265024,0.726
2001-12-11,0.24340382139359104,0.705
2001-12-12,0.23245523152197667,0.703
2001-12-13,0.22346366648480667,0.681
2001-12-14,0.21670522085348146,0.655
2001-12-15,0.21187609756906425,0.641
2001-12-16,0.20729319005298252,0.628
2001-12-17,0.20542770424213055,0.614
2001-12-18,0.2143850932200848,0.611
2001-12-19,0.3307671050500554,0.64
2001-12-20,0.2409928237204819,0.619
2001-12-21,0.26674507955943716,0.629
2001-12-22,0.23053211233842788,0.589
2001-12-23,0.30688326150540696,0.602
2001-12-24,0.4309364108680268,0.621
2001-12-25,0.30736534754660677,0.652
2001-12-26,0.46427504101070527,0.647
2001-12-27,0.36945596321950164,0.662
2001-12-28,0.43370556700212615,0.646
2001-12-29,0.6395015240362746,0.68
2001-12-30,0.44700653172233445,0.689
2001-12-31,0.37083721761227706,0.648
2002-01-01,0.3363972488562845,0.634
2002-01-02,0.31107592157543523,0.63
2002-01-03,0.2907179352972259,0.632
2002-01-04,0.3103324389127067,0.625
2002-01-05,0.2797369814312851,0.685
2002-01-06,0.26275317238937385,0.661
2002-01-07,0.252331734138217,0.659
2002-01-08,0.24444579834009683,0.651
2002-01-09,0.23817869980180686,0.632
2002-01-10,0.23384326283356655,0.621
2002-01-11,0.2306580590211407,0.619
2002-01-12,0.22646830585695896,0.612
2002-01-13,0.230181197378311,0.607
2002-01-14,0.31572435021288725,0.601
2002-01-15,0.3089599672801897,0.682
2002-01-16,0.3335687496200428,0.618
2002-01-17,0.33449534346980114,0.665
2002-01-18,0.32215065797294495,0.635
2002-01-19,0.2870813067985968,0.624
2002-01-20,0.271892527182765,0.624
2002-01-21,0.3127825279147183,0.637
2002-01-22,0.3234733550478363,0.627
2002-01-23,0.442887638984402,0.676
2002-01-24,0.3687715474685351,0.645
2002-01-25,0.7159985647165691,0.699
2002-01-26,0.545594964860722,0.844
2002-01-27,0.4937724765379573,0.811
2002-01-28,0.4353572151453806,0.819
2002-01-29,0.47490361613092746,0.809
2002-01-30,0.40765104263366125,0.808
2002-01-31,0.8029592804130458,0.877
2002-02-01,0.8969059184486543,0.975
2002-02-02,0.8816480858838333,1.02
2002-02-03,0.6553856723346753,1.14
2002-02-04,0.9088606671244327,1.25
2002-02-05,0.8210464130333077,1.25
2002-02-06,0.641752824158819,1.18
2002-02-07,0.5519617469149101,1.14
2002-02-08,0.6607415338016752,1.13
2002-02-09,0.5567100247024682,1.06
2002-02-10,0.7661755500846731,1.02
2002-02-11,0.5378154569230842,1.01
2002-02-12,0.5860917442590574,0.938
2002-02-13,0.4891332422323165,0.946
2002-02-14,0.4389419740439333,0.88
2002-02-15,0.4093328955671371,0.863
2002-02-16,0.3863829391906407,0.853
2002-02-17,0.4399509552689115,0.85
2002-02-18,0.46537656570786196,0.835
2002-02-19,0.889907441902422,1.05
2002-02-20,0.6311875494439747,0.963
2002-02-21,0.7154719960689699,0.977
2002-02-22,0.6765875221657178,1.02
2002-02-23,0.5706014491773541,0.986
2002-02-24,1.029335313365766,1.13
2002-02-25,1.2212785070980519,1.33
2002-02-26,0.7892221059286323,1.47
2002-02-27,0.770965015526817,1.31
2002-02-28,0.6502696253097419,1.15
2002-03-01,0.5822760486289423,1.11
2002-03-02,0.5527863675304076,1.32
2002-03-03,0.502558313621837,1.22
2002-03-04,0.5183868788871004,1.06
2002-03-05,0.6486480526142216,1.11
2002-03-06,0.5093945829324854,1.05
2002-03-07,0.4755962252757861,0.96
2002-03-08,0.6002538610052247,0.986
2002-03-09,0.6408914436849446,1.01
2002-03-10,0.7826564200044229,1.04
2002-03-11,0.7684527141860732,1.1
2002-03-12,0.5930363923528124,1.02
2002-03-13,0.54742688962551,1.02
2002-03-14,0.8343261722972476,1.08
2002-03-15,0.7024660444681785,1.24
2002-03-16,0.5958933409261014,1.14
2002-03-17,0.5495235704254383,1.13
2002-03-18,0.744432245474059,1.27
2002-03-19,0.5770967040456197,1.18
2002-03-20,0.6627960852105135,1.23
2002-03-21,0.55810586410394,1.18
2002-03-22,0.5217655675201124,1.17
2002-03-23,0.500285436461854,1.15
2002-03-24,0.4915115635521321,1.14
2002-03-25,0.47423982438650625,1.12
2002-03-26,0.4606387312631705,1.07
2002-03-27,0.4521726544361525,1.03
2002-03-28,0.44549307750368305,1.0
2002-03-29,0.4401507563375679,0.982
2002-03-30,0.43595261486838066,0.956
2002-03-31,0.43295018506073896,0.941
2002-04-01,0.43838939177056924,0.938
2002-04-02,0.4892608198980056,0.956
2002-04-03,0.4573815353562821,0.95
2002-04-04,0.42878635609783605,0.879
2002-04-05,0.42473040718609895,0.829
2002-04-06,0.4223096036096304,0.782
2002-04-07,0.42018667076864186,0.756
2002-04-08,0.41820023732075495,0.733
2002-04-09,0.41630280637498035,0.706
2002-04-10,0.4144582981680062,0.676
2002-04-11,0.4126775150875899,0.657
2002-04-12,0.41085781821077844,0.636
2002-04-13,0.40898502421698846,0.618
2002-04-14,0.40780976946043024,0.624
2002-04-15,0.4052107689533985,0.602
2002-04-16,0.40320475586637544,0.591
2002-04-17,0.40143287607043554,0.578
2002-04-18,0.4510562570173936,0.603
2002-04-19,0.4030924376831189,0.564
2002-04-20,0.4512529177575258,0.612
2002-04-21,0.3995263886267813,0.634
2002-04-22,0.39377106553022384,0.562
2002-04-23,0.39062479770424363,0.51
2002-04-24,0.3877054645101798,0.511
2002-04-25,0.3857004528326284,0.512
2002-04-26,0.38335548719863927,0.521
2002-04-27,0.5071827723325785,0.561
2002-04-28,0.46420361114065195,0.569
2002-04-29,0.4538325443147759,0.556
2002-04-30,0.39737807783925044,0.559
2002-05-01,0.37793291021456477,0.533
2002-05-02,0.3721008948363093,0.476
2002-05-03,0.36793616754927816,0.484
2002-05-04,0.36402983462870914,0.473
2002-05-05,0.36070026472414735,0.468
2002-05-06,0.35682464023914057,0.465
2002-05-07,0.35338197045083874,0.458
2002-05-08,0.3500436554266291,0.454
2002-05-09,0.3467724928635059,0.447
2002-05-10,0.34355109401139106,0.439
2002-05-11,0.34036690629649274,0.427
2002-05-12,0.33787695416101726,0.438
2002-05-13,0.3356216755481807,0.44
2002-05-14,0.3312290823795575,0.428
2002-05-15,0.3278654488904947,0.423
2002-05-16,0.3247393313723148,0.41
2002-05-17,0.4619104889066959,0.439
2002-05-18,0.3318926451798791,0.456
2002-05-19,0.32032303982966776,0.437
2002-05-20,0.31646380945836466,0.421
2002-05-21,0.31364306103228,0.419
2002-05-22,0.3351116835637545,0.408
2002-05-23,0.32661373823825685,0.417
2002-05-24,0.30676545529815263,0.41
2002-05-25,0.3016089716915539,0.39
2002-05-26,0.36442527480783005,0.426
2002-05-27,0.30178660017691644,0.443
2002-05-28,0.3337613655197638,0.435
2002-05-29,0.32202994934198176,0.396
2002-05-30,0.2910427089145929,0.393
2002-05-31,0.28508352922528113,0.375
2002-06-01,0.2809652593108105,0.351
2002-06-02,0.30698991130965175,0.357
2002-06-03,0.3103600465429048,0.406
2002-06-04,0.275966217513314,0.38
2002-06-05,0.4039379552696596,0.394
2002-06-06,0.27822465999339707,0.414
2002-06-07,0.29164171142466544,0.416
2002-06-08,0.26491757504926755,0.36
2002-06-09,0.33400112998647974,0.366
2002-06-10,0.2642377630631077,0.395
2002-06-11,0.2550973963962405,0.371
2002-06-12,0.25050184309979834,0.353
2002-06-13,0.29131111161057577,0.365
2002-06-14,0.3891812805960719,0.445
2002-06-15,0.25480361045177624,0.423
2002-06-16,0.24310437885516334,0.383
2002-06-17,0.23845112302510585,0.363
2002-06-18,0.2345506656221537,0.352
2002-06-19,0.2309215490870814,0.344
2002-06-20,0.22792195602530557,0.347
2002-06-21,0.2244470871798038,0.347
2002-06-22,0.2214648673117359,0.334
2002-06-23,0.21823331974033505,0.331
2002-06-24,0.21534231702310577,0.328
2002-06-25,0.21254624023473231,0.324
2002-06-26,0.21561581000245847,0.333
2002-06-27,0.2080398659684127,0.32
2002-06-28,0.20504191699954566,0.305
2002-06-29,0.20236209107192676,0.307
2002-06-30,0.20024175713433792,0.311
2002-07-01,0.20671707708256679,0.319
2002-07-02,0.2054995094331296,0.314
2002-07-03,0.19477776788706766,0.312
2002-07-04,0.37679085639110793,0.376
2002-07-05,0.32671809972545907,0.426
2002-07-06,0.2013247797637893,0.336
2002-07-07,0.1915127625450876,0.317
2002-07-08,0.1868156770168602,0.302
2002-07-09,0.1834575136210052,0.3
2002-07-10,0.18077917118346679,0.294
2002-07-11,0.20031254640463636,0.311
2002-07-12,0.17790274792500854,0.317
2002-07-13,0.17333930717977308,0.295
2002-07-14,0.17044077064639573,0.29
2002-07-15,0.16834916915345102,0.284
2002-07-16,0.16528526503639135,0.284
2002-07-17,0.16283611667287456,0.282
2002-07-18,0.1605033005775422,0.282
2002-07-19,0.29705999394300076,0.342
2002-07-20,0.16902316364276992,0.336
2002-07-21,0.15856465770532444,0.284
2002-07-22,0.15656638558580924,0.288
2002-07-23,0.15297154903680815,0.291
2002-07-24,0.1500338005447609,0.281
2002-07-25,0.1476450375551223,0.276
2002-07-26,0.14538906530768464,0.267
2002-07-27,0.14322690951459774,0.266
2002-07-28,0.14114216274851413,0.266
2002-07-29,0.13912269443141498,0.293
2002-07-30,0.23064782330518507,0.317
2002-07-31,0.18923288137207223,0.315
2002-08-01,0.34123036057307365,0.59
2002-08-02,0.3241280965017015,0.506
2002-08-03,0.2577954177780245,0.368
2002-08-04,0.14893676934012837,0.345
2002-08-05,0.137873562995811,0.324
2002-08-06,0.13468232181405054,0.317
2002-08-07,0.13208059594508909,0.332
2002-08-08,0.3056237561383028,0.348
2002-08-09,0.3456956775957899,0.632
2002-08-10,0.21828459461921496,0.498
2002-08-11,0.14485421971777188,0.463
2002-08-12,0.13450923965420944,0.43
2002-08-13,0.1294499679335515,0.398
2002-08-14,0.1253379837633614,0.375
2002-08-15,0.12181944511966046,0.359
2002-08-16,0.11874992002010848,0.338
2002-08-17,0.14926795586328603,0.335
2002-08-18,0.12433584876189023,0.368
2002-08-19,0.11451944054824915,0.343
2002-08-20,0.11160587041881694,0.319
2002-08-21,0.10934352446858582,0.303
2002-08-22,0.10731300954052701,0.298
2002-08-23,0.11206988830223331,0.296
2002-08-24,0.2500424050066144,0.368
2002-08-25,0.11531938404646662,0.323
2002-08-26,0.10551824900429305,0.305
2002-08-27,0.10280800592747248,0.298
2002-08-28,0.10106030244007419,0.297
2002-08-29,0.09893736697470114,0.297
2002-08-30,0.09729141640092577,0.282
2002-08-31,0.09553164284748195,0.277
2002-09-01,0.09401767894906388,0.277
2002-09-02,0.09259820589737265,0.272
2002-09-03,0.09124471354892587,0.273
2002-09-04,0.08995275053886147,0.271
2002-09-05,0.08973287974100104,0.272
2002-09-06,0.09275625749736714,0.275
2002-09-07,0.08785666310283287,0.268
2002-09-08,0.0860192449699584,0.264
2002-09-09,0.26423550748791447,0.362
2002-09-10,0.17416378290887619,0.307
2002-09-11,0.09301648646722364,0.278
2002-09-12,0.0864293231446723,0.266
2002-09-13,0.08414902146455229,0.26
2002-09-14,0.08232294989745663,0.259
2002-09-15,0.08069682360949111,0.263
2002-09-16,0.07922566080559905,0.266
2002-09-17,0.07781557405664187,0.262
2002-09-18,0.0765281356602673,0.259
2002-09-19,0.07531852211588623,0.259
2002-09-20,0.07417288011801773,0.256
2002-09-21,0.07307767337177021,0.268
2002-09-22,0.0720248413965114,0.274
2002-09-23,0.07100635069310722,0.272
2002-09-24,0.07002108352687493,0.263
2002-09-25,0.07602891524868442,0.265
2002-09-26,0.06965224716947324,0.273
2002-09-27,0.06793749428814315,0.27
2002-09-28,0.06686581214198312,0.269
2002-09-29,0.06587369233881017,0.267
2002-09-30,0.06498015630301242,0.261
2002-10-01,0.0640108928132287,0.262
2002-10-02,0.1447805332793852,0.288
2002-10-03,0.06866184652653401,0.269
2002-10-04,0.06365701421376893,0.26
2002-10-05,0.06244491885925127,0.263
2002-10-06,0.060876335486459876,0.26
2002-10-07,0.06002874150751698,0.258
2002-10-08,0.058908195202934346,0.254
2002-10-09,0.05795141166322652,0.253
2002-10-10,0.0570697411412058,0.252
2002-10-11,0.2326431143247826,0.283
2002-10-12,0.20438092879786743,0.287
2002-10-13,0.2438569344192796,0.285
2002-10-14,0.11530620027183187,0.328
2002-10-15,0.07356978115571751,0.259
2002-10-16,0.06205282637381527,0.236
2002-10-17,0.18301407294218533,0.292
2002-10-18,0.10581165980076458,0.269
2002-10-19,0.06721980584432313,0.328
2002-10-20,0.2707052566266326,0.526
2002-10-21,0.254566409334205,0.64
2002-10-22,0.26742059148550645,0.654
2002-10-23,0.14439838816533185,0.665
2002-10-24,0.23298930483297295,0.671
2002-10-25,0.20876816244158136,0.762
2002-10-26,0.2987389241310071,0.738
2002-10-27,0.42853143104917163,1.21
2002-10-28,0.2733795250473843,1.19
2002-10-29,0.27359717870466005,1.13
2002-10-30,0.17051900832223968,0.949
2002-10-31,0.14455483227863103,0.849
2002-11-01,0.3868054720044455,1.0
2002-11-02,0.4096828475502545,1.01
2002-11-03,0.23102939571810702,0.987
2002-11-04,0.1855509562565717,0.948
2002-11-05,0.4241941399790493,0.96
2002-11-06,0.4178109281783199,1.2
2002-11-07,0.42002783235326246,1.22
2002-11-08,0.8388260340855097,2.27
2002-11-09,0.8138184075593521,2.24
2002-11-10,0.5178927177507499,1.95
2002-11-11,0.5148114590189702,1.69
2002-11-12,0.4792126866389642,1.56
2002-11-13,1.0365760906809292,1.61
2002-11-14,1.067241883754196,3.1
2002-11-15,0.6653779446019832,2.64
2002-11-16,0.5043962020938783,2.14
2002-11-17,0.4269666020488682,1.82
2002-11-18,0.36881153866843847,1.6
2002-11-19,0.4722715162034515,1.45
2002-11-20,0.4376175710861571,1.44
2002-11-21,0.3382477297905735,1.31
2002-11-22,0.30487613778970307,1.2
2002-11-23,0.27778675243311596,1.14
2002-11-24,0.24793769760468615,1.08
2002-11-25,0.23105523302182998,1.02
2002-11-26,0.2256095102574429,0.981
2002-11-27,0.34337420416379666,0.966
2002-11-28,0.3408784899567225,0.946
2002-11-29,0.2727883474399908,0.89
2002-11-30,0.39693245235711083,0.915
2002-12-01,0.6031744776171523,0.904
2002-12-02,1.2394024279125522,1.52
2002-12-03,0.9420800234804864,1.78
2002-12-04,0.7696409815475691,1.71
2002-12-05,0.5655747713693129,1.53
2002-12-06,0.4926941014629495,1.42
2002-12-07,0.43985056184367394,1.33
2002-12-08,0.3984788536673559,1.26
2002-12-09,0.3661690901280518,1.18
2002-12-10,0.34112444383190393,1.12
2002-12-11,0.32178343103473583,1.07
2002-12-12,0.3131601703693003,1.02
2002-12-13,0.3004750925120377,0.981
2002-12-14,0.6164904714957682,0.998
2002-12-15,0.8937798237478556,1.31
2002-12-16,0.6829374989218736,1.32
2002-12-17,0.5119183909403965,1.27
2002-12-18,0.46105363038485664,1.26
2002-12-19,0.4238161300607411,1.24
2002-12-20,0.3953183327231537,1.2
2002-12-21,1.0557827941249558,1.4
2002-12-22,0.6857026001104343,1.36
2002-12-23,0.6231311297774484,1.33
2002-12-24,0.6584739312528004,1.35
2002-12-25,0.6918247874031426,1.29
2002-12-26,0.9825819046068184,1.38
2002-12-27,0.6861502974550229,1.49
2002-12-28,1.1111620222381413,1.46
2002-12-29,1.3642109501456012,2.3
2002-12-30,0.9564483094314338,2.37
2002-12-31,0.8939839699130937,2.16
2003-01-01,0.7341743465896616,2.02
2003-01-02,1.5356589602424409,2.24
2003-01-03,1.0642957078286668,2.31
2003-01-04,0.8080343710583134,2.14
2003-01-05,0.7202109814916737,1.97
2003-01-06,0.6560773910425721,1.78
2003-01-07,0.6054751691846805,1.63
2003-01-08,0.5669049453149401,1.51
2003-01-09,0.536968990866828,1.42
2003-01-10,0.5124413382873976,1.3
2003-01-11,0.49436368629972977,1.26
2003-01-12,0.48175226031133517,1.24
2003-01-13,0.47000532331595507,1.22
2003-01-14,0.5810861576941636,1.15
2003-01-15,0.49758468451227683,1.1
2003-01-16,0.5197774131845524,1.06
2003-01-17,0.5793801118909953,1.05
2003-01-18,0.5631924773709667,1.02
2003-01-19,0.6259969252654055,0.996
2003-01-20,0.598166524552148,0.996
2003-01-21,0.733257429694802,0.98
2003-01-22,0.778639889205747,1.05
2003-01-23,0.6188706719731975,0.958
2003-01-24,0.6145996312714723,0.948
2003-01-25,0.649774365458424,0.967
2003-01-26,0.5763657100694419,1.02
2003-01-27,0.6130602829436532,0.989
2003-01-28,0.7827522408945226,1.03
2003-01-29,0.7051313279786035,0.983
2003-01-30,0.6072370935887028,0.968
2003-01-31,0.6541201970954336,0.96
2003-02-01,0.6170569958506823,0.968
2003-02-02,0.6400264283418582,0.925
2003-02-03,0.7644894845723692,0.955
2003-02-04,0.7146213189738937,0.955
2003-02-05,0.627035984280417,0.934
2003-02-06,0.5885868572805608,0.917
2003-02-07,0.5644635224103177,0.917
2003-02-08,0.8027750048564146,0.951
2003-02-09,0.6137596694072396,1.03
2003-02-10,0.6527809937300596,0.99
2003-02-11,0.5850770294064706,0.98
2003-02-12,0.5630277538809813,0.972
2003-02-13,0.5460288443736946,0.958
2003-02-14,0.5329289950959923,0.936
2003-02-15,0.522572123483865,0.911
2003-02-16,0.5136557911280182,0.894
2003-02-17,0.5064738874348002,0.866
2003-02-18,0.5004867631940448,0.843
2003-02-19,0.4954280905786793,0.828
2003-02-20,0.4910402615378945,0.818
2003-02-21,0.48722322950551644,0.801
2003-02-22,0.483923715091865,0.786
2003-02-23,0.4929069145147125,0.777
2003-02-24,0.479526968351102,0.758
2003-02-25,0.4759949120262545,0.74
2003-02-26,0.47339955794343924,0.726
2003-02-27,0.4704849959944186,0.715
2003-02-28,0.5310939304340248,0.728
2003-03-01,0.6274590304875605,0.925
2003-03-02,0.4790459393873645,0.805
2003-03-03,0.47368395537773506,0.755
2003-03-04,0.464633200881338,0.757
2003-03-05,0.4588750206944047,0.742
2003-03-06,0.45521143787007967,0.73
2003-03-07,0.5312511959128249,0.755
2003-03-08,0.532844386475703,0.765
2003-03-09,0.5206685093134621,0.74
2003-03-10,0.5525117171527624,0.746
2003-03-11,0.4975997236139316,0.723
2003-03-12,0.4772063821350671,0.692
2003-03-13,0.4661340990929928,0.689
2003-03-14,0.45703419522584077,0.684
2003-03-15,0.4491757975963242,0.675
2003-03-16,0.44228461145249076,0.672
2003-03-17,0.43614709890347547,0.665
2003-03-18,0.4306132329618115,0.654
2003-03-19,0.4255637423417933,0.648
2003-03-20,0.4208601598458398,0.651
2003-03-21,0.4164684612181814,0.644
2003-03-22,0.41228160941404673,0.632
2003-03-23,0.40828045445658434,0.629
2003-03-24,0.4044121957760853,0.619
2003-03-25,0.4006479568840429,0.614
2003-03-26,0.3969614420723605,0.549
2003-03-27,0.3933335272721222,0.529
2003-03-28,0.3897491481594384,0.523
2003-03-29,0.3861964978172433,0.517
2003-03-30,0.38266667477582395,0.515
2003-03-31,0.43702641270466447,0.515
2003-04-01,0.39194388626095766,0.529
2003-04-02,0.3748139679586635,0.509
2003-04-03,0.37021865972975926,0.495
2003-04-04,0.36641099184604853,0.485
2003-04-05,0.3627004482930818,0.462
2003-04-06,0.3590392443323423,0.467
2003-04-07,0.3554164718603427,0.469
2003-04-08,0.3518241734731553,0.461
2003-04-09,0.34825673389289735,0.458
2003-04-10,0.34470992967128444,0.456
2003-04-11,0.3411806331884186,0.454
2003-04-12,0.33766657972761677,0.437
2003-04-13,0.3649039225744784,0.46
2003-04-14,0.3330777928605773,0.462
2003-04-15,0.32790108852560934,0.437
2003-04-16,0.32423286790158057,0.431
2003-04-17,0.32068605250980237,0.437
2003-04-18,0.31717440732062746,0.428
2003-04-19,0.31368989691956223,0.426
2003-04-20,0.31038208001181244,0.428
2003-04-21,0.33021012936867766,0.46
2003-04-22,0.30531901022157204,0.419
2003-04-23,0.3005549774740559,0.404
2003-04-24,0.2986146891924831,0.401
2003-04-25,0.2938988181216833,0.402
2003-04-26,0.3147886273407131,0.4
2003-04-27,0.4511381337166588,0.435
2003-04-28,0.29586016211708377,0.459
2003-04-29,0.3139058694980381,0.423
2003-04-30,0.32442507872614684,0.423
2003-05-01,0.37708133494498997,0.437
2003-05-02,0.457355018025656,0.75
2003-05-03,0.3333534706048468,0.53
2003-05-04,0.2791737614919769,0.462
2003-05-05,0.27042280214824604,0.439
2003-05-06,0.26527278343751,0.415
2003-05-07,0.2608659468300266,0.413
2003-05-08,0.2567433139085719,0.399
2003-05-09,0.2537777135669742,0.402
2003-05-10,0.24995957346617614,0.394
2003-05-11,0.24668918902881068,0.403
2003-05-12,0.2427502285194875,0.384
2003-05-13,0.23963715212783102,0.381
2003-05-14,0.23591283636635607,0.375
2003-05-15,0.2872177226537538,0.376
2003-05-16,0.2861804757842917,0.438
2003-05-17,0.2859124577117864,0.426
2003-05-18,0.23141973878512098,0.403
2003-05-19,0.31908916256162395,0.397
2003-05-20,0.24460888612819728,0.423
2003-05-21,0.36213803320153837,0.461
2003-05-22,0.23022915850143383,0.507
2003-05-23,0.21901457561356522,0.436
2003-05-24,0.2146587581662639,0.411
2003-05-25,0.20922662809839693,0.4
2003-05-26,0.206375461031461,0.385
2003-05-27,0.20259888376823437,0.39
2003-05-28,0.19949486762844892,0.381
2003-05-29,0.19657475314638304,0.37
2003-05-30,0.19376375403980983,0.362
2003-05-31,0.19104062322614251,0.36
2003-06-01,0.1884042048376144,0.338
2003-06-02,0.1858121324971983,0.35
2003-06-03,0.18329815502472607,0.336
2003-06-04,0.20356314172570292,0.352
2003-06-05,0.18132451286042223,0.338
2003-06-06,0.17694143998185832,0.347
2003-06-07,0.2292457529859724,0.341
2003-06-08,0.1766855651436675,0.354
2003-06-09,0.17113836075820135,0.323
2003-06-10,0.1682870562245028,0.312
2003-06-11,0.16574667584070396,0.303
2003-06-12,0.163245801060886,0.304
2003-06-13,0.16090276337642156,0.31
2003-06-14,0.1586184375670228,0.297
2003-06-15,0.15638761149983038,0.304
2003-06-16,0.25949516270190554,0.339
2003-06-17,0.1596668317588515,0.33
2003-06-18,0.15217413482037173,0.312
2003-06-19,0.1492000667681283,0.301
2003-06-20,0.14688578373746408,0.287
2003-06-21,0.14481922477127093,0.291
2003-06-22,0.14364113360581016,0.309
2003-06-23,0.14051931085594593,0.298
2003-06-24,0.13843623493888513,0.279
2003-06-25,0.13651473871227268,0.277
2003-06-26,0.13499106429292596,0.283
2003-06-27,0.15570332169785422,0.302
2003-06-28,0.13297368465165907,0.292
2003-06-29,0.23972350164203543,0.281
2003-06-30,0.30879501579400503,0.394
2003-07-01,0.14267311859513118,0.338
2003-07-02,0.1299512666690298,0.315
2003-07-03,0.12656767016956913,0.28
2003-07-04,0.12395313890080167,0.278
2003-07-05,0.12157047910111521,0.276
2003-07-06,0.11935536409735016,0.274
2003-07-07,0.11730819542073692,0.264
2003-07-08,0.11531247951764972,0.266
2003-07-09,0.11343223977550647,0.263
2003-07-10,0.1116378487999846,0.256
2003-07-11,0.1099034569961661,0.253
2003-07-12,0.10822776508806027,0.251
2003-07-13,0.10660040618135701,0.246
2003-07-14,0.10501498626876907,0.238
2003-07-15,0.10346631488941536,0.236
2003-07-16,0.10286341433568993,0.233
2003-07-17,0.2843245398426652,0.894
2003-07-18,0.2791101623383144,0.43
2003-07-19,0.2759800725225671,0.349
2003-07-20,0.24294441668103992,0.325
2003-07-21,0.10750886543107364,0.304
2003-07-22,0.09800543946104526,0.292
2003-07-23,0.09694417457924694,0.294
2003-07-24,0.1676923390475876,0.291
2003-07-25,0.11030380281667831,0.338
2003-07-26,0.09759302292039047,0.296
2003-07-27,0.09301438766481361,0.285
2003-07-28,0.0944793700056945,0.281
2003-07-29,0.2483406622614585,0.321
2003-07-30,0.10328846725085301,0.359
2003-07-31,0.09140425909943838,0.299
2003-08-01,0.08772448397855202,0.281
2003-08-02,0.08543104488035969,0.271
2003-08-03,0.08345250795478765,0.273
2003-08-04,0.08166881240338775,0.254
2003-08-05,0.08005351157883667,0.249
2003-08-06,0.07854296640987002,0.252
2003-08-07,0.07714486256161898,0.26
2003-08-08,0.07583407902589029,0.252
2003-08-09,0.1958079766885816,0.251
2003-08-10,0.08532851629172897,0.27
2003-08-11,0.07665495652710187,0.26
2003-08-12,0.07442339452687582,0.239
2003-08-13,0.07274764313558577,0.239
2003-08-14,0.07124976485273127,0.237
2003-08-15,0.06987719176804491,0.236
2003-08-16,0.06860230185293408,0.231
2003-08-17,0.06747989459677897,0.228
2003-08-18,0.06629700503853722,0.229
2003-08-19,0.06522240312512448,0.22
2003-08-20,0.06420206910920273,0.222
2003-08-21,0.06351197766391845,0.22
2003-08-22,0.0636058942429494,0.228
2003-08-23,0.062119252155085576,0.237
2003-08-24,0.06050043886669492,0.231
2003-08-25,0.059590834533095105,0.226
2003-08-26,0.058726902566109955,0.223
2003-08-27,0.057890046944482965,0.221
2003-08-28,0.05822114221784048,0.224
2003-08-29,0.06096599409633136,0.213
2003-08-30,0.05645628942772711,0.214
2003-08-31,0.05529963640411339,0.212
2003-09-01,0.054399964825130195,0.211
2003-09-02,0.05355013520623989,0.226
2003-09-03,0.05271674762984295,0.211
2003-09-04,0.05191598939496132,0.199
2003-09-05,0.05535225519923843,0.202
2003-09-06,0.051450567440533085,0.21
2003-09-07,0.15344521292201405,0.22
2003-09-08,0.10270326473439055,0.249
2003-09-09,0.1926839672868298,0.245
2003-09-10,0.15650640292487955,0.303
2003-09-11,0.06195162624748729,0.251
2003-09-12,0.05397785447888372,0.229
2003-09-13,0.0516315217266839,0.215
2003-09-14,0.049886885475796755,0.21
2003-09-15,0.048394260226092015,0.21
2003-09-16,0.04709012563136709,0.207
2003-09-17,0.045938166932894556,0.203
2003-09-18,0.08548417302306863,0.208
2003-09-19,0.21092554305443068,0.27
2003-09-20,0.10647204403692954,0.268
2003-09-21,0.07645641907268147,0.236
2003-09-22,0.1735395389550336,0.263
2003-09-23,0.056876134978279654,0.235
2003-09-24,0.047523354059641934,0.222
2003-09-25,0.04564383493786346,0.217
2003-09-26,0.046448447367554116,0.22
2003-09-27,0.043074271436888335,0.218
2003-09-28,0.04194634823613063,0.215
2003-09-29,0.040975205651515564,0.211
2003-09-30,0.03952991664137141,0.208
2003-10-01,0.03866413644936764,0.204
2003-10-02,0.03790427864557823,0.204
2003-10-03,0.040990998181629906,0.204
2003-10-04,0.17225201730810963,0.237
2003-10-05,0.10837063409069574,0.237
2003-10-06,0.14635031320232067,0.276
2003-10-07,0.07453788121200736,0.286
2003-10-08,0.04591781455991835,0.247
2003-10-09,0.042647269020620555,0.231
2003-10-10,0.039793689356302585,0.224
2003-10-11,0.03819416925236009,0.22
2003-10-12,0.0370044266750362,0.213
2003-10-13,0.035863211357378424,0.211
2003-10-14,0.034828822683630356,0.21
2003-10-15,0.033993733580335396,0.207
2003-10-16,0.033263800506334824,0.206
2003-10-17,0.032611583383600914,0.204
2003-10-18,0.03203061316265986,0.206
2003-10-19,0.03156632571021088,0.206
2003-10-20,0.047179825779331344,0.207
2003-10-21,0.16922650343440615,0.221
2003-10-22,0.06262627522599783,0.227
2003-10-23,0.1006707707378448,0.217
2003-10-24,0.048136301710303656,0.233
2003-10-25,0.13503696870786538,0.245
2003-10-26,0.0416421155948494,0.236
2003-10-27,0.034810451749050515,0.209
2003-10-28,0.17047042243471155,0.264
2003-10-29,0.2568104458228108,0.727
2003-10-30,0.29726236941526385,1.08
2003-10-31,0.2728748194791115,1.39
2003-11-01,0.27594722678070893,1.07
2003-11-02,0.3936128446597618,1.01
2003-11-03,0.23937607981479922,0.997
2003-11-04,0.11742780329344463,0.89
2003-11-05,0.09589904205389678,0.784
2003-11-06,0.08318073161361263,0.692
2003-11-07,0.073352927734478,0.621
2003-11-08,0.06565061991318738,0.575
2003-11-09,0.05942762245775538,0.541
2003-11-10,0.054546648074349675,0.502
2003-11-11,0.0699854620239911,0.489
2003-11-12,0.08429882636009699,0.481
2003-11-13,0.07989712927774084,0.466
2003-11-14,0.12909973757440715,0.504
2003-11-15,0.2288180428533992,0.485
2003-11-16,0.10618231958034587,0.57
2003-11-17,0.0831977052105137,0.506
2003-11-18,0.07121533877742162,0.49
2003-11-19,0.11403999680727187,0.494
2003-11-20,0.07707494752647479,0.497
2003-11-21,0.06530824256317024,0.488
2003-11-22,0.060168273152814596,0.481
2003-11-23,0.05698138560392464,0.468
2003-11-24,0.08434443883222968,0.444
2003-11-25,0.12115549042220533,0.489
2003-11-26,0.06883188941056279,0.479
2003-11-27,0.060673283521032684,0.445
2003-11-28,0.05926704729637198,0.435
2003-11-29,0.09514345176178665,0.446
2003-11-30,0.18377753317922874,0.469
2003-12-01,0.4443654276106013,0.858
2003-12-02,0.2967102844671589,0.788
2003-12-03,0.15499902921328862,0.77
2003-12-04,0.12827692562420942,0.728
2003-12-05,0.11357334680159115,0.695
2003-12-06,0.10053425704560111,0.654
2003-12-07,0.09114469036370434,0.623
2003-12-08,0.08362632226521086,0.6
2003-12-09,0.07769472924401745,0.58
2003-12-10,0.3514998116797066,0.587
2003-12-11,0.2533895091209752,0.684
2003-12-12,0.2865532249805335,0.664
2003-12-13,0.32464631802663396,0.682
2003-12-14,0.19272960060431454,0.678
2003-12-15,0.15838115912327336,0.674
2003-12-16,0.13937595583884302,0.68
2003-12-17,0.12486193577199646,0.67
2003-12-18,0.11496302874859161,0.656
2003-12-19,0.127872511867174,0.638
2003-12-20,0.5535765504150887,0.855
2003-12-21,0.46070980830907066,0.918
2003-12-22,0.4085986154155525,0.883
2003-12-23,0.3592879710161048,1.06
2003-12-24,0.24847772440924346,1.04
2003-12-25,0.2242320680287515,1.02
2003-12-26,0.29338290153174135,1.01
2003-12-27,0.35537087142982915,0.952
2003-12-28,0.23488877681110268,0.916
2003-12-29,0.19728325439424566,0.832
2003-12-30,0.17700809659288652,0.783
2003-12-31,0.5000077805092714,0.848
2004-01-01,0.5465354467409803,1.05
2004-01-02,0.34128274755079274,1.01
2004-01-03,0.2739033079134455,1.03
2004-01-04,0.24133432469710808,0.996
2004-01-05,0.3350084941298929,0.979
2004-01-06,0.23700298834600378,0.941
2004-01-07,0.41288375677308287,0.91
2004-01-08,0.3068526130396231,0.905
2004-01-09,0.24870163849473403,0.835
2004-01-10,0.4124676225897021,0.827
2004-01-11,0.26903211430977475,0.821
2004-01-12,0.4438768987159464,0.808
2004-01-13,0.4376210094636283,0.932
2004-01-14,0.3742110104098312,0.844
2004-01-15,0.944772559615609,1.08
2004-01-16,1.0995684859215766,1.78
2004-01-17,0.7318743280756246,1.92
2004-01-18,0.7165959026525198,1.78
2004-01-19,1.182016752354204,1.91
2004-01-20,1.1790831744370698,3.48
2004-01-21,0.8016979305929096,3.08
2004-01-22,0.6375679882870244,2.57
2004-01-23,0.7835064011886794,2.29
2004-01-24,0.5743783261081374,1.97
2004-01-25,0.4936322750301918,1.79
2004-01-26,0.44295499056246895,1.65
2004-01-27,0.6442728163017487,1.55
2004-01-28,0.8236600904481755,1.67
2004-01-29,0.5381843154428257,1.47
2004-01-30,0.8111656627812837,1.52
2004-01-31,0.8708199729381677,1.65
2004-02-01,1.043208460262196,1.67
2004-02-02,0.8845870066796933,1.91
2004-02-03,1.020100992884975,1.92
2004-02-04,1.0673119581067523,2.31
2004-02-05,0.7460780476343315,2.24
2004-02-06,0.9467064000402521,2.23
2004-02-07,0.9019089336464469,2.03
2004-02-08,0.6855599950195344,1.8
2004-02-09,0.6126224533909503,1.66
2004-02-10,0.5612703103952026,1.58
2004-02-11,0.5206629617992046,1.48
2004-02-12,0.48948899337999163,1.39
2004-02-13,0.47192753454714875,1.31
2004-02-14,0.45437180307713154,1.25
2004-02-15,0.4338168322510134,1.19
2004-02-16,0.5869331650285043,1.16
2004-02-17,0.4673914521134409,1.11
2004-02-18,0.4481194567667368,1.06
2004-02-19,0.43597249347342826,1.01
2004-02-20,0.4277473457847642,0.975
2004-02-21,0.42165495260635316,0.943
2004-02-22,0.4172321375605839,0.905
2004-02-23,0.41862151400319125,0.887
2004-02-24,0.4157468835965183,0.894
2004-02-25,0.4114572862326752,0.852
2004-02-26,0.547482210405986,0.845
2004-02-27,0.47482963876087153,0.827
2004-02-28,0.439289695833672,0.794
2004-02-29,0.4320094798311727,0.766
2004-03-01,0.427708951416961,0.745
2004-03-02,0.4245322077842167,0.745
2004-03-03,0.4298886063154128,0.752
2004-03-04,0.42280290227914147,0.726
2004-03-05,0.4203866183233568,0.71
2004-03-06,0.41798168113340667,0.699
2004-03-07,0.4161052537383068,0.679
2004-03-08,0.4148175289298628,0.652
2004-03-09,0.41365289974535513,0.639
2004-03-10,0.4127433215363472,0.636
2004-03-11,0.4117360481191365,0.587
2004-03-12,0.41075188260130135,0.617
2004-03-13,0.40982586134033944,0.611
2004-03-14,0.4127207379231403,0.616
2004-03-15,0.40785215787100015,0.592
2004-03-16,0.40615309755940465,0.583
2004-03-17,0.4045705531727657,0.564
2004-03-18,0.5043573664086017,0.574
2004-03-19,0.4105291742836875,0.612
2004-03-20,0.40281125868880363,0.581
2004-03-21,0.4085197237263815,0.557
2004-03-22,0.40264040570258386,0.552
2004-03-23,0.3968747338214327,0.539
2004-03-24,0.4265537413403037,0.528
2004-03-25,0.3954915737893213,0.555
2004-03-26,0.3911012342411694,0.521
2004-03-27,0.3882994689190909,0.529
2004-03-28,0.385801079780047,0.517
2004-03-29,0.3833213241660104,0.506
2004-03-30,0.3808240748253757,0.5
2004-03-31,0.3785631232893408,0.492
2004-04-01,0.3991292865740472,0.525
2004-04-02,0.375583498029275,0.499
2004-04-03,0.4706990487983081,0.543
2004-04-04,0.42230648159788803,0.566
2004-04-05,0.3872877564348228,0.525
2004-04-06,0.4352644630844487,0.585
2004-04-07,0.3695880220171307,0.547
2004-04-08,0.3616954631735325,0.532
2004-04-09,0.3582112227535867,0.524
2004-04-10,0.3544837260923165,0.517
2004-04-11,0.35117584829563575,0.511
2004-04-12,0.3479540285033743,0.499
2004-04-13,0.34508501276198195,0.502
2004-04-14,0.34165555891296256,0.498
2004-04-15,0.3392204574419569,0.49
2004-04-16,0.33606154762712986,0.493
2004-04-17,0.36173184889977694,0.494
2004-04-18,0.33212651107524926,0.495
2004-04-19,0.3272637241662598,0.463
2004-04-20,0.324234045491983,0.455
2004-04-21,0.3213822210083301,0.45
2004-04-22,0.3176767050860436,0.437
2004-04-23,0.3145273009398223,0.424
2004-04-24,0.31142485064638337,0.421
2004-04-25,0.3083383827201167,0.418
2004-04-26,0.3052647847583275,0.414
2004-04-27,0.30340512366051525,0.418
2004-04-28,0.2992418136453273,0.418
2004-04-29,0.2961261869799017,0.413
2004-04-30,0.29306259516013367,0.407
2004-05-01,0.29003328498321723,0.401
2004-05-02,0.2872785357634337,0.402
2004-05-03,0.4088750605773379,0.414
2004-05-04,0.4248226581169714,0.475
2004-05-05,0.4506700362291374,0.712
2004-05-06,0.2929316573642186,0.496
2004-05-07,0.28021181890456687,0.447
2004-05-08,0.3202298233444579,0.48
2004-05-09,0.2751021056614721,0.468
2004-05-10,0.26859488992699293,0.445
2004-05-11,0.26463402747231984,0.429
2004-05-12,0.26096683316745406,0.426
2004-05-13,0.25756553397149,0.418
2004-05-14,0.25415029572971015,0.415
2004-05-15,0.2509145458209529,0.401
2004-05-16,0.2477785199209406,0.395
2004-05-17,0.2447198216796437,0.4
2004-05-18,0.2417259975836701,0.368
2004-05-19,0.23936655614453453,0.378
2004-05-20,0.23592581739648222,0.38
2004-05-21,0.23325061751609535,0.373
2004-05-22,0.2302435461330845,0.365
2004-05-23,0.22745284690950476,0.357
2004-05-24,0.22470189255879733,0.349
2004-05-25,0.22197936516153913,0.35
2004-05-26,0.21928251475279653,0.346
2004-05-27,0.216662856367582,0.347
2004-05-28,0.2146688950585636,0.344
2004-05-29,0.2114056435476145,0.343
2004-05-30,0.20913166988520382,0.339
2004-05-31,0.2143961536790758,0.347
2004-06-01,0.2041109156075118,0.339
2004-06-02,0.2011200841613921,0.322
2004-06-03,0.1989998016444301,0.333
2004-06-04,0.19608845065102387,0.323
2004-06-05,0.1935743356680434,0.318
2004-06-06,0.1911184913508953,0.306
2004-06-07,0.1886855417268352,0.293
2004-06-08,0.186276302690285,0.297
2004-06-09,0.18401195634816742,0.298
2004-06-10,0.18154719586605136,0.289
2004-06-11,0.1793850684878442,0.295
2004-06-12,0.17685267675301605,0.291
2004-06-13,0.17453935192254832,0.29
2004-06-14,0.172256469923415,0.288
2004-06-15,0.1700682307730948,0.291
2004-06-16,0.16776023349501695,0.29
2004-06-17,0.1657941544820611,0.283
2004-06-18,0.17699777200283828,0.284
2004-06-19,0.16238442365050748,0.29
2004-06-20,0.1595468274463045,0.289
2004-06-21,0.1571302321476997,0.293
2004-06-22,0.32489996155993495,0.338
2004-06-23,0.3259884671047274,0.353
2004-06-24,0.19082211825817744,0.315
2004-06-25,0.1552538269366405,0.295
2004-06-26,0.15166841020154387,0.298
2004-06-27,0.14854177995467763,0.302
2004-06-28,0.14537114983025864,0.273
2004-06-29,0.14324903075080508,0.276
2004-06-30,0.1780813610997481,0.289
2004-07-01,0.14266012730497768,0.276
2004-07-02,0.13817365157971456,0.274
2004-07-03,0.13551124203302675,0.263
2004-07-04,0.15619378021409627,0.282
2004-07-05,0.1334984683502924,0.264
2004-07-06,0.18433309833837438,0.291
2004-07-07,0.16627418035259248,0.261
2004-07-08,0.30094285581868413,0.421
2004-07-09,0.13951515843670337,0.309
2004-07-10,0.12878434891110052,0.294
2004-07-11,0.1243600952385723,0.274
2004-07-12,0.12175958934571127,0.278
2004-07-13,0.1488550449817359,0.274
2004-07-14,0.12117030896727074,0.285
2004-07-15,0.27470290943715125,0.413
2004-07-16,0.2520694170714803,0.33
2004-07-17,0.12795452536280771,0.385
2004-07-18,0.11683578217980556,0.306
2004-07-19,0.11459669867089047,0.294
2004-07-20,0.11130780838388123,0.289
2004-07-21,0.10857342652066694,0.273
2004-07-22,0.10677508586511404,0.277
2004-07-23,0.10445980654594707,0.261
2004-07-24,0.12640481298575532,0.26
2004-07-25,0.18063412756213365,0.315
2004-07-26,0.10674707430947179,0.304
2004-07-27,0.10074149665561542,0.3
2004-07-28,0.09845697921383442,0.284
2004-07-29,0.09693911653948205,0.261
2004-07-30,0.09480987622680775,0.255
2004-07-31,0.0931676245255435,0.25
2004-08-01,0.09166629710134043,0.246
2004-08-02,0.09028873607471302,0.246
2004-08-03,0.2606375524346154,0.542
2004-08-04,0.22945227932692028,0.404
2004-08-05,0.23084465659927092,0.64
2004-08-06,0.0998035554451299,0.552
2004-08-07,0.09009923446597352,0.448
2004-08-08,0.2776208775818419,0.922
2004-08-09,0.2864935065755904,1.2
2004-08-10,0.2559144132943877,0.982
2004-08-11,0.2643772001083042,1.11
2004-08-12,0.11447737551664859,0.96
2004-08-13,0.09940759711343673,0.832
2004-08-14,0.09373999248812265,0.733
2004-08-15,0.09171860896528865,0.659
2004-08-16,0.08648108327024188,0.6
2004-08-17,0.13128143806630188,0.584
2004-08-18,0.1304339818816509,0.614
2004-08-19,0.2620295717213555,0.64
2004-08-20,0.2285173128075641,0.947
2004-08-21,0.10381199887155192,0.803
2004-08-22,0.2263053798679836,0.794
2004-08-23,0.19763384444932913,1.3
2004-08-24,0.1829182580671222,1.38
2004-08-25,0.11265052943820779,1.21
2004-08-26,0.1636471188028751,1.1
2004-08-27,0.10306506103245107,0.999
2004-08-28,0.09429709140815223,0.904
2004-08-29,0.08850026221489293,0.825
2004-08-30,0.0838857151332782,0.753
2004-08-31,0.08023781269362863,0.704
2004-09-01,0.07728241914686487,0.667
2004-09-02,0.07482234488490797,0.636
2004-09-03,0.07275505294627028,0.602
2004-09-04,0.07099861988217444,0.588
2004-09-05,0.06949274955240242,0.564
2004-09-06,0.06818206396362149,0.538
2004-09-07,0.06703011976149549,0.519
2004-09-08,0.06600328865904703,0.493
2004-09-09,0.06507782247153035,0.497
2004-09-10,0.1362476113210865,0.536
2004-09-11,0.1586968177791397,0.551
2004-09-12,0.10069050886051169,0.518
2004-09-13,0.10821893022434542,0.489
2004-09-14,0.15390463699435275,0.523
2004-09-15,0.06994439211049573,0.477
2004-09-16,0.08724420410631764,0.466
2004-09-17,0.09073818980047346,0.464
2004-09-18,0.06481750432673708,0.462
2004-09-19,0.08330093188864118,0.441
2004-09-20,0.06262222126980983,0.427
2004-09-21,0.0730141908620933,0.411
2004-09-22,0.21686152005753748,0.484
2004-09-23,0.06952934185412647,0.555
2004-09-24,0.05986771223902099,0.449
2004-09-25,0.05841522212475117,0.44
2004-09-26,0.057191724108279315,0.43
2004-09-27,0.05624335904543646,0.425
2004-09-28,0.055491968704980375,0.415
2004-09-29,0.10662623302036586,0.422
2004-09-30,0.05866173518422123,0.458
2004-10-01,0.07107010270769429,0.434
2004-10-02,0.0555623028913516,0.422
2004-10-03,0.19188870846690176,0.437
2004-10-04,0.0641021516631233,0.437
2004-10-05,0.10305525373423907,0.423
2004-10-06,0.08437910190653045,0.42
2004-10-07,0.05996334681504555,0.443
2004-10-08,0.05541351946978272,0.422
2004-10-09,0.05361909574967023,0.416
2004-10-10,0.05221884304202509,0.412
2004-10-11,0.05101533825407399,0.402
2004-10-12,0.0604742753953832,0.41
2004-10-13,0.050135551720130615,0.414
2004-10-14,0.16419002581429798,0.459
2004-10-15,0.2283997170599357,0.634
2004-10-16,0.16560826180387136,0.626
2004-10-17,0.36652531299211405,0.736
2004-10-18,0.1421680629166573,0.865
2004-10-19,0.545681610146714,1.04
2004-10-20,0.5288357287187484,1.43
2004-10-21,0.4286061424939865,1.36
2004-10-22,0.9325666071991023,2.02
2004-10-23,0.7516424342104036,2.19
2004-10-24,0.9251473009469124,1.9
2004-10-25,0.5857812214924111,1.59
2004-10-26,0.4138543102677553,1.41
2004-10-27,0.47830815967165646,1.4
2004-10-28,0.3446712713672199,1.24
2004-10-29,0.2979086995149425,1.13
2004-10-30,0.25122573095007766,1.03
2004-10-31,0.2202273831004794,0.971
2004-11-01,0.196963202900701,0.928
2004-11-02,0.18824106465730198,0.881
2004-11-03,0.24924176732317194,0.858
2004-11-04,0.18123320893200257,0.817
2004-11-05,0.3911882842660943,0.793
2004-11-06,0.7165403406815976,1.31
2004-11-07,0.5367397584742432,1.46
2004-11-08,0.474290476907347,1.53
2004-11-09,0.6497203125520813,1.61
2004-11-10,0.405507816007347,1.52
2004-11-11,0.34591758441166565,1.45
2004-11-12,0.4435496551770066,1.4
2004-11-13,0.3269058167897644,1.25
2004-11-14,0.2853784179711932,1.17
2004-11-15,0.2596559327160566,1.12
2004-11-16,0.2536679077416685,1.08
2004-11-17,0.47124526913860076,1.06
2004-11-18,1.1556173684358761,1.7
2004-11-19,0.8858310780185275,1.59
2004-11-20,0.7257337509073079,1.64
2004-11-21,0.5123611690274658,1.71
2004-11-22,0.43850726812601354,1.68
2004-11-23,0.39045737070991754,1.53
2004-11-24,0.36010993188089413,1.41
2004-11-25,0.5633883086855197,1.32
2004-11-26,0.3895505360822923,1.29
2004-11-27,0.8477329401306328,1.35
2004-11-28,0.48809304261332737,1.31
2004-11-29,0.42432173125475126,1.23
2004-11-30,0.385577523373007,1.22
2004-12-01,0.3645808496431768,1.18
2004-12-02,0.3390357870731919,1.12
2004-12-03,0.31703758319157793,1.07
2004-12-04,0.3045252710435271,1.03
2004-12-05,0.2923004411716798,0.997
2004-12-06,0.2921370841156735,0.956
2004-12-07,0.2788551676804174,0.942
2004-12-08,0.27423158213798055,0.919
2004-12-09,0.27144880710771746,0.903
2004-12-10,0.2692687254494478,0.884
2004-12-11,0.2671260148994655,0.864
2004-12-12,0.26611124716753093,0.843
2004-12-13,0.2655426169390735,0.823
2004-12-14,0.4118878540535427,0.804
2004-12-15,0.3592380480768544,0.792
2004-12-16,0.4822599019992013,0.782
2004-12-17,0.6457581707603893,0.856
2004-12-18,0.4993962206869843,0.776
2004-12-19,0.4134292516147591,0.728
2004-12-20,0.8663131784081445,0.872
2004-12-21,1.0511711789080918,0.891
2004-12-22,0.7074792912291046,1.06
2004-12-23,0.6442896317017642,1.05
2004-12-24,0.9709176675841994,1.16
2004-12-25,1.1521417804277407,1.15
2004-12-26,0.7345204153364153,1.15
2004-12-27,1.0100664907826946,1.33
2004-12-28,0.7686013643074158,1.46
2004-12-29,0.6431019621873123,1.45
2004-12-30,0.7050114103651056,1.4
2004-12-31,0.5762598741909837,1.35
2005-01-01,0.715732250976411,1.33
2005-01-02,0.5581470619447851,1.21
2005-01-03,0.5209721470939584,1.15
2005-01-04,0.5348470042303866,1.12
2005-01-05,0.6608610014585752,1.12
2005-01-06,0.5205052403047685,1.06
2005-01-07,0.875103620042953,1.13
2005-01-08,0.5910337950285184,1.08
2005-01-09,0.6328328453212384,1.06
2005-01-10,0.5421402959907153,1.04
2005-01-11,0.5952800979742048,1.03
2005-01-12,0.5125882370354102,0.985
2005-01-13,0.4846824043518597,0.952
2005-01-14,0.46473772675322744,0.943
2005-01-15,0.4492006414509905,0.936
2005-01-16,0.44209229497493685,0.924
2005-01-17,0.5611507568040628,0.918
2005-01-18,0.5377529342709173,0.923
2005-01-19,0.519329627805327,0.894
2005-01-20,0.6706978488672874,0.908
2005-01-21,0.6107687193125009,0.905
2005-01-22,0.5667068208813087,0.873
2005-01-23,0.5115884904891383,0.845
2005-01-24,0.48840054489428264,0.822
2005-01-25,0.47121946606524723,0.8
2005-01-26,0.458237612067057,0.788
2005-01-27,0.447426510965,0.776
2005-01-28,0.4380185978034233,0.763
2005-01-29,0.4319375913241783,0.749
2005-01-30,0.42648283060710324,0.739
2005-01-31,0.4236360174837492,0.73
2005-02-01,0.41835650739317937,0.723
2005-02-02,0.4434350027720661,0.707
2005-02-03,0.418216768152894,0.716
2005-02-04,0.4230209445663902,0.701
2005-02-05,0.4132104587004862,0.697
2005-02-06,0.4092217617859706,0.679
2005-02-07,0.40647821157656716,0.663
2005-02-08,0.4044891210208003,0.645
2005-02-09,0.47477691021172436,0.638
2005-02-10,0.4063625479453058,0.65
2005-02-11,0.6187956035432897,0.804
2005-02-12,0.8845893364017783,0.893
2005-02-13,0.6434223004469132,0.863
2005-02-14,0.5404408015177122,0.844
2005-02-15,0.5077121880819808,0.848
2005-02-16,0.5400691745061742,0.843
2005-02-17,0.4878493721210954,0.836
2005-02-18,0.5600863405072396,0.833
2005-02-19,0.4855609642197354,0.803
2005-02-20,0.4620645181590112,0.767
2005-02-21,0.4492088519235756,0.744
2005-02-22,0.4394491806855307,0.726
2005-02-23,0.4489582446999361,0.708
2005-02-24,0.4300788023575668,0.708
2005-02-25,0.41629669108828754,0.685
2005-02-26,0.4096099172226841,0.672
2005-02-27,0.4016125042731838,0.651
2005-02-28,0.4665692366104248,0.659
2005-03-01,0.4341971745023053,0.704
2005-03-02,0.4102332037541306,0.654
2005-03-03,0.4542228238553622,0.633
2005-03-04,0.40808556972747234,0.656
2005-03-05,0.3969004846527612,0.618
2005-03-06,0.3897186044140244,0.603
2005-03-07,0.38364293901676993,0.597
2005-03-08,0.378388577341562,0.591
2005-03-09,0.37417988969499555,0.586
2005-03-10,0.36956512489974164,0.586
2005-03-11,0.39534117025381604,0.585
2005-03-12,0.3800874603379662,0.589
2005-03-13,0.362354229188564,0.597
2005-03-14,0.357819056157056,0.593
2005-03-15,0.35392456473230993,0.578
2005-03-16,0.35052556088813164,0.569
2005-03-17,0.3473547745801844,0.557
2005-03-18,0.3443327392894454,0.547
2005-03-19,0.34137482103923,0.536
2005-03-20,0.3384624921947438,0.528
2005-03-21,0.3462524937836379,0.531
2005-03-22,0.33398691732916624,0.532
2005-03-23,0.33467993397611734,0.53
2005-03-24,0.32790741545654895,0.531
2005-03-25,0.32470296934590864,0.525
2005-03-26,0.3262895405336794,0.517
2005-03-27,0.32110920118960523,0.516
2005-03-28,0.316207465170335,0.514
2005-03-29,0.41945065559326966,0.509
2005-03-30,0.4920854061247268,1.16
2005-03-31,0.47636441630332027,0.936
2005-04-01,0.3190616153523841,0.91
2005-04-02,0.30645681387652,0.867
2005-04-03,0.3103359035501796,0.799
2005-04-04,0.30297934319921677,0.755
2005-04-05,0.48008964737756304,0.734
2005-04-06,0.5902351242931453,0.746
2005-04-07,0.40526172538107436,0.746
2005-04-08,0.37356851556067705,0.667
2005-04-09,0.3567849344119855,0.653
2005-04-10,0.3373776192711088,0.637
2005-04-11,0.3254308576258197,0.622
2005-04-12,0.4132134268332708,0.642
2005-04-13,0.4250434452926046,0.666
2005-04-14,0.4482414905395819,0.667
2005-04-15,1.1152978142059977,1.33
2005-04-16,0.786524759187086,1.75
2005-04-17,1.320666374152383,1.64
2005-04-18,0.9369212201413926,1.97
2005-04-19,1.0192833201106097,1.78
2005-04-20,0.7061490266747773,1.61
2005-04-21,0.613368567071082,1.47
2005-04-22,0.5486454646552039,1.36
2005-04-23,0.497519295001585,1.25
2005-04-24,0.45659321503303285,1.14
2005-04-25,0.42698604059027323,1.1
2005-04-26,0.5575089247630626,1.1
2005-04-27,0.4291334099026965,1.01
2005-04-28,0.39250201798809375,0.964
2005-04-29,0.49829032854940747,0.934
2005-04-30,0.4073306253002607,0.949
2005-05-01,0.3679459553831801,0.881
2005-05-02,0.4731152119435477,0.882
2005-05-03,0.7630425918312267,0.971
2005-05-04,0.4670935354661589,0.888
2005-05-05,0.4433467221829385,0.834
2005-05-06,0.6428685090810373,0.86
2005-05-07,0.48623511321414786,0.849
2005-05-08,0.44266066189561504,0.843
2005-05-09,0.4007188778199494,0.779
2005-05-10,0.3807545021712643,0.754
2005-05-11,0.36597362015649926,0.735
2005-05-12,0.35417680471669405,0.727
2005-05-13,0.34467982039072065,0.712
2005-05-14,0.3370032963006905,0.696
2005-05-15,0.3307452018330832,0.682
2005-05-16,0.326142328173993,0.681
2005-05-17,0.3216444809440157,0.673
2005-05-18,0.3181037238257334,0.651
2005-05-19,0.3149206620954347,0.665
2005-05-20,0.3121978689766253,0.63
2005-05-21,0.3767037195269671,0.66
2005-05-22,0.31333815146038957,0.648
2005-05-23,0.3074343298219489,0.609
2005-05-24,0.30501614838966834,0.601
2005-05-25,0.303038708548971,0.594
2005-05-26,0.3012528514530857,0.574
2005-05-27,0.2995339982781543,0.562
2005-05-28,0.2978510966027754,0.554
2005-05-29,0.29618470259195834,0.542
2005-05-30,0.29456141472742653,0.532
2005-05-31,0.29287047461105475,0.497
2005-06-01,0.2912119271530236,0.49
2005-06-02,0.28946145084173214,0.475
2005-06-03,0.28772190330633957,0.467
2005-06-04,0.2859601829050542,0.452
2005-06-05,0.28416744821807366,0.444
2005-06-06,0.2823440774741226,0.436
2005-06-07,0.280489419659581,0.427
2005-06-08,0.27860345709952516,0.437
2005-06-09,0.2766866901470533,0.404
2005-06-10,0.2747399189245012,0.4
2005-06-11,0.2727641615813045,0.416
2005-06-12,0.2707608196158798,0.392
2005-06-13,0.2854944353727021,0.402
2005-06-14,0.2675815196661407,0.446
2005-06-15,0.2646480370450377,0.411
2005-06-16,0.26249964979620444,0.394
2005-06-17,0.2603747617002485,0.384
2005-06-18,0.25823313581785573,0.377
2005-06-19,0.2560756164442131,0.376
2005-06-20,0.25389832287994024,0.365
2005-06-21,0.25170766908996356,0.364
2005-06-22,0.24950352501140496,0.35
2005-06-23,0.24728789736060802,0.347
2005-06-24,0.40638208258732506,0.452
2005-06-25,0.2517070504618454,0.396
2005-06-26,0.2410980468671516,0.364
2005-06-27,0.23836015140466232,0.348
2005-06-28,0.287698433893637,0.345
2005-06-29,0.23710893790567877,0.336
2005-06-30,0.23234016247301337,0.346
2005-07-01,0.22962511821934775,0.34
2005-07-02,0.22716942013620045,0.334
2005-07-03,0.23275238208822127,0.328
2005-07-04,0.25495605233045654,0.361
2005-07-05,0.27397987943979724,0.383
2005-07-06,0.222163750752134,0.329
2005-07-07,0.21691478033925704,0.322
2005-07-08,0.21428117437276215,0.321
2005-07-09,0.21185677089782445,0.314
2005-07-10,0.20947919167809476,0.316
2005-07-11,0.20713398065009797,0.31
2005-07-12,0.20481603867332923,0.306
2005-07-13,0.20252173955256042,0.285
2005-07-14,0.20024832107305673,0.29
2005-07-15,0.19799364763400196,0.286
2005-07-16,0.1957561327941673,0.289
2005-07-17,0.19353499028607607,0.286
2005-07-18,0.1913347286484674,0.303
2005-07-19,0.189136439061963,0.29
2005-07-20,0.18695820357786833,0.28
2005-07-21,0.18479405211017383,0.286
2005-07-22,0.18264356850393176,0.289
2005-07-23,0.1805066783779088,0.287
2005-07-24,0.3397064558174691,0.339
2005-07-25,0.19145208598499097,0.308
2005-07-26,0.17499640888948578,0.295
2005-07-27,0.25988475783853365,0.284
2005-07-28,0.3498505772585068,0.448
2005-07-29,0.28803116836395987,0.363
2005-07-30,0.1794472967412239,0.319
2005-07-31,0.1702434978781165,0.304
2005-08-01,0.16686348057074218,0.297
2005-08-02,0.16398101536050574,0.283
2005-08-03,0.16124785548875353,0.279
2005-08-04,0.19920554457079603,0.285
2005-08-05,0.15995242926737516,0.285
2005-08-06,0.15541031254538923,0.28
2005-08-07,0.15289449695007212,0.272
2005-08-08,0.15061732694050706,0.271
2005-08-09,0.148444294480587,0.263
2005-08-10,0.14635271330119606,0.263
2005-08-11,0.14441665509155865,0.264
2005-08-12,0.1426211880424773,0.263
2005-08-13,0.3055301984941835,0.357
2005-08-14,0.1502559331527001,0.29
2005-08-15,0.1386358688808605,0.273
2005-08-16,0.13601991673906488,0.276
2005-08-17,0.13400445268053274,0.251
2005-08-18,0.13219145909424151,0.254
2005-08-19,0.13057530410058307,0.258
2005-08-20,0.12847275019241405,0.258
2005-08-21,0.2992444990436611,0.285
2005-08-22,0.13890850701804613,0.317
2005-08-23,0.12825431427805997,0.3
2005-08-24,0.15132703118908794,0.296
2005-08-25,0.12609623940210585,0.276
2005-08-26,0.12183461693426348,0.269
2005-08-27,0.11953889756342141,0.268
2005-08-28,0.11756541187101396,0.263
2005-08-29,0.11597927570711793,0.267
2005-08-30,0.11378581124426206,0.26
2005-08-31,0.11753819381248534,0.265
2005-09-01,0.1113891089654046,0.259
2005-09-02,0.10936178397122803,0.251
2005-09-03,0.1076691019758413,0.254
2005-09-04,0.11077607641729051,0.255
2005-09-05,0.10500196893808775,0.26
2005-09-06,0.10318701412551129,0.252
2005-09-07,0.10166732488396547,0.237
2005-09-08,0.26178484671762614,0.298
2005-09-09,0.27660270389106706,0.276
2005-09-10,0.11091489963915108,0.31
2005-09-11,0.0995211391493044,0.267
2005-09-12,0.0970680531559252,0.25
2005-09-13,0.09551255817911651,0.255
2005-09-14,0.10445058024657311,0.231
2005-09-15,0.21110774389835296,0.306
2005-09-16,0.12288313444697373,0.27
2005-09-17,0.09513456800996245,0.259
2005-09-18,0.09148025058133939,0.25
2005-09-19,0.0895800178856376,0.237
2005-09-20,0.08763312414069706,0.24
2005-09-21,0.08597415688422046,0.222
2005-09-22,0.08444732509961723,0.226
2005-09-23,0.08325615916957108,0.22
2005-09-24,0.08170256602225583,0.225
2005-09-25,0.08034410881304505,0.211
2005-09-26,0.12726876408048424,0.223
2005-09-27,0.08169949121937703,0.217
2005-09-28,0.23927853511047695,0.257
2005-09-29,0.116185239340198,0.23
2005-09-30,0.12462416674052591,0.251
2005-10-01,0.11462281841122456,0.242
2005-10-02,0.0792679511186937,0.229
2005-10-03,0.07548769562129717,0.225
2005-10-04,0.07363987233824149,0.245
2005-10-05,0.07207811027560052,0.22
2005-10-06,0.07065686837815403,0.218
2005-10-07,0.06955428873640229,0.215
2005-10-08,0.11923069778326058,0.235
2005-10-09,0.07089355967865582,0.218
2005-10-10,0.08399619659286209,0.21
2005-10-11,0.24751200986621913,0.419
2005-10-12,0.2524665254353753,0.422
2005-10-13,0.2380364389448119,0.31
2005-10-14,0.09708399284610104,0.282
2005-10-15,0.06999012933641702,0.271
2005-10-16,0.06655329923062848,0.258
2005-10-17,0.06433344775153327,0.249
2005-10-18,0.26402210696047806,0.345
2005-10-19,0.16114161003913197,0.381
2005-10-20,0.1076852403315499,0.292
2005-10-21,0.17272773621876825,0.323
2005-10-22,0.08355529890048059,0.386
2005-10-23,0.3168298868793841,0.538
2005-10-24,0.4400982030798656,0.982
2005-10-25,0.44152239447197855,1.04
2005-10-26,0.4111715702725695,0.924
2005-10-27,0.22622738439271933,0.762
2005-10-28,0.1632522116869297,0.658
2005-10-29,0.19128014722662767,0.576
2005-10-30,0.2606133351432072,0.585
2005-10-31,0.20962779159825054,0.506
2005-11-01,0.30949794209315357,0.5
2005-11-02,0.38930194354963027,0.51
2005-11-03,0.4630388139684532,0.622
2005-11-04,0.3318658063836591,0.66
2005-11-05,0.40216443940190594,0.686
2005-11-06,0.42012505812913575,0.757
2005-11-07,0.6934112303864768,0.833
2005-11-08,0.9470322691183497,1.67
2005-11-09,0.6072375491798944,1.62
2005-11-10,0.43282608598341676,1.34
2005-11-11,0.41694938801009784,1.15
2005-11-12,0.5795713161149915,1.06
2005-11-13,0.3631152211924438,0.945
2005-11-14,0.3850037299946501,0.872
2005-11-15,0.362704151533561,0.85
2005-11-16,0.2834033992664051,0.802
2005-11-17,0.2513012912739616,0.748
2005-11-18,0.22677281010780184,0.711
2005-11-19,0.20808773901596667,0.685
2005-11-20,0.1927155098319125,0.637
2005-11-21,0.181337099989175,0.626
2005-11-22,0.1734257715239154,0.609
2005-11-23,0.2021764366423947,0.6
2005-11-24,0.24297325123476884,0.612
2005-11-25,0.21624729787650726,0.599
2005-11-26,0.18886722625494154,0.569
2005-11-27,0.17902885788964826,0.55
2005-11-28,0.17706924088078402,0.529
2005-11-29,0.17613121006570537,0.52
2005-11-30,0.16719557249714034,0.511
2005-12-01,0.3381590497661721,0.522
2005-12-02,0.5032650947874123,0.667
2005-12-03,0.7558344804968651,0.964
2005-12-04,1.1048940438922934,1.24
2005-12-05,1.3364238733683624,2.33
2005-12-06,0.9227616964996216,2.6
2005-12-07,0.8833808860852199,2.16
2005-12-08,0.622614138948716,1.78
2005-12-09,0.5699439523251855,1.56
2005-12-10,0.4830628941568494,1.42
2005-12-11,0.4348205213049446,1.32
2005-12-12,0.38752427559658076,1.22
2005-12-13,0.3567316946810174,1.15
2005-12-14,0.349324885721346,1.1
2005-12-15,0.320547567359145,1.05
2005-12-16,0.29833484411277134,0.994
2005-12-17,0.28494606992849164,0.936
2005-12-18,0.40291410563145097,0.934
2005-12-19,0.3095173421366111,0.885
2005-12-20,0.2963756107716694,0.843
2005-12-21,0.32825960395404524,0.817
2005-12-22,0.3245067016707585,0.801
2005-12-23,0.30397725646840196,0.773
2005-12-24,0.2866313761047882,0.745
2005-12-25,0.2802345752198081,0.713
2005-12-26,0.2747312794884238,0.702
2005-12-27,0.27131254988557946,0.683
2005-12-28,0.2684125490094299,0.659
2005-12-29,0.41131949867922474,0.657
2005-12-30,0.3560277770349182,0.724
2005-12-31,0.43385900084680956,0.693
2006-01-01,0.3609563135589777,0.662
2006-01-02,0.36977626381046785,0.628
2006-01-03,0.3478392710307431,0.644
2006-01-04,0.323594587666434,0.624
2006-01-05,0.3115732598328541,0.619
2006-01-06,0.3043224719886802,0.612
2006-01-07,0.33715607523238456,0.617
2006-01-08,0.3126647998469461,0.607
2006-01-09,0.3041757542551092,0.605
2006-01-10,0.37848791099609086,0.609
2006-01-11,0.3145762292187049,0.59
2006-01-12,0.3029183804521934,0.58
2006-01-13,0.3313424853702404,0.573
2006-01-14,0.30369452589267454,0.574
2006-01-15,0.3215012307371838,0.564
2006-01-16,0.3475178349465291,0.572
2006-01-17,0.33573232509730183,0.574
2006-01-18,0.31151200610454927,0.568
2006-01-19,0.30608752769334197,0.556
2006-01-20,0.29388346083112693,0.539
2006-01-21,0.2884885150826502,0.528
2006-01-22,0.28423908022344185,0.522
2006-01-23,0.2806698410883777,0.52
2006-01-24,0.2774591899411144,0.516
2006-01-25,0.27485513564332537,0.506
2006-01-26,0.27269772231022066,0.502
2006-01-27,0.2707530713141798,0.48
2006-01-28,0.2686817530388021,0.524
2006-01-29,0.26699878344591854,0.49
2006-01-30,0.26532093581185273,0.483
2006-01-31,0.26370309607938996,0.479
2006-02-01,0.2621728982111279,0.476
2006-02-02,0.2606382485734385,0.47
2006-02-03,0.25912864276829745,0.464
2006-02-04,0.25761884070590674,0.454
2006-02-05,0.2561002101788469,0.45
2006-02-06,0.25456632152232106,0.446
2006-02-07,0.31990549667429724,0.459
2006-02-08,0.2563087269427182,0.452
2006-02-09,0.2509880315627802,0.433
2006-02-10,0.24898622630384748,0.424
2006-02-11,0.3317813190194847,0.432
2006-02-12,0.37100338316562204,0.744
2006-02-13,0.29096059234856503,0.563
2006-02-14,0.4258231513646131,0.556
2006-02-15,0.36393062023735473,0.569
2006-02-16,0.5309887386406036,0.622
2006-02-17,0.3594445825154345,0.654
2006-02-18,0.3279902869125156,0.632
2006-02-19,0.30912826789245273,0.637
2006-02-20,0.29358070908956335,0.624
2006-02-21,0.28744143806743416,0.619
2006-02-22,0.27481532651138196,0.606
2006-02-23,0.6564000525633569,0.831
2006-02-24,0.4590906840038076,0.858
2006-02-25,0.33803319506872254,0.807
2006-02-26,0.31434086829965363,0.817
2006-02-27,0.4553509409289622,0.859
2006-02-28,0.39693157583298416,0.858
2006-03-01,0.6084952156349874,0.821
2006-03-02,0.5609487814124735,0.804
2006-03-03,0.5635875310268269,0.765
2006-03-04,0.5624789929074628,0.756
2006-03-05,0.4589431675017803,0.772
2006-03-06,0.5871294961833052,0.872
2006-03-07,0.7239365950997236,1.35
2006-03-08,0.8670872710912766,1.82
2006-03-09,1.155034060276678,1.88
2006-03-10,1.415552025477794,3.68
2006-03-11,1.2808022490217412,3.3
2006-03-12,0.9626258712471089,2.84
2006-03-13,0.8291761652650935,2.48
2006-03-14,0.9874566244742791,2.42
2006-03-15,0.7145288450602637,2.41
2006-03-16,0.6549234783262862,2.18
2006-03-17,0.5767817196180449,2.04
2006-03-18,0.5171048227850663,1.85
2006-03-19,0.4815463306876917,1.71
2006-03-20,0.44435468422436153,1.58
2006-03-21,0.41746712889521775,1.45
2006-03-22,0.3975058458733534,1.37
2006-03-23,0.42584708048679104,1.3
2006-03-24,0.46578573489924086,1.28
2006-03-25,0.4920764985230104,1.23
2006-03-26,0.662259093434839,1.2
2006-03-27,0.49290836342502153,1.23
2006-03-28,0.5939258750282562,1.16
2006-03-29,0.6579757866529597,1.12
2006-03-30,0.5171005635037731,1.14
2006-03-31,0.6516176860671861,1.12
2006-04-01,0.5126965092487972,1.14
2006-04-02,0.9125975279054199,1.45
2006-04-03,0.5827144782272031,1.38
2006-04-04,0.5250047361290275,1.38
2006-04-05,0.4911196629965747,1.35
2006-04-06,0.5789043342330308,1.33
2006-04-07,0.6943241607979393,1.3
2006-04-08,0.5436808756378823,1.25
2006-04-09,0.527660523077349,1.16
2006-04-10,0.5615495267488523,1.09
2006-04-11,0.5526100139468951,1.08
2006-04-12,0.5014624415442075,1.03
2006-04-13,0.46529877645941403,0.998
2006-04-14,0.448720806254082,0.971
2006-04-15,0.4380026068297172,0.961
2006-04-16,0.4232178819019073,0.951
2006-04-17,0.44697786133412515,0.921
2006-04-18,0.5853591040640708,0.95
2006-04-19,0.4363753793478667,0.969
2006-04-20,0.42548456884350105,0.918
2006-04-21,0.41032091161808054,0.885
2006-04-22,0.4060425070038932,0.851
2006-04-23,0.3990227348249957,0.835
2006-04-24,0.39493294511959076,0.819
2006-04-25,0.3916072131524866,0.807
2006-04-26,0.38875207752047747,0.791
2006-04-27,0.3862198966580993,0.778
2006-04-28,0.38405378206767116,0.765
2006-04-29,0.3820448562180242,0.753
2006-04-30,0.48533801576195235,0.783
2006-05-01,0.38567579546900005,0.769
2006-05-02,0.37837666261607544,0.708
2006-05-03,0.3761694239455658,0.668
2006-05-04,0.37430970895323756,0.643
2006-05-05,0.37243183730180285,0.609
2006-05-06,0.37066335442591153,0.587
2006-05-07,0.3798386581154157,0.579
2006-05-08,0.5171356482707385,0.694
2006-05-09,0.3756701525783852,0.623
2006-05-10,0.3655695859465111,0.576
2006-05-11,0.3628059984220948,0.556
2006-05-12,0.44189783262618176,0.652
2006-05-13,0.3648748033361048,0.589
2006-05-14,0.35856244165944856,0.562
2006-05-15,0.355659668949509,0.571
2006-05-16,0.3525386979943404,0.546
2006-05-17,0.4305315612072902,0.576
2006-05-18,0.38757689584997773,0.56
2006-05-19,0.5148962008888087,0.624
2006-05-20,0.3755307797157196,0.774
2006-05-21,0.5220445879460355,0.83
2006-05-22,0.6533075842475345,1.23
2006-05-23,0.665727211706349,1.2
2006-05-24,0.468313400416101,1.11
2006-05-25,0.6609342963966109,1.04
2006-05-26,0.4836575169123578,1.04
2006-05-27,0.4473268279000298,0.934
2006-05-28,0.4286285897857088,0.871
2006-05-29,0.42442949956255055,0.903
2006-05-30,0.3926886079069133,0.814
2006-05-31,0.3772039801609637,0.774
2006-06-01,0.365095675248052,0.744
2006-06-02,0.3550575370519708,0.72
2006-06-03,0.3466297001304168,0.698
2006-06-04,0.33947844757476003,0.673
2006-06-05,0.3333396499603667,0.667
2006-06-06,0.3280032647145203,0.623
2006-06-07,0.32329946388096403,0.616
2006-06-08,0.31909605776078465,0.584
2006-06-09,0.3152858348656575,0.577
2006-06-10,0.31178385752077525,0.565
2006-06-11,0.3538332224502845,0.572
2006-06-12,0.3082281343982153,0.577
2006-06-13,0.3072227616060246,0.565
2006-06-14,0.30026634252580386,0.539
2006-06-15,0.2972698812757992,0.522
2006-06-16,0.29453977959302813,0.516
2006-06-17,0.291875634300922,0.507
2006-06-18,0.3296219618017924,0.531
2006-06-19,0.2892921384409375,0.522
2006-06-20,0.2845599018478532,0.505
2006-06-21,0.281614090554714,0.482
2006-06-22,0.2790367008933377,0.473
2006-06-23,0.2764990444384247,0.463
2006-06-24,0.27396918678192717,0.466
2006-06-25,0.2714385033375995,0.47
2006-06-26,0.42939273685239826,0.51
2006-06-27,0.3082607883474098,0.547
2006-06-28,0.26788446798156546,0.483
2006-06-29,0.26292186589655425,0.445
2006-06-30,0.25998446399754555,0.41
2006-07-01,0.2572350177459226,0.454
2006-07-02,0.2547301586726275,0.392
2006-07-03,0.2518961444306282,0.436
2006-07-04,0.24924570233715956,0.402
2006-07-05,0.24705375497174145,0.398
2006-07-06,0.24407054523618024,0.373
2006-07-07,0.24150537232967403,0.364
2006-07-08,0.23901719895687254,0.369
2006-07-09,0.23638836804124724,0.362
2006-07-10,0.23386600587983833,0.366
2006-07-11,0.23133874499258528,0.403
2006-07-12,0.2288338958826532,0.359
2006-07-13,0.22634024277021375,0.349
2006-07-14,0.22385775542886707,0.344
2006-07-15,0.2213862186256608,0.344
2006-07-16,0.21892574522517905,0.338
2006-07-17,0.2164765363992681,0.319
2006-07-18,0.21403885024567487,0.336
2006-07-19,0.21161496393024923,0.305
2006-07-20,0.20919935594392605,0.318
2006-07-21,0.2067980441603577,0.317
2006-07-22,0.20440984441443102,0.317
2006-07-23,0.20203448269161378,0.308
2006-07-24,0.19967284201146662,0.307
2006-07-25,0.19732511742670036,0.296
2006-07-26,0.19499164064365998,0.298
2006-07-27,0.19267274356620276,0.302
2006-07-28,0.19036874665031195,0.302
2006-07-29,0.1880808921742981,0.306
2006-07-30,0.18580904798824674,0.298
2006-07-31,0.1835504657283753,0.305
2006-08-01,0.18130819904812712,0.306
2006-08-02,0.17908284752165504,0.295
2006-08-03,0.17687402273523725,0.296
2006-08-04,0.17468378933779977,0.292
2006-08-05,0.1725072690137727,0.307
2006-08-06,0.1703508743342033,0.296
2006-08-07,0.16820914015296737,0.29
2006-08-08,0.1660870012566401,0.338
2006-08-09,0.17699374626181727,0.291
2006-08-10,0.16270295510758565,0.288
2006-08-11,0.15987443913333524,0.277
2006-08-12,0.15777593912740748,0.267
2006-08-13,0.15574046507930597,0.288
2006-08-14,0.1537244010413646,0.281
2006-08-15,0.15172827149180024,0.284
2006-08-16,0.14975017831679202,0.28
2006-08-17,0.19590585183069742,0.305
2006-08-18,0.3098665775472169,0.338
2006-08-19,0.22936005779791116,0.409
2006-08-20,0.18682896458223947,0.332
2006-08-21,0.14287039505174945,0.317
2006-08-22,0.13852912195348965,0.29
2006-08-23,0.13662183615983975,0.291
2006-08-24,0.13465851988597408,0.278
2006-08-25,0.18883189662779687,0.288
2006-08-26,0.1348092820669506,0.309
2006-08-27,0.28786703452631224,0.334
2006-08-28,0.14256689624458174,0.343
2006-08-29,0.12860773450299484,0.313
2006-08-30,0.20873768360246997,0.31
2006-08-31,0.13467993635538117,0.328
2006-09-01,0.13634624477074295,0.295
2006-09-02,0.14552239317772098,0.308
2006-09-03,0.12648363816796163,0.296
2006-09-04,0.19231702386048313,0.313
2006-09-05,0.12286111279490738,0.3
2006-09-06,0.11686474699283832,0.286
2006-09-07,0.11432993868250806,0.272
2006-09-08,0.11222999823933083,0.272
2006-09-09,0.1102657432437543,0.276
2006-09-10,0.10841539358675432,0.26
2006-09-11,0.10665702268611232,0.258
2006-09-12,0.10497487474311396,0.266
2006-09-13,0.10555430275286681,0.251
2006-09-14,0.21350393747824906,0.309
2006-09-15,0.10755674923841986,0.268
2006-09-16,0.10021403036413894,0.262
2006-09-17,0.0982264302547893,0.265
2006-09-18,0.12252362768084862,0.267
2006-09-19,0.0974492562157454,0.247
2006-09-20,0.09448674887264157,0.231
2006-09-21,0.09285670050172382,0.23
2006-09-22,0.09137514809489428,0.231
2006-09-23,0.0900418222195459,0.23
2006-09-24,0.11014617809793256,0.248
2006-09-25,0.08893535542982604,0.234
2006-09-26,0.08644067415815168,0.231
2006-09-27,0.08525573776673538,0.229
2006-09-28,0.08374438495917186,0.225
2006-09-29,0.0908326876295258,0.235
2006-09-30,0.183525252682261,0.25
2006-10-01,0.25057331560642576,0.3
2006-10-02,0.24487332799638373,0.293
2006-10-03,0.23339199182756362,0.614
2006-10-04,0.11878481857039497,0.439
2006-10-05,0.17107725271704383,0.418
2006-10-06,0.14068242784852558,0.381
2006-10-07,0.09182227846807865,0.35
2006-10-08,0.08586332550998999,0.329
2006-10-09,0.08200683256156283,0.322
2006-10-10,0.19531265080587007,0.321
2006-10-11,0.08695743167820807,0.345
2006-10-12,0.0771058907705319,0.308
2006-10-13,0.0744226952808186,0.291
2006-10-14,0.07237176276115419,0.292
2006-10-15,0.07063095858800654,0.285
2006-10-16,0.06954820492817615,0.283
2006-10-17,0.0882759403900238,0.285
2006-10-18,0.1921592240043095,0.292
2006-10-19,0.10698616407689752,0.347
2006-10-20,0.07597782055061655,0.309
2006-10-21,0.21537171419944284,0.334
2006-10-22,0.13255541323028133,0.388
2006-10-23,0.07809266425126841,0.366
2006-10-24,0.07180055229754932,0.354
2006-10-25,0.26552391078251864,0.656
2006-10-26,0.2525801740152562,0.615
2006-10-27,0.11387235529597224,0.58
2006-10-28,0.07440908983717967,0.532
2006-10-29,0.06907704596843386,0.49
2006-10-30,0.06857401515038435,0.471
2006-10-31,0.09158130637638343,0.443
2006-11-01,0.06778867474032194,0.399
2006-11-02,0.06399571732165464,0.38
2006-11-03,0.061752420096559395,0.371
2006-11-04,0.05984421361231994,0.401
2006-11-05,0.05823804104952185,0.369
2006-11-06,0.05685046047214449,0.358
2006-11-07,0.13109436364186328,0.352
2006-11-08,0.08116855736498657,0.382
2006-11-09,0.061719043257738804,0.352
2006-11-10,0.11323486977158588,0.386
2006-11-11,0.157834847404379,0.367
2006-11-12,0.07395083045815562,0.334
2006-11-13,0.06425824898695824,0.335
2006-11-14,0.12442883871880958,0.348
2006-11-15,0.09350115809484347,0.351
2006-11-16,0.09592393157993424,0.33
2006-11-17,0.07433942194127496,0.342
2006-11-18,0.07707104858609848,0.327
2006-11-19,0.19912755431852852,0.373
2006-11-20,0.1008011435597171,0.387
2006-11-21,0.12700200919152194,0.379
2006-11-22,0.24262474313640492,0.424
2006-11-23,0.2404603388430241,0.487
2006-11-24,0.3356706135374392,0.536
2006-11-25,0.22320881272982493,0.629
2006-11-26,0.18409826295514972,0.663
2006-11-27,0.4242026958799615,0.723
2006-11-28,0.20016060948848324,0.785
2006-11-29,0.16114101078198192,0.76
2006-11-30,0.20351870060104985,0.76
2006-12-01,0.14589684020819707,0.74
2006-12-02,0.5004881749322959,0.86
2006-12-03,0.3912589951508995,1.07
2006-12-04,0.5851465108056447,1.09
2006-12-05,0.5455872153142537,1.16
2006-12-06,0.5529459732012064,1.27
2006-12-07,0.6447256837708503,1.37
2006-12-08,0.7043988680891329,1.92
2006-12-09,0.575849242655267,2.08
2006-12-10,0.8736085387712181,1.9
2006-12-11,0.48669478438055264,1.87
2006-12-12,0.5301498936752094,1.71
2006-12-13,0.46993282100952677,1.57
2006-12-14,0.7483260040400703,1.47
2006-12-15,1.1079193756175534,2.15
2006-12-16,0.7196841577666927,2.21
2006-12-17,0.6047794591625035,2.01
2006-12-18,0.4698870390819556,1.76
2006-12-19,0.40570699324897236,1.55
2006-12-20,0.3563708126316829,1.42
2006-12-21,0.31924223029721055,1.3
2006-12-22,0.28999899810348423,1.22
2006-12-23,0.26624641715529845,1.14
2006-12-24,0.24865514669017708,1.08
2006-12-25,0.23574586180719756,1.03
2006-12-26,0.2254274936841124,0.986
2006-12-27,0.42694777468133555,1.0
2006-12-28,0.3316865497382553,0.949
2006-12-29,0.8570471088798097,1.19
2006-12-30,0.5804374367472674,1.18
2006-12-31,0.6591241693913809,1.23
2007-01-01,0.5590813360519545,1.2
2007-01-02,0.45228476457306044,1.17
2007-01-03,0.505164750574425,1.17
2007-01-04,0.40614054090060725,1.11
2007-01-05,0.39926137151932356,1.06
2007-01-06,0.4815920920025855,1.03
2007-01-07,0.7606893257790246,1.1
2007-01-08,0.5828186759172291,1.07
2007-01-09,0.722686118096653,1.04
2007-01-10,1.11111714059808,1.16
2007-01-11,0.7334357614536645,1.45
2007-01-12,0.5903039604395667,1.46
2007-01-13,0.5744003236336619,1.4
2007-01-14,0.4972669316983631,1.28
2007-01-15,0.9033985210755989,1.3
2007-01-16,1.09817986487659,1.36
2007-01-17,1.373805997780894,1.57
2007-01-18,1.0174244607835026,1.95
2007-01-19,0.9012340534032678,1.9
2007-01-20,1.0207879883965403,1.83
2007-01-21,1.0439095228946291,1.79
2007-01-22,0.7680908847265319,1.63
2007-01-23,0.8009397588276045,1.64
2007-01-24,0.6591476516771612,1.57
2007-01-25,0.6398233814205087,1.46
2007-01-26,0.5811047749845784,1.43
2007-01-27,0.5358216430665446,1.34
2007-01-28,0.5055401422465309,1.28
2007-01-29,0.4833328484059764,1.22
2007-01-30,0.46609242501706766,1.17
2007-01-31,0.4559614776914856,1.12
2007-02-01,0.44340055908950776,1.07
2007-02-02,0.4359308393556652,1.02
2007-02-03,0.4311271287699263,0.98
2007-02-04,0.427037864260426,0.956
2007-02-05,0.4241127212259926,0.93
2007-02-06,0.422989883058352,0.902
2007-02-07,0.43449931414278586,0.874
2007-02-08,0.4355885591062234,0.858
2007-02-09,0.6341320688695372,0.88
2007-02-10,0.7772690331395486,0.986
2007-02-11,0.5791887338934905,1.11
2007-02-12,0.5635034063312946,1.08
2007-02-13,0.5296078252174383,1.03
2007-02-14,0.49932238258085954,0.999
2007-02-15,0.4916480759220307,0.974
2007-02-16,0.7141728462059873,1.03
2007-02-17,0.5367233404071213,0.969
2007-02-18,0.5093729919819564,0.921
2007-02-19,0.4959168351113499,0.909
2007-02-20,0.5270934685903197,0.896
2007-02-21,0.49550730916900326,0.878
2007-02-22,0.483205966580318,0.859
2007-02-23,0.4992894825308039,0.825
2007-02-24,0.6316135285793022,0.851
2007-02-25,0.5940082755752436,0.873
2007-02-26,0.7021556108018098,0.842
2007-02-27,0.570235056223949,0.888
2007-02-28,0.6067997377448863,0.874
2007-03-01,0.5416304840756897,0.851
2007-03-02,0.6747495817509578,0.874
2007-03-03,0.5497144981909666,0.863
2007-03-04,0.7185671385257509,0.888
2007-03-05,0.9416115346029696,0.937
2007-03-06,0.6601047843096506,0.939
2007-03-07,0.6136454168950202,0.913
2007-03-08,0.6493946566244588,0.922
2007-03-09,0.5726936468788146,0.898
2007-03-10,0.543909174252652,0.878
2007-03-11,0.5358247425262529,0.865
2007-03-12,0.506854131008114,0.84
2007-03-13,0.4925411513598814,0.805
2007-03-14,0.48132274440537853,0.783
2007-03-15,0.5086863232813288,0.788
2007-03-16,0.476104384938855,0.763
2007-03-17,0.5207756127990579,0.761
2007-03-18,0.6563718753124853,0.808
2007-03-19,0.518318443882427,0.826
2007-03-20,0.485929805383781,0.73
2007-03-21,0.583398536333326,0.72
2007-03-22,0.5069326413364729,0.726
2007-03-23,0.48226295313201484,0.693
2007-03-24,0.47006796812178725,0.677
2007-03-25,0.46069427056320456,0.659
2007-03-26,0.45273531349451684,0.654
2007-03-27,0.445963365379475,0.648
2007-03-28,0.4402451528687456,0.642
2007-03-29,0.4351630533690788,0.635
2007-03-30,0.4305314058627561,0.623
2007-03-31,0.4263979981670083,0.604
2007-04-01,0.4226205781316302,0.592
2007-04-02,0.41910023529366064,0.582
2007-04-03,0.41576796673204397,0.574
2007-04-04,0.41258308800135146,0.569
2007-04-05,0.40949540415574964,0.562
2007-04-06,0.40646744842971505,0.554
2007-04-07,0.40349347956801046,0.546
2007-04-08,0.4005477801557409,0.541
2007-04-09,0.39761663582918993,0.536
2007-04-10,0.3946865767419826,0.528
2007-04-11,0.39175193599909425,0.516
2007-04-12,0.38880619375958886,0.512
2007-04-13,0.38584501988625547,0.503
2007-04-14,0.38286552228545834,0.495
2007-04-15,0.3798658723033941,0.49
2007-04-16,0.37684507121267397,0.482
2007-04-17,0.37380276763428,0.477
2007-04-18,0.3707391121623081,0.472
2007-04-19,0.36765464153330546,0.466
2007-04-20,0.3645501864072433,0.462
2007-04-21,0.36142679802545685,0.434
2007-04-22,0.35828568995878657,0.469
2007-04-23,0.3551281919168291,0.464
2007-04-24,0.3519557131953018,0.462
2007-04-25,0.3487697138233874,0.449
2007-04-26,0.34557168186081655,0.439
2007-04-27,0.34236311560474564,0.434
2007-04-28,0.3391455097147245,0.424
2007-04-29,0.33592034446263386,0.423
2007-04-30,0.33268907747332827,0.417
2007-05-01,0.3294531374488101,0.395
2007-05-02,0.3262139194704138,0.384
2007-05-03,0.3229727815548084,0.386
2007-05-04,0.31973104220467713,0.385
2007-05-05,0.3164899787469699,0.387
2007-05-06,0.3132508262932518,0.387
2007-05-07,0.3100147771899643,0.383
2007-05-08,0.3088042226462015,0.387
2007-05-09,0.3867504707700606,0.414
2007-05-10,0.3049625048609614,0.387
2007-05-11,0.3398180983362227,0.401
2007-05-12,0.2963050461925958,0.392
2007-05-13,0.45218421287109956,0.868
2007-05-14,0.4595390722929381,0.66
2007-05-15,0.45798543829937644,0.503
2007-05-16,0.5147362896286044,0.868
2007-05-17,0.4707623696692545,1.01
2007-05-18,0.3297765893461996,0.818
2007-05-19,0.29157970531712996,0.701
2007-05-20,0.28314013774803604,0.616
2007-05-21,0.27739266967357,0.565
2007-05-22,0.2723023536108107,0.532
2007-05-23,0.267677046061593,0.507
2007-05-24,0.26411197255238855,0.488
2007-05-25,0.2599063594314025,0.472
2007-05-26,0.3278704624090957,0.474
2007-05-27,0.30543320788975054,0.552
2007-05-28,0.36976305027665124,0.493
2007-05-29,0.2598471006716093,0.616
2007-05-30,0.2494205084498895,0.487
2007-05-31,0.24501390756584585,0.465
2007-06-01,0.2406147562377902,0.439
2007-06-02,0.23686009582569947,0.428
2007-06-03,0.3565973879885064,0.564
2007-06-04,0.24109096538725874,0.481
2007-06-05,0.23086367144918743,0.438
2007-06-06,0.2267441261244744,0.424
2007-06-07,0.2232111551149161,0.431
2007-06-08,0.2198950347739972,0.416
2007-06-09,0.21673772900646987,0.408
2007-06-10,0.2137121103989652,0.404
2007-06-11,0.22031841128053345,0.396
2007-06-12,0.20957567516127448,0.399
2007-06-13,0.3807435788782425,0.429
2007-06-14,0.4103198154528805,0.822
2007-06-15,0.41585400527900573,1.15
2007-06-16,0.3950475522772165,1.02
2007-06-17,0.35375567928433627,0.888
2007-06-18,0.2702007709140645,0.81
2007-06-19,0.2860374927868073,0.741
2007-06-20,0.21652252688271018,0.655
2007-06-21,0.2054630480202107,0.591
2007-06-22,0.19983600708848506,0.558
2007-06-23,0.22978314924261772,0.553
2007-06-24,0.3865698304826812,0.813
2007-06-25,0.7947233487305538,3.37
2007-06-26,0.5595092966757268,2.46
2007-06-27,0.6048954341924405,1.82
2007-06-28,0.7453534646520587,1.48
2007-06-29,0.6882828927729333,1.33
2007-06-30,0.8915979065846659,1.5
2007-07-01,1.0407601007611578,1.51
2007-07-02,0.8898694915724359,1.75
2007-07-03,0.6440196373511295,1.73
2007-07-04,0.5670915519111833,1.55
2007-07-05,0.6562125073640411,1.46
2007-07-06,0.6386517483498648,1.41
2007-07-07,0.4804199096837049,1.23
2007-07-08,0.4843090261842263,1.18
2007-07-09,0.420756095902415,1.12
2007-07-10,0.36922389888454327,1.06
2007-07-11,0.33794090320342185,0.987
2007-07-12,0.32727384675510884,0.961
2007-07-13,0.45310239102958255,1.1
2007-07-14,0.30000088009242715,0.921
2007-07-15,0.28841229331418716,0.878
2007-07-16,0.2743221699004723,0.829
2007-07-17,0.3498721474710761,0.89
2007-07-18,0.2703090634943155,0.799
2007-07-19,0.3464882082929756,0.776
2007-07-20,0.8236852983256217,1.36
2007-07-21,0.6290140504095804,1.49
2007-07-22,0.9881587890195118,1.59
2007-07-23,0.5928979647783397,1.48
2007-07-24,0.6299449249966896,1.37
2007-07-25,0.7389824754116269,1.32
2007-07-26,0.560256451900171,1.31
2007-07-27,0.5024640122291396,1.14
2007-07-28,0.445795644806809,1.08
2007-07-29,0.4044020535169988,0.998
2007-07-30,0.3730951788518298,0.957
2007-07-31,0.3519323685125683,0.908
2007-08-01,0.33559760725519344,0.868
2007-08-02,0.32258441181209163,0.832
2007-08-03,0.3124733651002885,0.795
2007-08-04,0.3045599265902567,0.768
2007-08-05,0.2984221910938686,0.74
2007-08-06,0.29817152949735215,0.718
2007-08-07,0.2904619977628114,0.693
2007-08-08,0.2871873239481717,0.663
2007-08-09,0.28480830558523695,0.641
2007-08-10,0.2829392004772885,0.631
2007-08-11,0.33562698162250526,0.634
2007-08-12,0.28388866277292135,0.634
2007-08-13,0.28032219279465304,0.604
2007-08-14,0.445557858552324,0.708
2007-08-15,0.45539898457504907,0.822
2007-08-16,0.29330138506513787,0.764
2007-08-17,0.2825121159662788,0.635
2007-08-18,0.4573350426801777,0.941
2007-08-19,0.7906076792595031,2.16
2007-08-20,0.5155646890041982,1.69
2007-08-21,0.40002954165376736,1.36
2007-08-22,0.3717809043907227,1.17
2007-08-23,0.35264594471930305,1.06
2007-08-24,0.3374744700530772,0.968
2007-08-25,0.32525106115627506,0.916
2007-08-26,0.3153623654214192,0.854
2007-08-27,0.3073478381656492,0.812
2007-08-28,0.30075199577188816,0.778
2007-08-29,0.29547964694151674,0.74
2007-08-30,0.29122468016979103,0.724
2007-08-31,0.2871604980694204,0.72
2007-09-01,0.28376043843896925,0.682
2007-09-02,0.38425672452568027,0.771
2007-09-03,0.2861665731245067,0.677
2007-09-04,0.2879605652000813,0.64
2007-09-05,0.2769691205312219,0.644
2007-09-06,0.2741625583022537,0.602
2007-09-07,0.27199197212028575,0.587
2007-09-08,0.26998863354868974,0.576
2007-09-09,0.2681542757477111,0.569
2007-09-10,0.2662741396475073,0.549
2007-09-11,0.26450228201754666,0.535
2007-09-12,0.2627611133424606,0.524
2007-09-13,0.2612059562227824,0.51
2007-09-14,0.2593390819947666,0.504
2007-09-15,0.2576172006348018,0.495
2007-09-16,0.27278696380478223,0.494
2007-09-17,0.28237853352072023,0.498
2007-09-18,0.25461947071907054,0.482
2007-09-19,0.2652294156166497,0.478
2007-09-20,0.3873522138202926,0.486
2007-09-21,0.4291650475511824,0.804
2007-09-22,0.2795748669373717,0.551
2007-09-23,0.4227468446399637,0.572
2007-09-24,0.3365235267222253,0.64
2007-09-25,0.33043418799605007,0.607
2007-09-26,0.2576165457240783,0.594
2007-09-27,0.24899372421465327,0.566
2007-09-28,0.24469109479440385,0.576
2007-09-29,0.24057371597286317,0.567
2007-09-30,0.2371994800999222,0.55
2007-10-01,0.2342686105725092,0.543
2007-10-02,0.23127747109922783,0.534
2007-10-03,0.26199708872393324,0.56
2007-10-04,0.2289679150925883,0.531
2007-10-05,0.22466639167940608,0.507
2007-10-06,0.22206190383529223,0.508
2007-10-07,0.21965333276066218,0.499
2007-10-08,0.31047317650403095,0.506
2007-10-09,0.22231165630292488,0.535
2007-10-10,0.21473883589718804,0.498
2007-10-11,0.21206192907510454,0.487
2007-10-12,0.20990011825560967,0.484
2007-10-13,0.2074115347570651,0.485
2007-10-14,0.20509206296987667,0.477
2007-10-15,0.23613395221812988,0.478
2007-10-16,0.2037636246213429,0.488
2007-10-17,0.1996448969522906,0.458
2007-10-18,0.19721115988613094,0.447
2007-10-19,0.19501516706111552,0.444
2007-10-20,0.19287647575529496,0.441
2007-10-21,0.1907690311400221,0.439
2007-10-22,0.18869149163022234,0.434
2007-10-23,0.18665255552887305,0.425
2007-10-24,0.18460556473435236,0.423
2007-10-25,0.18258767640493742,0.419
2007-10-26,0.1806419594459447,0.422
2007-10-27,0.3456863744251235,0.43
2007-10-28,0.2675756083232685,0.621
2007-10-29,0.2530693653439915,0.483
2007-10-30,0.1812198415811303,0.485
2007-10-31,0.17472981954262373,0.457
2007-11-01,0.17191213968444344,0.452
2007-11-02,0.16943757084010144,0.434
2007-11-03,0.16888093658240563,0.438
2007-11-04,0.16524010835565311,0.437
2007-11-05,0.1786731296731136,0.436
2007-11-06,0.16227772475907445,0.429
2007-11-07,0.15941120714590343,0.424
2007-11-08,0.3207326119570481,0.47
2007-11-09,0.17593725765161108,0.478
2007-11-10,0.2875270773398881,0.484
2007-11-11,0.20045020910013783,0.631
2007-11-12,0.19681490459239104,0.579
2007-11-13,0.20604224547627964,0.631
2007-11-14,0.1627438756202214,0.613
2007-11-15,0.15481747303936622,0.605
2007-11-16,0.1508233301283445,0.606
2007-11-17,0.1608643618674721,0.604
2007-11-18,0.2640628315962888,0.627
2007-11-19,0.18272762336695172,0.693
2007-11-20,0.2915590393765864,0.664
2007-11-21,0.3252911406717586,0.675
2007-11-22,0.31343454729463205,0.802
2007-11-23,0.2252929069948238,0.761
2007-11-24,0.2785412631366928,0.803
2007-11-25,0.32088140300753143,0.79
2007-11-26,0.29870245893525804,0.8
2007-11-27,0.23113041502305076,0.786
2007-11-28,0.5594463927665565,0.906
2007-11-29,0.2983895409330468,0.918
2007-11-30,0.530962716341097,0.947
2007-12-01,0.6527005072207661,0.95
2007-12-02,0.720561134940803,1.21
2007-12-03,0.6334084288591563,1.16
2007-12-04,0.5502612273113558,1.19
2007-12-05,0.578237966242052,1.18
2007-12-06,1.456710872782385,2.08
2007-12-07,1.0216851004843182,2.27
2007-12-08,1.189456656186466,2.24
2007-12-09,0.8079319915286588,1.96
2007-12-10,0.6162957706200061,1.69
2007-12-11,0.5286814489294726,1.6
2007-12-12,0.4626929303400168,1.47
2007-12-13,0.4118836001603674,1.35
2007-12-14,0.3717745915586565,1.26
2007-12-15,0.3394097485175729,1.18
2007-12-16,0.31385110996073934,1.11
2007-12-17,0.29459599203235887,1.04
2007-12-18,0.2788448891482727,0.998
2007-12-19,0.2679539145689834,0.959
2007-12-20,0.2591889408915731,0.92
2007-12-21,0.25255999016149944,0.884
2007-12-22,0.36334083274811835,0.897
2007-12-23,0.33919659952956405,0.851
2007-12-24,0.7923666114382317,1.18
2007-12-25,0.5271259943532234,0.971
2007-12-26,0.4180761496465114,0.922
2007-12-27,0.48150898439480727,0.921
2007-12-28,0.8118044175030162,1.03
2007-12-29,0.5976404736697181,1.0
2007-12-30,0.4857151783035331,0.986
2007-12-31,0.4318151801905829,0.993
2008-01-01,0.39954730182844356,0.988
2008-01-02,0.37291151184431076,0.959
2008-01-03,0.37790153745925015,0.942
2008-01-04,0.5654242763874426,1.01
2008-01-05,0.40124773016771825,0.934
2008-01-06,0.5642436121033,0.906
2008-01-07,0.574788888627741,0.895
2008-01-08,0.7391891172794439,0.995
2008-01-09,1.3776519863182586,1.33
2008-01-10,1.0198815046770513,1.75
2008-01-11,0.7420439765555011,1.72
2008-01-12,0.7479334301843039,1.6
2008-01-13,0.7595346904130511,1.52
2008-01-14,1.0461331280364348,1.42
2008-01-15,0.8509876966120685,1.6
2008-01-16,0.6730238590946038,1.44
2008-01-17,0.926479631562389,1.48
2008-01-18,1.012024313639493,1.51
2008-01-19,1.0041968013302096,1.59
2008-01-20,0.9686095612318065,1.65
2008-01-21,0.8080014312160478,1.72
2008-01-22,0.7405904749579287,1.66
2008-01-23,0.6511312863717035,1.61
2008-01-24,0.5943432222619631,1.49
2008-01-25,0.5539037421801702,1.42
2008-01-26,0.5224886673486172,1.34
2008-01-27,0.498524647557644,1.27
2008-01-28,0.48060650211071754,1.21
2008-01-29,0.7076854741912653,1.25
2008-01-30,0.7811716037521595,1.19
2008-01-31,0.7249430729037353,1.25
2008-02-01,0.6603237809568088,1.14
2008-02-02,0.6542346281840139,1.12
2008-02-03,0.7244273937514145,1.17
2008-02-04,0.9247734423425839,1.21
2008-02-05,1.040830984297825,1.31
2008-02-06,0.7431433817108749,1.33
2008-02-07,0.6690989732134567,1.36
2008-02-08,0.6244702874820819,1.35
2008-02-09,0.5905592083250805,1.28
2008-02-10,0.5632133910972457,1.22
2008-02-11,0.5420939568976343,1.16
2008-02-12,0.5251711727125851,1.1
2008-02-13,0.5123233432799595,1.06
2008-02-14,0.5016830916065709,1.02
2008-02-15,0.4935976932921509,0.983
2008-02-16,0.4874515122756824,0.952
2008-02-17,0.48242923829643386,0.923
2008-02-18,0.47841278713309,0.898
2008-02-19,0.4751890141075563,0.872
2008-02-20,0.4730072204546001,0.856
2008-02-21,0.4713921558482803,0.837
2008-02-22,0.46876573213495787,0.815
2008-02-23,0.467165719474517,0.789
2008-02-24,0.47158032059615496,0.791
2008-02-25,0.5265060627775423,0.786
2008-02-26,0.4684608887669076,0.756
2008-02-27,0.4635892281421429,0.723
2008-02-28,0.46180098743186454,0.709
2008-02-29,0.4986672397221943,0.732
2008-03-01,0.4619224088291041,0.697
2008-03-02,0.45809597020532034,0.674
2008-03-03,0.47494129781740435,0.667
2008-03-04,0.45590633437129385,0.67
2008-03-05,0.4526987506061562,0.654
2008-03-06,0.46946420278879275,0.665
2008-03-07,0.45024986189111993,0.645
2008-03-08,0.45447135709025016,0.646
2008-03-09,0.5033080226524125,0.639
2008-03-10,0.5034741327266229,0.708
2008-03-11,0.44826392588177233,0.633
2008-03-12,0.44040691804056453,0.61
2008-03-13,0.43752390707309535,0.597
2008-03-14,0.43408177294369227,0.585
2008-03-15,0.607751905508668,0.926
2008-03-16,0.5676213337211669,1.03
2008-03-17,0.43796544597594866,0.893
2008-03-18,0.4271074367191949,0.873
2008-03-19,0.4230627705386206,0.851
2008-03-20,0.5596753866553728,0.869
2008-03-21,0.4716688252796297,0.858
2008-03-22,0.6626593652146588,0.811
2008-03-23,0.5184273127693239,0.855
2008-03-24,0.4830418860437237,0.8
2008-03-25,0.6230044928364792,0.804
2008-03-26,0.5003650253182705,0.825
2008-03-27,0.5432383938950158,0.778
2008-03-28,0.6337700538200511,0.836
2008-03-29,0.9558885334828355,1.06
2008-03-30,0.620244364842946,1.04
2008-03-31,0.5754923521126509,1.04
2008-04-01,0.5274973969594712,1.02
2008-04-02,0.49742216738143186,1.0
2008-04-03,0.47453799960159326,0.973
2008-04-04,0.48357505967336223,0.971
2008-04-05,0.4878531790975721,0.956
2008-04-06,0.44928094490691356,0.89
2008-04-07,0.4342214566635452,0.899
2008-04-08,0.42270586944408883,0.88
2008-04-09,0.4123885698453791,0.86
2008-04-10,0.4456828915653585,0.901
2008-04-11,0.4930851034913378,0.947
2008-04-12,0.6425837388462974,0.968
2008-04-13,0.48019758135458773,0.968
2008-04-14,0.44558602145333503,0.942
2008-04-15,0.43011399819651736,0.932
2008-04-16,0.44510422892275425,0.932
2008-04-17,0.4119932431836599,0.942
2008-04-18,0.39950088477124196,0.916
2008-04-19,0.4219183319920797,0.905
2008-04-20,0.38663228026497126,0.908
2008-04-21,0.37755122132451946,0.867
2008-04-22,0.37152695927065227,0.849
2008-04-23,0.36600362298761646,0.837
2008-04-24,0.36065538515462514,0.821
2008-04-25,0.35612341521668517,0.807
2008-04-26,0.4468890490261845,0.809
2008-04-27,0.3798456359197494,0.92
2008-04-28,0.34922878197510965,0.847
2008-04-29,0.5148994574826445,1.19
2008-04-30,0.3878847553856834,1.1
2008-05-01,0.34267263733578307,0.981
2008-05-02,0.34154192624202934,0.956
2008-05-03,0.3506809608188838,0.932
2008-05-04,0.3515527257548675,0.925
2008-05-05,0.3262316253277142,0.874
2008-05-06,0.3216559923911434,0.836
2008-05-07,0.31839960422876046,0.807
2008-05-08,0.3155709273956858,0.776
2008-05-09,0.3128031906767249,0.767
2008-05-10,0.3092668381439069,0.746
2008-05-11,0.30659766155500384,0.716
2008-05-12,0.30332635855670825,0.683
2008-05-13,0.3003791886709538,0.654
2008-05-14,0.2974641431387318,0.639
2008-05-15,0.2945623258104737,0.617
2008-05-16,0.3063345881409798,0.613
2008-05-17,0.297159921642478,0.625
2008-05-18,0.2874398026771905,0.586
2008-05-19,0.28396081294165093,0.553
2008-05-20,0.2809014739006832,0.54
2008-05-21,0.27790772785090556,0.532
2008-05-22,0.2750088436439522,0.522
2008-05-23,0.27202305390640014,0.51
2008-05-24,0.26911005263720217,0.495
2008-05-25,0.27162042977576956,0.499
2008-05-26,0.30748616470530543,0.491
2008-05-27,0.3381473753505626,0.528
2008-05-28,0.2887800872770763,0.624
2008-05-29,0.2586680774699548,0.514
2008-05-30,0.25371390364095275,0.487
2008-05-31,0.250511764746851,0.47
2008-06-01,0.24754261776937417,0.467
2008-06-02,0.24464261824747316,0.462
2008-06-03,0.2416655332555699,0.445
2008-06-04,0.2388162281421349,0.436
2008-06-05,0.23604678299115503,0.44
2008-06-06,0.23322207298969047,0.428
2008-06-07,0.2304716326912839,0.419
2008-06-08,0.22775131642333704,0.412
2008-06-09,0.22505640924186326,0.406
2008-06-10,0.22238511198717595,0.4
2008-06-11,0.21973617265122272,0.404
2008-06-12,0.21710866380677274,0.4
2008-06-13,0.21450190692733723,0.393
2008-06-14,0.2119154182578087,0.385
2008-06-15,0.20934886603011615,0.386
2008-06-16,0.20680203638821257,0.382
2008-06-17,0.2503522971317556,0.387
2008-06-18,0.3096405404661849,0.423
2008-06-19,0.20584302038015903,0.408
2008-06-20,0.1976106058367156,0.385
2008-06-21,0.22948482208431992,0.407
2008-06-22,0.1946295846652165,0.387
2008-06-23,0.19030971373450858,0.374
2008-06-24,0.18775117796380178,0.371
2008-06-25,0.18537450504290864,0.359
2008-06-26,0.34967955045485427,0.522
2008-06-27,0.3378359346673351,0.428
2008-06-28,0.18887269854516417,0.389
2008-06-29,0.18006065722733003,0.396
2008-06-30,0.17484208461346445,0.375
2008-07-01,0.17291268178151797,0.366
2008-07-02,0.21743440419616658,0.391
2008-07-03,0.1731347959652466,0.377
2008-07-04,0.17171996027194653,0.361
2008-07-05,0.22319495410269596,0.365
2008-07-06,0.1686072813057305,0.378
2008-07-07,0.16324010755416424,0.376
2008-07-08,0.15925108538972085,0.362
2008-07-09,0.3286739817935349,0.448
2008-07-10,0.16867102247486723,0.393
2008-07-11,0.15642658253348132,0.387
2008-07-12,0.15256285091532182,0.363
2008-07-13,0.14970129783199998,0.351
2008-07-14,0.14712896540682036,0.345
2008-07-15,0.14471199874704513,0.339
2008-07-16,0.14339693699372946,0.337
2008-07-17,0.14929542888471414,0.373
2008-07-18,0.14020635488696084,0.354
2008-07-19,0.13719483071752156,0.34
2008-07-20,0.1347918339832997,0.328
2008-07-21,0.13270441063109273,0.319
2008-07-22,0.1307333678186661,0.319
2008-07-23,0.12882085302947788,0.31
2008-07-24,0.12696082011678197,0.303
2008-07-25,0.12514759246356166,0.298
2008-07-26,0.1233692504984048,0.296
2008-07-27,0.12166820706815061,0.295
2008-07-28,0.2833768359231215,0.399
2008-07-29,0.2958240234174138,0.446
2008-07-30,0.1605958516951059,0.34
2008-07-31,0.12042975544072285,0.319
2008-08-01,0.11672237850967825,0.304
2008-08-02,0.11386697825473004,0.299
2008-08-03,0.1120828849489107,0.295
2008-08-04,0.11080677654102723,0.291
2008-08-05,0.10963100476547484,0.304
2008-08-06,0.21119696412438463,0.335
2008-08-07,0.1339266233360735,0.332
2008-08-08,0.10969516992723524,0.309
2008-08-09,0.11263209424514876,0.308
2008-08-10,0.10464962840889497,0.29
2008-08-11,0.22654111800012983,0.308
2008-08-12,0.12475417777052993,0.351
2008-08-13,0.10379988765635706,0.314
2008-08-14,0.09968017923866615,0.287
2008-08-15,0.0973772548420371,0.276
2008-08-16,0.18353179263380942,0.293
2008-08-17,0.10051908561056896,0.295
2008-08-18,0.23237007013355904,0.318
2008-08-19,0.10310208889732254,0.378
2008-08-20,0.1475615918199066,0.333
2008-08-21,0.1293104498025349,0.399
2008-08-22,0.09533904206990407,0.351
2008-08-23,0.09134882862210586,0.337
2008-08-24,0.08838397874867636,0.326
2008-08-25,0.08623054790003841,0.319
2008-08-26,0.08432546648307553,0.322
2008-08-27,0.08259240304100014,0.31
2008-08-28,0.08100883462621769,0.307
2008-08-29,0.07954105360108843,0.302
2008-08-30,0.0781703494086683,0.297
2008-08-31,0.14837013592703338,0.332
2008-09-01,0.08092795585415694,0.298
2008-09-02,0.17113674086209724,0.352
2008-09-03,0.16264941167290808,0.331
2008-09-04,0.22275444708149103,0.314
2008-09-05,0.35143911153548063,1.49
2008-09-06,0.3216148851704634,1.94
2008-09-07,0.2940446374019852,1.34
2008-09-08,0.31052151524187366,0.996
2008-09-09,0.21738134912553037,0.849
2008-09-10,0.11673882110455286,0.717
2008-09-11,0.09858604973575653,0.647
2008-09-12,0.09092445906310125,0.591
2008-09-13,0.08557513559604443,0.55
2008-09-14,0.08232524195574467,0.52
2008-09-15,0.08078309000049243,0.502
2008-09-16,0.1888310651958515,0.532
2008-09-17,0.0859891071363158,0.493
2008-09-18,0.07705347067191028,0.46
2008-09-19,0.07390462139363704,0.438
2008-09-20,0.0715217262751238,0.425
2008-09-21,0.06952711163122323,0.415
2008-09-22,0.06786806024886832,0.407
2008-09-23,0.06636422144261389,0.4
2008-09-24,0.06508380547554965,0.404
2008-09-25,0.06395599115792,0.376
2008-09-26,0.06294338207477612,0.378
2008-09-27,0.06254152534997015,0.373
2008-09-28,0.06148764461671748,0.372
2008-09-29,0.17631482574284152,0.376
2008-09-30,0.23549023637371597,0.437
2008-10-01,0.29203646223031365,0.64
2008-10-02,0.598193184922657,1.19
2008-10-03,0.40665154037937934,1.11
2008-10-04,0.8733364643550781,1.37
2008-10-05,0.5683944769256606,1.98
2008-10-06,0.49972686667157634,1.62
2008-10-07,0.7812143205661043,1.62
2008-10-08,0.41169324318004974,1.31
2008-10-09,0.47762168205279554,1.19
2008-10-10,0.33890708708259276,1.12
2008-10-11,0.3670518221451345,1.06
2008-10-12,0.279760149819828,0.998
2008-10-13,0.32217890646604164,0.946
2008-10-14,0.6134121372963415,0.97
2008-10-15,0.48422319425943305,0.959
2008-10-16,0.3935232525711284,0.897
2008-10-17,0.3100721922650327,0.864
2008-10-18,0.2761841826155526,0.837
2008-10-19,0.2873513041516927,0.829
2008-10-20,0.3005448923041901,0.813
2008-10-21,0.23790630619319741,0.769
2008-10-22,0.21324977829217676,0.734
2008-10-23,0.24951252647067138,0.727
2008-10-24,0.20049699566674686,0.69
2008-10-25,0.5172621095692772,0.766
2008-10-26,0.4583087060561139,0.863
2008-10-27,1.2630010874487878,1.11
2008-10-28,1.1403243253400706,2.11
2008-10-29,1.283483391457537,2.16
2008-10-30,0.9732594651937816,2.09
2008-10-31,0.6835184718824274,1.92
2008-11-01,0.5731082245042031,1.76
2008-11-02,0.5172165538197474,1.61
2008-11-03,0.44174230024900607,1.46
2008-11-04,0.39362720087946806,1.32
2008-11-05,0.3564706721526819,1.24
2008-11-06,0.39911116486757175,1.18
2008-11-07,0.41541006132816116,1.12
2008-11-08,0.6274238162178738,1.13
2008-11-09,0.9276500684367606,1.2
2008-11-10,0.7887843878927991,1.2
2008-11-11,0.5596756260766783,1.14
2008-11-12,0.6287372889135913,1.13
2008-11-13,0.5661698732836316,1.23
2008-11-14,0.48398485050447343,1.15
2008-11-15,0.5104074229664056,1.14
2008-11-16,0.44094163917874596,1.13
2008-11-17,0.5005407468939037,1.13
2008-11-18,0.411717749388213,1.1
2008-11-19,0.393365436432801,1.06
2008-11-20,0.3868928498121962,1.04
2008-11-21,0.4480669236097915,1.03
2008-11-22,0.5650458535240896,0.997
2008-11-23,0.9278663418086583,1.31
2008-11-24,0.565167477303795,1.27
2008-11-25,0.5096067857748918,1.25
2008-11-26,0.4618291527934233,1.26
2008-11-27,0.6501454922535532,1.29
2008-11-28,0.4837413066085613,1.2
2008-11-29,0.4483078955542347,1.14
2008-11-30,0.42494921181955736,1.09
2008-12-01,0.6453725456599618,1.06
2008-12-02,0.7341668223496162,1.23
2008-12-03,0.8587559715529652,1.13
2008-12-04,1.0546612969766882,1.58
2008-12-05,1.1143313836099606,2.09
2008-12-06,0.7571204287979114,1.99
2008-12-07,0.66975919711943,1.84
2008-12-08,1.0484658517933692,1.81
2008-12-09,0.7423295470790607,1.7
2008-12-10,0.6490347544106188,1.55
2008-12-11,0.5991853356995961,1.49
2008-12-12,1.1132521660529782,1.58
2008-12-13,0.8130411702553807,1.57
2008-12-14,0.6815032306960406,1.45
2008-12-15,0.6182108018197922,1.39
2008-12-16,0.6750090862133459,1.38
2008-12-17,0.5806745166937067,1.32
2008-12-18,0.6242819787341979,1.26
2008-12-19,0.5556094923257954,1.2
2008-12-20,0.5786686737706351,1.16
2008-12-21,0.529542044646136,1.11
2008-12-22,0.5072047453097724,1.07
2008-12-23,0.49143205152602637,1.02
2008-12-24,0.4801648331147008,0.997
2008-12-25,0.471462258400629,0.967
2008-12-26,0.4647402868277107,0.934
2008-12-27,0.46090552957500264,0.908
2008-12-28,0.4556371510781043,0.886
2008-12-29,0.45217481449573654,0.863
2008-12-30,0.4495007432682397,0.829
2008-12-31,0.4474543338529138,0.808
2009-01-01,0.44640492380875146,0.786
2009-01-02,0.44449702451649425,0.774
2009-01-03,0.44347258804360434,0.754
2009-01-04,0.45490705403987114,0.752
2009-01-05,0.447886625279754,0.721
2009-01-06,0.4432425010776945,0.695
2009-01-07,0.44307884141231585,0.693
2009-01-08,0.4398802088054119,0.683
2009-01-09,0.43809834544758586,0.674
2009-01-10,0.43704936026671115,0.674
2009-01-11,0.5659498705276013,0.721
2009-01-12,0.5663156773011853,0.732
2009-01-13,0.4867956238555202,0.724
2009-01-14,0.4721450897404894,0.666
2009-01-15,0.46082400272072216,0.652
2009-01-16,0.6339821826746231,0.661
2009-01-17,0.8230443165592222,0.758
2009-01-18,0.640513332813068,0.727
2009-01-19,0.8013522437615707,0.824
2009-01-20,0.7048852216685522,0.809
2009-01-21,0.6927386871336207,0.828
2009-01-22,0.830671362298578,0.868
2009-01-23,0.6398336857029209,0.938
2009-01-24,0.805529191002512,0.915
2009-01-25,0.6286716202825609,0.947
2009-01-26,0.5832748757177166,0.893
2009-01-27,1.0452859314031369,1.03
2009-01-28,0.6873383839069496,1.05
2009-01-29,0.7126799624505545,1.04
2009-01-30,0.6156840764736874,1.06
2009-01-31,0.5766482707975188,1.02
2009-02-01,0.5497663985595697,0.98
2009-02-02,0.7767512576748329,0.991
2009-02-03,0.6185808381575926,0.959
2009-02-04,0.5646682988501612,0.933
2009-02-05,0.6496669493815895,0.904
2009-02-06,0.7649498862121062,0.879
2009-02-07,0.5965835067080407,0.886
2009-02-08,0.5865043988541403,0.847
2009-02-09,0.7243609056254554,0.913
2009-02-10,0.5894705516776998,0.926
2009-02-11,0.6655978685070212,1.07
2009-02-12,0.6357609071378592,1.18
2009-02-13,0.5639808350794078,1.3
2009-02-14,0.5940639486235585,1.31
2009-02-15,0.5754753885877901,1.34
2009-02-16,0.5364931661641348,1.24
2009-02-17,0.5132950364158929,1.22
2009-02-18,0.49503216891267476,1.16
2009-02-19,0.48222446600721147,1.12
2009-02-20,0.4716883614135422,1.07
2009-02-21,0.4631322378556888,1.05
2009-02-22,0.45545994439971144,1.02
2009-02-23,0.4492722291996973,0.983
2009-02-24,0.44415798731057143,0.961
2009-02-25,0.43945271115808054,0.931
2009-02-26,0.4522751735294253,0.909
2009-02-27,0.43794779908360176,0.893
2009-02-28,0.4312552169408589,0.872
2009-03-01,0.4274676988011745,0.845
2009-03-02,0.4246761877953581,0.822
2009-03-03,0.5051845713576345,0.864
2009-03-04,0.428626681951074,0.82
2009-03-05,0.4266762689538323,0.789
2009-03-06,0.418171026770386,0.758
2009-03-07,0.4495083692228612,0.757
2009-03-08,0.4290062575121591,0.737
2009-03-09,0.5057214856157275,0.722
2009-03-10,0.43262711037125834,0.715
2009-03-11,0.4779094696800732,0.696
2009-03-12,0.429455768840274,0.689
2009-03-13,0.45823934002225214,0.682
2009-03-14,0.42366448943138485,0.661
2009-03-15,0.41334871680751456,0.642
2009-03-16,0.4058326661396047,0.63
2009-03-17,0.39933849417584566,0.619
2009-03-18,0.39360355201530833,0.613
2009-03-19,0.3884016930813855,0.599
2009-03-20,0.3836768841400615,0.594
2009-03-21,0.37930904617699157,0.585
2009-03-22,0.3752241415742587,0.581
2009-03-23,0.3829226383319461,0.596
2009-03-24,0.3881048682848273,0.577
2009-03-25,0.36712564502250566,0.563
2009-03-26,0.3784143956619983,0.572
2009-03-27,0.36907414935273075,0.566
2009-03-28,0.35578381248293284,0.547
2009-03-29,0.35177441653070857,0.533
2009-03-30,0.3483204766408646,0.526
2009-03-31,0.3449268878497814,0.517
2009-04-01,0.3416006523181954,0.509
2009-04-02,0.33831548351845203,0.5
2009-04-03,0.35283569130861386,0.496
2009-04-04,0.33302874890220596,0.487
2009-04-05,0.32884878141597845,0.476
2009-04-06,0.3261919442755189,0.484
2009-04-07,0.32367880540174815,0.476
2009-04-08,0.31936256071626723,0.462
2009-04-09,0.31608422603604974,0.458
2009-04-10,0.3128593800002068,0.453
2009-04-11,0.30966382163176487,0.441
2009-04-12,0.30648415207672086,0.428
2009-04-13,0.3033160981947638,0.431
2009-04-14,0.32710113609670516,0.429
2009-04-15,0.3088571779554267,0.451
2009-04-16,0.2948658536484077,0.429
2009-04-17,0.2909547345339428,0.425
2009-04-18,0.2877295381858194,0.418
2009-04-19,0.28459963053143633,0.402
2009-04-20,0.28148913381212154,0.396
2009-04-21,0.2783932124103636,0.394
2009-04-22,0.27531154806980285,0.392
2009-04-23,0.27224419073696254,0.387
2009-04-24,0.2691913245979867,0.38
2009-04-25,0.2661532171085216,0.381
2009-04-26,0.3419622952712905,0.383
2009-04-27,0.26484451995128566,0.413
2009-04-28,0.2658133703006904,0.386
2009-04-29,0.2550155017544287,0.375
2009-04-30,0.3717091906751202,0.445
2009-05-01,0.25598581803000175,0.397
2009-05-02,0.2569572321001805,0.378
2009-05-03,0.24499180227152284,0.374
2009-05-04,0.2453384034837309,0.386
2009-05-05,0.23848871577592026,0.383
2009-05-06,0.23544243761334374,0.367
2009-05-07,0.23209086192288678,0.359
2009-05-08,0.22912466582873112,0.348
2009-05-09,0.22620326576893907,0.348
2009-05-10,0.22322320744727103,0.344
2009-05-11,0.22037867191985583,0.337
2009-05-12,0.2175905920410622,0.33
2009-05-13,0.21490376217583232,0.337
2009-05-14,0.3766057613893832,0.386
2009-05-15,0.2676445822273075,0.421
2009-05-16,0.21318690016149688,0.372
2009-05-17,0.3269022479434741,0.409
2009-05-18,0.21309365035216674,0.387
2009-05-19,0.2040203654001817,0.382
2009-05-20,0.28167122562170543,0.381
2009-05-21,0.20363102127867247,0.425
2009-05-22,0.1960189533154931,0.386
2009-05-23,0.1923120513320185,0.366
2009-05-24,0.1892574480635308,0.354
2009-05-25,0.1866264543214657,0.354
2009-05-26,0.18372498193970585,0.347
2009-05-27,0.18108469790162904,0.346
2009-05-28,0.17837656438257113,0.339
2009-05-29,0.17586779269962888,0.333
2009-05-30,0.17342050655808217,0.325
2009-05-31,0.1710252407370039,0.317
2009-06-01,0.16868209379928556,0.309
2009-06-02,0.1663783093515398,0.306
2009-06-03,0.16411390770662007,0.308
2009-06-04,0.16188440565311574,0.3
2009-06-05,0.2222271170325317,0.305
2009-06-06,0.2153711775988135,0.361
2009-06-07,0.1601729611258954,0.332
2009-06-08,0.15444796977118758,0.314
2009-06-09,0.15212397625731722,0.306
2009-06-10,0.2094172102505188,0.337
2009-06-11,0.1519999700507893,0.31
2009-06-12,0.1466438037464265,0.3
2009-06-13,0.14421668991101183,0.29
2009-06-14,0.14205264080667915,0.29
2009-06-15,0.1400827905215637,0.281
2009-06-16,0.137967775146435,0.293
2009-06-17,0.136174257776236,0.287
2009-06-18,0.13402498507666072,0.277
2009-06-19,0.13216177688916422,0.276
2009-06-20,0.1301801326845298,0.282
2009-06-21,0.1283286359716428,0.282
2009-06-22,0.1264925917182306,0.283
2009-06-23,0.12469892153440457,0.286
2009-06-24,0.12293183945141656,0.266
2009-06-25,0.12118931606998463,0.262
2009-06-26,0.2807715113435447,0.314
2009-06-27,0.15234903304384864,0.315
2009-06-28,0.11921169752220795,0.284
2009-06-29,0.11513822653921586,0.272
2009-06-30,0.11374829902825624,0.282
2009-07-01,0.11129722818365899,0.266
2009-07-02,0.11010245041476356,0.255
2009-07-03,0.10902807608980117,0.262
2009-07-04,0.11206388840120475,0.27
2009-07-05,0.10683006118418638,0.262
2009-07-06,0.27404711515534336,0.29
2009-07-07,0.1799224278879355,0.326
2009-07-08,0.10999238375139422,0.343
2009-07-09,0.10363719939858158,0.281
2009-07-10,0.10116672127616884,0.265
2009-07-11,0.14324673624866818,0.271
2009-07-12,0.10106650160620301,0.26
2009-07-13,0.164359105739089,0.289
2009-07-14,0.22781875687419187,0.382
2009-07-15,0.10416409456700819,0.326
2009-07-16,0.2814137255732109,0.569
2009-07-17,0.33428040127553155,1.95
2009-07-18,0.33364316833153046,1.12
2009-07-19,0.305321507375981,0.861
2009-07-20,0.29693492782256264,0.651
2009-07-21,0.2384049213697211,0.629
2009-07-22,0.13467453934150495,0.526
2009-07-23,0.11368972478302815,0.51
2009-07-24,0.3465776493033603,1.77
2009-07-25,0.37127849538877095,1.1
2009-07-26,0.28798580524047834,0.951
2009-07-27,0.14654394724958558,0.759
2009-07-28,0.2369149305628637,0.693
2009-07-29,0.2883735931446915,0.738
2009-07-30,0.18181637183024063,0.644
2009-07-31,0.22241758914267085,0.619
2009-08-01,0.1619548249855444,0.582
2009-08-02,0.1442722771572127,0.541
2009-08-03,0.16493460752647082,0.534
2009-08-04,0.12963370410876868,0.526
2009-08-05,0.11912316468911582,0.46
2009-08-06,0.11169485172546804,0.459
2009-08-07,0.10577948867945494,0.432
2009-08-08,0.10100710470668002,0.427
2009-08-09,0.09739037026281257,0.418
2009-08-10,0.09415196440844956,0.423
2009-08-11,0.2415325885645435,0.454
2009-08-12,0.09893169945905364,0.48
2009-08-13,0.08903184961761791,0.421
2009-08-14,0.08693136975826363,0.387
2009-08-15,0.08593472357212906,0.381
2009-08-16,0.08433418312070982,0.364
2009-08-17,0.08325176363999569,0.361
2009-08-18,0.08234082182100165,0.367
2009-08-19,0.09813923117882745,0.35
2009-08-20,0.08291492042798045,0.362
2009-08-21,0.08116498562375957,0.343
2009-08-22,0.08020710571859807,0.331
2009-08-23,0.07977106675727526,0.339
2009-08-24,0.07878248233597779,0.33
2009-08-25,0.07839907209229303,0.321
2009-08-26,0.09652574349955595,0.336
2009-08-27,0.07844660627065476,0.316
2009-08-28,0.09817687947380177,0.317
2009-08-29,0.07759008579675522,0.309
2009-08-30,0.09224652878085669,0.318
2009-08-31,0.11767993139832734,0.329
2009-09-01,0.12613540930944225,0.343
2009-09-02,0.24968176570170397,0.479
2009-09-03,0.20941242196587886,0.481
2009-09-04,0.08608588938970316,0.366
2009-09-05,0.07625763203374639,0.341
2009-09-06,0.07470587800917504,0.333
2009-09-07,0.0733498308271982,0.324
2009-09-08,0.07293274176771553,0.326
2009-09-09,0.07143515781686667,0.311
2009-09-10,0.07055370062968572,0.305
2009-09-11,0.06974571935736631,0.305
2009-09-12,0.06901299871725942,0.309
2009-09-13,0.06827307800061135,0.301
2009-09-14,0.06758053849946427,0.299
2009-09-15,0.06691991241245919,0.315
2009-09-16,0.06625527498025298,0.285
2009-09-17,0.06560868151476426,0.286
2009-09-18,0.06497456157288554,0.285
2009-09-19,0.06469790573721994,0.291
2009-09-20,0.06376211364516787,0.285
2009-09-21,0.06312630016460005,0.276
2009-09-22,0.06250278869556213,0.28
2009-09-23,0.06190540682735064,0.258
2009-09-24,0.06128505372777911,0.258
2009-09-25,0.06067690576898723,0.257
2009-09-26,0.06007245404188313,0.259
2009-09-27,0.05946968777302042,0.261
2009-09-28,0.058936532286507644,0.258
2009-09-29,0.0586891508145531,0.261
2009-09-30,0.05790520774588854,0.262
2009-10-01,0.05709042345268157,0.25
2009-10-02,0.056487053418388576,0.248
2009-10-03,0.05619671883344233,0.245
2009-10-04,0.05532324346130851,0.245
2009-10-05,0.11481816225052298,0.248
2009-10-06,0.23008106749907165,0.403
2009-10-07,0.14977743550869208,0.299
2009-10-08,0.0623001917984086,0.268
2009-10-09,0.056207555299718284,0.26
2009-10-10,0.054625349634522695,0.255
2009-10-11,0.053713700901260424,0.251
2009-10-12,0.05255805649740782,0.246
2009-10-13,0.05165129176953105,0.254
2009-10-14,0.051002449578164945,0.242
2009-10-15,0.05009876994792653,0.244
2009-10-16,0.04937001547584072,0.24
2009-10-17,0.04869485442937786,0.241
2009-10-18,0.08244118284165998,0.245
2009-10-19,0.050441096624313654,0.248
2009-10-20,0.1363999696134517,0.262
2009-10-21,0.05396464851255795,0.248
2009-10-22,0.07518098496001863,0.249
2009-10-23,0.04947401582513102,0.242
2009-10-24,0.06861828974710488,0.248
2009-10-25,0.047993838209984215,0.238
2009-10-26,0.04595269808054792,0.235
2009-10-27,0.045216299173888946,0.241
2009-10-28,0.04407177999117921,0.234
2009-10-29,0.043292352135523085,0.23
2009-10-30,0.058104473598629205,0.227
2009-10-31,0.2173234827734212,0.24
2009-11-01,0.22463912707046002,0.464
2009-11-02,0.11128407655011548,0.297
2009-11-03,0.054664748470188235,0.283
2009-11-04,0.23587959687551596,0.345
2009-11-05,0.24964222156204044,0.642
2009-11-06,0.17469443248960623,0.631
2009-11-07,0.09751347180271368,0.605
2009-11-08,0.06249771781101807,0.547
2009-11-09,0.07431557725592779,0.511
2009-11-10,0.05581050414275174,0.509
2009-11-11,0.09631197315662468,0.498
2009-11-12,0.10874206385226307,0.498
2009-11-13,0.2818381693602204,0.823
2009-11-14,0.28595094016806555,0.916
2009-11-15,0.2004857421354521,0.903
2009-11-16,0.1906987653734279,0.868
2009-11-17,0.6572325734927558,0.914
2009-11-18,0.5554093336144206,1.45
2009-11-19,0.5808082266293768,1.4
2009-11-20,0.3164871350623769,1.18
2009-11-21,0.6957315606388063,1.17
2009-11-22,0.7474815411714546,1.22
2009-11-23,0.965965146054215,1.46
2009-11-24,0.6896968604147805,1.49
2009-11-25,0.6522838188302901,1.36
2009-11-26,0.48861834022905637,1.2
2009-11-27,0.653787584138766,1.14
2009-11-28,0.8569430939361213,1.23
2009-11-29,1.149035139320497,1.9
2009-11-30,0.6647773908683311,1.92
2009-12-01,0.5878405693170201,1.75
2009-12-02,0.8614944939347643,1.58
2009-12-03,0.7062583380105906,1.77
2009-12-04,0.7408942578578178,1.55
2009-12-05,0.8514737229234914,1.55
2009-12-06,0.6866091591510406,1.48
2009-12-07,1.0309832665365726,1.55
2009-12-08,0.6412026663761891,1.64
2009-12-09,0.711685627206517,1.55
2009-12-10,0.5289566133934269,1.44
2009-12-11,0.4613777502206559,1.34
2009-12-12,0.41293944226812057,1.28
2009-12-13,0.3769089209295413,1.21
2009-12-14,0.5579842780723059,1.22
2009-12-15,0.4068307799867884,1.16
2009-12-16,0.5155152903507705,1.16
2009-12-17,0.3916640429545286,1.09
2009-12-18,0.35978362687104604,1.03
2009-12-19,0.4853740018505446,1.06
2009-12-20,0.44409966817176677,1.04
2009-12-21,0.37891801589907803,1.0
2009-12-22,0.3590611684819996,0.956
2009-12-23,0.34427525823194416,0.941
2009-12-24,0.4933143027226661,0.93
2009-12-25,0.6879529604553265,0.95
2009-12-26,0.9811161267903987,1.25
2009-12-27,0.7160326274942249,1.46
2009-12-28,0.566383756959559,1.44
2009-12-29,1.310457102769393,1.67
2009-12-30,1.1374629773282694,2.07
2009-12-31,0.7804298565923264,1.84
2010-01-01,0.6732768500084824,1.7
2010-01-02,1.0890981458971605,1.77
2010-01-03,0.7189409791278693,1.55
2010-01-04,0.8278275070412175,1.46
2010-01-05,0.8265426497328487,1.45
2010-01-06,0.7005549384894058,1.33
2010-01-07,0.6398830762230182,1.23
2010-01-08,0.5786336253781397,1.16
2010-01-09,0.539362962064492,1.11
2010-01-10,0.8154214798361946,1.09
2010-01-11,0.6199182349312421,1.06
2010-01-12,0.5607718937535211,1.04
2010-01-13,0.681048836280215,1.01
2010-01-14,0.813835170243627,0.967
2010-01-15,0.7580544786635578,1.55
2010-01-16,0.6221117079440095,2.47
2010-01-17,0.5777309508389349,2.19
2010-01-18,0.5482583516496978,2.03
2010-01-19,0.6924840995203185,1.87
2010-01-20,0.6532463510444111,1.82
2010-01-21,0.6762878382297861,1.62
2010-01-22,0.5793856428294164,1.53
2010-01-23,0.5914486040055077,1.42
2010-01-24,0.9186770191943587,1.58
2010-01-25,0.6486044917423484,1.46
2010-01-26,0.6011574685114652,1.41
2010-01-27,0.643459388083052,1.43
2010-01-28,1.013240805938015,1.52
2010-01-29,0.7336197589694986,1.53
2010-01-30,0.7458445447780858,1.45
2010-01-31,0.9875678092623397,1.44
2010-02-01,1.0095392734838176,1.44
2010-02-02,0.9376637855243539,1.88
2010-02-03,0.9767299146228576,1.97
2010-02-04,0.7850442402260575,1.99
2010-02-05,0.7179619061324064,1.85
2010-02-06,0.6754702717596973,1.68
2010-02-07,0.6398378088311961,1.58
2010-02-08,0.6124263267499483,1.49
2010-02-09,0.5912101617142064,1.4
2010-02-10,0.5749977843321876,1.32
2010-02-11,0.5615942817238226,1.24
2010-02-12,0.5514758296499725,1.2
2010-02-13,0.5423831237899857,1.15
2010-02-14,0.6495207271359447,1.13
2010-02-15,0.821281780717929,1.2
2010-02-16,0.6371874692448725,1.12
2010-02-17,0.650466557816746,1.06
2010-02-18,0.6747970228317187,1.03
2010-02-19,0.8728386090587485,1.06
2010-02-20,0.7880273217795369,1.03
2010-02-21,0.7224687589668052,1.01
2010-02-22,0.6584066091306788,0.979
2010-02-23,0.7071829528856287,0.96
2010-02-24,0.6356877637852492,0.997
2010-02-25,0.6470062260609534,1.01
2010-02-26,0.6390308456764616,1.05
2010-02-27,0.6474947459294209,1.04
2010-02-28,0.6022279292765005,1.03
2010-03-01,0.5831113971093809,0.998
2010-03-02,0.569669252592552,0.976
2010-03-03,0.5583951954251279,0.961
2010-03-04,0.5497143249050382,0.929
2010-03-05,0.5418545158966882,0.904
2010-03-06,0.5364334734913876,0.889
2010-03-07,0.5300732395922724,0.871
2010-03-08,0.5252828738092862,0.857
2010-03-09,0.5209667460261711,0.845
2010-03-10,0.5172206049711168,0.828
2010-03-11,0.514634479142005,0.817
2010-03-12,0.5102716092055859,0.804
2010-03-13,0.5070261632200143,0.784
2010-03-14,0.5039466353299815,0.767
2010-03-15,0.5009727490245065,0.748
2010-03-16,0.49796370190153666,0.732
2010-03-17,0.49499486112002883,0.714
2010-03-18,0.4920988323769692,0.698
2010-03-19,0.6373514195014327,0.691
2010-03-20,0.49913697805060225,0.76
2010-03-21,0.4861917297502052,0.744
2010-03-22,0.48338588239497093,0.712
2010-03-23,0.47991686078130097,0.683
2010-03-24,0.4752132220937538,0.663
2010-03-25,0.57879395017163,0.682
2010-03-26,0.48388942220174797,0.653
2010-03-27,0.4695677529990758,0.619
2010-03-28,0.5045071063614331,0.606
2010-03-29,0.5291465433016034,0.643
2010-03-30,0.7434173636270965,0.739
2010-03-31,0.8697819614258196,0.998
2010-04-01,0.6130187931852757,0.868
2010-04-02,0.6514142577714153,0.911
2010-04-03,0.5903079390443943,0.926
2010-04-04,0.5463028372509848,0.902
2010-04-05,0.5206149159465746,0.878
2010-04-06,0.5773624394311628,0.866
2010-04-07,0.513180411695374,0.827
2010-04-08,0.49319546486074195,0.784
2010-04-09,0.47841310774961937,0.763
2010-04-10,0.4661001914617061,0.745
2010-04-11,0.45565568645592647,0.724
2010-04-12,0.44669120208687646,0.711
2010-04-13,0.4389010818501234,0.651
2010-04-14,0.4320428423616347,0.674
2010-04-15,0.4259237417915999,0.653
2010-04-16,0.4203855095572992,0.651
2010-04-17,0.415308716399726,0.64
2010-04-18,0.4105931270054397,0.657
2010-04-19,0.4061621356428178,0.634
2010-04-20,0.40195377721699516,0.607
2010-04-21,0.3979194099860755,0.61
2010-04-22,0.3940183688509035,0.584
2010-04-23,0.3902220382677625,0.568
2010-04-24,0.3865448229810354,0.565
2010-04-25,0.38285786035406394,0.549
2010-04-26,0.379242603069139,0.538
2010-04-27,0.3756687664458396,0.534
2010-04-28,0.37212171133560795,0.525
2010-04-29,0.4463128329737977,0.566
2010-04-30,0.41483381096328514,0.587
2010-05-01,0.395776807636403,0.55
2010-05-02,0.3616475300322859,0.523
2010-05-03,0.35617279089582515,0.506
2010-05-04,0.35234350211546905,0.503
2010-05-05,0.38856150205014967,0.516
2010-05-06,0.350758676268342,0.527
2010-05-07,0.342492111435921,0.497
2010-05-08,0.33852114779989,0.48
2010-05-09,0.3348832958275687,0.467
2010-05-10,0.3314578034203888,0.473
2010-05-11,0.3298021266164305,0.469
2010-05-12,0.3245378670474913,0.46
2010-05-13,0.32210609362422193,0.446
2010-05-14,0.32889628406687044,0.474
2010-05-15,0.3147592137335863,0.451
2010-05-16,0.3106176045819537,0.436
2010-05-17,0.3071002064081822,0.421
2010-05-18,0.30366570480947275,0.438
2010-05-19,0.3002332745400686,0.409
2010-05-20,0.2968406164077159,0.453
2010-05-21,0.29347330776676656,0.388
2010-05-22,0.29012916336357436,0.404
2010-05-23,0.28680713006270536,0.396
2010-05-24,0.2835065164230536,0.381
2010-05-25,0.2802268808696623,0.39
2010-05-26,0.2769679737749838,0.383
2010-05-27,0.2737296932634485,0.373
2010-05-28,0.3093455461124895,0.376
2010-05-29,0.26945998616384226,0.418
2010-05-30,0.2642612341026572,0.381
2010-05-31,0.3587318397122964,0.386
2010-06-01,0.27189000009394554,0.484
2010-06-02,0.25601074505826926,0.385
2010-06-03,0.2521607763314814,0.36
2010-06-04,0.24895832752515581,0.361
2010-06-05,0.2458427055410141,0.357
2010-06-06,0.24276503992708967,0.356
2010-06-07,0.2866240985658015,0.36
2010-06-08,0.2628505130836502,0.404
2010-06-09,0.23623024028222694,0.377
2010-06-10,0.23143026180826667,0.359
2010-06-11,0.22829397881737856,0.349
2010-06-12,0.22534063042356167,0.34
2010-06-13,0.27741391980866087,0.368
2010-06-14,0.22300541033342444,0.341
2010-06-15,0.21715011203891904,0.337
2010-06-16,0.21410151808273684,0.325
2010-06-17,0.2112574567534044,0.319
2010-06-18,0.20846550159231078,0.319
2010-06-19,0.205709047442909,0.315
2010-06-20,0.20298945263327464,0.314
2010-06-21,0.200303340799913,0.307
2010-06-22,0.1976490132727801,0.305
2010-06-23,0.19502516531677783,0.302
2010-06-24,0.19243075813506175,0.304
2010-06-25,0.18986495886146085,0.296
2010-06-26,0.18732709714163204,0.296
2010-06-27,0.18481663075357158,0.289
2010-06-28,0.22299899726262495,0.304
2010-06-29,0.18204861786559812,0.306
2010-06-30,0.17757735646844547,0.289
2010-07-01,0.18292384353136973,0.293
2010-07-02,0.17305307573961887,0.288
2010-07-03,0.1703289012523261,0.28
2010-07-04,0.16798240130811984,0.281
2010-07-05,0.16567904805002845,0.277
2010-07-06,0.16340178887664197,0.288
2010-07-07,0.16114961223685773,0.276
2010-07-08,0.1589223422055876,0.275
2010-07-09,0.15671984994558721,0.279
2010-07-10,0.15454201032071954,0.283
2010-07-11,0.15238869837770805,0.274
2010-07-12,0.15025978827513053,0.278
2010-07-13,0.21350673294848227,0.307
2010-07-14,0.14954073280023272,0.282
2010-07-15,0.14421958026281842,0.265
2010-07-16,0.14199641866763904,0.256
2010-07-17,0.13997732821947112,0.259
2010-07-18,0.1379914977234398,0.259
2010-07-19,0.1361326148557689,0.268
2010-07-20,0.295396999556801,0.597
2010-07-21,0.32416966128266317,0.36
2010-07-22,0.3197750967497923,0.368
2010-07-23,0.3106987036037569,0.315
2010-07-24,0.15137211345907675,0.294
2010-07-25,0.2906215211619712,0.302
2010-07-26,0.16468293691125455,0.385
2010-07-27,0.13693986841223987,0.335
2010-07-28,0.13162640999018532,0.301
2010-07-29,0.12673941151324172,0.288
2010-07-30,0.28132332846060115,0.392
2010-07-31,0.1362943126111902,0.328
2010-08-01,0.1242686724700086,0.306
2010-08-02,0.12014140587202035,0.29
2010-08-03,0.29551437371485456,0.359
2010-08-04,0.16918313251954234,0.404
2010-08-05,0.12078973769081386,0.326
2010-08-06,0.1175935269142235,0.315
2010-08-07,0.11209365258341063,0.313
2010-08-08,0.10922600762257925,0.3
2010-08-09,0.108153279183236,0.296
2010-08-10,0.10469053118754704,0.291
2010-08-11,0.10665700920860369,0.276
2010-08-12,0.10211596766730317,0.295
2010-08-13,0.14152154586591703,0.292
2010-08-14,0.10212733110578222,0.309
2010-08-15,0.09789628392415281,0.285
2010-08-16,0.13088417762126622,0.287
2010-08-17,0.0983959363448257,0.326
2010-08-18,0.0944000882863134,0.288
2010-08-19,0.24001197644547215,0.314
2010-08-20,0.1205765056568563,0.374
2010-08-21,0.09584704186865038,0.31
2010-08-22,0.09228299313020122,0.291
2010-08-23,0.1246653072035143,0.313
2010-08-24,0.10869081000983434,0.306
2010-08-25,0.08906946942337932,0.302
2010-08-26,0.08606548640519818,0.292
2010-08-27,0.08421382833199083,0.283
2010-08-28,0.08284235303475992,0.278
2010-08-29,0.08131707137074975,0.288
2010-08-30,0.07963453371989325,0.272
2010-08-31,0.07829325106629526,0.318
2010-09-01,0.0770340535598978,0.282
2010-09-02,0.07583424976252123,0.264
2010-09-03,0.07468447805523246,0.256
2010-09-04,0.07358701527903286,0.259
2010-09-05,0.07250101186179167,0.255
2010-09-06,0.14993916711528546,0.267
2010-09-07,0.12481690492854979,0.272
2010-09-08,0.07401039803735056,0.247
2010-09-09,0.08096067887939655,0.254
2010-09-10,0.15130177755022828,0.275
2010-09-11,0.14287174128185512,0.316
2010-09-12,0.07325560353925885,0.3
2010-09-13,0.13508820289187795,0.281
2010-09-14,0.07212390539050606,0.306
2010-09-15,0.13673300071442734,0.3
2010-09-16,0.16270222532339912,0.327
2010-09-17,0.07279363058584973,0.329
2010-09-18,0.24350690450833878,0.411
2010-09-19,0.08144073291154248,0.434
2010-09-20,0.06872104207744605,0.399
2010-09-21,0.06567672036069418,0.38
2010-09-22,0.22092512439771358,0.463
2010-09-23,0.2671102617251,0.657
2010-09-24,0.0877517605283233,0.653
2010-09-25,0.07331546990231798,0.62
2010-09-26,0.06898466834799712,0.572
2010-09-27,0.06573794997867463,0.53
2010-09-28,0.12783318428349208,0.493
2010-09-29,0.06720455828044844,0.51
2010-09-30,0.0640754360529678,0.467
2010-10-01,0.05960351014153761,0.445
2010-10-02,0.2319483604363634,0.434
2010-10-03,0.20783921765995833,0.956
2010-10-04,0.07403519030698213,0.764
2010-10-05,0.25351392516415416,0.823
2010-10-06,0.08792387674250048,0.832
2010-10-07,0.07242738093749874,0.739
2010-10-08,0.06714820730683278,0.706
2010-10-09,0.06331850027901018,0.649
2010-10-10,0.06036567496509866,0.606
2010-10-11,0.057705182283362286,0.563
2010-10-12,0.05551401722531747,0.535
2010-10-13,0.053725771393841965,0.512
2010-10-14,0.05221368749846726,0.493
2010-10-15,0.13634956173095378,0.52
2010-10-16,0.05668436644366252,0.483
2010-10-17,0.05094497867599937,0.453
2010-10-18,0.17492789405277548,0.487
2010-10-19,0.2874888600883809,0.937
2010-10-20,0.14070334657055977,0.774
2010-10-21,0.07605421952551421,0.755
2010-10-22,0.36989962269647014,0.755
2010-10-23,0.2966827451023756,1.15
2010-10-24,0.14651395287294328,0.923
2010-10-25,0.2738391454858739,0.889
2010-10-26,0.1820525620072275,0.965
2010-10-27,0.1909626520709105,0.854
2010-10-28,0.13570229300576025,0.821
2010-10-29,0.11979029021748823,0.795
2010-10-30,0.10447622167759454,0.75
2010-10-31,0.10033693980550881,0.71
2010-11-01,0.08877613858881314,0.674
2010-11-02,0.30836629893608963,0.771
2010-11-03,0.21644953448456994,0.724
2010-11-04,0.21961219351688652,0.734
2010-11-05,0.19817221011143196,0.737
2010-11-06,0.3562224805579222,0.861
2010-11-07,0.3283942187123745,0.936
2010-11-08,0.2526380076910433,1.03
2010-11-09,0.18176193033127136,0.951
2010-11-10,0.20209861829342116,0.898
2010-11-11,0.18060430774962596,0.884
2010-11-12,0.16226263675152344,0.811
2010-11-13,0.19922634616439694,0.804
2010-11-14,0.2701017562073137,0.816
2010-11-15,0.25276149888857796,0.804
2010-11-16,0.21326149023644614,0.767
2010-11-17,0.22976730946429205,0.79
2010-11-18,0.16610812114096132,0.773
2010-11-19,0.1474211810385722,0.751
2010-11-20,0.18538747024693428,0.745
2010-11-21,0.14417340149900826,0.75
2010-11-22,0.129751798769813,0.726
2010-11-23,0.11910884561212211,0.7
2010-11-24,0.11344204169277894,0.683
2010-11-25,0.10961443877851855,0.66
2010-11-26,0.19740192923351796,0.665
2010-11-27,0.12265524001786109,0.632
2010-11-28,0.11305808997806861,0.61
2010-11-29,0.16669561827282972,0.595
2010-11-30,0.13328156792771798,0.592
2010-12-01,0.12116061482105801,0.581
2010-12-02,0.1138811518040309,0.565
2010-12-03,0.11085018810159203,0.561
2010-12-04,0.24590664639083504,0.62
2010-12-05,0.16834750785234023,0.582
2010-12-06,0.13635759388141225,0.547
2010-12-07,0.12663789007628015,0.528
2010-12-08,0.12298246953074236,0.506
2010-12-09,0.12871693386383198,0.558
2010-12-10,0.11942901229070828,0.634
2010-12-11,0.11347780205639298,0.614
2010-12-12,0.11077727859526192,0.6
2010-12-13,0.10850452970413146,0.594
2010-12-14,0.1072156186823428,0.585
2010-12-15,0.10826879620700268,0.588
2010-12-16,0.2099911015150139,0.662
2010-12-17,0.1637267094267827,0.62
2010-12-18,0.170683909124024,0.595
2010-12-19,0.1319658701382394,0.564
2010-12-20,0.12435857544670316,0.553
2010-12-21,0.15245179706991616,0.558
2010-12-22,0.1264474674588488,0.548
2010-12-23,0.11998960262441545,0.535
2010-12-24,0.11619968158964267,0.516
2010-12-25,0.11324827436008393,0.505
2010-12-26,0.16371581407621213,0.511
2010-12-27,0.5273921156750976,0.978
2010-12-28,0.3328378133017191,1.11
2010-12-29,0.20411728953640143,1.01
2010-12-30,0.17957590304707655,0.952
2010-12-31,0.1882284208245107,0.895
2011-01-01,0.3430019126919973,0.927
2011-01-02,0.20882831407124905,0.852
2011-01-03,0.18438698994260966,0.81
2011-01-04,0.5560599349293269,0.835
2011-01-05,0.304293561177312,0.953
2011-01-06,0.2616011841736973,0.86
2011-01-07,0.6530876719809229,0.948
2011-01-08,0.34053219384447425,1.01
2011-01-09,0.2948710777806066,0.97
2011-01-10,0.3894012787120407,1.03
2011-01-11,0.5306876007170555,1.01
2011-01-12,0.48227706928093944,1.1
2011-01-13,0.3376672532602223,1.07
2011-01-14,0.3115245808880722,1.07
2011-01-15,0.3534165011437345,1.06
2011-01-16,0.341473567013482,1.03
2011-01-17,0.27237752029431445,0.969
2011-01-18,0.24425316502772165,0.922
2011-01-19,0.2268806737304086,0.892
2011-01-20,0.21123372756895664,0.865
2011-01-21,0.2004154897065727,0.841
2011-01-22,0.19026911673119887,0.817
2011-01-23,0.18312073497128034,0.797
2011-01-24,0.22192376876925315,0.783
2011-01-25,0.40829716265527427,0.86
2011-01-26,0.25189391785372145,0.789
2011-01-27,0.22617770610323554,0.743
2011-01-28,0.2129163398813249,0.722
2011-01-29,0.20303042179977962,0.705
2011-01-30,0.19510934053617596,0.696
2011-01-31,0.20029681743412395,0.697
2011-02-01,0.18746951000165363,0.697
2011-02-02,0.18848490872361465,0.683
2011-02-03,0.3594465245507737,0.703
2011-02-04,0.49530282318599816,0.692
2011-02-05,0.823825214787016,0.944
2011-02-06,0.4544408377065023,0.894
2011-02-07,0.3742647860889634,0.878
2011-02-08,0.33682361541048683,0.868
2011-02-09,0.7126124465132097,0.933
2011-02-10,0.4228224581307763,0.985
2011-02-11,0.446389082504515,0.928
2011-02-12,0.3594252688873767,0.918
2011-02-13,0.5737699635268306,0.998
2011-02-14,0.3818889884178705,0.951
2011-02-15,0.3508289643085772,0.945
2011-02-16,0.31983732304550905,0.915
2011-02-17,0.29485126411336693,0.881
2011-02-18,0.38072014046189095,0.876
2011-02-19,0.2982323400120169,0.856
2011-02-20,0.2803379797313462,0.817
2011-02-21,0.26779778138139987,0.792
2011-02-22,0.2937558578078356,0.772
2011-02-23,0.26186607700631837,0.756
2011-02-24,0.25274742068296246,0.726
2011-02-25,0.6449077739679837,0.802
2011-02-26,0.3977667915862579,0.87
2011-02-27,0.3284608761086169,0.791
2011-02-28,0.3054473052036759,0.768
2011-03-01,0.2876861070679504,0.775
2011-03-02,0.2766254240685319,0.762
2011-03-03,0.26522820744260933,0.752
2011-03-04,0.2572278250865552,0.74
2011-03-05,0.25406228128077535,0.729
2011-03-06,0.2466495032054726,0.709
2011-03-07,0.2436781524814347,0.696
2011-03-08,0.267274700984452,0.69
2011-03-09,0.24730692755368477,0.677
2011-03-10,0.28648068633636226,0.662
2011-03-11,0.2535060350505418,0.643
2011-03-12,0.32528431482679393,0.645
2011-03-13,0.2645334700734707,0.635
2011-03-14,0.2537139647692692,0.603
2011-03-15,0.24866531372544332,0.592
2011-03-16,0.24394707213807318,0.582
2011-03-17,0.2406259394075949,0.566
2011-03-18,0.23746387272231725,0.548
2011-03-19,0.23568489550040086,0.545
2011-03-20,0.2329244364081057,0.543
2011-03-21,0.23104709771390405,0.529
2011-03-22,0.22941800411184338,0.516
2011-03-23,0.2279451226929346,0.508
2011-03-24,0.2265851934108457,0.507
2011-03-25,0.22530666558130802,0.503
2011-03-26,0.22407500061603766,0.498
2011-03-27,0.22292095578745016,0.493
2011-03-28,0.2217101156183906,0.484
2011-03-29,0.22054042977370159,0.483
2011-03-30,0.23467405132285982,0.483
2011-03-31,0.2196932128270028,0.464
2011-04-01,0.2676990440913931,0.472
2011-04-02,0.22455292375385127,0.491
2011-04-03,0.21681810397336554,0.482
2011-04-04,0.21456861783485456,0.463
2011-04-05,0.2131632080333143,0.455
2011-04-06,0.21158648629783844,0.444
2011-04-07,0.21005185451059138,0.44
2011-04-08,0.20849614722994808,0.424
2011-04-09,0.20701045589300304,0.427
2011-04-10,0.2055232647185782,0.427
2011-04-11,0.22611186122597857,0.44
2011-04-12,0.2042526105005079,0.426
2011-04-13,0.2014410839295324,0.427
2011-04-14,0.19977229189444975,0.421
2011-04-15,0.19817117362587877,0.415
2011-04-16,0.1965734903179289,0.411
2011-04-17,0.19497195616477345,0.409
2011-04-18,0.1933648546722642,0.406
2011-04-19,0.19175122046494217,0.396
2011-04-20,0.19013052594896787,0.393
2011-04-21,0.18850255536625804,0.392
2011-04-22,0.18686733324044658,0.394
2011-04-23,0.1852250689900446,0.36
2011-04-24,0.1835761129240886,0.354
2011-04-25,0.18192092124908452,0.349
2011-04-26,0.18026002827436888,0.348
2011-04-27,0.1785940243706389,0.343
2011-04-28,0.176923538525876,0.34
2011-04-29,0.17524922457418773,0.339
2011-04-30,0.17357175035811284,0.325
2011-05-01,0.17189178923294646,0.326
2011-05-02,0.17021001344005,0.325
2011-05-03,0.16852708897083168,0.324
2011-05-04,0.16684367161886068,0.324
2011-05-05,0.16516040397819426,0.325
2011-05-06,0.1634779131944884,0.326
2011-05-07,0.19439789577081537,0.334
2011-05-08,0.16189313497291605,0.325
2011-05-09,0.16043235639592143,0.322
2011-05-10,0.1568581631413921,0.317
2011-05-11,0.15510194443539982,0.312
2011-05-12,0.15343231891887552,0.309
2011-05-13,0.18726397588496468,0.321
2011-05-14,0.15217284802361228,0.32
2011-05-15,0.14957752997976537,0.325
2011-05-16,0.14805258923882528,0.32
2011-05-17,0.14523784243740148,0.317
2011-05-18,0.14355397079267235,0.305
2011-05-19,0.1419277105301975,0.296
2011-05-20,0.14031696400398985,0.303
2011-05-21,0.13870303107523085,0.301
2011-05-22,0.13710269061240557,0.292
2011-05-23,0.13551106297648927,0.287
2011-05-24,0.13392828958379224,0.28
2011-05-25,0.13235464784845713,0.278
2011-05-26,0.1329529291882278,0.3
2011-05-27,0.12933819399377902,0.28
2011-05-28,0.12769562174812513,0.277
2011-05-29,0.12615673222733212,0.274
2011-05-30,0.17565469189529992,0.317
2011-05-31,0.12609075460799216,0.283
2011-06-01,0.12179052134310363,0.27
2011-06-02,0.12013387869773316,0.27
2011-06-03,0.11864303440522629,0.261
2011-06-04,0.11717261433733364,0.259
2011-06-05,0.11571410772866389,0.263
2011-06-06,0.11426712742357845,0.247
2011-06-07,0.11283176547339988,0.248
2011-06-08,0.11140813406182129,0.246
2011-06-09,0.1099963379782175,0.244
2011-06-10,0.14350475244520547,0.424
2011-06-11,0.11060873647166995,0.283
2011-06-12,0.19121793406435547,0.292
2011-06-13,0.1088908584266275,0.265
2011-06-14,0.10336573747475784,0.261
2011-06-15,0.10179203211911811,0.249
2011-06-16,0.10045289934592515,0.245
2011-06-17,0.14390890996416197,0.259
2011-06-18,0.10038657190145057,0.252
2011-06-19,0.09669370565023432,0.247
2011-06-20,0.11267234637971156,0.249
2011-06-21,0.16011622330728487,0.27
2011-06-22,0.17282484447794855,0.291
2011-06-23,0.0970949875138148,0.284
2011-06-24,0.18741163119228077,0.29
2011-06-25,0.09688923537206198,0.281
2011-06-26,0.09036084859425857,0.255
2011-06-27,0.08858325433680558,0.246
2011-06-28,0.08698050508725341,0.23
2011-06-29,0.09155629643000206,0.237
2011-06-30,0.0847749690773453,0.232
2011-07-01,0.08317790158747736,0.228
2011-07-02,0.08186617015342605,0.226
2011-07-03,0.08061761963129017,0.225
2011-07-04,0.07941129626495713,0.216
2011-07-05,0.0936934461782119,0.226
2011-07-06,0.11549762571317093,0.224
2011-07-07,0.07854119971842408,0.225
2011-07-08,0.10204843253724934,0.236
2011-07-09,0.07611943326805268,0.222
2011-07-10,0.16449124595404882,0.257
2011-07-11,0.0784359671405167,0.222
2011-07-12,0.07223801080117431,0.221
2011-07-13,0.07069286142768828,0.214
2011-07-14,0.06952069311537924,0.209
2011-07-15,0.06879584779252917,0.208
2011-07-16,0.07200448669923779,0.217
2011-07-17,0.24086461567283887,0.575
2011-07-18,0.2437896684914347,0.476
2011-07-19,0.20099547693781952,0.331
2011-07-20,0.08367474937303206,0.286
2011-07-21,0.06844853788060261,0.282
2011-07-22,0.10578788772418166,0.289
2011-07-23,0.06830375288305895,0.285
2011-07-24,0.06455035216070015,0.256
2011-07-25,0.0629519782522019,0.245
2011-07-26,0.0612900309079872,0.241
2011-07-27,0.05994171955201988,0.228
2011-07-28,0.058910052897871844,0.235
2011-07-29,0.05762572398061471,0.235
2011-07-30,0.05656074276663759,0.23
2011-07-31,0.05561853850782771,0.228
2011-08-01,0.08234041263530095,0.24
2011-08-02,0.05745072327966904,0.244
2011-08-03,0.05573531085287942,0.224
2011-08-04,0.0534978620653758,0.223
2011-08-05,0.05236703396927731,0.218
2011-08-06,0.06201640993090907,0.218
2011-08-07,0.10276897253004622,0.241
2011-08-08,0.055348689322538704,0.23
2011-08-09,0.051200625234513866,0.224
2011-08-10,0.16714315357584245,0.236
2011-08-11,0.05823122610606807,0.243
2011-08-12,0.0508637506842015,0.237
2011-08-13,0.048801086426230766,0.224
2011-08-14,0.047643190337271546,0.215
2011-08-15,0.04917501977410919,0.215
2011-08-16,0.04671327116790531,0.229
2011-08-17,0.04511218880686483,0.215
2011-08-18,0.04439424358674702,0.212
2011-08-19,0.04342752271526856,0.208
2011-08-20,0.04271517075459879,0.204
2011-08-21,0.042020517827337615,0.202
2011-08-22,0.04127070497302285,0.202
2011-08-23,0.04062276928371312,0.21
2011-08-24,0.040247029772883434,0.202
2011-08-25,0.04979367305129068,0.214
2011-08-26,0.12205981574892807,0.22
2011-08-27,0.14045828202580987,0.274
2011-08-28,0.07685864597563219,0.274
2011-08-29,0.043014788126244125,0.238
2011-08-30,0.039743272907046094,0.243
2011-08-31,0.03840907164913595,0.21
2011-09-01,0.03747915212471044,0.2
2011-09-02,0.03669292700112616,0.197
2011-09-03,0.06077631057006297,0.208
2011-09-04,0.05085013941137258,0.202
2011-09-05,0.0423369281674328,0.207
2011-09-06,0.035992046384136826,0.207
2011-09-07,0.03754888273743148,0.198
2011-09-08,0.03420700965746067,0.198
2011-09-09,0.03335286185835757,0.192
2011-09-10,0.032770299474031,0.193
2011-09-11,0.03222275714889586,0.188
2011-09-12,0.0315342886172889,0.184
2011-09-13,0.03105563630342353,0.18
2011-09-14,0.030544258477608804,0.181
2011-09-15,0.03001753497387441,0.179
2011-09-16,0.1107078010483857,0.199
2011-09-17,0.15750782718314843,0.225
2011-09-18,0.03797416166787383,0.232
2011-09-19,0.09339761832669011,0.212
2011-09-20,0.034520953130382115,0.254
2011-09-21,0.030487167467969315,0.218
2011-09-22,0.02923591136678326,0.208
2011-09-23,0.028456105807178517,0.202
2011-09-24,0.027835209266310626,0.201
2011-09-25,0.04417221445198883,0.202
2011-09-26,0.02827901953696997,0.202
2011-09-27,0.02680728376095807,0.19
2011-09-28,0.02617788366338556,0.187
2011-09-29,0.02564647525341608,0.186
2011-09-30,0.02516189975976789,0.184
2011-10-01,0.024774217244130793,0.183
2011-10-02,0.02439103739354926,0.187
2011-10-03,0.02390660539150556,0.182
2011-10-04,0.023526052352389762,0.18
2011-10-05,0.023302353277137366,0.179
2011-10-06,0.13036444792973031,0.202
2011-10-07,0.03994595774768682,0.2
2011-10-08,0.054511534929878785,0.203
2011-10-09,0.025412893359369037,0.202
2011-10-10,0.023372451731354087,0.189
2011-10-11,0.02399660165353331,0.185
2011-10-12,0.0226973377282368,0.202
2011-10-13,0.0216921938041058,0.194
2011-10-14,0.021208401536663257,0.188
2011-10-15,0.020794681722951278,0.184
2011-10-16,0.03639259360714801,0.186
2011-10-17,0.0810737952446717,0.215
2011-10-18,0.07679268923891341,0.203
2011-10-19,0.12736786169793832,0.258
2011-10-20,0.02863053601200481,0.257
2011-10-21,0.02212103128037627,0.239
2011-10-22,0.02106461782071621,0.236
2011-10-23,0.020252951517745626,0.236
2011-10-24,0.027108980672197275,0.234
2011-10-25,0.05608922502254476,0.241
2011-10-26,0.021972685113399837,0.233
2011-10-27,0.019591079544388972,0.226
2011-10-28,0.018753894310092604,0.219
2011-10-29,0.06624235913967359,0.246
2011-10-30,0.021403635434863795,0.235
2011-10-31,0.1054550343130828,0.258
2011-11-01,0.024377043810887428,0.266
2011-11-02,0.0203726477683203,0.249
2011-11-03,0.02572828619083067,0.268
2011-11-04,0.04185661093775808,0.275
2011-11-05,0.01928651092864723,0.266
2011-11-06,0.01758868911405197,0.261
2011-11-07,0.01807307555831596,0.266
2011-11-08,0.016801616119771413,0.271
2011-11-09,0.016483927524768387,0.262
2011-11-10,0.01592896640676572,0.255
2011-11-11,0.05195533052658075,0.265
2011-11-12,0.01794015428161427,0.261
2011-11-13,0.0157486104823527,0.251
2011-11-14,0.015289561138277945,0.242
2011-11-15,0.014936457231832895,0.243
2011-11-16,0.014759822893870789,0.243
2011-11-17,0.014389879009622356,0.24
2011-11-18,0.014157848357506251,0.238
2011-11-19,0.013920662461198335,0.235
2011-11-20,0.029182224913131275,0.233
2011-11-21,0.0231476123732612,0.24
2011-11-22,0.014411298308601873,0.23
2011-11-23,0.013641138752138262,0.223
2011-11-24,0.11019375512948891,0.237
2011-11-25,0.01978961950025066,0.252
2011-11-26,0.032888501552051655,0.238
2011-11-27,0.0151425979178223,0.231
2011-11-28,0.013801503329175336,0.227
2011-11-29,0.109604420076793,0.258
2011-11-30,0.054779480775904485,0.252
2011-12-01,0.01734369410611773,0.25
2011-12-02,0.05053455611382452,0.248
2011-12-03,0.01689732347440452,0.252
2011-12-04,0.05113410857776469,0.259
2011-12-05,0.03663815678610824,0.25
2011-12-06,0.09189309641631258,0.266
2011-12-07,0.020873693727023267,0.285
2011-12-08,0.11556471039592743,0.324
2011-12-09,0.06536402305060457,0.305
2011-12-10,0.07079935509571435,0.314
2011-12-11,0.1935782503743234,0.551
2011-12-12,0.2011698483783956,0.617
2011-12-13,0.044152871288698804,0.671
2011-12-14,0.14097077914526024,0.667
2011-12-15,0.09730489619585017,0.794
2011-12-16,0.2621801260162521,0.939
2011-12-17,0.3490224871646655,1.43
2011-12-18,0.2949583424827554,1.57
2011-12-19,0.28750862033284874,1.93
2011-12-20,0.21820484887946215,1.85
2011-12-21,0.12930327875594555,1.61
2011-12-22,0.274096411187249,1.32
2011-12-23,0.47716042092845784,2.0
2011-12-24,0.2644625606386235,1.76
2011-12-25,0.17229762886723118,1.56
2011-12-26,0.14177585615841226,1.34
2011-12-27,0.15863566156949022,1.2
2011-12-28,0.1579153376852875,1.1
2011-12-29,0.19913202373496877,1.03
2011-12-30,0.2828540823903305,1.09
2011-12-31,0.22241558225603916,0.988
2012-01-01,0.17596806016801922,0.964
2012-01-02,0.4428091015965185,0.965
2012-01-03,0.206923296456795,1.08
2012-01-04,0.36893426482767805,1.04
2012-01-05,0.31319782713456934,1.07
2012-01-06,0.2032457791144319,1.02
2012-01-07,0.17117836462885583,0.983
2012-01-08,0.17128809254103042,0.967
2012-01-09,0.14795825213460903,0.927
2012-01-10,0.14533002827404054,0.89
2012-01-11,0.12051682978575627,0.866
2012-01-12,0.10984352032920938,0.82
2012-01-13,0.10298046559816265,0.782
2012-01-14,0.09744344583543373,0.758
2012-01-15,0.09264065875331588,0.729
2012-01-16,0.0899554534723071,0.701
2012-01-17,0.08876053840931311,0.659
2012-01-18,0.11200821049779743,0.685
2012-01-19,0.20342062149097298,0.694
2012-01-20,0.22768501661013477,0.779
2012-01-21,0.1385609042394539,0.723
2012-01-22,0.11956789691535402,0.687
2012-01-23,0.26460009525479994,0.689
2012-01-24,0.15462337696162604,0.761
2012-01-25,0.19691694532662773,0.76
2012-01-26,0.17394188643275554,0.725
2012-01-27,0.3249368701240425,0.815
2012-01-28,0.1832366163881671,0.775
2012-01-29,0.16142826959275766,0.787
2012-01-30,0.1474186948256603,0.784
2012-01-31,0.1377156524038999,0.773
2012-02-01,0.12987139828529523,0.746
2012-02-02,0.12464996876531957,0.723
2012-02-03,0.11935242752943159,0.702
2012-02-04,0.2545098428270021,0.76
2012-02-05,0.14506946423835806,0.739
2012-02-06,0.15516592837182822,0.707
2012-02-07,0.13476295050055692,0.684
2012-02-08,0.12799031210076398,0.648
2012-02-09,0.29762869328209446,0.717
2012-02-10,0.16116736809964344,0.697
2012-02-11,0.14487907709482165,0.66
2012-02-12,0.13976128612937141,0.642
2012-02-13,0.13310086625327067,0.665
2012-02-14,0.12756040295220622,0.66
2012-02-15,0.12445214897508385,0.638
2012-02-16,0.22685417018877754,0.691
2012-02-17,0.17696781028761574,0.718
2012-02-18,0.3158566648750195,0.745
2012-02-19,0.2750744255829924,0.769
2012-02-20,0.19348452423244064,0.76
2012-02-21,0.17497234927644767,0.772
2012-02-22,0.16423784683930412,0.781
2012-02-23,0.15333757144112573,0.763
2012-02-24,0.1893920346369619,0.772
2012-02-25,0.15254689464377622,0.736
2012-02-26,0.14753923089697724,0.719
2012-02-27,0.13924718686227003,0.703
2012-02-28,0.13485573665562317,0.682
2012-02-29,0.13154610712881235,0.663
2012-03-01,0.12892089496481982,0.644
2012-03-02,0.12718489823037202,0.633
2012-03-03,0.2333856969760416,0.653
2012-03-04,0.13691654416379417,0.684
2012-03-05,0.12617856752179238,0.617
2012-03-06,0.16367247693313614,0.614
2012-03-07,0.13289163903330684,0.605
2012-03-08,0.12843533795018708,0.573
2012-03-09,0.12621698881633092,0.565
2012-03-10,0.12446136446041733,0.556
2012-03-11,0.12300249202962298,0.55
2012-03-12,0.12183517669599639,0.543
2012-03-13,0.12071279391476916,0.537
2012-03-14,0.11976231924819677,0.533
2012-03-15,0.11892379073636222,0.526
2012-03-16,0.12634012451321724,0.527
2012-03-17,0.16824862366328383,0.539
2012-03-18,0.12115994877837288,0.539
2012-03-19,0.11758873462927522,0.503
2012-03-20,0.11656281901306442,0.491
2012-03-21,0.11573686406412965,0.482
2012-03-22,0.11495989612880313,0.477
2012-03-23,0.11421322802535848,0.47
2012-03-24,0.1134860702772943,0.463
2012-03-25,0.11279865321293044,0.453
2012-03-26,0.11206409383238736,0.447
2012-03-27,0.11135410887419502,0.439
2012-03-28,0.11064446464878047,0.435
2012-03-29,0.10993045532118223,0.434
2012-03-30,0.10921019062141593,0.434
2012-03-31,0.10848218476673331,0.434
2012-04-01,0.11480772859317691,0.42
2012-04-02,0.10770122911620054,0.445
2012-04-03,0.2661755585612564,0.485
2012-04-04,0.17591798815783405,0.526
2012-04-05,0.11024615110116083,0.457
2012-04-06,0.12311956271775001,0.448
2012-04-07,0.16385793789472122,0.49
2012-04-08,0.22098092455849008,0.547
2012-04-09,0.1570141740248348,0.746
2012-04-10,0.11098939977503543,0.613
2012-04-11,0.1057851788468937,0.591
2012-04-12,0.10392088385815856,0.564
2012-04-13,0.1021660188001237,0.555
2012-04-14,0.10071609551582544,0.537
2012-04-15,0.09923865722020697,0.516
2012-04-16,0.12847334359885698,0.51
2012-04-17,0.10209915582841088,0.541
2012-04-18,0.1984070739663998,0.573
2012-04-19,0.10331661539178061,0.544
2012-04-20,0.10031874477260987,0.508
2012-04-21,0.09576308792329015,0.503
2012-04-22,0.09390290237988509,0.485
2012-04-23,0.13251946115556987,0.501
2012-04-24,0.11655428635377868,0.485
2012-04-25,0.26500136575968336,0.97
2012-04-26,0.572706787330181,1.25
2012-04-27,0.35428929079826516,1.56
2012-04-28,0.23676702211772555,1.44
2012-04-29,1.2854134381408089,3.76
2012-04-30,0.7947363459048081,2.98
2012-05-01,0.6562665070930662,2.35
2012-05-02,0.4100875033096539,1.93
2012-05-03,0.3420886557559321,1.7
2012-05-04,0.2962741126374396,1.52
2012-05-05,0.26040261113182145,1.38
2012-05-06,0.23372042430586762,1.27
2012-05-07,0.3708478310542794,1.23
2012-05-08,0.24546416385554914,1.15
2012-05-09,0.6170107930240728,1.27
2012-05-10,0.3632344570998788,1.18
2012-05-11,0.28674974312768126,1.06
2012-05-12,0.23984219863574388,0.978
2012-05-13,0.23884294723490745,0.968
2012-05-14,0.36832946468363414,0.969
2012-05-15,0.2697018002838688,0.969
2012-05-16,0.23790630634200238,0.921
2012-05-17,0.2059193868544898,0.898
2012-05-18,0.28464026132594644,0.882
2012-05-19,0.20850938846603392,0.881
2012-05-20,0.19350331316852337,0.847
2012-05-21,0.1841687155234535,0.822
2012-05-22,0.17704541228311638,0.789
2012-05-23,0.1715406111659223,0.757
2012-05-24,0.16728584685442513,0.73
2012-05-25,0.1640297406752189,0.701
2012-05-26,0.16154983684816082,0.673
2012-05-27,0.15967359077170407,0.658
2012-05-28,0.15826418734415468,0.649
2012-05-29,0.15721148773569849,0.633
2012-05-30,0.15657961843347554,0.621
2012-05-31,0.15604227677379337,0.635
2012-06-01,0.15542903461950505,0.613
2012-06-02,0.3182223627360928,0.627
2012-06-03,0.30576086138319625,0.835
2012-06-04,0.17112337920746032,0.719
2012-06-05,0.15944555201244173,0.649
2012-06-06,0.220942182259122,0.66
2012-06-07,0.18340194055079181,0.694
2012-06-08,0.3333450845031014,0.889
2012-06-09,0.21328925425840647,0.94
2012-06-10,0.1632361801115863,0.82
2012-06-11,0.15931773814048455,0.784
2012-06-12,0.15845714793632426,0.745
2012-06-13,0.26601126473478165,0.865
2012-06-14,0.3047688082742364,0.847
2012-06-15,0.20374452970918258,0.873
2012-06-16,0.20446390327752825,0.84
2012-06-17,0.17732378689772715,0.809
2012-06-18,0.17250766606513904,0.791
2012-06-19,0.16679148977437327,0.76
2012-06-20,0.1757397060007183,0.735
2012-06-21,0.3486186995047844,0.819
2012-06-22,0.23882200825586272,0.828
2012-06-23,0.415522910573648,0.818
2012-06-24,0.23614886678435293,0.847
2012-06-25,0.21157855630133243,0.783
2012-06-26,0.20696112856322949,0.795
2012-06-27,0.19405425148023073,0.778
2012-06-28,0.20826757809125848,0.788
2012-06-29,0.1821845089540218,0.732
2012-06-30,0.18019972575658033,0.707
2012-07-01,0.1717623229124008,0.683
2012-07-02,0.24669512447252234,0.803
2012-07-03,0.1743596690155861,0.715
2012-07-04,0.4043229367984069,1.28
2012-07-05,0.5761463386810742,1.22
2012-07-06,1.3699135042817348,3.06
2012-07-07,0.8431890987995629,2.64
2012-07-08,0.6894736318571544,2.06
2012-07-09,0.485176327580465,1.75
2012-07-10,0.7996724740358365,1.63
2012-07-11,0.5058687899933759,1.48
2012-07-12,0.4879510269220795,1.3
2012-07-13,0.9622095742511879,1.61
2012-07-14,0.5673360343082953,1.45
2012-07-15,0.4729011595410505,1.36
2012-07-16,0.7554139252385609,1.51
2012-07-17,0.49385272500021055,1.32
2012-07-18,0.6776762678016925,1.33
2012-07-19,0.6551010439539946,1.56
2012-07-20,0.4756605638766373,1.43
2012-07-21,0.4198621070675754,1.38
2012-07-22,0.38084284542242325,1.27
2012-07-23,0.3503695996659047,1.19
2012-07-24,0.32651168105251055,1.11
2012-07-25,0.30803623988093537,1.07
2012-07-26,0.293421483902995,1.01
2012-07-27,0.28220342571254897,0.952
2012-07-28,0.2737920111062188,0.91
2012-07-29,0.2671241561860597,0.864
2012-07-30,0.26223929126986917,0.823
2012-07-31,0.2584739757475122,0.822
2012-08-01,0.25555169154725693,0.783
2012-08-02,0.25347716122496977,0.748
2012-08-03,0.2519973534038321,0.721
2012-08-04,0.27145739606138214,0.761
2012-08-05,0.30033744051975486,0.826
2012-08-06,0.2532793915228795,0.73
2012-08-07,0.25026551950055514,0.688
2012-08-08,0.24974378318629478,0.661
2012-08-09,0.24945951410455647,0.64
2012-08-10,0.24923961756655116,0.628
2012-08-11,0.24909454666589328,0.614
2012-08-12,0.24898559267057943,0.619
2012-08-13,0.32652091739265254,0.636
2012-08-14,0.25310032208744265,0.562
2012-08-15,0.4201092797821851,0.917
2012-08-16,0.34472412737785263,0.657
2012-08-17,0.30330231093758836,0.667
2012-08-18,0.2548993767882536,0.632
2012-08-19,0.267440411670868,0.617
2012-08-20,0.2513399125413692,0.516
2012-08-21,0.2492268286143036,0.572
2012-08-22,0.24787938143435936,0.565
2012-08-23,0.24668868586878678,0.559
2012-08-24,0.3025162498164202,0.595
2012-08-25,0.29809124889300403,0.594
2012-08-26,0.24846921807450034,0.577
2012-08-27,0.24688732120075152,0.555
2012-08-28,0.25771503004113416,0.592
2012-08-29,0.32141063640177,0.595
2012-08-30,0.24561100638547612,0.56
2012-08-31,0.2398025219289646,0.53
2012-09-01,0.23782644243754872,0.517
2012-09-02,0.23603876917228656,0.516
2012-09-03,0.23449155471726466,0.501
2012-09-04,0.2327077770416546,0.5
2012-09-05,0.2310874514799335,0.488
2012-09-06,0.22949318277138825,0.48
2012-09-07,0.22790247043202003,0.466
2012-09-08,0.22631116565554857,0.469
2012-09-09,0.22476085005099372,0.465
2012-09-10,0.387783468172415,0.555
2012-09-11,0.27663526191204507,0.538
2012-09-12,0.28083156294159767,0.548
2012-09-13,0.22431254164206416,0.501
2012-09-14,0.21912044895619584,0.474
2012-09-15,0.2168705729537395,0.462
2012-09-16,0.21571571948691726,0.466
2012-09-17,0.22560381248916933,0.455
2012-09-18,0.24826429100087538,0.458
2012-09-19,0.2131393366178218,0.455
2012-09-20,0.24466734863253026,0.46
2012-09-21,0.21692878316178735,0.464
2012-09-22,0.20657610002243415,0.449
2012-09-23,0.38171529046063485,0.599
2012-09-24,0.7126560849637931,2.94
2012-09-25,1.3276795012634581,3.57
2012-09-26,1.1190769964740903,3.58
2012-09-27,0.9604768872985113,2.91
2012-09-28,0.829816725784002,2.38
2012-09-29,0.7220934184338386,1.98
2012-09-30,0.7366136746032979,1.77
2012-10-01,0.8199972760719959,1.66
2012-10-02,0.9472372341200864,1.99
2012-10-03,0.9322800756481571,1.93
2012-10-04,0.8004756174584297,1.89
2012-10-05,0.6929524813245179,1.81
2012-10-06,0.5677787604374139,1.68
2012-10-07,0.507665501562875,1.57
2012-10-08,0.45448059172122107,1.5
2012-10-09,0.41528787550381013,1.41
2012-10-10,0.44310386550665515,1.34
2012-10-11,0.8290118968977598,1.94
2012-10-12,0.6296516169457015,2.01
2012-10-13,0.6017644305895881,1.88
2012-10-14,0.4570517345574945,1.74
2012-10-15,0.5293496461011039,1.61
2012-10-16,0.7032415717271614,1.53
2012-10-17,0.5559792347296805,1.49
2012-10-18,0.48916852577250075,1.36
2012-10-19,0.4510217241548841,1.26
2012-10-20,0.4101074025433413,1.2
2012-10-21,0.39935617509050164,1.16
2012-10-22,0.4350959559858793,1.14
2012-10-23,0.381442055102533,1.12
2012-10-24,0.3645136841991641,1.08
2012-10-25,0.3556284940161049,1.04
2012-10-26,0.343424118230392,0.991
2012-10-27,0.43479704161317234,0.957
2012-10-28,0.37902482230352386,0.979
2012-10-29,0.37924816684004686,0.944
2012-10-30,0.3842143033506029,0.922
2012-10-31,0.404391949302604,0.914
2012-11-01,0.36635892653015567,0.883
2012-11-02,0.4099132671701581,0.863
2012-11-03,0.47809446588216253,0.903
2012-11-04,0.38692691942850566,0.886
2012-11-05,0.4540408701172262,0.847
2012-11-06,0.39266934778892654,0.848
2012-11-07,0.37425565566015556,0.834
2012-11-08,0.3588740277320041,0.829
2012-11-09,0.35509395855859455,0.832
2012-11-10,0.37957425624185764,0.821
2012-11-11,0.3764297907143394,0.806
2012-11-12,0.3816735882881582,0.816
2012-11-13,0.3542046553721015,0.781
2012-11-14,0.34565522355552114,0.761
2012-11-15,0.3394788894051838,0.75
2012-11-16,0.512794933111649,0.808
2012-11-17,0.3542420911067833,0.843
2012-11-18,0.3423995312895731,0.782
2012-11-19,0.37501908088649705,0.778
2012-11-20,0.6306391101925634,0.786
2012-11-21,0.42735788288326554,0.902
2012-11-22,0.8286145969645738,1.04
2012-11-23,0.5225057222503783,0.997
2012-11-24,1.1279567127105172,1.32
2012-11-25,1.3082884547767089,2.09
2012-11-26,2.4033809973433993,4.45
2012-11-27,1.515029761507591,5.91
2012-11-28,1.289919311949562,3.94
2012-11-29,1.136439806078512,3.04
2012-11-30,1.0085351247376235,2.53
2012-12-01,0.8820800568882459,2.2
2012-12-02,1.1293315943182038,2.12
2012-12-03,1.0188825593530217,2.0
2012-12-04,1.0279576062993252,2.08
2012-12-05,0.7904452765251049,1.91
2012-12-06,1.3284568543695081,2.13
2012-12-07,0.9510676854564087,2.08
2012-12-08,0.7956205133046884,1.99
2012-12-09,0.7291692347134208,1.93
2012-12-10,0.6629078607972558,1.77
2012-12-11,0.6201187299891812,1.71
2012-12-12,0.5829242124394383,1.58
2012-12-13,0.5633868845907257,1.5
2012-12-14,1.1563330755340246,1.77
2012-12-15,0.8960769324180387,1.68
2012-12-16,0.8755093442778825,1.57
2012-12-17,1.085982924481165,1.81
2012-12-18,0.7920571979394373,1.77
2012-12-19,1.3516866600268884,2.03
2012-12-20,1.4638025802679786,2.86
2012-12-21,1.4700123653724353,3.17
2012-12-22,1.3472908946780902,3.67
2012-12-23,1.0701920991546952,3.35
2012-12-24,1.1162170146895616,3.11
2012-12-25,1.2149275990596236,2.91
2012-12-26,1.2124477160012885,2.8
2012-12-27,1.0853140370978642,2.62
2012-12-28,1.2026791881455914,2.51
2012-12-29,1.0532816176858277,2.48
2012-12-30,1.1004653520315524,2.28
2012-12-31,0.9620273687953546,2.22
2013-01-01,0.8602936219866432,2.01
2013-01-02,0.8235515967622862,1.91
2013-01-03,0.7707586082918962,1.8
2013-01-04,0.7367241070354551,1.7
2013-01-05,0.7106957525623232,1.62
2013-01-06,0.6904076466034426,1.54
2013-01-07,0.7049436412416735,1.49
2013-01-08,0.9652540685127559,1.59
2013-01-09,0.7567614126537425,1.43
2013-01-10,0.912545874213571,1.44
2013-01-11,0.9442844983745886,1.44
2013-01-12,0.7922840744098317,1.38
2013-01-13,1.554970107380402,1.72
2013-01-14,1.289460235141297,2.74
2013-01-15,1.0143258307721683,2.35
2013-01-16,0.9182736160328729,2.08
2013-01-17,0.9145908810462225,1.89
2013-01-18,1.002762848546643,1.75
2013-01-19,0.8627886092301154,1.62
2013-01-20,0.8966660513402982,1.54
2013-01-21,0.9309026619593177,1.47
2013-01-22,0.8263511838233313,1.36
2013-01-23,0.7947622516261559,1.3
2013-01-24,0.7642858407783544,1.24
2013-01-25,1.5160163052224624,1.63
2013-01-26,1.4002455584511881,2.04
2013-01-27,1.0708489562895225,2.19
2013-01-28,1.0994094732542397,2.1
2013-01-29,1.1235260180058688,1.98
2013-01-30,1.2702646244169928,1.83
2013-01-31,1.0781394681305783,1.8
2013-02-01,0.9766987609543949,1.67
2013-02-02,0.9147979661700172,1.56
2013-02-03,0.8687245110368298,1.52
2013-02-04,0.8871431403478656,1.46
2013-02-05,1.0421006618756143,1.46
2013-02-06,0.9029566827548384,1.34
2013-02-07,1.174868307731587,1.39
2013-02-08,1.1887258795815605,1.34
2013-02-09,1.2152203036696825,1.49
2013-02-10,1.3072017908108198,1.69
2013-02-11,1.0371733682546873,1.67
2013-02-12,0.9663021313295113,1.63
2013-02-13,1.8180819409917863,2.36
2013-02-14,1.3745914024876553,2.65
2013-02-15,1.1105828990558881,2.41
2013-02-16,1.0275103313068372,2.13
2013-02-17,0.9690892200642804,1.92
2013-02-18,0.9225476857231395,1.78
2013-02-19,0.8887004264171362,1.63
2013-02-20,0.8561230189805575,1.55
2013-02-21,0.8320753115424157,1.46
2013-02-22,0.81289751630371,1.38
2013-02-23,0.7979139048564156,1.3
2013-02-24,0.7847819482257634,1.25
2013-02-25,0.774222102861484,1.23
2013-02-26,0.7655077448851373,1.18
2013-02-27,0.7584005115283982,1.15
2013-02-28,0.7526464270336782,1.1
2013-03-01,0.7463916497607191,1.06
2013-03-02,0.7414154750036751,1.01
2013-03-03,0.7369506046578251,0.987
2013-03-04,0.7327737735821109,0.991
2013-03-05,0.7287983506759512,0.968
2013-03-06,0.7510252471721204,0.955
2013-03-07,0.8105297234057006,0.99
2013-03-08,0.7513893538631051,0.951
2013-03-09,0.7731098423923943,0.905
2013-03-10,0.7333986613412058,0.883
2013-03-11,0.7226827902137517,0.865
2013-03-12,0.715661596405738,0.841
2013-03-13,0.709442924800599,0.837
2013-03-14,0.7041671034759921,0.798
2013-03-15,0.7845929544994901,0.87
2013-03-16,0.7435618736400788,0.837
2013-03-17,0.7575101309630187,0.856
2013-03-18,0.7088519458489361,0.835
2013-03-19,0.7112486329780799,0.824
2013-03-20,0.691816585336091,0.803
2013-03-21,0.9499617538413783,0.806
2013-03-22,1.5774125096999827,0.867
2013-03-23,1.2237625305309003,0.826
2013-03-24,1.0112583297447482,0.806
2013-03-25,0.8828212260218633,0.839
2013-03-26,0.8326926387934461,0.84
2013-03-27,0.8090031374847927,0.855
2013-03-28,0.7641874105103691,0.862
2013-03-29,0.7378355252781249,0.859
2013-03-30,0.7165953955171551,0.879
2013-03-31,0.6988727739356113,0.914
2013-04-01,0.6839193492663814,0.927
2013-04-02,0.6711500408204121,0.984
2013-04-03,0.661105466471601,1.02
2013-04-04,0.6505062827357233,1.04
2013-04-05,0.6418639333103083,1.05
2013-04-06,0.6341320616841082,1.06
2013-04-07,0.6270513616214012,1.07
2013-04-08,0.6204981532419122,1.1
2013-04-09,0.6143488704373434,1.11
2013-04-10,0.6088242707224639,1.1
2013-04-11,0.603449072421202,1.11
2013-04-12,0.5975822122201356,1.1
2013-04-13,0.5926653406853526,1.05
2013-04-14,0.5876629495829253,1.08
2013-04-15,0.5821754441547368,0.986
2013-04-16,0.5768884021974672,0.918
2013-04-17,0.5718835573524309,0.882
2013-04-18,0.5677113114702264,0.871
2013-04-19,0.561954939618407,0.829
2013-04-20,0.5568895506634307,0.784
2013-04-21,0.5519807257396734,0.784
2013-04-22,0.5469321177464977,0.788
2013-04-23,0.5419477311968817,0.743
2013-04-24,0.5369592488393629,0.738
2013-04-25,0.5322426981096072,0.752
2013-04-26,0.5270405060962854,0.727
2013-04-27,0.5219564676732125,0.687
2013-04-28,0.5173825855696732,0.702
2013-04-29,0.5119497206129247,0.684
2013-04-30,0.5069335315429032,0.645
2013-05-01,0.501887746048537,0.643
2013-05-02,0.49686700295110936,0.651
2013-05-03,0.4919412277470078,0.635
2013-05-04,0.4868581114787715,0.607
2013-05-05,0.48182842784162755,0.594
2013-05-06,0.4768250977579092,0.584
2013-05-07,0.47185722447239853,0.586
2013-05-08,0.4668566539243447,0.573
2013-05-09,0.5228491844875339,0.617
2013-05-10,0.4603332794269133,0.597
2013-05-11,0.46250724939293286,0.573
2013-05-12,0.45044685488839925,0.566
2013-05-13,0.4428881124561465,0.542
2013-05-14,0.6055321764107093,0.864
2013-05-15,0.6026176598649932,0.828
2013-05-16,0.4590764127218428,0.616
2013-05-17,0.42740658673167,0.578
2013-05-18,0.4203619258776663,0.567
2013-05-19,0.4150334526240761,0.545
2013-05-20,0.41044556062710463,0.54
2013-05-21,0.4050311454056474,0.539
2013-05-22,0.4011972859958134,0.52
2013-05-23,0.395695552173497,0.521
2013-05-24,0.39045633338715424,0.501
2013-05-25,0.3856380727041448,0.489
2013-05-26,0.3809581318068225,0.486
2013-05-27,0.38154349856504866,0.501
2013-05-28,0.5494928390400636,0.755
2013-05-29,0.4491608374223387,0.618
2013-05-30,0.3726508105529276,0.559
2013-05-31,0.3631520118978247,0.525
2013-06-01,0.3576429387231411,0.511
2013-06-02,0.3525795799808472,0.499
2013-06-03,0.34769891450506224,0.489
2013-06-04,0.34297131144170684,0.477
2013-06-05,0.3383698180800067,0.471
2013-06-06,0.3338760245908757,0.459
2013-06-07,0.329475246422227,0.448
2013-06-08,0.32515581406260746,0.439
2013-06-09,0.3209084876812158,0.434
2013-06-10,0.3168694458556692,0.427
2013-06-11,0.312733808667079,0.428
2013-06-12,0.30875293070794574,0.427
2013-06-13,0.3218169377704406,0.443
2013-06-14,0.3816003174521134,0.479
2013-06-15,0.30343739147844984,0.43
2013-06-16,0.2949784777298301,0.415
2013-06-17,0.29052003440415003,0.412
2013-06-18,0.2863887750010269,0.403
2013-06-19,0.2824083006956988,0.396
2013-06-20,0.3175893137756668,0.423
2013-06-21,0.2782167101296951,0.415
2013-06-22,0.31663843725737706,0.417
2013-06-23,0.27115419645033734,0.431
2013-06-24,0.264953266331461,0.392
2013-06-25,0.26101441595103575,0.384
2013-06-26,0.25729113287653443,0.379
2013-06-27,0.4189481771625208,0.49
2013-06-28,0.3775463243796619,0.568
2013-06-29,0.25700479432127166,0.446
2013-06-30,0.2463947046695272,0.409
2013-07-01,0.24244181395622671,0.4
2013-07-02,0.2900812270224359,0.428
2013-07-03,0.23945052234981568,0.404
2013-07-04,0.23305361372896877,0.382
2013-07-05,0.22920277694311078,0.368
2013-07-06,0.2256449030406024,0.366
2013-07-07,0.22221938063698812,0.361
2013-07-08,0.2189003601115743,0.354
2013-07-09,0.21567269087140764,0.35
2013-07-10,0.21252454970807666,0.333
2013-07-11,0.20944641931872807,0.333
2013-07-12,0.20643072237592539,0.33
2013-07-13,0.20347132566868398,0.328
2013-07-14,0.20056330214554505,0.326
2013-07-15,0.19770265831247688,0.321
2013-07-16,0.19488618857279671,0.319
2013-07-17,0.19211127705015543,0.313
2013-07-18,0.1893757962583526,0.31
2013-07-19,0.18667800570992144,0.306
2013-07-20,0.18401647341995514,0.308
2013-07-21,0.1813900133210142,0.305
2013-07-22,0.17879763525575898,0.304
2013-07-23,0.17623850502079255,0.307
2013-07-24,0.25808709090095816,0.329
2013-07-25,0.17608023788787577,0.314
2013-07-26,0.16905638974446166,0.303
2013-07-27,0.3284776730726879,0.443
2013-07-28,0.34334304896259804,0.452
2013-07-29,0.24150485657914159,0.366
2013-07-30,0.16789314022276275,0.336
2013-07-31,0.20415923403278358,0.368
2013-08-01,0.16161596883103785,0.33
2013-08-02,0.15641164523845133,0.313
2013-08-03,0.1541155460112068,0.305
2013-08-04,0.3247511691194459,0.351
2013-08-05,0.16386110398120182,0.439
2013-08-06,0.1504948873582571,0.342
2013-08-07,0.14672679181877613,0.317
2013-08-08,0.14412413553081574,0.312
2013-08-09,0.1410276082521155,0.309
2013-08-10,0.13932911504716208,0.31
2013-08-11,0.1360624850213532,0.306
2013-08-12,0.13407571289967576,0.299
2013-08-13,0.13152859284673385,0.299
2013-08-14,0.13022692985632342,0.306
2013-08-15,0.14460607449828616,0.308
2013-08-16,0.126603076151366,0.303
2013-08-17,0.13871597767535418,0.31
2013-08-18,0.12339601868236945,0.296
2013-08-19,0.12060693691739528,0.287
2013-08-20,0.11859320408049949,0.283
2013-08-21,0.11668703942236856,0.283
2013-08-22,0.11484876308235646,0.283
2013-08-23,0.11319499259709966,0.286
2013-08-24,0.11132090997996165,0.288
2013-08-25,0.10959734449720532,0.281
2013-08-26,0.10792601842900724,0.275
2013-08-27,0.10628873587530205,0.263
2013-08-28,0.10468193290199582,0.245
2013-08-29,0.10310336553477142,0.257
2013-08-30,0.10155125258666897,0.26
2013-08-31,0.10002413474731077,0.254
2013-09-01,0.09852080719557064,0.258
2013-09-02,0.09704026848903444,0.255
2013-09-03,0.09558167986319126,0.259
2013-09-04,0.09414433269696137,0.25
2013-09-05,0.09272762250074566,0.254
2013-09-06,0.25263224422860703,0.4
2013-09-07,0.22986640800610142,0.328
2013-09-08,0.12421446624731701,0.285
2013-09-09,0.1920324656151418,0.325
2013-09-10,0.09541336615198266,0.322
2013-09-11,0.1973550116333887,0.346
2013-09-12,0.09603313194223839,0.33
2013-09-13,0.11631886568446141,0.318
2013-09-14,0.08788577620799422,0.307
2013-09-15,0.08772022925000333,0.285
2013-09-16,0.08272548188979771,0.26
2013-09-17,0.16624951304781393,0.307
2013-09-18,0.08741138057643857,0.311
2013-09-19,0.07984348012546716,0.296
2013-09-20,0.07753132810462475,0.274
2013-09-21,0.07580512077527253,0.265
2013-09-22,0.07422876698662785,0.261
2013-09-23,0.07282961475351038,0.264
2013-09-24,0.10766803172386832,0.241
2013-09-25,0.07342371103115082,0.252
2013-09-26,0.0700612028121701,0.243
2013-09-27,0.0685873332793337,0.244
2013-09-28,0.06731408738284175,0.244
2013-09-29,0.06611593501268595,0.241
2013-09-30,0.06530211337683291,0.242
2013-10-01,0.10930860908259787,0.248
2013-10-02,0.07823865345551369,0.259
2013-10-03,0.15466823367270371,0.284
2013-10-04,0.06861371081101324,0.265
2013-10-05,0.062493281426870516,0.249
2013-10-06,0.0608697677089704,0.242
2013-10-07,0.059614332038435205,0.237
2013-10-08,0.05848933358896777,0.241
2013-10-09,0.057679449543674884,0.228
2013-10-10,0.056371029092315374,0.22
2013-10-11,0.055391621167617526,0.219
2013-10-12,0.05447651787674651,0.222
2013-10-13,0.09712113703153048,0.233
2013-10-14,0.08336446627183212,0.251
2013-10-15,0.05503448759901993,0.232
2013-10-16,0.20726643231409303,0.282
2013-10-17,0.062179088076677914,0.251
2013-10-18,0.1265111294133585,0.26
2013-10-19,0.09997697759301619,0.269
2013-10-20,0.1142479370998462,0.261
2013-10-21,0.12481678770785325,0.318
2013-10-22,0.24312498764004783,0.423
2013-10-23,0.07752579328748911,0.577
2013-10-24,0.13433523164624947,0.473
2013-10-25,0.09485946787249033,0.497
2013-10-26,0.14188595656284136,0.449
2013-10-27,0.24273749350809423,0.51
2013-10-28,0.24139579228405658,0.698
2013-10-29,0.08383076316286979,0.802
2013-10-30,0.07867500343342991,0.723
2013-10-31,0.06563409855857827,0.656
2013-11-01,0.10560431565878806,0.645
2013-11-02,0.20380530181702583,0.683
2013-11-03,0.0891606378611524,0.635
2013-11-04,0.15061446481405874,0.679
2013-11-05,0.09822967512464911,0.713
2013-11-06,0.17578349916073802,0.737
2013-11-07,0.08480334612000023,0.711
2013-11-08,0.1480555937099263,0.765
2013-11-09,0.23749696381293864,0.789
2013-11-10,0.16728020175308217,0.787
2013-11-11,0.1421229604964766,0.8
2013-11-12,0.10409464240032902,0.763
2013-11-13,0.14657658606377594,0.751
2013-11-14,0.15551670791472513,0.745
2013-11-15,0.09967404076104258,0.696
2013-11-16,0.09118941313137444,0.666
2013-11-17,0.11326627345739079,0.641
2013-11-18,0.26307551265683266,0.723
2013-11-19,0.3782748509903597,0.709
2013-11-20,0.2410485354923829,0.928
2013-11-21,0.15268130832233143,0.881
2013-11-22,0.12966419433716814,0.863
2013-11-23,0.11647849831132172,0.823
2013-11-24,0.10262966685851392,0.772
2013-11-25,0.09381145847699976,0.727
2013-11-26,0.09729018639558269,0.7
2013-11-27,0.0852777481662682,0.682
2013-11-28,0.08050008512545102,0.65
2013-11-29,0.10379626801597887,0.638
2013-11-30,0.07864768339603898,0.606
2013-12-01,0.07409283716988675,0.583
2013-12-02,0.07047687736721568,0.567
2013-12-03,0.09194509863526812,0.555
2013-12-04,0.07128507019821503,0.546
2013-12-05,0.10841979076491856,0.539
2013-12-06,0.07996013064539229,0.522
2013-12-07,0.0703634457929945,0.509
2013-12-08,0.06804614786544808,0.497
2013-12-09,0.06646875617322684,0.484
2013-12-10,0.06530121941226044,0.476
2013-12-11,0.064387878044025,0.468
2013-12-12,0.0637975636548495,0.467
2013-12-13,0.06781136272522273,0.464
2013-12-14,0.0632538101640299,0.456
2013-12-15,0.11736501004681263,0.462
2013-12-16,0.06626332730802266,0.461
2013-12-17,0.06311916322166718,0.443
2013-12-18,0.23619699767143604,0.585
2013-12-19,0.19992908441855986,0.584
2013-12-20,0.14760031622597689,0.55
2013-12-21,0.37289567420481134,0.599
2013-12-22,0.24866224536877476,0.634
2013-12-23,0.6016617984115924,0.976
2013-12-24,0.4958598963826796,1.07
2013-12-25,0.2833803580589691,1.04
2013-12-26,0.5712380869984307,1.06
2013-12-27,0.3132296410634167,1.09
2013-12-28,0.2511942886366067,0.999
2013-12-29,0.4581073503279448,0.999
2013-12-30,0.48841735201391,1.13
2013-12-31,0.39411286050005273,1.09
2014-01-01,0.594522634446804,1.27
2014-01-02,0.500673340599867,1.26
2014-01-03,0.49325771891675835,1.33
2014-01-04,0.34248823440024984,1.24
2014-01-05,0.6485367109851116,1.31
2014-01-06,0.5937437491784106,1.36
2014-01-07,0.5212968739406609,1.3
2014-01-08,1.0592975576926635,1.62
2014-01-09,0.654726891275612,1.68
2014-01-10,0.7686952156026229,1.67
2014-01-11,0.506562154143347,1.56
2014-01-12,0.508537318760054,1.47
2014-01-13,0.877117342339219,1.64
2014-01-14,0.672286061150156,1.66
2014-01-15,0.5002174524748724,1.66
2014-01-16,0.4307600506080888,1.56
2014-01-17,0.5962136393585524,1.44
2014-01-18,0.7938745287833389,1.51
2014-01-19,0.49639367798548906,1.42
2014-01-20,0.4300263670722015,1.33
2014-01-21,0.424006830154209,1.31
2014-01-22,0.38536752858809786,1.25
2014-01-23,0.4265415661093715,1.19
2014-01-24,0.6587323922638916,1.28
2014-01-25,0.6908314224979614,1.21
2014-01-26,0.5369576925901692,1.25
2014-01-27,0.6560292072781646,1.26
2014-01-28,0.8543098030753912,1.42
2014-01-29,0.5863270148833073,1.37
2014-01-30,0.5052371944507577,1.37
2014-01-31,0.7774829974227726,1.47
2014-02-01,0.783084516802499,1.41
2014-02-02,0.5578528632499511,1.32
2014-02-03,0.5099385858215946,1.31
2014-02-04,0.5754346015152465,1.31
2014-02-05,0.7542501860018703,1.34
2014-02-06,0.9764078769981911,1.33
2014-02-07,0.8966452182712803,1.42
2014-02-08,1.1144307645086886,1.6
2014-02-09,0.7462766442385169,1.57
2014-02-10,0.8030270263152764,1.57
2014-02-11,0.707500326725645,1.51
2014-02-12,1.2578024987153713,1.81
2014-02-13,0.8121475517598263,1.69
2014-02-14,1.376137032875724,1.83
2014-02-15,1.2042191662875812,2.06
2014-02-16,0.8584691033967662,1.99
2014-02-17,0.7683672888502082,1.88
2014-02-18,0.6972308710175715,1.73
2014-02-19,0.6487731772333762,1.61
2014-02-20,0.7007286728447514,1.53
2014-02-21,0.7494707963912152,1.43
2014-02-22,0.6220253125433155,1.33
2014-02-23,0.648375630127521,1.24
2014-02-24,0.6230903834778662,1.21
2014-02-25,0.5758537203754249,1.16
2014-02-26,0.712638344596156,1.12
2014-02-27,0.5852034782166039,1.1
2014-02-28,0.5518939072538244,1.04
2014-03-01,0.5503681513715154,0.994
2014-03-02,0.5794090247704138,0.999
2014-03-03,0.5386470536247893,0.967
2014-03-04,0.5202437474374124,0.896
2014-03-05,0.5287956765327873,0.894
2014-03-06,0.6146736960210819,0.873
2014-03-07,0.5316310981801184,0.872
2014-03-08,0.5175132980069503,0.851
2014-03-09,0.5096025077140311,0.832
2014-03-10,0.503210255956455,0.79
2014-03-11,0.49834984073030697,0.764
2014-03-12,0.4942977178730209,0.755
2014-03-13,0.491225060084612,0.741
2014-03-14,0.488764999494267,0.729
2014-03-15,0.48676197014612754,0.716
2014-03-16,0.48507820893973186,0.704
2014-03-17,0.48373996226086446,0.687
2014-03-18,0.4823637028356707,0.68
2014-03-19,0.4810480367410509,0.668
2014-03-20,0.5087836440383987,0.665
2014-03-21,0.48329688878573324,0.659
2014-03-22,0.5165185519141706,0.651
2014-03-23,0.4797841855880298,0.641
2014-03-24,0.47614175462373515,0.619
2014-03-25,0.5097139893144678,0.621
2014-03-26,0.48110271248356706,0.606
2014-03-27,0.4752453824135214,0.601
2014-03-28,0.48290689343971266,0.59
2014-03-29,0.46903335576996463,0.576
2014-03-30,0.4662030765920245,0.554
2014-03-31,0.5695160392950681,0.601
2014-04-01,0.4685914380031616,0.569
2014-04-02,0.46075510423467786,0.551
2014-04-03,0.45952364161234766,0.547
2014-04-04,0.455897325092605,0.532
2014-04-05,0.45321911233856443,0.531
2014-04-06,0.45052513675133943,0.521
2014-04-07,0.5809053473509617,0.643
2014-04-08,0.45400512311538715,0.556
2014-04-09,0.44390494448374274,0.52
2014-04-10,0.44030584015494467,0.512
2014-04-11,0.43709629317518395,0.505
2014-04-12,0.4339242591969677,0.5
2014-04-13,0.4307469685754908,0.491
2014-04-14,0.4275611780578897,0.483
2014-04-15,0.42435983331011046,0.478
2014-04-16,0.4211790789660181,0.473
2014-04-17,0.41812416064541424,0.473
2014-04-18,0.4146425732178232,0.465
2014-04-19,0.41136700414897764,0.46
2014-04-20,0.4081493734822339,0.463
2014-04-21,0.4048807481356602,0.456
2014-04-22,0.40157581221195104,0.459
2014-04-23,0.3979848698572462,0.448
2014-04-24,0.3945268744748427,0.441
2014-04-25,0.43205383546376047,0.458
2014-04-26,0.3905496223409491,0.445
2014-04-27,0.384916254050393,0.433
2014-04-28,0.381150906853318,0.426
2014-04-29,0.3777455729126469,0.435
2014-04-30,0.38545474676271657,0.436
2014-05-01,0.4232151234516102,0.468
2014-05-02,0.3704543588377636,0.426
2014-05-03,0.36426363666870226,0.416
2014-05-04,0.36042238907564794,0.413
2014-05-05,0.35691536498065546,0.411
2014-05-06,0.3532684301762959,0.38
2014-05-07,0.3495873004326975,0.394
2014-05-08,0.42443711992346017,0.435
2014-05-09,0.4014268503773152,0.428
2014-05-10,0.4752912055681918,0.475
2014-05-11,0.42394510881013586,0.531
2014-05-12,0.3420375268403257,0.502
2014-05-13,0.3327316112534511,0.433
2014-05-14,0.32813231023106126,0.404
2014-05-15,0.32398178041192927,0.397
2014-05-16,0.31999092378434796,0.39
2014-05-17,0.31611935721080686,0.382
2014-05-18,0.3123623716014956,0.378
2014-05-19,0.4492904784720614,0.413
2014-05-20,0.3151311112746663,0.399
2014-05-21,0.41142019601282703,0.391
2014-05-22,0.46024946423281426,0.484
2014-05-23,0.43307798816125964,0.809
2014-05-24,0.39233391122545663,0.789
2014-05-25,0.3914422499223991,0.817
2014-05-26,0.30860338236719104,0.754
2014-05-27,0.2969980293978359,0.759
2014-05-28,0.2969430795611634,0.704
2014-05-29,0.2858196896957764,0.676
2014-05-30,0.2802355681495897,0.623
2014-05-31,0.2755584415629316,0.582
2014-06-01,0.27167622853176726,0.56
2014-06-02,0.2675470106157477,0.573
2014-06-03,0.2634173721337282,0.543
2014-06-04,0.2601460362601151,0.536
2014-06-05,0.2561927023253586,0.475
2014-06-06,0.29883009427207574,0.52
2014-06-07,0.253493360084748,0.533
2014-06-08,0.3130255849135138,0.485
2014-06-09,0.24919778242491972,0.544
2014-06-10,0.3097260449263776,0.544
2014-06-11,0.2435310613435526,0.491
2014-06-12,0.2366098833635736,0.468
2014-06-13,0.23316015863519599,0.455
2014-06-14,0.22981865315098102,0.448
2014-06-15,0.2269058422525722,0.439
2014-06-16,0.22366647776625187,0.432
2014-06-17,0.22068907391091136,0.425
2014-06-18,0.2177880604700664,0.418
2014-06-19,0.21494603279361355,0.412
2014-06-20,0.21215436905369486,0.405
2014-06-21,0.2094044475023223,0.399
2014-06-22,0.20669500311134564,0.394
2014-06-23,0.20402177036834573,0.384
2014-06-24,0.2013820373871297,0.385
2014-06-25,0.19877368673139686,0.38
2014-06-26,0.19619504311737154,0.375
2014-06-27,0.2045567841833361,0.391
2014-06-28,0.19302512124962218,0.396
2014-06-29,0.18871068250878545,0.378
2014-06-30,0.186158673049595,0.361
2014-07-01,0.1837097770455151,0.346
2014-07-02,0.1812892855239012,0.34
2014-07-03,0.17889354028109272,0.347
2014-07-04,0.3107952211452957,0.395
2014-07-05,0.18149601618705843,0.374
2014-07-06,0.18384700597679682,0.362
2014-07-07,0.17926861369535096,0.356
2014-07-08,0.1684892235657052,0.343
2014-07-09,0.16567737011473777,0.335
2014-07-10,0.16330996693281324,0.324
2014-07-11,0.1610117937584832,0.322
2014-07-12,0.16714957931708319,0.331
2014-07-13,0.1570781513834014,0.33
2014-07-14,0.1544455742300359,0.32
2014-07-15,0.15225734485691617,0.316
2014-07-16,0.15013008017101534,0.315
2014-07-17,0.14803515098159906,0.306
2014-07-18,0.18764963742159665,0.307
2014-07-19,0.29769333115907193,0.489
2014-07-20,0.2238643763283278,0.382
2014-07-21,0.14529644889942236,0.324
2014-07-22,0.1385480075443418,0.309
2014-07-23,0.13627141662049186,0.299
2014-07-24,0.134301990136781,0.29
2014-07-25,0.13238073008730247,0.288
2014-07-26,0.1319234510722328,0.3
2014-07-27,0.1506960886629504,0.301
2014-07-28,0.12994534770335023,0.302
2014-07-29,0.12687057932383997,0.299
2014-07-30,0.12437239332292371,0.288
2014-07-31,0.1744528072356355,0.296
2014-08-01,0.181572653936732,0.334
2014-08-02,0.12551653660974108,0.323
2014-08-03,0.11969456423332975,0.291
2014-08-04,0.11720825304640332,0.285
2014-08-05,0.1482836812344845,0.292
2014-08-06,0.11641513962429066,0.297
2014-08-07,0.11225788526556438,0.282
2014-08-08,0.11015864114730098,0.28
2014-08-09,0.1717684807144202,0.278
2014-08-10,0.11115322808634703,0.317
2014-08-11,0.10566260876456246,0.277
2014-08-12,0.10375311607752502,0.272
2014-08-13,0.10215990955992355,0.276
2014-08-14,0.10584265249148812,0.266
2014-08-15,0.09920421796751079,0.274
2014-08-16,0.09754694527331356,0.271
2014-08-17,0.12705446847629942,0.275
2014-08-18,0.1112152157922424,0.274
2014-08-19,0.15470741930825074,0.299
2014-08-20,0.09653235831472994,0.295
2014-08-21,0.20966928211976407,0.293
2014-08-22,0.12618430163888092,0.393
2014-08-23,0.09335442463172927,0.322
2014-08-24,0.08973102979118722,0.303
2014-08-25,0.25847762994785045,0.478
2014-08-26,0.14917576074460168,0.426
2014-08-27,0.0906906344951744,0.363
2014-08-28,0.0866264471793119,0.333
2014-08-29,0.09103764807901502,0.336
2014-08-30,0.0961718372905646,0.333
2014-08-31,0.08355248601188571,0.326
2014-09-01,0.0807136477722495,0.31
2014-09-02,0.07886417711114138,0.302
2014-09-03,0.07718369330813632,0.289
2014-09-04,0.07567082750302488,0.285
2014-09-05,0.07427737343076433,0.284
2014-09-06,0.07295342175620087,0.282
2014-09-07,0.07169460104516075,0.273
2014-09-08,0.07051011837065516,0.272
2014-09-09,0.06936188247579665,0.267
2014-09-10,0.06826304270552548,0.264
2014-09-11,0.06719845411338202,0.259
2014-09-12,0.0661652913437857,0.259
2014-09-13,0.06515932016192993,0.26
2014-09-14,0.06418414405883928,0.257
2014-09-15,0.06321697022855322,0.26
2014-09-16,0.062274774840401136,0.253
2014-09-17,0.06135027544506766,0.248
2014-09-18,0.06044219656391376,0.241
2014-09-19,0.059549223132016674,0.243
2014-09-20,0.05867043555325701,0.241
2014-09-21,0.057805098067945516,0.236
2014-09-22,0.05695260501059653,0.233
2014-09-23,0.0828075929621078,0.238
2014-09-24,0.05668444830460947,0.225
2014-09-25,0.05454186594047862,0.22
2014-09-26,0.0536679958206535,0.219
2014-09-27,0.05286806429754825,0.228
2014-09-28,0.05208413909264934,0.231
2014-09-29,0.051311066636170674,0.231
2014-09-30,0.050548401746094575,0.256
2014-10-01,0.04979596750742203,0.231
2014-10-02,0.049053614013892695,0.223
2014-10-03,0.1968283501980288,0.227
2014-10-04,0.05609497754314766,0.27
2014-10-05,0.1434775004768518,0.238
2014-10-06,0.08480948105084016,0.268
2014-10-07,0.07332985411878568,0.277
2014-10-08,0.14508545327528447,0.264
2014-10-09,0.053897143510236056,0.261
2014-10-10,0.04771193676588066,0.243
2014-10-11,0.06255518104924708,0.245
2014-10-12,0.04619857543840197,0.236
2014-10-13,0.11017241505687642,0.271
2014-10-14,0.04827788892791318,0.256
2014-10-15,0.13092127229099568,0.305
2014-10-16,0.11093729694367988,0.312
2014-10-17,0.06085999440422457,0.294
2014-10-18,0.04467007953725314,0.273
2014-10-19,0.04253409752892561,0.261
2014-10-20,0.09292571111014798,0.268
2014-10-21,0.06976921463737071,0.289
2014-10-22,0.04260305914671734,0.268
2014-10-23,0.04028550522043609,0.261
2014-10-24,0.0386289602500936,0.262
2014-10-25,0.03759766969321528,0.254
2014-10-26,0.03671137554322617,0.251
2014-10-27,0.03591847848313281,0.249
2014-10-28,0.08393440208962827,0.271
2014-10-29,0.041486636008072175,0.263
2014-10-30,0.035378042788198144,0.259
2014-10-31,0.04364492593960806,0.259
2014-11-01,0.045066299064491354,0.261
2014-11-02,0.04027023152041663,0.262
2014-11-03,0.09680382376114005,0.279
2014-11-04,0.03822187627642097,0.284
2014-11-05,0.03335041173924833,0.269
2014-11-06,0.057159972705277035,0.273
2014-11-07,0.1297443912924566,0.359
2014-11-08,0.040746805598853394,0.311
2014-11-09,0.03415271747198622,0.307
2014-11-10,0.10547015564688673,0.338
2014-11-11,0.05991169552293111,0.357
2014-11-12,0.03661734346685184,0.343
2014-11-13,0.07329240021236758,0.346
2014-11-14,0.03599995313591281,0.358
2014-11-15,0.03264763749841611,0.348
2014-11-16,0.1256488346179414,0.36
2014-11-17,0.037384964990293944,0.423
2014-11-18,0.031112431201169376,0.373
2014-11-19,0.030180506853358987,0.372
2014-11-20,0.028746852590553408,0.373
2014-11-21,0.11494255761219543,0.4
2014-11-22,0.050924896776212536,0.4
2014-11-23,0.032650437510968036,0.393
2014-11-24,0.02998450319275124,0.374
2014-11-25,0.05226271408199062,0.378
2014-11-26,0.03151269207440738,0.393
2014-11-27,0.028357943478675287,0.384
2014-11-28,0.03021225045274779,0.375
2014-11-29,0.026917368054679872,0.37
2014-11-30,0.025930166829446148,0.362
2014-12-01,0.03456520967534726,0.359
2014-12-02,0.02553115005681159,0.35
2014-12-03,0.024507196802310793,0.347
2014-12-04,0.06949035456524093,0.348
2014-12-05,0.08780147932308169,0.38
2014-12-06,0.03631278648972896,0.358
2014-12-07,0.06884353886283091,0.354
2014-12-08,0.10880423336799583,0.407
2014-12-09,0.07467638115914377,0.398
2014-12-10,0.09480268688293976,0.41
2014-12-11,0.23381985174179296,0.53
2014-12-12,0.14327620447341172,0.739
2014-12-13,0.05063529654573752,0.713
2014-12-14,0.08910619857297693,0.716
2014-12-15,0.08920051407580454,0.683
2014-12-16,0.20659166422875155,0.772
2014-12-17,0.06452769422188179,0.783
2014-12-18,0.18293497560082225,0.849
2014-12-19,0.07223308880602868,0.822
2014-12-20,0.05685219496424843,0.78
2014-12-21,0.04998565726764763,0.762
2014-12-22,0.04611487045478437,0.729
2014-12-23,0.0686028719168277,0.696
2014-12-24,0.04519116376047053,0.648
2014-12-25,0.10396069170153671,0.646
2014-12-26,0.36405359891983546,0.766
2014-12-27,0.450429657284663,1.03
2014-12-28,0.26894050776815315,0.873
2014-12-29,0.14749674043543096,0.838
2014-12-30,0.12087981281792422,0.849
2014-12-31,0.10371265984338258,0.965
2015-01-01,0.1269786861267473,1.02
2015-01-02,0.13508660274500628,0.947
2015-01-03,0.13958787226057826,0.931
2015-01-04,0.09587907239522304,0.848
2015-01-05,0.12278932228556991,0.813
2015-01-06,0.08828769749165002,0.795
2015-01-07,0.094671976304275,0.758
2015-01-08,0.10298902446471249,0.725
2015-01-09,0.19772038692500865,0.722
2015-01-10,0.10287469057761633,0.707
2015-01-11,0.19034040653427678,0.666
2015-01-12,0.18586599115724542,0.744
2015-01-13,0.14510795502551477,0.705
2015-01-14,0.4065133170384694,0.838
2015-01-15,0.2841357526320881,0.884
2015-01-16,0.26353695183562237,0.932
2015-01-17,0.252916157773886,0.905
2015-01-18,0.22951129004691986,0.908
2015-01-19,0.1704945026046735,0.858
2015-01-20,0.14800462101511358,0.832
2015-01-21,0.1449477960410674,0.807
2015-01-22,0.12278936151361847,0.764
2015-01-23,0.1563608400757906,0.751
2015-01-24,0.11728491877686167,0.721
2015-01-25,0.2017525757293282,0.721
2015-01-26,0.12733380766135982,0.717
2015-01-27,0.17978755242080316,0.694
2015-01-28,0.16065548505551885,0.712
2015-01-29,0.39920071861542744,0.792
2015-01-30,0.5623261123577256,0.979
2015-01-31,0.2693242770855128,1.14
2015-02-01,0.22109408890939516,1.09
2015-02-02,0.1956837489249296,1.05
2015-02-03,0.17368085571786557,0.972
2015-02-04,0.15745318171587083,0.912
2015-02-05,0.14641921269350047,0.868
2015-02-06,0.13663030778411053,0.818
2015-02-07,0.12744249172599328,0.784
2015-02-08,0.1216877647971579,0.756
2015-02-09,0.1169499657598231,0.743
2015-02-10,0.11351457564764397,0.706
2015-02-11,0.11094454584253134,0.686
2015-02-12,0.10904422185351337,0.704
2015-02-13,0.10882519025762012,0.697
2015-02-14,0.10675726716946446,0.631
2015-02-15,0.1336427121740198,0.648
2015-02-16,0.10845293631994728,0.639
2015-02-17,0.10650017730513153,0.608
2015-02-18,0.10624833275792826,0.6
2015-02-19,0.18484260355478815,0.668
2015-02-20,0.22746951521463382,0.658
2015-02-21,0.22405011039836395,0.775
2015-02-22,0.1628322946393307,0.697
2015-02-23,0.19408116674163414,0.673
2015-02-24,0.15897455413934564,0.652
2015-02-25,0.32339229439608097,0.652
2015-02-26,0.21499143527596734,0.778
2015-02-27,0.17839967017732256,0.708
2015-02-28,0.1670681706673353,0.72
2015-03-01,0.25304169677252336,0.747
2015-03-02,0.1763150151723354,0.718
2015-03-03,0.15972945748713346,0.694
2015-03-04,0.1505139825303167,0.672
2015-03-05,0.14355155495421495,0.618
2015-03-06,0.1380543373869669,0.608
2015-03-07,0.13486275413872487,0.603
2015-03-08,0.19541559823514335,0.699
2015-03-09,0.13600332825182787,0.652
2015-03-10,0.1285461305040934,0.626
2015-03-11,0.12690952548161374,0.619
2015-03-12,0.3241482031930449,0.811
2015-03-13,0.3726395496112845,0.972
2015-03-14,0.18228687839613927,0.802
2015-03-15,0.16192429371591335,0.803
2015-03-16,0.1645661553096451,0.803
2015-03-17,0.14951256250412098,0.778
2015-03-18,0.14287427735688282,0.746
2015-03-19,0.13650533628598024,0.724
2015-03-20,0.14088624792097157,0.709
2015-03-21,0.13051548440767474,0.681
2015-03-22,0.12769943065674713,0.665
2015-03-23,0.13588883584228303,0.661
2015-03-24,0.13151565893387435,0.663
2015-03-25,0.22800004338873905,0.648
2015-03-26,0.1511258975143283,0.636
2015-03-27,0.14759496369114153,0.607
2015-03-28,0.2338404372101397,0.612
2015-03-29,0.42807432714790483,0.835
2015-03-30,0.5003748821134276,0.729
2015-03-31,0.3210481226847698,0.702
2015-04-01,0.6797528018742561,0.813
2015-04-02,0.4570207248346694,0.882
2015-04-03,0.45783314930500235,0.969
2015-04-04,0.3415580513726621,0.939
2015-04-05,0.2996397569142733,0.93
2015-04-06,0.26624146078233857,0.896
2015-04-07,0.2411368443313355,0.859
2015-04-08,0.22039009730517722,0.83
2015-04-09,0.20452306484489716,0.801
2015-04-10,0.19287979874270614,0.779
2015-04-11,0.18236629055560244,0.751
2015-04-12,0.2294312082303647,0.769
2015-04-13,0.1728096955443842,0.735
2015-04-14,0.1647813392093722,0.707
2015-04-15,0.16065268702697755,0.687
2015-04-16,0.15753417821523832,0.667
2015-04-17,0.1550999962747142,0.643
2015-04-18,0.15318907440662002,0.627
2015-04-19,0.15168311935926285,0.619
2015-04-20,0.15048855580291287,0.581
2015-04-21,0.14953105117947604,0.568
2015-04-22,0.14875163870724703,0.559
2015-04-23,0.14810350308612466,0.557
2015-04-24,0.1475522197758271,0.549
2015-04-25,0.14985044023807595,0.548
2015-04-26,0.1469570385492602,0.528
2015-04-27,0.14635472589105508,0.514
2015-04-28,0.1932601706161194,0.525
2015-04-29,0.16660367555907313,0.528
2015-04-30,0.1468960839592864,0.524
2015-05-01,0.1452583531447411,0.493
2015-05-02,0.2975255135095065,0.549
2015-05-03,0.16218612297083387,0.637
2015-05-04,0.23761269354369588,0.582
2015-05-05,0.1690915899337926,0.607
2015-05-06,0.1504433457710112,0.572
2015-05-07,0.14582759494671388,0.529
2015-05-08,0.31311845595889937,0.787
2015-05-09,0.1554403910490243,0.669
2015-05-10,0.14498143773551803,0.63
2015-05-11,0.14297432202024876,0.602
2015-05-12,0.14151323228228171,0.567
2015-05-13,0.14023536555613997,0.567
2015-05-14,0.13906255710407106,0.544
2015-05-15,0.13813274579686405,0.522
2015-05-16,0.13689589508509445,0.512
2015-05-17,0.26215781564066776,0.532
2015-05-18,0.16182596176994404,0.621
2015-05-19,0.15037034493923845,0.559
2015-05-20,0.1370879816715985,0.51
2015-05-21,0.13481466215935012,0.492
2015-05-22,0.13330703601131919,0.485
2015-05-23,0.13221285385887993,0.476
2015-05-24,0.1306375702706354,0.477
2015-05-25,0.12939242507565926,0.461
2015-05-26,0.1282138045041643,0.452
2015-05-27,0.12714276986733888,0.448
2015-05-28,0.2215235341369533,0.451
2015-05-29,0.13157783614804525,0.51
2015-05-30,0.15883157631268796,0.478
2015-05-31,0.12625550410775063,0.474
2015-06-01,0.29162547246423104,0.567
2015-06-02,0.13412323818437893,0.507
2015-06-03,0.12345572968204513,0.454
2015-06-04,0.12127625551375686,0.437
2015-06-05,0.11969387958781799,0.427
2015-06-06,0.11824583297901435,0.414
2015-06-07,0.11688087390289104,0.408
2015-06-08,0.11559760268337146,0.405
2015-06-09,0.11433150009413595,0.403
2015-06-10,0.11312074827621965,0.399
2015-06-11,0.11194252241310235,0.397
2015-06-12,0.11079066522932422,0.392
2015-06-13,0.10967169444450593,0.39
2015-06-14,0.10854469986985919,0.386
2015-06-15,0.10743582689927283,0.377
2015-06-16,0.1063419670159671,0.369
2015-06-17,0.10533740569315099,0.372
2015-06-18,0.10418220343334286,0.364
2015-06-19,0.18982261498306427,0.381
2015-06-20,0.10813494095272257,0.417
2015-06-21,0.14504683990727713,0.387
2015-06-22,0.10405567321244787,0.396
2015-06-23,0.10043069598893078,0.366
2015-06-24,0.09898150115245542,0.357
2015-06-25,0.09789214758935508,0.356
2015-06-26,0.09652031444398176,0.356
2015-06-27,0.09563440062048378,0.348
2015-06-28,0.09422252314394228,0.347
2015-06-29,0.09309083580820948,0.336
2015-06-30,0.09200695504754657,0.33
2015-07-01,0.09093152636258002,0.329
2015-07-02,0.08987278938157461,0.329
2015-07-03,0.08883047835188404,0.31
2015-07-04,0.08780026596482449,0.322
2015-07-05,0.12098102580027195,0.35
2015-07-06,0.18603208794210196,0.374
2015-07-07,0.09128888095355095,0.337
2015-07-08,0.08470199814274312,0.334
2015-07-09,0.08303716125077586,0.315
2015-07-10,0.08204510676830609,0.31
2015-07-11,0.08116829027671892,0.304
2015-07-12,0.08051665165133594,0.306
2015-07-13,0.0793055537460927,0.32
2015-07-14,0.07810038961071808,0.299
2015-07-15,0.07710704841758183,0.296
2015-07-16,0.07621313009016221,0.294
2015-07-17,0.07523022228963043,0.287
2015-07-18,0.16687295940008973,0.298
2015-07-19,0.07894296627273419,0.315
2015-07-20,0.07327794121282973,0.29
2015-07-21,0.0718894042921967,0.285
2015-07-22,0.07101200818123216,0.287
2015-07-23,0.06993792407297568,0.28
2015-07-24,0.0921754895870609,0.292
2015-07-25,0.06993984727172828,0.282
2015-07-26,0.14474650556022017,0.311
2015-07-27,0.09019812655738228,0.294
2015-07-28,0.11192070355777517,0.313
2015-07-29,0.06989947085607387,0.292
2015-07-30,0.06623686460590975,0.279
2015-07-31,0.0649476987286502,0.274
2015-08-01,0.09374649252336642,0.295
2015-08-02,0.06495651139334964,0.281
2015-08-03,0.062307388021225735,0.268
2015-08-04,0.06115896542159846,0.263
2015-08-05,0.06513409058932333,0.267
2015-08-06,0.059781461177938915,0.264
2015-08-07,0.05855972122957416,0.252
2015-08-08,0.05764242291992574,0.246
2015-08-09,0.05676964259437385,0.246
2015-08-10,0.05593508663749509,0.257
2015-08-11,0.055128448342568345,0.247
2015-08-12,0.0543452998168112,0.242
2015-08-13,0.1490813291451831,0.248
2015-08-14,0.08872086733385116,0.314
2015-08-15,0.05494671176400602,0.258
2015-08-16,0.05224160121963762,0.251
2015-08-17,0.05128457930817201,0.246
2015-08-18,0.050477288449431744,0.239
2015-08-19,0.0662381229472107,0.252
2015-08-20,0.05035069516584621,0.242
2015-08-21,0.04892716100510814,0.255
2015-08-22,0.15005921190161134,0.289
2015-08-23,0.054219399837487844,0.276
2015-08-24,0.04742127254164584,0.253
2015-08-25,0.0494634573818891,0.248
2015-08-26,0.046195554282556124,0.243
2015-08-27,0.0451019196419782,0.234
2015-08-28,0.044348291745126736,0.229
2015-08-29,0.04359720410798703,0.229
2015-08-30,0.043227950860264285,0.233
2015-08-31,0.04261218229196243,0.234
2015-09-01,0.19311706994717018,0.241
2015-09-02,0.19750590275508442,0.72
2015-09-03,0.056607290486745114,0.36
2015-09-04,0.07424138130375713,0.313
2015-09-05,0.04567768340200528,0.293
2015-09-06,0.04268731038391334,0.274
2015-09-07,0.04135082314452959,0.256
2015-09-08,0.04024217920233346,0.25
2015-09-09,0.03927546496441548,0.245
2015-09-10,0.03840981046036199,0.24
2015-09-11,0.12908632386460578,0.243
2015-09-12,0.043758267742778766,0.255
2015-09-13,0.03826213948612221,0.235
2015-09-14,0.18882315364365002,0.261
2015-09-15,0.047042215765423966,0.283
2015-09-16,0.03810314013920712,0.248
2015-09-17,0.03690053855392589,0.238
2015-09-18,0.036048507977345656,0.24
2015-09-19,0.034738509956225315,0.232
2015-09-20,0.06970859025482229,0.23
2015-09-21,0.15915027737285647,0.256
2015-09-22,0.08249322532121021,0.38
2015-09-23,0.038777441864031335,0.286
2015-09-24,0.03507833908302266,0.275
2015-09-25,0.033803380397502136,0.261
2015-09-26,0.03285067339053566,0.255
2015-09-27,0.03197191154720531,0.25
2015-09-28,0.031246542773126624,0.245
2015-09-29,0.03053969741675354,0.242
2015-09-30,0.02994436623770493,0.24
2015-10-01,0.029428513557406197,0.238
2015-10-02,0.02891654159001406,0.238
2015-10-03,0.028401206342036595,0.238
2015-10-04,0.04577993357576845,0.233
2015-10-05,0.02910612652975118,0.242
2015-10-06,0.18436395981461337,0.26
2015-10-07,0.03783915188860191,0.289
2015-10-08,0.02888978651497131,0.243
2015-10-09,0.02767881833619801,0.236
2015-10-10,0.02700148299074159,0.232
2015-10-11,0.026427998650317603,0.231
2015-10-12,0.02599433606454248,0.226
2015-10-13,0.025423747700831428,0.218
2015-10-14,0.024977388334412483,0.222
2015-10-15,0.024566228985710314,0.224
2015-10-16,0.024180311707438285,0.221
2015-10-17,0.023813857724854354,0.219
2015-10-18,0.02346389413955767,0.218
2015-10-19,0.023140376772691776,0.217
2015-10-20,0.1921729148910151,0.251
2015-10-21,0.0650715745994141,0.366
2015-10-22,0.027051631667913415,0.266
2015-10-23,0.02875815974034305,0.248
2015-10-24,0.039325610344797125,0.255
2015-10-25,0.024679487274058092,0.244
2015-10-26,0.023201775224790028,0.24
2015-10-27,0.054075131529732284,0.246
2015-10-28,0.024787981056658456,0.245
2015-10-29,0.1289684276528925,0.248
2015-10-30,0.04767666570567586,0.298
2015-10-31,0.025014326931369586,0.272
2015-11-01,0.02288863797451151,0.259
2015-11-02,0.02209221180769428,0.258
2015-11-03,0.03731600840836756,0.271
2015-11-04,0.022123020977891875,0.265
2015-11-05,0.04915302531296025,0.269
2015-11-06,0.1919496893462658,0.266
2015-11-07,0.08214643242786329,0.406
2015-11-08,0.17923472223327344,0.456
2015-11-09,0.11743974306959176,0.536
2015-11-10,0.03784014655906321,0.518
2015-11-11,0.030638954830398975,0.496
2015-11-12,0.10867713135283127,0.479
2015-11-13,0.045833548943926807,0.453
2015-11-14,0.19679902852174808,0.518
2015-11-15,0.0450301499547635,0.514
2015-11-16,0.03862541388469554,0.506
2015-11-17,0.07720489265306267,0.522
2015-11-18,0.06969766101811227,0.516
2015-11-19,0.0342873962401009,0.482
2015-11-20,0.14437984998098252,0.527
2015-11-21,0.2495505647655927,0.805
2015-11-22,0.1672208015787827,0.998
2015-11-23,0.11590942295423348,0.958
2015-11-24,0.31877548367342123,1.0
2015-11-25,0.32181478462228175,1.42
2015-11-26,0.13300386751157306,1.39
2015-11-27,0.462855965747741,1.62
2015-11-28,0.3912907494490734,1.59
2015-11-29,0.30139488857591634,1.42
2015-11-30,0.47276210805787255,1.57
2015-12-01,0.2306676561316343,1.46
2015-12-02,0.2990526842129014,1.35
2015-12-03,0.6118424417810892,1.55
2015-12-04,0.3916714053769061,1.47
2015-12-05,0.30972699772392265,1.44
2015-12-06,0.24010419217560516,1.29
2015-12-07,0.23027390252728824,1.18
2015-12-08,0.2660323311528478,1.1
2015-12-09,0.4365866405740378,1.03
2015-12-10,0.3294240189652956,1.08
2015-12-11,0.38419268466619827,1.0
2015-12-12,0.569968031386767,1.2
2015-12-13,0.3493267333221186,1.14
2015-12-14,0.3424316557432439,1.16
2015-12-15,0.35066604950293306,1.16
2015-12-16,0.2593874385539281,1.11
2015-12-17,0.2321845718368251,1.06
2015-12-18,0.22656771527259606,1.02
2015-12-19,0.6354697791087495,1.17
2015-12-20,0.4396653587410594,1.14
2015-12-21,0.38165216367105853,1.16
2015-12-22,0.5112219407452684,1.17
2015-12-23,0.57480524271164,1.13
2015-12-24,0.390703090512178,1.18
2015-12-25,1.0821244520981124,1.47
2015-12-26,0.9637452547059958,2.0
2015-12-27,0.6269526569072443,2.02
2015-12-28,0.4860779435232581,1.83
2015-12-29,0.5180300624890406,1.6
2015-12-30,0.8546461512426514,1.59
2015-12-31,0.839667891442659,1.62
2016-01-01,0.7304831393202177,1.55
2016-01-02,0.6732543803034561,1.63
2016-01-03,0.8364647526836506,1.76
2016-01-04,0.670170847173749,1.73
2016-01-05,0.5286403701499296,1.64
2016-01-06,0.6904843169082212,1.56
2016-01-07,1.0146452621512998,1.6
2016-01-08,0.9615661430164959,1.89
2016-01-09,0.9101514223219854,2.06
2016-01-10,0.6581238274555687,2.02
2016-01-11,1.0893113519018671,1.99
2016-01-12,1.4925670010828207,2.82
2016-01-13,1.723266450441185,3.76
2016-01-14,1.3960714932511888,4.2
2016-01-15,1.451239008295898,3.95
2016-01-16,1.471198548361438,3.65
2016-01-17,1.0236763921252716,3.57
2016-01-18,0.8752416972414353,3.3
2016-01-19,0.7713799291354907,2.98
2016-01-20,0.6945537852780668,2.61
2016-01-21,0.6809115000964528,2.35
2016-01-22,0.6141421945947381,2.13
2016-01-23,0.574017438535216,1.93
2016-01-24,0.5369603282064269,1.78
2016-01-25,0.5262416285126988,1.66
2016-01-26,0.8366381685031185,1.64
2016-01-27,0.6136183128065352,1.57
2016-01-28,0.6522931930732424,1.44
2016-01-29,0.6779699923467059,1.38
2016-01-30,0.604512660274552,1.33
2016-01-31,0.5803579067901733,1.29
2016-02-01,0.5478309878998807,1.23
2016-02-02,0.7302320105256211,1.18
2016-02-03,0.7391679971124893,1.23
2016-02-04,0.6161537040104133,1.15
2016-02-05,0.8004417008474387,1.16
2016-02-06,0.8575558189073405,1.21
2016-02-07,1.1844014188570058,1.28
2016-02-08,1.0237282509147327,1.38
2016-02-09,1.4211810792024893,1.74
2016-02-10,0.9795925229243834,1.91
2016-02-11,0.924212733149664,1.88
2016-02-12,0.8176465089642988,1.76
2016-02-13,0.7574203113446654,1.62
2016-02-14,0.7140003235270727,1.47
2016-02-15,0.6798619559788766,1.35
2016-02-16,0.7831726759681484,1.32
2016-02-17,0.9621158918736515,1.41
2016-02-18,0.7505564281076662,1.25
2016-02-19,0.7014628131695625,1.2
2016-02-20,0.9558046464508614,1.27
2016-02-21,0.8311801113010103,1.22
2016-02-22,0.7541152735170638,1.17
2016-02-23,0.7017236790350486,1.13
2016-02-24,0.7476027731748685,1.14
2016-02-25,0.6868873876008106,1.12
2016-02-26,0.6596632088019985,1.09
2016-02-27,0.6432315714859947,1.05
2016-02-28,0.6316073500509252,1.01
2016-02-29,0.8968499532212555,1.03
2016-03-01,0.7860110350805691,1.11
2016-03-02,1.2082662821840608,1.31
2016-03-03,1.3363008564197023,1.47
2016-03-04,1.3383908961645803,1.83
2016-03-05,0.9995582414725589,1.86
2016-03-06,0.9577184854230085,1.8
2016-03-07,0.8676711391898604,1.63
2016-03-08,1.1460024681060672,1.58
2016-03-09,0.8867079851087654,1.55
2016-03-10,0.8220631483059347,1.37
2016-03-11,0.7804492630052178,1.31
2016-03-12,0.7481806966934226,1.26
2016-03-13,0.7231520297294615,1.21
2016-03-14,0.7010523409273993,1.17
2016-03-15,0.6843701253250476,1.14
2016-03-16,0.6710097851889906,1.09
2016-03-17,0.6602193847253954,1.06
2016-03-18,0.6513915083705928,1.03
2016-03-19,0.6441312507247858,0.993
2016-03-20,0.6381190034551808,0.96
2016-03-21,0.632939614255972,0.933
2016-03-22,0.6285016436795418,0.909
2016-03-23,0.624759690352906,0.885
2016-03-24,0.6602511768496012,0.888
2016-03-25,0.6210983811860741,0.853
2016-03-26,0.689073111186519,0.889
2016-03-27,0.7993811095175312,0.978
2016-03-28,0.766782232814948,1.01
2016-03-29,0.6984659417649518,0.899
2016-03-30,0.6563469858325457,0.843
2016-03-31,0.6380738758973077,0.814
2016-04-01,0.6316123506100249,0.808
2016-04-02,0.6274604879456015,0.807
2016-04-03,0.7523247756391391,0.859
2016-04-04,0.7205412569099597,0.852
2016-04-05,0.6617339052992638,0.811
2016-04-06,0.9799206895523833,0.86
2016-04-07,0.7448937175627531,1.19
2016-04-08,0.9185476075545871,1.1
2016-04-09,0.7997456011847246,1.13
2016-04-10,0.9221992288666084,1.13
2016-04-11,1.055726907353622,1.31
2016-04-12,0.816399817190343,1.26
2016-04-13,0.7875042017442111,1.25
2016-04-14,0.7290517522985465,1.22
2016-04-15,1.100283745323376,1.37
2016-04-16,0.8324647145014064,1.29
2016-04-17,0.7369828828727704,1.19
2016-04-18,0.6984064018231205,1.16
2016-04-19,0.6709713675105969,1.12
2016-04-20,0.6487052401520814,1.09
2016-04-21,0.6304316327960563,1.06
2016-04-22,0.6152842803475652,1.03
2016-04-23,0.6026076975522453,0.995
2016-04-24,0.6049641770562106,0.976
2016-04-25,0.5843169065154199,0.985
2016-04-26,0.5833812777738255,0.933
2016-04-27,0.5703212024172274,0.936
2016-04-28,0.6791734378718993,1.01
2016-04-29,0.6290145179973348,0.992
2016-04-30,0.6738339762499034,0.931
2016-05-01,0.5931876570420335,0.916
2016-05-02,0.5826301832207734,0.882
2016-05-03,0.5627718525620026,0.844
2016-05-04,0.553267442015003,0.827
2016-05-05,0.545405992587981,0.819
2016-05-06,0.5384164104319868,0.811
2016-05-07,0.5556041957881388,0.838
2016-05-08,0.5284054269247659,0.803
2016-05-09,0.5216678691246535,0.773
2016-05-10,0.6320361498556991,0.878
2016-05-11,0.5191451552003997,0.823
2016-05-12,0.5081356784466508,0.767
2016-05-13,0.5029692625940988,0.736
2016-05-14,0.4982864175687792,0.717
2016-05-15,0.4937455855850937,0.709
2016-05-16,0.4892991672485684,0.698
2016-05-17,0.4849882216804094,0.65
2016-05-18,0.4806505418259054,0.67
2016-05-19,0.5051571803683366,0.708
2016-05-20,0.4746669832108051,0.681
2016-05-21,0.4688204794662085,0.676
2016-05-22,0.4644434976989901,0.662
2016-05-23,0.45974349560818895,0.628
2016-05-24,0.45542289674805575,0.606
2016-05-25,0.45203273310733777,0.604
2016-05-26,0.4470706511982038,0.592
2016-05-27,0.44272896794750144,0.563
2016-05-28,0.43844111904969735,0.541
2016-05-29,0.43416378836416974,0.522
2016-05-30,0.4298952653039504,0.509
2016-05-31,0.42563370083134133,0.491
2016-06-01,0.42137852413506893,0.484
2016-06-02,0.417129610950268,0.474
2016-06-03,0.4128871553030863,0.468
2016-06-04,0.4086515925084499,0.46
2016-06-05,0.4044235390779198,0.448
2016-06-06,0.400203745056886,0.438
2016-06-07,0.3959930562462151,0.436
2016-06-08,0.39179238431980073,0.429
2016-06-09,0.4138554865336922,0.446
2016-06-10,0.4718628211278816,0.539
2016-06-11,0.3901609621243804,0.472
2016-06-12,0.3866222898958734,0.457
2016-06-13,0.4079440428117527,0.486
2016-06-14,0.5352918258394002,0.76
2016-06-15,0.47449211050364454,0.544
2016-06-16,0.49734162378507574,1.22
2016-06-17,0.3682144733404138,0.971
2016-06-18,0.35578827307880195,0.74
2016-06-19,0.4339811335374594,0.728
2016-06-20,0.35478158894662326,0.668
2016-06-21,0.34448329601115346,0.584
2016-06-22,0.33927111945675714,0.548
2016-06-23,0.3344426037285389,0.522
2016-06-24,0.3303673586268452,0.502
2016-06-25,0.3255613044126309,0.499
2016-06-26,0.37002293735146374,0.515
2016-06-27,0.32155865624629426,0.5
2016-06-28,0.4767113509462216,0.575
2016-06-29,0.43142679807550666,0.676
2016-06-30,0.3440229193233622,0.557
2016-07-01,0.31371821746787865,0.529
2016-07-02,0.30676420444609415,0.519
2016-07-03,0.29985877194617794,0.504
2016-07-04,0.33873671163537844,0.515
2016-07-05,0.29441530188187587,0.499
2016-07-06,0.287768643238137,0.482
2016-07-07,0.28913065396744697,0.483
2016-07-08,0.37920311511079835,0.471
2016-07-09,0.2835180980026073,0.571
2016-07-10,0.32652404312449257,0.493
2016-07-11,0.28169865581740183,0.526
2016-07-12,0.2723913791049661,0.501
2016-07-13,0.26459529309500684,0.472
2016-07-14,0.2602191581028736,0.455
2016-07-15,0.25973803004514817,0.468
2016-07-16,0.27190359304642386,0.501
2016-07-17,0.25077573144687215,0.46
2016-07-18,0.24610740709837559,0.443
2016-07-19,0.2425314881381762,0.428
2016-07-20,0.23910881778792717,0.426
2016-07-21,0.23577961566837138,0.414
2016-07-22,0.23730932130715082,0.423
2016-07-23,0.22966251320051567,0.415
2016-07-24,0.22627437438844794,0.419
2016-07-25,0.22320211573461834,0.408
2016-07-26,0.23649061120702106,0.409
2016-07-27,0.21814696877685563,0.416
2016-07-28,0.2143682314636668,0.415
2016-07-29,0.21144009397474908,0.41
2016-07-30,0.20859448399476813,0.393
2016-07-31,0.20578649669683263,0.386
2016-08-01,0.21864127035081635,0.401
2016-08-02,0.20107425465186451,0.395
2016-08-03,0.19760190960428772,0.376
2016-08-04,0.20686087710714068,0.392
2016-08-05,0.19297540698862972,0.368
2016-08-06,0.1896570421610022,0.358
2016-08-07,0.18702279097471644,0.356
2016-08-08,0.18445804222335588,0.348
2016-08-09,0.18192430300388496,0.351
2016-08-10,0.20265661342147606,0.366
2016-08-11,0.17829324632780888,0.377
2016-08-12,0.17457175644711376,0.35
2016-08-13,0.1720745747651962,0.342
2016-08-14,0.16967535869851344,0.338
2016-08-15,0.16730755005931006,0.329
2016-08-16,0.16496701418138343,0.323
2016-08-17,0.16265334542543525,0.322
2016-08-18,0.16037173493580603,0.319
2016-08-19,0.22146695837796912,0.353
2016-08-20,0.29695291793608036,0.378
2016-08-21,0.16964156391292115,0.386
2016-08-22,0.15300445910936375,0.35
2016-08-23,0.1496644595899424,0.327
2016-08-24,0.14742345435386947,0.318
2016-08-25,0.14594380809628063,0.325
2016-08-26,0.14319785073421545,0.311
2016-08-27,0.18327102898523676,0.345
2016-08-28,0.14230356124306978,0.339
2016-08-29,0.13802067755519032,0.313
2016-08-30,0.13578154392628733,0.305
2016-08-31,0.13369892584367252,0.3
2016-09-01,0.13165700926843407,0.295
2016-09-02,0.12976808593576863,0.294
2016-09-03,0.2736506880623731,0.366
2016-09-04,0.13708502443633566,0.323
2016-09-05,0.12573416652190908,0.309
2016-09-06,0.12311865711861841,0.299
2016-09-07,0.12208030576479065,0.293
2016-09-08,0.11925690304373396,0.292
2016-09-09,0.11781403788304816,0.289
2016-09-10,0.1154716846057235,0.287
2016-09-11,0.11364449073427847,0.279
2016-09-12,0.111900728777375,0.279
2016-09-13,0.16149399646156293,0.311
2016-09-14,0.11252030651192577,0.286
2016-09-15,0.10842848786865991,0.281
2016-09-16,0.10620818146467713,0.274
2016-09-17,0.10441387028507153,0.271
2016-09-18,0.13002308565014864,0.275
2016-09-19,0.1031962246471144,0.275
2016-09-20,0.10010904816863407,0.271
2016-09-21,0.1764404517698564,0.285
2016-09-22,0.102245118985018,0.274
2016-09-23,0.09633936086745017,0.263
2016-09-24,0.09501221229341232,0.261
2016-09-25,0.09962171273162033,0.26
2016-09-26,0.14151793823145492,0.284
2016-09-27,0.0937605064803503,0.267
2016-09-28,0.08987559385318093,0.259
2016-09-29,0.08794178741033361,0.254
2016-09-30,0.09274393159262281,0.254
2016-10-01,0.21669801415854018,0.317
2016-10-02,0.0930921168800503,0.279
2016-10-03,0.08434057873475043,0.261
2016-10-04,0.082225046513371,0.258
2016-10-05,0.08065493458995812,0.248
2016-10-06,0.07919976316363161,0.25
2016-10-07,0.07782025034417413,0.251
2016-10-08,0.07649121333658554,0.247
2016-10-09,0.07521660607659961,0.251
2016-10-10,0.07402882637774025,0.247
2016-10-11,0.07319597317335312,0.249
2016-10-12,0.07183515168383955,0.25
2016-10-13,0.11880005971340156,0.255
2016-10-14,0.07328543695144604,0.266
2016-10-15,0.07236815231158805,0.251
2016-10-16,0.13961354661574701,0.26
2016-10-17,0.1174299149427971,0.257
2016-10-18,0.09355593950593177,0.258
2016-10-19,0.0695374267574076,0.272
2016-10-20,0.06595885853557851,0.255
2016-10-21,0.06439401673295189,0.25
2016-10-22,0.063108952779753,0.245
2016-10-23,0.06183011192820526,0.242
2016-10-24,0.060672833006956035,0.241
2016-10-25,0.059587350984977874,0.238
2016-10-26,0.05854085668061601,0.234
2016-10-27,0.057573631932181936,0.231
2016-10-28,0.05663893785541925,0.312
2016-10-29,0.05566700126356777,0.291
2016-10-30,0.054767819345628126,0.285
2016-10-31,0.053894603275433925,0.215
2016-11-01,0.06595167187601367,0.276
2016-11-02,0.05320909411810544,0.25
2016-11-03,0.08395060897330774,0.236
2016-11-04,0.15270445257239176,0.255
2016-11-05,0.0573124315548941,0.243
2016-11-06,0.053335490895459026,0.232
2016-11-07,0.05002271194963502,0.231
2016-11-08,0.22119403829980672,0.334
2016-11-09,0.24371664766978676,0.588
2016-11-10,0.24026274383823049,0.495
2016-11-11,0.2456170877999807,0.466
2016-11-12,0.07928431395696046,0.514
2016-11-13,0.07606174904082297,0.474
2016-11-14,0.06333374114085318,0.458
2016-11-15,0.05685614064710657,0.449
2016-11-16,0.07861667006502523,0.437
2016-11-17,0.1364222375821905,0.476
2016-11-18,0.08596848517295813,0.442
2016-11-19,0.056907803779386236,0.44
2016-11-20,0.11545276809457955,0.429
2016-11-21,0.36065677370756416,3.173
2016-11-22,0.34165413188697114,2.712
2016-11-23,0.295344355284334,1.952
2016-11-24,0.27648749861559246,1.546
2016-11-25,0.20206008791316069,1.315
2016-11-26,0.10646341332295496,1.152
2016-11-27,0.0765111705887556,1.035
2016-11-28,0.06877360348863013,0.946
2016-11-29,0.06521115499541182,0.87
2016-11-30,0.05983962108774414,0.822
2016-12-01,0.05860711273813028,0.785
2016-12-02,0.06480543277885813,0.755
2016-12-03,0.05436974152902497,0.722
2016-12-04,0.05295897586602283,0.69
2016-12-05,0.05008732577636927,0.663
2016-12-06,0.10638491255371613,0.658
2016-12-07,0.3290261912366614,0.664
2016-12-08,0.13309969107259773,0.748
2016-12-09,0.11938154847536642,0.672
2016-12-10,0.11928275364932553,0.646
2016-12-11,0.09504521009025464,0.624
2016-12-12,0.17738573111010186,0.622
2016-12-13,0.10759384680108763,0.637
2016-12-14,0.09026634529743147,0.615
2016-12-15,0.11240841100846895,0.626
2016-12-16,0.0889694616400221,0.61
2016-12-17,0.0779357622222361,0.6
2016-12-18,0.07206102973902503,0.597
2016-12-19,0.1060404719388056,0.599
2016-12-20,0.07955908930080634,0.653
2016-12-21,0.1316400056310915,0.633
2016-12-22,0.08118894842099368,0.587
2016-12-23,0.1865075514249988,0.61
2016-12-24,0.09996464692134499,0.583
2016-12-25,0.11984482859783702,0.574
2016-12-26,0.08926850453126027,0.55
2016-12-27,0.08139203142782794,0.541
2016-12-28,0.07702491987827505,0.536
2016-12-29,0.07195900729080888,0.534
2016-12-30,0.06841463553412108,0.534
2016-12-31,0.20079073940659126,0.543
2017-01-01,0.11724480190473421,0.581
2017-01-02,0.09007630039960868,0.534
2017-01-03,0.08441367825602938,0.524
2017-01-04,0.07705909830798416,0.512
2017-01-05,0.07413759407956837,0.501
2017-01-06,0.27476248772845596,0.58
2017-01-07,0.1278343419331009,0.582
2017-01-08,0.10813770960616845,0.559
2017-01-09,0.19265791736109997,0.598
2017-01-10,0.11471843660658083,0.584
2017-01-11,0.15817068995091224,0.574
2017-01-12,0.39430620685382883,0.646
2017-01-13,0.3151449278550592,0.693
2017-01-14,0.47329106705973456,0.83
2017-01-15,0.6409717013239751,1.311
2017-01-16,0.36758865378731687,1.71
2017-01-17,0.31274464074980657,1.58
2017-01-18,0.2493393029578577,1.372
2017-01-19,0.21907936430318412,1.225
2017-01-20,0.18955062450598797,1.12
2017-01-21,0.1704627570914968,1.046
2017-01-22,0.1530435194065084,0.98
2017-01-23,0.1401423130123178,0.923
2017-01-24,0.13014280687409008,0.88
2017-01-25,0.12236290932118339,0.84
2017-01-26,0.11643198917412306,0.807
2017-01-27,0.25642508727111213,0.797
2017-01-28,0.1889779783226783,0.849
2017-01-29,0.15414910234630994,0.777
2017-01-30,0.13795338597773138,0.744
2017-01-31,0.1765240733784643,0.735
2017-02-01,0.14292549541194255,0.722
2017-02-02,0.14465589891984473,0.707
2017-02-03,0.21686499959074723,0.718
2017-02-04,0.14836277196726047,0.702
2017-02-05,0.1369283746418963,0.67
2017-02-06,0.24499295387318398,0.686
2017-02-07,0.20540923421188204,0.691
2017-02-08,0.159802124124771,0.67
2017-02-09,0.1481627902202845,0.657
2017-02-10,0.14269568292225224,0.65
2017-02-11,0.13851841608943358,0.649
2017-02-12,0.1314854757326359,0.641
2017-02-13,0.1262231483633121,0.633
2017-02-14,0.1238252428229911,0.622
2017-02-15,0.12113517090810047,0.612
2017-02-16,0.11935691260811203,0.601
2017-02-17,0.11805885869899839,0.594
2017-02-18,0.1168882388141012,0.586
2017-02-19,0.1161245428168379,0.578
2017-02-20,0.11566308008755304,0.573
2017-02-21,0.17021749752292065,0.572
2017-02-22,0.2978140557754002,0.674
2017-02-23,0.5977916112048953,0.912
2017-02-24,0.41322897201500625,0.838
2017-02-25,0.3987509067905939,0.9
2017-02-26,0.539360317843435,0.954
2017-02-27,0.7010143593837783,1.147
2017-02-28,0.7309898485327933,1.456
2017-03-01,1.105543845876029,1.799
2017-03-02,0.6568197226962381,1.979
2017-03-03,0.692696234451155,1.999
2017-03-04,0.6101581216355826,1.776
2017-03-05,1.0457336007710798,2.059
2017-03-06,0.8447345977193766,1.915
2017-03-07,0.7322804881705234,1.855
2017-03-08,0.5504650201345649,1.736
2017-03-09,0.47717997404800305,1.595
2017-03-10,0.41945265259171916,1.502
2017-03-11,0.37824332861281523,1.415
2017-03-12,0.3512067020680361,1.325
2017-03-13,0.3142451670697146,1.228
2017-03-14,0.2925464523589002,1.159
2017-03-15,0.27636144279077246,1.102
2017-03-16,0.31747304445478314,1.077
2017-03-17,0.42597510610514916,1.071
2017-03-18,0.3340532455712223,1.047
2017-03-19,0.369790723883215,0.991
2017-03-20,0.38482823346033707,1.002
2017-03-21,0.5482062825699985,0.973
2017-03-22,0.44094951457243886,0.999
2017-03-23,0.36447827267887173,0.931
2017-03-24,0.3377840838684205,0.914
2017-03-25,0.3176809617990072,0.912
2017-03-26,0.3031681957310716,0.911
2017-03-27,0.2919807085757427,0.867
2017-03-28,0.2844514694436621,0.851
2017-03-29,0.36222940914282004,0.852
2017-03-30,0.2872024909663596,0.891
2017-03-31,0.41079025718181733,0.834
2017-04-01,0.30848605875134716,0.883
2017-04-02,0.28515992814579105,0.791
2017-04-03,0.28603815227035817,0.766
2017-04-04,0.27485005451985345,0.747
2017-04-05,0.2711569335265594,0.761
2017-04-06,0.268595645892844,0.765
2017-04-07,0.26666600875561086,0.717
2017-04-08,0.26510520155467543,0.692
2017-04-09,0.2639440807035144,0.671
2017-04-10,0.26294274513148236,0.653
2017-04-11,0.26214967275796663,0.651
2017-04-12,0.2616217221772492,0.641
2017-04-13,0.26093564658731,0.624
2017-04-14,0.311355800134817,0.646
2017-04-15,0.2634886074196988,0.614
2017-04-16,0.3123326518172745,0.61
2017-04-17,0.2634285241662439,0.632
2017-04-18,0.25969939799538744,0.587
2017-04-19,0.2587799373716183,0.567
2017-04-20,0.2577593834594687,0.552
2017-04-21,0.25682265634238693,0.541
2017-04-22,0.2559027037711606,0.528
2017-04-23,0.25508369221422195,0.525
2017-04-24,0.254256067552293,0.522
2017-04-25,0.2530892669223124,0.515
2017-04-26,0.25200656656590803,0.501
2017-04-27,0.28222145259687015,0.509
2017-04-28,0.2520465969572246,0.568
2017-04-29,0.2489588382822106,0.509
2017-04-30,0.24843903205571066,0.496
2017-05-01,0.24640171342002043,0.49
2017-05-02,0.24499255808167167,0.469
2017-05-03,0.24356692713507871,0.456
2017-05-04,0.24212413007665173,0.446
2017-05-05,0.24065286035353173,0.44
2017-05-06,0.2391519385241847,0.442
2017-05-07,0.23762144475943622,0.409
2017-05-08,0.23606183204609124,0.404
2017-05-09,0.23447381721293,0.447
2017-05-10,0.23285831232305976,0.432
2017-05-11,0.2312163739049891,0.415
2017-05-12,0.2329399960154808,0.411
2017-05-13,0.22801000810071548,0.402
2017-05-14,0.2261507286356762,0.391
2017-05-15,0.22440875432275637,0.391
2017-05-16,0.22265287752332663,0.353
2017-05-17,0.22087847395974752,0.358
2017-05-18,0.2190865890731338,0.364
2017-05-19,0.2172785066053479,0.374
2017-05-20,0.21545549966154337,0.387
2017-05-21,0.21361881560102342,0.374
2017-05-22,0.21176967244650954,0.368
2017-05-23,0.2099092566243891,0.371
2017-05-24,0.20803872140986615,0.365
2017-05-25,0.20615918591395757,0.354
2017-05-26,0.20427173449719835,0.344
2017-05-27,0.2023774165187756,0.349
2017-05-28,0.22794451906616292,0.352
2017-05-29,0.20012645385346828,0.398
2017-05-30,0.19675240696112758,0.367
2017-05-31,0.19475646019478762,0.351
2017-06-01,0.23171012590843323,0.35
2017-06-02,0.19304996901735968,0.379
2017-06-03,0.18912413111876195,0.347
2017-06-04,0.2081442332129377,0.336
2017-06-05,0.3476053455660652,0.438
2017-06-06,0.2538886634239757,0.441
2017-06-07,0.247603050262113,0.388
2017-06-08,0.18580776303030222,0.381
2017-06-09,0.35259874205431735,0.403
2017-06-10,0.1943380585037599,0.498
2017-06-11,0.17975497634986642,0.388
2017-06-12,0.17621050821309187,0.362
2017-06-13,0.1735116893706455,0.35
2017-06-14,0.17102603423859342,0.334
2017-06-15,0.16867417972411872,0.326
2017-06-16,0.16643457555993327,0.328
2017-06-17,0.1642845509502384,0.319
2017-06-18,0.16220818481649024,0.315
2017-06-19,0.16019241485057326,0.305
2017-06-20,0.1582274102581431,0.303
2017-06-21,0.1566040352983837,0.297
2017-06-22,0.15447137239789244,0.301
2017-06-23,0.15270646990194767,0.299
2017-06-24,0.15074740656913654,0.299
2017-06-25,0.14892737115133847,0.295
2017-06-26,0.2057209039349636,0.294
2017-06-27,0.1492886077511419,0.32
2017-06-28,0.31106694611000246,0.348
2017-06-29,0.23215001271146332,0.379
2017-06-30,0.162429152895906,0.371
2017-07-01,0.14444595057607468,0.327
2017-07-02,0.14066989487173717,0.306
2017-07-03,0.13835539197018693,0.299
2017-07-04,0.13602083971679543,0.292
2017-07-05,0.1339390618479033,0.285
2017-07-06,0.13196976776924466,0.281
2017-07-07,0.13027280645011433,0.285
2017-07-08,0.12828526350710573,0.279
2017-07-09,0.12669952448701577,0.274
2017-07-10,0.1424575824119583,0.284
2017-07-11,0.12691227617458514,0.294
2017-07-12,0.12223451040198208,0.272
2017-07-13,0.12056135369546031,0.266
2017-07-14,0.11889442692460984,0.27
2017-07-15,0.11725054919385071,0.273
2017-07-16,0.11557378618944336,0.266
2017-07-17,0.11402997832556093,0.254
2017-07-18,0.11251963637955224,0.249
2017-07-19,0.1953657083659406,0.27
2017-07-20,0.11436604056249568,0.267
2017-07-21,0.2754788933816207,0.339
2017-07-22,0.1548875919025696,0.293
2017-07-23,0.11073849171515394,0.272
2017-07-24,0.10631000038253095,0.261
2017-07-25,0.20157952726746156,0.263
2017-07-26,0.1114315773028989,0.293
2017-07-27,0.10973378819422198,0.286
2017-07-28,0.2224792903440829,0.317
2017-07-29,0.10889580661632568,0.283
2017-07-30,0.10144329232825401,0.266
2017-07-31,0.09900294439754505,0.262
2017-08-01,0.11005118922277503,0.264
2017-08-02,0.0968887451504487,0.258
2017-08-03,0.09421023028993812,0.257
2017-08-04,0.0920670656831107,0.251
2017-08-05,0.09078284390090187,0.25
2017-08-06,0.2572048230416159,0.319
2017-08-07,0.0996727449216297,0.293
2017-08-08,0.22252838671583272,0.323
2017-08-09,0.09853074281376446,0.309
2017-08-10,0.08899988150361511,0.265
2017-08-11,0.086594956289271,0.261
2017-08-12,0.08488982807192919,0.261
2017-08-13,0.08949339685351419,0.258
2017-08-14,0.23226621295581623,0.329
2017-08-15,0.09187368261196265,0.288
2017-08-16,0.18672317822526394,0.295
2017-08-17,0.10877737509701732,0.308
2017-08-18,0.12903904904829855,0.303
2017-08-19,0.0872731895706703,0.293
2017-08-20,0.08230154578156812,0.285
2017-08-21,0.07904934470727688,0.28
2017-08-22,0.076888396697709,0.27
2017-08-23,0.07501657291152719,0.258
2017-08-24,0.07332471864191237,0.253
2017-08-25,0.07182364360422036,0.251
2017-08-26,0.07045914274287554,0.248
2017-08-27,0.06924036046252555,0.244
2017-08-28,0.06823384281792065,0.242
2017-08-29,0.0670161579806465,0.245
2017-08-30,0.06596244231761224,0.237
2017-08-31,0.12847500428682931,0.251
2017-09-01,0.06761824240743991,0.239
2017-09-02,0.06368922606276295,0.236
2017-09-03,0.06412553621530201,0.243
2017-09-04,0.18518245316109763,0.248
2017-09-05,0.06915866820408724,0.27
2017-09-06,0.06152736781592104,0.239
2017-09-07,0.23015781002577484,0.284
2017-09-08,0.2001272517084152,0.342
2017-09-09,0.1234958302708389,0.458
2017-09-10,0.130196556453144,0.35
2017-09-11,0.243142447885632,0.425
2017-09-12,0.21590828104805765,0.486
2017-09-13,0.23259324773935966,0.62
2017-09-14,0.26412340033292864,0.673
2017-09-15,0.23994292808133177,0.761
2017-09-16,0.14183162782781375,0.827
2017-09-17,0.10133817729586964,0.793
2017-09-18,0.1793897267421298,0.808
2017-09-19,0.0960424763570014,0.738
2017-09-20,0.20350298498122782,0.723
2017-09-21,0.10066275690806542,0.753
2017-09-22,0.1024568860125864,0.675
2017-09-23,0.08448094134605066,0.643
2017-09-24,0.136823397566828,0.65
2017-09-25,0.08397546253283435,0.625
2017-09-26,0.0747393081044621,0.585
2017-09-27,0.12488142458763811,0.585
2017-09-28,0.07364247273714374,0.551
2017-09-29,0.06765779660214073,0.534
2017-09-30,0.16266415616174923,0.606
2017-10-01,0.07285208426871917,0.56
2017-10-02,0.06637963565903403,0.52
2017-10-03,0.062164844345577466,0.508
2017-10-04,0.202484108222954,0.54
2017-10-05,0.08032781050297774,0.532
2017-10-06,0.06561602067162711,0.514
2017-10-07,0.1783010002860586,0.551
2017-10-08,0.10880815785229898,0.55
2017-10-09,0.0899547903594628,0.526
2017-10-10,0.08152954107912538,0.517
2017-10-11,0.07777338965980696,0.518
2017-10-12,0.06878773272243659,0.498
2017-10-13,0.0657571212174396,0.494
2017-10-14,0.06238528897168206,0.482
2017-10-15,0.060127093856343745,0.475
2017-10-16,0.05836447726281832,0.457
2017-10-17,0.05691676785268865,0.449
2017-10-18,0.05572812885297966,0.451
2017-10-19,0.17290210896910085,0.499
2017-10-20,0.06753402449644363,0.489
2017-10-21,0.22148692190894037,0.547
2017-10-22,0.0739413961438568,0.494
2017-10-23,0.06819075208634647,0.474
2017-10-24,0.19778033263259914,0.501
2017-10-25,0.09391650979453306,0.503
2017-10-26,0.08444061789751715,0.486
2017-10-27,0.07423379377391576,0.479
2017-10-28,0.09400239692514879,0.489
2017-10-29,0.07329743175792863,0.488
2017-10-30,0.06811890517923277,0.474
2017-10-31,0.06514230660104352,0.47
2017-11-01,0.062259469284037944,0.465
2017-11-02,0.05971134849524488,0.46
2017-11-03,0.16380520337314539,0.474
2017-11-04,0.33067363144865086,0.587
2017-11-05,0.2452441009209058,0.737
2017-11-06,0.1929265711818684,0.678
2017-11-07,0.3111794125436937,0.916
2017-11-08,0.15939459314644477,0.871
2017-11-09,0.1874136360554654,0.862
2017-11-10,0.2544847447491617,0.855
2017-11-11,0.45991098761209664,0.89
2017-11-12,0.21545985277061472,1.013
2017-11-13,0.196138547977122,0.96
2017-11-14,0.1876498647997213,0.949
2017-11-15,0.1597982634424619,0.896
2017-11-16,0.17434528275375996,0.857
2017-11-17,0.13593043302774188,0.801
2017-11-18,0.12318744001245494,0.771
2017-11-19,0.11667048009072348,0.741
2017-11-20,0.10777825929645658,0.722
2017-11-21,0.2470588046560922,0.724
2017-11-22,0.4028197215732837,0.839
2017-11-23,0.18996653542718991,0.776
2017-11-24,0.28843529064088036,0.743
2017-11-25,0.561302441693535,1.004
2017-11-26,0.5734931863532717,1.117
2017-11-27,0.5688059397267332,1.31
2017-11-28,0.3428013199250965,1.38
2017-11-29,0.2846149812694271,1.305
2017-11-30,0.24735621877883915,1.206
2017-12-01,0.36804089397989587,1.135
2017-12-02,0.35659618553597505,1.122
2017-12-03,0.2777802360040989,1.052
2017-12-04,0.2853620616100112,1.022
2017-12-05,0.22652700528760644,0.971
2017-12-06,0.4343228572511165,0.971
2017-12-07,0.530168763183936,1.076
2017-12-08,0.8738613116898171,1.117
2017-12-09,0.9325661807682529,1.151
2017-12-10,0.7229689078991527,1.179
2017-12-11,0.5030467974610612,1.122
2017-12-12,0.6492323938715727,1.169
2017-12-13,0.880182221513031,1.954
2017-12-14,0.9338056140434741,2.332
2017-12-15,0.6829708134973911,2.374
2017-12-16,0.6832331097810872,2.254
2017-12-17,0.653606395822473,2.145
2017-12-18,0.4977379623850455,1.952
2017-12-19,0.4339220383980469,1.813
2017-12-20,0.4031825461704285,1.688
2017-12-21,0.3543034893439442,1.563
2017-12-22,0.3283297653161015,1.446
2017-12-23,0.3043532057777722,1.337
2017-12-24,0.2877004075598106,1.275
2017-12-25,0.7725228976482049,1.465
2017-12-26,0.4264961254094984,1.344
2017-12-27,0.44822289011898303,1.287
2017-12-28,0.8018319210853808,1.268
2017-12-29,0.8720971423005287,1.677
2017-12-30,0.703963877564299,1.614
2017-12-31,0.7232004979430465,1.673
2018-01-01,0.7350019987416455,1.659
2018-01-02,0.8894647955026294,1.702
2018-01-03,0.7341919889328125,1.625
2018-01-04,0.6302469154809918,1.622
2018-01-05,0.5488759796982693,1.528
2018-01-06,0.49203629075797584,1.402
2018-01-07,0.4578901947640374,1.329
2018-01-08,0.42834505786908755,1.289
2018-01-09,0.41020806677864685,1.259
2018-01-10,0.38670636695700944,1.189
2018-01-11,0.37332932156640986,1.121
2018-01-12,0.3657803264818801,1.081
2018-01-13,0.35647298721419085,1.044
2018-01-14,0.39986752645213985,1.012
2018-01-15,0.4848644066821259,1.017
2018-01-16,0.42891719127963135,0.964
2018-01-17,0.6858166262980435,0.951
2018-01-18,0.5342332493949569,0.947
2018-01-19,0.4705298021426135,0.892
2018-01-20,0.6572570593587215,0.908
2018-01-21,0.8939393501539684,1.141
2018-01-22,0.5908379159732333,1.048
2018-01-23,0.8838109436665182,1.015
2018-01-24,0.7234689231505739,1.175
2018-01-25,0.7351326399921886,1.134
2018-01-26,0.6221139106157066,1.111
2018-01-27,0.5630681765045161,1.117
2018-01-28,0.6869518203627497,1.09
2018-01-29,0.6034005162445168,1.13
2018-01-30,0.6974533638268469,1.095
2018-01-31,0.7257716146429684,1.108
2018-02-01,0.5846978924479406,1.102
2018-02-02,0.6804204488239641,1.07
2018-02-03,0.7633457180988924,1.142
2018-02-04,0.5926907079807833,1.075
2018-02-05,0.5492112383372739,1.078
2018-02-06,0.5892679702092252,1.09
2018-02-07,0.5249555767777934,1.066
2018-02-08,1.0405537956380124,1.224
2018-02-09,0.8236987241274788,1.353
2018-02-10,0.7909809423511841,1.353
2018-02-11,0.7692397816799318,1.381
2018-02-12,0.7351442626416391,1.353
2018-02-13,0.8010751679870515,1.446
2018-02-14,0.6711582732696562,1.34
2018-02-15,0.6076403925099724,1.246
2018-02-16,0.573091859916255,1.199
2018-02-17,0.5549739449145593,1.16
2018-02-18,0.678741123497293,1.157
2018-02-19,0.731023547470111,1.163
2018-02-20,0.5936955241765952,1.114
2018-02-21,0.5597367874401215,1.067
2018-02-22,0.5389207490140119,1.035
2018-02-23,0.5200011059730272,1.009
2018-02-24,0.5059461881505566,0.977
2018-02-25,0.4948757098667879,0.947
2018-02-26,0.5306971482793909,0.925
2018-02-27,0.4986391023382265,0.919
2018-02-28,0.4838936740043268,0.882
2018-03-01,0.6016220012029454,0.871
2018-03-02,0.5089523478986469,0.865
2018-03-03,0.5072393506053242,0.85
2018-03-04,0.4999088705831102,0.876
2018-03-05,0.6052554754144367,1.016
2018-03-06,0.5108825413763571,1.013
2018-03-07,0.7572895435451096,0.97
2018-03-08,0.5741149307249832,1.105
2018-03-09,0.8468109964626911,1.167
2018-03-10,0.6213762256059664,1.257
2018-03-11,0.9233290088113758,1.276
2018-03-12,1.0290087136617099,1.598
2018-03-13,0.7319788027806842,1.621
2018-03-14,0.8588219561585829,1.614
2018-03-15,0.7995846983233369,1.583
2018-03-16,0.9275564250541154,1.698
2018-03-17,0.8004237019085625,1.557
2018-03-18,0.701545300328073,1.53
2018-03-19,0.6441349093795036,1.454
2018-03-20,0.6081093649874912,1.367
2018-03-21,0.5797149126334157,1.308
2018-03-22,0.5591450211671172,1.267
2018-03-23,0.6364378162875356,1.237
2018-03-24,0.5546571137829881,1.173
2018-03-25,0.5331187382184285,1.109
2018-03-26,0.6468899652212406,1.092
2018-03-27,0.5475091428692821,1.093
2018-03-28,0.5262936749561694,1.036
2018-03-29,0.7147577761532158,1.069
2018-03-30,1.2808713463342036,1.264
2018-03-31,0.9451805929891143,1.646
2018-04-01,1.378149891829731,1.553
2018-04-02,1.1434698874289524,2.062
2018-04-03,0.9067323608149248,2.019
2018-04-04,1.0453667858700324,1.964
2018-04-05,0.822354545550153,1.757
2018-04-06,0.9385301686159866,1.656
2018-04-07,1.0618997605148404,1.826
2018-04-08,0.8096488342598773,1.617
2018-04-09,0.9576392191012698,1.576
2018-04-10,0.9888337686413772,1.781
2018-04-11,0.7859358760207279,1.616
2018-04-12,0.7949145544323153,1.58
2018-04-13,0.7088716248588701,1.533
2018-04-14,0.668039579136362,1.441
2018-04-15,0.6376073233022054,1.383
2018-04-16,0.6148426264766507,1.304
2018-04-17,0.6243090774453035,1.264
2018-04-18,0.5869308329976722,1.184
2018-04-19,0.5713999429901757,1.137
2018-04-20,0.5596715844768922,1.097
2018-04-21,0.5502870643609324,1.065
2018-04-22,0.5425543670449581,1.035
2018-04-23,0.5362238880070163,0.995
2018-04-24,0.6983593625255189,1.17
2018-04-25,0.5760327073418313,1.033
2018-04-26,0.5299409968560287,0.964
2018-04-27,0.5471371357507171,0.952
2018-04-28,0.5237175118424244,0.912
2018-04-29,0.5185210935299086,0.885
2018-04-30,0.5147733276353973,0.862
2018-05-01,0.6046158544824479,0.865
2018-05-02,0.5156586016093329,0.884
2018-05-03,0.5077243112503496,0.819
2018-05-04,0.5042152857376857,0.798
2018-05-05,0.5011961522028481,0.777
2018-05-06,0.4982902388612097,0.76
2018-05-07,0.49543389918149167,0.744
2018-05-08,0.49269536713782996,0.734
2018-05-09,0.490160971657399,0.729
2018-05-10,0.48693691817032114,0.708
2018-05-11,0.4972620225542761,0.71
2018-05-12,0.4824054263074686,0.691
2018-05-13,0.4786218621605134,0.653
2018-05-14,0.4754983990960109,0.632
2018-05-15,0.4965012815656017,0.626
2018-05-16,0.4712340249762661,0.622
2018-05-17,0.46663972563160594,0.605
2018-05-18,0.4632359054673257,0.591
2018-05-19,0.45988274535319645,0.577
2018-05-20,0.4565031644395138,0.568
2018-05-21,0.45309643530698784,0.563
2018-05-22,0.4496591332177894,0.548
2018-05-23,0.44619066126662155,0.538
2018-05-24,0.44269111567537794,0.534
2018-05-25,0.49195339332579724,0.579
2018-05-26,0.4386129165485662,0.541
2018-05-27,0.5262987718396951,0.623
2018-05-28,0.4341997491675314,0.545
2018-05-29,0.4255649225094026,0.516
2018-05-30,0.4219168418792393,0.515
2018-05-31,0.4187092521228405,0.507
2018-06-01,0.5357003784864984,0.616
2018-06-02,0.41964964331878307,0.528
2018-06-03,0.40880615488829025,0.496
2018-06-04,0.404267880519472,0.482
2018-06-05,0.4001733233854059,0.47
2018-06-06,0.39615512526917057,0.459
2018-06-07,0.392182553731836,0.451
2018-06-08,0.3882441544471213,0.446
2018-06-09,0.3843377424398547,0.439
2018-06-10,0.3804485126485754,0.433
2018-06-11,0.37657981425790066,0.424
2018-06-12,0.3727288075564774,0.419
2018-06-13,0.36910104377963054,0.423
2018-06-14,0.36508262066127434,0.412
2018-06-15,0.3613102641087686,0.406
2018-06-16,0.35747530396135446,0.404
2018-06-17,0.35367601945613597,0.402
2018-06-18,0.3499012295557095,0.397
2018-06-19,0.34613970369136476,0.396
2018-06-20,0.3423911069921892,0.391
2018-06-21,0.33865591026794634,0.379
2018-06-22,0.33493469689471306,0.375
2018-06-23,0.33122809963290745,0.372
2018-06-24,0.3275367808645144,0.366
2018-06-25,0.3238614189295634,0.353
2018-06-26,0.32020269755540937,0.348
2018-06-27,0.31656129764297397,0.343
2018-06-28,0.3129378909252032,0.339
2018-06-29,0.309333135116568,0.336
2018-06-30,0.30574767024922384,0.332
2018-07-01,0.30218211595250977,0.328
2018-07-02,0.29863706948128127,0.323
2018-07-03,0.2951131043376244,0.322
2018-07-04,0.2916107693617344,0.319
2018-07-05,0.28813058819272575,0.317
2018-07-06,0.28467305902012774,0.317
2018-07-07,0.2812386545628028,0.314
2018-07-08,0.27782782222480995,0.311
2018-07-09,0.27444098438795994,0.31
2018-07-10,0.2710785388089827,0.304
2018-07-11,0.26774085909577067,0.3
2018-07-12,0.2644282952423829,0.301
2018-07-13,0.2696985382135111,0.318
2018-07-14,0.25827466242681657,0.302
2018-07-15,0.25466201079748596,0.297
2018-07-16,0.397647404594806,0.36
2018-07-17,0.2563801540157664,0.315
2018-07-18,0.2455718772493188,0.297
2018-07-19,0.24199540316669496,0.292
2018-07-20,0.24703912631889724,0.304
2018-07-21,0.23620449778367322,0.303
2018-07-22,0.2327662978295058,0.293
2018-07-23,0.22972712484123575,0.284
2018-07-24,0.22673445913848944,0.29
2018-07-25,0.22377057140028025,0.279
2018-07-26,0.2208346190954939,0.272
2018-07-27,0.21792662271817503,0.275
2018-07-28,0.2611021971542412,0.273
2018-07-29,0.21460533032476026,0.296
2018-07-30,0.20951309971536375,0.279
2018-07-31,0.2065825418633167,0.268
2018-08-01,0.20380785085320546,0.264
2018-08-02,0.20106791594530538,0.265
2018-08-03,0.19835642546720347,0.273
2018-08-04,0.19567300980355723,0.264
2018-08-05,0.1930176120983902,0.258
2018-08-06,0.190390183918554,0.253
2018-08-07,0.18779066856629106,0.218
2018-08-08,0.18521900048550954,0.214
2018-08-09,0.18267510558285177,0.213
2018-08-10,0.18558961352052622,0.283
2018-08-11,0.21368157627392326,0.289
2018-08-12,0.2062385041857672,0.287
2018-08-13,0.17459087998868447,0.269
2018-08-14,0.17047608439113449,0.3
2018-08-15,0.1774024548391774,0.279
2018-08-16,0.1662226128314161,0.259
2018-08-17,0.16334871260558476,0.252
2018-08-18,0.16101610576266137,0.246
2018-08-19,0.15874211755123302,0.245
2018-08-20,0.1564966092083003,0.245
2018-08-21,0.15427756540966686,0.241
2018-08-22,0.15208951053513753,0.242
2018-08-23,0.1499180341467034,0.243
2018-08-24,0.1941645068624099,0.248
2018-08-25,0.15407154689219052,0.241
2018-08-26,0.19009475362524503,0.271
2018-08-27,0.14401285733174243,0.243
2018-08-28,0.1396193748262291,0.212
2018-08-29,0.13746376977688787,0.202
2018-08-30,0.13546511599811112,0.198
2018-08-31,0.1334998243298566,0.193
2018-09-01,0.13155941164057278,0.195
2018-09-02,0.14828458221778415,0.203
2018-09-03,0.12879471941627377,0.206
2018-09-04,0.1259424830483377,0.197
2018-09-05,0.12404176983157301,0.193
2018-09-06,0.12221735970495556,0.201
2018-09-07,0.12041927234013687,0.196
2018-09-08,0.20608072917738116,0.236
2018-09-09,0.12146254348772269,0.233
2018-09-10,0.24606192444253633,0.235
2018-09-11,0.17559734741762104,0.275
2018-09-12,0.11527496815102796,0.245
2018-09-13,0.1103254580486727,0.227
2018-09-14,0.10862318076083402,0.227
2018-09-15,0.10693562721349813,0.219
2018-09-16,0.10526247930321593,0.219
2018-09-17,0.10372686621451993,0.219
2018-09-18,0.10215388452441661,0.206
2018-09-19,0.10058791518932578,0.195
2018-09-20,0.2624125787825685,0.49
2018-09-21,0.2697039445313918,0.323
2018-09-22,0.2697564993445581,0.264
2018-09-23,0.24652528076042282,0.257
2018-09-24,0.10521591234250734,0.24
2018-09-25,0.09521310423888192,0.241
2018-09-26,0.0928130670613992,0.222
2018-09-27,0.09130100132951592,0.22
2018-09-28,0.08961480985270623,0.22
2018-09-29,0.08792496225102049,0.22
2018-09-30,0.1067694812411346,0.221
2018-10-01,0.08917117156142144,0.22
2018-10-02,0.10536026110700601,0.213
2018-10-03,0.0865477565492362,0.203
2018-10-04,0.08356493028833026,0.211
2018-10-05,0.13449416735898218,0.223
2018-10-06,0.08506319573526247,0.222
2018-10-07,0.08062735254801678,0.213
2018-10-08,0.07848459318205386,0.208
2018-10-09,0.0768050628405227,0.192
2018-10-10,0.07527108533477636,0.183
2018-10-11,0.14895792064011407,0.194
2018-10-12,0.2652687547107773,0.264
2018-10-13,0.28016995555031576,0.579
2018-10-14,0.21916306724561738,0.381
2018-10-15,0.09343746490249084,0.324
2018-10-16,0.08204157456861648,0.295
2018-10-17,0.07811776480287963,0.276
2018-10-18,0.07512717989436198,0.26
2018-10-19,0.07240822610775345,0.252
2018-10-20,0.0701597048887289,0.244
2018-10-21,0.06893334611147654,0.241
2018-10-22,0.06655583224962214,0.233
2018-10-23,0.06509485431300509,0.279
2018-10-24,0.06359934948895375,0.242
2018-10-25,0.1275547083650262,0.235
2018-10-26,0.11271454593889477,0.265
2018-10-27,0.06757895318370831,0.239
2018-10-28,0.06314218073898407,0.231
2018-10-29,0.06141833655357615,0.229
2018-10-30,0.060050993922163905,0.228
2018-10-31,0.10810639237792227,0.23
2018-11-01,0.06224010869153593,0.237
2018-11-02,0.057697580425451804,0.225
2018-11-03,0.05655649766997463,0.223
2018-11-04,0.05563944124761056,0.225
2018-11-05,0.05409401352838725,0.224
2018-11-06,0.09103691122397373,0.222
2018-11-07,0.10763069492259947,0.25
2018-11-08,0.05722676415323776,0.235
2018-11-09,0.1597563138156874,0.247
2018-11-10,0.06279375063442394,0.254
2018-11-11,0.05510025999881652,0.242
2018-11-12,0.11248363106981632,0.251
2018-11-13,0.05825819494594932,0.247
2018-11-14,0.05309777816886644,0.242
2018-11-15,0.05121411608509355,0.237
2018-11-16,0.049770532875052474,0.235
2018-11-17,0.04847036786186789,0.237
2018-11-18,0.047360172279887515,0.236
2018-11-19,0.04650998275908791,0.237
2018-11-20,0.11392813466960681,0.248
2018-11-21,0.04991888056625852,0.255
2018-11-22,0.04543165148402397,0.241
2018-11-23,0.044231654705872515,0.238
2018-11-24,0.043282169319232316,0.235
2018-11-25,0.042505579564140215,0.232
2018-11-26,0.04185587952571289,0.232
2018-11-27,0.1357004929515433,0.247
2018-11-28,0.11314978005677405,0.248
2018-11-29,0.1486066838287361,0.299
2018-11-30,0.05585072666006611,0.278
2018-12-01,0.04858771701290358,0.272
2018-12-02,0.2325966717244792,0.28
2018-12-03,0.14891461263590006,0.444
2018-12-04,0.24974572422987354,0.429
2018-12-05,0.16477237255535235,0.753
2018-12-06,0.13799618825786972,0.674
2018-12-07,0.08181860834685153,0.622
2018-12-08,0.343087360731577,0.659
2018-12-09,0.2900655582530351,0.711
2018-12-10,0.13009357676012112,0.671
2018-12-11,0.1063006063245651,0.645
2018-12-12,0.09292535416596971,0.601
2018-12-13,0.08260025897204078,0.554
2018-12-14,0.07443472263752364,0.518
2018-12-15,0.2525397630122056,0.553
2018-12-16,0.1475879413967566,0.519
2018-12-17,0.10074063157063919,0.484
2018-12-18,0.35228110055854706,0.622
2018-12-19,0.43653382971485977,0.672
2018-12-20,0.28929511827971566,0.796
2018-12-21,0.23912484127366218,0.831
2018-12-22,0.4399801269468605,0.821
2018-12-23,0.4086599087114336,1.124
2018-12-24,0.23542957685682658,1.092
2018-12-25,0.1940454306963984,1.024
2018-12-26,0.1673448553694281,0.936
2018-12-27,0.1468221830660454,0.851
2018-12-28,0.13132911109096326,0.783
2018-12-29,0.11847030368403963,0.729
2018-12-30,0.10816416998877394,0.687
2018-12-31,0.10061028714323335,0.654
2019-01-01,0.09729165658715631,0.621
2019-01-02,0.09105662734873607,0.592
2019-01-03,0.08633496603665401,0.572
2019-01-04,0.08356628311548372,0.555
2019-01-05,0.0815641177230183,0.541
2019-01-06,0.08010232932681978,0.528
2019-01-07,0.07915969867644351,0.516
2019-01-08,0.07831055676576716,0.499
2019-01-09,0.07781486867616295,0.485
2019-01-10,0.09317005767724296,0.484
2019-01-11,0.08023092425798861,0.472
2019-01-12,0.07902729090284062,0.465
2019-01-13,0.08789902072582217,0.458
2019-01-14,0.07999947094918881,0.445
2019-01-15,0.09610449944268301,0.443
2019-01-16,0.23408223266856934,0.497
2019-01-17,0.09803035129956403,0.475
2019-01-18,0.15655892977584226,0.454
2019-01-19,0.10950767107728976,0.436
2019-01-20,0.0996012278500992,0.419
2019-01-21,0.2509295118108078,0.453
2019-01-22,0.5497245404415455,0.54
2019-01-23,0.6410491735082189,0.549
2019-01-24,0.44995624864052786,0.981
2019-01-25,0.299516712879863,1.178
2019-01-26,0.6954915618388833,1.248
2019-01-27,0.36535466934188104,1.205
2019-01-28,0.29688916447683594,1.11
2019-01-29,0.744367807599304,1.188
2019-01-30,0.5410073015738782,1.054
2019-01-31,0.3715330955744577,0.956
2019-02-01,0.3162815691413314,0.887
2019-02-02,0.280885389618082,0.828
2019-02-03,0.28767799627120033,0.86
2019-02-04,0.23745063208719255,0.877
2019-02-05,0.3312042277828808,0.902
2019-02-06,0.6542030868431816,0.929
2019-02-07,0.5445430109377689,1.241
2019-02-08,0.4664338502514125,1.254
2019-02-09,0.4636937854425781,1.194
2019-02-10,0.36700868559542027,1.181
2019-02-11,0.3121822320379546,1.066
2019-02-12,0.28105179748756737,1.014
2019-02-13,0.2566294475829023,0.966
2019-02-14,0.23788460220242225,0.927
2019-02-15,0.2233410159260195,0.894
2019-02-16,0.21200033864962434,0.861
2019-02-17,0.20348218360588918,0.828
2019-02-18,0.19749795467445352,0.794
2019-02-19,0.2698504006994548,0.78
2019-02-20,0.2054145041971599,0.772
2019-02-21,0.1957015536283309,0.725
2019-02-22,0.19160297328686215,0.693
2019-02-23,0.18884655687779708,0.671
2019-02-24,0.18667895143155977,0.652
2019-02-25,0.18523372842033342,0.637
2019-02-26,0.18419988107863872,0.627
2019-02-27,0.18351771505753373,0.621
2019-02-28,0.35461870181079064,0.793
2019-03-01,0.2224604298821192,0.697
2019-03-02,0.1934277382875821,0.65
2019-03-03,0.39931624463691673,0.763
2019-03-04,0.2559300128383968,0.722
2019-03-05,0.4962623519881634,0.759
2019-03-06,0.49533802929528586,0.841
2019-03-07,0.575628050468273,1.019
2019-03-08,0.3890104596007567,1.04
2019-03-09,0.881662061582689,1.098
2019-03-10,0.6046870608594064,1.343
2019-03-11,0.8723776058956759,1.245
2019-03-12,0.6433033880313878,1.568
2019-03-13,0.782632348288642,1.42
2019-03-14,0.6649663863012976,1.435
2019-03-15,1.021637765092491,1.449
2019-03-16,1.1393461307956698,1.841
2019-03-17,0.7263800743621154,1.836
2019-03-18,0.6906730824530769,1.774
2019-03-19,0.568741834810051,1.567
2019-03-20,0.5050351465454751,1.46
2019-03-21,0.4566676863154165,1.388
2019-03-22,0.42400612626084466,1.303
2019-03-23,0.3903924373212193,1.213
2019-03-24,0.3706849287505966,1.157
2019-03-25,0.3486252171272608,1.097
2019-03-26,0.33372006224264794,1.053
2019-03-27,0.3228780085085644,1.003
2019-03-28,0.3147981310238259,0.973
2019-03-29,0.30838400562849655,0.942
2019-03-30,0.30367939949806877,0.913
2019-03-31,0.3001963805583097,0.877
2019-04-01,0.38483729405172384,0.899
2019-04-02,0.45341301509217274,0.933
2019-04-03,0.4319802529466454,1.085
2019-04-04,0.848151595397316,1.398
2019-04-05,0.5476255481659947,1.403
2019-04-06,0.44133905559130315,1.304
2019-04-07,0.4099864061999711,1.246
2019-04-08,0.38940925295458106,1.175
2019-04-09,0.37288972316771607,1.108
2019-04-10,0.3580398273235304,1.013
2019-04-11,0.3473655188992385,1.002
2019-04-12,0.33899109780803266,0.97
2019-04-13,0.33236665908315616,0.939
2019-04-14,0.32711119517022463,0.911
2019-04-15,0.32292535502811615,0.814
2019-04-16,0.3198373209839001,0.798
2019-04-17,0.3168651764386684,0.765
2019-04-18,0.3146222463217158,0.74
2019-04-19,0.31276116418450994,0.714
2019-04-20,0.31117428430397526,0.694
2019-04-21,0.309785733925946,0.683
2019-04-22,0.30853622215637055,0.671
2019-04-23,0.30737952292381554,0.657
2019-04-24,0.46354426035413243,0.814
2019-04-25,0.34254576259018693,0.678
2019-04-26,0.45357613466702373,0.69
2019-04-27,0.4907824277613148,1.301
2019-04-28,0.34788036695288627,1.025
2019-04-29,0.31114210839545314,0.921
2019-04-30,0.31064607317610315,0.887
2019-05-01,0.3067740844711838,0.877
2019-05-02,0.3031982960955909,0.867
2019-05-03,0.3469746481643062,0.831
2019-05-04,0.30271076398692826,0.794
2019-05-05,0.2983314881696533,0.756
2019-05-06,0.29587823319432743,0.733
2019-05-07,0.31682394685315046,0.727
2019-05-08,0.31785797942705285,0.77
2019-05-09,0.3199351320831909,0.774
2019-05-10,0.2988716850954706,0.75
2019-05-11,0.28903494423341564,0.684
2019-05-12,0.28623135059764543,0.654
2019-05-13,0.28386293472399465,0.636
2019-05-14,0.28159903847978657,0.623
2019-05-15,0.27939508654976475,0.61
2019-05-16,0.2774221509323874,0.6
2019-05-17,0.2751154817292322,0.609
2019-05-18,0.27301363045789684,0.598
2019-05-19,0.2708689503168235,0.584
2019-05-20,0.26875909533764847,0.564
2019-05-21,0.2666474329382749,0.554
2019-05-22,0.26453049392996425,0.542
2019-05-23,0.26240537506688916,0.532
2019-05-24,0.2602704754864188,0.525
2019-05-25,0.25812483476511217,0.52
2019-05-26,0.25596797599863064,0.514
2019-05-27,0.31229599769249694,0.57
2019-05-28,0.2546975310082866,0.515
2019-05-29,0.28713083714741855,0.53
2019-05-30,0.24944766842853827,0.506
2019-05-31,0.24532520710372274,0.487
2019-06-01,0.24296176197671487,0.481
2019-06-02,0.24071144527593913,0.467
2019-06-03,0.23850379540264827,0.452
2019-06-04,0.3984274352460181,0.559
2019-06-05,0.24321979892496204,0.492
2019-06-06,0.23842892249950023,0.484
2019-06-07,0.4227381242653346,1.422
2019-06-08,0.41325439113449075,2.305
2019-06-09,0.4071227397647066,1.543
2019-06-10,0.4387196357535522,1.322
2019-06-11,0.6478231116384852,3.483
2019-06-12,1.338793527986837,6.695
2019-06-13,1.153408478830401,6.645
2019-06-14,0.8819195786272852,5.461
2019-06-15,0.7823308455348713,4.09
2019-06-16,0.9090858119493503,3.353
2019-06-17,0.6478557676916289,2.81
2019-06-18,0.88460823985695,2.553
2019-06-19,0.6201666412080581,2.243
2019-06-20,0.5128947663034276,1.995
2019-06-21,0.45674509057124857,1.777
2019-06-22,0.41548715168012307,1.633
2019-06-23,0.6282858553103141,1.616
2019-06-24,0.4495904151271489,1.487
2019-06-25,0.4131068878658296,1.421
2019-06-26,0.36897336995050056,1.313
2019-06-27,0.34633814090366827,1.217
2019-06-28,0.3291050258534286,1.15
2019-06-29,0.3154838508731701,1.12
2019-06-30,0.30472138284965566,1.064
2019-07-01,0.29617807252157413,1.02
2019-07-02,0.28933651333079213,0.935
2019-07-03,0.28391633828185303,0.933
2019-07-04,0.2795922309558197,0.909
2019-07-05,0.2762419601348818,0.883
2019-07-06,0.27332835712321474,0.874
2019-07-07,0.2709951535539298,0.83
2019-07-08,0.26907592669648484,0.804
2019-07-09,0.2674767507638362,0.797
2019-07-10,0.266040157064936,0.766
2019-07-11,0.3164598646827616,0.79
2019-07-12,0.26649719461142507,0.757
2019-07-13,0.2627821069817117,0.736
2019-07-14,0.26153618728322303,0.712
2019-07-15,0.2605277342353045,0.69
2019-07-16,0.2595084670871922,0.669
2019-07-17,0.2764260401397018,0.679
2019-07-18,0.3737868056447777,0.662
2019-07-19,0.4047303192759612,0.874
2019-07-20,0.26733337305276905,0.696
2019-07-21,0.25797244299162236,0.615
2019-07-22,0.25565201721854075,0.571
2019-07-23,0.30220742811812146,0.694
2019-07-24,0.25652907336111547,0.619
2019-07-25,0.25229042652540884,0.575
2019-07-26,0.25037973388987567,0.566
2019-07-27,0.41616444579634154,0.608
2019-07-28,0.43390536342005076,0.906
2019-07-29,0.3277677256019524,0.697
2019-07-30,0.3272781582352128,0.711
2019-07-31,0.2784521482089241,0.695
2019-08-01,0.2519991637223693,0.641
2019-08-02,0.2470411220250722,0.608
2019-08-03,0.24407211759394323,0.6
2019-08-04,0.24784816534207704,0.599
2019-08-05,0.23923472972747883,0.57
2019-08-06,0.23657713596213437,0.553
2019-08-07,0.23381073751922238,0.545
2019-08-08,0.378548778057258,0.605
2019-08-09,0.24810354418788347,0.705
2019-08-10,0.3826344814913291,0.635
2019-08-11,0.24077224982367612,0.771
2019-08-12,0.22922842750535097,0.68
2019-08-13,0.26348432350765894,0.634
2019-08-14,0.25385316622335286,0.69
2019-08-15,0.22556816380947187,0.629
2019-08-16,0.2704487425606663,0.663
2019-08-17,0.22184101781741417,0.61
2019-08-18,0.21649585922072911,0.582
2019-08-19,0.21369765994286624,0.561
2019-08-20,0.21160067406463878,0.557
2019-08-21,0.2087462939304758,0.547
2019-08-22,0.20642240848022506,0.541
2019-08-23,0.20422058386366423,0.524
2019-08-24,0.2020640711182961,0.51
2019-08-25,0.19997513210341358,0.499
2019-08-26,0.19792805575376884,0.5
2019-08-27,0.19591632686066782,0.499
2019-08-28,0.19392951652489918,0.49
2019-08-29,0.19195694492875953,0.462
2019-08-30,0.19000553222488306,0.453
2019-08-31,0.18806810171751043,0.458
2019-09-01,0.1861421956073029,0.442
2019-09-02,0.18422612017034123,0.437
2019-09-03,0.19681598746773973,0.443
2019-09-04,0.18391496759126624,0.439
2019-09-05,0.17871027128106687,0.437
2019-09-06,0.1766505626368744,0.424
2019-09-07,0.1747621908962854,0.417
2019-09-08,0.3235619938937243,0.433
2019-09-09,0.1798084436134218,0.492
2019-09-10,0.17024868249242728,0.425
2019-09-11,0.16738345612686023,0.409
2019-09-12,0.16608039555441587,0.404
2019-09-13,0.163666009112738,0.394
2019-09-14,0.1619981378262483,0.387
2019-09-15,0.28418338141240507,0.439
2019-09-16,0.16726265924739903,0.424
2019-09-17,0.15871070035237195,0.397
2019-09-18,0.1561817036801699,0.386
2019-09-19,0.15408624288112982,0.376
2019-09-20,0.15207975002953114,0.37
2019-09-21,0.17141877718061874,0.364
2019-09-22,0.17159027859287704,0.406
2019-09-23,0.22954974429844704,0.39
2019-09-24,0.1783689327030166,0.419
2019-09-25,0.19647730658572177,0.393
2019-09-26,0.23955341502137217,0.402
2019-09-27,0.22599363468748426,0.489
2019-09-28,0.3285283518144133,0.573
2019-09-29,0.3417532346272817,0.757
2019-09-30,0.36524667640518516,1.028
2019-10-01,0.28230425959599653,1.024
2019-10-02,0.1684448711058519,0.911
2019-10-03,0.1668082419073516,0.858
2019-10-04,0.15090549911041315,0.809
2019-10-05,0.28744416984017696,0.799
2019-10-06,0.20518431074509744,0.873
2019-10-07,0.15134019951451266,0.83
2019-10-08,0.1432499162433598,0.813
2019-10-09,0.1577874186524862,0.802
2019-10-10,0.23883949507531244,0.788
2019-10-11,0.14506474500614372,0.851
2019-10-12,0.1401844393770232,0.764
2019-10-13,0.13363409877880017,0.769
2019-10-14,0.13238713135011687,0.744
2019-10-15,0.12737508517360896,0.731
2019-10-16,0.12237595411841996,0.707
2019-10-17,0.21589935821832376,0.751
2019-10-18,0.39481012582743663,0.977
2019-10-19,0.217497500724506,1.045
2019-10-20,0.16393028286223713,1.034
2019-10-21,0.14436101293982087,0.993
2019-10-22,0.1362684232559415,0.981
2019-10-23,0.13010985894602858,0.868
2019-10-24,0.16051748196277363,0.859
2019-10-25,0.970565311062804,1.687
2019-10-26,0.7100550829584694,2.711
2019-10-27,0.5746200726029974,2.203
2019-10-28,0.47571671603121374,1.802
2019-10-29,0.3124988799387821,1.595
2019-10-30,0.26416725505712413,1.43
2019-10-31,0.6260354123099003,1.415
2019-11-01,0.5645620544436016,1.448
2019-11-02,0.467659241903732,1.312
2019-11-03,0.4365490816285766,1.207
2019-11-04,0.4401312702078832,1.147
2019-11-05,0.3532064805776289,1.097
2019-11-06,0.9611263060039387,1.199
2019-11-07,1.1903961543935595,1.829
2019-11-08,0.723367760980427,1.928
2019-11-09,1.0315108975834617,2.007
2019-11-10,1.0551613754309033,1.931
2019-11-11,1.1005375702315825,2.062
2019-11-12,1.002449136901044,2.358
2019-11-13,0.7022882756653932,2.271
2019-11-14,1.2028735020931078,2.285
2019-11-15,0.8087387773657692,2.175
2019-11-16,0.8441392646393329,2.09
2019-11-17,0.711786701198502,1.985
2019-11-18,0.5782516586740207,1.821
2019-11-19,0.5135571205711625,1.705
2019-11-20,0.45996188814940003,1.599
2019-11-21,0.4434588804537237,1.518
2019-11-22,0.49436167612456994,1.448
2019-11-23,0.5540157090341172,1.395
2019-11-24,0.48060060834637913,1.318
2019-11-25,0.6042169386885119,1.305
2019-11-26,0.5717215713900146,1.26
2019-11-27,0.5689471753529483,1.22
2019-11-28,0.6117930131233901,1.265
2019-11-29,0.48392426146343276,1.199
2019-11-30,0.44598073695672225,1.197
2019-12-01,0.42136141535528554,1.175
2019-12-02,0.40071866732263095,1.158
2019-12-03,0.38280924839968183,1.131
2019-12-04,0.3757533941339287,1.097
2019-12-05,0.37794301351720166,1.067
2019-12-06,0.4622740543555434,1.047
2019-12-07,0.49945285288663704,1.011
2019-12-08,0.6076614848854509,1.018
2019-12-09,0.461153198733819,0.963
2019-12-10,0.9420046957574241,1.117
2019-12-11,0.5902654105518829,1.045
2019-12-12,1.2865718962286308,1.369
2019-12-13,1.0423016327561208,1.729
2019-12-14,0.879341606786607,1.743
2019-12-15,0.9554519459932564,1.71
2019-12-16,0.7230979290495538,1.596
2019-12-17,0.6504370483338134,1.505
2019-12-18,1.0190058030362037,1.515
2019-12-19,0.8235040870413284,1.611
2019-12-20,0.6850435691691475,1.514
2019-12-21,0.6279774860561976,1.492
2019-12-22,0.5872965008621606,1.416
2019-12-23,0.6146794544107389,1.342
2019-12-24,0.5995119622276964,1.295
2019-12-25,0.6336312704880896,1.226
2019-12-26,0.6151282920630634,1.216
2019-12-27,0.5476863264003714,1.148
2019-12-28,0.5228366618655147,1.106
2019-12-29,0.5048403716781452,1.075
2019-12-30,0.4950794821543216,1.044
2019-12-31,0.4804742373262705,1.011
2020-01-01,0.4714467603958751,0.989
2020-01-02,0.6188367106301583,0.997
2020-01-03,0.5099965600866642,0.965
2020-01-04,0.4922931226782093,0.923
2020-01-05,0.481659464660659,0.901
2020-01-06,0.4784931056779466,0.883
2020-01-07,0.46788515556469024,0.86
2020-01-08,0.8380098387791577,0.975
2020-01-09,0.5651450289032979,0.949
2020-01-10,0.5334735515534754,0.876
2020-01-11,0.9109985601828022,0.893
2020-01-12,0.6665020449076233,1.011
2020-01-13,0.9537572803316364,1.067
2020-01-14,0.9486440116363968,1.204
2020-01-15,0.7712381260615734,1.194
2020-01-16,1.1636622813141315,1.286
2020-01-17,0.8503706876595739,1.441
2020-01-18,0.7422057884213732,1.369
2020-01-19,0.6849520698017033,1.339
2020-01-20,0.6444633079333778,1.29
2020-01-21,0.6125164406754162,1.239
2020-01-22,0.5817869242350807,1.186
2020-01-23,0.5671928828982372,1.141
2020-01-24,0.5532391898553772,1.11
2020-01-25,0.534638273297822,1.069
2020-01-26,0.6469750143112534,1.054
2020-01-27,0.6508380199729181,1.041
2020-01-28,0.573756338390072,0.996
2020-01-29,0.5460660488351393,0.95
2020-01-30,0.5314752840582293,0.926
2020-01-31,0.5202584723850011,0.902
2020-02-01,0.6722044617977118,0.891
2020-02-02,0.5934304181021594,0.899
2020-02-03,0.55490799148767,0.852
2020-02-04,0.5546597791750123,0.843
2020-02-05,0.5250239215333803,0.816
2020-02-06,0.5157073516008237,0.806
2020-02-07,0.5085961533462928,0.803
2020-02-08,1.1365558628908676,0.95
2020-02-09,1.2589326384969994,2.288
2020-02-10,1.081623362672886,1.78
2020-02-11,0.8732034006474292,1.561
2020-02-12,0.987001854366297,1.457
2020-02-13,0.799297086038712,1.388
2020-02-14,0.7429685914973201,1.265
2020-02-15,2.1365767695230082,2.179
2020-02-16,1.4940620106009135,2.798
2020-02-17,1.285989055630089,2.364
2020-02-18,1.162442285556916,2.044
2020-02-19,1.122513273877485,1.825
2020-02-20,1.1931617883358652,1.854
2020-02-21,1.2928716369145086,1.692
2020-02-22,1.806646071443904,1.811
2020-02-23,1.8811860280072132,2.454
2020-02-24,1.4430478241598996,2.932
2020-02-25,1.4775851726285898,2.716
2020-02-26,1.32332344379011,2.54
2020-02-27,1.1324592956942536,2.292
2020-02-28,1.299282429647734,2.207
2020-02-29,1.1760453082193572,2.132
2020-03-01,0.9921105701247174,1.938
2020-03-02,0.9745232121060184,1.829
2020-03-03,0.8808280724070393,1.755
2020-03-04,0.8250404191884273,1.649
2020-03-05,0.7845357628278904,1.568
2020-03-06,0.7546662284195309,1.478
2020-03-07,0.8772273211532047,1.441
2020-03-08,0.7778551158507359,1.396
2020-03-09,0.9105250855085025,1.373
2020-03-10,0.7730333220513953,1.301
2020-03-11,0.8123511217686346,1.245
2020-03-12,0.7607190222071825,1.187
2020-03-13,0.8094850936638057,1.162
2020-03-14,0.9092003986171244,1.146
2020-03-15,0.7746932062115691,1.113
2020-03-16,0.7467508920565811,1.066
2020-03-17,0.9767202508544466,1.085
2020-03-18,0.7905248836838298,1.123
2020-03-19,0.7489269047293504,1.047
2020-03-20,0.7291706185619498,1.026
2020-03-21,0.7170150493515708,1.01
2020-03-22,0.7021580956833054,0.999
2020-03-23,0.6921495228367984,0.985
2020-03-24,0.6840653202847545,0.975
2020-03-25,0.6773623203247277,0.963
2020-03-26,0.6717522370037784,0.947
2020-03-27,0.6668729907557425,0.935
2020-03-28,0.662629525368019,0.924
2020-03-29,0.6588343096700333,0.901
2020-03-30,0.655392144143679,0.89
2020-03-31,0.652112159952784,0.881
2020-04-01,0.6492808460154589,0.874
2020-04-02,0.6460109364209925,0.868
2020-04-03,0.6430054505079087,0.865
2020-04-04,0.6400265855042017,0.857
2020-04-05,0.6371537514587515,0.845
2020-04-06,0.6340252854516575,0.809
2020-04-07,0.6308745661666102,0.766
2020-04-08,0.6276946469118077,0.749
2020-04-09,0.6244384035880876,0.739
2020-04-10,0.6664346569227184,0.732
2020-04-11,0.6203367153955123,0.727
2020-04-12,0.627847422925312,0.718
2020-04-13,0.611795804288131,0.712
2020-04-14,0.6074276193901552,0.702
2020-04-15,0.6035291256477914,0.693
2020-04-16,0.5995910041426904,0.682
2020-04-17,0.5956101878034098,0.674
2020-04-18,0.5915711813346436,0.666
2020-04-19,0.5874251405675648,0.657
2020-04-20,0.5832440388757477,0.65
2020-04-21,0.5790048412956469,0.643
2020-04-22,0.574708759111802,0.635
2020-04-23,0.5703583618845758,0.628
2020-04-24,0.5659564537061312,0.619
2020-04-25,0.5615059682546293,0.613
2020-04-26,0.5570099159675231,0.607
2020-04-27,0.5524713449843347,0.603
2020-04-28,0.5821800303262129,0.597
2020-04-29,0.5759729944914455,0.594
2020-04-30,0.5405608932866635,0.589
2020-05-01,0.5340720500218692,0.573
2020-05-02,0.5292537147358279,0.565
2020-05-03,0.5245164827760859,0.559
2020-05-04,0.5197634522028699,0.556
2020-05-05,0.5149914851077091,0.537
2020-05-06,0.5102028332454112,0.517
2020-05-07,0.5053999931142138,0.506
2020-05-08,0.5005853988269625,0.493
2020-05-09,0.49576140348996584,0.485
2020-05-10,0.4909302784818018,0.478
2020-05-11,0.4860942141899797,0.472
2020-05-12,0.48125532111808306,0.465
2020-05-13,0.47641563122883185,0.455
2020-05-14,0.4715770994607902,0.441
2020-05-15,0.4667416053719784,0.433
2020-05-16,0.46191095487346484,0.427
2020-05-17,0.45708688202369735,0.423
2020-05-18,0.45227105086046476,0.417
2020-05-19,0.44746505725227725,0.414
2020-05-20,0.44267043075486373,0.408
2020-05-21,0.4378886364616085,0.402
2020-05-22,0.43312107683924195,0.396
2020-05-23,0.4283690935420839,0.389
2020-05-24,0.42363396919972585,0.38
2020-05-25,0.41891692917429485,0.373
2020-05-26,0.4142191432844512,0.367
2020-05-27,0.4095417274940619,0.367
2020-05-28,0.4048857455641288,0.366
2020-05-29,0.40025221066704936,0.365
2020-05-30,0.3956420869626809,0.361
2020-05-31,0.39105629113599344,0.358
2020-06-01,0.3864956938963369,0.357
2020-06-02,0.543262337541268,0.356
2020-06-03,0.417156291194423,0.357
2020-06-04,0.3749106513329316,0.356
2020-06-05,0.4752599925483495,0.357
2020-06-06,0.36988343775990434,0.417
2020-06-07,0.36006948401846434,0.364
2020-06-08,0.3553615123893186,0.357
2020-06-09,0.3511302681115189,0.35
2020-06-10,0.3802853934702127,0.358
2020-06-11,0.47866396928233146,0.414
2020-06-12,0.3468844232353586,0.374
2020-06-13,0.33538472243297646,0.345
2020-06-14,0.38825920121223784,0.398
2020-06-15,0.332170752362508,0.36
2020-06-16,0.3278246525803751,0.352
2020-06-17,0.35662980429181007,0.363
2020-06-18,0.4876523664408845,0.552
2020-06-19,0.3817005981637679,0.425
2020-06-20,0.32403814086477717,0.369
2020-06-21,0.30737806165669024,0.352
2020-06-22,0.3019651028521686,0.333
2020-06-23,0.29733837430887394,0.329
2020-06-24,0.29293319502277276,0.317
2020-06-25,0.2890011262899751,0.313
2020-06-26,0.2857001726615941,0.321
2020-06-27,0.2812827590350759,0.321
2020-06-28,0.2775618968766664,0.314
2020-06-29,0.27299569683986485,0.314
2020-06-30,0.26921525153382797,0.312
2020-07-01,0.2883080272789564,0.313
2020-07-02,0.2644636093740944,0.318
2020-07-03,0.2596676488961674,0.311
2020-07-04,0.25558219078239336,0.307
2020-07-05,0.25204966206382856,0.299
2020-07-06,0.24855866556997616,0.296
2020-07-07,0.3202646184361085,0.321
2020-07-08,0.4164301563129882,0.392
2020-07-09,0.2696024817655274,0.377
2020-07-10,0.23988826701189467,0.321
2020-07-11,0.2347224984280983,0.307
2020-07-12,0.24115685209811566,0.303
2020-07-13,0.22879553800188265,0.311
2020-07-14,0.31210708134856197,0.324
2020-07-15,0.229062073872647,0.352
2020-07-16,0.21987391223709293,0.322
2020-07-17,0.21602222943546867,0.305
2020-07-18,0.23115463262800826,0.324
2020-07-19,0.21118340061093915,0.306
2020-07-20,0.2069450675778247,0.287
2020-07-21,0.2036742033373127,0.286
2020-07-22,0.22127751068591553,0.286
2020-07-23,0.23766395484083827,0.313
2020-07-24,0.1994856090012636,0.295
2020-07-25,0.19331824761558497,0.293
2020-07-26,0.20991222092747333,0.285
2020-07-27,0.2315332122449499,0.309
2020-07-28,0.18779240205574757,0.281
2020-07-29,0.18294549299481871,0.275
2020-07-30,0.17959328920736034,0.274
2020-07-31,0.17678146821436674,0.269
2020-08-01,0.17408594352176399,0.269
2020-08-02,0.21782147561890083,0.27
2020-08-03,0.1725008655611217,0.281
2020-08-04,0.16699101082086107,0.274
2020-08-05,0.16432296522660333,0.264
2020-08-06,0.1618038949942652,0.262
2020-08-07,0.15938927362125002,0.262
2020-08-08,0.15703088511207877,0.26
2020-08-09,0.15471782846580187,0.26
2020-08-10,0.3203520726432538,0.718
2020-08-11,0.2839249769358618,0.448
2020-08-12,0.31303738532841435,0.407
2020-08-13,0.25822439580412027,0.367
2020-08-14,0.15797945903232166,0.335
2020-08-15,0.14875898363873943,0.315
2020-08-16,0.30616453422038886,0.366
2020-08-17,0.3290614132567925,0.404
2020-08-18,0.16445432329363627,0.435
2020-08-19,0.1986003797456153,0.407
2020-08-20,0.33639382283868136,0.471
2020-08-21,0.21504144042153278,0.647
2020-08-22,0.15792708474712397,0.541
2020-08-23,0.21041236263321386,0.519
2020-08-24,0.33111318680617624,0.506
2020-08-25,0.459749956592949,1.167
2020-08-26,0.3784016037331361,1.392
2020-08-27,0.48020640695240974,1.191
2020-08-28,0.37115033334581155,1.104
2020-08-29,0.24352166946002643,0.925
2020-08-30,0.21437432899624842,0.825
2020-08-31,0.19503773899500915,0.744
2020-09-01,0.17975875847302186,0.674
2020-09-02,0.37931546238341635,0.725
2020-09-03,0.19423759299130847,0.634
2020-09-04,0.19068706901611773,0.575
2020-09-05,0.16913138598870492,0.546
2020-09-06,0.1579104488337202,0.52
2020-09-07,0.1497124226175478,0.506
2020-09-08,0.15209223040646544,0.488
2020-09-09,0.13818480503531247,0.479
2020-09-10,0.13299391632528315,0.465
2020-09-11,0.18428242299192543,0.482
2020-09-12,0.13007165455400316,0.456
2020-09-13,0.12444608301285935,0.431
2020-09-14,0.1217309075775689,0.417
2020-09-15,0.11958875200043628,0.408
2020-09-16,0.11762215996545317,0.404
2020-09-17,0.11593540320673763,0.392
2020-09-18,0.11442835032939035,0.381
2020-09-19,0.11306910340046439,0.38
2020-09-20,0.1118303587604546,0.376
2020-09-21,0.11064145140098482,0.371
2020-09-22,0.24432187808256392,0.384
2020-09-23,0.1178305678122258,0.428
2020-09-24,0.10961012967805908,0.391
2020-09-25,0.1766946531069661,0.399
2020-09-26,0.11187389412646187,0.377
2020-09-27,0.1069343915272016,0.36
2020-09-28,0.10580774812981354,0.357
2020-09-29,0.10420842477366561,0.355
2020-09-30,0.24941958083181925,0.39
2020-10-01,0.11304327920624532,0.399
2020-10-02,0.12048081755587833,0.371
2020-10-03,0.2960375909218281,1.002
2020-10-04,0.7021219431424325,1.361
2020-10-05,0.7525366121168545,2.666
2020-10-06,0.8939769138725377,2.642
2020-10-07,1.1386620489825041,2.526
2020-10-08,0.8107323202286352,2.504
2020-10-09,0.8323788565899939,2.152
2020-10-10,0.8708845506840643,2.036
2020-10-11,0.6768682965051375,1.767
2020-10-12,0.8650025504820904,1.803
2020-10-13,0.5887791101976604,1.72
2020-10-14,0.4452967621005443,1.585
2020-10-15,0.3794070714133216,1.476
2020-10-16,0.33267766146054345,1.362
2020-10-17,0.3020727489674849,1.26
2020-10-18,0.2715914103551489,1.174
2020-10-19,0.2594553634070052,1.11
2020-10-20,0.28057989442188347,1.064
2020-10-21,0.27003068476508874,1.009
2020-10-22,0.24198027093596777,0.944
2020-10-23,0.2427241617659083,0.909
2020-10-24,0.5805808575844211,1.042
2020-10-25,0.4192445121275405,1.009
2020-10-26,0.31468946357977834,0.93
2020-10-27,0.4033281495143097,0.923
2020-10-28,0.35655465847091505,0.916
2020-10-29,0.41721429008212085,0.914
2020-10-30,0.36659123118310727,0.903
2020-10-31,0.5204282411154071,0.987
2020-11-01,0.8584526755117666,1.104
2020-11-02,0.5863299568087952,1.168
2020-11-03,0.6392173338100963,1.213
2020-11-04,0.5065771750932273,1.178
2020-11-05,0.42950817535734276,1.143
2020-11-06,0.3884810263865993,1.11
2020-11-07,0.35661918391015635,1.051
2020-11-08,0.3716723469211833,1.007
2020-11-09,0.3285990199410205,0.961
2020-11-10,0.3105053788135504,0.923
2020-11-11,0.4856619855067366,0.937
2020-11-12,0.43028694455684546,0.902
2020-11-13,0.34913525890570063,0.872
2020-11-14,0.47281649963205297,0.857
2020-11-15,0.517228467283247,0.853
2020-11-16,0.4184447325213842,0.833
2020-11-17,0.36336954124522225,0.821
2020-11-18,0.40630371331633097,0.805
2020-11-19,0.38329368399332825,0.789
2020-11-20,0.4380236949424179,0.82
2020-11-21,0.4019171619729512,0.8
2020-11-22,0.3589059829851339,0.779
2020-11-23,0.335707193158647,0.778
2020-11-24,0.4929068537580727,0.796
2020-11-25,0.3642897986080388,0.79
2020-11-26,0.34367582184290196,0.762
2020-11-27,0.3286391510487516,0.752
2020-11-28,0.3170953802378328,0.739
2020-11-29,0.31002415985943166,0.725
2020-11-30,0.3352424657610566,0.724
2020-12-01,0.31194000987598697,0.709
2020-12-02,0.350968556218514,0.713
2020-12-03,0.5358487971655601,0.767
2020-12-04,0.7988264990788106,0.869
2020-12-05,0.48457920546285027,0.86
2020-12-06,0.4336141749831292,0.844
2020-12-07,0.5491189012544632,0.882
2020-12-08,1.0355935389300632,1.375
2020-12-09,0.6548450069768749,1.615
2020-12-10,0.8014248325453304,1.598
2020-12-11,1.2785630562260488,1.749
2020-12-12,1.1483521333909679,2.146
2020-12-13,1.0626853329598742,2.311
2020-12-14,0.9603977810377792,2.246
2020-12-15,0.910719804306433,2.053
2020-12-16,0.8334175158834722,1.98
2020-12-17,0.9690984599025988,1.836
2020-12-18,1.1590047157049967,1.964
2020-12-19,1.2044479258380036,1.993
2020-12-20,0.9253400392698499,2.035
2020-12-21,1.123152547483303,2.098
2020-12-22,1.0352321764581636,2.05
2020-12-23,1.3444539898782,2.546
2020-12-24,0.8961193570885032,2.537
2020-12-25,0.7892948088092615,2.354
2020-12-26,1.6400907871695671,2.55
2020-12-27,1.2666045381388624,2.49
2020-12-28,0.941180300225128,2.25
2020-12-29,1.1976523884690475,2.072
2020-12-30,1.1417475510526212,2.057
2020-12-31,1.190320911681997,1.885
2021-01-01,0.9812721700728492,1.879
2021-01-02,0.9061072539953957,1.825
2021-01-03,0.7915531027053193,1.762
2021-01-04,0.7336251475570759,1.678
2021-01-05,0.6856101664887944,1.588
2021-01-06,0.6504938375531087,1.506
2021-01-07,1.0505687905548746,1.492
2021-01-08,1.2786868791964061,1.586
2021-01-09,0.8793526989973467,1.393
2021-01-10,0.7932589051794309,1.453
2021-01-11,1.4755115937225454,1.935
2021-01-12,1.139467783072775,2.456
2021-01-13,1.7552738760374544,2.803
2021-01-14,1.3138114912957497,3.196
2021-01-15,1.2392102164923045,2.81
2021-01-16,1.1220184154457997,2.497
2021-01-17,0.9659480740029024,2.186
2021-01-18,1.6298565261067455,2.143
2021-01-19,1.9252256806655605,2.64
2021-01-20,3.1029593951179906,6.129
2021-01-21,2.1265654011845214,6.178
2021-01-22,2.1968068867517503,4.935
2021-01-23,2.101330427011111,4.156
2021-01-24,1.8466427934390095,3.41
2021-01-25,1.714586883537209,2.968
2021-01-26,1.576677029076632,3.018
2021-01-27,2.137582909483858,3.693
2021-01-28,1.7802954745511876,4.509
2021-01-29,1.7721224753342832,4.012
2021-01-30,1.5295314192337792,3.888
2021-01-31,1.3136381367591548,3.398
2021-02-01,1.5414928579849405,3.134
2021-02-02,1.4171999176893932,3.056
2021-02-03,1.539909879439813,2.908
2021-02-04,1.2517744472879646,2.712
2021-02-05,1.9791080128958765,3.231
2021-02-06,1.5737768588002399,3.29
2021-02-07,1.3199877088995706,3.021
2021-02-08,1.228001855521249,2.72
2021-02-09,1.1622345976100896,2.452
2021-02-10,1.113742810323706,2.194
2021-02-11,1.0724931410727714,2.034
2021-02-12,1.0406862090932893,1.884
2021-02-13,1.0205449066408019,1.78
2021-02-14,1.0369344722492568,1.772
2021-02-15,1.0076698340225265,1.713
2021-02-16,1.0279443995315298,1.601
2021-02-17,1.060740656453895,1.563
2021-02-18,1.0181561290341572,1.457
2021-02-19,1.28310484593206,1.503
2021-02-20,1.2239683840893476,1.434
2021-02-21,1.3934724214913896,1.417
2021-02-22,1.1659202464351046,1.376
2021-02-23,1.4437994617355545,1.401
2021-02-24,1.2046202866973315,1.382
2021-02-25,1.1421822313053112,1.324
2021-02-26,1.1032470041242077,1.303
2021-02-27,1.0768007177524326,1.278
2021-02-28,1.0524279263816572,1.255
2021-03-01,1.035056612997119,1.223
2021-03-02,1.0202921081617093,1.191
2021-03-03,1.006634871488375,1.164
2021-03-04,0.9976710355902831,1.137
2021-03-05,0.9880689862645671,1.11
2021-03-06,0.9807909881072477,1.089
2021-03-07,0.9745107970524989,1.069
2021-03-08,0.9689204736330925,1.049
2021-03-09,0.9865787820159936,1.033
2021-03-10,1.1107811874347135,1.031
2021-03-11,1.0774243067789864,1.011
2021-03-12,1.2028940461544797,1.031
2021-03-13,1.1308338021094022,1.052
2021-03-14,1.1405676806972465,1.014
2021-03-15,1.224748396273531,0.981
2021-03-16,1.0834905772184706,1.034
2021-03-17,1.0470511330484078,0.984
2021-03-18,1.0206368499733862,0.993
2021-03-19,0.9981177824463691,0.987
2021-03-20,0.9803677755472203,0.98
2021-03-21,0.9653958192702122,0.969
2021-03-22,0.9523295187977461,0.959
2021-03-23,0.9414602734058324,0.95
2021-03-24,0.9310786723775463,0.932
2021-03-25,0.9661928807971321,0.922
2021-03-26,0.9324728461039233,0.942
2021-03-27,0.9537331030133932,0.907
2021-03-28,0.9221849933162085,0.926
2021-03-29,0.9008087152917336,0.878
2021-03-30,0.8915211173494728,0.858
2021-03-31,0.8834325711511142,0.845
2021-04-01,0.875777819219415,0.829
2021-04-02,0.8684223001353405,0.818
2021-04-03,0.8612867647128014,0.809
2021-04-04,0.8544531598607565,0.801
2021-04-05,0.8475673435666733,0.795
2021-04-06,0.8430378265578917,0.79
2021-04-07,0.8341942425406783,0.781
2021-04-08,0.8530451831054148,0.775
2021-04-09,0.8224351625178441,0.771
2021-04-10,0.8142135775548518,0.745
2021-04-11,0.8132442798577011,0.743
2021-04-12,0.8010396400097735,0.733
2021-04-13,0.793844750286344,0.719
2021-04-14,0.7869689553337541,0.668
2021-04-15,0.7800694155761997,0.682
2021-04-16,0.7731700991934718,0.686
2021-04-17,0.7662546227497746,0.684
2021-04-18,0.7593222269094433,0.69
2021-04-19,0.752373025208446,0.668
2021-04-20,0.7454079769996487,0.657
2021-04-21,0.7384285169158888,0.677
2021-04-22,0.731436424874296,0.638
2021-04-23,0.724433731907061,0.633
2021-04-24,0.7174226460657473,0.628
2021-04-25,0.7104054938847923,0.622
2021-04-26,0.7033846742459545,0.631
2021-04-27,0.7303172762482568,0.636
2021-04-28,0.6912444743304879,0.648
2021-04-29,0.6824370625586674,0.611
2021-04-30,0.6753197956766578,0.593
2021-05-01,0.6683110049387843,0.586
2021-05-02,0.6734267029513356,0.586
2021-05-03,0.8162966121677347,0.791
2021-05-04,0.8260110715968405,0.865
2021-05-05,0.81971002933254,0.751
2021-05-06,0.666604570108976,0.749
2021-05-07,0.7987850333520106,0.674
2021-05-08,0.6428807530132107,0.85
2021-05-09,0.6244313390164169,0.717
2021-05-10,0.6153659606338768,0.697
2021-05-11,0.6369557740242675,0.686
2021-05-12,0.6090653080585593,0.668
2021-05-13,0.5935590869562848,0.644
2021-05-14,0.618627482535259,0.658
2021-05-15,0.5815240466643198,0.673
2021-05-16,0.6042306296548151,0.657
2021-05-17,0.5668234730893214,0.67
2021-05-18,0.5582197936094477,0.616
2021-05-19,0.5505509409476625,0.592
2021-05-20,0.7106990889847539,0.757
2021-05-21,0.7380770248681893,1.059
2021-05-22,0.5585288104001317,1.098
2021-05-23,0.5888575667321959,1.145
2021-05-24,0.5491418533466426,1.029
2021-05-25,0.5568852860317409,1.0
2021-05-26,0.5184719801237292,0.94
2021-05-27,0.5082951577948299,0.871
2021-05-28,0.5003357318053174,0.845
2021-05-29,0.4930338253170799,0.818
2021-05-30,0.48559408588400166,0.774
2021-05-31,0.4787345690314551,0.746
2021-06-01,0.47213550137163146,0.72
2021-06-02,0.46620943668334314,0.703
2021-06-03,0.4595461900582745,0.681
2021-06-04,0.45344455299608355,0.656
2021-06-05,0.44749923299943173,0.642
2021-06-06,0.4416550979482698,0.627
2021-06-07,0.4359131898770597,0.607
2021-06-08,0.4302591851700537,0.593
2021-06-09,0.42468459111052576,0.591
2021-06-10,0.419183510893189,0.571
2021-06-11,0.4137489494625849,0.566
2021-06-12,0.40837875953502084,0.553
2021-06-13,0.4030692434288034,0.544
2021-06-14,0.3978178010470927,0.534
2021-06-15,0.3926224255984774,0.523
2021-06-16,0.3874815319300037,0.523
2021-06-17,0.3823938646692157,0.518
2021-06-18,0.37735842772798106,0.509
2021-06-19,0.3723744282497243,0.5
2021-06-20,0.367441231942191,0.497
2021-06-21,0.3625583275035367,0.492
2021-06-22,0.357725298317684,0.483
2021-06-23,0.37494486471380783,0.484
2021-06-24,0.3743611609155056,0.507
2021-06-25,0.4217050684050343,0.565
2021-06-26,0.3431611545506206,0.528
2021-06-27,0.3345501663741836,0.508
2021-06-28,0.3298236128309725,0.486
2021-06-29,0.32527112184199064,0.478
2021-06-30,0.32082442121720667,0.462
2021-07-01,0.3164282316610773,0.456
2021-07-02,0.31208039675826094,0.455
2021-07-03,0.30778009701110076,0.455
2021-07-04,0.4462174201648848,0.639
2021-07-05,0.4839715972849052,0.658
2021-07-06,0.4545368204254289,0.755
2021-07-07,0.34228787193418797,0.681
2021-07-08,0.29566043831596006,0.596
2021-07-09,0.289685701746556,0.554
2021-07-10,0.28347273506529436,0.548
2021-07-11,0.27922073765534394,0.508
2021-07-12,0.274390994890567,0.494
2021-07-13,0.269909043125348,0.472
2021-07-14,0.2657236417330965,0.452
2021-07-15,0.26168550085102965,0.443
2021-07-16,0.25775780941792265,0.43
2021-07-17,0.253925413331338,0.419
2021-07-18,0.25017788239501154,0.411
2021-07-19,0.24650629696215232,0.403
2021-07-20,0.24290360212211046,0.394
2021-07-21,0.23936411707511432,0.39
2021-07-22,0.23588312173154713,0.376
2021-07-23,0.23245697144800934,0.371
2021-07-24,0.22908260402950667,0.367
2021-07-25,0.22575745217110943,0.364
2021-07-26,0.2224798371081233,0.361
2021-07-27,0.3654956142187987,0.493
2021-07-28,0.28646184700967775,0.41
2021-07-29,0.3162113943206299,0.389
2021-07-30,0.2527363901459853,0.483
2021-07-31,0.2149477973948081,0.41
2021-08-01,0.20832326919074004,0.389
2021-08-02,0.2043307320714742,0.374
2021-08-03,0.20076046339091355,0.367
2021-08-04,0.19734692191509906,0.361
2021-08-05,0.36406635270039456,0.404
2021-08-06,0.36075381788233135,0.551
2021-08-07,0.37618777609545845,0.558
2021-08-08,0.2156860442219076,0.589
2021-08-09,0.19139678142639094,0.455
2021-08-10,0.18579721745599118,0.422
2021-08-11,0.18311639512704866,0.413
2021-08-12,0.17832839477848092,0.39
2021-08-13,0.17492230939363207,0.378
2021-08-14,0.17194929635907075,0.347
2021-08-15,0.202896145279445,0.377
2021-08-16,0.1699245042990348,0.376
2021-08-17,0.16524191004824587,0.394
2021-08-18,0.1619133720617202,0.38
2021-08-19,0.1590466857511396,0.379
2021-08-20,0.17934634117105605,0.37
2021-08-21,0.15661979944159163,0.382
2021-08-22,0.15224832791046075,0.364
2021-08-23,0.1496299341982483,0.354
2021-08-24,0.14723210677705664,0.35
2021-08-25,0.14486967103601417,0.346
2021-08-26,0.1425978521835382,0.342
2021-08-27,0.14040473269531423,0.337
2021-08-28,0.13822979903154334,0.334
2021-08-29,0.13611772953091633,0.33
2021-08-30,0.13405028687696008,0.334
2021-08-31,0.13202049461148008,0.328
2021-09-01,0.13002765426179258,0.318
2021-09-02,0.12806878314145748,0.317
2021-09-03,0.12614185649920084,0.318
2021-09-04,0.12424526128651665,0.315
2021-09-05,0.12237766298801384,0.311
2021-09-06,0.1205379469217963,0.305
2021-09-07,0.11872517409395389,0.31
2021-09-08,0.12768928158997184,0.305
2021-09-09,0.2769706226612253,0.359
2021-09-10,0.1691045517572586,0.337
2021-09-11,0.11519443212335977,0.326
2021-09-12,0.20939980145235976,0.35
2021-09-13,0.15522293047952568,0.344
2021-09-14,0.11314357917325243,0.337
2021-09-15,0.1086010803125436,0.316
2021-09-16,0.10621589325165473,0.308
2021-09-17,0.10414928692262897,0.302
2021-09-18,0.15297616511565218,0.315
2021-09-19,0.11407213886167195,0.319
2021-09-20,0.10117470589090034,0.302
2021-09-21,0.09851828839081031,0.297
2021-09-22,0.0965786132989811,0.291
2021-09-23,0.09479824302526493,0.29
2021-09-24,0.09318304641787432,0.291
2021-09-25,0.0915114965563769,0.292
2021-09-26,0.25845212256857775,0.305
2021-09-27,0.17140300230022304,0.358
2021-09-28,0.25882122190050105,0.371
2021-09-29,0.1814247146764381,0.443
2021-09-30,0.17536330872329162,0.38
2021-10-01,0.10002395133403649,0.361
2021-10-02,0.17177875179700258,0.389
2021-10-03,0.09827931064036245,0.363
2021-10-04,0.27585665071696636,0.426
2021-10-05,0.1578970819488543,0.618
2021-10-06,0.09842334908673883,0.515
2021-10-07,0.09124891258494135,0.478
2021-10-08,0.08700423793018439,0.452
2021-10-09,0.08391884257980597,0.44
2021-10-10,0.08112217632115284,0.385
2021-10-11,0.07875862071262126,0.389
2021-10-12,0.1261935250301993,0.414
2021-10-13,0.0790466809113618,0.441
2021-10-14,0.07488851812287803,0.426
2021-10-15,0.07273653670607752,0.409
2021-10-16,0.13704993311521754,0.41
2021-10-17,0.07504586798755014,0.436
2021-10-18,0.10267400296553167,0.395
2021-10-19,0.08088496914689383,0.447
2021-10-20,0.13601917056515175,0.441
2021-10-21,0.10073228084951247,0.425
2021-10-22,0.07092216821258096,0.425
2021-10-23,0.06702576245870252,0.415
2021-10-24,0.11673697070678873,0.396
2021-10-25,0.06876652534673576,0.394
2021-10-26,0.0647375928508506,0.406
2021-10-27,0.0707802131955644,0.406
2021-10-28,0.22465292460690972,0.445
2021-10-29,0.2686820793559768,0.599
2021-10-30,0.2155214334840625,0.757
2021-10-31,0.29053847586284126,0.951
2021-11-01,0.22485839337847624,1.045
2021-11-02,0.21321141744529662,1.056
2021-11-03,0.15256338934749847,0.984
2021-11-04,0.11929803116469621,0.881
2021-11-05,0.103012259016072,0.824
2021-11-06,0.13162870286483763,0.789
2021-11-07,0.09683921815234305,0.738
2021-11-08,0.08760705148263005,0.702
2021-11-09,0.0972505397786636,0.676
2021-11-10,0.08071824801482858,0.655
2021-11-11,0.08264530299686826,0.633
2021-11-12,0.07437881592631788,0.625
2021-11-13,0.06954200985500572,0.597
2021-11-14,0.06660762438164204,0.577
2021-11-15,0.06459303310729422,0.566
2021-11-16,0.06267537268926938,0.556
2021-11-17,0.06089716655541557,0.541
2021-11-18,0.05956340250154576,0.531
2021-11-19,0.058461656910554494,0.523
2021-11-20,0.08364918439006874,0.522
2021-11-21,0.05884100528241345,0.524
2021-11-22,0.056823963568746215,0.505
2021-11-23,0.05585915100554233,0.497
2021-11-24,0.11417320819012743,0.521
2021-11-25,0.18721852518115298,0.513
2021-11-26,0.09540867161490231,0.606
2021-11-27,0.06493559580873741,0.515
2021-11-28,0.12735634888560088,0.521
2021-11-29,0.10800738354461185,0.524
2021-11-30,0.413551775063973,0.816
2021-12-01,0.45345325357740196,1.558
2021-12-02,0.35157382620985794,1.399
2021-12-03,0.28337908298324516,1.276
2021-12-04,0.3878843181945729,1.325
2021-12-05,0.2190559926913361,1.191
2021-12-06,0.23893119101060195,1.174
2021-12-07,0.5630192287390927,1.273
2021-12-08,0.6938105161180477,1.484
2021-12-09,0.7379012427735668,1.885
2021-12-10,0.43276054958754145,2.05
2021-12-11,0.4169669483661039,1.936
2021-12-12,0.3210587000668497,1.743
2021-12-13,0.6227719486886835,1.756
2021-12-14,0.3457879596747885,1.612
2021-12-15,0.2870792743819822,1.518
2021-12-16,0.24933873420224179,1.427
2021-12-17,0.2205364268054702,1.34
2021-12-18,0.19822812943531143,1.267
2021-12-19,0.1840110031271,1.198
2021-12-20,0.16701688068411863,1.142
2021-12-21,0.155951117928978,1.102
2021-12-22,0.2607522874587626,1.098
2021-12-23,0.1762966562835759,1.063
2021-12-24,0.5089592844937222,1.074
2021-12-25,0.6560500752277248,1.329
2021-12-26,0.3659125493517267,1.391
2021-12-27,0.8027997930636246,1.41
2021-12-28,0.6599054138591585,1.788
2021-12-29,0.5541188374070216,1.75
2021-12-30,0.659294748206076,1.792
2021-12-31,0.44410337977462067,1.695
2022-01-01,0.3845471605379284,1.629
2022-01-02,0.44739683133621855,1.552
2022-01-03,0.3861131174050839,1.455
2022-01-04,0.5210463662309068,1.376
2022-01-05,0.3601336142449598,1.302
2022-01-06,0.4264921293267273,1.241
2022-01-07,0.4034956502737368,1.178
2022-01-08,0.5466199486104869,1.217
2022-01-09,0.3714694034310539,1.126
2022-01-10,0.42566586961556707,1.089
2022-01-11,0.33898701807444837,1.055
2022-01-12,0.31229503704892414,1.017
2022-01-13,0.29223375476894026,0.995
2022-01-14,0.27500638365564684,0.98
2022-01-15,0.2755034933244279,0.967
2022-01-16,0.27634003779188604,0.945
2022-01-17,0.2563674626011073,0.91
2022-01-18,0.2639368973475994,0.891
2022-01-19,0.24948680789629302,0.876
2022-01-20,0.24257396805971476,0.843
2022-01-21,0.23901508241933248,0.826
2022-01-22,0.23651243643449413,0.807
2022-01-23,0.2347245086418006,0.795
2022-01-24,0.23348465509457264,0.778
2022-01-25,0.23265503848700975,0.762
2022-01-26,0.2806833462957574,0.75
2022-01-27,0.2429957254366268,0.745
2022-01-28,0.2389859036246114,0.724
2022-01-29,0.23766971361127684,0.713
2022-01-30,0.3065554682203691,0.702
2022-01-31,0.3110399768143893,0.709
2022-02-01,0.2589556123518549,0.719
2022-02-02,0.2512256163987186,0.71
2022-02-03,0.5164027968858702,0.773
2022-02-04,0.33739376445232167,0.796
2022-02-05,0.7097240116610176,0.757
2022-02-06,0.5028575564340033,0.819
2022-02-07,0.40094029034438017,0.78
2022-02-08,0.4020921182311962,0.788
2022-02-09,0.35492045933084987,0.793
2022-02-10,0.5637422343119286,0.812
2022-02-11,0.3893349506381203,0.891
2022-02-12,0.4429170921173467,0.833
2022-02-13,0.8474228432579285,0.86
2022-02-14,1.0082602856357645,1.708
2022-02-15,0.609550537937396,1.501
2022-02-16,0.8514104856593251,1.629
2022-02-17,1.1280924886093116,1.63
2022-02-18,0.9535703568622317,1.922
2022-02-19,1.1986398985104387,2.016
2022-02-20,1.3085620183005466,2.397
2022-02-21,1.01565931809679,2.28
2022-02-22,0.8068260383639311,2.157
2022-02-23,0.854354131675118,1.928
2022-02-24,0.6815881084302214,1.761
2022-02-25,0.6024449428132673,1.585
2022-02-26,0.547910202988464,1.484
2022-02-27,0.5315000273799175,1.404
2022-02-28,0.8227394269134573,1.481
2022-03-01,0.5794583325890699,1.332
2022-03-02,0.6358096710060652,1.314
2022-03-03,0.8296285517106954,1.383
2022-03-04,0.5953650338485218,1.306
2022-03-05,0.5390928604035085,1.279
2022-03-06,0.5025165250259298,1.262
2022-03-07,0.47589807962966757,1.242
2022-03-08,0.4554031223705756,1.206
2022-03-09,0.43918873940360753,1.159
2022-03-10,0.4267080287743755,1.127
2022-03-11,0.49299458873504753,1.133
2022-03-12,0.44591882767222557,1.074
2022-03-13,0.4211423641478351,1.049
2022-03-14,0.4128669358990655,1.004
2022-03-15,0.4070686359539119,0.967
2022-03-16,0.42036003594574006,0.95
2022-03-17,0.40371959544395286,0.932
2022-03-18,0.3992597156367574,0.912
2022-03-19,0.39668240870651017,0.89
2022-03-20,0.3946967300900552,0.872
2022-03-21,0.3931056845209395,0.859
2022-03-22,0.39179532164053893,0.846
2022-03-23,0.3906787111006491,0.824
2022-03-24,0.38968988484766626,0.798
2022-03-25,0.3887760044406723,0.776
2022-03-26,0.3878960111435396,0.759
2022-03-27,0.38701827457669113,0.744
2022-03-28,0.3861189677195746,0.728
2022-03-29,0.3852342238108744,0.716
2022-03-30,0.430905741986266,0.717
2022-03-31,0.3861746043412953,0.72
2022-04-01,0.38272243962970015,0.707
2022-04-02,0.3811592658086318,0.69
2022-04-03,0.5333676789215702,0.743
2022-04-04,0.43633842111535237,0.83
2022-04-05,0.3830077012322218,0.74
2022-04-06,0.3817799997834285,0.696
2022-04-07,0.37643692597471995,0.685
2022-04-08,0.3739187530092628,0.671
2022-04-09,0.37174587908866785,0.656
2022-04-10,0.369627499478554,0.636
2022-04-11,0.3754362935518889,0.63
2022-04-12,0.3669328822223522,0.639
2022-04-13,0.36374479995547443,0.636
2022-04-14,0.36141174214330946,0.625
2022-04-15,0.3591117347361335,0.61
2022-04-16,0.356789895084648,0.594
2022-04-17,0.35455014655777467,0.583
2022-04-18,0.3520973542206377,0.573
2022-04-19,0.34964784829798046,0.563
2022-04-20,0.34719892412037895,0.559
2022-04-21,0.34474317757108236,0.558
2022-04-22,0.3422092549760321,0.552
2022-04-23,0.3396647307405683,0.545
2022-04-24,0.3370909459312945,0.537
2022-04-25,0.3344880610846925,0.531
2022-04-26,0.3318574605033669,0.526
2022-04-27,0.3292006944242893,0.52
2022-04-28,0.32651938492174964,0.515
2022-04-29,0.3238151951822198,0.509
2022-04-30,0.3380529632595318,0.505
2022-05-01,0.3194002400901232,0.506
2022-05-02,0.3156483757593617,0.505
2022-05-03,0.392189938247944,0.506
2022-05-04,0.31476667215029264,0.527
2022-05-05,0.3074943686410534,0.496
2022-05-06,0.30624779158152704,0.497
2022-05-07,0.3016495171667906,0.487
2022-05-08,0.29872627020975345,0.48
2022-05-09,0.29591972437368447,0.472
2022-05-10,0.30011648641454786,0.466
2022-05-11,0.290601668094015,0.463
2022-05-12,0.287342258392096,0.453
2022-05-13,0.2844641107934054,0.437
2022-05-14,0.2816068951074939,0.43
2022-05-15,0.28251622179166763,0.429
2022-05-16,0.2763482830210335,0.449
2022-05-17,0.27324260181425963,0.443
2022-05-18,0.270331961960724,0.426
2022-05-19,0.26744364003823345,0.412
2022-05-20,0.26458612638831175,0.402
2022-05-21,0.2617401857831458,0.394
2022-05-22,0.25890474345918224,0.39
2022-05-23,0.25607996684334283,0.386
2022-05-24,0.25326617568949955,0.377
2022-05-25,0.25046375355010986,0.371
2022-05-26,0.25708837062753864,0.387
2022-05-27,0.24541460686513245,0.368
2022-05-28,0.2904233907572454,0.369
2022-05-29,0.24231002061944446,0.397
2022-05-30,0.29266581085623733,0.406
2022-05-31,0.3108149833343304,0.402
2022-06-01,0.23688164683010704,0.411
2022-06-02,0.3815237762755226,0.427
2022-06-03,0.23695490465913024,0.472
2022-06-04,0.24921562750619858,0.394
2022-06-05,0.2656526277926532,0.429
2022-06-06,0.22401262266059277,0.403
2022-06-07,0.23255404966169047,0.397
2022-06-08,0.21657008034810385,0.385
2022-06-09,0.21294127442189767,0.369
2022-06-10,0.20972811658719256,0.352
2022-06-11,0.206836622346308,0.348
2022-06-12,0.20407943887501392,0.357
2022-06-13,0.20133818199383574,0.363
2022-06-14,0.1986912948924573,0.355
2022-06-15,0.1961015897059967,0.346
2022-06-16,0.19356087223058627,0.338
2022-06-17,0.19107070984408245,0.333
2022-06-18,0.18860396816803396,0.332
2022-06-19,0.18617868465352608,0.328
2022-06-20,0.18378541956308062,0.37
2022-06-21,0.18142152690296576,0.35
2022-06-22,0.179085157932534,0.332
2022-06-23,0.26202682279349016,0.374
2022-06-24,0.17955717304940275,0.342
2022-06-25,0.17256937221978483,0.323
2022-06-26,0.23059047770281133,0.331
2022-06-27,0.17221604460975065,0.337
2022-06-28,0.16664252726139353,0.323
2022-06-29,0.1653795416939728,0.326
2022-06-30,0.18444160429918563,0.319
2022-07-01,0.16180933169746342,0.302
2022-07-02,0.15812032091491277,0.303
2022-07-03,0.15570999485894235,0.325
2022-07-04,0.1535801902552492,0.315
2022-07-05,0.15149788378192258,0.312
2022-07-06,0.14932730496308205,0.304
2022-07-07,0.14719866346925528,0.298
2022-07-08,0.14516521788471962,0.297
2022-07-09,0.14316701685663644,0.299
2022-07-10,0.1411984226276943,0.298
2022-07-11,0.1392572934438465,0.285
2022-07-12,0.1373421118621832,0.284
2022-07-13,0.1354516637866408,0.277
2022-07-14,0.13358496460427643,0.273
2022-07-15,0.13174121151017185,0.277
2022-07-16,0.12991974612070678,0.281
2022-07-17,0.12812002465330785,0.274
2022-07-18,0.1263415941167595,0.276
2022-07-19,0.12458407330602425,0.272
2022-07-20,0.12284713763917199,0.266
2022-07-21,0.12113050706668195,0.26
2022-07-22,0.12629703836145942,0.275
2022-07-23,0.11818386625363417,0.279
2022-07-24,0.13311080449650137,0.278
2022-07-25,0.20688211090656172,0.278
2022-07-26,0.11807144043202135,0.278
2022-07-27,0.11155940531415456,0.277
2022-07-28,0.10968282070274707,0.271
2022-07-29,0.1081045023781584,0.269
2022-07-30,0.19580502112420833,0.268
2022-07-31,0.11007493695421687,0.271
2022-08-01,0.2682668544585587,0.271
2022-08-02,0.11271541889900513,0.311
2022-08-03,0.10219803081780653,0.274
2022-08-04,0.10535416916211261,0.266
2022-08-05,0.09897770353815649,0.28
2022-08-06,0.09713510491429171,0.262
2022-08-07,0.09557717458120349,0.254
2022-08-08,0.0940787560199684,0.245
2022-08-09,0.09262303944932922,0.24
2022-08-10,0.09120437684711204,0.24
2022-08-11,0.08981855420666046,0.242
2022-08-12,0.08846219994667008,0.24
2022-08-13,0.08713259067447314,0.238
2022-08-14,0.08582995977388422,0.238
2022-08-15,0.0845624085800293,0.236
2022-08-16,0.0833649168039865,0.235
2022-08-17,0.08204828943275089,0.233
2022-08-18,0.0808234025722533,0.22
2022-08-19,0.07961788859818937,0.226
2022-08-20,0.07843178837563841,0.229
2022-08-21,0.07726282435415072,0.233
2022-08-22,0.0771470167723605,0.244
2022-08-23,0.07503854000286496,0.236
2022-08-24,0.07385754937737227,0.235
2022-08-25,0.07274867066285533,0.232
2022-08-26,0.07165846324231752,0.227
2022-08-27,0.07058336638798193,0.222
2022-08-28,0.06952294114633273,0.222
2022-08-29,0.06847695938087063,0.226
2022-08-30,0.0674452194994832,0.222
2022-08-31,0.06642753236206796,0.218
2022-09-01,0.06542371830374283,0.22
2022-09-02,0.06443360527750708,0.22
2022-09-03,0.06345702740888154,0.215
2022-09-04,0.06249382384972562,0.219
2022-09-05,0.06154383786917109,0.218
2022-09-06,0.06060691613378809,0.214
2022-09-07,0.08944503773419288,0.223
2022-09-08,0.21597988948626928,0.3
2022-09-09,0.12099403205792789,0.245
2022-09-10,0.060923935220869765,0.233
2022-09-11,0.14534640946837468,0.247
2022-09-12,0.06219234973047466,0.252
2022-09-13,0.05610616199421866,0.237
2022-09-14,0.054738887098825274,0.228
2022-09-15,0.06634488567969457,0.218
2022-09-16,0.05340561975755306,0.218
2022-09-17,0.051885167135184866,0.217
2022-09-18,0.1602535905510818,0.257
2022-09-19,0.058424917313950636,0.292
2022-09-20,0.051172377073308885,0.232
2022-09-21,0.049700505773024324,0.213
2022-09-22,0.13708395125883108,0.232
2022-09-23,0.08784400777891183,0.226
2022-09-24,0.051036771910825625,0.225
2022-09-25,0.11547037179510074,0.226
2022-09-26,0.22654446661035624,0.264
2022-09-27,0.24004355778298145,0.39
2022-09-28,0.25907096918465883,0.401
2022-09-29,0.10908345694384292,0.338
2022-09-30,0.17585797027965286,0.348
2022-10-01,0.07069151420743053,0.29
2022-10-02,0.06038568822539432,0.267
2022-10-03,0.05606970647692331,0.258
2022-10-04,0.2265269731991426,0.263
2022-10-05,0.1250320936073056,0.43
2022-10-06,0.06071622996147858,0.308
2022-10-07,0.19601811973548644,0.366
2022-10-08,0.06769202989253019,0.326
2022-10-09,0.08902367623674438,0.316
2022-10-10,0.05788187806413884,0.314
2022-10-11,0.05338789047891057,0.308
2022-10-12,0.07552464106538014,0.307
2022-10-13,0.05025463665354837,0.301
2022-10-14,0.09075185072037166,0.289
2022-10-15,0.12629017637542805,0.3
2022-10-16,0.054687680657883035,0.302
2022-10-17,0.04720995943205799,0.28
2022-10-18,0.04478767262268246,0.271
2022-10-19,0.043168126393417404,0.269
2022-10-20,0.04168257257292058,0.268
2022-10-21,0.0835205585914243,0.269
2022-10-22,0.08917224175865533,0.271
2022-10-23,0.043620684277532525,0.271
2022-10-24,0.04020634207631992,0.274
2022-10-25,0.039168615547434754,0.271
2022-10-26,0.038048128953625374,0.271
2022-10-27,0.07867543333872742,0.271
2022-10-28,0.0987845554820893,0.277
2022-10-29,0.048406720208696345,0.336
2022-10-30,0.040614869389260885,0.328
2022-10-31,0.19815047286458948,0.361
2022-11-01,0.25129645475902357,0.566
2022-11-02,0.2623435065325031,0.785
2022-11-03,0.1193093047154714,0.761
2022-11-04,0.10373202676558216,0.658
2022-11-05,0.11750426915209557,0.615
2022-11-06,0.13593234815130362,0.594
2022-11-07,0.1563002040657848,0.559
2022-11-08,0.1555574034667437,0.555
2022-11-09,0.09537719794879773,0.518
2022-11-10,0.08201750010606304,0.497
2022-11-11,0.07341292402782464,0.477
2022-11-12,0.06654852963902409,0.466
2022-11-13,0.06104225769159608,0.455
2022-11-14,0.1228163454934303,0.453
2022-11-15,0.12630575668560512,0.566
2022-11-16,0.14600571786833424,0.49
2022-11-17,0.66420510198141,1.585
2022-11-18,0.682653708729013,4.167
2022-11-19,0.5577981205096338,2.871
2022-11-20,0.5780759502129909,2.181
2022-11-21,0.8795321843897006,2.195
2022-11-22,0.695163696762766,2.003
2022-11-23,0.5979471073460031,1.878
2022-11-24,0.7990030050907024,1.841
2022-11-25,0.4323447307782303,1.65
2022-11-26,0.37555513631037535,1.576
2022-11-27,0.38362370671133267,1.461
2022-11-28,0.293323600261667,1.324
2022-11-29,0.2556352888690814,1.198
2022-11-30,0.22326606264549645,1.129
2022-12-01,0.2004931915446278,1.064
2022-12-02,0.18221961242412035,1.003
2022-12-03,0.20238436392073014,0.961
2022-12-04,0.17554764901944345,0.939
2022-12-05,0.16137011675682988,0.926
2022-12-06,0.15310822103508356,0.914
2022-12-07,0.14642698702712886,0.901
2022-12-08,0.14268440508598088,0.885
2022-12-09,0.5376460234203767,0.87
2022-12-10,0.651688120398989,0.863
2022-12-11,0.34386565961348037,0.853
2022-12-12,0.2903530788273531,0.837
2022-12-13,0.2597163708391633,0.821
2022-12-14,0.23900867766021192,0.803
2022-12-15,0.21942887546331497,0.785
2022-12-16,0.24238528963416844,0.769
2022-12-17,0.30611606570126854,0.759
2022-12-18,0.2883355162597836,0.754
2022-12-19,0.24245470181398657,0.791
2022-12-20,0.5039109143949535,0.856
2022-12-21,0.29748872098595525,0.896
2022-12-22,0.29016048360172036,0.884
2022-12-23,0.7088844353274119,1.127
2022-12-24,0.39112093225826355,1.092
2022-12-25,0.6396387719009616,1.146
2022-12-26,0.4074308132935358,1.128
2022-12-27,0.4683605873746207,1.135
2022-12-28,0.6782289272686166,1.215
2022-12-29,0.42972352035224565,1.176
2022-12-30,0.9925889746674657,1.254
2022-12-31,1.0802330532183904,1.529
2023-01-01,1.0288950903851177,1.797
2023-01-02,0.7249927551912134,1.845
2023-01-03,0.6807382526147256,1.835
2023-01-04,0.5534795165206591,1.671
2023-01-05,0.6500810729608488,1.583
2023-01-06,0.853410826762805,1.534
2023-01-07,0.6748285046831528,1.577
2023-01-08,0.7321349131555356,1.515
2023-01-09,0.7249458921680716,1.45
2023-01-10,0.6793702901887718,1.525
2023-01-11,0.9495112180848646,1.524
2023-01-12,0.7012515098952173,1.522
2023-01-13,0.7471731614754221,1.466
2023-01-14,0.6438004071236371,1.493
2023-01-15,0.8186492262742816,1.494
2023-01-16,0.8236640771550828,1.471
2023-01-17,1.2616932852673226,1.468
2023-01-18,1.38630649260718,1.498
2023-01-19,1.0772801506922711,1.451
2023-01-20,0.8237582115825642,1.549
2023-01-21,0.7247360779840327,1.524
2023-01-22,0.6512130046913646,1.669
2023-01-23,0.596363872833084,1.917
2023-01-24,0.5537934251428043,1.958
2023-01-25,0.6297608496520105,1.948
2023-01-26,0.5382479845355009,1.763
2023-01-27,0.5054318995916577,1.641
2023-01-28,0.5068735225572413,1.549
2023-01-29,0.4813320856517052,1.471
2023-01-30,0.4634598882650454,1.377
2023-01-31,0.4528775428487759,1.297
2023-02-01,0.44815399589384536,1.234
2023-02-02,0.4398114970601027,1.182
2023-02-03,0.435299088945301,1.138
2023-02-04,0.4563165343933034,1.102
2023-02-05,0.44046515123200186,1.059
2023-02-06,0.4357830157978573,1.022
2023-02-07,0.43456011305858383,0.995
2023-02-08,0.4423625870218179,0.971
2023-02-09,0.4350149329480327,0.952
2023-02-10,0.4332901760380581,0.938
2023-02-11,0.4322751282226611,0.924
2023-02-12,0.4315741649575858,0.901
2023-02-13,0.4313833554009795,0.88
2023-02-14,0.4307716834949157,0.864
2023-02-15,0.43869449885089296,0.846
2023-02-16,0.4316877706606356,0.831
2023-02-17,0.43082491860925826,0.822
2023-02-18,0.429736039899287,0.811
2023-02-19,0.42885677408067546,0.802
2023-02-20,0.42800197491396097,0.793
2023-02-21,0.4370957858071213,0.776
2023-02-22,0.44743810059588635,0.74
2023-02-23,0.44114480992957916,0.712
2023-02-24,0.42635793290990315,0.709
2023-02-25,0.42391677418941504,0.702
2023-02-26,0.4222606248949752,0.693
2023-02-27,0.4207456901398323,0.685
2023-02-28,0.419137899841377,0.679
2023-03-01,0.4176016746874142,0.671
2023-03-02,0.415504193097843,0.665
2023-03-03,0.4136227768770138,0.658
2023-03-04,0.4116963533646602,0.651
2023-03-05,0.541726096219887,0.669
2023-03-06,0.4420871757344241,0.785
2023-03-07,0.4101754531698264,0.768
2023-03-08,0.48861028067864076,0.75
2023-03-09,0.6718038794971994,0.747
2023-03-10,0.6064683526053167,0.758
2023-03-11,0.9320501002814056,0.92
2023-03-12,0.7423975408960142,1.92
2023-03-13,1.3850268102359466,2.107
2023-03-14,0.9710622388961659,2.174
2023-03-15,0.8191949188913706,2.002
2023-03-16,0.7722224194922952,1.773
2023-03-17,0.7429531456078194,1.604
2023-03-18,1.0345612846746461,1.567
2023-03-19,0.8491824368004678,1.505
2023-03-20,0.7136127876178915,1.456
2023-03-21,0.6560732402360309,1.424
2023-03-22,0.7097788106635126,1.391
2023-03-23,0.6187907016018049,1.333
2023-03-24,0.5792203928408072,1.255
2023-03-25,0.5477951944803272,1.176
2023-03-26,0.5208062960501282,1.148
2023-03-27,0.500366800568592,1.112
2023-03-28,0.5039765353490203,1.09
2023-03-29,0.6605207396439209,1.105
2023-03-30,0.7264396680655159,1.104
2023-03-31,0.6932465742408274,1.147
2023-04-01,0.5734724382432684,1.078
2023-04-02,0.5405441630416051,1.01
2023-04-03,0.5144077809700145,0.989
2023-04-04,0.49757312543514404,0.977
2023-04-05,0.5257472104284645,0.981
2023-04-06,0.4818974171641484,0.975
2023-04-07,0.46602970132805493,0.948
2023-04-08,0.4553257335676612,0.929
2023-04-09,0.4507920100658349,0.92
2023-04-10,0.5068273025932256,0.949
2023-04-11,0.5100441954967804,0.938
2023-04-12,0.5504205828250666,0.952
2023-04-13,0.4724596257037046,0.934
2023-04-14,0.5576895574099565,0.926
2023-04-15,0.5160039473965117,0.913
2023-04-16,0.49308312045484065,0.905
2023-04-17,0.4599883593671236,0.893
2023-04-18,0.4474504120334609,0.88
2023-04-19,0.438045231532586,0.868
2023-04-20,0.42994507313811864,0.855
2023-04-21,0.4232615419944451,0.843
2023-04-22,0.41777608159122076,0.834
2023-04-23,0.4126385772775445,0.824
2023-04-24,0.4078333129339622,0.814
2023-04-25,0.40375812431547653,0.801
2023-04-26,0.40005796284559,0.79
2023-04-27,0.39673817629759933,0.779
2023-04-28,0.3934419296990576,0.77
2023-04-29,0.4189095150044797,0.761
2023-04-30,0.40030417709995625,0.757
2023-05-01,0.3858833865637232,0.751
2023-05-02,0.38222315945247365,0.741
2023-05-03,0.379254877996396,0.73
2023-05-04,0.37643607803157725,0.718
2023-05-05,0.37358369591295293,0.709
2023-05-06,0.37066928532622256,0.7
2023-05-07,0.4908629735009963,0.691
2023-05-08,0.37746678676216033,0.764
2023-05-09,0.36379295596334194,0.747
2023-05-10,0.3760711838731307,0.73
2023-05-11,0.4622443825853319,0.72
2023-05-12,0.3620737961574434,0.711
2023-05-13,0.35335936856961714,0.696
2023-05-14,0.3498827471084791,0.68
2023-05-15,0.34636318166959046,0.666
2023-05-16,0.3431097789268263,0.654
2023-05-17,0.33990416355989356,0.64
2023-05-18,0.33709503138197167,0.627
2023-05-19,0.33361623705036486,0.615
2023-05-20,0.3304733420157867,0.602
2023-05-21,0.32736255870436465,0.585
2023-05-22,0.32426260621461167,0.573
2023-05-23,0.3211698603375391,0.561
2023-05-24,0.3180823977279138,0.547
2023-05-25,0.3149989980782153,0.538
2023-05-26,0.31191892974784313,0.528
2023-05-27,0.30884185162402966,0.517
2023-05-28,0.3057677232444924,0.505
2023-05-29,0.3026967351499833,0.503
2023-05-30,0.29962925354007375,0.504
2023-05-31,0.2965657762783243,0.496
2023-06-01,0.29350689796561785,0.489
2023-06-02,0.2904532822606299,0.482
2023-06-03,0.28740563999096275,0.474
2023-06-04,0.2843647118899543,0.468
2023-06-05,0.2813312550273412,0.461
2023-06-06,0.27830603218848804,0.455
2023-06-07,0.2752898036061174,0.449
2023-06-08,0.27228332056784793,0.444
2023-06-09,0.2692873205183426,0.438
2023-06-10,0.2663025233512611,0.433
2023-06-11,0.26332962864732257,0.43
2023-06-12,0.2752374470005157,0.43
2023-06-13,0.25814001976071527,0.43
2023-06-14,0.25452380212560594,0.425
2023-06-15,0.251571983409667,0.418
2023-06-16,0.248666635642998,0.413
2023-06-17,0.24577843835775323,0.408
2023-06-18,0.3603111368586656,0.406
2023-06-19,0.24672689022270633,0.406
2023-06-20,0.2376125715468762,0.406
2023-06-21,0.23441521731530046,0.405
2023-06-22,0.23159074300155782,0.401
2023-06-23,0.22880512196150646,0.398
2023-06-24,0.2260394793555919,0.396
2023-06-25,0.22329304125347255,0.391
2023-06-26,0.2205660789002643,0.39
2023-06-27,0.21785890647781697,0.386
2023-06-28,0.21517182179205263,0.386
2023-06-29,0.21250510327435318,0.388
2023-06-30,0.20985901038024277,0.382
2023-07-01,0.20723378418755165,0.38
2023-07-02,0.20462964799771519,0.372
2023-07-03,0.2786914863253795,0.369
2023-07-04,0.2036807165429218,0.368
2023-07-05,0.19719370461796493,0.374
2023-07-06,0.1944445149923464,0.371
2023-07-07,0.1919328378163455,0.367
2023-07-08,0.35075939742886586,0.368
2023-07-09,0.2939861984252695,0.37
2023-07-10,0.29604029817762595,0.37
2023-07-11,0.2633669118520988,0.37
2023-07-12,0.1889797715048051,0.37
2023-07-13,0.1814523429789295,0.367
